Time,r-biceps,l-biceps,r-lats,l-lats,r-quat,l-quat,r-hamstring,l-hamstring,L1,L2,L3,L4,L5,L6,L7,L8,L9,L10,L11,L12,L13,L14,L15,L16,L17,L18,R1,R2,R3,R4,R5,R6,R7,R8,R9,R10,R11,R12,R13,R14,R15,R16,R17,R18
0,0.5287219165206896,0.1252056599999996,0.3925872102835387,0.4051546594684383,2.3316853824108734,1.8686945447652084,2.198729387560016,2.6414438505314384,4227.735783266923,2705.2713246705307,5957.124878166562,1621.521753291409,0.0,1612.008801168717,1287.6624432172762,0.0,6525.983585201737,2077.678904766352,0.0,250.6655043028321,755.6425428977308,0.0,748.8593803962857,2301.0691355359854,640.2952756726104,0.0,0.0,0.0,2144.2304500555497,0.0,0.0,0.0,0.0,0.0,1786.302201763326,0.0,0.0,0.0,0.0,0.0,0.0,0.0,0.0,0.0
1,0.5178401653156149,0.1252056599999996,0.4248911103085357,0.5159679080531562,2.7531804119748684,2.033159579474798,2.113910902948726,2.853592066186913,4533.841410456461,2157.045263801396,6161.631254118577,1751.8098826322637,0.0,1696.1309803638703,1497.5028956986412,0.0,6687.313440952574,2173.378909492133,0.0,322.67781462056865,831.1402723001419,0.0,776.0089101948712,2381.43288917764,663.052892037683,0.0,0.0,0.0,2100.7127155030994,0.0,0.0,0.0,0.0,0.0,1704.6646930945938,0.0,0.0,0.0,0.0,0.0,0.0,0.0,0.0,0.0
2,0.5033345201532146,0.1252056599999996,0.4427408502622619,0.6195010229360965,3.0571302178276367,2.101189589363303,2.0529257517772166,3.015255276654292,4820.521226733455,1539.9714160631684,6371.550124457971,1891.7237069477385,0.0,1771.0847601231385,1711.500431759181,0.0,6858.051971779214,2286.6576354547096,0.0,410.2978450382205,914.5479187138442,0.0,835.2416380235278,2505.634188533422,700.6950258516125,0.0,0.0,0.0,2064.7406866251386,0.0,0.0,0.0,0.0,0.0,1662.6796220130946,0.0,0.0,0.0,0.0,0.0,0.0,0.0,0.0,0.0
3,0.4614101166309732,0.1194662369555325,0.4370344029453095,0.6603571243899838,3.264559864523383,2.0714170843255872,1.947596086212116,3.0602021352872493,4039.108423404284,991.4381955440784,6406.529812448522,1973.051393823532,0.0,1499.0713835734864,1526.9644803896667,0.0,6969.945078573534,2534.3562291617927,0.0,526.5741510661875,930.4223213308796,0.0,1230.2930766618167,2968.8695794632927,806.6787025147185,0.0,0.0,0.0,1993.8295374829304,0.0,0.0,0.0,0.0,0.0,1579.9287619097918,0.0,0.0,0.0,0.0,0.0,0.0,0.0,0.0,0.0
4,0.3890530822724252,0.0989009808637872,0.4539115831049433,0.6604908480000017,3.563600639284734,1.9558555365917567,1.7153083279288666,2.948786388759821,3185.0,729.0,6353.0,1992.0,0.0,1212.0,1265.0,0.0,7005.0,2721.0,0.0,600.0,911.0,0.0,1578.0,3354.0,891.0,0.0,0.0,0.0,1942.3283163550611,0.0,0.0,0.0,0.0,0.0,1501.8170281539497,0.0,0.0,0.0,0.0,0.0,0.0,0.0,0.0,0.0
5,0.3218150953488373,0.0789346297674418,0.5113374827960125,0.6604908480000017,3.934554814764117,1.8502225782352175,1.4939044091242548,2.7063170941714287,3124.2779698033514,1017.7736618994732,6126.178668484392,1907.4124741065,0.0,1147.8582008699188,1293.171546352107,0.0,6821.259590757445,2618.1562160892986,0.0,654.4976424233905,1035.8638293267295,0.0,1593.79565764277,3462.1090031249582,977.4329761743238,0.0,0.0,0.0,1823.3206008727352,0.0,0.0,0.0,0.0,0.0,1291.5582452893395,0.0,0.0,0.0,0.0,0.0,0.0,0.0,0.0,0.0
6,0.2635081974817275,0.0583443301993355,0.5750428093820594,0.6564984624894811,4.235729883811737,1.720600595545959,1.295517963036548,2.4096479199977847,3433.108659593488,1895.41652051464,5403.989809071312,1516.112057154058,0.0,1126.6032796671568,1503.144766619411,0.0,6152.779340023452,2070.131084100432,0.0,760.9637145673196,1372.5085244374516,0.0,1424.4529802047284,3540.903771154548,1161.113701981685,0.0,0.0,0.0,1790.768642704035,0.0,0.0,0.0,0.0,0.0,1253.0661857129844,0.0,0.0,0.0,0.0,0.0,0.0,0.0,0.0,0.0
7,0.2159776342500994,0.0461646748178073,0.6503767050498328,0.5811474516733558,4.377081491897142,1.5919098749796683,1.0854347478051871,2.029423465916012,4785.439468103105,2668.2700425309176,5215.894850879029,1275.776972920189,0.0,1567.4656981158505,1924.295803406682,0.0,5845.521724530816,1605.886392954599,0.0,649.1441757846274,1395.0214899623256,0.0,847.1794006718251,2882.994394168669,929.0682861158546,0.0,0.0,0.0,1751.7186494773528,0.0,0.0,0.0,0.0,0.0,1206.904218172583,0.0,0.0,0.0,0.0,0.0,0.0,0.0,0.0,0.0
8,0.1691429334984721,0.067091552372093,0.7274891416975394,0.4714768813156143,4.437943427409968,1.5098605603367454,0.880202453487312,1.6237694829312963,5986.911601340186,3351.086232941396,5076.974090504429,1088.9152915180896,0.0,1958.4462348262596,2292.173751618316,0.0,5609.064663046087,1224.6404392833738,0.0,546.5247110759061,1400.2193289845516,0.0,334.67385719874784,2278.8144692216865,702.2200573545986,0.0,0.0,0.0,1714.338493873399,0.0,0.0,0.0,0.0,0.0,1168.1187335330956,0.0,0.0,0.0,0.0,0.0,0.0,0.0,0.0,0.0
9,0.1539786485280363,0.0961253494281645,0.8116659939651475,0.3628579544850495,4.440777964758832,1.4647990492787322,0.7583205555234955,1.2383087042001495,6103.48476448167,3369.739291201376,4969.589014248582,1039.325319245318,0.0,1933.3941491849923,2292.0828807412977,0.0,5553.013757530352,1108.3826613998222,0.0,541.7880898809861,1375.1697274474773,0.0,249.95731678499703,2138.516008364212,623.1084149706402,0.0,0.0,0.0,1659.707699188041,0.0,0.0,0.0,0.0,0.0,1141.7320214343897,0.0,0.0,0.0,0.0,0.0,0.0,0.0,0.0,0.0
10,0.1836022947906981,0.1423678025097294,0.8709438136117678,0.2630163146710961,4.292758680429996,1.4687212408391086,0.8050584439477962,0.9579877534997614,6103.634273041582,3344.9897762965275,4929.584196854073,1014.3169253387324,0.0,1913.199576140788,2282.015635695375,0.0,5519.439911291076,1067.8955125992836,0.0,536.3285940507709,1366.570769412864,0.0,236.3282260084099,2110.399717925557,606.0964176296527,0.0,0.0,0.0,1637.6227883507242,0.0,0.0,0.0,0.0,0.0,1124.1648641644604,0.0,0.0,0.0,0.0,0.0,0.0,0.0,0.0,0.0
11,0.2151607607088328,0.215582228013289,0.8957558431314468,0.1587860313488371,4.035997250156582,1.4820290014665587,0.8869784939492297,0.7735157159202636,5906.676206572145,2753.669036143439,4213.57344851384,519.0027938050664,0.0,1528.4722819170297,2060.5504362402,0.0,4817.840286842438,362.08989866374026,0.0,401.9568981815572,1204.0845561880444,0.0,51.351332496848485,1700.9519211314694,363.3419114458249,0.0,157.34085643482138,0.0,1297.5889957721165,0.0,0.0,0.0,0.0,0.0,949.015390917226,0.0,0.0,0.0,0.0,0.0,0.0,445.7687506992799,0.0,0.0
12,0.245610005621263,0.3024144392292358,0.916038255297578,0.0426078702337445,3.768123399526812,1.489449166005221,0.9728596923103974,0.5853465801734691,4604.693004278388,1558.5516890080532,3461.1621339126323,121.68509574363992,0.0,937.0067540389628,1454.7733372582572,0.0,4025.1026509184194,52.99667186888454,0.0,247.06263419814064,828.2573176932334,0.0,0.0,1429.1214425088558,200.27422319117449,0.0,526.6446213474507,8.818315088053307,2760.195974853162,190.9586843669921,0.0,0.0,0.0,0.0,2702.48180135909,367.9174400796672,0.0,0.0,0.0,0.0,135.0058766736258,1074.1987771339575,0.0,0.0
13,0.2724160572134556,0.3822451969709297,0.9254410940481717,7.143832475066876e-05,3.621437720130398,1.4753783631079715,1.063349751186881,0.4594063098363785,2782.428671741413,744.451846333434,2238.0311521588,0.0,0.0,491.35849411601976,830.3739537530352,0.0,2617.70252212034,0.0,0.0,74.66692079735274,261.88056611364203,0.0,0.0,937.7747085872456,60.4619944017588,0.0,837.496226503169,146.16484285417494,4906.283452451619,652.3562678788836,0.0,5.964389801706396,0.0,0.0,5169.288900187576,1122.3539362498095,0.0,9.252077838744556,0.0,0.0,366.6377296603311,1350.0084436070829,0.0,0.0
14,0.2922216334684388,0.4252359159269092,0.8889004681594671,-1.6164847238542244e-16,3.3544364065041523,1.4607922633978372,1.1627062865083098,0.3787797603887032,910.8123161733748,243.66845386061172,1129.884215560307,0.0,0.0,160.85027148742097,271.8219436192035,0.0,1321.0741719286873,0.0,0.0,0.0,0.0,0.0,0.0,306.96688333451226,0.0,0.0,1223.9229074786474,506.0181373930307,6412.834790216632,1244.4106796190638,0.0,110.2483616956499,1.0774843165730268,0.0,7046.425225854368,1957.5359509672217,0.0,172.02737507540596,2.062372324690559,0.0,711.5295941283508,1871.55943557046,0.0,0.0
15,0.3043375945860967,0.4669572704053143,0.7938987164861776,-1.6164847238542244e-16,2.8917808594548964,1.4189168719237726,1.2220270817549073,0.3380220622513635,0.0,0.0,792.3954121084244,0.0,0.0,0.0,0.0,0.0,891.4824416923466,0.0,0.0,0.0,0.0,0.0,0.0,0.0,0.0,0.0,1610.271135443259,880.8282720874629,7316.0005501210035,2010.262910294096,0.0,317.2980840667251,94.11586634452242,0.0,8347.609081639934,3074.638713909811,0.0,572.4189433801306,166.68435805187804,0.0,1404.0789062441231,2684.7456761446438,0.0,0.0
16,0.2864866615415293,0.5009867064668777,0.6776164621867253,-1.6164847238542247e-16,2.370156728873277,1.3730134428104948,1.208006434651843,0.3375792286896742,0.0,0.0,840.3401181134386,0.0,0.0,0.0,0.0,0.0,892.8665510698584,0.0,0.0,0.0,0.0,0.0,0.0,0.0,0.0,0.0,2136.562309703585,1587.5849692053987,7726.062295586783,2246.609127611374,0.0,599.8372465896504,264.9879270610063,0.0,8687.714892833152,3228.636315236902,0.0,712.9351199020206,325.7796119780311,0.0,1507.0082776837692,2817.108737974125,0.0,0.0
17,0.2656786078733637,0.5009530421215543,0.533909618431894,-1.6164847238542244e-16,1.8442527042915733,1.3501322391229222,1.1512902421442266,0.3385480692593314,0.0,0.0,730.4718297460333,0.0,0.0,0.0,0.0,0.0,812.5673021939167,0.0,0.0,0.0,0.0,0.0,0.0,0.0,0.0,0.0,3041.011858782773,3049.092725643521,8156.7477302274365,2190.284380476839,0.0,914.576150603953,242.74725097010543,0.0,8627.138687116216,2524.3818119295856,0.0,422.16934505723367,192.33849241502935,0.0,918.7225823392174,1787.703569037456,0.0,0.0
18,0.2478422173156142,0.465688072725846,0.3814166119335549,-1.6164847238542244e-16,1.3122507829754126,1.3372693457501656,1.0923045563888392,0.3474554137379398,0.0,0.0,409.3249393347695,0.0,0.0,0.0,0.0,0.0,575.4300296684938,0.0,0.0,0.0,0.0,0.0,0.0,0.0,0.0,0.0,4311.936186208543,4737.407249996488,8820.251139923303,2351.021762350925,0.0,1516.1503271572856,452.1253446459425,0.0,8675.128358032842,1836.02615741196,0.0,302.4770093576401,136.18205652566675,0.0,732.8460437489252,799.5945030833416,0.0,0.0
19,0.2250600933645288,0.4371500676296024,0.2370384494131615,-1.6164847238542242e-16,0.874741425127023,1.3877277699303028,1.083294140386516,0.3678200995673989,0.0,0.0,374.2107169771826,0.0,0.0,0.0,0.0,0.0,518.3622345385536,0.0,0.0,0.0,0.0,0.0,0.0,0.0,0.0,0.0,4938.349147862275,5484.250981403356,8070.62132540224,1722.5315109683672,0.0,1892.9671047353645,933.2654498835232,0.0,7751.521697223021,1215.0027325590602,0.0,249.57215571477485,94.8117472823062,0.0,612.9167038578277,1101.4601741494705,0.0,0.0
20,0.1883739561727569,0.4294627519476246,0.1301879287222981,-1.6164847238542244e-16,0.6617693992941163,1.451179735166698,1.0647844723056503,0.393519346860269,0.0,0.0,349.98027224508456,0.0,0.0,0.0,0.0,0.0,471.5866270874288,0.0,0.0,0.0,0.0,0.0,0.0,0.0,0.0,0.0,5645.935440510833,6859.167091145083,7625.166052058385,1362.4303043324776,0.0,2329.031314058807,1245.760798972953,0.0,7132.277743583392,756.7298068094051,0.0,329.0349283075759,60.39558384224115,0.0,484.360437557326,1041.25172665057,0.0,0.0
21,0.1509860343689585,0.397619503534883,0.0710594279390711,-1.6164847238542244e-16,0.6160150673786736,1.54947025094465,1.0685465434353445,0.4150395045606463,0.0,0.0,301.69550910502977,0.0,0.0,0.0,0.0,0.0,396.4566138202536,0.0,0.0,0.0,0.0,0.0,0.0,0.0,0.0,0.0,6556.565413543551,7933.033382484551,7420.483926184982,1181.850215010825,0.0,2900.6694705444806,1483.546406349383,0.0,6721.824443283528,344.8872436358751,0.0,164.8623709118763,86.21836427223177,0.0,353.67944274253097,727.4830949472725,0.0,0.0
22,0.1189954164318941,0.3624346231088671,0.0321994002466137,-1.6164847238542244e-16,0.6243671144152807,1.641631460963968,1.0958554957712778,0.4101451225829284,0.0,0.0,265.8519137531253,0.0,0.0,0.0,0.0,0.0,356.24875085070147,0.0,0.0,0.0,0.0,0.0,0.0,0.0,0.0,0.0,6656.634807192077,8217.031407659128,7336.674528849981,1121.92067990659,0.0,2952.4839881144394,1654.4204334617923,0.0,6665.936568569752,322.0397216579044,0.0,308.6665845184007,155.4453959761765,0.0,225.83770806479373,958.9522107881158,0.0,0.0
23,0.0882464776085164,0.3331205543513454,0.019726656039867,-1.6164847238542247e-16,0.6350302874738606,1.7169330839910524,1.140828814624996,0.4040872188283955,0.0,0.0,219.3557950241131,0.0,0.0,0.0,0.0,0.0,319.97335118916163,0.0,0.0,0.0,0.0,0.0,0.0,0.0,0.0,0.0,5794.31127451348,7199.02255393921,7174.982353839027,1046.7636440732458,0.0,2463.681864638107,1659.218950372125,0.0,6738.381984026897,615.5257794394704,0.0,788.9832609034885,552.1185119123664,0.0,361.4484082698204,1717.3857303988975,2.2714981411352144,0.0
24,0.0557015068704319,0.335369626564784,0.0133747370431893,-1.6164847238542244e-16,0.6851858567691007,1.8471783606403671,1.1627517269800711,0.389798422699336,0.0,0.0,196.77863449381496,0.0,0.0,0.0,0.0,0.0,306.95622180992456,0.0,0.0,0.0,0.0,0.0,0.0,0.0,0.0,0.0,5148.63804871117,6193.464289942408,6965.987272252275,932.8832139241644,0.0,2145.579715204829,1701.664328161357,0.0,6626.657341861125,824.5033630983403,0.0,1207.3209914012002,1009.212213248788,0.0,646.8545259596763,2321.070742575034,70.8999802055777,0.0
25,0.0295642153472738,0.3258274505124094,0.0068918506445181,-1.6164847238542244e-16,0.7216715697009937,1.932577934199727,1.1284494400218932,0.3633094035935118,0.0,0.0,192.1057690283928,0.0,0.0,0.0,0.0,0.0,297.0932118323086,0.0,0.0,0.0,0.0,0.0,0.0,0.0,0.0,0.0,4699.173264240587,5506.529639147171,6906.303234729248,978.3857135891118,0.0,1895.7782910288445,1707.0374939088808,0.0,6667.976371415376,1008.3851894727588,0.0,1446.825465146563,1279.4116834877752,0.0,934.480090133842,2748.162313532413,303.38093583009834,0.0
26,0.027024588,0.2948787170058136,0.0010054219186045,-1.6164847238542244e-16,0.725951519875412,1.9809459287441864,1.10314185904984,0.3111601169750823,0.0,0.0,186.3870665563784,0.0,0.0,0.0,0.0,0.0,282.8384372803366,0.0,0.0,0.0,0.0,0.0,0.0,0.0,0.0,0.0,3716.7884365703408,3885.2737683005785,6911.609526078555,1158.88444401229,0.0,1364.87373653264,1690.823252017645,0.0,6930.905966079917,1507.0795818410704,0.0,1804.409439171284,1782.7318834380003,0.0,1647.775025868286,3723.064579901819,758.0433963070433,0.0
27,0.0260437783315191,0.2867205907375411,-9.76996261670135e-17,-1.6164847238542242e-16,0.7363552359341173,1.947658120777268,1.0807527453781074,0.2771364863402835,0.0,0.0,143.0316867979638,0.0,0.0,0.0,0.0,0.0,258.18637623839305,0.0,0.0,0.0,0.0,0.0,0.0,0.0,0.0,0.0,2959.461303244679,2128.8855773347814,6754.206094567088,1314.1225203305205,0.0,1037.9979296487516,1799.288526151082,0.0,7116.832352849601,2059.9950537964937,0.0,2215.0401806163727,2385.580855853096,0.0,2436.9517217183256,4813.578877371693,1233.3328474699515,0.0
28,0.0223546528704319,0.280874667181395,-9.76996261670135e-17,-1.6164847238542244e-16,0.7406383882933528,1.9083921982863792,1.0460294735800717,0.2776061656225911,0.0,0.0,107.0,0.0,0.0,0.0,0.0,0.0,236.0735837919676,0.0,0.0,0.0,0.0,0.0,0.0,0.0,0.0,0.0,2875.6596243990016,1917.3190222394992,6724.77605249913,1372.2694215377376,0.0,1055.243714952841,1831.0199940104756,0.0,7168.141908126521,2208.655157896352,0.0,2254.243828232093,2449.122140674551,0.0,2551.1677279906703,4936.584203833091,1269.7763923368864,0.0
29,0.0175961705980067,0.2665728896013285,-9.76996261670135e-17,-1.6164847238542244e-16,0.7372775699420095,1.8009875828861368,0.9196768840918196,0.2869797923739051,0.0,0.0,92.69704574440476,0.0,0.0,0.0,0.0,0.0,189.1002458155361,0.0,0.0,0.0,0.0,0.0,0.0,0.0,0.0,0.0,2741.654305279208,1513.6091424842716,6775.125453655585,1535.6162353781458,0.0,1066.346172979015,1840.64211728236,0.0,7359.214289109004,2528.553917446486,0.0,2273.8000957914733,2445.948790111911,0.0,2701.409220862495,5003.400857435837,1266.5074860254572,0.0
30,0.0122989922192693,0.2165035301461791,-9.769962616701348e-17,-1.6164847238542244e-16,0.6614428327475053,1.5710310181725002,0.7383719093299297,0.3037937154219272,0.0,0.0,46.837396596954825,0.0,0.0,0.0,0.0,0.0,116.3470097928088,0.0,0.0,0.0,0.0,0.0,0.0,0.0,0.0,0.0,2656.818134265004,1063.2174116517706,7385.641149644106,2005.822953964559,0.0,950.8882165258264,1460.819607665588,0.0,8169.114199353435,3098.8944022263986,0.0,1830.3850888222696,1767.0840362231454,0.0,2416.620048154537,4121.770641472395,840.7669613121745,0.0
31,0.0079445320265782,0.1715607070564782,-9.769962616701348e-17,-1.6164847238542244e-16,0.5786028529807289,1.361800784837208,0.5772464297302362,0.323607033259801,0.0,0.0,25.775488713652678,0.0,0.0,0.0,0.0,0.0,149.4644255579536,0.0,0.0,0.0,0.0,0.0,0.0,0.0,0.0,0.0,2666.9236913155937,922.8124630516226,7988.37758186376,2405.5985208142647,0.0,927.112218653539,1227.3421350963267,0.0,8839.00501593401,3492.64340827568,0.0,1470.1141994326754,1255.0209261532707,0.0,2044.2264180862144,3384.3630612495976,467.2219293400729,0.0
32,0.0037696372026579,0.128471196259136,-9.76996261670135e-17,-1.6164847238542244e-16,0.5012663195307302,1.205317694215116,0.475674153169439,0.3730540550232564,0.0,0.0,56.85600920834818,0.0,0.0,0.0,0.0,0.0,115.81098100928254,0.0,0.0,0.0,0.0,0.0,0.0,0.0,0.0,0.0,2653.891730923427,1026.5528324929403,8560.343440346116,2716.212269213326,0.0,730.2914475099118,799.2770821411206,0.0,9429.80062303051,3662.041252951311,0.0,947.304528947393,662.9067145538787,0.0,1435.6204966968696,2660.017945829125,147.2612026504526,0.0
33,0.0002982109756595,0.0835283731694351,-9.769962616701352e-17,-1.6164847238542247e-16,0.4428737923552768,1.1137413905129832,0.5390856969307792,0.418708398742424,0.0,0.0,243.7866595149016,0.0,0.0,0.0,0.0,0.0,198.91262643445816,0.0,0.0,0.0,0.0,0.0,0.0,0.0,0.0,0.0,2588.244548402265,984.767612177073,8940.724105017183,2951.9650806575587,0.0,637.8640574447916,596.732297674883,0.0,9826.813920022776,3807.300664112236,0.0,678.6214665978489,392.1672891357596,0.0,1169.664021385574,2267.399281798938,4.124783598358554,0.0
34,1.4210854715201994e-16,0.0362689097142857,-9.76996261670135e-17,-1.6164847238542244e-16,0.373864982112954,0.9791217930994792,0.6961628590542261,0.4288492221580902,0.0,0.0,1179.7968810370844,0.0,0.0,0.0,0.0,0.0,1092.624899213478,0.0,0.0,0.0,0.0,0.0,0.0,0.0,0.0,0.0,2562.611821368544,889.9080218321881,9077.200131320416,3009.224273920028,0.0,569.4256609037419,450.2768865937383,0.0,9905.241638339392,3656.2493338278114,0.0,463.6510591095334,228.2841332777663,0.0,946.1493539589466,1903.91324016842,0.0,0.0
35,1.4210854715201994e-16,0.0018931726386554,-9.76996261670135e-17,-1.6164847238542244e-16,0.3105671075129936,0.874642335074456,0.9457628833894908,0.4306578840000008,0.0,0.0,2447.168124040513,0.0,0.0,0.0,0.0,0.0,2424.336819227667,0.0,0.0,0.0,0.0,0.0,0.0,0.0,0.0,0.0,2546.760370705974,950.2687667816124,8532.09414166389,2388.766678859075,0.0,396.5022218369063,213.39456528308557,0.0,8997.152482505842,2596.5297740181577,0.0,155.83900728933793,41.50569695864935,0.0,518.5345699832402,1306.3599562097336,0.0,0.0
36,1.4210854715201994e-16,0.0004332793801054,0.0003929022059799,-1.6164847238542244e-16,0.3019717438921216,0.7998850631385555,1.2287545128895874,0.4306578840000008,91.67263310621078,68.36975754444018,3468.3754161791144,135.2201710755957,0.0,6.448594495081174,0.0,0.0,3603.1343622484337,143.29465031121157,0.0,0.0,0.0,0.0,0.0,42.42882059831818,0.0,0.0,2552.2129219220724,1240.624707745744,7648.131959024337,1484.7596074584746,0.0,181.6740112597926,52.72246846756467,0.0,7691.496133946513,1303.4910988760018,0.0,27.616531102057685,0.0,0.0,139.33795237856378,717.40550267732,0.0,0.0
37,0.0010751076264026,0.0284960946480285,0.0342095805854697,-1.6164847238542244e-16,0.3054579898604621,0.7701634664038097,1.542845432684263,0.4587316876492203,1227.6423141869195,999.607250426644,4572.27575774295,1131.5120839629585,0.0,237.48852871129284,174.49071232026208,0.0,5120.620470683842,1516.8276187179604,0.0,151.06980632135645,144.0952180677739,0.0,553.8672045240407,1145.7458521969509,70.58455183038612,0.0,2559.7566162150406,1365.191791093849,7189.821840716824,1067.8758024818862,0.0,90.95678325253895,0.0,0.0,7046.065219298026,469.3041841020373,0.0,0.0,0.0,0.0,0.0,462.4203377161264,0.0,0.0
38,0.0264331005738449,0.0781051695548172,0.0917305717656295,-1.6164847238542244e-16,0.3197978533201419,0.815244970376322,1.805467294541232,0.5612413882642712,2208.4521202826304,1913.4052274304072,4758.484659356267,1508.3006311034476,0.0,768.5137112632103,625.1818399234597,0.0,5807.4245767760185,2361.205415528404,0.0,649.2246182419384,570.6335316917034,0.0,1535.404224870313,2707.254970323321,356.4598286633424,0.0,2551.8997131355136,1310.160791285357,6557.929823345068,698.7043051046725,0.0,59.5157074139678,0.0,0.0,6247.103159374433,0.0,0.0,0.0,0.0,0.0,0.0,302.5668084109984,0.0,0.0
39,0.0873000696079736,0.1281215380066447,0.1686829210282702,-1.6164847238542244e-16,0.393511833049079,0.9340198493564856,1.914129593895075,0.714932568753714,2777.298304002258,2170.987488066078,4264.033658773946,1030.6737970113404,0.0,1191.461758972211,1128.9307115163117,0.0,5477.799896080426,1949.5111987850037,0.0,1267.2211249991462,1151.271981965288,0.0,2132.7392966432835,4033.569922089705,953.989000171732,0.0,2488.2285144288853,1212.8529106212457,5739.883862722699,234.6485740310196,0.0,20.021697698203585,0.0,0.0,5220.328570215342,0.0,0.0,0.0,0.0,0.0,0.0,101.61576676900356,0.0,0.0
40,0.1684191367973424,0.1822629677740867,0.2716537795714281,0.0034484439261434,0.5601856108282626,1.1369128575601852,2.007445797041408,0.9705761151267562,2760.083285085594,1676.0159131671246,3582.207573936409,458.0681540453522,0.0,1361.583762829705,1535.2247600558262,0.0,4945.692139164296,1424.341217513143,0.0,1916.1296673706945,1839.404075933192,0.0,2962.216226649527,5647.459170452263,1816.1566301411235,0.0,1148.7989177722804,516.7518431755841,4636.338775814302,0.0,0.0,0.0,0.0,0.0,4082.654758222832,0.0,0.0,0.0,0.0,0.0,0.0,0.0,0.0,0.0
41,0.2896010498870431,0.2343418668837214,0.3988649293953487,0.0229760630187807,0.856048192187672,1.3590406448323276,2.098414229855588,1.3775819206489912,4485.227438652125,2863.260642979644,3418.0698318936866,247.9852330595705,0.0,1841.4750255339748,1775.755874030328,0.0,4532.4353267044135,812.2604809254188,0.0,1721.0122375733183,1809.6325177184444,0.0,1740.9704088321569,4302.999942713016,1609.1829184896271,0.0,0.0,0.0,3194.260480925419,0.0,0.0,0.0,0.0,0.0,2895.449399501062,0.0,0.0,0.0,0.0,0.0,0.0,0.0,0.0,0.0
42,0.411249173980066,0.2845068869509804,0.5258785984983387,0.0502919362378464,1.2467603797963238,1.6112026179122636,2.117540496763176,1.865344836265236,7361.682575290348,5705.321101684412,4178.200875243195,613.5103046227655,0.0,2571.116246963049,2068.6760154764406,0.0,4781.321119871284,634.6088069925588,0.0,935.2284557806016,1166.6564302691145,0.0,727.5994146467384,2558.578805401208,818.0136240201639,0.0,0.0,0.0,2900.0,0.0,0.0,0.0,0.0,0.0,2659.0,0.0,0.0,0.0,0.0,0.0,0.0,0.0,0.0,0.0
43,0.5346095809716624,0.3099117052225921,0.6242594729067807,0.0850217310299,1.782953855129957,1.9214444291115864,1.947792554087166,2.4430488291639625,10306.162561808382,8575.002715595712,4821.730143241606,817.3716428839282,0.0,3431.45971117954,2461.0561238696205,0.0,4821.717641584367,289.0730544232927,0.0,210.87401192375043,468.1781500323261,0.0,12.727560629603143,1031.524315945563,78.8967927297642,0.0,0.0,0.0,2344.821717996335,0.0,0.0,0.0,0.0,0.0,2149.967902375437,0.0,0.0,0.0,0.0,0.0,0.0,0.0,0.0,0.0
44,0.6325601447317265,0.3104108640000007,0.6941929030290689,0.1195563522857139,2.3520899052059803,2.1657958802342177,1.716215626248345,2.9719509825074737,11476.31860785627,9465.034312076265,5239.400021132419,1105.8118043779095,0.0,4196.0750032203005,2685.46896684394,0.0,4815.71332230624,288.58953239026164,0.0,3.865631598902412,33.795074123610384,0.0,0.0,446.0323046806168,0.0,0.0,0.0,0.0,1542.2118873385346,0.0,0.0,0.0,0.0,0.0,1414.1015823593063,0.0,0.0,0.0,0.0,0.0,0.0,0.0,0.0,0.0
45,0.6926841180597993,0.3104108640000007,0.7439867440778344,0.1536504987841883,2.835486917161573,2.3811359526142803,1.4706913216117763,3.4533755368138843,11564.048135544024,9501.522435089331,5302.701693193404,1169.3497077159784,0.0,4329.939488044827,2718.9280992375893,0.0,4818.013666568685,313.27196127313584,0.0,0.0,0.0,0.0,0.0,382.4879661139938,0.0,0.0,0.0,0.0,1461.4058633908885,0.0,0.0,0.0,0.0,0.0,1340.0104794245085,0.0,0.0,0.0,0.0,0.0,0.0,0.0,0.0,0.0
46,0.741580423701386,0.3100582743646675,0.7767088074535845,0.1877633079421529,3.259725014727383,2.632823340300177,1.18880835702248,3.8938734067070526,12628.781544638789,9981.59971638599,5329.653224672603,1084.1563512767386,0.0,4735.841648965309,3150.4286688595107,155.65183117907048,4567.8231005744365,254.8622846103441,0.0,0.0,0.0,0.0,0.0,160.26519724920672,0.0,0.0,0.0,0.0,615.9740835808028,0.0,0.0,0.0,0.0,0.0,545.5857450867943,0.0,0.0,0.0,0.0,0.0,0.0,0.0,0.0,0.0
47,0.7463136140166725,0.2828730056287853,0.759632829398106,0.2067302490144791,3.614430061103491,2.962456632322699,0.8800052218950732,4.185260893010969,13423.764634411047,9789.576280730242,5631.202958218169,1113.026585414837,0.0,5053.037513472358,3470.0549801425072,538.0807578167521,4499.744320606042,369.1572240504443,0.0,0.0,0.0,0.0,0.0,8.281315436278987,0.0,0.0,0.0,0.0,1625.854298527392,0.0,0.0,0.0,0.0,0.0,1375.9447889348955,0.0,0.0,0.0,0.0,0.0,0.0,0.0,0.0,0.0
48,0.7229696433588026,0.2316571381046517,0.7509618148181061,0.2162478245307299,4.062062168509132,3.2151465855398693,0.683482233764956,4.277107793972587,12488.65699943954,7704.072243377323,6178.624812938543,1625.0993406423422,0.0,5105.268085728699,3225.156909047673,326.4580109571519,4942.356384784328,524.9389999449576,0.0,0.0,0.0,0.0,0.0,0.0,0.0,0.0,0.0,0.0,1856.0340676201324,0.0,0.0,0.0,0.0,0.0,1554.6106471694318,0.0,0.0,0.0,0.0,0.0,0.0,0.0,0.0,0.0
49,0.7080036139423241,0.1866033757411297,0.7847654862737543,0.2184630990099659,4.447527737205045,3.334282827622328,0.8122191037140252,4.243417182803714,8882.310017978765,4926.594112007615,4754.991238202677,1362.5069179830891,0.0,3866.680708688618,2282.691133739097,35.485556571856065,3846.459206799996,416.2739250394741,0.0,0.0,0.0,0.0,0.0,0.0,0.0,0.0,0.0,0.0,1876.5854008095737,0.0,0.0,0.0,0.0,0.0,1557.349651528539,0.0,0.0,0.0,0.0,0.0,0.0,0.0,0.0,0.0
50,0.6975917054838522,0.1534118375481728,0.8352383131877744,0.2174545182235209,4.801587631101922,3.4380613145924253,1.1533249212733596,4.107471882836407,3209.770531510305,1780.2805421708158,1718.8309365596435,492.7851975115627,0.0,1397.210390788767,824.5212513855049,12.807917016492006,1390.606703720896,150.81930079031542,0.0,0.0,0.0,0.0,0.0,0.0,0.0,0.0,0.0,0.0,1871.9139807944248,0.0,0.0,0.0,0.0,0.0,1535.9196625829668,0.0,0.0,0.0,0.0,0.0,0.0,0.0,0.0,0.0
51,0.6436726567176078,0.1211744998405315,0.8779395674152825,0.1998527668540155,5.059675512098496,3.521151292432284,1.6222715663263672,3.795687489446158,2627.2363320055315,1439.393723471316,1631.5152600508109,577.0841455090155,0.0,1111.3439418421362,518.4966808482402,1.7796930314048791,1386.2512761651444,289.7582058650584,0.0,0.0,0.0,0.0,0.0,0.0,0.0,0.0,0.0,0.0,1789.3672476947002,0.0,0.0,0.0,0.0,0.0,1446.9297867399112,0.0,0.0,0.0,0.0,0.0,0.0,0.0,0.0,0.0
52,0.5871268631362133,0.0901325441801089,0.9160820137470844,0.1730421301115429,5.21004041918824,3.543487922478549,2.1815393672640178,3.3773036787635538,5714.251522201175,3120.8282216592543,3673.848321025983,1352.1652443200096,0.0,2399.2424630751207,1040.6218157900682,0.0,3153.4348834227167,722.973693415778,0.0,0.0,0.0,0.0,0.0,0.0,0.0,0.0,0.0,0.0,1656.418362239402,0.0,0.0,0.0,0.0,0.0,1324.2049004133462,0.0,0.0,0.0,0.0,0.0,0.0,0.0,0.0,0.0
53,0.5311664255235498,0.0832622875919484,0.974782200696502,0.1390165432026576,5.169130407942148,3.393281837199144,2.85864698011648,2.852071718818837,8903.984500252272,4807.878430848863,5919.182693489434,2135.4440551136936,0.0,3604.047678489189,1502.7327717354503,0.0,5098.78092843282,1132.927882898823,0.0,0.0,0.0,0.0,0.0,0.0,0.0,0.0,0.0,0.0,1174.914412071295,0.0,0.0,0.0,0.0,0.0,939.2862606336176,0.0,0.0,0.0,0.0,0.0,0.0,0.0,0.0,0.0
54,0.4944555815011304,0.1021043281993356,1.0249296696334875,0.1037842528305649,4.871995722887433,3.23073978544585,3.5653186983803398,2.366427466814349,8830.586561337654,4321.909277185036,6360.632724748877,1917.1942455710837,0.0,2905.357659750527,1122.0701273816323,0.0,5412.540504137519,845.7522708572834,0.0,0.0,0.0,0.0,0.0,0.0,0.0,0.0,0.0,0.0,867.3526104722531,0.0,0.0,0.0,0.0,0.0,726.3542212845008,0.0,0.0,0.0,0.0,0.0,0.0,0.0,0.0,0.0
55,0.4515561079734227,0.1168283681129569,1.0305690021040967,0.0671670576877076,4.459911679158352,3.067971201056482,4.247320239576973,1.8726951017674347,8882.008896008714,3341.105549253212,5818.133879927344,1330.3902710550235,0.0,2462.847448162976,1020.8501878614038,0.0,4553.523860937687,400.2736278948132,0.0,0.0,0.0,0.0,0.0,0.0,0.0,0.0,0.0,0.0,1486.5171516941064,0.0,0.0,0.0,0.0,0.0,1375.9993744400258,0.0,0.0,0.0,0.0,0.0,0.0,0.0,0.0,0.0
56,0.4041990132990851,0.1182635640000001,1.0190082346007612,0.0343512287218214,4.075185778806897,2.8701516995501213,4.812931904511148,1.4531459459771423,6375.28181765715,999.0804370507616,3856.633965384536,27.577924469664705,0.0,668.1058672464247,157.41538842313477,0.0,1937.72026951844,0.0,0.0,0.0,0.0,0.0,0.0,0.0,0.0,0.0,0.0,0.0,2652.682716080294,0.0,0.0,0.0,0.0,0.0,2594.312117221611,0.0,0.0,0.0,0.0,0.0,0.0,0.0,0.0,0.0
57,0.3999143160000007,0.1182635640000001,1.0071021940686598,0.0174036854307861,3.743487683131781,2.542851392846069,5.301402786744185,1.1500909880310048,4407.301507291211,424.0907092959286,3128.8860043922377,0.0,0.0,38.19856505798688,3.2155540977695773,0.0,1145.9776684507956,0.0,0.0,0.0,0.0,0.0,0.0,0.0,0.0,0.0,127.45697890628128,44.5694249581456,3312.787127266442,0.0,0.0,32.414127242287705,7.293178629514732,0.0,3283.9575502317484,0.0,0.0,20.49035900673187,1.736471102265413,0.0,19.10118212491954,204.78782532716764,0.0,0.0
58,0.3967912710930866,0.1178912852356297,0.955067400309158,0.0103279771122671,3.2566897196284086,2.097052325303833,5.696878798409825,0.8824459370503314,311.530817664348,28.303597921622774,2254.553606698614,0.0,0.0,0.0,0.0,0.0,913.444435754228,0.0,0.0,0.0,0.0,0.0,0.0,0.0,0.0,0.0,1202.1055712794882,648.346174792473,5110.370856696578,594.9915138508837,0.0,320.6528638545675,143.97964236660462,0.0,5550.451712267764,1128.2253159036532,0.0,391.83262861932127,196.76654344302696,0.0,870.8176753432638,2168.1386861889414,0.0,0.0
59,0.3570485864842532,0.1121376996813288,0.838645673140465,0.0138168138019931,2.7732551154075726,1.7182566976090414,5.823517850699804,0.7023225445738172,0.0,0.0,1502.190301451431,0.0,0.0,0.0,0.0,0.0,745.6621814794562,0.0,0.0,0.0,0.0,0.0,0.0,0.0,0.0,0.0,1504.4781607424245,962.7643667969952,6436.382831932628,1510.205019252595,0.0,457.534147640001,275.0002120318913,0.0,7354.731119836837,2514.4509977401717,0.0,626.2874996802922,348.8721495375193,0.0,1411.5551879619204,2786.413550354202,0.0,0.0
60,0.3157375924136218,0.0940308880066444,0.6930978528687706,0.0205614702657805,2.2985702273920263,1.4013501717109682,5.740027333836384,0.5534788287284025,0.0,0.0,1155.0592695297044,0.0,0.0,0.0,0.0,0.0,636.213963248931,0.0,0.0,0.0,0.0,0.0,0.0,0.0,0.0,0.0,1866.3146656591184,1402.6944772287331,6813.783183194581,1733.7472399608089,0.0,624.1012287210966,361.8124149756703,0.0,7699.949500021899,2602.268549332713,0.0,605.6314231115917,317.06182156794733,0.0,1254.5067212437832,2629.448310927025,0.0,0.0
61,0.3083919891428571,0.0745822288106311,0.5277244975415281,0.030654770518663,1.8043821829470383,1.1374937978190374,5.515082439620876,0.43125885785968,0.0,0.0,943.877883549678,0.0,0.0,0.0,0.0,0.0,558.1080963352276,0.0,0.0,0.0,0.0,0.0,0.0,0.0,0.0,0.0,2432.14979998254,2128.6453111790743,7293.250689289654,1941.3261083621016,0.0,870.9636349145782,444.6071708291884,0.0,8053.633195555136,2542.1318945679154,0.0,505.4093322728598,269.91500908397074,0.0,939.7337638659532,2241.2255829068167,0.0,0.0
62,0.3057561672159464,0.0549371185116279,0.3611734995348844,0.0511964534970504,1.3019374791359393,0.9399259798633156,5.1757685880838045,0.3362068530384403,0.0,0.0,657.4554810748047,0.0,0.0,0.0,0.0,0.0,411.9920867530652,0.0,0.0,0.0,0.0,0.0,0.0,0.0,0.0,0.0,2548.614838443756,2631.547255230596,7795.207660502264,1918.7819230379896,0.0,1064.7309208038669,672.7617725623916,0.0,8395.68839864371,2745.984027767275,0.0,960.527343241814,476.2879613743317,0.0,1623.034740031011,3081.031732409591,79.55698138591008,0.0
63,0.3032257781661125,0.0360778126245847,0.2091007524102635,0.0749219939681909,0.8942879374595312,0.9368516245654936,4.785954284187181,0.2794995252333321,0.0,0.0,314.6552054999524,0.0,0.0,0.0,0.0,0.0,197.1739866811977,0.0,0.0,0.0,0.0,0.0,0.0,0.0,0.0,0.0,2111.483741215492,2344.06354337756,7531.746247001512,1681.9711768483926,0.0,969.7319152339217,822.0642796421246,0.0,8148.01055045981,2847.72204031528,0.0,1434.8534337620958,979.7772986342092,0.0,2297.323042245609,4083.370208404758,398.7128634915688,0.0
64,0.3021694865492326,0.0178078688092175,0.0951440408219403,0.0962075003322258,0.7440267746218975,1.0791538670135028,4.4490298381429305,0.2473538366664268,0.0,0.0,183.91649372064705,0.0,0.0,0.0,0.0,0.0,120.0910447113511,0.0,0.0,0.0,0.0,0.0,0.0,0.0,0.0,0.0,1789.253325892918,2073.6733369819926,6676.906114450303,1026.026383201597,0.0,928.8801348899792,1094.3692213886654,0.0,7094.619667872393,2231.9444148916214,0.0,2237.178464899004,1721.0174232320055,0.0,3273.370957737554,5622.8443798100925,1094.5921598753384,0.0
65,0.3303018813837203,0.0026512147151162,0.0369278308754148,0.1158300105174418,0.771034302363785,1.2873682910755817,4.160050787755817,0.2440049856951786,0.0,0.0,201.3092806524036,0.0,0.0,0.0,0.0,0.0,145.56344693140633,0.0,0.0,0.0,0.0,0.0,0.0,0.0,0.0,0.0,1386.4652632959303,1371.3030275730157,5905.347295095922,546.5773596411499,0.0,686.5889691395832,1240.6792362567182,0.0,6310.993164903503,1819.5475596007584,0.0,2877.7395822805533,2177.9176951779286,0.0,3968.595760493333,6841.312785942545,1806.6663025019575,0.0
66,0.376095168329393,-6.039613253960868e-17,0.0128998232364245,0.1346855582990034,0.8773139242936635,1.5438099767324225,3.920474191915912,0.263170318508574,0.0,0.0,227.32418012858477,0.0,0.0,0.0,0.0,0.0,170.7932098261918,0.0,0.0,0.0,0.0,0.0,0.0,0.0,0.0,0.0,1109.7624528836295,1082.6802547760788,4387.278538676829,225.32058099679665,0.0,573.1282314014967,1090.5967966662354,0.0,4725.089980179504,1173.0406731178423,0.0,2545.2591466691774,2023.8180305649207,0.0,3141.235559297857,5671.339115415877,1782.071929417208,0.0
67,0.3840466679999992,-6.039613253960868e-17,0.0126445319999995,0.1497308145332614,1.0059647331827215,1.7916305154678198,3.722699746227309,0.2652244285167231,0.0,0.0,188.5064395308465,0.0,0.0,0.0,0.0,0.0,130.74325707427488,0.0,0.0,0.0,0.0,0.0,0.0,0.0,0.0,0.0,1713.724152438306,1973.3591703031504,4596.6534549781545,302.7006457042129,0.0,894.3618179566072,1303.8617496669071,0.0,4737.933253950901,1015.9131150387644,0.0,2342.8546012932,2017.099858359715,0.0,2574.389985528872,5039.81277443386,1583.2739895921286,0.0
68,0.3839242999670423,-6.039613253960868e-17,0.0126445319999995,0.1513744789897675,1.1627560568667097,2.02863884762392,3.557655935717747,0.2591615733679693,0.0,0.0,155.68835468487242,0.0,0.0,0.0,0.0,0.0,110.0375376158152,0.0,0.0,0.0,0.0,0.0,0.0,0.0,0.0,0.0,2479.663123688112,3000.255686275696,5417.430197663082,432.7829970646287,0.0,1296.5467035786796,1677.4993786359005,0.0,5404.501162570212,1040.9271442650802,0.0,2483.308237463888,2293.332413011699,0.0,2432.4656057868283,5173.516071928787,1618.47962931918,0.0
69,0.3762625063220216,-6.039613253960868e-17,0.0126445319999995,0.1469034166245846,1.2775384084784058,2.2343745097973424,3.4312539726350315,0.237400655860461,0.0,0.0,106.7527555218076,0.0,0.0,0.0,0.0,0.0,87.60599233168735,0.0,0.0,0.0,0.0,0.0,0.0,0.0,0.0,0.0,2403.929588360797,2424.0028970624785,5892.011751713953,722.7261622411606,0.0,1215.397939306111,1847.446155582734,0.0,5971.39732850899,1555.1015434510032,0.0,2807.8380803150453,2630.5992061766324,0.0,3007.776379914399,5981.376862032374,1805.4595169790605,0.0
70,0.3523317891046869,-6.039613253960868e-17,0.0126445319999995,0.1378081835880395,1.3061213210402207,2.322587894331802,3.2832345415457738,0.2102005946753336,0.0,0.0,62.77098591034318,0.0,0.0,0.0,0.0,0.0,63.386186617569415,0.0,0.0,0.0,0.0,0.0,0.0,0.0,0.0,0.0,1904.052256877188,1396.841466648861,5884.842065631241,907.9474693022956,0.0,932.4734950581956,1777.8946476702924,0.0,6164.947503529861,2053.210892911021,0.0,2986.157951482541,2743.1052667607964,0.0,3677.526830103668,6584.895041287285,1937.7369015531383,0.0
71,0.2978392289501664,-6.039613253960868e-17,0.0117404379165097,0.1271300248834318,1.3154104064659822,2.319633813975444,3.130676149260151,0.1723878573436335,0.0,0.0,41.03316115093529,0.0,0.0,0.0,0.0,0.0,52.53684146628103,0.0,0.0,0.0,0.0,0.0,0.0,0.0,0.0,0.0,1661.434096428581,996.3924773691602,5863.01946932392,995.0761818546342,0.0,816.755083977965,1705.91846134986,0.0,6272.729280943314,2313.707135235468,0.0,3024.46191108651,2723.3052818518995,0.0,3998.178778970111,6781.426371376072,1961.375015640864,0.0
72,0.233406150099668,-6.039613253960868e-17,0.0096199263388699,0.1063037915793417,1.338604771450801,2.238775475024342,2.951948031613414,0.1279014318994828,0.0,0.0,8.49130378555933,0.0,0.0,0.0,0.0,0.0,56.63164869395648,0.0,0.0,0.0,0.0,0.0,0.0,0.0,0.0,0.0,1155.5559508986055,244.0791363432633,5836.249091061958,1383.100635167462,0.0,658.2810327468006,1443.4560136148214,0.0,6702.6640613127465,3093.762150869221,122.51481204231794,3135.477435408809,2493.5646686717464,0.0,4554.366378423888,7207.182583057591,1875.2011393136445,0.0
73,0.1638694610431896,-6.039613253960868e-17,0.0073304678870427,0.0817489188039866,1.3542398503211526,2.094715019765227,2.6824200553222632,0.1424847845404169,0.0,0.0,0.0150295276980648,0.0,0.0,0.0,0.0,0.0,57.00187869096226,0.0,0.0,0.0,0.0,0.0,0.0,0.0,0.0,0.0,1280.848366469861,266.4772975719401,5768.678296348468,1332.2438086024688,0.0,799.9793909778634,1583.6200070730304,0.0,6700.155593920408,3033.3254678640824,108.63032670602776,3187.7795916275654,2602.04420542989,0.0,4412.609521506172,7201.892375722032,1889.8444060795923,0.0
74,0.1015255705949864,-6.039613253960868e-17,0.0052720557009961,0.0641662018803985,1.2803415901214146,1.898625721746001,2.3714618672256145,0.2149704851941971,0.0,0.0,0.0,0.0,0.0,0.0,0.0,0.0,56.80776782881963,0.0,0.0,0.0,0.0,0.0,0.0,0.0,0.0,0.0,1591.270140278599,430.84488531356016,5639.420429646751,1199.94943503784,0.0,1034.7677833761484,1912.3517519717388,0.0,6666.530721806479,2777.9383817482685,9.752479487576714,3226.614083688502,2827.3642101547143,0.0,4062.794180733063,7098.014094366387,1870.27301170328,0.0
75,0.0475927111817021,-6.039613253960868e-17,0.0032556519269098,0.0489007536532071,1.2278315114988507,1.673222547091238,2.004185266309484,0.3010944690298966,0.0,0.0,0.0,0.0,0.0,0.0,0.0,0.0,54.527429750163485,0.0,0.0,0.0,0.0,0.0,0.0,0.0,0.0,0.0,2161.050856552057,709.9383028830578,5559.384992532618,995.5144480721494,0.0,1312.8596048662346,2252.1965689315152,0.0,6590.329257691974,2356.040087124296,0.0,3194.8232145840934,3104.649736635733,0.0,3486.950819761476,6656.819157934704,1801.8314835143124,0.0
76,0.0056362497361738,-6.039613253960868e-17,0.0010922187109629,0.0358562388438536,1.2004989702083226,1.4390953799296484,1.6496542837099888,0.3986666451686503,0.0,0.0,0.0,0.0,0.0,0.0,0.0,0.0,45.69613302950929,0.0,0.0,0.0,0.0,0.0,0.0,0.0,0.0,0.0,2458.700536862254,935.96971719995,5764.17715573574,1094.424890412196,0.0,1390.906092240622,2210.0982867580124,0.0,6815.756503672684,2344.820530654986,0.0,2801.038427327157,2873.3163693226875,0.0,2958.28859620763,5852.625260619924,1526.594691548381,0.0
77,3.3928415632544676e-16,-6.039613253960868e-17,0.0010348992745744,0.0261120961665036,1.1683632133953457,1.273226287790504,1.5305364679124531,0.5098393798100421,0.0,0.0,0.0,0.0,0.0,0.0,0.0,0.0,34.72590606163122,0.0,0.0,0.0,0.0,0.0,0.0,0.0,0.0,0.0,2714.048547716315,1152.878745164228,6008.26381890794,1236.9003589260385,0.0,1439.58900917217,2114.017031804108,0.0,7083.925163981595,2393.343167094968,0.0,2357.455258536257,2569.9185704931115,0.0,2440.1281280640783,5002.700083743072,1222.9434923959116,0.0
78,3.3928415632544676e-16,-6.039613253960868e-17,0.0079556519003317,0.0254013953172756,1.0842956121503309,1.1845628102192722,1.5919513974119657,0.6245408967632856,0.0,0.0,35.88464904635974,0.0,0.0,0.0,0.0,0.0,24.213414108146168,0.0,0.0,0.0,0.0,0.0,0.0,0.0,0.0,0.0,2920.6985622715097,1408.2488769411464,6232.361066426361,1350.5598927265771,0.0,1417.2973904534715,1900.613496140224,0.0,7271.393916231559,2349.0281391693816,0.0,1771.553896917669,2146.259039341666,0.0,1788.6210157554087,3978.81768844366,858.2895546032101,0.0
79,3.392841563254467e-16,-6.039613253960868e-17,0.0158260514352154,0.0267604456951493,0.9941918839678416,1.1412332529225295,1.7189648276435938,0.7168140299457779,0.0,0.0,361.131842040851,0.0,0.0,0.0,0.0,0.0,14.507231049188544,0.0,0.0,0.0,0.0,0.0,0.0,0.0,0.0,0.0,2939.522194733103,1522.8241446057336,6248.035059294473,1307.5982488346167,0.0,1323.4308749472905,1684.1823601106753,0.0,7209.372917126369,2165.38931607738,0.0,1412.351995390454,1830.3025190764736,0.0,1409.5216306702328,3395.390164742172,661.3618896250556,0.0
80,3.392841563254468e-16,-6.039613253960868e-17,0.0241783121661124,0.0267766559999998,0.9409267728593596,1.159991504325586,1.911980731032124,0.7823825873244715,127.82163159322432,0.0,376.48498903644185,0.0,0.0,0.0,0.0,0.0,6.179038168827956,0.0,0.0,0.0,0.0,0.0,0.0,0.0,0.0,0.0,2540.1758251012147,1586.4474770005754,5570.549550036646,440.1395608230695,0.0,651.0950443391013,590.2578589026897,0.0,6066.225461662409,623.6051935187614,0.0,336.7294240763098,436.3761407535344,0.0,336.0546156112269,1578.090283515903,157.6802446743441,0.0
81,3.3928415632544676e-16,-6.039613253960868e-17,0.0321071844221582,0.0267766559999998,0.8814860696490783,1.2751590236745765,2.1269136158142734,0.9018238302755126,274.36514012039623,0.0,224.88357570442065,0.0,0.0,0.0,0.0,0.0,3.699461021352636,0.0,0.0,0.0,0.0,0.0,0.0,0.0,0.0,0.0,2282.438225387892,1486.9580000422025,5162.44241012363,56.17062389173976,0.0,259.35267642733163,82.5677476878579,0.0,5234.472376905559,46.96232489309391,0.0,0.0,0.0,0.0,0.0,553.1629284174669,0.0,0.0
82,0.0025735941498154,-6.039613253960868e-17,0.0501135643853815,0.0267766559999998,0.7938266354596629,1.4989117828192848,2.3430002787305333,1.1172481869112985,183.32941421856455,446.60261761140106,157.54835930769394,252.7643716466308,0.0,210.1367265861276,220.2756213659553,0.0,23.90124569261364,348.3657727809947,0.0,104.1553673657084,151.09146528593703,0.0,189.952558723346,445.4295447477155,42.98593917758764,0.0,1579.647539226939,951.8295425140768,4498.9190675880745,0.0,0.0,73.11702870281911,0.0,0.0,4104.812792282056,0.0,0.0,0.0,0.0,0.0,0.0,140.9238821367184,0.0,0.0
83,0.0296506047960647,0.0026752958947098,0.0765239932041906,0.0247235186258623,0.7132546331231795,1.7840190525042203,2.4603480697505846,1.3504330459642186,718.0777686379126,2230.260833359565,984.5834577430154,1260.624121886908,0.0,1130.0765546484447,1194.2973329512215,0.0,1177.1112486083643,1817.162605626015,0.0,658.8055350463258,861.3168614533984,0.0,1111.9786167305062,2501.152678143727,331.76831448589496,0.0,32.36176090465312,0.0,3210.2983360255967,0.0,0.0,0.0,0.0,0.0,2634.2209430532043,0.0,0.0,0.0,0.0,0.0,0.0,0.0,0.0,0.0
84,0.0793242371960136,0.0178288642524916,0.1065443349340288,0.0205519977807307,0.7430256104394878,2.082273317051736,2.5045106325249256,1.5514921486046478,1508.181685251756,2128.1949741975586,2145.524151623049,1200.5025871519724,0.0,1197.5379925007962,1278.9365614366932,0.0,2700.886247481869,1848.4515866200388,0.0,833.5360837554997,979.7055576870912,0.0,1302.496824780445,2795.5911185918503,489.6074102494548,0.0,0.0,0.0,2955.0,0.0,0.0,0.0,0.0,0.0,2525.0,0.0,0.0,0.0,0.0,0.0,0.0,0.0,0.0,0.0
85,0.138251331149502,0.0359106026710963,0.1428215992624579,0.0163397131167535,0.8507535059046033,2.432084879654724,2.571512122744905,1.7899567381003754,2830.582021478296,2089.5491394628675,3766.463315366479,1077.5784580769423,0.0,1404.6447976200282,1467.6529756583743,0.0,4786.311433360345,1838.7117450945016,0.0,1090.0220336039308,1173.4553527292924,0.0,1528.7911857782342,3201.226919283894,720.2194090330122,0.0,0.0,0.0,2926.1527706130846,0.0,0.0,0.0,0.0,0.0,2501.066958747793,0.0,0.0,0.0,0.0,0.0,0.0,0.0,0.0,0.0
86,0.2030265096454958,0.0556529089036544,0.1824564874942346,0.028241475273793,1.0011352193855771,2.836963565464141,2.6007242459613096,2.0971927659527023,5941.3124261295225,3365.619887736794,4561.048351467125,984.560129051266,0.0,2471.155964509744,2119.9099932504955,0.0,5461.907017168386,1468.3297789340418,0.0,870.6446807465869,1009.5516979149728,0.0,1063.2216704259135,2475.262086222256,471.1212490335516,0.0,0.0,0.0,2713.893800925289,0.0,0.0,0.0,0.0,0.0,2324.933870389132,0.0,0.0,0.0,0.0,0.0,0.0,0.0,0.0,0.0
87,0.2700592308598012,0.0753149543585381,0.224156095472691,0.0524495615681061,1.2273505962841196,3.398411386670831,2.462214125228181,2.544296338223519,8376.0,4575.0,4806.0,1062.0,0.0,3284.0,2584.0,0.0,5502.0,1208.0,0.0,445.0,624.0,0.0,493.71530713670177,1429.0,29.0,0.0,0.0,0.0,2528.5801455857195,0.0,0.0,0.0,0.0,0.0,2171.1458767032045,0.0,0.0,0.0,0.0,0.0,0.0,0.0,0.0,0.0
88,0.3590074383417187,0.0942969412823918,0.2519536876744187,0.0745015067641194,1.5176459789330807,3.954857919568109,2.223859747409596,2.953963044734696,6363.269963263297,3899.149844445963,4656.7567062559365,968.9652229508812,0.0,2568.2597153177885,2102.193560033161,0.0,5303.778449649719,1356.103198044407,0.0,628.3930029902427,711.1476411352028,0.0,212.09678396804824,2008.8642282172348,277.64565077648257,0.0,0.0,0.0,2142.57570571664,0.0,0.0,0.0,0.0,0.0,1858.0669505821047,0.0,0.0,0.0,0.0,0.0,0.0,0.0,0.0,0.0
89,0.4502637952731376,0.1127008618633124,0.2732067228929757,0.0995996354715235,1.8643460018001896,4.476512441825585,1.8975029501255392,3.364748537629802,3852.4875063868103,2561.1063826429963,3295.2758549814525,663.3974151069496,0.0,1589.5973518673404,1338.5584792624788,0.0,3742.981036218913,1028.496650580486,0.0,517.8532034641443,542.7921387097532,0.0,141.80579960154827,1653.2298922348823,289.0825186826899,0.0,0.0,0.0,1994.6949824045987,0.0,0.0,0.0,0.0,0.0,1730.8186469633872,0.0,0.0,0.0,0.0,0.0,0.0,0.0,0.0,0.0
90,0.5207057979667777,0.1185823337142852,0.2834281067523938,0.1299081310564785,2.2102204441242908,4.963934093562639,1.518775485387537,3.812546816993546,2005.4869711540373,1346.7829474822702,1788.9653658400457,362.4562674002877,0.0,828.4484371937855,709.2673992749675,0.0,2036.7785599846568,566.7142635826333,0.0,308.00482812723294,325.23102905381694,0.0,128.3901412533464,968.1000561096298,188.55096491247423,0.0,0.0,0.0,1891.37259805711,0.0,0.0,0.0,0.0,0.0,1592.8533145126255,0.0,0.0,0.0,0.0,0.0,0.0,0.0,0.0,0.0
91,0.5776642624186052,0.1207651237475078,0.28548693193925,0.1582382409844734,2.473041465446061,5.277455891599712,1.1763120712181223,4.107768407423954,1884.4169039885755,1402.6313575476763,2425.3999367370443,513.8038611428763,0.0,788.1305249335502,792.4412300197586,0.0,2807.603363753398,849.1523143547646,0.0,678.1652308352972,737.3870336083245,0.0,672.8863248077342,1997.4527756012087,562.1339429342389,0.0,0.0,0.0,1804.550962754011,0.0,0.0,0.0,0.0,0.0,1490.3527285449263,0.0,0.0,0.0,0.0,0.0,0.0,0.0,0.0,0.0
92,0.6326976463942422,0.123013397481727,0.2767118654108526,0.1710637905581393,2.716746861543742,5.452733011382071,0.8429261051760846,4.234730223940192,1904.022036094108,1530.9302459421608,3067.721682082032,662.7227344074969,0.0,804.3905497315004,905.1533311248126,0.0,3577.6850459426546,1120.4870835793631,0.0,1007.456115906766,1102.9988956057578,0.0,1137.6529048638326,2919.9126431290665,887.05417717293,0.0,0.0,0.0,1773.0,0.0,0.0,0.0,0.0,0.0,1451.0,0.0,0.0,0.0,0.0,0.0,0.0,0.0,0.0,0.0
93,0.6578411730317129,0.1220927880009055,0.2620834808172759,0.1711734771093324,2.8439712868523133,5.292849733874669,0.6558827273875014,4.098131677109027,1962.89912181961,1798.62713088228,4280.735535570169,933.090825933996,0.0,842.3466666586625,1131.2229820839318,0.0,5033.269165612691,1618.9502506031654,0.0,1636.664085243635,1805.777045056702,0.0,2017.4613863695024,4678.584936668785,1508.4969057035375,0.0,0.0,0.0,1402.484893367684,0.0,0.0,0.0,0.0,0.0,1143.1130822974262,0.0,0.0,0.0,0.0,0.0,0.0,0.0,0.0,0.0
94,0.6249398267671292,0.1062005602126243,0.245873743227982,0.175846388770764,2.873384811704635,4.913353253435475,0.5503740096779344,3.820998819400739,2030.5940037427115,1903.6248687310945,4439.834545732688,938.746253936332,0.0,867.2562690514809,1197.386555161618,0.0,5227.522630054214,1645.8858891908876,0.0,1739.2211008943054,1931.864667914237,0.0,2138.47811275262,4954.871494070843,1611.411336800228,0.0,0.0,0.0,1241.5730667769935,0.0,0.0,0.0,0.0,0.0,997.9835583106834,0.0,0.0,0.0,0.0,0.0,0.0,0.0,0.0,0.0
95,0.5630115635880406,0.0895944208042526,0.2878640761849829,0.1828935222745513,2.8980458805623903,4.504982741086248,0.4878484325724962,3.613177663058873,2104.111538749476,2134.1752725982183,4036.6278752228,558.5719882772007,0.0,898.8002112038786,1497.4974941515088,0.0,4925.675457538773,1279.5116158731134,0.0,1956.782374720934,2344.783454584647,0.0,2582.464835050138,5628.9741010309,1869.8756151243492,0.0,0.0,0.0,1483.8181271982885,0.0,0.0,0.0,0.0,0.0,1042.1132357250362,0.0,0.0,0.0,0.0,0.0,0.0,0.0,0.0,0.0
96,0.504079115621262,0.1004725732138207,0.4482042540374746,0.1735356131091026,3.000533243109367,4.254240691329969,0.4271318791128282,3.680741670037476,1543.0115384288115,1402.2438052571222,3732.919514032706,519.1449654094652,0.0,718.8433348230498,1643.820674185049,0.0,4827.217992978075,1410.5985357880097,0.0,2242.12902427318,2771.8775992787,0.0,3277.320466075238,6432.664170346772,2150.8054065568954,0.0,0.0,0.0,1610.1616103209876,0.0,0.0,0.0,0.0,0.0,1066.514215699905,0.0,0.0,0.0,0.0,0.0,0.0,0.0,0.0,0.0
97,0.4501278381176469,0.1201291348024232,0.6330216265585302,0.1519065361196009,3.134238038879813,3.855998244553453,0.365981532675401,3.6510607317092014,1492.3404683864762,924.246026229554,3518.2040490209806,507.4511535689999,0.0,694.7625553313661,1895.4091763604265,0.0,4741.084950999551,1429.4155907846282,0.0,2448.040724918199,3080.18672242702,0.0,3441.74539745942,6746.61755440495,2308.4876311997164,0.0,0.0,0.0,1659.0,0.0,0.0,0.0,0.0,0.0,1087.0,0.0,0.0,0.0,0.0,0.0,0.0,0.0,0.0,0.0
98,0.3650172148343256,0.1391491579933556,0.8357699134003632,0.129633840837209,3.240798029078168,3.3818416685400914,0.3951325527060802,3.6530307407389166,1650.806622874932,253.70939611669743,3538.346042340695,741.4158426896299,0.0,722.0881962835574,2408.3775523152044,0.0,4928.701901039813,1710.568769307897,0.0,2566.3321176806207,3423.752237882521,0.0,3475.9695277402084,6693.224923851758,2308.0130786151585,0.0,0.0,0.0,1634.585874237734,0.0,0.0,0.0,0.0,0.0,1044.0438678345092,0.0,0.0,0.0,0.0,0.0,0.0,0.0,0.0,0.0
99,0.2931050255710231,0.1580523406722311,1.021654262301596,0.1094573874107445,3.3373392025719166,3.042559787193912,0.4740600068940989,3.704984127099909,1879.1080442074133,344.7388974939256,3916.846870401901,1144.2759206109206,0.0,830.7707074337171,2487.7532124656,0.0,5378.328602337038,2169.5991057084634,0.0,2289.4345887562176,3177.7613113155558,0.0,3192.17269933671,5852.44515705853,1954.9563160845555,0.0,0.0,0.0,1591.731664594844,0.0,0.0,0.0,0.0,0.0,994.0603863950712,0.0,0.0,0.0,0.0,0.0,0.0,0.0,0.0,0.0
100,0.2460494465581404,0.1908005597342197,1.2126935892270228,0.0847342617009967,3.4171014349612467,2.7796263918316813,0.5709405674507261,3.799292365346624,1969.9531297592396,479.92194404206776,4026.858065547237,1316.3148393283425,0.0,845.9178534493168,2404.516561683185,0.0,5535.915700505763,2302.7096722638144,0.0,2069.164293101366,2922.6541902488416,0.0,2817.470520655496,5230.297615779918,1735.9380591543672,0.0,0.0,0.0,1571.8390527048366,0.0,0.0,0.0,0.0,0.0,965.5528155614024,0.0,0.0,0.0,0.0,0.0,0.0,0.0,0.0,0.0
101,0.2071731323720939,0.2245825461160241,1.3598195816764662,0.0595257296641962,3.4761652117229813,2.564046742849999,0.6602772365980132,3.899389254194741,2826.844680326499,717.4674525067293,4137.576929614648,1339.6045052402055,0.0,916.6819170434994,2429.2998648624502,0.0,5572.811817645831,2003.8768944000976,0.0,1607.3536054248782,2526.925873386207,0.0,1794.916139657091,3927.2977609508425,1251.0044757859048,0.0,0.0,0.0,1662.6102705525968,0.0,0.0,0.0,0.0,0.0,980.1126415848814,0.0,0.0,0.0,0.0,0.0,0.0,0.0,0.0,0.0
102,0.1674774553300501,0.2356838496045372,1.3959442017704238,0.0480146349581851,3.4634411116496766,2.2154835697866924,0.7669462137999838,3.763515463627684,3484.10130369433,1001.4967663147438,4262.496539777751,1352.877708435183,0.0,941.6690867499956,2332.402722870401,0.0,5631.366987962947,1782.1508794907795,0.0,1113.531821611219,2033.567783055665,0.0,963.3445276020072,2858.790358898345,804.8772553611974,0.0,21.06490205423873,0.0,1943.7590724295808,0.0,0.0,0.0,0.0,0.0,1079.584446399641,0.0,0.0,0.0,0.0,0.0,0.0,0.0,0.0,0.0
103,0.1250862700797348,0.2343183763410859,1.3933417652380968,0.0522995271672201,3.4459321711251363,2.008418026834995,0.9429357481306826,3.746505256883729,3200.664774386407,939.4273393115212,3767.780541212288,1113.4057520304682,0.0,823.0957063848008,2020.0021478272436,0.0,4976.276250517114,1448.0841664786983,0.0,889.7641647538209,1697.7430225464875,0.0,722.7939714157758,2379.4297307716224,623.3274970110067,0.0,712.178663932019,510.39215485067945,2951.609143392259,0.0,0.0,17.42137589796437,0.0,0.0,2022.7750064282416,0.0,0.0,0.0,0.0,0.0,0.0,65.20079296465873,0.0,0.0
104,0.1165564574551499,0.2342957400000006,1.37982520213704,0.052061601528239,3.3986620663779097,2.0053956310390397,1.0734464764335627,3.848203623889544,3238.5549769949853,955.7107568084548,3013.27858045032,295.7007034100614,0.0,590.2511087332938,1452.297595050706,0.0,4049.1387248066026,384.584383893972,0.0,380.9886993732284,1012.3680608851012,0.0,191.95560941092683,1538.047850921438,165.5468258124449,0.0,1403.3770585694172,1412.1348536726582,4190.244134479689,0.0,0.0,224.8839165059292,0.0,0.0,3520.988384266379,0.0,0.0,0.0,0.0,0.0,0.0,665.3920846873167,0.0,0.0
105,0.1288649221594689,0.2315855415238102,1.2981878462502754,0.0493730631627905,3.2753201616655625,1.9692154534175017,1.1620570246888238,3.808010620934667,3351.1639954885795,986.0937567039434,2420.559950290909,0.0,0.0,444.47687077522016,1091.6922980230113,0.0,3333.702520959664,0.0,0.0,83.88582069776773,555.3171429379521,0.0,0.0,1047.170234783313,0.0,0.0,1360.1997780972222,1514.42090027144,3710.1587580558607,0.0,0.0,291.84407903206005,0.0,0.0,3242.852122117334,0.0,0.0,0.0,0.0,0.0,0.0,787.831310159399,0.0,0.0
106,0.1394854043530266,0.2054192185003616,1.1020173789767436,0.0467372412358802,3.0414130727597875,1.7633321003928966,1.2546994770481092,3.459631417215083,2045.248291938748,475.4043306853288,1426.739222700843,0.0,0.0,159.56743368607408,404.7292219692823,0.0,1881.5250168298344,0.0,0.0,5.777500156174828,110.0947949663507,0.0,0.0,337.0169027392324,0.0,0.0,746.051201694181,840.2442784704658,1998.7009460560537,363.103235539292,0.0,167.02095931129043,99.58826464489664,0.0,1749.7509554888966,437.0320386001172,0.0,107.84491566190374,88.15011318492655,0.0,121.57105166590236,414.3333543795193,0.0,0.0
107,0.1386137566644525,0.1760630203853822,0.8837448198514758,0.042597062706273,2.698826598622629,1.5218284681266394,1.3417825786820483,3.1153443154895437,320.503641353896,0.0,612.4070160762213,0.0,0.0,0.0,0.0,0.0,737.0282004901918,0.0,0.0,0.0,0.0,0.0,0.0,0.0,0.0,0.0,1872.170708119005,2543.4445511725444,3365.9861635516586,1438.2791027422495,0.0,734.2895755699187,382.4971856597225,0.0,3073.647369391968,1358.1896899129877,0.0,400.80246153695697,121.72437946890126,0.0,417.05002774196953,232.47343814147027,0.0,0.0
108,0.1330624452659692,0.144709918564784,0.6431571639257823,0.0353702591760795,2.245608290378484,1.3347796176726698,1.3559323372985723,2.7512861268009754,0.0,0.0,384.23733285419735,0.0,0.0,0.0,0.0,0.0,528.9298042786103,0.0,0.0,0.0,0.0,0.0,0.0,0.0,0.0,0.0,4066.166390566444,5650.532338242881,6349.631179350832,1732.580352508802,0.0,1804.5739363384023,463.58160876762,0.0,5803.862524803988,1038.7763245208057,0.0,434.3273110759648,0.0,0.0,397.112059485694,125.15077755190858,0.0,0.0
109,0.119699263255814,0.1160700659401997,0.4266688106995729,0.0287495804793543,1.7762074015358351,1.209990862835318,1.2800553046302865,2.3897913076516346,0.0,0.0,236.25183771085804,0.0,0.0,0.0,0.0,0.0,407.2231467949883,0.0,0.0,0.0,0.0,0.0,0.0,0.0,0.0,0.0,6133.071829887938,8273.334871905437,8472.549424657138,2019.102661673388,0.0,3044.245519105917,676.6112227968055,0.0,7428.664860984731,739.5180576381715,0.0,470.3633895644365,0.0,0.0,375.6650078015735,273.72300763949585,0.0,0.0
110,0.104641641866096,0.085969426284363,0.2076162520117125,0.0262807919999997,1.345438032931812,1.0990466903933844,1.1878281114695688,1.9796991021379584,0.0,0.0,73.19831510109567,0.0,0.0,0.0,0.0,0.0,270.18552681594565,0.0,0.0,0.0,0.0,0.0,0.0,0.0,0.0,0.0,6226.65524347177,8495.279109933519,8415.707944494463,1895.5401859954056,0.0,3115.9613405506107,754.1505268727925,0.0,7436.417317319494,677.0575132252083,0.0,504.4843206197288,0.0,0.0,355.3422263434704,698.9394136164267,0.0,0.0
111,0.0901657022591364,0.0750884142051663,0.0404419470233908,0.0243119271570952,0.9855012405196312,1.0400450029528852,1.084086309384235,1.631065654202723,0.0,0.0,0.0,0.0,0.0,0.0,0.0,0.0,139.5342460345727,0.0,0.0,0.0,0.0,0.0,0.0,0.0,0.0,0.0,5521.42979327058,7929.971115919993,8204.031925466144,1688.043863607779,0.0,2645.3543344532204,835.0738075345436,0.0,7534.725742913096,847.6295081898184,0.0,541.5629838446382,0.0,0.0,333.2948816799543,1161.1211381795526,0.0,0.0
112,0.0769927977887047,0.1105299526405317,0.0086092533687702,0.0202118120132888,0.7880931473913628,1.1830145760106372,0.9844176577116348,1.604618832691026,0.0,0.0,0.0,0.0,0.0,0.0,0.0,0.0,80.3817566891223,0.0,0.0,0.0,0.0,0.0,0.0,0.0,0.0,0.0,4343.462404443143,6727.610886116167,7609.623941196796,1229.2389381256833,0.0,1915.3483577914571,991.0300145047024,0.0,7336.542222542768,1036.4388142441176,0.0,738.2855508948526,179.0278042463848,0.0,433.5358564030821,1774.1543707798517,0.0,0.0
113,0.0655899575681067,0.1598257014108528,0.0012611980819485,0.0163170190299001,0.6680886199579179,1.3918402924629072,0.8361675252270269,1.5170785036434071,0.0,0.0,0.0,0.0,0.0,0.0,0.0,0.0,72.63133152762265,0.0,0.0,0.0,0.0,0.0,0.0,0.0,0.0,0.0,4338.504685163863,6554.431661789016,6818.079992701429,610.2562150645498,0.0,2042.9773625725013,1273.7812189711124,0.0,6533.336818407815,716.8782097068377,0.0,1121.4805564918152,606.8839893652826,0.0,644.0790210502101,2364.100757138432,0.1984227052744935,0.0
114,0.055324254857143,0.2435458275747509,-5.417888360170766e-16,0.0181863476013286,0.6849583693392091,1.5459105687382255,0.7210914199156613,1.3754460139534852,0.0,0.0,0.0,0.0,0.0,0.0,0.0,0.0,64.39250138945958,0.0,0.0,0.0,0.0,0.0,0.0,0.0,0.0,0.0,4759.449171164187,7294.884157379382,6498.542866170224,418.5878717797765,0.0,2301.4682520788256,1491.6199915603654,0.0,6171.068164253959,464.6990516539735,0.0,1199.4083539724863,793.7545814854593,0.0,479.9833300224453,2332.3781331891505,0.7536386098966001,0.0
115,0.0453575531960133,0.3330402189368776,-5.417888360170766e-16,0.0220988957740861,0.722806216746531,1.6595674613891014,0.6447382910971348,1.2547096226030865,0.0,0.0,0.0,0.0,0.0,0.0,0.0,0.0,29.294391354769093,0.0,0.0,0.0,0.0,0.0,0.0,0.0,0.0,0.0,4968.831344192269,7704.127919207118,6536.357918129472,466.8323639263143,0.0,2454.490052520308,1537.3508788708364,0.0,6155.044836496048,411.6585289945632,0.0,1145.6869183665765,771.5948767677164,0.0,403.2847517559508,2207.4523878296363,0.0295228663136573,0.0
116,0.0347139768156461,0.422434057422429,-5.417888360170766e-16,0.0261679458737539,0.7633427487602349,1.787768477215829,0.547768571193639,1.1312146084738923,0.0,0.0,0.0,0.0,0.0,0.0,0.0,0.0,5.285611197958971,0.0,0.0,0.0,0.0,0.0,0.0,0.0,0.0,0.0,5112.575622304084,7990.853505296013,6567.303173568102,511.0284424829214,0.0,2566.51808060013,1582.412014429272,0.0,6146.169758953749,378.3387922060815,0.0,1119.733168640886,780.4915226129929,0.0,363.2828039839793,2140.6549975720427,0.0,0.0
117,0.0224423763189372,0.4867831896900526,-5.417888360170766e-16,0.0322930339816296,0.8299683674363905,1.867297701858911,0.4528375179714751,0.949951805243698,0.0,0.0,0.0,0.0,0.0,0.0,0.0,0.0,0.0,0.0,0.0,0.0,0.0,0.0,0.0,0.0,0.0,0.0,4807.141315569137,7448.141717060781,6551.752570034817,543.6253246058401,0.0,2407.9523836752865,1653.2833333717122,0.0,6184.425711711194,483.0397242603758,0.0,1310.5918683567295,1057.2986871903486,0.0,597.7249702447988,2514.471091684839,0.0,0.0
118,0.0132956436650562,0.5244364594503166,-5.417888360170766e-16,0.0401538641262456,0.9159311215451535,1.8153541352908584,0.3798619450048386,0.7552788421585613,0.0,0.0,0.0,0.0,0.0,0.0,0.0,0.0,0.0,0.0,0.0,0.0,0.0,0.0,0.0,0.0,0.0,0.0,4342.215860216608,6604.922002612497,6515.221208168251,560.8490817315347,0.0,2146.2334663523543,1718.501236610768,0.0,6237.693706132314,633.7323026026398,0.0,1566.367313862964,1402.8360004400888,0.0,916.3122188016006,3024.044247903716,0.0,0.0
119,0.0126445320000003,0.5539190933596337,-5.417888360170766e-16,0.047531179629568,1.0187376585398675,1.6976447678272495,0.356956253093029,0.5839897717151137,0.0,0.0,0.0,0.0,0.0,0.0,0.0,0.0,0.0,0.0,0.0,0.0,0.0,0.0,0.0,0.0,0.0,0.0,4204.431914155247,6354.995015167675,6504.398931295255,565.9656698699224,0.0,2068.6861696796564,1737.8474103740466,0.0,6253.470657650028,678.422381432193,0.0,1642.1754539583344,1505.236504654815,0.0,1010.7317840508948,3175.055908559821,0.0,0.0
120,0.0123812292750359,0.5533828413701937,-5.417888360170766e-16,0.0498343319999999,1.0431253802861884,1.5531161208552509,0.3288809743056529,0.442245071919551,0.0,0.0,0.0,0.0,0.0,0.0,0.0,0.0,0.0,0.0,0.0,0.0,0.0,0.0,0.0,0.0,0.0,0.0,3762.747878641957,5447.925106737254,6435.177516371373,572.7685799163226,0.0,1823.689925194812,1850.4733513282324,0.0,6299.426882850959,827.2119402146387,0.0,1952.313856908556,1915.975378177501,0.0,1343.3965874714388,3739.787645798459,312.89412838066306,0.0
121,0.0105441114019936,0.5261956331968604,-5.417888360170766e-16,0.0498343319999999,1.045716958685233,1.3719084394904986,0.2969620382786504,0.3432104957808692,0.0,0.0,0.0,0.0,0.0,0.0,0.0,0.0,0.0,0.0,0.0,0.0,0.0,0.0,0.0,0.0,0.0,0.0,3998.973059977269,5407.849232341237,6598.602613891448,785.2218888933199,0.0,1844.3062550236596,1874.7364847104288,0.0,6524.857580151197,937.8032776265784,0.0,1843.852632190231,1848.6821741146669,0.0,1216.9955230159349,3489.218210947153,625.3955067024664,0.0
122,0.0084856992159471,0.4801677127269875,-5.417888360170766e-16,0.0498343319999999,1.0412273306617148,1.1485643306664113,0.2652748361321146,0.2707581532835621,0.0,0.0,0.0,0.0,0.0,0.0,0.0,0.0,0.0,0.0,0.0,0.0,0.0,0.0,0.0,0.0,0.0,0.0,4519.890720608391,5803.209738563704,7210.805874822645,1387.1395949457465,0.0,1866.361508480094,1603.2822011388605,0.0,7164.345978758321,1221.6698944672164,0.0,1188.8800049756253,1171.6653686583377,0.0,704.3216572579756,2375.794764086876,270.3811689077434,0.0
123,0.0063642744119604,0.4295401472380057,-5.417888360170766e-16,0.0493730302150165,0.9862913042718928,0.9067239125031294,0.2317872282721652,0.3045992061289014,0.0,0.0,0.0,0.0,0.0,0.0,0.0,0.0,1.4553551694339717,0.0,0.0,0.0,0.0,0.0,0.0,0.0,0.0,0.0,4771.711839719683,5880.221639485481,7749.038666391403,1874.0713853085776,0.0,1831.4371502467225,1339.905845825126,0.0,7731.742120840864,1478.2634354381996,0.0,710.2538368091044,637.8792556321932,0.0,344.22190028225833,1564.3768885745164,43.40664810214548,0.0
124,0.004662933727575,0.3712970219723495,0.0017272073441212,0.0445313877607972,0.873565750405315,0.7706708881941987,0.2160113727707694,0.381808717015966,0.0,0.0,22.664827779037285,0.0,0.0,0.0,0.0,0.0,102.72383358701862,0.0,0.0,0.0,0.0,0.0,0.0,0.0,0.0,0.0,4656.696282109061,5258.0356175752,8764.229828073087,2604.927760741172,0.0,1531.1824065439164,846.0187468986713,0.0,8685.016006767642,1881.4306992008048,0.0,197.5407008933676,95.07262551201676,0.0,56.099179142884026,764.589856133789,2.89349278844177,0.0
125,0.0027305467774089,0.3182796161461788,0.0090293374883715,0.0369155097807307,0.7221954393089696,0.6542126091382888,0.2163029200618758,0.4714596782565195,317.49774047340185,0.0,722.1597185103731,0.0,0.0,0.0,0.0,0.0,963.8763121726554,0.0,0.0,0.0,0.0,0.0,0.0,0.0,0.0,0.0,4279.800457618362,4591.097568428767,8921.244866764162,2652.3748902115967,0.0,1153.8826130557352,393.5419775745671,0.0,8684.066873612099,1701.8546947272907,0.0,3.941004257903428,0.0,0.0,0.0,317.5184352823054,0.0,0.0
126,0.0005433696764411,0.2570696532956809,0.0176225288172752,0.0280579125647839,0.5437484325916503,0.5095253289585508,0.2849465500733843,0.5942392131775217,1187.674808588028,2.682211246710966,1828.4090838328812,0.0,0.0,0.0,0.0,0.0,2016.41094305512,0.0,0.0,0.0,0.0,0.0,0.0,0.0,0.0,0.0,3998.914768364536,4195.335103444954,8731.810837180374,2444.6388284481586,0.0,915.6819900265194,89.23117226079279,0.0,8350.1911864671,1343.595973537332,0.0,0.0,0.0,0.0,0.0,28.69388406584924,0.0,0.0
127,3.126388037344436e-16,0.2126597446115512,0.0254929283521589,0.0199453468903653,0.3764916325200605,0.3863157875374473,0.3637660458277593,0.6737806811638105,1940.0451306258187,909.4125537716386,2805.2694014367016,0.0,0.0,71.99329035171178,108.11355608948064,0.0,3053.286243075235,9.666223953456754,0.0,5.026436455797512,17.68918983482586,0.0,21.7490038952777,533.18299547714,0.0,0.0,3602.704130544997,3582.1920682926025,7872.401182658068,1530.750962221035,0.0,661.1830106997648,21.175353931270735,0.0,7247.166119040869,594.1220910760946,0.0,0.0,0.0,0.0,0.0,0.0,0.0,0.0
128,0.0012849954911083,0.2168277669298415,0.0492631241930813,0.0114188748039864,0.2140369289560281,0.2945694773140582,0.4408687383576372,0.7526226763759998,2040.1353413491192,1984.741647945481,3269.2732951028074,47.87008521545634,0.0,286.8615043609707,330.39834185155854,0.0,3772.879721931117,140.85580780284684,0.0,48.697786736101854,145.32016734441015,0.0,182.88467233005213,1404.0571782528525,8.242222843517288,0.0,2995.5654924109067,2678.837644629155,6610.246681994678,453.9449586612929,0.0,377.354846749392,0.0,0.0,5858.882658361472,56.51353816501312,0.0,0.0,0.0,0.0,0.0,0.0,0.0,0.0
129,0.0307467878961042,0.3086743515667772,0.1509498375939591,0.0030770824794923,0.0930827933429174,0.3473928683793481,0.5542131450672357,0.9103956409022028,2184.4680665666738,2341.5710877794445,3570.11473466181,251.15183201199915,0.0,441.0346118134418,455.62266980929934,0.0,4254.732576244554,443.8271837725877,0.0,102.00234268980788,222.2526533819013,0.0,295.36160274266126,1678.0741947003785,43.24306835226055,0.0,2527.500744232555,2088.629169345046,5950.859770016427,136.4515248910792,0.0,261.183286908078,0.0,0.0,5185.392966216699,0.0,0.0,0.0,0.0,0.0,0.0,0.0,0.0,0.0
130,0.0937878045711269,0.4256766672866198,0.2780671386786467,0.004603627734219,0.111355314349743,0.4910053452621631,0.6571386553509567,1.0945837995330687,2726.5053818732817,2784.860994283959,4129.427780400157,868.037218159192,0.0,747.8660062503351,656.9392705562931,0.0,5067.826564086309,1259.975581891347,0.0,210.10126589578877,302.6559761698492,0.0,442.7136238740632,1754.3195464049888,151.73912006672094,0.0,1607.627795836651,1118.643116843484,5078.61513715064,73.08169460740997,0.0,139.88643384976635,0.0,0.0,4277.291550264142,0.0,0.0,0.0,0.0,0.0,0.0,0.0,0.0,0.0
131,0.1766930779235884,0.554602303207973,0.4367138908006645,0.0112854363189366,0.28212474691495,0.6741389691986777,0.7457200950936937,1.259533465829897,4198.592359803716,3812.268521423781,4992.6798062359,1735.3277282633037,0.0,1433.375741962773,968.5785889056568,0.0,6003.576396929223,2160.482828285208,0.0,233.95643052954068,276.3100858567853,0.0,428.1468261856695,1369.063516851976,323.8579518470402,0.0,177.76148705526842,0.0,3696.0242230159342,0.0,0.0,0.0,0.0,0.0,2995.6906556982294,0.0,0.0,0.0,0.0,0.0,0.0,0.0,0.0,0.0
132,0.271716740708472,0.719830200976745,0.6522744796769101,0.018224237541528,0.6250761264892027,0.9491584462624654,0.7915229100000047,1.463852167794018,5503.255367428753,4622.770081979404,5319.194612609734,1963.922679138601,0.0,1945.9197060364904,1103.1520210668918,0.0,5992.092108208838,2087.2732032476647,0.0,83.99520197537116,105.7853482126062,0.0,162.0400375835678,663.2163557651467,392.3994954405621,0.0,0.0,0.0,3185.505645455089,0.0,0.0,0.0,0.0,0.0,2613.248048923273,0.0,0.0,0.0,0.0,0.0,0.0,0.0,0.0,0.0
133,0.3581830771893692,0.8638539821461815,0.8980102411919684,0.0242635645315612,1.110567774012134,1.3444648638520942,0.8262665884636757,1.7671735780681772,6506.7559690522185,5595.40251331164,5341.131851110995,1802.7321410891293,0.0,2353.454422418264,1503.9466892484902,0.0,5796.217399694919,1765.9775736817992,0.0,15.511359092481545,243.11729784642085,0.0,312.5040607523426,710.9059933009681,472.5082108026357,0.0,0.0,0.0,2753.669420940058,0.0,0.0,0.0,0.0,0.0,2279.521068586741,0.0,0.0,0.0,0.0,0.0,0.0,0.0,0.0,0.0
134,0.4510938291300436,0.9777042065161388,1.161966309900569,0.0308168767973419,1.683583584503324,1.7961842645410584,0.8485621994601374,2.112813211914331,6052.7175566924125,5449.070328615833,5174.840124452503,1559.3431627655063,0.0,2155.903528410964,1551.5855669829982,0.0,5706.951340189799,1674.434405759902,0.0,127.27109128479256,469.8626547708755,0.0,598.9002778104838,1219.9626922125935,525.1413584985636,0.0,0.0,0.0,2653.6894814086563,0.0,0.0,0.0,0.0,0.0,2203.5046870143174,0.0,0.0,0.0,0.0,0.0,0.0,0.0,0.0,0.0
135,0.5179978017649355,1.003029910205981,1.3646230120769745,0.037341841544286,2.3953974036053416,2.161139973163421,0.8163132736939817,2.379556859811945,4736.942915722508,4669.764644976634,4710.477366548266,1020.131315281592,0.0,1670.887369728517,1518.7301885587574,0.0,5409.782349450103,1514.221871244926,0.0,802.2017665044506,834.9515410839812,0.0,1060.0484874670813,2613.6390940756564,609.8990035427287,0.0,0.0,0.0,2485.9881805816462,0.0,0.0,0.0,0.0,0.0,2072.8906922842475,0.0,0.0,0.0,0.0,0.0,0.0,0.0,0.0,0.0
136,0.5442520345435222,1.0186483082950155,1.5156687019481694,0.0386773919999996,3.0620246495069776,2.429348916433229,0.7330698521461858,2.5604711180518294,4003.491619044448,4008.281816483177,3953.895969886848,479.63723986613365,0.0,1535.79923385115,1582.6603049918692,0.0,4834.85321762167,1142.4735675563345,0.0,1494.0905395047043,1341.6614025383303,0.0,2135.091637051165,4765.931880832527,1222.5511545574573,0.0,0.0,0.0,2333.9272241965887,0.0,0.0,0.0,0.0,0.0,1948.100002133673,0.0,0.0,0.0,0.0,0.0,0.0,0.0,0.0,0.0
137,0.5568921767371511,1.0134911191940568,1.6348779661231148,0.0386773919999996,3.653532703063516,2.6896264172351074,0.6452129651561526,2.74171104990346,1244.8101589640328,1918.2419796174383,2906.5821170880386,126.17290942559556,0.0,480.5470163521784,1062.8867971855684,0.0,4159.133304115148,990.0982885350212,0.0,2221.493857015233,2216.5185620676434,0.0,4085.116576608599,8232.184616132654,2725.5128293503435,0.0,0.0,0.0,2190.279952935512,0.0,0.0,0.0,0.0,0.0,1826.500775909628,0.0,0.0,0.0,0.0,0.0,0.0,0.0,0.0,0.0
138,0.5590289221939695,0.943614333821107,1.68803695929951,0.0386773919999996,4.176867286768723,2.880238937984676,0.5457046681104062,2.844623392134676,597.8050203188113,139.79122311478935,1800.53690748921,3.978877318257761,0.0,247.15066357097763,1984.8783766153688,0.0,3073.816883925402,273.0085119595079,0.0,3887.751563167386,3846.078982963891,0.0,4661.160636902376,11362.497864427462,4980.6348153939,0.0,0.0,0.0,1996.564117504252,0.0,0.0,0.0,0.0,0.0,1617.0083027513151,0.0,0.0,0.0,0.0,0.0,0.0,0.0,0.0,0.0
139,0.5276932497323823,0.8106569179534873,1.611381974764401,0.038333227964091,4.518845137432676,2.7929913792286776,0.4261228857781909,2.714305312376045,497.81975409174566,0.0,1592.0763736526433,0.0,0.0,214.32281005985536,2088.204683433092,0.0,2876.6252538123395,66.95824702588031,0.0,4135.984725269472,4092.9745421157854,0.0,4748.641548902245,11922.509167904327,5534.30957604808,0.0,0.0,0.0,1942.6689348429288,0.0,0.0,0.0,0.0,0.0,1552.7667775593427,0.0,0.0,0.0,0.0,0.0,0.0,0.0,0.0,0.0
140,0.4619441373711165,0.6866557898119995,1.4910376426820413,0.0333670345116276,4.776007742591364,2.607344794297445,0.3128181511213659,2.5060899210873555,212.4026341160859,0.0,1511.087231605649,0.0,0.0,92.17472801264108,1836.006430377443,0.0,2916.6968672520725,88.33476313563985,0.0,4070.814914696254,3861.1264961407696,0.0,5072.731413058257,12323.898154453813,5733.105962217977,0.0,0.0,0.0,1902.358664875926,0.0,0.0,0.0,0.0,0.0,1501.1583380253032,0.0,0.0,0.0,0.0,0.0,0.0,0.0,0.0,0.0
141,0.3807404412398676,0.5586486028696358,1.353148706683855,0.0345134687848502,4.94534985636678,2.4003039727566864,0.2145936794734939,2.272750635588035,0.0,0.0,1224.314897040871,0.0,0.0,0.0,1431.596774722272,0.0,3131.280590688265,256.33840519459017,0.0,3777.4082912540784,2846.26465574723,0.0,6381.217323434377,13872.969494462935,6364.190472939205,0.0,0.0,0.0,1834.902020958731,0.0,0.0,0.0,0.0,0.0,1415.4835664266766,0.0,0.0,0.0,0.0,0.0,0.0,0.0,0.0,0.0
142,0.2950222030284876,0.4091759352956823,1.201554374558282,0.0464983698737539,5.022744345939637,2.1281320945201205,0.1588708718671151,2.0481339351407297,0.0,0.0,1086.9801399064206,0.0,0.0,0.0,1215.6292298168098,0.0,3089.9972074726743,204.9659948891664,0.0,3611.398260100762,2536.807436365717,0.0,6382.860341928985,13972.467270290554,6385.951763491222,0.0,0.0,0.0,1769.4448917195089,0.0,0.0,0.0,0.0,0.0,1337.0588040598632,0.0,0.0,0.0,0.0,0.0,0.0,0.0,0.0,0.0
143,0.2158764807074459,0.2590528428063317,1.0339801285831542,0.0587277599202655,4.933634609874542,1.7181415942372569,0.1047871007043245,1.7208022562016765,0.0,0.0,727.2111862870047,0.0,0.0,0.0,948.8862489619444,0.0,2084.34204264497,91.7653436218612,0.0,2459.6916743867814,1754.0278383739007,0.0,4219.411584708704,9478.818391619365,4331.807290610394,0.0,0.0,0.0,1671.5979869945588,0.0,0.0,0.0,0.0,0.0,1216.9580577641118,0.0,0.0,0.0,0.0,0.0,0.0,0.0,0.0,0.0
144,0.1715681824712593,0.1319750443898949,0.9217021530588608,0.07170588813289,4.777634378342386,1.2909451996650216,0.0792956876389445,1.3678566340653122,0.0,0.0,545.7655130108002,0.0,0.0,0.0,701.3332456275241,0.0,1925.2783158086725,32.95797570061749,0.0,2276.300156967324,1454.7738655451924,0.0,4016.088237362556,9389.839374087656,4078.408577059192,0.0,0.0,0.0,1607.026301475865,0.0,0.0,0.0,0.0,0.0,1142.6085978663352,0.0,0.0,0.0,0.0,0.0,0.0,0.0,0.0,0.0
145,0.1636715822033225,0.0790277072292355,0.92175953951628,0.0841368087308966,4.520993362291033,0.9991063245289104,0.2238428390192745,1.1242926002551448,0.0,0.0,750.4959252144529,0.0,0.0,0.0,548.3041978746255,0.0,2958.576709666412,0.0,0.0,3543.32696107284,2173.663320111204,0.0,6268.59685810084,15004.194175711884,6247.6787522874565,0.0,0.0,0.0,1599.1740012502205,0.0,0.0,0.0,0.0,0.0,1105.3536898334996,0.0,0.0,0.0,0.0,0.0,0.0,0.0,0.0,0.0
146,0.1902442863012603,0.0317660679776837,0.9671294094467504,0.1010895367574747,4.26650331231493,0.7995472704424325,0.4304650618145859,0.963537635829246,0.0,0.0,815.9477865193676,0.0,0.0,0.0,559.3768811780885,0.0,2966.103239493603,0.0,0.0,3607.201145933208,2335.165281287728,0.0,6243.759309671111,14899.184610526756,6125.777917278612,0.0,0.0,0.0,1592.660658130536,0.0,0.0,0.0,0.0,0.0,1100.4324972541829,0.0,0.0,0.0,0.0,0.0,0.0,0.0,0.0,0.0
147,0.2319073289603367,0.000607331698962,1.0300649204610486,0.1135841900055592,3.9927315063527087,0.6072298466344921,0.664705692000005,0.8244833336782127,0.0,0.0,1191.0584872038787,0.0,0.0,0.0,696.911972556478,0.0,3014.224663422631,0.0,0.0,3946.0418543609153,3223.538341219586,0.0,6075.70662608842,14231.865635329425,5425.957706654084,0.0,0.0,0.0,1548.7408456756384,0.0,0.0,0.0,0.0,0.0,1071.4295847996848,0.0,0.0,0.0,0.0,0.0,0.0,0.0,0.0,0.0
148,0.2828210386312297,-5.559996907322784e-16,1.1148828593599107,0.1138007879999995,3.676485943951281,0.4826752958516123,0.9014673440863826,0.7285186662857106,0.0,0.0,1335.1113719589837,0.0,0.0,0.0,1042.4965003251125,0.0,3051.363924890913,0.0,0.0,3939.634981658203,3447.6646159523348,0.0,5815.796573602145,13565.967360769731,5110.304731659733,0.0,0.0,0.0,1542.2301568620792,0.0,0.0,0.0,0.0,0.0,1039.5541855301717,0.0,0.0,0.0,0.0,0.0,0.0,0.0,0.0,0.0
149,0.3234620898062873,-5.559996907322784e-16,1.2062426356514169,0.1138007879999996,3.482160460504987,0.4927412268683939,1.118141195920269,0.7429718621201075,382.97713719982505,271.4742854511546,1615.853698756748,0.0,0.0,295.3318776045864,2222.542298897865,0.0,3145.0677922851887,0.0,0.0,3308.4218711743624,4069.549151690586,0.0,3740.460917180554,9588.684157727495,3864.029207991107,0.0,0.0,0.0,1742.163438568935,0.0,0.0,0.0,0.0,0.0,1127.03293268256,0.0,0.0,0.0,0.0,0.0,0.0,0.0,0.0,0.0
150,0.3299974920000005,-5.559996907322784e-16,1.2566804606627613,0.1138007879999995,3.282912630640415,0.5086584443720996,1.323559484915738,0.7878962511606106,1434.1262714315294,960.2063103616684,1630.505960524133,0.0,0.0,944.3583083141418,2965.939659223015,0.0,3010.7216165945,0.0,0.0,2583.670685579628,4279.756124022833,0.0,1851.8286192217777,6175.48218018832,2807.735150508499,0.0,550.0767288682873,166.1982357432367,2411.154256242936,0.0,0.0,7.763487776471278,0.0,0.0,1472.8179504807538,0.0,0.0,0.0,0.0,0.0,0.0,2.8230864641713738,0.0,0.0
151,0.3299974920000006,-5.559996907322784e-16,1.267030402345517,0.1089106911371614,3.083873450756533,0.524679279909831,1.4052308017275774,0.8412676358215426,1337.8934546135386,830.257313188597,957.658049747192,0.0,0.0,692.4853291995523,1994.1846393931107,0.0,1783.9962463808438,0.0,0.0,1277.4082163132246,2652.315797907815,0.0,603.8668341143015,3068.905509485841,1491.263734235371,0.0,1549.4748337412127,875.2613920873367,2981.5390457455123,0.0,0.0,128.7647091011035,0.0,0.0,1897.378023197866,0.0,0.0,0.0,0.0,0.0,0.0,121.7184168954019,0.0,0.0
152,0.3299974920000006,2.349490080627836e-05,1.2217384505211208,0.0894613128429043,2.745966387979126,0.5221965670735712,1.427172907935456,0.827077330236351,1388.0433650993384,756.6934855612818,616.8561281403827,0.0,0.0,415.20969708472,1195.7257091524666,0.0,1120.2628340947128,0.0,0.0,280.28107606514294,1590.355335557953,0.0,132.49692540130766,1840.139485740278,894.1762233732375,0.0,1843.3344127759815,1434.670239069958,3522.485990975209,0.0,0.0,286.5917249740921,22.30931999645772,0.0,2521.8823518115337,0.0,0.0,12.171426125570994,6.033993121741995,0.0,1.9998377203487756,673.7468630292519,0.0,0.0
153,0.315439176109071,0.0180615656776776,1.1161755814507603,0.0886992776498462,2.319488078862165,0.4880294855643524,1.4452590524651203,0.7552609084392864,1762.9317082995103,866.1460873928716,441.9849733342608,0.0,0.0,252.5118876320421,727.2117268225485,0.0,760.6070016930767,0.0,0.0,0.0,967.1986049923366,0.0,0.0,1119.112427383251,543.7625991915817,0.0,2196.232685137026,2307.752976562359,4195.435067195378,0.0,0.0,483.9200304980001,228.5835045008297,0.0,3513.1761016998503,0.0,0.0,168.97531030558378,83.76952723867676,0.0,27.76359176531111,1495.8570516408015,0.0,0.0
154,0.2654313865116284,0.052890238046511,0.9615796475592,0.1268728173687706,1.9553800099730057,0.4337547819845975,1.4329446992224553,0.678068818457902,2289.9477810550347,1045.5001184047742,226.5207116780101,0.0,0.0,48.82856769085769,140.64027597266394,0.0,314.43350404493464,0.0,0.0,0.0,187.05366719709207,0.0,0.0,216.4208129265757,105.14768268339536,0.0,1774.7397505290417,2154.4739065684003,3291.6638918631024,0.0,0.0,440.5376340564328,334.85513159458594,0.0,2987.6870406512253,0.0,0.0,256.6197053505057,129.23520232248435,0.0,41.53535035235619,1440.3181036719864,57.79947205947875,0.0
155,0.2122590331495019,0.0867271901860459,0.7702265396332245,0.1652240264053155,1.6142712821437954,0.3762734149770168,1.2702077758524994,0.5968929622748131,1634.9239238047685,1720.265266808139,74.93391222069654,0.0,0.0,0.0,0.0,0.0,88.90464161777555,0.0,0.0,0.0,0.0,0.0,0.0,0.0,0.0,0.0,2401.9281273625984,3307.6575400362613,3206.4761254496,0.0,0.0,854.1063707472947,629.5030483810808,0.0,2949.656968666291,0.0,0.0,395.2048604477001,319.8654265030928,0.0,26.34338766325769,1451.3066961947595,164.21842187174542,0.0
156,0.156894005421927,0.1219786193386744,0.5585562008372108,0.2055858733554815,1.21637093049053,0.2943872955044039,1.059128873827642,0.5668422430025365,956.7843137254902,2044.9803921568628,0.0,0.0,0.0,0.0,0.0,0.0,0.0,0.0,0.0,0.0,0.0,0.0,0.0,0.0,0.0,0.0,3892.171439320377,5663.2563058982005,4228.527586435825,0.0,0.0,1584.2045810594686,1156.8900157857695,0.0,3932.60269782109,0.0,0.0,677.6427633216607,630.7560549227792,0.0,19.90010436791327,1965.9568759435117,113.52037946209154,0.0
157,0.1031734834684386,0.1659310190406441,0.3677379930133596,0.2679531705842934,0.8952590555753229,0.2187822805714354,0.843165662950173,0.619686151420367,0.0,0.0,0.0,0.0,0.0,0.0,0.0,0.0,0.0,0.0,0.0,0.0,0.0,0.0,0.0,0.0,0.0,0.0,5145.101178977954,7617.713903109848,5100.548853596906,0.0,0.0,2231.5725127988626,1618.6633136208704,0.0,4820.065872275857,0.0,0.0,932.6998484773608,905.0791533218684,0.0,57.134647441779606,2411.642516119179,70.83004585612379,0.0
158,0.0494529615149501,0.2300510007402771,0.2027173335477819,0.3716681892757472,0.6894481782693065,0.1582086054571104,0.626392082188008,0.7168260342411518,0.0,0.0,0.0,0.0,0.0,0.0,0.0,0.0,0.0,0.0,0.0,0.0,0.0,0.0,0.0,0.0,0.0,0.0,4727.159133982083,6727.477320070218,5282.665367471707,89.61427240847837,0.0,2115.4603484417084,1745.7956644340336,0.0,5292.621818982038,212.1929056109317,0.0,1331.2593682512738,1254.728051908344,0.0,677.8994367140767,3092.099526531265,293.55052892605784,0.0
159,0.0059136147580066,0.2821690863819264,0.0789251078607309,0.4647042027699662,0.5307878168372184,0.1981983234498401,0.3899879753621302,0.8495554718870376,0.0,0.0,0.0,0.0,0.0,0.0,0.0,0.0,0.0,0.0,0.0,0.0,0.0,0.0,0.0,0.0,0.0,0.0,4251.302374762743,5873.00984953363,5312.612653332248,153.5096138739766,0.0,1900.9602272029667,1769.4024654058896,0.0,5471.410683425522,388.36121820129415,0.0,1594.7375551407254,1490.664753158729,0.0,1099.1866940621535,3599.541011544942,484.16614901307344,0.0
160,6.394884621840911e-17,0.3180601168549273,0.0182653459911407,0.5198417425913614,0.3978920090830644,0.333941325304547,0.1722562711760849,0.9902721202325528,0.0,0.0,0.0,0.0,0.0,0.0,0.0,0.0,0.0,0.0,0.0,0.0,0.0,0.0,0.0,0.0,0.0,0.0,2955.686051701633,3651.4105066799584,5029.037227254797,110.29450388103598,0.0,1438.263639671708,1851.8646467348929,0.0,5518.562474465501,853.9646766445622,12.078585057977396,2479.7850240675,2219.585348313436,0.0,2510.235153321408,5561.542505662246,1203.6577152586433,0.0
161,6.394884621840911e-17,0.3729506813820595,0.0128249959444278,0.5699701334750821,0.2736790755004614,0.4907547924164974,0.1112426741470912,1.1214022954620904,0.0,0.0,0.0,0.0,0.0,0.0,0.0,0.0,0.0,0.0,0.0,0.0,0.0,0.0,0.0,0.0,0.0,0.0,1228.8151438222185,657.6255905758011,4334.771034310744,11.696913531835218,0.0,744.5906763480979,1644.3390748985214,0.0,5015.770540804945,1599.318189620241,119.69696255209487,3730.277750533532,3069.435857640949,0.0,5021.490853199003,9029.761870687793,2432.8433801416763,0.0
162,6.394884621840911e-17,0.4277716589900334,0.0265806167441862,0.6144602024284931,0.2018821987458942,0.6888906224544613,0.0945608586995342,1.1949114059541008,0.0,0.0,0.0,0.0,0.0,0.0,0.0,0.0,0.0,0.0,0.0,0.0,0.0,0.0,0.0,0.0,0.0,0.0,864.8251340321849,281.1105102604578,4034.573118925121,0.0,0.0,606.4308008184801,1388.9549136884111,0.0,4751.601966467278,1596.776866613664,172.35477996469243,3886.72496875605,3059.3573274447085,0.0,5470.127321372683,9914.377241537231,2794.662494832847,0.0
163,6.394884621840911e-17,0.4702936660549047,0.042395548305648,0.6380917951138299,0.1454822837531119,0.9511854316188216,0.0795589900863841,1.1821578972757434,0.0,0.0,0.0,0.0,0.0,0.0,0.0,0.0,0.0,0.0,0.0,0.0,0.0,0.0,0.0,0.0,0.0,0.0,674.9897217172942,331.3097275038829,3718.4998322879633,0.0,0.0,569.2543974780335,1064.9206764281234,0.0,4506.216941550522,1353.498770921704,215.9991783096316,3865.60137100897,2861.84478066917,0.0,5515.1800475170285,10457.790263328425,3116.253566457546,0.0
164,6.394884621840911e-17,0.4701770916279063,0.0599501223388705,0.5844247338139517,0.0946250004385466,1.251694128724259,0.058747818403106,1.162507387202654,0.0,0.0,0.0,0.0,0.0,0.0,0.0,0.0,0.0,0.0,0.0,0.0,0.0,0.0,0.0,0.0,0.0,0.0,553.3236182873757,363.4449935107767,3515.9975616884017,0.0,0.0,545.4382964795072,857.348260646048,0.0,4349.02259421608,1197.6328022790278,243.9533485156347,3852.036898564215,2735.265848454464,0.0,5544.049983756551,10805.932054754156,3322.319489678413,0.0
165,6.394884621840911e-17,0.4659350657142844,0.0762395018471761,0.5242303860996674,0.0541882122446351,1.466756399210801,0.0427868031229287,1.1432180997892702,0.0,0.0,0.0,0.0,0.0,0.0,0.0,0.0,0.0,0.0,0.0,0.0,0.0,0.0,0.0,0.0,0.0,0.0,370.7015292208537,411.735600528937,3570.245240127347,0.0,0.0,509.6503588847005,871.1026506474955,0.0,4242.430888876301,1035.6620904857707,334.83744110397,3959.309515608335,2775.320123714277,0.0,5330.029330726414,10759.14321632518,3406.9185655643905,0.0
166,6.394884621840911e-17,0.4616920788239185,0.0904469742686283,0.470992019518748,0.0263425886881906,1.604135062616051,0.0304190324252543,1.0576924835453223,0.0,0.0,0.0,0.0,0.0,0.0,0.0,0.0,0.0,0.0,0.0,0.0,0.0,0.0,0.0,0.0,0.0,0.0,284.5390509384852,475.3546713138793,4088.86608415077,0.0,0.0,488.5773894338467,1337.899072449248,0.0,4335.678316984599,994.0053501968836,407.7879822737997,4168.1305283076645,3123.702567544628,0.0,4780.403710203008,9886.960236618392,3147.6487162276862,0.0
167,6.394884621840911e-17,0.4317650610003974,0.0952058879999999,0.40534325252731,0.0077891173762209,1.7177126474894449,0.0179153521594736,0.8868317762679038,0.0,0.0,0.0,0.0,0.0,0.0,0.0,0.0,0.0,0.0,0.0,0.0,0.0,0.0,0.0,0.0,0.0,0.0,1014.3657983871676,1623.4944878479105,4186.795299261774,0.0,0.0,914.98134931452,2007.497483126833,0.0,4170.184147192569,568.7436449136251,43.98306838208216,4155.472055572595,3616.206332574805,0.0,3673.3555660056554,8929.580704403303,3009.1015554026258,0.0
168,6.394884621840911e-17,0.3646471833568097,0.0952058879999999,0.3054435677211715,0.0050373402512919,1.8102980896896488,0.0041761752942366,0.7030480949951035,0.0,0.0,0.0,0.0,0.0,0.0,0.0,0.0,0.0,0.0,0.0,0.0,0.0,0.0,0.0,0.0,0.0,0.0,1552.048216153146,2184.669518407716,4138.604795470109,0.0,0.0,1201.5460658054635,2409.9569077472256,0.0,4103.872728835012,396.90869159408,0.0,4119.369875674128,3884.265491806522,0.0,3166.443373378055,8530.700043113275,2773.7869777370065,0.0
169,6.394884621840911e-17,0.3108607543617386,0.0952058879999999,0.2259554324150506,0.0146639623719468,1.7993031708911449,0.0003967524981896,0.556805026644513,0.0,0.0,0.0,0.0,0.0,0.0,0.0,0.0,0.0,0.0,0.0,0.0,0.0,0.0,0.0,0.0,0.0,0.0,1905.4459400656365,2473.342911874297,4084.8426162748697,0.0,0.0,1369.9522713237486,2645.75022470579,0.0,4066.8114914378966,293.3929490040516,0.0,4075.174629487679,4019.873201947848,0.0,2852.865253663133,8263.82490548778,2582.3428668841007,0.0
170,6.394884621840911e-17,0.2749745232802477,0.0944057087930553,0.1861298009102993,0.0314174695486098,1.6859443755503216,0.0088164124983441,0.4053647015282334,0.0,0.0,0.0,0.0,0.0,0.0,0.0,0.0,0.0,0.0,0.0,0.0,0.0,0.0,0.0,0.0,0.0,0.0,2341.61133266494,2175.6897620008194,4313.011376596709,0.0,0.0,1504.7263226412654,2874.517160204377,0.0,4400.851055343868,517.0315943519525,0.0,3923.898178124948,4035.898555396954,0.0,2740.200256568072,7763.640198526527,2331.1404961662747,0.0
171,6.394884621840911e-17,0.2132330517209298,0.0815935151362126,0.1464322634551492,0.0570384435583433,1.5175112114621896,0.0202184015681116,0.2482271248411123,0.0,0.0,0.0,0.0,0.0,0.0,0.0,0.0,0.0,0.0,0.0,0.0,0.0,0.0,0.0,0.0,0.0,0.0,2834.667349020812,2055.8507517183803,4413.9776548445325,0.0,0.0,1707.9205558299984,3048.231427947063,0.0,4717.326393845,640.6025286778848,0.0,3585.7874100802856,3966.988190739518,0.0,2442.9370358908004,6943.839712026317,2092.396009192171,0.0
172,6.394884621840911e-17,0.1514856808818828,0.06609488220598,0.1123321584955108,0.0860884152159551,1.322846487437058,0.0346073079010444,0.2026570090187265,0.0,0.0,0.0,0.0,0.0,0.0,0.0,0.0,0.0,0.0,0.0,0.0,0.0,0.0,0.0,0.0,0.0,0.0,3138.696548037821,2322.9865286068703,4319.228894428389,0.0,0.0,1857.7052155609092,3076.1059364412117,0.0,4790.773195125907,508.225187525447,0.0,3261.8769918815888,3831.494596395692,0.0,2036.4837891870743,6231.568947048143,1956.216833502568,0.0
173,6.394884621840911e-17,0.1000439556207307,0.0507543985913621,0.0943032672550162,0.115303206498347,1.1669060266995408,0.1646089738325634,0.2437885703003267,0.0,0.0,0.0,0.0,0.0,0.0,0.0,0.0,0.0,0.0,0.0,0.0,0.0,0.0,0.0,0.0,0.0,0.0,3366.8073513907457,2525.455547689289,4244.503181665697,0.0,0.0,1961.9095098433888,3088.501940193584,0.0,4845.757129835286,410.9807351879169,0.0,3006.478034081017,3716.362579685985,0.0,1727.415178717491,5682.405141368381,1845.5739590706223,0.0
174,6.394884621840911e-17,0.0670882575946842,0.0347813177142857,0.0964455479999995,0.1401260110424159,1.0042794868399516,0.5204228993339899,0.2719871860113291,0.0,0.0,0.0,0.0,0.0,0.0,0.0,0.0,0.0,0.0,0.0,0.0,0.0,0.0,0.0,0.0,0.0,0.0,3510.034211161239,2666.811777559749,4164.664786064296,0.0,0.0,1967.033271037474,3027.516250588206,0.0,4873.44907392368,358.5292387659546,0.0,2746.702615189144,3535.9638627102768,0.0,1491.5395852080662,5215.315420617324,1708.942982865907,0.0
175,6.394884621840911e-17,0.0378615227441858,0.0197571327308971,0.0964455479999995,0.1701404333494496,0.8989759349157423,0.936459868680766,0.2752045199999943,315.56008557902896,95.95592664051432,162.31362017287657,0.0,0.0,6.477173422309272,10.829725130244167,0.0,263.2888714488042,0.0,0.0,0.0,3.4089916041274533,0.0,0.0,56.13633620167966,0.0,0.0,3541.993939699826,2714.0922999221684,3833.375691985466,0.0,0.0,1757.118781968695,2580.763952790533,0.0,4663.486672858428,160.94807119440745,0.0,2085.3942174202502,2843.925576994634,0.0,919.701554497232,4262.981988451108,1295.8656827603393,0.0
176,6.394884621840911e-17,0.0090990921971202,0.0048132121860467,0.0964455479999995,0.2103409693289121,0.8469470149169505,1.3708189109302378,0.2753780449435159,2147.568798235909,963.0502388597384,1229.9348087396768,0.0,0.0,158.08258986908243,257.33113332127107,0.0,1698.232612568334,0.0,0.0,0.0,143.08258986908243,0.0,0.0,482.61504319759086,0.0,0.0,3380.036172591819,2555.5660895055776,3401.352379952538,0.0,0.0,1461.5806306532193,2081.4750026672555,0.0,4212.003016193285,0.0,0.0,1493.80498236925,2179.253024741934,0.0,411.1977509584453,3422.9164893989905,921.8999681922228,0.0
177,6.394884621840911e-17,0.0073845465893171,2.1671553440683122e-16,0.0964455479999995,0.244023570299012,0.8182804415067791,1.7889706752619523,0.283234716239197,3063.297435897436,1712.430769230769,1891.128205128205,0.0,0.0,349.85128205128206,568.2102564102564,0.0,2322.0102564102563,0.0,0.0,0.0,336.0461538461538,0.0,0.0,800.1179487179487,0.0,0.0,2883.851001839789,2062.4084209586485,2842.7638722798247,0.0,0.0,1008.9234750984068,1540.182752874184,0.0,3381.4518877477853,0.0,0.0,1040.0229094742313,1612.638324770321,0.0,127.1414674052778,2700.639072330868,638.0779767706842,0.0
178,6.394884621840911e-17,0.0306356640398666,2.1671553440683122e-16,0.0876324302790694,0.2684108691665371,0.8260262823513366,2.305002426557523,0.3082209052518633,3393.6282995365887,2205.6960161093216,2197.4045620864613,0.0,0.0,472.3760739131384,885.7962834086987,0.0,2755.22786060312,0.0,0.0,84.23586099918737,630.409485085681,0.0,0.0,1248.184225614166,61.44865240062301,0.0,405.3298075403409,231.76522973330788,1601.8354994506208,0.0,0.0,0.0,0.0,0.0,954.7510860428736,0.0,0.0,0.0,0.0,0.0,0.0,0.0,0.0,0.0
179,0.0004902079654485,0.0569419905647834,2.1671553440683122e-16,0.0702355937142856,0.2980705863893777,0.8123492437608056,2.750609555657152,0.3769858135787324,4249.517899552669,3394.413730587746,2906.351594783053,100.24274015503876,0.0,946.776360033198,1849.3431292716684,0.0,3814.649028566699,187.1526087855297,0.0,694.1736424565704,1587.8981923731892,0.0,373.7247227906977,2587.19038520256,621.9344661200746,0.0,0.3299840635651574,0.1914165368727569,1421.183331650423,0.0,0.0,0.0,0.0,0.0,661.7095090214815,0.0,0.0,0.0,0.0,0.0,0.0,0.0,0.0,0.0
180,0.0174351383521595,0.0779387832956804,2.1671553440683127e-16,0.0562974497342192,0.3594752771219827,0.8284473627479905,2.905119538593268,0.5315374767565211,5706.01064272967,4202.681867931803,2884.3984092198234,84.06156363909317,0.0,1462.1323054124764,2248.23121354513,0.0,3784.191713424254,20.592596677740865,0.0,730.3432239677103,1594.7569493468327,0.0,335.5633323852194,2431.270203920504,574.1818325300421,0.0,0.0,0.0,1361.984043951382,0.0,0.0,0.0,0.0,0.0,493.1311906361066,0.0,0.0,0.0,0.0,0.0,0.0,0.0,0.0,0.0
181,0.0496448822990033,0.1030383975946836,2.1671553440683122e-16,0.0396357603787375,0.4332467154926666,0.8878127531966623,3.0012388606104445,0.8112525286824517,8253.833861346888,5858.844403178973,2291.0630797145004,6.066580559799103,0.0,2558.1118762293645,3064.851021853976,0.0,3229.686156782789,0.0,0.0,996.6865102288772,1720.705195152579,0.0,102.97878087808586,2323.9091835794466,535.1701267767273,0.0,0.0,0.0,1368.4023609496685,0.0,0.0,0.0,0.0,0.0,483.040242087626,0.0,0.0,0.0,0.0,0.0,0.0,0.0,0.0,0.0
182,0.0824740443986712,0.1285956489876162,0.0017892700564786,0.0226536539202657,0.5449361900803459,1.015026849962252,3.07757868045848,1.1859015132250028,4850.96247283569,3620.951414011656,1272.3062566186195,0.0,0.0,1614.711472688186,1929.779219064932,0.0,1916.5103290032096,0.0,0.0,762.8082012643004,1189.1977908200488,0.0,111.00821450625654,1669.8650030839449,441.26559285548416,0.0,0.0,0.0,1363.979550726774,0.0,0.0,0.0,0.0,0.0,469.2484666410178,0.0,0.0,0.0,0.0,0.0,0.0,0.0,0.0,0.0
183,0.1115866975813956,0.1434348397076403,0.016591905969967,0.0076117100866443,0.6948452119837953,1.1385900671681113,3.0403809235710333,1.604839586438268,6230.254377502093,5112.011819736636,2283.424624498677,0.0,0.0,2259.0478676897174,2779.801583221305,0.0,3462.701789772863,0.0,0.0,1324.5639195215545,2014.97468951964,0.0,652.4959273821723,3179.095654326776,1006.7130792060458,0.0,0.0,0.0,1192.9813634351117,0.0,0.0,0.0,0.0,0.0,316.4526933380225,0.0,0.0,0.0,0.0,0.0,0.0,0.0,0.0,0.0
184,0.1444158596810634,0.1452881519999991,0.0400257796544852,1.1619973895007856e-06,1.019648252646188,1.260938775667066,2.7040322327185566,2.1265067627982868,6707.765951722261,5551.588216013942,2590.249728721397,0.0,0.0,2451.233766043624,2953.2746167354103,0.0,3882.189679447401,9.002036089337455,0.0,1410.985580086693,2136.3498888030117,0.0,757.4825613552612,3497.8031105959462,1105.4171480336613,0.0,0.0,0.0,1060.678700013255,0.0,0.0,0.0,0.0,0.0,212.2351816191424,0.0,0.0,0.0,0.0,0.0,0.0,0.0,0.0,0.0
185,0.1801574495959383,0.1452881519999991,0.0672299330232559,-1.5276668818842126e-16,1.4795879599418376,1.39118117149402,2.243768841017494,2.707701194933613,6873.310064772652,5658.700513863311,2718.9768596684257,26.54998999458413,0.0,2487.450064953758,2825.773116054646,0.0,3958.758688452448,149.94055611705306,0.0,1269.3830097555483,1915.55232149912,0.0,689.7874211058071,3327.755761631487,994.176593655796,0.0,0.0,0.0,1030.4235264733754,0.0,0.0,0.0,0.0,0.0,183.93577218552403,0.0,0.0,0.0,0.0,0.0,0.0,0.0,0.0,0.0
186,0.195568926338871,0.1452719104370039,0.0901912367840532,-1.5276668818842126e-16,1.881949673900342,1.4646065556585823,1.845552943718887,3.1397712684303545,7265.085490063967,6201.446585300516,3192.060822888593,318.94269328181315,0.0,2585.537938354385,2423.5605895054714,0.0,4254.763036578239,373.7165633016203,0.0,732.8631595609962,1111.8084797220508,0.0,348.2188618209566,2513.751079650616,488.1729044225088,0.0,0.0,0.0,1053.9291129115086,0.0,0.0,0.0,0.0,0.0,170.08425516089025,0.0,0.0,0.0,0.0,0.0,0.0,0.0,0.0,0.0
187,0.2018553616345523,0.1363184239713227,0.1141508580996677,-1.5276668818842126e-16,2.2984176163371326,1.5144864731939227,1.4092047801580687,3.5036782037866696,6238.606241487682,6059.524583952438,3531.6815289961987,569.4145013099106,0.0,2299.947164103689,1924.5634851706848,0.0,4486.7493042614005,721.8440488001935,0.0,586.5759096115985,706.8389229796302,0.0,581.0223448007227,2534.5115887148672,301.199978238616,0.0,0.0,0.0,1076.6653750918058,0.0,0.0,0.0,0.0,0.0,156.67365765622648,0.0,0.0,0.0,0.0,0.0,0.0,0.0,0.0,0.0
188,0.2088621176411967,0.112239063508305,0.1386233609405979,-1.5276668818842126e-16,2.709933628559216,1.4963029631473796,0.8738365316866492,3.79618070373448,4270.702003955276,5070.317980808446,3534.8059408144995,583.8998989891218,0.0,1756.7893005419908,1585.3236048930512,0.0,4501.941629358306,1064.906041825378,0.0,950.9831003516656,980.7700939057454,0.0,1371.1937998096746,3516.9974336362634,627.1625668767426,0.0,0.0,0.0,1089.07265753003,0.0,0.0,0.0,0.0,0.0,136.66472097861023,0.0,0.0,0.0,0.0,0.0,0.0,0.0,0.0,0.0
189,0.2144791458617193,0.0873807916544846,0.1478592595253555,-1.5276668818842126e-16,3.0718847378351537,1.4626058379419573,0.471110244080491,3.9081914357492575,3510.895555413201,4131.790686822397,3404.022674579271,469.1179415560356,0.0,1530.7213239708135,1561.0803664976374,0.0,4417.607371751927,1109.972726020612,0.0,1228.4846649207543,1380.4780298956148,0.0,1853.406697331476,4188.654736355605,1045.1837286217742,0.0,0.0,0.0,1077.431518297424,0.0,0.0,0.0,0.0,0.0,131.3862022343525,0.0,0.0,0.0,0.0,0.0,0.0,0.0,0.0,0.0
190,0.1994551162923591,0.0632465471362123,0.1552593927427722,-1.5276668818842126e-16,3.281802364897728,1.4791377939489685,0.2953262689223191,3.860716154123128,3460.269502771419,4008.679145217705,3402.0107765783146,552.5202877162811,0.0,1498.181719093159,1548.0723822582709,0.0,4497.544153293747,1182.588045132877,0.0,1246.9014397434255,1493.3647466214254,0.0,1849.0392669974551,4236.7435862277325,1165.3231672031327,0.0,0.0,0.0,1041.8827034576348,0.0,0.0,0.0,0.0,0.0,116.33674476536676,0.0,0.0,0.0,0.0,0.0,0.0,0.0,0.0,0.0
191,0.1731973218386709,0.0398363299534881,0.1847220578407973,-1.5276668818842126e-16,3.455856423850374,1.5554402803734269,0.2013450829833923,3.732215648014874,3236.878970730532,3836.0018772039,3400.5290738604194,559.5223073490416,0.0,1402.2652317843667,1501.898966324134,0.0,4500.273741076485,1208.8955088380228,0.0,1288.0496524664056,1563.3648687330767,0.0,1963.6335790600808,4391.376517533089,1238.6351453046077,0.0,0.0,0.0,1037.5653074547656,0.0,0.0,0.0,0.0,0.0,95.93588750831458,0.0,0.0,0.0,0.0,0.0,0.0,0.0,0.0,0.0
192,0.1474874159202655,0.0164830703589448,0.2859472819441578,-1.5276668818842126e-16,3.659447508223092,1.5945152556168851,0.1189299327309008,3.5014673128318283,2065.534709692856,2871.79412323244,3238.2340952851264,563.7847490219333,0.0,898.9204266655161,1221.8267669044335,0.0,4304.849019110864,1272.3451424383773,0.0,1417.327012590676,1810.0244650428087,0.0,2399.624658562265,4898.536054479334,1515.0816308126448,0.0,0.0,0.0,1017.7900472820592,0.0,0.0,0.0,0.0,0.0,66.91702174803069,0.0,0.0,0.0,0.0,0.0,0.0,0.0,0.0,0.0
193,0.1349385778229435,0.0015678295204216,0.501791659877272,-1.5276668818842126e-16,4.041706612746536,1.5882681552487838,0.0524820732687156,3.211308341461784,1035.1510961862398,1462.0536984592952,1680.4895550233778,293.66761304062925,0.0,450.7293165873464,626.5205032907571,0.0,2234.691748319953,664.6823276978387,0.0,742.4384964128287,950.9536488025124,0.0,1264.4626701919394,2568.0221452036903,798.3747907093854,0.0,0.0,0.0,1002.1075314301526,0.0,0.0,0.0,0.0,0.0,41.3996975058872,0.0,0.0,0.0,0.0,0.0,0.0,0.0,0.0,0.0
194,0.164088151893688,-4.902744876744704e-16,0.7654649273222592,-1.5276668818842126e-16,4.346639527821131,1.6386490601342254,0.1340695337669139,2.9745287346689624,396.6288580865683,544.3311969217314,566.0826589555669,45.84568223868742,0.0,181.41208322482655,349.2514863902481,0.0,824.8198174888885,191.9801399629504,0.0,392.1866266446913,551.7077073660386,0.0,568.6875291617829,1268.821383085883,431.2599999291643,0.0,0.0,0.0,987.0497233918204,0.0,0.0,0.0,0.0,0.0,45.914657003139,0.0,0.0,0.0,0.0,0.0,0.0,0.0,0.0,0.0
195,0.197605425146869,-4.902744876744704e-16,1.0361910211295682,-1.5276668818842126e-16,4.50144761059813,1.7596450654086455,0.3341250243986747,2.8318356948235377,1006.3656258131098,1359.9232977403235,1332.379282893948,27.26148007751661,0.0,472.051449756912,1032.033984144564,0.0,2050.926458658823,403.4307838670472,0.0,1138.9697377014545,1650.269099336977,0.0,1555.4645918388146,3600.274138017888,1261.9001512485968,0.0,0.0,0.0,941.5080793493933,0.0,0.0,0.0,0.0,0.0,70.57727197455897,0.0,0.0,0.0,0.0,0.0,0.0,0.0,0.0,0.0
196,0.2480934440930232,-4.902744876744704e-16,1.3046100924143051,-1.5276668818842126e-16,4.577462227126828,1.888043510075445,0.5430669838639866,2.802946894522562,1679.7620967422035,2260.7117872461718,2178.716983278964,20.6931799302788,0.0,793.0548624872612,1786.1381536878573,0.0,3405.11638240761,636.9326624247409,0.0,1963.792359829104,2863.602697866901,0.0,2645.3201784435587,6175.222497074058,2179.2626557776894,0.0,0.0,0.0,566.3916228588733,0.0,0.0,0.0,0.0,0.0,48.77255310477023,0.0,0.0,0.0,0.0,0.0,0.0,0.0,0.0,0.0
197,0.308056261015439,-4.902744876744704e-16,1.5413546595724057,-1.5276668818842126e-16,4.563389489874529,1.950347040234523,0.761300328677744,2.7814460008481423,2058.9088622160984,1560.8620607242328,2368.5862757503905,105.79865309830952,0.0,817.6638266977915,2619.4159373515704,0.0,3834.769063302338,760.9965657852362,0.0,2476.7676384730416,3822.512696727047,0.0,3145.706004407124,7314.970641585049,2693.725393461405,0.0,0.0,0.0,141.3734405417212,0.0,0.0,0.0,0.0,0.0,13.372954205298129,0.0,0.0,0.0,0.0,0.0,0.0,0.0,0.0,0.0
198,0.3638421617974872,-4.902744876744704e-16,1.6946204844812935,-1.5276668818842126e-16,4.456144186081171,2.0543814914534253,0.9699102884087848,2.8652818827135578,2553.9621636449074,359.2405582600508,2244.658466052809,203.34766745939703,0.0,874.01090793346,3635.390512258829,0.0,3788.597497072376,840.8995804964272,0.0,2801.0710124476623,4667.607085131621,0.0,3150.3983642890544,7481.407535897835,2903.436519911925,0.0,0.0,0.0,369.3677221286442,0.0,0.0,0.0,0.0,0.0,52.90448729330767,0.0,0.0,0.0,0.0,0.0,0.0,0.0,0.0,0.0
199,0.4227212411348838,-4.902744876744704e-16,1.751868457203985,-1.5276668818842126e-16,4.152578967053814,2.1939996896611387,1.1647565486963485,3.0459135906737496,3799.336317570842,902.6502916970044,2287.863216971169,189.38499024676105,0.0,1295.029057482956,4122.920119739487,0.0,3858.140390946903,660.7001769433887,0.0,2438.098013865952,4511.648591416908,0.0,1904.9041731825575,5772.971479557387,2333.1080504432225,0.0,0.0,0.0,939.5295272587084,0.0,0.0,0.0,0.0,0.0,220.3958187117309,0.0,0.0,0.0,0.0,0.0,0.0,0.0,0.0,0.0
200,0.4468105302458464,0.0071176252664446,1.7732946692571403,-1.5276668818842126e-16,3.865125337764514,2.235517245682929,1.286473383541798,3.198751467014747,4625.040241668408,1437.5928672421528,2565.7979084959875,371.99579460451633,0.0,1229.0057576974327,3548.8200232131267,0.0,4253.69936098344,635.1535938987131,0.0,1539.6701831995338,3341.075918509507,0.0,851.8682241621385,3627.238219855476,1396.8186257652535,0.0,0.0,0.0,1215.680804909266,0.0,0.0,0.0,0.0,0.0,467.9130434512206,0.0,0.0,0.0,0.0,0.0,0.0,0.0,0.0,0.0
201,0.4683976742231014,0.0288589553222586,1.7707886520559637,-1.5276668818842126e-16,3.589615364653461,2.128664998140817,1.300043797415288,3.248963908937383,4826.701048779611,1616.2225089038598,2167.321456197325,226.1380733004769,0.0,967.7504446689314,2752.24812805492,0.0,3690.392560950114,228.3635869873825,0.0,894.2731802337313,2332.763283041861,0.0,185.16639667999223,2274.6847116443755,720.5714531648812,0.0,315.6462810530675,217.58734115980053,648.4388143933417,0.0,0.0,25.605157616748443,0.0,0.0,287.3127110346532,0.0,0.0,0.0,0.0,0.0,0.0,215.62119048666983,0.0,0.0
202,0.4913377995348823,0.0521266733820593,1.6858773205496789,-1.5276668818842126e-16,3.221544481033645,1.931082787410216,1.3094988126567273,3.2378159489338483,4750.165240356316,1821.594446771296,970.9705858764088,0.0,0.0,577.5540230516705,1720.9919264447642,0.0,2109.4355907751733,0.0,0.0,352.6137654543772,1276.3709044322557,0.0,0.0,1125.7239026296886,192.1972026296391,0.0,1494.148899003266,1081.3932418831257,1287.6456442580982,0.0,0.0,155.8076720496144,0.0,0.0,1160.635285611098,0.0,0.0,0.0,0.0,0.0,0.0,1070.6250380341176,0.0,0.0
203,0.4999785101831973,0.073219838352159,1.4834026905249145,-1.5276668818842126e-16,2.671365397241575,1.7251182104138665,1.3107118944290526,3.199861009979107,3862.100261137024,1591.448433165397,227.58819273949703,0.0,0.0,46.31011588385385,627.9169735446036,0.0,831.8605090050726,0.0,0.0,1.3032570944152562,202.684181758771,0.0,0.0,90.32082264033774,0.7103590171276302,0.0,1911.3541149506536,1668.379775890577,4675.268869185373,36.0449858282044,0.0,391.7426191657692,124.16237313748132,0.0,4485.00059934438,213.0028312487121,0.0,196.7268881667656,158.09879173616486,0.0,226.9166462546154,1756.0535982665692,0.0,0.0
204,0.4651017667751511,0.0938780927043183,1.235183873934934,-1.5276668818842126e-16,2.0789808442111206,1.465740461194015,1.2224230922414652,3.0223156043337243,2676.9106258420093,1111.277978886418,4.613457596081711,0.0,0.0,0.6113514934689137,13.553252438277296,0.0,18.10225444559072,0.0,0.0,0.0,3.7540497458378663,0.0,0.0,1.193404992043151,0.0,0.0,2082.382541044421,1954.0759594212705,5089.784747405614,262.7004605479639,0.0,486.3335071436006,291.3067228014586,0.0,5181.597894720748,669.3883945125583,0.0,460.6919256043348,472.7736840237061,0.0,604.426194953407,2178.870811388279,0.0,0.0
205,0.4012066924385385,0.1169283554551488,0.935688778445182,0.0010922187109633,1.4500145041639796,1.1129993849460371,1.0085068559917316,2.659386672261765,1316.0263471790229,546.431730074041,0.0,0.0,0.0,0.0,0.0,0.0,0.0,0.0,0.0,0.0,0.0,0.0,0.0,0.0,0.0,0.0,2679.0708397863336,2975.918954109858,5517.390314512202,673.9626371932452,0.0,805.9877895599783,579.4257833300135,0.0,5841.299947450786,1119.3871691807242,0.0,694.4025563523095,702.5735897236209,0.0,727.4356363531651,2465.1373813449163,0.0,0.0
206,0.3324488063920281,0.130741598858931,0.638030651370558,0.0032976603388702,0.8899468767922316,0.7971918121357078,0.8177404359376488,2.2261171164794256,124.86829120400216,51.84814109435756,0.0,0.0,0.0,0.0,0.0,0.0,0.0,0.0,0.0,0.0,0.0,0.0,0.0,0.0,0.0,0.0,2918.9774222464957,3379.128819712228,5657.478955080592,797.3167091072578,0.0,1009.3623467175022,821.510265639286,0.0,6183.053716488061,1356.358868173554,0.0,1030.9141174957103,982.2837649493868,0.0,1056.4056275737178,2938.043178259556,172.220108265652,0.0
207,0.2651265549978503,0.1309080959999993,0.3743769808317386,0.0054610935548171,0.4511448906812604,0.5992718648888081,0.6380081106578125,1.8772052590353656,0.0,0.0,0.0,0.0,0.0,0.0,0.0,0.0,0.0,0.0,0.0,0.0,0.0,0.0,0.0,0.0,0.0,0.0,2902.5537101559885,3340.234875895395,5582.614538871379,701.8221883074642,0.0,1152.8336806446284,1055.437623469178,0.0,6317.564805035854,1418.8752148101146,0.0,1466.168667284849,1349.554654791826,0.0,1540.5881735030446,3614.545031550341,420.8810839463976,0.0
208,0.2023539595987836,0.1309080959999993,0.2025606893557645,0.0075195057408636,0.1835151058672524,0.4701176279058522,0.4667399728250561,1.517059753075556,0.0,0.0,0.0,0.0,0.0,0.0,0.0,0.0,0.0,0.0,0.0,0.0,0.0,0.0,0.0,0.0,0.0,0.0,2695.02550529824,2918.56611390896,5307.000265686457,337.6733370059288,0.0,1266.232924110094,1346.7637859216966,0.0,6200.38695955696,1263.1553473438355,0.0,2116.061490763674,1934.2456500409116,0.0,2229.767827272124,4688.478828810154,1036.809165998748,0.0
209,0.1346284972765289,0.1309080959999993,0.1405215296892716,0.0095779179269101,0.1425020785327354,0.389452606334969,0.2992413263216762,1.131383778472539,0.0,0.0,0.0,0.0,0.0,0.0,0.0,0.0,0.0,0.0,0.0,0.0,0.0,0.0,0.0,0.0,0.0,0.0,2760.4810506841795,3129.8129815779434,5393.107641365876,313.6636628642746,0.0,1319.761772075302,1473.3405738419822,0.0,6157.470786222457,1232.637547732317,0.0,2343.3225659691,2202.4074270666947,0.0,2335.206451190711,4980.723318697403,1320.134449086731,0.0
210,0.1034770148372091,0.121527749400398,0.1193084202857148,0.0116968222261792,0.1522719269342207,0.387560383367449,0.2272034350979438,0.8110209908571392,0.0,0.0,0.0,0.0,0.0,0.0,0.0,0.0,0.0,0.0,0.0,0.0,0.0,0.0,0.0,0.0,0.0,0.0,3120.622805376427,3868.097878491089,5522.398538051349,361.6671211660112,0.0,1471.9006642345762,1545.579389584752,0.0,6020.42143838314,1054.4649631771647,0.0,2206.941376652556,2200.33438470692,0.0,1823.448115433329,4535.916602638735,1243.1135457929192,0.0
211,0.0785886781395348,0.1005269535149497,0.1029692072691037,0.0126445319999998,0.1661704512159483,0.489115857731823,0.2546202053600094,0.5999160849356013,0.0,0.0,0.0,0.0,0.0,0.0,0.0,0.0,0.0,0.0,0.0,0.0,0.0,0.0,0.0,0.0,0.0,0.0,3449.719397394589,4346.563430441142,5523.766108183284,256.925535754617,0.0,1628.635167463842,1680.5230680807265,0.0,5720.718332455852,786.4487927727683,0.0,2168.6003047583176,2262.231140140546,0.0,1563.6597060186111,4487.391883465065,1183.2516746006145,0.0
212,0.0534437606511628,0.0792163332358801,0.0864615487574758,0.0126445319999998,0.1753836986570271,0.646974120586288,0.2590139838139574,0.4435206950033171,0.0,0.0,0.0,0.0,0.0,0.0,0.0,0.0,0.0,0.0,0.0,0.0,0.0,0.0,0.0,0.0,0.0,0.0,3428.9296129749,4066.156324251551,5330.98430463038,164.21699849725286,0.0,1636.4949377641803,1845.8787966768648,0.0,5321.500847770268,628.0877779352544,0.0,2457.020588051386,2547.2846000733625,0.0,1880.316669028816,5058.992055345271,1383.4549241539985,0.0
213,0.0267593584186046,0.0566009811029898,0.0670962303343575,0.0126445319999998,0.1644645802126262,0.81256526235342,0.25571179315615,0.2850926598696115,0.0,0.0,0.0,0.0,0.0,0.0,0.0,0.0,0.0,0.0,0.0,0.0,0.0,0.0,0.0,0.0,0.0,0.0,2558.5992599393817,2472.995760000393,4860.06079105956,181.9968213567035,0.0,1269.4540957920676,1882.7917792169771,0.0,4983.594605262163,835.4590720000111,0.0,3160.4012681831578,3102.597074939838,0.0,3078.999871016989,6589.154426430155,2073.6356762686232,0.0
214,0.0032832615279835,0.0337681736611292,0.0453009558898547,0.0126275670644005,0.1500643437009984,0.9446730820288844,0.2528885332432954,0.1870885969764836,0.0,0.0,0.0,0.0,0.0,0.0,0.0,0.0,0.0,0.0,0.0,0.0,0.0,0.0,0.0,0.0,0.0,0.0,1523.0,924.4250219221614,4550.300024908413,200.6207223991342,0.0,846.5853268231992,1651.8963317057996,0.0,4959.719297527597,1281.9701036245135,0.0,3619.8379140095394,3405.436407931059,0.0,4121.593894479137,8017.824746911219,2679.784095755662,0.0
215,-1.2789769243681822e-16,0.011806397781544,0.0419005080000004,0.0113422712292357,0.1362117966932008,1.0464963115997072,0.2475269272897184,0.1399513858620873,0.0,0.0,0.0,0.0,0.0,0.0,0.0,0.0,0.0,0.0,0.0,0.0,0.0,0.0,0.0,0.0,0.0,0.0,1662.7736486716517,1033.133822778404,4759.387985831003,238.1324137939896,0.0,954.2913820298768,1702.3223388477586,0.0,5095.412763802914,1397.3501499479576,7.088159742874603,3505.531027646011,3428.0984650037526,0.0,3870.724683981484,7696.389856328319,2531.636731743263,0.0
216,-1.2789769243681822e-16,6.51390941753913e-05,0.0419005080000004,0.0092838590431891,0.11620436173978,1.117993216708392,0.231757954511089,0.1112267431494966,0.0,0.0,0.0,0.0,0.0,0.0,0.0,0.0,0.0,0.0,0.0,0.0,0.0,0.0,0.0,0.0,0.0,0.0,2009.6015392966551,1445.3590678398575,5059.831686991379,327.7939004683762,0.0,1169.032128131685,1799.4239234642748,0.0,5296.572240360628,1409.9248345723852,0.0,3198.303490906118,3400.917353964847,0.0,3198.193368151159,6910.245900013503,2204.5685959281864,0.0
217,-1.2789769243681822e-16,-4.849454171562697e-16,0.0400986407918536,0.0072884594750828,0.0884145280664465,1.1337831516677803,0.2268804315946875,0.0854598289868505,0.0,0.0,0.0,0.0,0.0,0.0,0.0,0.0,0.0,0.0,0.0,0.0,0.0,0.0,0.0,0.0,0.0,0.0,2033.7490006998596,1481.2723392958983,5085.243243689516,345.81536159613665,0.0,1171.884445720252,1795.6964629792162,0.0,5320.136273166171,1418.3845492384742,0.0,3166.7335212326666,3380.46494034683,0.0,3169.961906564326,6855.40361183334,2179.38392812914,0.0
218,-1.2789769243681822e-16,-4.849454171562697e-16,0.0334189272558144,0.0052090430830563,0.0602788074681891,1.1016955476061,0.2216940401063151,0.0906174597577835,0.0,0.0,0.0,0.0,0.0,0.0,0.0,0.0,0.0,0.0,0.0,0.0,0.0,0.0,0.0,0.0,0.0,0.0,2641.6422337823683,2359.6159667415072,5771.827306171115,866.5408399631917,0.0,1221.904222262572,1682.0630859180983,0.0,5981.83444094299,1689.6757145951544,0.0,2316.174159174989,2823.4003095072744,0.0,2452.965617793624,5409.705499604901,1502.046262975307,0.0
219,-1.2789769243681822e-16,-4.849454171562697e-16,0.026319505634552,0.0030666140730895,0.0412629685714297,1.0507200313266056,0.2148194870431927,0.1453780523550022,0.0,0.0,0.0,0.0,0.0,0.0,0.0,0.0,0.0,0.0,0.0,0.0,0.0,0.0,0.0,0.0,0.0,0.0,2400.0794158793638,1941.4900159716085,5600.847585017977,1121.9611214770755,0.0,1024.4535497739296,1493.642753708552,0.0,5929.326066451583,1886.7141343107817,0.0,1995.637286760959,2502.805118612476,0.0,2375.6992196322926,4936.377594661937,1269.2827601190113,0.0
220,-1.2789769243681822e-16,-4.849454171562697e-16,0.0193592883588045,0.0019406400445572,0.0256946607895262,0.9865649868954536,0.2079828239202696,0.2491732750869602,0.0,0.0,0.0,0.0,0.0,0.0,0.0,0.0,0.0,0.0,0.0,0.0,0.0,0.0,0.0,0.0,0.0,0.0,1463.688950159453,1116.14132763035,3457.233914847566,763.5442461237946,0.0,622.6993274965935,914.7917144421348,0.0,3704.0472636666777,1234.1720832096491,0.0,1191.6999647091882,1489.192034515817,0.0,1426.0154081662229,2940.081387489141,736.3288568522601,0.0
221,-1.2789769243681822e-16,-4.849454171562697e-16,0.012259866737542,0.005202453528239,0.0113472133953501,0.88346006386868,0.204682490612472,0.4049162241797882,0.0,0.0,0.0,0.0,0.0,0.0,0.0,0.0,0.0,0.0,0.0,0.0,0.0,0.0,0.0,0.0,0.0,0.0,313.5283553164395,233.88056822658888,741.0122437977726,169.13247466239278,0.0,133.92442877374796,196.4229976555408,0.0,797.5718114033264,269.9140136677628,0.0,252.61751296498664,314.6663995095625,0.0,300.4382422900721,619.8087915867266,153.8131694743787,0.0
222,-1.2789769243681822e-16,-4.849454171562697e-16,0.0050212407707646,0.0097854889036543,0.0041313711251814,0.7903280791765879,0.2142839769244694,0.6591860228977574,0.0,0.0,0.0,0.0,0.0,0.0,0.0,0.0,0.0,0.0,0.0,0.0,0.0,0.0,0.0,0.0,0.0,0.0,72.47307383318926,47.35714347772311,172.37076555770014,44.319280634662746,0.0,28.0969716877798,34.84576422627336,0.0,189.16905758289136,62.15858285949756,0.0,37.48467240419605,45.66770219655378,0.0,41.65036366759063,92.53228565530314,15.31197598312932,0.0
223,-1.2789769243681822e-16,-4.849454171562697e-16,0.000157172375802,0.0140159830963453,0.0159345013323044,0.842993319273745,0.2241203371768559,1.036359188867182,0.0,0.0,0.0,0.0,0.0,0.0,0.0,0.0,0.0,0.0,0.0,0.0,0.0,0.0,0.0,0.0,0.0,0.0,854.884366273608,510.2659274724454,2040.6296037628772,559.7611076225077,0.0,311.15906723017514,335.8620688722812,0.0,2265.29713476607,732.0106838293226,0.0,294.04625006675764,345.8681530130349,0.0,294.13945238816194,730.8966205539635,36.95532438567179,0.0
224,-1.2789769243681822e-16,-4.849454171562697e-16,4.902744876744704e-16,0.0182024096411958,0.0476346562325594,0.9514619708793828,0.2688385348382349,1.4101845470822836,0.0,0.0,0.0,0.0,0.0,0.0,0.0,0.0,0.0,0.0,0.0,0.0,0.0,0.0,0.0,0.0,0.0,0.0,2036.141146013855,1210.9106663104726,4860.880431627665,1336.607653982158,0.0,739.2577199104364,793.1170608712049,0.0,5398.403484516902,1743.3796739668987,0.0,686.8470522977958,806.2629938793286,0.0,682.6740966732666,1708.0608941295698,74.94579157420202,0.0
225,-1.2789769243681822e-16,-4.849454171562697e-16,4.902744876744704e-16,0.0227413773687706,0.087061682771938,1.0763692326918175,0.3747529569263275,1.7664625412984094,252.61500094567543,0.2941176470588235,782.1387861466452,0.0,0.0,1.650474908524981,0.0,0.0,952.1592497207424,0.0,0.0,0.0,0.0,0.0,0.0,5.215686274509804,0.0,0.0,3071.086508546012,1795.383737396898,6917.652355897199,1690.513475046232,0.0,956.2067623809488,1000.3355448078096,0.0,7544.945626824159,2203.56066207348,0.0,627.9997072974467,736.7965767041266,0.0,623.164290879372,2148.6818026494343,65.88254869626726,0.0
226,-1.2789769243681822e-16,-4.849454171562697e-16,4.902744876744704e-16,0.0262535092258456,0.1317713276810644,1.2058881113092468,0.4883703986060106,2.063863260788384,862.7016564510228,13.527710553881164,2218.485200625279,0.0,0.0,58.59015448458019,0.0,0.0,2689.0448437578343,0.0,0.0,0.0,0.0,0.0,0.0,239.7860659593476,0.0,0.0,3016.2698474915014,1695.4097218962677,5837.76494943481,905.9046345374056,0.0,574.1659821767106,536.0207534139626,0.0,6028.18282435368,1180.8516991729396,0.0,0.0,0.0,0.0,0.0,1151.399951944273,0.0,0.0
227,-1.2789769243681822e-16,7.248510298954828e-05,4.902744876744704e-16,0.0265287239999998,0.1699841560664468,1.352504457736779,0.5719082862857178,2.2986316190217164,726.7744752890173,313.59994043151386,1632.3026848755735,341.4165949146083,0.0,172.0258945736363,491.1823314588077,0.0,2134.358345096228,808.7228828976381,0.0,230.02474080794607,492.0246862566991,0.0,595.0318158762519,641.978614645107,165.7725067892741,0.0,2764.549665949516,1424.7411038982673,4563.023113962157,50.17625470176508,0.0,121.79291329114557,29.69064453484242,0.0,4194.109211238027,65.41663939722996,0.0,0.0,0.0,0.0,0.0,63.78128080877352,0.0,0.0
228,0.0275034682069291,0.0062541020237299,4.902744876744704e-16,0.0265287239999998,0.2133368372093042,1.5293491328846744,0.6858244307185603,2.4834396353924943,1598.347119152217,1290.1955380008433,3128.323826322745,541.3121209659137,0.0,641.2954452941159,867.3846963795718,0.0,4475.065683751269,1329.2182346770328,0.0,569.0188810468289,1005.4402909493114,0.0,1175.050467666094,2407.097085197721,436.5515757841436,0.0,1680.968443054224,775.2573287928864,3929.453078055146,0.0,0.0,1.6918283395667868,0.0,0.0,3126.457807626205,0.0,0.0,0.0,0.0,0.0,0.0,0.0,0.0,0.0
229,0.1077614789163656,0.0333423236810626,2.8095139968712145e-05,0.0265287239999998,0.2510799449371681,1.5980026052977097,0.8258930788877686,2.4828965525026647,1626.4575458227482,1403.405745707376,3198.529210881599,587.6890951188667,0.0,874.1213274175474,1100.482963535715,0.0,4915.035350184706,1652.6836465382778,0.0,1043.505070424769,1471.5734246597067,0.0,2100.078495084476,3747.3729500349423,940.9416824257006,0.0,441.1014358519847,210.7333601700288,3486.4374456146725,0.0,0.0,0.0,0.0,0.0,2676.594998740063,0.0,0.0,0.0,0.0,0.0,0.0,0.0,0.0,0.0
230,0.2274215745577485,0.0609871535282387,0.0239778556474501,0.0256691747172169,0.2658247732436994,1.64576830371781,0.9220435062599216,2.441434081367203,1220.9181162910506,987.5352176147936,2984.577159089411,577.2349777005096,0.0,855.5334036969268,1155.0427772181006,0.0,5279.390736754043,2181.3421100774435,0.0,1688.790493438442,1882.529922285804,0.0,3865.972690757917,6138.924088915171,1713.2145551053866,0.0,32.30411697541358,15.480701533450032,3249.570808350046,0.0,0.0,0.0,0.0,0.0,2528.947017263428,0.0,0.0,0.0,0.0,0.0,0.0,0.0,0.0,0.0
231,0.442652552238952,0.0906269710963449,0.0824863998139539,0.0214144057674417,0.3038775379783131,1.8006061577707075,1.002275359555198,2.4272860621688634,891.8358660340032,668.3062864939903,2115.6490206589456,292.1551803667584,0.0,248.08360580753828,721.9011872846326,0.0,4951.719229530947,2485.5459022266305,0.0,1978.216653211561,1777.9305231201238,0.0,6045.339579254948,9157.653676285378,2594.0132515474047,0.0,0.0,0.0,2900.7661488203325,0.0,0.0,0.0,0.0,0.0,2307.989102261986,0.0,0.0,0.0,0.0,0.0,0.0,0.0,0.0,0.0
232,0.6781030806378745,0.1199817904186039,0.1426696276544855,0.0168930815728902,0.4179196320566129,1.9707412233456536,1.0780550559436597,2.4059855198679005,812.7823790504378,657.0556159254438,1257.610347284735,237.86559664635516,0.0,250.0239695638115,676.8099833797423,0.0,3227.3617471829166,1632.313671427881,0.0,1356.1622987375956,1166.0078112450049,0.0,4323.934670217997,6590.898231210433,1944.7379810442008,0.0,0.0,0.0,2531.0061912870638,0.0,0.0,0.0,0.0,0.0,2061.4734489786365,0.0,0.0,0.0,0.0,0.0,0.0,0.0,0.0,0.0
233,0.909184959086185,0.148514659682626,0.2256884893390663,0.0137688747906974,0.5866093408200136,2.0622816598499174,1.158919460742629,2.2904297489771275,735.9267378568956,646.1149264969853,905.729169213384,234.3649658509382,0.0,377.7630855561471,710.4892414161212,0.0,3503.729742443521,1471.6842368949206,0.0,1795.06089734972,1342.1641735323374,0.0,5872.958194135318,9551.688080999957,3507.521189871984,0.0,0.0,0.0,2198.987319500112,0.0,0.0,0.0,0.0,0.0,1795.0373866566183,0.0,0.0,0.0,0.0,0.0,0.0,0.0,0.0,0.0
234,1.100026044161203,0.1697241372471468,0.3446083077633977,0.0115317209302323,0.7630842715805304,2.158715882579234,1.1804837385049896,2.2300370875432525,658.0554170213261,635.0697839539902,909.260915478254,230.8306352355794,0.0,507.1598292315329,744.6025351694478,0.0,4114.618945832419,1483.2793590450838,0.0,2426.1795392641084,1758.1529728230114,0.0,7153.292288793121,11884.798572428945,4687.152552885664,0.0,0.0,0.0,2002.4212391869885,0.0,0.0,0.0,0.0,0.0,1617.1389524499382,0.0,0.0,0.0,0.0,0.0,0.0,0.0,0.0,0.0
235,1.2498853733682596,0.1715689439999996,0.4711107333358043,0.0092715036279068,0.9739933061883476,2.289859052407367,1.1248863656090002,2.201987497321737,567.6932983109502,622.3855264286839,1370.1509146302126,226.77409024726765,0.0,673.1815134748593,791.4945726788682,0.0,4210.362326301347,1245.0388523304207,0.0,2387.048845509701,2131.474833138246,0.0,5776.909976466053,9910.101610780232,4000.375206087446,0.0,0.0,0.0,1946.89223779219,0.0,0.0,0.0,0.0,0.0,1545.7570545292374,0.0,0.0,0.0,0.0,0.0,0.0,0.0,0.0,0.0
236,1.357428523694351,0.1715689439999996,0.578164376681463,0.0078522288374749,1.2149651655795366,2.4256593935736928,1.0379934785326286,2.17375354606723,761.1603350752982,716.5016295740372,2433.9069868055826,285.80655140635605,0.0,929.0810714463092,935.7305469254412,0.0,4476.202678615773,1155.9189285536909,0.0,1878.7678235005212,2217.8327901419875,0.0,3927.712990789844,7121.293336570775,2951.7019529503955,0.0,0.0,0.0,1928.7774107045304,0.0,0.0,0.0,0.0,0.0,1521.1869430669983,0.0,0.0,0.0,0.0,0.0,0.0,0.0,0.0,0.0
237,1.3784408542959816,0.1714200050848682,0.6472429598870454,0.00955691372093,1.4284933529773516,2.462204698420721,0.923668719086081,2.1243415056876955,888.6114440339446,456.4694429783736,2549.8840311025106,370.9431688136518,0.0,829.7863154797989,976.6008520610844,0.0,4463.210224733012,1137.6684515923748,0.0,1871.1536287094395,2270.695401850077,0.0,3894.429499193113,7079.524166563494,2935.992691442247,0.0,0.0,0.0,1910.5296018748384,0.0,0.0,0.0,0.0,0.0,1496.3381812763755,0.0,0.0,0.0,0.0,0.0,0.0,0.0,0.0,0.0
238,1.3492844222933076,0.1649558256407207,0.7192798260612274,0.0116498328168009,1.6024120362166614,2.4793276927169003,0.7752244110185141,2.0588725429363923,672.1455734755581,0.0,2415.916633395365,424.74383022346746,0.0,581.3713116204304,967.1302456675083,0.0,4349.353702334878,1132.6563834568692,0.0,2164.7915851681905,2455.515591768705,0.0,4367.58299092791,7923.766104428292,3240.005018031864,0.0,0.0,0.0,1887.382813569773,0.0,0.0,0.0,0.0,0.0,1462.529127814786,0.0,0.0,0.0,0.0,0.0,0.0,0.0,0.0,0.0
239,1.2663706361206055,0.1368016290897003,0.7814598594117743,0.0126445319999998,1.7686047929535516,2.5447518082524936,0.5972721510577373,2.073175617372521,441.1941794641641,0.0,2272.959929980492,482.19608143220336,0.0,316.3402251515005,957.0662568874872,0.0,4227.898802563374,1127.2864773051206,0.0,2478.132753661967,2652.727916798636,0.0,4872.430241713849,8824.673935556197,3564.336281791847,0.0,0.0,0.0,1755.658881277604,0.0,0.0,0.0,0.0,0.0,1297.2025118089489,0.0,0.0,0.0,0.0,0.0,0.0,0.0,0.0,0.0
240,1.1468096862903512,0.1094417974883716,0.7836811769441415,0.0126445319999998,2.0055908701460243,2.571122785206214,0.4703328464832008,2.0374511569750333,111.42738653248662,0.0,1575.981026333085,195.59864107323463,0.0,118.5354373853438,1223.1990575176285,0.0,3719.68591948513,727.3972954347472,0.0,3325.286889849261,3199.070647861459,0.0,5013.393563809396,10242.423214539836,4309.595051076397,0.0,0.0,0.0,1676.741064980577,0.0,0.0,0.0,0.0,0.0,1196.9735314349016,0.0,0.0,0.0,0.0,0.0,0.0,0.0,0.0,0.0
241,0.9915694705177616,0.0823669641328901,0.8501195441155139,0.0126445319999998,2.4277723045461284,2.4687047499184804,0.3646138807605458,1.9528501790401125,42.70052587134728,0.0,1162.3479393370767,13.438734746943371,0.0,268.95589390444144,1402.3822802431062,0.0,3144.5661018719047,120.64083450860284,0.0,3728.102600703288,3528.445021957601,0.0,4057.5883768046815,10302.497594159238,4557.183050148469,0.0,0.0,0.0,1623.25171639059,0.0,0.0,0.0,0.0,0.0,1121.3129751057006,0.0,0.0,0.0,0.0,0.0,0.0,0.0,0.0,0.0
242,0.8564535002392021,0.0524421483189367,1.046147356674983,0.012627887157525,2.915026322225791,2.2871038205024807,0.3447733098241115,1.8168921181703663,29.66219902536393,0.0,811.8068200061133,0.0,0.0,225.87727826454216,1039.8083514611094,0.0,2217.2997789100787,0.0,0.0,2757.3198533199684,2612.575269774176,0.0,2797.5969766858225,7484.877684611678,3341.0991522741474,0.0,0.0,0.0,1579.4502718938477,0.0,0.0,0.0,0.0,0.0,1061.8878441140264,0.0,0.0,0.0,0.0,0.0,0.0,0.0,0.0,0.0
243,0.7326034473324191,0.023054284317373,1.239464429119406,0.0113002628172755,3.319102685642376,2.029754002184878,0.487662281525116,1.6391248372976253,99.46972757522228,841.7700395261007,437.4972091777328,0.0,0.0,176.9695950471486,630.2333847429759,0.0,1198.567055969216,0.0,0.0,1541.9812801297878,1474.2176022822357,0.0,1437.3220463304451,4048.390634461741,1817.2823691963315,31.55321527238864,0.0,0.0,1534.9212401004197,0.0,0.0,0.0,0.0,0.0,1020.8039265660028,0.0,0.0,0.0,0.0,0.0,0.0,0.0,0.0,0.0
244,0.6476754432354538,0.0018055555453448,1.382151201437477,0.009241850631229,3.64764659696841,1.7502372316027466,0.6563969994427119,1.4195428941808068,788.6300492954504,2199.333783900273,542.1469186839855,0.0,0.0,659.3981126531212,1338.0651234513762,0.0,1514.3574961348386,0.0,0.0,2357.314739752313,2354.982063738437,0.0,1220.8298534427424,5134.398400077788,2385.35634790575,22.631047774097567,0.0,0.0,1547.14802823204,0.0,0.0,0.0,0.0,0.0,1006.0604521552484,0.0,0.0,0.0,0.0,0.0,0.0,0.0,0.0,0.0
245,0.608827407649372,-4.61852778244066e-16,1.4965896569363644,0.0074354889169433,3.8780489597986265,1.50046036566011,0.8264314884916973,1.2343780705269527,1732.6135827216074,2638.5029712763303,748.8955709459102,0.0,0.0,1308.0862099089816,2379.140003177725,0.0,2090.1757249678526,0.0,0.0,3543.953233152078,3700.068005823431,0.0,1201.178916358613,6933.23990985923,3291.1097962212675,0.0,0.0,0.0,1486.4722616306606,0.0,0.0,0.0,0.0,0.0,957.85477009976,0.0,0.0,0.0,0.0,0.0,0.0,0.0,0.0,0.0
246,0.6062683640512253,-4.61852778244066e-16,1.6374254701453208,0.0053140641129566,4.013759310715036,1.196798413401139,1.036077218455046,1.041190593424705,2816.067618702023,2399.3789921524067,974.2147623054352,0.0,0.0,1843.38878932896,3079.0104566927566,0.0,2491.011047133205,0.0,0.0,3701.607005108725,4214.896477016524,0.0,1148.462874270634,6623.921458733485,3064.26037225964,0.0,0.0,0.0,1386.6247811153594,0.0,0.0,0.0,0.0,0.0,911.708371903465,0.0,0.0,0.0,0.0,0.0,0.0,0.0,0.0,0.0
247,0.6485749089556693,-4.61852778244066e-16,1.7283247701573796,0.0032766561328902,3.9282654377028927,0.9721506209108712,1.2863079292339856,0.8966744954551414,3571.2805223816,1769.1444546518153,1212.8555453481847,0.0,0.0,2029.1120024189208,3096.1416590111385,0.0,2920.52755986171,0.0,0.0,3188.159465523796,3931.103980648633,0.0,1071.615496969767,5506.310909277304,2458.9731390484594,0.0,0.0,0.0,1629.033521416664,0.0,0.0,0.0,0.0,0.0,1044.076827575698,0.0,0.0,0.0,0.0,0.0,0.0,0.0,0.0,0.0
248,0.6602729350830541,-4.61852778244066e-16,1.6847558339458937,0.0012202443474132,3.729198686760319,0.7807568783426705,1.5143071404138626,0.823666032763161,2931.6306602864465,1351.5075903470452,977.7837284658906,0.0,0.0,1532.8638892730246,2351.991004569541,0.0,2319.6289571997736,0.0,0.0,2102.042820140161,2864.713012745537,0.0,625.515888648496,3534.065151380922,1675.3178180670898,0.0,27.13071084390678,20.427085320703707,2137.488748496464,0.0,0.0,0.0,0.0,0.0,1268.0785677694137,0.0,0.0,0.0,0.0,0.0,0.0,0.0,0.0,0.0
249,0.6604908479999975,-4.61852778244066e-16,1.622857192014617,-1.5276668818842126e-16,3.5510030841079727,0.643309613431897,1.6031517872890433,0.768475736102981,2052.2845022040583,902.3992437400966,644.5128965887711,0.0,0.0,957.3865655056106,1471.0718400647315,0.0,1537.1484762135815,0.0,0.0,1164.1754640365984,1723.8590012835637,0.0,269.80244220251967,2004.430061013138,939.7775963448804,0.0,453.4705523372735,337.5151412932275,2511.7386319587104,0.0,0.0,0.0,0.0,0.0,1531.2358220543497,0.0,0.0,0.0,0.0,0.0,0.0,54.564771981870855,0.0,0.0
250,0.6600269202196164,-4.61852778244066e-16,1.5942112715083083,-1.5276668818842126e-16,3.316326221092498,0.545372423601331,1.6541668851428666,0.7619572032474116,2615.5520180936574,874.9243746413154,737.5928824469894,0.0,0.0,1021.4325676271592,1629.5639932357967,0.0,1829.6107574927737,0.0,0.0,1123.064808133444,1736.1613601250165,0.0,192.89245106295903,2025.4152206787403,865.7101924145395,0.0,538.9372559535769,387.90733853490207,2825.005120872033,0.0,0.0,0.0,0.0,0.0,2018.547775995111,0.0,0.0,0.0,0.0,0.0,0.0,249.33057856319493,0.0,0.0
251,0.6136889395320844,-4.61852778244066e-16,1.4618505254897742,-1.5276668818842126e-16,2.7984134117153374,0.443530564884772,1.711017749100901,0.7442981211869115,3954.0450832102406,740.9493541280708,903.228604680956,0.0,0.0,1104.829652045468,1931.773769350978,0.0,2439.824252303343,0.0,0.0,914.6327941390044,1644.3189340210004,0.0,0.0,1926.380053538051,588.4838822334076,0.0,577.8892526711892,395.5397171529584,2781.70585982557,0.0,0.0,0.0,0.0,0.0,2471.5853439558173,0.0,0.0,0.0,0.0,0.0,0.0,552.4895935404966,0.0,0.0
252,0.5085134741661126,5.251051494554758e-06,1.204198156308142,0.000347204329734,2.2008425819725934,0.3806073493928593,1.6754159171088112,0.698220305083047,3192.740432082854,328.9425675543722,424.7542046202025,0.0,0.0,428.68116555443726,1077.3348243983196,0.0,1448.0327552286592,0.0,0.0,96.2186565931244,707.7508119150265,0.0,0.0,715.0600921992855,60.07347066687987,0.0,380.8255880160192,260.66092415450964,1833.2837861632463,164.05755030206055,0.0,40.6050623502106,14.1899411438908,0.0,1628.9079593138515,324.4038852280266,0.0,84.48472650285753,8.950578259992659,0.0,213.50403751884923,364.1115148644753,0.0,0.0
253,0.3995315832512138,0.0012392481528234,0.9368362321985696,0.0213034763145922,1.640039830031178,0.333833420757733,1.4647099134594987,0.6431674627950325,1622.788460802214,55.43372949310046,71.68995515090118,0.0,0.0,67.95102324960702,185.1584102423502,0.0,252.62174672222324,0.0,0.0,4.714305440762209,116.55713796643118,0.0,0.0,112.98076832171502,4.551743184184202,0.0,463.2442897724434,369.21103599326347,1810.251517201568,1196.0525765547743,0.0,388.947693554056,191.45758545922052,0.0,1875.0553977814816,2435.7567628227616,0.0,744.0535830368503,182.15299445645843,0.0,1720.7635154600391,806.8225630476546,0.0,0.0
254,0.3012208374717605,0.0033396687508301,0.6728809785672755,0.0602919554950164,1.1001227103637865,0.3028099498006668,1.2298658966262488,0.5834198267043088,57.20895640996369,0.0,0.0,0.0,0.0,0.0,0.0,0.0,0.0,0.0,0.0,0.0,0.0,0.0,0.0,0.0,0.0,0.0,1789.8845186783012,1568.473712610364,5854.842576739007,1109.2999943270986,0.0,883.273716753999,668.41690672611,0.0,6938.03295868948,2643.463917742628,0.0,1394.037318555589,819.166157333941,0.0,2488.8899198384256,4064.907465920088,268.7011126146623,0.0
255,0.2133096552956809,0.0068816508548804,0.4298722373167476,0.098869680478405,0.6217107045109199,0.273910513698172,1.0036353255548205,0.5269147884679335,0.0,0.0,0.0,0.0,0.0,0.0,0.0,0.0,0.0,0.0,0.0,0.0,0.0,0.0,0.0,0.0,0.0,0.0,2022.4133094728595,1788.4796969385002,6522.735391711659,1174.6761635027074,0.0,981.9724643988658,722.2443785097862,0.0,7688.244325225987,2738.52044962739,0.0,1420.264555004541,874.0981333572585,0.0,2495.6240945504446,4387.244178660097,478.0521222360623,0.0
256,0.1292764510900026,0.0215787327906972,0.2068704808586545,0.1358230801993353,0.2508230735744501,0.3019874473092749,0.7828958910416838,0.4966780908248159,0.0,0.0,0.0,0.0,0.0,0.0,0.0,0.0,0.0,0.0,0.0,0.0,0.0,0.0,0.0,0.0,0.0,0.0,2139.0821291848047,1916.5247435400288,6761.283537464502,1307.16751764138,0.0,1050.7282676804991,722.0799413379908,0.0,7872.516140849155,2881.7100565689966,0.0,1364.6669745492056,839.1233754972491,0.0,2406.097803783872,4272.337306780646,467.2394289513058,0.0
257,0.0744614158045849,0.0418935268527853,0.0513664980173208,0.1784616183388704,0.1020393913773765,0.3817333966794866,0.5108346988632464,0.4635542784632541,0.0,0.0,0.0,0.0,0.0,0.0,0.0,0.0,0.0,0.0,0.0,0.0,0.0,0.0,0.0,0.0,0.0,0.0,2429.363678879673,2277.8260131166285,7048.301291162752,1424.0716432208942,0.0,1171.6470325595349,708.6875687046455,0.0,8008.423073647563,2839.577255604694,0.0,1212.4362689400646,692.6993016780559,0.0,2045.4635015791105,3815.5130339387774,321.66797710871657,0.0
258,0.0814814927043181,0.0735171920132885,0.0281759188938846,0.2234312276458865,0.1146441379605242,0.5272128864436224,0.3031189563142501,0.4414924041891634,0.0,0.0,0.0,0.0,0.0,0.0,0.0,0.0,0.0,0.0,0.0,0.0,0.0,0.0,0.0,0.0,0.0,0.0,2965.955862519804,3005.2182546456643,7339.830723338222,1490.7479023925512,0.0,1381.8919452225637,787.7493303223955,0.0,7986.522479899357,2548.0906328589463,0.0,1054.6759853869569,571.2163171878765,0.0,1582.5254214286986,3269.1698742343106,137.77549705109962,0.0
259,0.0977947242980128,0.1043175949235875,0.0324168417374723,0.2428958275784269,0.1600521547205772,0.70959188172164,0.3128414633553439,0.4161213611239038,0.0,0.0,0.0,0.0,0.0,0.0,0.0,0.0,0.0,0.0,0.0,0.0,0.0,0.0,0.0,0.0,0.0,0.0,2634.4327427964004,3060.624724634198,7182.931663177565,1319.8936624848122,0.0,1106.0980261244852,923.1329981055536,0.0,7533.447635332094,2275.5615580971294,0.0,1504.8011241206293,1024.626644149356,0.0,2296.266210510677,4295.999766414065,426.48668491054985,0.0
260,0.1035553374262593,0.1327375211561456,0.0337187520000015,0.2444609520000004,0.2156246482724257,0.9144957673944848,0.3527520126656112,0.3780159898006555,0.0,0.0,0.0,0.0,0.0,0.0,0.0,0.0,0.0,0.0,0.0,0.0,0.0,0.0,0.0,0.0,0.0,0.0,1666.0326227672024,2178.0175349544784,6665.271077102751,1045.7768412281034,0.0,617.3618930411445,925.3144778174376,0.0,7093.629765794124,2345.1543878092343,0.0,2179.982712241594,1581.1483815390425,0.0,3391.7515936730606,5774.60321390448,1097.6198056737892,0.0
261,0.103635575999999,0.1618745706679547,0.0337187520000015,0.2444609520000004,0.2758980706445188,1.1470735948262187,0.4362352083160415,0.3366274078405231,0.0,0.0,0.0,0.0,0.0,0.0,0.0,0.0,0.0,0.0,0.0,0.0,0.0,0.0,0.0,0.0,0.0,0.0,1188.427465411624,1752.1934240664384,5923.775655015209,701.0662528307062,0.0,493.17244257011095,982.4588451626364,0.0,6335.712197497252,2098.3676044779486,0.0,2492.906116946782,1934.9513882811605,0.0,3862.16635656152,6489.466803681631,1630.3488379308956,0.0
262,0.103635575999999,0.178926935546193,0.0337187520000015,0.2442551160390193,0.3342351891369202,1.3476372864556487,0.5371588998716376,0.2911409377156908,0.0,0.0,0.0,0.0,0.0,0.0,0.0,0.0,0.0,0.0,0.0,0.0,0.0,0.0,0.0,0.0,0.0,0.0,1346.8590407598315,2035.9883112558668,5104.42062780767,538.5655673053132,0.0,656.132865913176,991.963655741522,0.0,5275.802900605846,1584.4424881080374,0.0,2132.414821349245,1729.0882890824278,0.0,2905.117050275144,5275.959350730792,1322.1419208620491,0.0
263,0.1031216391768605,0.1909808680429935,0.0335019750275567,0.2249310135524725,0.3900575856103191,1.5099620204229087,0.651700898701587,0.2412894541793927,0.0,0.0,0.0,0.0,0.0,0.0,0.0,0.0,0.0,0.0,0.0,0.0,0.0,0.0,0.0,0.0,0.0,0.0,2261.8544840740374,3495.0080514836477,6143.740783060065,518.1805181198678,0.0,1248.7202564630663,1482.6292353568008,0.0,5985.678492861599,1463.07773230772,0.0,2535.4118178371973,2203.773784770416,0.0,2657.2035353218776,5723.020526596999,1427.0668171058956,0.0
264,0.0916338985883524,0.1932914114551492,0.0291843145913636,0.1845750778205981,0.461035529669404,1.6175438956469663,0.7696868892847784,0.1940424808316837,0.0,0.0,0.0,0.0,0.0,0.0,0.0,0.0,0.0,0.0,0.0,0.0,0.0,0.0,0.0,0.0,0.0,0.0,2202.6453141615093,3381.768028437173,6095.167873193847,489.548451671672,0.0,1194.4259416635418,1503.3741563848744,0.0,5929.406593677678,1468.967726121223,0.0,2591.490203446548,2281.161124272843,0.0,2788.780341527485,5926.160838298297,1488.2708309485806,0.0
265,0.0736275670564777,0.1885956883562481,0.023303136916945,0.1419365396810629,0.5091169094804493,1.6426798337909554,0.8453776782926194,0.1524561144955183,0.0,0.0,0.0,0.0,0.0,0.0,0.0,0.0,0.0,0.0,0.0,0.0,0.0,0.0,0.0,0.0,0.0,0.0,1691.8121587467936,2376.7934006354435,5629.649940764211,269.4947248544788,0.0,750.8335964728565,1644.3236326216534,0.0,5470.191084179314,1533.4158118285927,0.0,3007.553835258604,2866.649266027761,0.0,3808.410008451952,7464.478852506296,1965.9890734511391,0.0
266,0.0572731156943513,0.1725738511096337,0.0179820714019948,0.1033588146976741,0.5379348786411182,1.615145629484357,0.8864693438569167,0.1755087315534169,0.0,0.0,0.0,0.0,0.0,0.0,0.0,0.0,0.0,0.0,0.0,0.0,0.0,0.0,0.0,0.0,0.0,0.0,1614.0541347236765,1963.37747846318,5411.58376513999,212.63277375471736,0.0,728.3423557872794,1757.4974369455256,0.0,5485.130943001522,1606.708849731284,0.0,3169.180683917528,3123.283827255933,0.0,3991.022673554168,7850.939274564817,2151.469637282409,0.0
267,0.0407465122126237,0.1540274092037849,0.0126049946710978,0.0643750083986709,0.5547277161125814,1.5868849350441945,0.8845627382869738,0.2666611777207952,0.0,0.0,0.0,0.0,0.0,0.0,0.0,0.0,0.0,0.0,0.0,0.0,0.0,0.0,0.0,0.0,0.0,0.0,1487.7835555986285,1800.6826081443592,4988.503470067733,194.7154310955933,0.0,671.9205396658758,1625.3150843227806,0.0,5063.234064037551,1485.0241997622495,0.0,2929.395516267774,2889.758305494709,0.0,3688.0746298290856,7256.156050564543,1990.7883073728667,0.0
268,0.0228426917740857,0.1243918499800659,0.0067798282126261,0.0224693321203829,0.5647721375868681,1.4967300328411195,0.8570191036943579,0.3844819500879328,0.0,0.0,0.0,0.0,0.0,0.0,0.0,0.0,0.0,0.0,0.0,0.0,0.0,0.0,0.0,0.0,0.0,0.0,929.2996330591476,1104.4985658539233,3011.899459181076,141.81015274157943,0.0,418.4519132230218,975.401743259082,0.0,3074.264157649264,897.5638038955902,0.0,1718.6283329884163,1699.4085280351733,0.0,2148.479060367686,4247.95507683923,1155.6941770415235,0.0
269,0.0061623936502806,0.0929036622857141,0.0014043316300781,0.0017188147717131,0.5366110165152908,1.351030435788735,0.7889789804236271,0.5233314497899425,0.0,0.0,0.0,0.0,0.0,0.0,0.0,0.0,0.0,0.0,0.0,0.0,0.0,0.0,0.0,0.0,0.0,0.0,1342.0402474401594,1424.8542238087305,3474.782847938545,374.77741315155896,0.0,593.7642031021483,1073.7079000292815,0.0,3696.844089146277,1043.77433414056,0.0,1547.2586419373797,1565.8055625740585,0.0,1797.4509874155797,3742.5866763572303,930.532097675528,0.0
270,7.381948783986354e-05,0.062650192425249,1.5560885913146153e-15,-1.563194018672218e-16,0.4743717551162801,1.1731085110668469,0.6981260524839915,0.6760187385536109,0.0,0.0,0.0,0.0,0.0,0.0,0.0,0.0,0.0,0.0,0.0,0.0,0.0,0.0,0.0,0.0,0.0,0.0,1588.6734520610369,1645.3592482051067,3900.734422361874,484.9799880098055,0.0,700.3231325110409,1189.6237428474933,0.0,4195.711241211365,1174.251164842552,0.0,1604.436820562376,1637.643660305831,0.0,1810.5368835836136,3849.004005888446,922.053858273315,0.0
271,-6.679101716144923e-16,0.0336486410748482,1.5560885913146153e-15,-1.563194018672218e-16,0.4124221631901512,1.013445702948605,0.5701195936228294,0.8346798668289901,0.0,0.0,0.0,0.0,0.0,0.0,0.0,0.0,0.0,0.0,0.0,0.0,0.0,0.0,0.0,0.0,0.0,0.0,2688.5493971520277,2616.359312047801,5798.81653418612,979.9347533165014,0.0,1173.5223256646111,1702.9861402681645,0.0,6424.934541938043,1759.234768253151,0.0,1847.803837883664,1950.111190605212,0.0,1858.278286512112,4299.254491050839,875.2563099322691,0.0
272,-6.679101716144924e-16,0.0174071327441855,1.5560885913146153e-15,-1.5631940186722183e-16,0.3779156587855454,0.9034001111313326,0.4783966367075762,0.9661194434518846,22.35215986824348,0.0,39.236884948571294,0.0,0.0,0.0,0.0,0.0,57.488468725878015,0.0,0.0,0.0,0.0,0.0,0.0,0.0,0.0,0.0,2998.843584956266,2594.181660714029,6323.924571675074,1196.2449832972156,0.0,1250.526788510492,1745.7951349187558,0.0,7163.648680766953,1980.2562384980984,0.0,1630.502827616847,1829.6488521832284,0.0,1607.8907865512658,3841.629387468181,644.2189905101144,0.0
273,-6.679101716144923e-16,0.0044119172551066,1.5560885913146153e-15,-1.563194018672218e-16,0.3579986485188383,0.7867454038931228,0.4291933379164527,1.0260775266196274,403.3241438556407,0.0,976.2699141841288,0.0,0.0,0.0,0.0,0.0,1283.3072533814486,0.0,0.0,0.0,0.0,0.0,0.0,0.0,0.0,0.0,2961.0718907779788,1911.1847072140688,6620.796021170108,1154.9788877102797,0.0,949.5312763866874,1220.781107289765,0.0,7347.145649156878,1735.7962920463906,0.0,848.7240765380798,1026.2370824269642,0.0,863.9302207722012,2490.931438912457,120.28826642662814,0.0
274,-6.679101716144923e-16,-4.440892098500638e-16,1.5560885913146153e-15,-1.5631940186722183e-16,0.3865709648199089,0.7192323309790015,0.3939996621438022,1.0721038617626693,642.6197473444767,0.0,1908.5044106985645,0.0,0.0,0.0,0.0,0.0,2368.2590952721134,0.0,0.0,0.0,0.0,0.0,0.0,0.0,0.0,0.0,2726.3681505765358,1564.5435513176617,6490.149916538651,846.7169182817398,0.0,679.5131612545217,834.7832020039243,0.0,6955.96901220162,1279.0297923278997,0.0,514.0981098271326,583.2983970354942,0.0,591.015913052474,2038.6043314439407,0.0,0.0
275,-6.679101716144923e-16,-4.440892098500638e-16,1.5560885913146153e-15,-1.563194018672218e-16,0.4941058877664205,0.7148027032969598,0.4007979182760077,1.1161540174553968,902.2795961019792,0.0,2379.245855613767,0.0,0.0,0.0,0.0,0.0,3207.099565659417,0.0,0.0,0.0,0.0,0.0,0.0,677.7466896766119,0.0,0.0,2296.4907349627038,1172.0214970570612,5850.876482106094,101.27273881904954,0.0,94.43859407176714,112.3202922087819,0.0,5952.750835946034,158.17969024080824,0.0,59.14076324700318,62.44163666624237,0.0,87.12352800555848,346.7051223549916,0.0,0.0
276,-6.679101716144923e-16,-4.440892098500638e-16,0.0001050210299018,-1.563194018672218e-16,0.6074961184413864,0.7298942554655925,0.4445553139449495,1.1114776655054506,1253.6800652463037,517.4048872406622,2791.784977011436,411.7628341357436,0.0,284.5727770554957,653.6705753887952,0.0,4203.304781015038,1001.4375664443046,0.0,278.2174359751667,696.418820425754,0.0,956.5149878948308,2602.3972694032573,414.939684783792,0.0,1561.1796460204662,542.9887459670169,4523.6635135132265,0.0,0.0,0.0,0.0,0.0,4086.997310803133,0.0,0.0,0.0,0.0,0.0,0.0,0.0,0.0,0.0
277,-6.679101716144923e-16,0.0036590602735973,0.0189062564651178,-1.563194018672218e-16,0.7693631981262465,0.727305509862813,0.5559255148868516,1.0527437567183815,1530.8034522091398,1115.0995579918888,3079.602916940395,864.578616038577,0.0,717.4680847880877,1373.20473655493,0.0,4965.703572258144,2081.3781606362804,0.0,1226.1255177780197,1916.3516650827423,0.0,2598.93028112132,4289.3659561099685,1495.025424018723,0.0,29.24341084373502,9.979392901317771,3122.470662246331,0.0,0.0,0.0,0.0,0.0,2808.497827940863,0.0,0.0,0.0,0.0,0.0,0.0,0.0,0.0,0.0
278,0.0003664241766227,0.0322006833089696,0.0623404833488388,-1.563194018672218e-16,1.0428394626048942,0.6913946320396297,0.7160510987771714,0.9436885728746504,1538.9384003528935,1112.2957396507247,3063.13484443288,857.567268854905,0.0,736.8400249513654,1397.228930880425,0.0,4971.616916640274,2085.172233633442,0.0,1267.1182968940896,1958.52559070036,0.0,2652.3714382210587,4377.00245378456,1540.8838501674009,0.0,0.0,0.0,2082.6042006667417,0.0,0.0,0.0,0.0,0.0,1873.046196661068,0.0,0.0,0.0,0.0,0.0,0.0,0.0,0.0,0.0
279,0.0081372765049827,0.0692208022724248,0.1061709072159485,-1.563194018672218e-16,1.376878256923199,0.6529386690498374,0.8351634723189423,0.8555241630486502,1564.8658300023271,843.6047859687302,2597.974727501034,550.6973634625895,0.0,954.583690754318,1626.5544830145152,0.0,4779.103552601009,1795.5880409964457,0.0,1746.804513365451,2385.97296890971,0.0,3232.373374686438,5640.527498526449,2124.20615291735,0.0,0.0,0.0,1603.366098250099,0.0,0.0,0.0,0.0,0.0,1437.342794716866,0.0,0.0,0.0,0.0,0.0,0.0,0.0,0.0,0.0
280,0.0236479143422626,0.1034469499933551,0.1547642823354792,0.0005069050094011,1.692651690393158,0.6327607394992592,0.9516996791608172,0.8215287019789255,1290.6727048907392,677.7544908522203,2289.054992632619,348.2701414193152,0.0,827.2658022089215,1533.2607182856266,0.0,4538.346181959651,1639.8472574214777,0.0,1968.7298585806848,2596.442880452126,0.0,4107.608892707672,7054.154735040916,2771.7652023184146,0.0,0.0,0.0,2413.0906970332326,0.0,0.0,0.0,0.0,0.0,2180.25341432309,0.0,0.0,0.0,0.0,0.0,0.0,0.0,0.0,0.0
281,0.0514660705116271,0.1423603546515534,0.2341527563509888,0.0152562245276527,2.021994219956224,0.6085993151291789,1.0934687236709058,0.8305298039671584,994.1721672248296,555.314319957328,2049.1925140373323,193.61683924999824,0.0,671.2177637810186,1398.3741307029973,0.0,4326.153599751089,1532.5505437294664,0.0,2111.776500817137,2732.7487223068774,0.0,4833.723728325384,8210.89645876492,3292.772337675582,0.0,0.0,0.0,2314.494737800058,0.0,0.0,0.0,0.0,0.0,2103.452828090125,0.0,0.0,0.0,0.0,0.0,0.0,0.0,0.0,0.0
282,0.0814485449302318,0.1993101460863787,0.3555480245619026,0.0562789166112954,2.4140843397931424,0.5690906144038148,1.2117773866889026,0.8714620661126959,459.2557701731497,417.2954943115506,1738.713609063596,68.34469149986305,0.0,391.9024227021162,1138.8120817322133,0.0,4035.955872805252,1325.2336471795263,0.0,2231.7982282206613,2832.936327779737,0.0,5492.089365704733,9459.438990924831,3798.691690298045,0.0,0.0,0.0,1629.1429500133363,0.0,0.0,0.0,0.0,0.0,1479.0047994542597,0.0,0.0,0.0,0.0,0.0,0.0,0.0,0.0,0.0
283,0.1114310193488364,0.2517839662606999,0.4571919862395956,0.0997535045182721,2.806248746012117,0.545885359070552,1.2673728896118854,0.9725754104709686,750.9963046392814,851.9804760608104,1719.6642365819855,76.9577265043737,0.0,559.2018136749377,1292.1029087643208,0.0,3807.082763326311,787.6599605015392,0.0,2146.8159069255457,2943.058575401532,0.0,4756.173606098459,8948.848923694279,3671.216761189975,0.0,0.0,0.0,1594.036630543431,0.0,0.0,0.0,0.0,0.0,1435.5752329504771,0.0,0.0,0.0,0.0,0.0,0.0,0.0,0.0,0.0
284,0.1385837105409235,0.2775240432956813,0.5326398935880419,0.1394658684717605,3.0295562139486565,0.5195619673165225,1.2652002720570863,1.0721528987740767,1599.126071523968,1729.0627046429654,2011.2580126508824,75.56354588074608,0.0,963.2625577777548,1467.4742222064538,0.0,3783.261263481477,550.7331960798582,0.0,1860.4403816054885,2741.733460975073,0.0,3644.501723773634,7454.6572533990975,3105.845397507788,0.0,0.0,0.0,1992.2819984922533,0.0,0.0,0.0,0.0,0.0,1788.3041602469164,0.0,0.0,0.0,0.0,0.0,0.0,0.0,0.0,0.0
285,0.1592662451561457,0.2979780214485051,0.6107079269606988,0.180014282192691,3.167114979213437,0.4970934959225237,1.2666748124575973,1.1459058189007618,2596.2261171730006,2631.8887767165384,2372.018087770239,74.27607471344604,0.0,1307.6868137146282,1587.1778088308188,0.0,3863.61342631314,472.3927069471004,0.0,1492.9205684841234,2340.0126231038894,0.0,2769.4792969005166,6037.528853284628,2516.0189235126027,0.0,0.0,0.0,1970.0,0.0,0.0,0.0,0.0,0.0,1760.0,0.0,0.0,0.0,0.0,0.0,0.0,0.0,0.0,0.0
286,0.1729905273957394,0.3199080598803988,0.688851016014853,0.222878464132109,3.264737485575919,0.4572561374938461,1.2484410824709815,1.163620801238214,4453.055062019731,3781.238278599221,2897.96518571032,73.00489139721769,0.0,2047.0966670535704,1982.0062735634383,0.0,3864.207409698218,262.20794187844376,0.0,1140.7027185747215,1842.6702076657364,0.0,1508.8242483148708,4123.3279503293,1647.948046285204,0.0,0.0,0.0,1896.3338594373963,0.0,0.0,0.0,0.0,0.0,1668.9010008409216,0.0,0.0,0.0,0.0,0.0,0.0,0.0,0.0,0.0
287,0.17413389526485,0.3305947363008639,0.7224464354519609,0.2496033252621931,3.276369586099136,0.4017380082434575,1.1660798612643242,1.11789301681195,4723.816248541589,3879.777172906126,3002.1860685855754,152.1201529438629,0.0,2111.812584542166,1915.7668672491495,0.0,3940.774752537647,257.70235010035213,0.0,1057.2425713942337,1567.216520970591,0.0,1292.1034637326186,3707.5292551059406,1348.6871884336654,0.0,0.0,0.0,1842.046280798491,0.0,0.0,0.0,0.0,0.0,1615.9604000480729,0.0,0.0,0.0,0.0,0.0,0.0,0.0,0.0,0.0
288,0.1758312533870422,0.3032406046644521,0.7384798766511654,0.2516509800000004,3.2039768096362167,0.3975861439136236,1.0526932226661183,1.0799070544435134,3686.408246963904,2828.6950101804487,3101.308146582646,371.3223436049472,0.0,1440.7195773435078,1722.949855647252,0.0,4148.7344936725085,453.4721961900218,0.0,1147.4230315090326,1590.7802731917063,0.0,1784.864010134295,4209.540926709768,1410.9035894162778,0.0,0.0,0.0,1800.6634992432837,0.0,0.0,0.0,0.0,0.0,1578.5906048182871,0.0,0.0,0.0,0.0,0.0,0.0,0.0,0.0,0.0
289,0.1703424631096336,0.2683159641328903,0.7547749269782814,0.2516509800000004,3.107090144270129,0.422989923192438,0.9531095021461818,1.0111403216028547,2332.966128442812,1923.085161958036,2966.7726345279134,441.4028851687359,0.0,873.406481616299,1616.2442402428424,0.0,4141.616872863491,605.7271684871611,0.0,1436.5072897259188,2037.018244680944,0.0,2356.3163041348907,5125.633072097403,1819.5782975992493,0.0,0.0,0.0,1677.466130902949,0.0,0.0,0.0,0.0,0.0,1359.8180306968463,0.0,0.0,0.0,0.0,0.0,0.0,0.0,0.0,0.0
290,0.1580453070423584,0.2333913236013279,0.7708048005249201,0.2510811207906981,3.088923251167776,0.4786897668338893,0.8502560582541552,0.8986638717582983,2671.1143751226846,2393.156517854291,2934.264252128359,386.8671189950209,0.0,1050.0469559163755,1767.0806707087895,0.0,4061.265124139929,551.2679872599348,0.0,1390.4394606080516,2157.8120278574293,0.0,2079.08682978909,4870.795580485171,1793.9060144346556,0.0,0.0,0.0,1597.7507633472542,0.0,0.0,0.0,0.0,0.0,1225.7638748143982,0.0,0.0,0.0,0.0,0.0,0.0,0.0,0.0,0.0
291,0.1398270069642854,0.1954550334343843,0.8151263178289052,0.2369017373272429,3.0851243899759138,0.5344642907765803,0.7376989629244206,0.7466510104260698,2565.63691378467,2406.361059744608,2707.816180898318,404.0637006238753,0.0,994.9587847571972,1644.0481345496212,0.0,3710.0905592842896,515.6707608260834,0.0,1163.346137060436,1898.3491930586108,0.0,1635.6925035379463,4179.900773705385,1541.5264643591834,0.0,0.0,0.0,1578.5643821627482,0.0,0.0,0.0,0.0,0.0,1201.0993290187812,0.0,0.0,0.0,0.0,0.0,0.0,0.0,0.0,0.0
292,0.1387813784651157,0.1406779347109633,0.8843205849989781,0.1974621878073091,3.0641702036273952,0.6655679099034006,0.6071450911364712,0.5817340886917854,1831.4267894620805,1732.6911668066964,1921.18860101212,295.00667563132725,0.0,708.1817934542075,1167.8443892264506,0.0,2627.434103453391,367.9885963503426,0.0,807.5905537864278,1331.785426425026,0.0,384.4209970181354,2921.1545773270173,1160.1908263890734,0.0,0.0,0.0,1530.437395337958,0.0,0.0,0.0,0.0,0.0,1124.6931672861049,0.0,0.0,0.0,0.0,0.0,0.0,0.0,0.0,0.0
293,0.1405728156222111,0.0911317388400567,0.9576057554380638,0.1581678487375414,2.994453839074513,0.8183922708381601,0.4929682436696767,0.4383094161784432,1117.6555294920213,1057.4132468001785,1172.3813689725143,180.0199685949847,0.0,432.1612060526092,712.6608107750684,0.0,1603.376885572136,224.5795959857679,0.0,492.85057337255137,812.7289887679586,0.0,0.0,1782.6380441946774,840.2376211530408,0.0,0.0,0.0,1472.4908823272654,0.0,0.0,0.0,0.0,0.0,1056.3077586006464,0.0,0.0,0.0,0.0,0.0,0.0,0.0,0.0,0.0
294,0.1410921412827295,0.061561268491694,1.0174997488903654,0.1159473354817274,2.9316217095859014,0.9750846413340852,0.4322540640452776,0.2927822970842862,559.2158207288826,529.0433825919574,586.5644725305698,90.07473052956294,0.0,216.21269532426965,356.5605302455341,0.0,802.2247025692029,112.33733649604324,0.0,246.58061576635643,406.6146916831793,0.0,0.0,891.9183498928663,508.2690945635172,0.0,0.0,0.0,1433.5246804116227,0.0,0.0,0.0,0.0,0.0,1017.9101116753436,0.0,0.0,0.0,0.0,0.0,0.0,0.0,0.0,0.0
295,0.148193321980066,0.0396312300598004,1.0735084937541528,0.0724727475747507,2.828485024313621,1.102697457642525,0.3911475722711011,0.1727461679680964,274.1050954338152,259.3014725909294,287.56192423387495,44.184136069671126,0.0,105.96413044310428,174.74717498081753,0.0,393.2297548855769,55.06716080273471,0.0,120.85641562551766,199.32648456631787,0.0,0.0,437.2157076124173,256.8673599282029,0.0,0.0,0.0,1408.6320737336175,0.0,0.0,0.0,0.0,0.0,1002.4393228454892,0.0,0.0,0.0,0.0,0.0,0.0,0.0,0.0,0.0
296,0.1624586638327001,0.0183337888903649,1.1244063475422406,0.0322134358626007,2.679643348974845,1.1883224258073086,0.3738203408208392,0.1177675234940576,171.8092248766789,156.65902713697565,176.3641388646668,26.99392921435292,0.0,63.691071800858936,107.5950366110778,0.0,241.3963121069453,32.78956892472748,0.0,71.52837653120237,120.30847343861322,0.0,0.0,260.7603026328432,151.69879380140642,0.0,0.0,0.0,1638.526794341644,0.0,0.0,0.0,0.0,0.0,1155.312734654438,0.0,0.0,0.0,0.0,0.0,0.0,0.0,0.0,0.0
297,0.1835430588989889,0.00111705221941,1.1345249322454245,0.0101525411273059,2.524207381449635,1.26394741661695,0.371328126186192,0.110290728433439,1154.8826925585647,415.2939100481518,762.1910859309928,110.00760804407764,0.0,132.2292879104879,509.1353304748257,0.0,1066.209064428797,35.84327461724637,0.0,23.434430738161517,302.9294543267528,0.0,0.0,309.1861163591293,11.344253583713746,0.0,0.0,0.0,2644.010604615236,0.0,0.0,0.0,0.0,0.0,2103.1585683471885,0.0,0.0,0.0,0.0,0.0,0.0,0.0,0.0,0.0
298,0.1846347956611291,-4.387601393318631e-16,1.0797282098073109,0.0147655449568104,2.3388134925576085,1.2444041829384742,0.3872227510524961,0.1229370245413857,3801.811529604585,1304.5276834721644,2535.639542410688,304.23941852286055,0.0,399.1677405157644,1606.9799205923855,0.0,3574.0804798991285,88.60273839426225,0.0,52.43036671445775,916.1217441662922,0.0,0.0,947.0608704548964,12.565916796327071,0.0,1066.904989828001,608.56,4263.44459836015,0.0,0.0,119.28,0.0,0.0,4008.869798409469,0.0,0.0,0.0,0.0,0.0,0.0,735.62,0.0,0.0
299,0.1824520056279064,-4.387601393318631e-16,1.0221696016504993,0.0217669469501659,2.122432577552692,1.185828773525585,0.4232396926644564,0.1421637804789272,2746.167243561988,609.9194186006442,2025.5131151736173,9.873981839194322,0.0,83.04607914526639,730.9977254225093,0.0,2934.007880452881,0.0,0.0,0.0,179.34491578526055,0.0,0.0,366.3068329545196,0.0,0.0,1075.233627966651,610.7260477705727,3929.238218351847,246.0046772225701,0.0,155.60755795867723,199.84131119194709,0.0,3826.926428650323,586.2321809852099,0.0,229.09641293297355,161.13254045400043,0.0,387.93774005611175,892.7861772041092,0.0,0.0
300,0.1790470008194063,-4.387601393318632e-16,0.9546263352956812,0.028978391003322,1.834178385424436,1.0781528710467023,0.4550486393726617,0.1591381839964801,1172.0312293848183,22.88237386542948,1243.8330468147258,0.0,0.0,2.5387743266753886,27.32522893711142,0.0,1600.6460942104477,0.0,0.0,0.0,5.34478805615871,0.0,0.0,13.228350438992816,0.0,0.0,1200.016086577128,557.1067472366493,4811.024954072608,791.9483724663442,0.0,365.90471100315705,390.2675850728394,0.0,5252.307905448938,1632.0241709013328,0.0,670.4734469671037,457.4365733735417,0.0,1129.7524482468896,1816.7811681736507,0.0,0.0
301,0.1784359061543866,-4.387601393318632e-16,0.8234627486886853,0.0370912958460032,1.5075291987766282,1.0247475324002355,0.4477637868743444,0.1810565947164259,418.0597963763972,0.0,523.9338335780183,0.0,0.0,0.0,0.0,0.0,664.3388082510735,0.0,0.0,0.0,0.0,0.0,0.0,0.0,0.0,0.0,1368.1658632130038,520.1308592469998,5878.8251273935775,1321.694572042862,0.0,594.8234826059489,536.9009276125469,0.0,6895.379266649004,2608.408400242224,0.0,1088.6834040854735,735.7366714091644,0.0,1831.6986350314216,2829.7333790535786,0.0,0.0
302,0.1657676646777399,-4.387601393318632e-16,0.6549564456478413,0.0444883399250116,1.1707587126891337,0.990285711189371,0.4238843315538713,0.2045669634418511,11.591928315520857,0.0,14.734318521535544,0.0,0.0,0.0,0.0,0.0,18.761233378132157,0.0,0.0,0.0,0.0,0.0,0.0,0.0,0.0,0.0,1521.329635623901,495.3216849838862,6838.250326910318,1792.4804942092856,0.0,796.0639064245883,676.5358113918376,0.0,8364.416192033448,3480.13527124425,0.0,1469.134258011515,995.319783577272,0.0,2479.7915191839247,3768.632769187136,52.909274621948974,0.0
303,0.1511927225940188,0.0018904683957712,0.4901211280954404,0.0470313001196011,0.8492068619728201,0.9587083099085516,0.3943792696686224,0.2284565707375324,0.0,0.0,0.0,0.0,0.0,0.0,0.0,0.0,0.0,0.0,0.0,0.0,0.0,0.0,0.0,0.0,0.0,0.0,1563.32972906637,533.4744040942154,7065.363329059476,1857.6434655896555,0.0,816.217244482801,772.260345417039,0.0,8668.504707066251,3651.215568992899,0.0,1617.3629616050123,1149.09274579034,0.0,2800.5192218289008,4255.337840577571,202.9312105232724,0.0
304,0.1460146504186042,0.0147916770639041,0.352447281568107,0.0493014017541527,0.5665051420512041,0.980385938732075,0.3658556043447358,0.2544638962126155,0.0,0.0,0.0,0.0,0.0,0.0,0.0,0.0,0.0,0.0,0.0,0.0,0.0,0.0,0.0,0.0,0.0,0.0,1480.6840381717766,487.0343029887787,6983.640705234251,1649.9994421606534,0.0,785.879746640474,934.9671966282696,0.0,8524.598565035041,3541.67537991726,0.0,1918.8343558382576,1515.5040367304316,0.0,3432.2034519002727,5196.472500158675,570.0341156670362,0.0
305,0.1436621793488368,0.0440923586710958,0.2255745611045549,0.0514858391760796,0.413366682198166,1.0854995292663714,0.335352312832522,0.2746083590994632,0.0,0.0,0.0,0.0,0.0,0.0,0.0,0.0,0.0,0.0,0.0,0.0,0.0,0.0,0.0,0.0,0.0,0.0,1364.6748367780078,520.1871966399864,6878.041132484383,1462.4501163600955,0.0,748.8997952741446,952.0841969790948,0.0,8252.521145000816,3327.236383528374,0.0,2133.729414242228,1728.8615298770108,0.0,3578.448256722724,5521.944049865651,781.7121165675984,0.0
306,0.1425815266794015,0.0730410966777403,0.110148012433556,0.0521558287300663,0.401808813009969,1.281231167541531,0.3203557720813987,0.2837099878803898,0.0,0.0,0.0,0.0,0.0,0.0,0.0,0.0,0.0,0.0,0.0,0.0,0.0,0.0,0.0,0.0,0.0,0.0,1367.9487958114985,673.2620234241143,6778.775151520727,1449.0330694816512,0.0,699.5611520788007,864.1618639545344,0.0,8020.300574994687,3219.7505155746358,0.0,2053.423016120355,1646.6718667570092,0.0,3332.695477664336,5192.956419541492,761.8905949192244,0.0
307,0.1385007996562733,0.1022822461794015,0.0527431927643765,0.0469596387109633,0.4253422041788933,1.4849127757168454,0.3473605570963495,0.2814016319792906,0.0,0.0,0.0,0.0,0.0,0.0,0.0,0.0,0.0,0.0,0.0,0.0,0.0,0.0,0.0,0.0,0.0,0.0,1428.4795131481694,1021.8818660528642,6431.311734548903,1422.693231833261,0.0,679.6004147358152,754.7376738441624,0.0,7417.847762860397,2845.446807775036,0.0,1719.270803982119,1397.985490612011,0.0,2717.675030738406,4409.176708334511,624.4855598485958,0.0
308,0.1477872406644512,0.1329764080596748,0.0559369280411222,0.0396452328637872,0.4951432519004606,1.7695763637540325,0.5003080175267384,0.2573888348571328,0.0,0.0,0.0,0.0,0.0,0.0,0.0,0.0,0.0,0.0,0.0,0.0,0.0,0.0,0.0,0.0,0.0,0.0,1782.1733596727468,1774.7160942666578,7146.3499657376215,1609.8522043975856,0.0,818.4148978270852,768.194637267871,0.0,7894.770412811915,2712.054130934013,0.0,1579.9182676353405,1343.5766817560675,0.0,2294.913812211399,4142.830623982671,557.0100825546724,0.0
309,0.1583892405392872,0.1589367674152819,0.0580160880000014,0.0329238869501659,0.5720887519715714,2.085492651172685,0.7377975512366567,0.2346944080664348,0.0,0.0,0.0,0.0,0.0,0.0,0.0,0.0,0.0,0.0,0.0,0.0,0.0,0.0,0.0,0.0,0.0,0.0,2175.71846155101,2442.555416644388,7258.135102132183,1387.9886074515396,0.0,1064.6993221094722,1045.3517333787677,0.0,7627.72692775119,2190.746551141312,0.0,1757.325803612939,1639.441259788857,0.0,2182.341555414379,4359.220762663094,687.4900197838907,0.0
310,0.1600926123124276,0.1751400960789201,0.0579765842912754,0.0264825971162789,0.6620043947771418,2.399204646403966,0.984992903433728,0.2129927346911551,0.0,0.0,0.0,0.0,0.0,0.0,0.0,0.0,0.0,0.0,0.0,0.0,0.0,0.0,0.0,0.0,0.0,0.0,2686.1707162298803,3082.801212885572,6574.464396314626,782.7881422336175,0.0,1473.946548318023,1614.5843675792,0.0,6804.886966960668,1396.4784226410316,0.0,2224.649870593348,2204.81592999588,0.0,2225.8298528875703,4914.218148897593,1007.9520894950616,0.0
311,0.1506771722990027,0.1760317199999995,0.0544680245780744,0.0183739145723776,0.7474254032392073,2.646642020046756,1.2772876082570033,0.1836666017854668,0.0,0.0,0.0,0.0,0.0,0.0,0.0,0.0,0.0,0.0,0.0,0.0,0.0,0.0,0.0,0.0,0.0,0.0,3400.291826992759,3901.4306144577176,5845.440348128099,102.83366381459932,0.0,2068.46021125397,2229.92266700251,0.0,5789.7051066173735,659.6792388687951,0.0,2740.455680319133,2765.318391936232,0.0,2041.454866634302,5183.992618809369,1312.9530854012376,0.0
