Time,r-biceps,l-biceps,r-lats,l-lats,r-quat,l-quat,r-hamstring,l-hamstring,L1,L2,L3,L4,L5,L6,L7,L8,L9,L10,L11,L12,L13,L14,L15,L16,L17,L18,R1,R2,R3,R4,R5,R6,R7,R8,R9,R10,R11,R12,R13,R14,R15,R16,R17,R18
0,0.0,0.6753304608450262,0.0,1.174433469300764,2.0991726687613848,0.6425286421676752,0.6598838498659363,0.0,0.0,0.0,7.517320641348787,0.0,0.0,0.0,0.0,0.0,838.1265999703078,0.0,0.0,0.0,0.0,0.0,0.0,0.0,0.0,0.0,351.8311039396447,0.0,7100.116657769656,531.1606643843536,0.0,15.67806351221024,224.61430647240675,0.0,9229.706069107546,3367.307207237748,0.0,633.6385107477882,394.2174761258399,0.0,3118.7476375682186,3652.6232468507824,616.449933979318,0.0
1,0.0,0.6200013284252498,0.0,0.9975009727490436,2.163953220527474,0.609787502618196,0.6578624393222582,0.0,0.0,0.0,0.0,0.0,0.0,0.0,0.0,0.0,797.6489287638051,0.0,0.0,0.0,0.0,0.0,0.0,0.0,0.0,0.0,306.42398642048914,0.0,9445.023193487055,757.5086777466802,0.0,8.626503348037739,205.3629504501202,0.0,12087.078011828544,4294.662788596874,0.0,852.445345168314,542.6369938574048,0.0,3695.660119663533,4545.569579806464,598.9030024139101,0.0
2,0.0,0.5457896888558147,0.0,0.8098974717607977,2.165756198758804,0.5650224394578082,0.644759109568106,0.000599649488372,0.0,0.0,0.0,0.0,0.0,0.0,0.0,0.0,760.9853817164936,0.0,0.0,0.0,0.0,0.0,0.0,0.0,0.0,0.0,346.86914050619043,0.0,9541.975610136536,726.9743437505357,0.0,2.7482087438337355,295.283784933862,0.0,12205.66377251216,4362.2060769115,0.0,904.1201401773876,631.5190609228882,0.0,3956.9837645217926,4755.957774559402,697.1198736871561,0.0
3,0.0,0.4419091370033226,0.0,0.6227305881802317,2.103497456778237,0.4779567818222591,0.6321961233089703,0.0025485103255813,0.0,0.0,0.0,0.0,0.0,0.0,0.0,0.0,740.6664398494668,0.0,0.0,0.0,0.0,0.0,0.0,0.0,0.0,0.0,339.43288817533283,16.165849030449706,6592.254525088745,488.6774415060863,0.0,37.87157535502699,281.57245127857874,0.0,8403.23335094031,2976.292348399405,0.0,634.8932826057398,478.4310074996354,0.0,2779.543103265162,3305.233884595624,724.5533804906587,0.0
4,0.0,0.3568631069900335,0.0,0.450214859003321,2.039110386708224,0.3891153681012313,0.6183852401063126,0.0043046266843853,0.0,0.0,0.0,0.0,0.0,0.0,0.0,0.0,732.0851887401448,0.0,0.0,0.0,0.0,0.0,0.0,0.0,0.0,0.0,628.4936009922367,88.00484319807742,5529.39613646639,428.88214167418175,0.0,203.9827270067769,409.4137902521935,0.0,6870.75909514012,2232.174309435677,0.0,506.72307699746864,453.5609304394709,0.0,2024.4751300134667,2487.710067188735,704.5433685274328,0.0
5,0.0,0.2664659466179405,0.0,0.2762220426389225,1.8242925576793123,0.2931679209966782,0.5371517227543279,0.0062534875215946,0.0,0.0,0.0,0.0,0.0,0.0,0.0,0.0,729.048002882611,0.0,0.0,0.0,0.0,0.0,0.0,0.0,0.0,0.0,2002.042761899152,362.6574311929102,7528.909028691382,649.1337348575825,0.0,855.9408545231556,1146.161427942289,0.0,8763.01934581607,2158.343384328041,0.0,609.2623931667385,802.2559436233466,0.0,1737.5559350199248,2444.279823817083,674.6411377560677,0.0
6,0.0,0.1584404915681065,0.0007611600083592,0.0882900837923054,1.4703100156557722,0.1779249548976524,0.4125460807375418,0.0159854761485371,0.0,0.0,0.0,0.0,0.0,0.0,0.0,0.0,720.3232140085805,0.0,0.0,0.0,0.0,0.0,0.0,0.0,0.0,0.0,3805.267357694175,632.3301437588447,10279.58354010413,977.2303843597168,0.0,1780.4909873626448,2298.075890078068,0.0,11422.684388138534,2140.33920111451,0.0,849.0562297922305,1439.7648086884378,0.0,1497.3756259402503,2573.737769610272,592.7369241804313,0.0
7,0.0002101353082178,0.1003053797342194,0.0042111296047138,0.028810683724942,1.1246124962031,0.0859157657714536,0.2972185752558141,0.0495987554152823,0.0,0.0,0.0,0.0,0.0,0.0,0.0,0.0,711.0082104436997,0.0,0.0,0.0,0.0,0.0,0.0,0.0,0.0,0.0,4581.004557573923,928.5292110667712,10429.055561429332,998.0723823814424,0.0,2225.5028567222816,2472.7199629484285,0.0,11437.976965522434,1881.386602336309,0.0,797.726135555703,1364.592560136727,0.0,971.851685788836,2240.451730112335,190.8190440463942,0.0
8,0.003285304923588,0.076306202369375,0.0160550384651162,0.0108880037940199,0.8559877946846899,0.0214099316094835,0.1999423315016612,0.0796858390166111,0.0,0.0,0.0,0.0,0.0,0.0,0.0,0.0,706.8897701568488,0.0,0.0,0.0,0.0,0.0,0.0,0.0,0.0,0.0,4875.968776266431,1149.8191090722814,10527.516791250153,1013.7834694016508,0.0,2322.534072554613,2471.9954225275937,0.0,11419.806254442025,1784.069383706279,0.0,753.0334317021,1301.4431424050151,0.0,953.3568382043673,2099.3188828749767,151.54132649587288,0.0
9,0.0074799684119601,0.0876331374129006,0.035382505801542,0.0002261740359808,0.6226760194007406,0.0033528400897636,0.1026660877475083,0.1082737988970097,0.0,0.0,0.0,0.0,0.0,0.0,0.0,0.0,691.0,0.0,0.0,0.0,0.0,0.0,0.0,0.0,0.0,0.0,6446.664552625712,2331.202299697952,11009.59515431495,1092.552669513054,0.0,2857.443390559376,2488.6347738359577,0.0,11272.903930231996,1232.9491160360344,0.0,528.1221893066145,984.8029293754486,0.0,783.6401881879983,1358.4162532802209,0.0,0.0
10,0.0118043637607973,0.0914869080000002,0.0669152817807308,1.154631945610165e-16,0.3887473689898931,0.0008862250212765,0.0139367331844207,0.1376796872691028,0.0,0.0,0.0,0.0,0.0,0.0,0.0,0.0,692.7892575414071,0.0,0.0,0.0,0.0,0.0,0.0,0.0,0.0,0.0,6285.445396162014,2266.6030995559563,10801.192084235909,1068.8388263522716,0.0,2871.693784203753,2574.708001004634,0.0,11078.939899700492,1151.4691762360237,0.0,604.9912192229057,1103.9903299903872,0.0,482.7791877418537,1470.609671297442,0.0,0.0
11,0.016301734923588,0.0914869080000002,0.1004099889169435,1.154631945610165e-16,0.2769903760601515,-8.881784197001248e-18,-8.881784197001248e-18,0.1682618111760798,0.0,0.0,0.0,0.0,0.0,0.0,0.0,0.0,781.1337600023854,0.0,0.0,0.0,0.0,0.0,0.0,0.0,0.0,0.0,5853.775976267726,2366.366187947061,10729.550881206442,1080.1361927580808,0.0,2685.0754529167707,2630.9786601162605,0.0,10997.961983205152,1214.236055122137,0.0,668.6360900185143,1262.9003867964802,0.0,216.5114145246028,1606.473920886022,0.0,0.0
12,0.0207991060863786,0.0914869080000002,0.1329006126378736,1.154631945610165e-16,0.2002360486398547,-8.881784197001248e-18,-8.881784197001248e-18,0.1887271983719518,0.0,0.0,0.0,0.0,0.0,0.0,0.0,0.0,1290.5370872235194,0.0,0.0,0.0,0.0,0.0,0.0,0.0,0.0,0.0,5351.258600804723,2302.916586624362,10518.002212126068,1056.3068447686262,0.0,2408.968280677253,2614.6304924262345,0.0,10808.835294454237,1206.1339087541169,0.0,610.6892905962144,1299.1235866615796,0.0,385.1304444889994,1695.209970434259,0.0,0.0
13,0.0248461964946178,0.0904299763550833,0.1612275108302986,1.154631945610165e-16,0.135530833443191,-8.881784197001248e-18,-8.881784197001248e-18,0.1872389053554815,0.0,0.0,39.16224489420762,0.0,0.0,0.0,0.0,0.0,1731.4549391122448,0.0,0.0,0.0,0.0,0.0,0.0,33.15269324803765,0.0,0.0,4383.021822142447,1788.4398058901454,10193.971655835318,967.388133946354,0.0,1946.2019093138244,2378.256657317131,0.0,10659.560690795535,1278.3258886843123,0.0,542.151890956983,1274.0591866613245,0.0,646.0939015537012,1827.691713220707,0.0,0.0
14,0.0260328599999999,0.0781307040797344,0.1814705738073084,1.154631945610165e-16,0.0686038390517897,0.0014853147273793,-8.881784197001248e-18,0.1850758839867105,3.241649440233866,5.968751350271881,383.42827627336703,0.0,0.0,0.0,1.440733084548385,0.0,2237.1398172248555,0.0,0.0,0.0,2.521282897959673,0.0,0.0,268.86639086412106,0.0,0.0,3578.7979872179294,1245.2335856886566,9639.824338397211,749.406738916437,0.0,1504.4843412539842,2018.615475063378,0.0,10198.85867610157,1101.701349750877,0.0,381.5435599511498,1118.2647445427062,0.0,641.6925341125158,1711.3894124507665,0.0,0.0
15,0.0260328599999999,0.0630855148903656,0.1937223923646172,1.154631945610165e-16,0.0288360634833904,0.0100057928222591,-8.881784197001248e-18,0.1829556947242521,25.90265671308481,47.11023341112587,909.2858742904372,0.0,0.0,0.0,11.828123269038867,0.0,2819.475336466361,0.0,0.0,0.0,20.353957229194656,0.0,0.0,333.0295378420041,0.0,0.0,3012.0373689835737,840.1596778522785,9192.292289739553,566.8964356342932,0.0,1181.6560712679686,1732.9839560046275,0.0,9806.526528242024,929.8088950769124,0.0,247.6192963110523,981.672475282748,0.0,594.6491492699453,1584.3085547938451,0.0,0.0
16,0.0260328599999999,0.0483442689169436,0.1968312463385987,1.154631945610165e-16,0.0119450642042188,0.0251190635717675,-8.881784197001248e-18,0.172247298324225,402.5664052001719,398.2076217556345,2619.683610714188,0.0,0.0,0.0,368.2918237376827,0.0,4530.845391377969,35.52963194184647,0.0,0.0,438.9544057483987,0.0,0.0,575.8965630725585,0.0,0.0,2099.561314763838,272.5568484410218,8386.922732745501,102.66497589664245,0.0,665.9664106491465,1224.532919409373,0.0,9028.288411859294,560.3117523299214,0.0,26.391279114673623,714.6472231795569,0.0,404.570562813199,1280.924340464508,0.0,0.0
17,0.0258881805096735,0.0331471081196014,0.1987743409857333,1.154631945610165e-16,0.0071389589501676,0.0446231570021496,-8.881784197001248e-18,0.1415790563322257,463.4099346331727,472.32707335744107,2576.3174620331665,0.0,0.0,0.0,422.9052614085712,0.0,4123.751415444498,102.8828168458156,0.0,0.0,507.1535214833755,0.0,0.0,536.3428947893692,0.0,0.0,1717.1647463743382,129.25598059017716,7954.354026647679,0.0,0.0,454.3494053850555,957.037971421042,0.0,8538.059875433773,301.66715660699487,0.0,0.0,550.0722828864765,0.0,196.94865981923672,1043.1357769295837,0.0,0.0
18,0.0226178232159467,0.0173446718460478,0.1914991302518647,1.154631945610165e-16,0.0026415877873769,0.0674724566150567,0.0005695613324139,0.1093685042324326,341.97733506020273,348.54496694611305,1901.05577964244,0.0,0.0,0.0,312.049340245027,0.0,3042.9159481407964,75.88824368083735,0.0,0.0,374.2681918325949,0.0,0.0,395.7866467903828,0.0,0.0,1487.0,43.0,7694.0,0.0,0.0,327.0,796.0,0.0,8243.0,146.0,0.0,0.0,451.0,0.0,72.0,900.0,0.0,0.0
19,0.0181204520531561,0.0067015772491696,0.1785181625335158,1.154631945610165e-16,0.017862764927889,0.1068307671463748,0.0241507022544459,0.0788610948579244,144.38197351529485,163.22338213187746,1109.9742805757696,0.0,0.0,0.0,108.41361715633283,0.0,1676.9694281500792,68.44024081148555,0.0,0.0,130.09224579388504,0.0,0.0,137.5308638055369,0.0,0.0,1328.3090479980012,28.16584579111752,7650.877458695108,0.0,0.0,256.2790322599788,754.6023603473047,0.0,8306.13140047036,239.4896695490036,0.0,0.0,470.3188985045912,0.0,201.3676239146729,997.6294335142732,0.0,0.0
20,0.0138825446112956,0.011558902843854,0.1564426209169434,0.0010357868851347,0.1382235708972943,0.1675620390103908,0.0856375915241394,0.0577259723339223,184.0612563412937,251.99508838908773,2255.3581028822387,0.0,0.0,0.0,98.01004869119966,0.0,3210.352443482562,186.82108876862503,0.0,0.0,117.877307168254,0.0,0.0,138.20020734128846,0.0,0.0,982.0224854904576,0.0,7436.197097787815,0.0,0.0,106.44214128107689,643.9151044780242,0.0,8303.947323115726,394.0075251883456,0.0,0.0,491.9012256367173,0.0,422.3624729139676,1172.6323449684553,0.0,0.0
21,0.0096878811229235,0.0191524587069769,0.1341285926519597,0.0151703083614619,0.3843699680332241,0.2407123848988706,0.1608271459534883,0.0519541094152824,197.7649261277615,280.8870811968784,2617.068763302139,0.0,0.0,0.0,108.48806900337809,0.0,3696.688527962093,223.69175759394605,0.0,0.0,130.67309548017016,0.0,0.0,163.0761597440036,0.0,0.0,944.350744775826,0.0,7324.965595717452,0.0,0.0,93.4113718816297,617.0418128312954,0.0,8201.719869081213,374.74975696932654,0.0,0.0,479.254970744139,0.0,401.7268610453349,1163.9487256883322,0.0,0.0
22,0.005320241820598,0.0351414659566154,0.1090640770998628,0.049139570040258,0.6685992952026599,0.3125663752143842,0.2393614602657807,0.0561056016290795,301.7154313348894,487.7573134776547,5286.639073040884,0.0,0.0,0.0,232.41623754419436,0.0,7313.389453962874,556.6556950376644,0.0,0.0,281.7040528639753,0.0,0.0,438.5158634936802,0.0,0.0,559.812118945229,0.0,6189.748159047323,0.0,0.0,0.1903046716167864,342.8050577398818,0.0,7158.4157261275805,178.21521774160828,0.0,0.0,350.1611882431171,0.0,191.10807728717288,1075.386534065458,0.0,0.0
23,0.0011952155558068,0.0591725548704321,0.090508586939987,0.1154555899534885,0.950035869145687,0.3831825600483504,0.3155630721727579,0.0791949171827243,585.492569805641,772.0323970538451,6967.611418740303,357.4877875296099,0.0,0.0,390.53189366387176,0.0,10256.079219048734,2011.830488120686,0.0,0.0,465.7461034415573,0.0,453.2603242109727,821.958074274101,0.0,0.0,47.49158537061738,0.0,4756.252560460081,0.0,0.0,0.0,22.2935570543484,0.0,5725.352560678484,2.1674236036025154,0.0,0.0,49.18376071679519,0.0,2.3242766275474325,791.3536048535456,0.0,0.0
24,0.0006824385414655,0.0837186465647842,0.0817813019071021,0.188965259927788,1.247440321563845,0.4669935129568113,0.3928845975706148,0.1036174547242526,883.9254187174408,1138.5419365885991,7655.922707394877,576.4141914407604,0.0,47.71325125102527,393.8600459038226,0.0,11477.757862944778,2525.3201744165704,0.0,0.0,422.6357202110656,0.0,484.00807877287735,774.9256099919338,0.0,0.0,0.0,0.0,2962.960264149408,0.0,0.0,0.0,0.0,0.0,3590.4646385337523,0.0,0.0,0.0,0.0,0.0,0.0,89.10912078363403,0.0,0.0
25,0.0028145636013289,0.1056501870275552,0.0775993404682431,0.2916092167176082,1.5503352860379125,0.5444868875692789,0.4518709530263842,0.1288883974485051,1154.0505808043883,1430.7881050258552,7932.775905533496,674.3112737479725,0.0,160.04879796943956,484.8400462147825,0.0,11848.054401714133,2682.3356727326927,0.0,0.0,508.6737519217441,0.0,525.0655551346716,861.2067136798619,0.0,0.0,0.0,0.0,2363.1716020117888,0.0,0.0,0.0,0.0,0.0,2819.5357388296,0.0,0.0,0.0,0.0,0.0,0.0,0.0,0.0,0.0
26,0.0049359884053156,0.1225651924369434,0.080404331126113,0.400368039796944,1.740527926715479,0.588964689974751,0.4677533709966794,0.1459077348916945,1485.2112315637955,1783.582109092572,8150.9512371943265,762.3368589524007,0.0,300.1230394065128,630.6875753575657,0.0,12070.49814304484,2808.482320651768,0.0,21.510822792589448,646.1255756439923,0.0,599.4330409949353,1013.5654653098068,12.906493675553667,0.0,0.0,0.0,2002.385999581396,0.0,0.0,0.0,0.0,0.0,2377.248676021408,0.0,0.0,0.0,0.0,0.0,0.0,0.0,0.0,0.0
27,0.006973396385382,0.1563460734236233,0.1044811771168446,0.4919924262399104,1.7959806943654442,0.6097253382975905,0.4680956160000017,0.1470236760000002,2074.646940360019,2426.766200924289,7760.487380504135,688.3258942874687,0.0,603.7068028544264,1022.54003794206,0.0,11091.968719177594,2612.907033371753,0.0,262.8742270133951,937.9244737864162,0.0,722.2115030759288,1385.9691238566545,169.49268140666655,0.0,0.0,0.0,1664.7510219659316,0.0,0.0,0.0,0.0,0.0,1944.3967719240757,0.0,0.0,0.0,0.0,0.0,0.0,0.0,0.0,0.0
28,0.0090318085714285,0.2066393622810242,0.1590496296923979,0.5666322170936107,1.8229822189235856,0.6312836153246044,0.4676433270463179,0.1470236760000002,2498.077502882769,2965.974049847428,7677.897204070821,660.3849960376598,0.0,780.0532089610381,1199.6533218927711,0.0,10648.908848791243,2431.450985748214,0.0,348.0360244870194,1012.6487677156894,0.0,682.1759654914067,1408.0036982051029,199.76982825741385,0.0,0.0,0.0,1518.7496567672752,0.0,0.0,0.0,0.0,0.0,1737.2176426135,0.0,0.0,0.0,0.0,0.0,0.0,0.0,0.0,0.0
29,0.0111952417873754,0.2466740286409408,0.2080421299136213,0.6094275640265794,1.8291895795614608,0.6518347232545358,0.4452517362052147,0.1468828242657809,3743.034760731485,4835.625506824945,8153.173299476448,902.8455656553627,0.0,1234.771117519198,1235.8973569497034,0.0,10652.828818148177,1868.628379550612,0.0,136.02996262429204,567.5218423255884,0.0,188.51065808119483,517.6695799868892,51.22115876593712,0.0,0.0,0.0,1387.0737095027569,0.0,0.0,0.0,0.0,0.0,1562.512845217568,0.0,0.0,0.0,0.0,0.0,0.0,0.0,0.0,0.0
30,0.0126136686769272,0.2815922697009967,0.2537151580465119,0.6439878458829764,1.71837965937433,0.6543394649578953,0.3827720430152561,0.1391047961689606,4874.925338577172,6435.960777615198,8591.291081702859,1105.885153419136,0.0,1564.1315525269883,1179.2243453712322,0.0,10611.50330601781,1407.4599391834831,0.0,0.0,117.7240468975777,0.0,0.0,0.0,0.0,0.0,0.0,0.0,1302.548750770786,0.0,0.0,0.0,0.0,0.0,1477.490014839523,0.0,0.0,0.0,0.0,0.0,0.0,0.0,0.0,0.0
31,0.012644532,0.3154518902453043,0.298258228819039,0.6394274368871117,1.4730778667315771,0.6370535497641878,0.314302819813954,0.1161853831495018,5430.709613366548,7111.823244405711,8809.705389923682,1174.7433287761153,0.0,1647.7631094265896,1037.2525500081256,0.0,10504.113088357615,1245.431475753088,0.0,0.0,0.0,0.0,0.0,0.0,0.0,0.0,0.0,0.0,980.3216788651874,0.0,0.0,0.0,0.0,0.0,1112.656887888065,0.0,0.0,0.0,0.0,0.0,0.0,0.0,0.0,0.0
32,0.012644532,0.3419194340918504,0.3465016942255232,0.6056488419597426,1.2288006882259173,0.6258128473988671,0.2470069912425247,0.0917628456079735,5559.806422975255,7224.291819986918,8951.569697834571,1189.3562895192645,0.0,1652.1755727154466,918.98108220007,0.0,10578.4595081421,1162.2986226288442,0.0,0.0,0.0,0.0,0.0,0.0,0.0,0.0,0.0,0.0,750.321004173716,0.0,0.0,0.0,0.0,0.0,857.0606004676825,0.0,0.0,0.0,0.0,0.0,0.0,0.0,0.0,0.0
33,0.012644532,0.3431572791378746,0.3696785727284052,0.5386215619734237,1.012432552838872,0.6265118257450174,0.1803841209568101,0.0675845334418605,5442.918355580195,6989.46098339765,9002.204814513498,1168.7235707531777,0.0,1628.15366113255,833.0920760857044,0.0,10661.80862539838,1112.177331720616,0.0,0.0,0.0,0.0,0.0,0.0,0.0,0.0,0.0,0.0,1030.5701709072496,0.0,0.0,0.0,0.0,0.0,1181.1435711491572,0.0,0.0,0.0,0.0,0.0,0.0,0.0,0.0,0.0
34,0.0120092619334192,0.3196617752691044,0.359081870613329,0.467721759624653,0.7909004071958787,0.6135556007279143,0.1162419659084679,0.043894672026578,6214.965243333625,7827.936907999414,9073.970932339726,1228.7503895743266,0.0,1837.1298082040364,707.6928557233382,0.0,10157.927487124884,858.5073405979182,0.0,0.0,0.0,0.0,0.0,0.0,0.0,0.0,0.0,0.0,1252.6950457630653,0.0,0.0,0.0,0.0,0.0,1430.98952797989,0.0,0.0,0.0,0.0,0.0,0.0,0.0,0.0,0.0
35,0.0099559936345514,0.29828070489662,0.3508073061129561,0.3696919527144807,0.5660703121876115,0.5858673052648036,0.102433822091069,0.0195603182333398,6238.965758351261,7818.784167552026,9124.900469898204,1171.8002463412274,0.0,1923.665350254946,1020.6842700020856,0.0,10749.733108600843,1107.157797101486,0.0,0.0,0.0,0.0,0.0,0.0,0.0,0.0,0.0,0.0,1239.5233632817155,0.0,0.0,0.0,0.0,0.0,1421.2995942852267,0.0,0.0,0.0,0.0,0.0,0.0,0.0,0.0,0.0
36,0.0077715562126245,0.2808263738261147,0.3435229107147238,0.2576214430339118,0.4369956991735744,0.5613188406115462,0.1535877118337617,0.0014472620595499,5921.472188431824,7340.880927977701,9150.989380344274,1101.5985481068967,0.0,1875.7506982028488,1167.1263169000526,0.0,11144.667626485389,1259.558096830433,0.0,0.0,0.0,0.0,0.0,0.0,0.0,0.0,0.0,0.0,1219.452826918662,0.0,0.0,0.0,0.0,0.0,1389.0727285208177,0.0,0.0,0.0,0.0,0.0,0.0,0.0,0.0,0.0
37,0.0055871187906976,0.2442081101356264,0.3120353669220243,0.159216484326754,0.4489849541285924,0.5684460243588038,0.2313977894586671,8.881784197001248e-18,5711.789860151913,7056.138713905337,9211.368425923363,1077.4375111587503,0.0,1821.5864193943837,1213.6002403099578,0.0,11401.940762356133,1371.1520844115237,0.0,0.0,0.0,0.0,0.0,0.0,0.0,0.0,0.0,0.0,1187.086565643749,0.0,0.0,0.0,0.0,0.0,1374.0499751776504,0.0,0.0,0.0,0.0,0.0,0.0,0.0,0.0,0.0
38,0.0035287066046511,0.1945039245923517,0.2524958976257866,0.0856880121337388,0.4548372389281123,0.5699847321430696,0.3121025218943944,8.881784197001248e-18,5548.266499110703,6831.323998466814,9260.074466225631,1062.5478028869315,0.0,1780.8233670465756,1250.3260600838464,0.0,11609.495245177688,1458.9450193144698,0.0,0.0,0.0,0.0,0.0,0.0,0.0,0.0,0.0,0.0,1171.927952437429,0.0,0.0,0.0,0.0,0.0,1364.5801701671578,0.0,0.0,0.0,0.0,0.0,0.0,0.0,0.0,0.0
39,0.0014702944186046,0.1529649833621262,0.1979090419933557,0.0457372762923589,0.4358968223427786,0.5434349814289621,0.4063028893953483,8.881784197001248e-18,5264.290654239463,6393.557352774659,9254.749127954225,1043.8386808398532,0.0,1713.3006339797644,1295.49498583376,0.0,11933.708155578484,1577.057604514815,0.0,0.0,1.3811518783811811,0.0,0.0,0.0,0.0,0.0,0.0,0.0,1148.581753197015,0.0,0.0,0.0,0.0,0.0,1359.5874063643375,0.0,0.0,0.0,0.0,0.0,0.0,0.0,0.0,0.0
40,3.780757076411804e-05,0.1101621181993355,0.142710400524917,0.0100125814365452,0.4264322166562128,0.5050715190506304,0.5052960251832548,8.881784197001248e-18,4876.218605647885,5900.550025172266,9189.695457725413,1033.344302048362,0.0,1616.6021656330297,1326.2377681080077,0.0,12233.563533310493,1747.647326759941,0.0,0.0,57.65045044969397,0.0,0.0,0.0,0.0,0.0,0.0,0.0,1132.0,0.0,0.0,0.0,0.0,0.0,1362.4195743083203,0.0,0.0,0.0,0.0,0.0,0.0,0.0,0.0,0.0
41,-1.7763568394002547e-18,0.069054416013289,0.0896978438671096,5.362775995260571e-06,0.4256999099656467,0.4729348203189359,0.5612827167699143,8.881784197001248e-18,4055.241027678777,4977.428749226488,8901.121565345125,935.6203508816308,0.0,1334.6823010612677,1328.9010583759946,0.0,12154.1236683566,1994.2953494350256,0.0,4.794315780863391,314.12232152607936,0.0,11.442104157421392,22.834782378957595,0.0,0.0,0.0,0.0,1133.4926632637328,0.0,0.0,0.0,0.0,0.0,1365.704381428303,0.0,0.0,0.0,0.0,0.0,0.0,0.0,0.0,0.0
42,-1.7763568394002547e-18,0.0283705045714286,0.0372318084119601,3.4994229736184916e-16,0.3945347009456917,0.4362692261286862,0.6074276005193571,8.881784197001248e-18,2957.5415680003707,3710.965502747671,8472.623418152252,776.6935387550692,0.0,943.9073435212584,1326.202279134939,0.0,11970.768151000211,2288.5211244390807,0.0,115.98968313169463,653.8571068335309,0.0,276.4591293911062,551.1870962050277,1.2395907492503182,0.0,0.0,0.0,1174.5962182425098,0.0,0.0,0.0,0.0,0.0,1439.4061864811997,0.0,0.0,0.0,0.0,0.0,0.0,0.0,0.0,0.0
43,-1.7763568394002547e-18,0.0009229299098246,0.0013082815842429,3.4994229736184916e-16,0.3326184874285726,0.3739196401167535,0.6436367083426685,4.0635588039876e-05,2298.015315313233,2894.666034997478,8141.448998652164,654.9699534010745,0.0,704.0633509363446,1285.5090918500164,0.0,11766.849572329524,2472.9607642131346,0.0,230.24995133103832,841.4909081499836,0.0,538.557127473128,1058.5178916862626,37.560190535774645,0.0,0.0,0.0,1372.2181395897733,0.0,0.0,0.0,0.0,0.0,1672.913909704822,0.0,0.0,0.0,0.0,0.0,0.0,0.0,0.0,0.0
44,-1.7763568394002547e-18,2.273736754432326e-16,-4.973799150320687e-17,3.4994229736184916e-16,0.2644462480664469,0.3018611189354776,0.672081528104915,0.0031234489833887,1795.29222670616,2197.509826438932,7948.003412794472,534.6954323286812,0.0,473.9412275172221,1111.5367763069407,0.0,11589.101912987884,2650.1429667606285,0.0,292.5679823868929,886.9066649123122,0.0,754.4062356153921,1335.8273361906777,130.8738383903858,0.0,0.0,0.0,2032.570162062694,0.0,0.0,0.0,0.0,0.0,2353.3995975450707,0.0,0.0,0.0,0.0,0.0,0.0,0.0,0.0,0.0
45,-1.7763568394002547e-18,2.273736754432326e-16,-4.973799150320687e-17,3.4994229736184916e-16,0.1942081832691049,0.2414244851401985,0.6598525580943532,0.0077443742990033,1110.1524742533409,1370.5507522204352,7290.008354173899,168.5423184050073,0.0,54.440660369758994,690.6186351732069,0.0,10557.89806037506,2280.5422700512217,0.0,122.08474489494702,699.2288393753262,0.0,683.8898341964751,1250.3051021010594,164.466135320803,0.0,0.0,0.0,3186.508702605589,0.0,0.0,0.0,0.0,0.0,3507.949419862154,0.0,0.0,0.0,0.0,0.0,0.0,21.101714922054843,0.0,0.0
46,-1.7763568394002547e-18,2.273736754432326e-16,-4.973799150320686e-17,3.4994229736184916e-16,0.1315167345006519,0.2085341261314454,0.6203389893904385,0.0118669645315614,867.7007503835229,1016.5358208844546,6824.094745845048,0.0,0.0,0.0,662.3235086092355,0.0,9633.24507704115,1887.275638570381,0.0,117.74673552805451,790.1104675495384,0.0,682.9613203055443,1312.2107452446537,286.29810521350424,0.0,24.480791649981644,0.0,4361.307587704406,0.0,0.0,0.0,0.0,0.0,4931.493726006272,0.0,0.0,0.0,0.0,0.0,0.0,205.98611312705145,0.0,0.0
47,-1.7763568394002547e-18,2.273736754432326e-16,-4.973799150320687e-17,3.4994229736184916e-16,0.0589649405413549,0.1601164277845778,0.5653530231648891,0.0165331930365448,826.7879332632197,900.1403338647244,6597.458269991636,0.0,0.0,0.0,664.8381452682398,0.0,9283.857614113169,1717.2130005647884,0.0,107.44663027618772,786.2581907391659,0.0,614.0184680912807,1307.6112015039066,301.93971518766216,0.0,245.2139606607451,0.0,4967.170932687461,0.0,0.0,0.0,25.772179688787467,0.0,5622.806335870342,0.0,0.0,0.0,10.486611045782489,0.0,0.0,475.4478575194092,0.0,0.0
48,-1.7763568394002547e-18,2.273736754432326e-16,-4.973799150320687e-17,3.4994229736184916e-16,0.0102747488980604,0.1073591513474384,0.4832403927267001,0.0216977566245846,685.9364621999503,742.9503499942701,6405.735629887527,0.0,0.0,0.0,605.9882710760421,0.0,8971.293309871011,1571.2276065551855,0.0,80.94212261222675,752.9065277409483,0.0,566.8169651232157,1253.1931870153285,290.1713059528264,0.0,409.9402931215686,0.0,5264.147070094609,0.0,0.0,0.0,169.37588203644876,0.0,5945.917245667558,0.0,0.0,0.0,72.36407099860882,0.0,0.0,594.7122136572256,0.0,0.0
49,-1.7763568394002547e-18,2.273736754432326e-16,-4.973799150320686e-17,3.4994229736184916e-16,0.0124755314066169,0.0746221779867109,0.3853551064784051,0.0261962737969088,598.2307806889031,689.3102807181124,6122.185740019312,0.0,0.0,0.0,597.8446161388574,0.0,8457.08009594381,1377.7817580076312,0.0,46.29431173261276,750.8215775058962,0.0,493.70219600898497,1195.2129244190508,270.03372447769846,0.0,534.6490519357452,0.0,5561.825831805636,0.0,0.0,0.0,342.0620690379273,0.0,6379.845872773796,0.0,0.0,0.0,180.68224946013837,0.0,0.0,721.6781968115279,0.0,0.0
50,-1.7763568394002547e-18,2.273736754432326e-16,-4.973799150320686e-17,0.0002730546777412,0.0353562563720943,0.0484030715415282,0.2869139758671094,0.0272725199999999,637.118750607945,752.2244155348902,5873.838238852797,0.0,0.0,0.0,591.085315194447,0.0,8009.346473212068,1123.8718190112943,0.0,38.419065405890855,651.8180737654527,0.0,379.2074904642737,1032.23879898548,194.6015202648136,0.0,591.9802747648141,0.0,5786.077126709013,0.0,0.0,0.0,404.7176167892986,0.0,6652.755590613596,0.0,0.0,0.0,279.52095599698674,0.0,0.0,800.9316848835806,0.0,0.0
51,-1.7763568394002547e-18,2.273736754432326e-16,-4.973799150320686e-17,0.002121424803987,0.0603092530764133,0.0232541271029899,0.2192424683098008,0.0272725199999999,618.077848435901,774.8356616802765,5698.633712896,0.0,0.0,0.0,400.4261804159314,0.0,7498.21333345232,709.0775117160916,0.0,31.8174430119686,305.33426237817645,0.0,420.3569722392386,599.6306289130663,205.1072763130471,0.0,637.1377452928515,0.0,6294.772434024458,0.0,0.0,56.74273139950183,515.3123846132771,0.0,7279.566717961975,202.37344107525803,0.0,0.3705190681674952,420.1367125775646,0.0,172.65030624065955,1020.9120355471435,0.0,0.0
52,-1.7763568394002547e-18,2.273736754432326e-16,-4.973799150320687e-17,0.0040748159601332,0.0831537935867123,0.0035416477581393,0.1645833020252494,0.0272725199999999,524.8160243446761,339.29470192524644,5727.59291187841,0.0,0.0,0.0,395.03208646282826,0.0,7619.823334024175,816.6858048592923,0.0,25.33557998385936,382.4142814030101,0.0,523.2010833293155,745.6896695281622,260.0489393870603,0.0,673.48005823687,0.0,6745.134373914758,0.0,0.0,107.15982910398633,609.3343792004124,0.0,7836.6527152901235,432.1703613936545,0.0,3.5571709252875063,538.6256579102935,0.0,346.25156324286075,1213.8573690458538,0.0,0.0
53,-1.7763568394002547e-18,2.273736754432326e-16,-4.973799150320685e-17,0.0097393620199339,0.1193267437409859,0.0098481196269402,0.1150757919758383,0.0287150933595892,363.1833442011767,0.0,5808.401391166884,0.0,0.0,0.0,452.1466298208858,0.0,7981.268813884509,1135.4640493227807,0.0,16.13038145766541,635.5724405556755,0.0,669.4797527151748,1150.8608345816249,338.25329853360296,0.0,605.3624405333022,0.0,6765.141937872124,0.0,0.0,90.12667934527607,367.0127540047564,0.0,7940.387631736139,339.6546096723637,0.0,4.912042818236779,339.2482821647885,0.0,236.12673618451743,1029.3193124630643,0.0,0.0
54,-1.7763568394002547e-18,2.273736754432326e-16,-4.973799150320686e-17,0.0315554771868135,0.1741766177564544,0.0322503108936875,0.0733537203649375,0.0300426041063122,241.0413087903856,0.0,5854.487264664889,0.0,0.0,0.0,496.9458130990131,0.0,8227.887913123199,1369.471653396278,0.0,8.578383497427765,830.6312853277051,0.0,775.1159416524782,1457.7324592167836,396.7706955927711,0.0,543.0,0.0,6909.647969128757,0.0,0.0,63.2437734808714,176.48547806640622,0.0,8108.271568382752,633.678110348688,0.0,3.4647490995008288,223.3035483529826,0.0,416.4943930893125,931.31895995923,0.0,0.0
55,-1.7763568394002547e-18,0.0015343003150285,-4.973799150320685e-17,0.0797089832128203,0.2747165053226517,0.0852539805354698,0.0479120716451046,0.0302278545811999,189.07824451221785,0.0,5626.22624170499,0.0,0.0,0.0,475.3047147070526,0.0,7908.728437169197,1270.2068736704427,0.0,1.643147674833581,847.1979992842518,0.0,697.2636606821791,1462.288235878443,371.63532352376654,0.0,542.0351947073917,0.0,7563.976641278597,156.51605741012628,0.0,35.80220083606469,221.33409933764665,0.0,8865.813873816825,1199.61967356561,0.0,1.9754551370615692,315.4529900627288,0.0,697.8432537704224,1216.5793007509023,0.0,0.0
56,-1.7763568394002547e-18,0.0091257097275749,-4.973799150320685e-17,0.1620861715334703,0.3798209932955415,0.2171737807557783,0.0330460565954622,0.0363687695104262,83.12237686317984,0.0,4857.018607191688,0.0,0.0,0.0,209.6393105229762,0.0,6798.170354368841,628.880681158454,0.0,0.0,470.1015792873058,0.0,298.35070787973365,961.1437239255324,161.50646966550391,0.0,412.5055995835024,4.142320376140719,6184.712213388275,354.2130971583431,0.0,19.48518574683932,176.38013311844514,0.0,7284.45324050233,1040.0357186722,0.0,1.08145738763932,258.7314475936863,0.0,592.518473392836,1181.3920277522266,0.0,0.0
57,-1.7763568394002547e-18,0.0176097615548175,-4.973799150320687e-17,0.2453200652093026,0.524010646204477,0.3920608099700366,0.0440682539552438,0.0484348752956811,0.0,0.0,2377.972162210593,0.0,0.0,0.0,0.0,0.0,3772.747652835021,0.0,0.0,0.0,0.0,0.0,0.0,0.0,0.0,0.0,196.8275239951436,135.36741160505213,2950.761216458645,168.9610054503758,0.0,9.275041929839752,84.13398461330922,0.0,3475.4598876904456,496.1805092185244,0.0,0.4758217342544139,123.45465375918884,0.0,282.66479554547044,563.6849113986747,0.0,0.0
58,-1.7763568394002547e-18,0.0261786539003324,-4.973799150320686e-17,0.3291371432491697,0.745806569272426,0.5974143765872088,0.1134330084717611,0.0606226687774088,0.0,0.0,1433.3351213894305,0.0,0.0,0.0,0.0,0.0,2665.808141253156,0.0,0.0,0.0,0.0,0.0,0.0,0.0,0.0,0.0,1561.737698813491,738.1660431912651,5870.963716232887,641.7076561157008,0.0,537.3248479581794,420.11853829040734,0.0,6257.3645111479245,951.9323356958676,0.0,42.113190288845566,190.9052638125554,0.0,186.78965424212268,764.826855479606,0.0,0.0
59,-1.7763568394002547e-18,0.0342385031362129,-4.973799150320685e-17,0.404549839983601,0.943586973283099,0.7955150323047993,0.1877322982724257,0.0705693476556161,0.0,0.0,470.8295413163571,0.0,0.0,0.0,0.0,0.0,1532.120491968958,0.0,0.0,0.0,0.0,0.0,0.0,0.0,0.0,0.0,4054.175901569121,2178.565081752454,11856.4680762354,1454.5731007422426,0.0,1532.8796180754064,1151.6700091302887,0.0,12149.34570895618,1931.318397019225,0.0,193.3386666983125,452.8212418602627,0.0,233.1701654749409,1426.7918568420744,0.0,0.0
60,-1.7763568394002547e-18,0.0425528739269106,-4.973799150320685e-17,0.4674244504608171,1.1155972401399257,0.9970532324393196,0.2643778814352164,0.0811536623521595,0.0,0.0,171.55508547662734,0.0,0.0,0.0,0.0,0.0,1232.413104510844,0.0,0.0,0.0,0.0,0.0,0.0,0.0,0.0,0.0,4019.809702257821,2277.353016084709,11435.187731807197,1374.974158678919,0.0,1524.390976000847,1416.5456058388868,0.0,11930.406333738933,2065.851311084956,0.0,371.8815242095591,682.0195605825143,0.0,585.9711934588731,1735.1471897479662,0.0,0.0
61,-1.7763568394002547e-18,0.0500873771215448,-4.973799150320687e-17,0.5085845139186359,1.252924167732464,1.1846418486138028,0.345488245438977,0.0935286131779602,0.0,0.0,19.0188679245283,0.0,0.0,0.0,0.0,0.0,1038.729753415938,0.0,0.0,0.0,0.0,0.0,0.0,0.0,0.0,0.0,4248.819107195975,2350.042869708532,11038.158891246012,1278.8116811467694,0.0,1647.0725941562432,1722.4947018596138,0.0,11776.496648089083,2204.1190797661743,0.0,511.33266613645975,881.7927315041428,0.0,861.4009674213036,1988.3146415527135,0.0,0.0
62,-1.7763568394002547e-18,0.0510739920000003,-4.973799150320686e-17,0.5083207296877071,1.3463136669876168,1.2727861912751437,0.4091356491537296,0.0999065619051645,0.0,0.0,0.0,0.0,0.0,0.0,0.0,0.0,897.7795807365584,0.0,0.0,0.0,0.0,0.0,0.0,0.0,0.0,0.0,4501.603112335904,2379.071837365018,11035.953179683169,1285.0532220775756,0.0,1768.7497323304658,1821.7297533072224,0.0,11788.892129607091,2215.675243259508,0.0,513.2032547339912,904.89120120668,0.0,844.368415117487,1987.2361128013613,0.0,0.0
63,-1.7763568394002547e-18,0.0510739920000003,-4.973799150320687e-17,0.5050376704968336,1.4198380108719368,1.3173029371506304,0.4589402377343438,0.099007703677302,0.0,0.0,0.0,0.0,0.0,0.0,0.0,0.0,798.9708673907664,0.0,0.0,0.0,0.0,0.0,0.0,0.0,0.0,0.0,4847.973669547767,2606.0454743274463,10862.061450550256,1253.423088973601,0.0,1931.0413379300635,1933.3514159113236,0.0,11420.47162971995,1947.7080059340544,0.0,480.3285470301988,941.34899205424,0.0,631.6300360521129,1837.3961626827177,0.0,0.0
64,-1.7763568394002547e-18,0.0510739920000003,-4.973799150320685e-17,0.4872553765151453,1.4094516215493484,1.3316765434684372,0.4708228679999991,0.0945172795215946,0.0,0.0,0.0,0.0,0.0,0.0,0.0,0.0,791.0521299282084,0.0,0.0,0.0,0.0,0.0,0.0,0.0,0.0,0.0,5116.701729143812,2785.680117030082,10723.653742657094,1227.1605876806652,0.0,2056.9794810341423,2018.233904857572,0.0,11127.092096799186,1733.2290697428352,0.0,453.3421412793536,968.8880216113532,0.0,461.359277803938,1716.8872879890737,0.0,0.0
65,-1.7763568394002547e-18,0.059777524614128,-4.973799150320687e-17,0.4561885605089053,1.3495924627617242,1.3131711965986606,0.4706487579184132,0.0892580315926147,0.0,0.0,0.0,0.0,0.0,0.0,0.0,0.0,742.1387476127418,0.0,0.0,0.0,0.0,0.0,0.0,0.0,0.0,0.0,5462.557089035989,3026.040012162027,10527.650517588258,1188.1805521385936,0.0,2220.996277195595,2131.178722202222,0.0,10735.087644666944,1446.8574143837684,0.0,418.40567115668296,1009.0661216172206,0.0,238.9233363963275,1562.2650591802756,0.0,0.0
66,-1.7763568394002547e-18,0.0790705393355484,-4.973799150320685e-17,0.3808392021926913,1.2693331529630612,1.1960771205120195,0.4649443552190734,0.0782313239976549,0.0,0.0,0.0,0.0,0.0,0.0,0.0,0.0,662.9140486276124,0.0,0.0,0.0,0.0,0.0,0.0,0.0,0.0,0.0,5482.528681615212,3200.9826951075247,10231.444654145222,1088.590888302316,0.0,2254.0108625642183,2183.6700564499315,0.0,10483.820793769535,1299.4586284326028,0.0,405.4363924510424,1059.8635860876298,0.0,178.43361890383386,1547.574071990297,0.0,0.0
67,-1.7763568394002547e-18,0.0956259721196015,-4.973799150320686e-17,0.3108342428970092,1.1559542195409962,1.04291503581289,0.4343724489982726,0.0614809582923589,0.0,0.0,0.0,0.0,0.0,0.0,0.0,0.0,618.6580979610249,0.0,0.0,0.0,0.0,0.0,0.0,0.0,0.0,0.0,5094.60508590927,3186.2489926978737,9868.20764937482,973.0821048856008,0.0,2104.743486536557,2268.3776261299645,0.0,10353.636135445158,1347.317282112616,0.0,503.9301541069112,1207.412053805811,0.0,441.9165839510352,1798.0651411633464,84.32003879286198,0.0
68,-1.7763568394002547e-18,0.1115743246407013,-4.973799150320685e-17,0.2438794237873759,0.9630294898222966,0.8690128236872835,0.3613003484651168,0.0472350856074079,0.0,0.0,0.0,0.0,0.0,0.0,0.0,0.0,623.4516773183078,0.0,0.0,0.0,0.0,0.0,0.0,0.0,0.0,0.0,3794.858034274385,2011.475927411012,9724.463622926496,978.318950098356,0.0,1671.6859033533292,2557.931339669094,0.0,10670.397481451248,1943.3926945689427,0.0,835.9248462161644,1728.035504758814,0.0,1364.2178972470915,2520.628593242852,351.01617556943467,0.0
69,-1.7763568394002547e-18,0.1403118761155672,-4.973799150320686e-17,0.176976070865924,0.761385522207882,0.6816572040968217,0.2807442763654487,0.047001470616991,0.0,0.0,0.0,0.0,0.0,0.0,0.0,0.0,575.3235512987834,0.0,0.0,0.0,0.0,0.0,0.0,0.0,0.0,0.0,4286.374272894916,1955.8432401249804,9966.99533265144,1022.1424582076928,0.0,1989.3328589020148,2627.0018088313213,0.0,10852.82672605231,2026.672517789081,0.0,812.654272119544,1721.2840244408542,0.0,1087.2947373457066,2318.995311208363,223.1063923114679,0.0
70,-1.7763568394002547e-18,0.1768268596146179,-4.973799150320687e-17,0.1237988998724261,0.575084177142861,0.4987316644305657,0.2017523998405316,0.0651505990006644,0.0,0.0,0.0,0.0,0.0,0.0,0.0,0.0,537.8872162198492,0.0,0.0,0.0,0.0,0.0,0.0,0.0,0.0,0.0,5210.197854275333,2561.5547563144128,10280.384825516405,1114.8024864961478,0.0,2345.44669092659,2538.046682261434,0.0,10914.968053244433,1783.389201685519,0.0,668.0308628075658,1488.008579814331,0.0,566.3814449264672,1965.1943751092504,48.59341196068281,0.0
71,-1.7763568394002547e-18,0.2015195850545241,-4.973799150320685e-17,0.0856520187179993,0.4268153982997862,0.3362260264279847,0.1268526126308385,0.0977774617674419,0.0,0.0,0.0,0.0,0.0,0.0,0.0,0.0,539.8433566222968,0.0,0.0,0.0,0.0,0.0,0.0,0.0,0.0,0.0,5405.513995111153,2784.3422372694395,10430.309248043786,1157.1188872552768,0.0,2354.185151963407,2456.164068623704,0.0,10960.34525195846,1720.5147774465593,0.0,603.982885288947,1409.80567058284,0.0,514.2248764674409,1897.759249017959,35.092997198533574,0.0
72,-1.7763568394002547e-18,0.2201660870830565,-4.973799150320686e-17,0.0840489480000004,0.2930030791644527,0.2465265200307304,0.054523778389535,0.1424897019194352,0.0,0.0,0.0,0.0,0.0,0.0,0.0,0.0,464.5027929380317,0.0,0.0,0.0,0.0,0.0,0.0,0.0,0.0,0.0,5077.492144861786,2713.666334174044,10547.667830390848,1234.6685784992478,0.0,2187.496633512194,2420.167456336645,0.0,11104.836034835893,1944.8382791610975,0.0,564.6678303908466,1453.5031171183389,0.0,714.8400247473677,1982.5046133351416,38.33640889009442,0.0
73,-1.7763568394002547e-18,0.2383532583787373,-4.973799150320686e-17,0.0840489480000004,0.1904845793485366,0.198494145788281,0.0050356367016011,0.1969976241926908,0.0,0.0,0.0,0.0,0.0,0.0,0.0,0.0,526.6112240077596,0.0,0.0,0.0,0.0,0.0,0.0,0.0,0.0,0.0,4906.806773033273,2697.2353636632097,10580.152206138717,1271.0611001647678,0.0,2115.939847619776,2429.5405846039653,0.0,11170.156880018576,2047.4047491177168,0.0,586.8774425328648,1513.150980111738,0.0,855.0296847517253,2077.6995817667294,101.24731453234368,0.0
74,-1.7763568394002547e-18,0.258446898655745,-4.973799150320686e-17,0.0821058246200027,0.1611215740795065,0.172396387581624,3.854694341498534e-16,0.2559110987861149,0.0,0.0,0.0,0.0,0.0,0.0,0.0,0.0,577.8009669261893,0.0,0.0,0.0,0.0,0.0,0.0,0.0,0.0,0.0,4751.038538551863,2609.3616507686884,10607.022158282583,1253.412857639837,0.0,2055.0533392873517,2380.81990152903,0.0,11217.07337863177,2074.8297445342414,0.0,585.1839108696856,1508.6113917574546,0.0,932.4087755955773,2120.8028033020014,122.05458336987694,0.0
75,-1.7763568394002547e-18,0.2573755871063121,-4.973799150320686e-17,0.0694337272624587,0.1255981503588054,0.1457680054410297,3.854694341498535e-16,0.3050909310647835,0.0,0.0,0.0,0.0,0.0,0.0,0.0,0.0,780.4677348923493,0.0,0.0,0.0,0.0,0.0,0.0,0.0,0.0,0.0,4178.406834107963,2378.5654045087504,10111.083674727255,1154.5689336035048,0.0,1750.022630744218,2328.8049193765405,0.0,10769.310130024633,2003.0281532550412,0.0,627.7327944956758,1619.2072711370167,0.0,1193.882175073359,2298.6212482234414,195.5755430398216,0.0
76,-1.7763568394002547e-18,0.2318057119734221,-4.973799150320685e-17,0.0550532594152825,0.0875023539646045,0.1244574310267588,3.854694341498535e-16,0.3356322952055565,0.0,0.0,262.7488907739456,0.0,0.0,0.0,3.539853816759975,0.0,1820.3903584275045,0.0,0.0,0.0,9.439610178026598,0.0,0.0,16.72754450665008,0.0,0.0,3498.381249198027,1954.649878075964,8575.617740890526,909.9201773779988,0.0,1447.6913075991797,2025.5311674715904,0.0,9191.971376694846,1643.5305747059597,0.0,529.1328254289849,1414.8732537544474,0.0,1046.9432153564228,2007.0574829936515,165.28364147694273,0.0
77,-1.7763568394002547e-18,0.2069301425382065,-4.973799150320687e-17,0.0410916401461795,0.0573295662139549,0.1020590250099662,3.854694341498535e-16,0.3497595668970092,0.0,0.0,1215.995066359707,0.0,0.0,0.0,59.0948521208926,0.0,3120.0289236343983,0.0,0.0,0.0,124.86523815944408,0.0,0.0,198.93947761152577,0.0,0.0,2902.382541129017,1488.5550526817503,7523.640483134531,479.5404028723957,0.0,1124.7645796415427,1856.125909648073,0.0,8158.617003974582,1050.9712029977827,0.0,357.1317778269257,1257.9087013683666,0.0,741.6540769498308,1721.286932929078,94.1663888433655,0.0
78,-1.7763568394002547e-18,0.1824253598926854,-4.973799150320687e-17,0.0274092532624585,0.0369360399739246,0.078855213198771,3.854694341498535e-16,0.3550793113927154,198.34390132594376,114.32853004242308,1756.9845634484975,0.0,0.0,0.0,320.71465641289046,0.0,3667.0565216108776,0.0,0.0,4.387004279375505,420.9933536005261,0.0,0.0,446.58163880854727,3.7105222323230658,0.0,2653.0095955827173,1208.3494657517515,7365.257475200157,120.03992786970764,0.0,938.3104922228616,1898.4313167397468,0.0,8085.560726256537,595.9811970941975,0.0,231.48575138525143,1245.9426338544515,0.0,526.1113586441129,1635.8603420388706,37.54354293288184,0.0
79,-1.7763568394002547e-18,0.1445838933289035,-4.973799150320685e-17,0.0128891692225915,0.0182613037873768,0.0510031542857141,3.854694341498535e-16,0.340351087743599,495.3284032906601,352.95429780346524,2004.971850964449,0.0,0.0,0.0,484.7704624384276,0.0,3893.663844796054,0.0,0.0,12.389513729138656,605.8421209591598,0.0,0.0,587.0232742195515,21.25409580128593,0.0,2437.1249698908423,1054.7748663408292,6967.683384205597,0.0,0.0,826.8478445666511,1815.569570952469,0.0,7679.603852697718,417.8802592255096,0.0,184.6866531998547,1179.203172135169,0.0,431.50837002720976,1529.3702081833187,24.042777306934983,0.0
80,-1.7763568394002547e-18,0.098657404939688,-4.973799150320686e-17,0.0011567519954002,0.002291438486329,0.0287894798717093,3.854694341498535e-16,0.3086563475090718,477.4281290937451,779.6697917793362,2621.5397374748613,0.0,0.0,0.0,654.8796836156619,0.0,4454.492075535495,7.171193173551277,0.0,19.88642244416296,834.6406111059528,0.0,0.0,779.6701735677517,100.8229609603257,0.0,1771.1541109304596,753.2765605527392,5236.113950960469,0.0,0.0,579.6171161299363,1328.3398878782402,0.0,5763.194139709534,285.4455320959151,0.0,161.28823691599158,863.3543235536729,0.0,316.0363152153734,1137.3333220566294,51.613627402313895,0.0
81,-1.7763568394002547e-18,0.0665927802267273,-4.973799150320687e-17,2.5757174171303664e-16,1.4050982599656025e-15,0.0279170860456977,3.854694341498535e-16,0.2623736313553461,485.5469971693378,1189.5878275742618,3301.6585497973047,0.0,0.0,0.0,834.5867867092345,0.0,5054.814392734826,39.397919583502606,0.0,46.23704775573084,1053.5612258270378,0.0,0.0,942.3432118153008,170.56997798657224,0.0,1346.1835890311702,533.4514314854026,4426.298033118831,0.0,0.0,381.47919239852166,1029.4685384672823,0.0,4860.689544781369,146.13900109839108,0.0,143.8529445993073,656.6902496527382,0.0,204.8348159642568,921.580783976029,89.9378408280883,0.0
82,-1.7763568394002547e-18,0.0472083944053157,-4.973799150320687e-17,2.5757174171303664e-16,0.0016376724729826,0.0337216937655431,0.0025196137829009,0.2106982248076477,567.4193851252636,1333.0736237988417,3444.785554614951,0.0,0.0,0.0,919.7424417125934,0.0,5155.938586678266,60.33372581636274,0.0,77.25488404770353,1082.398671485361,0.0,0.0,937.7451159522964,167.02828650789627,0.0,1713.770687967403,644.9800092260456,5981.03112552648,0.0,0.0,430.2856315342152,1349.1161657596392,0.0,6571.541404040678,101.75470659395629,0.0,148.82862085942892,849.2762416752424,0.0,205.60922435597448,1234.3559587618888,117.38607918491064,0.0
83,-1.7763568394002547e-18,0.0283415744085701,-4.973799150320687e-17,0.0010702311147877,0.0104871420109852,0.0486165923558204,0.0196961793488376,0.15256091925717,978.835777859214,1744.5341638471527,3835.2660297328976,0.0,0.0,0.0,1029.388754448889,0.0,5451.08175330185,127.835777859214,0.0,23.029460661522336,978.1568569754056,0.0,0.0,843.4826076894888,93.7734264860168,0.0,1765.4866901012497,674.8091580617131,5857.202794580504,0.0,0.0,353.9166473818676,1880.2983312584413,0.0,6552.75716001445,0.0,0.0,185.29833125844135,1407.8031817406047,0.0,375.0579743683709,1755.8031817406047,169.56282485053413,0.0
84,-1.7763568394002547e-18,0.0145632785716945,0.0008317665568105,0.0113587451162793,0.040177059359204,0.0774508926570097,0.0423910015128243,0.1019573811269104,1050.806563498266,1692.8029505580253,4110.894032657532,0.0,0.0,0.0,992.7956283482116,0.0,5767.339314763178,221.9963027715932,0.0,10.226266034229967,911.897814174106,0.0,0.0,836.4051183221698,83.28102607266726,0.0,1700.2190040302492,606.5401938863928,5588.744625744014,0.0,0.0,295.3139037698295,1930.4379478546653,0.0,6318.175287512367,0.0,0.0,230.2992713913686,1500.3065574776826,0.0,376.8613235367032,1850.642319506454,225.4087433035767,0.0
85,0.000216900576039,0.0183361086826226,0.0028985804252491,0.023753697727575,0.1015878718405329,0.1200567466046508,0.0692512789634555,0.0727345142778494,1067.366947127707,1675.8524977880957,4423.62707388238,0.0,0.0,0.0,978.5421961068172,0.0,6084.077246172928,374.70221209994895,0.0,33.82385116994018,900.3136045589046,0.0,6.828500672431634,829.2804802683681,70.7476527759108,0.0,1507.7362219591607,424.4706665320432,4932.444334392099,0.0,0.0,190.10913598261536,1771.3817610390288,0.0,5589.191630342873,0.0,0.0,207.68478208034577,1385.1546285059885,0.0,328.02303612933866,1711.1506210107696,230.2055360070893,0.0
86,0.0020164037740863,0.0481128108039868,0.0067856909783075,0.0450005543732658,0.1652530010654695,0.1719924198022276,0.0964331925847179,0.0687370191229236,1130.587777555664,1868.3544808137613,4885.30939397049,0.0,0.0,16.24419248139006,1000.1597900593322,0.0,6782.794797197867,714.3653589075759,0.0,57.98673386890294,896.1174265633213,0.0,51.83769365735488,880.5472461949504,51.993459584782336,0.0,769.8912879097926,3.699991698874871,2614.541397213654,0.0,0.0,1.6554456167050102,904.8068324213428,0.0,2966.966571369628,0.0,0.0,94.71672489547316,707.5612034115902,0.0,149.56780102932368,874.1225552167499,105.12099808894128,0.0
87,0.0042008411960132,0.0806223794950167,0.0179524184053155,0.0924824125608979,0.2370770605405893,0.2371385734131506,0.1247023827508307,0.0839019729530497,1323.1505066575828,2077.5185559223883,5279.068189360094,0.0,0.0,103.44111954390414,1129.7115701633716,0.0,7314.513675003383,937.0196474472348,0.0,96.43675344451864,981.5076406739246,0.0,138.47438010891435,971.3080772838632,72.16848587474395,0.0,505.8437457068973,0.0,2383.6816834320334,0.0,0.0,0.0,594.4920237161521,0.0,2733.2626054160883,0.0,0.0,3.5655325690979103,464.8790422555021,0.0,5.631013656233919,574.3307632270386,3.958007236218761,0.0
88,0.0061752365581395,0.1100060281196015,0.0289083769833886,0.1441909911229239,0.313407705134431,0.2950515760460248,0.1488545677338952,0.1125808564842395,1336.782660693361,2087.9084647670447,5299.341041515124,0.0,0.0,110.79701078896692,1139.8645310353731,0.0,7343.614562783841,951.3979799281838,0.0,102.13562945604858,991.4244177627752,0.0,147.88536672289874,983.7841665990004,78.53118653619018,0.0,357.79704051550414,0.0,2295.3977841292626,0.0,0.0,0.0,420.5061223124786,0.0,2650.632573937651,0.0,0.0,0.0,328.8151362160535,0.0,0.0,406.2239583023862,0.0,0.0
89,0.0081706361262458,0.1393774128504985,0.0399808883122923,0.2062585723300114,0.3982058671384281,0.3769056803211512,0.1668491601085272,0.1511355582059801,2270.6671378174,2383.228180561761,6015.610887997054,75.2101997295772,0.0,727.1909543727413,1942.795104464396,0.0,8603.432769155994,1860.753686308143,0.0,794.5183302761211,2065.8530521373464,0.0,1146.5360232355242,2467.244949766159,1017.2341508965214,0.0,9.763581861983331,0.0,2076.176619376066,0.0,0.0,0.0,11.475587646615873,0.0,2443.645626831905,0.0,0.0,0.0,8.971940089390088,0.0,0.0,11.0829848163054,0.0,0.0
90,0.0104180861661129,0.1671621792159471,0.0516673472202094,0.3136611619136213,0.4801972246321077,0.496944811321256,0.2363426826307281,0.1887988115030404,2103.381318093221,2174.6137337375544,6045.9356085874615,64.84271274470994,0.0,695.8342118627331,1957.4618211878835,0.0,8729.163776370951,2106.5236473079854,0.0,941.608640801928,2260.0729139693817,0.0,1514.966177280539,2950.5662272614563,1338.0418870112433,0.0,0.0,0.0,1960.379011065187,0.0,0.0,0.0,0.0,0.0,2315.643689668735,0.0,0.0,0.0,0.0,0.0,0.0,0.0,0.0,0.0
91,0.012355415282392,0.1867560266546807,0.0616329299003323,0.4233970182857138,0.5290868880000013,0.6347601707711551,0.3108021188172765,0.2146406161618139,1097.9239329529828,1201.479189514977,5719.578146675976,37.887946739629285,0.0,659.8349280403792,1394.400122975651,0.0,8710.9223864784,2430.952679978574,0.0,1150.7649127887278,2244.2918202086494,0.0,2472.333544735224,4272.259875520764,2029.4189504096223,1.5128206923780247,0.0,0.0,1749.3044686833366,0.0,0.0,0.0,0.0,0.0,2065.9521684942006,0.0,0.0,0.0,0.0,0.0,0.0,0.0,0.0,0.0
92,0.012644532,0.1881803880000002,0.0692925688335336,0.5183383426699644,0.5726698355278165,0.7636449658884572,0.3786448804385394,0.2293321578338875,316.5738728326944,304.77617217547083,5368.924026482055,54.89723834641455,0.0,708.7998573735847,966.6619830378528,0.0,8660.110928946511,2625.914668165964,0.0,1332.457412858406,2188.165738012389,0.0,3402.357241683852,5503.244358094169,2711.076839875341,18.95127374168037,0.0,0.0,1565.5504527549174,0.0,0.0,0.0,0.0,0.0,1841.7799332518728,0.0,0.0,0.0,0.0,0.0,0.0,0.0,0.0,0.0
93,0.012644532,0.1876510218162537,0.0712359705049834,0.5888779739677984,0.6040780968967561,0.905293252989522,0.4321549484850513,0.2415867655997961,742.4045903269181,676.7831477148203,5630.04699505592,71.68517519435511,0.0,757.0649892535699,1089.8356472003406,0.0,8836.6671222744,2535.1505490875224,0.0,1249.1750738337023,2036.4346195027,0.0,2991.5840791420346,4949.1799687663,2390.700008182845,22.92119005587417,0.0,0.0,1377.0308126748569,0.0,0.0,0.0,0.0,0.0,1606.9322258933275,0.0,0.0,0.0,0.0,0.0,0.0,0.0,0.0,0.0
94,0.012644532,0.1817654563853821,0.0725089901262458,0.645423055668555,0.6004095482978319,1.062744100641001,0.4843643546968943,0.2379607922462385,1789.7005256998732,1725.339983329667,6284.751265461198,92.3089013603196,0.0,771.2513834104192,1442.0712478997082,0.0,9218.437330868062,2298.411176984021,0.0,1032.10551731731,1769.7386342958912,0.0,1846.7736157435293,3476.48888731997,1572.3921459505657,14.024646100636197,0.0,0.0,967.9743156951104,0.0,0.0,0.0,0.0,0.0,1111.3101088418862,0.0,0.0,0.0,0.0,0.0,0.0,0.0,0.0,0.0
95,0.012448492744186,0.1700566960823919,0.0725172270697673,0.7061600505302321,0.552159994540865,1.1797307445847185,0.5291173463867124,0.2228971280770767,1645.571894436131,1605.587689184251,6369.495197168049,298.61621353577766,0.0,489.8130673083277,1257.503286430878,0.0,9236.22775920449,2257.610403153506,0.0,975.2682055186352,1588.1757209860652,0.0,1822.581101355232,3449.6600938049105,1546.6385236846386,5.57949921829241,0.0,0.0,420.0107255169817,0.0,0.0,0.0,0.0,0.0,483.6156599461842,0.0,0.0,0.0,0.0,0.0,0.0,0.0,0.0,0.0
96,0.0106701366378737,0.1406927612093025,0.0707979593771704,0.7221288910218766,0.5057839375798915,1.3026043600987909,0.5506806726393793,0.2103551102786938,2960.856220865951,3934.1473835150487,6852.321431940476,807.0453157117269,0.0,793.5221191866141,1183.3627947603368,0.0,9018.70288755214,1660.2256259153576,0.0,719.6413191462392,1122.1911095421424,0.0,898.6628457128945,2248.995928689846,977.4686644907944,0.0,0.0,0.0,1228.673343400497,0.0,0.0,0.0,0.0,0.0,1459.0209847964943,0.0,0.0,0.0,0.0,0.0,0.0,0.0,0.0,0.0
97,0.0085067034219269,0.1084957845249172,0.062034892744186,0.7080164800481072,0.4513593823056493,1.4173325026756154,0.5807660976621931,0.2179492290514287,5934.701177385588,6304.609429423693,8110.540338217779,951.7537287949808,0.0,2245.84446562688,1750.9673394810216,0.0,9154.257977593605,832.1000234338936,0.0,54.11795406984641,73.3804477038564,0.0,0.0,333.0584131028795,0.0,0.0,0.0,0.0,1277.247144154042,0.0,0.0,0.0,0.0,0.0,1494.4786740840295,0.0,0.0,0.0,0.0,0.0,0.0,0.0,0.0,0.0
98,0.00634327020598,0.0762988078405317,0.0521910147899454,0.6836374829900347,0.3827715580600532,1.5520685714664322,0.6269967314370971,0.2172375428330722,5078.25845202626,5015.954173479207,7024.041386128868,721.5175973689527,0.0,1981.1699257806276,1635.7281340687268,0.0,8027.456477819535,736.7888048384801,0.0,28.08874044610972,129.33804252764546,0.0,0.0,217.92936163219295,0.0,0.0,0.0,0.0,1282.922864905811,0.0,0.0,0.0,0.0,0.0,1490.315660162767,0.0,0.0,0.0,0.0,0.0,0.0,0.0,0.0,0.0
99,0.0042008411960132,0.0449761995210523,0.0413132139269102,0.6464173912099811,0.3082098014002315,1.663987776093565,0.6881068317347616,0.2270852541219064,2675.9307658898465,2615.1013587840944,3793.0008031900393,378.1345084330171,0.0,1085.1755838705574,979.1441621426364,0.0,4450.318151729871,444.6386474616447,0.0,14.01651422070517,133.84039512955673,0.0,0.0,113.53954639355494,0.0,0.0,0.0,0.0,1293.2609961360613,0.0,0.0,0.0,0.0,0.0,1517.8670728139446,0.0,0.0,0.0,0.0,0.0,0.0,0.0,0.0,0.0
100,0.0021424290099667,0.0200528390033223,0.0307397857300154,0.5744424912257093,0.2555335221642152,1.7718846591790625,0.699106362063056,0.2473336785086444,1319.4963207618457,1289.2304039947855,1871.1672885442056,186.45539219956044,0.0,535.4399575098291,483.8489516991014,0.0,2196.423231920305,219.7703988641422,0.0,6.915464635363506,66.58514196057394,0.0,0.0,55.96141967242419,0.0,0.0,0.0,0.0,1260.3378740882938,0.0,0.0,0.0,0.0,0.0,1475.142156013893,0.0,0.0,0.0,0.0,0.0,0.0,0.0,0.0,0.0
101,0.0002948990519601,0.001452848572226,0.0212719066445181,0.4775081361009951,0.2320836923433896,1.8982061385823252,0.6983982999412646,0.2771586030594015,1495.8108533635907,1421.43006010478,1558.8520268027737,197.0297319067908,0.0,492.71004326178894,280.0979459346192,0.0,1664.5550014245707,124.29958285367152,0.0,1.3021403076197655,12.483248288886545,0.0,0.0,10.4845589858322,0.0,0.0,0.0,0.0,1220.407283471891,0.0,0.0,0.0,0.0,0.0,1450.4892033158512,0.0,0.0,0.0,0.0,0.0,0.0,0.0,0.0,0.0
102,-1.7763568394002547e-18,1.4921397450962083e-16,0.0135577400751236,0.3832831369557243,0.2039100756010587,1.9934145823882297,0.6691856983410417,0.3036045935176616,6906.230138215897,6519.903054629255,6685.409602847572,906.6177949433278,0.0,2160.961101546347,1017.1589575807466,0.0,6932.952725577572,462.9886650940429,0.0,0.0,0.0,0.0,0.0,0.0,0.0,0.0,0.0,0.0,1181.2817299388046,0.0,0.0,0.0,0.0,0.0,1434.6098786816665,0.0,0.0,0.0,0.0,0.0,0.0,0.0,0.0,0.0
103,-1.7763568394002547e-18,1.4921397450962083e-16,0.0116363301129567,0.315541708695836,0.1817715026524361,2.0498482709179333,0.6255401822319926,0.3097386593069903,8876.266834041771,8362.908985204773,8834.064468813285,1223.4351876311246,0.0,2775.3256144303546,1259.6080206147926,0.0,9260.304069761934,662.8589984128456,0.0,0.0,0.0,0.0,0.0,0.0,0.0,0.0,0.0,0.0,1176.0926453489008,0.0,0.0,0.0,0.0,0.0,1429.6338887421325,0.0,0.0,0.0,0.0,0.0,0.0,0.0,0.0,0.0
104,-1.7763568394002547e-18,1.4921397450962083e-16,0.0095359095149501,0.2527136855869122,0.1719868523232002,2.0705563781224834,0.5658142224747683,0.3246750588415966,6925.03796356036,6315.503764216707,10088.30785164008,1467.8936851311666,0.0,2043.147800685496,545.2388475420888,0.0,11753.441131650145,1252.3110985631895,0.0,0.0,0.0,0.0,0.0,0.0,0.0,0.0,0.0,0.0,1131.6654501508135,0.0,0.0,0.0,0.0,0.0,1388.0268176682562,0.0,0.0,0.0,0.0,0.0,0.0,0.0,0.0,0.0
105,-1.7763568394002547e-18,1.4921397450962083e-16,0.007309463681063,0.1770098648138917,0.1761753536453339,2.0821745092526767,0.4896470036923461,0.330490278802231,4057.5784529844295,3535.835892788556,8433.813544381637,1196.3567590124658,0.0,1067.8259833120333,8.488680729227546,0.0,10432.525650300522,1268.588035820451,0.0,0.0,0.0,0.0,0.0,0.0,0.0,0.0,0.0,0.0,1128.0079900734866,0.0,0.0,0.0,0.0,0.0,1415.0106534313154,0.0,0.0,0.0,0.0,0.0,0.0,0.0,0.0,0.0
106,-1.7763568394002547e-18,1.4921397450962083e-16,0.0051460304651162,0.1409538723189377,0.1722973698633895,2.0267932121629206,0.4385413638011964,0.3151542891396673,1754.886521451285,1628.5697684024772,4293.372002895018,578.6594637768824,0.0,447.07223932151896,0.0,0.0,5375.325316485807,656.7180522026704,0.0,0.0,0.0,0.0,0.0,0.0,0.0,0.0,0.0,0.0,1141.9488916204746,0.0,0.0,0.0,0.0,0.0,1433.352044901083,0.0,0.0,0.0,0.0,0.0,0.0,0.0,0.0,0.0
107,-1.7763568394002547e-18,1.4921397450962083e-16,0.00319263930897,0.1137139169793718,0.1663318953089707,1.9287615839870171,0.3857452598439317,0.2815444954285716,2435.127216582351,2866.91615753263,10506.54057902928,1188.0792818473058,0.0,480.0838232361923,0.0,0.0,13465.92556743566,1616.5564065324502,0.0,0.0,0.0,0.0,0.0,0.0,0.0,0.0,0.0,0.0,2578.2864191034905,0.0,0.0,0.0,0.0,0.0,3203.368348800846,0.0,0.0,0.0,0.0,0.0,0.0,0.0,0.0,0.0
108,-1.7763568394002547e-18,1.492139745096208e-16,0.0011342271229235,0.08348801214618,0.1564839104683789,1.7842946280898822,0.3179100769072795,0.2451472541342189,1691.8492870138016,2172.9509651079043,10003.661498480553,954.6626833731492,0.0,214.47966595859475,0.0,0.0,12763.758395991468,1486.7333752484567,0.0,0.0,0.0,0.0,0.0,0.0,0.0,0.0,0.0,0.0,5185.431547348944,0.0,0.0,0.0,0.0,0.0,6384.876972738086,99.14377561962364,0.0,0.0,0.0,0.0,0.0,311.84365678620054,0.0,0.0
109,-1.7763568394002547e-18,1.4921397450962083e-16,-4.796163466380666e-17,0.0508071150299003,0.1395659305254606,1.6110252882853076,0.233145038990034,0.1936587791362123,1649.8942318776217,2100.2848096120406,9868.230580500964,919.554693235194,0.0,206.59211559299288,0.0,0.0,12561.098697661664,1468.5651581722852,0.0,0.0,0.0,0.0,0.0,0.0,0.0,0.0,0.0,0.0,5309.043235739862,0.0,0.0,0.0,0.0,0.0,6524.3153046899,137.25239130091867,0.0,0.0,0.0,0.0,0.0,388.1446568697043,0.0,0.0
110,-1.7763568394002547e-18,1.4921397450962083e-16,-4.796163466380666e-17,0.0214437898026988,0.1198910663692468,1.4040384789376907,0.1543538833306667,0.1398575351362123,548.6985637815301,242.163677271684,6197.41733256815,11.48484592973736,0.0,2.580247412512696,0.0,0.0,7162.274477078972,919.909958299976,0.0,0.0,0.0,0.0,0.0,0.0,0.0,0.0,127.42745141957845,0.0,7885.03938277039,269.4442737414239,0.0,0.0,116.80739678265502,0.0,9325.659191719544,1216.166121478699,0.0,0.0,138.71125947130955,0.0,469.2208473750432,1227.9233495966891,0.0,0.0
111,-1.7763568394002547e-18,1.4921397450962083e-16,-4.7961634663806645e-17,0.0269811064423719,0.0968448021566587,1.132293658834653,0.0825147063871711,0.0844093142790696,500.0416318523137,297.0336020934877,5822.709164371358,0.0,0.0,0.0,0.0,0.0,6815.276716128667,570.7777886663116,0.0,0.0,0.0,0.0,0.0,2.9189104830143324,0.0,0.0,130.45587754563618,0.0,5686.225451918087,275.8584174317984,0.0,0.0,119.57268454228512,0.0,6711.613108108291,919.4001145823272,0.0,0.0,142.0274896410928,0.0,480.423499777324,905.794341883151,0.0,0.0
112,-1.7763568394002547e-18,0.0005698026812586,-4.796163466380666e-17,0.0768688043322262,0.0792742825561866,0.891495073067032,0.0390325819253471,0.0416275260011725,466.3050873743772,354.3771752001427,5612.048319595439,0.0,0.0,0.0,0.0,0.0,6720.525617261408,305.30819667705856,0.0,0.0,0.0,0.0,0.0,20.581221723249147,0.0,0.0,89.16816824537322,0.0,3806.709317197572,184.52332509640365,0.0,7.718377256443464,82.81453386662129,0.0,4493.910424592317,616.3042551657541,0.0,0.0,97.51408126893622,0.0,322.0709910116026,607.4596666338668,0.0,0.0
113,-1.7763568394002547e-18,0.0026753592558141,-4.796163466380666e-17,0.1258950921727576,0.0655101690418615,0.693500179510964,0.0141551142245852,0.0233805641860465,340.41097546545035,278.5354554375197,5349.729517709279,0.0,0.0,0.0,0.0,0.0,6719.752646676125,127.09300393683512,0.0,0.0,0.0,0.0,0.0,162.9085679975853,0.0,0.0,188.21355531215616,0.0,3829.887749429082,176.33253950113638,0.0,41.47883926396968,231.1717500362534,0.0,4560.375866129354,661.8712779894735,0.0,0.0,228.14245244675536,0.0,348.50453971277113,668.6376538189262,0.0,0.0
114,-1.7763568394002547e-18,0.0049125131162792,-4.7961634663806645e-17,0.1754346841571687,0.0560247435425515,0.5073291125696406,0.0013190989841558,0.005930187488372,253.62850573937436,78.57134780199063,5317.252739119902,0.0,0.0,0.0,0.0,0.0,6946.972200233858,347.5938200901591,0.0,0.0,0.0,0.0,0.0,520.5945056468183,0.0,0.0,425.49000085847325,0.0,7110.0377291527,319.4655072733861,0.0,37.03064911773103,542.6979918805254,0.0,8495.697254608434,1259.3477485772007,0.0,0.0,522.8375603930219,0.0,664.65454339054,1283.8928622263409,0.0,0.0
115,-1.7763568394002547e-18,0.0072880476279071,-4.796163466380666e-17,0.2324174584631624,0.0740080976963076,0.3490836368512813,0.0133415066288846,-6.217248937900891e-17,215.90886885591135,0.0,5335.467044375482,0.0,0.0,0.0,0.0,0.0,7116.993118363283,489.9652278244876,0.0,0.0,0.0,0.0,0.0,762.3724224781954,0.0,0.0,506.5676052748245,0.0,8242.429576068762,365.0661959466174,0.0,33.294365519112766,644.8380263741221,0.0,9849.745067351276,1455.1535176566358,0.0,0.0,616.1774620764511,0.0,766.4507018321627,1484.5619679619963,0.0,0.0
116,-1.7763568394002547e-18,0.009663582139535,-4.7961634663806645e-17,0.3010932018078207,0.1175754148895999,0.2550097204431391,0.046753715122924,-6.217248937900891e-17,94.37680295218638,0.0,5385.751850730596,0.0,0.0,0.0,141.30757341510557,0.0,7648.251385900954,932.0673981343656,0.0,0.0,317.18899816174235,0.0,378.03105907218185,1529.9589054907942,153.1147758042306,0.0,491.95203039524125,0.0,7989.224725631164,303.5682911695803,0.0,17.81256638328654,474.4603398094853,0.0,9483.080334384917,1135.1354359150996,0.0,0.0,500.6224967665984,0.0,641.1165277837986,1236.3082132066431,0.0,0.0
117,-1.7763568394002547e-18,0.0120160532093025,-4.796163466380666e-17,0.3595748570623268,0.1964713988188717,0.2376374679867114,0.0807805288106317,-6.217248937900891e-17,32.60675463059313,0.0,5064.486007934936,0.0,0.0,0.0,105.27323637877213,0.0,7232.567278256678,484.9090224349636,0.0,0.0,273.8967388969823,0.0,341.4393020603538,1443.9336828646622,153.2517467637877,0.0,476.3342393714738,0.0,7504.558989804931,227.2607153816081,0.0,15.043262116525716,190.65852758842277,0.0,8829.77687222206,606.2660648506912,0.0,0.0,374.77676280416415,0.0,480.0415428777056,878.264248239392,0.0,0.0
118,-1.7763568394002547e-18,0.0137712282031326,-4.796163466380666e-17,0.3983108520577678,0.289021841466677,0.2782720418178863,0.1138065538604657,-6.217248937900891e-17,0.0,0.0,4436.275776348781,0.0,0.0,0.0,0.0,0.0,6234.674923270602,0.0,0.0,0.0,0.0,0.0,0.0,976.5709240244104,0.0,0.0,365.87084843343126,0.0,5643.767058165822,140.00124112121247,0.0,11.97204114559215,7.034616955498,0.0,6598.748439596222,209.97433528627545,0.0,0.0,230.89670124889747,0.0,295.75086474258785,509.2200349021556,0.0,0.0
119,-1.7763568394002547e-18,0.0138841920000001,-4.796163466380666e-17,0.4813086783157487,0.3893230563332899,0.3732350371463131,0.1468325789102995,0.0044966463117607,0.0,0.0,3063.707582181526,0.0,0.0,0.0,0.0,0.0,4484.286047041465,0.0,0.0,0.0,0.0,0.0,0.0,414.7733063553714,0.0,0.0,196.7319312571113,0.096690957809447,3035.489547023429,75.29490594458314,0.0,8.87646754760771,3.7869082611444873,0.0,3549.148345220557,112.94239790516414,0.0,0.2284713761142579,124.18168799089148,0.0,159.08443929653035,273.88997164612965,0.0584824341589397,0.0
120,0.0010154638454132,0.0138841920000001,-4.796163466380666e-17,0.5749383552257109,0.4856560903743988,0.500469527274257,0.1804632964751511,0.0235469504451826,0.0,0.0,1555.0,0.0,0.0,0.0,0.0,0.0,2750.0,0.0,0.0,0.0,0.0,0.0,0.0,0.0,0.0,0.0,130.16194478273843,33.62156480228667,2008.4039073635383,49.7948730548034,0.0,5.83409089798522,2.5119450270635806,0.0,2348.2575536479294,74.70586666478667,0.0,79.44450392798385,82.18747341565114,0.0,105.25095117275517,181.21279035107364,20.33562387235081,0.0
121,0.0063523308438538,0.0138841920000002,-4.796163466380666e-17,0.6502180936617782,0.5504617564385386,0.6246149007620146,0.2051164278450693,0.0419688746312291,0.0,0.0,1299.4612520276307,0.0,0.0,0.0,0.0,0.0,2499.268782742017,0.0,0.0,0.0,0.0,0.0,0.0,0.0,0.0,0.0,338.27451886570327,311.66011238578693,1471.1751092641675,95.197865743268,0.0,113.7169784968238,108.4079349308102,0.0,1622.0834299481187,104.16466686684149,0.0,291.0769877142456,86.55945574552372,0.0,48.991696087924446,155.91975177623968,61.13212293927084,0.0
122,0.0123685943920265,0.0136574832736271,-4.796163466380666e-17,0.684643827183431,0.5988226920220545,0.736627282900688,0.2109711870299003,0.0599814227242524,0.0,0.0,208.0105653724505,0.0,0.0,0.0,0.0,0.0,1428.351900611464,0.0,0.0,0.0,0.0,0.0,0.0,0.0,0.0,0.0,1709.5850272359478,1236.090970319927,4165.143778180797,451.3334929478453,0.0,660.6074641447893,636.5351731209967,0.0,4288.983949811369,447.824954938777,0.0,281.6092206986461,326.7419515931604,0.0,51.91312491825669,513.1679366914125,1.8999945028464416,0.0
123,0.0196838239335548,0.0115086574883722,-4.796163466380666e-17,0.720466751972093,0.6262625037607975,0.8516403658465136,0.2166559136013287,0.0818830437009967,0.0,0.0,163.80075519834267,0.0,0.0,0.0,0.0,0.0,1379.3184306951584,0.0,0.0,0.0,0.0,0.0,0.0,0.0,0.0,0.0,3016.1847469456543,2116.8551393605894,6731.920550048668,790.587075849084,0.0,1181.7252365598567,1139.77865653799,0.0,6829.878144065714,775.2123652980331,0.0,272.61948094511564,555.5154596553319,0.0,54.73430371094341,853.5953676361403,0.0,0.0
124,0.0273408866312292,0.0089255520000001,-4.7961634663806645e-17,0.7477841062892934,0.6315661080114997,0.9274741855530296,0.2221463591875796,0.1048081049102992,0.0,0.0,12.762998955314618,0.0,0.0,0.0,0.0,0.0,1099.8584459361552,0.0,0.0,0.0,0.0,0.0,0.0,0.0,0.0,0.0,5197.749543206251,3595.914287442285,11004.29611703301,1356.814524762301,0.0,2049.337743336569,1991.44485187788,0.0,11059.255052879402,1320.7239544020554,0.0,260.6374293906496,946.434652271152,0.0,66.16923986530212,1425.8205562020578,0.0,0.0
125,0.0343142830166112,0.0083956529493689,-4.796163466380666e-17,0.7189776773222613,0.6019866552007982,0.934649556228838,0.2144654632106314,0.1237904542596681,0.0,0.0,0.0,0.0,0.0,0.0,0.0,0.0,1033.6660085887636,0.0,0.0,0.0,0.0,0.0,0.0,0.0,0.0,0.0,5074.837480768194,3624.72937711272,10652.076797232765,1315.7474486638023,0.0,2001.595329171624,2086.627693105511,0.0,10705.365986878774,1267.9121109651358,0.0,290.88757238403434,1046.034792828169,0.0,151.6573735181516,1486.166299181102,0.0,0.0
126,0.0402254102176743,0.0360555728770765,-4.796163466380666e-17,0.6671204178889039,0.5519247199774102,0.9161892149382064,0.1862939796685717,0.1532013836411962,0.0,0.0,0.0,0.0,0.0,0.0,0.0,0.0,984.7254519785844,0.0,0.0,0.0,0.0,0.0,0.0,0.0,0.0,0.0,3049.401442188772,2237.2386132823503,6385.630424908243,784.7109534618046,0.0,1211.6691227815684,1323.1664379530098,0.0,6418.433604733042,749.5247730513641,0.0,195.57279993891032,691.7151838266722,0.0,145.7389766916752,952.861922996742,0.0,0.0
127,0.0411567119999999,0.0740748330897011,-4.796163466380666e-17,0.6195152841539956,0.4694719608098505,0.8726654847801447,0.1530284078272428,0.1919175377283566,0.0,0.0,0.0,0.0,0.0,0.0,0.0,0.0,950.3576441521952,0.0,0.0,0.0,0.0,0.0,0.0,0.0,0.0,0.0,1684.0465038682785,1251.9387407490892,3523.520125249755,428.4056950052341,0.0,667.7192413114117,737.5831185713006,0.0,3544.7406821862423,412.7981512411184,0.0,109.72963121126952,388.1479019519791,0.0,185.6733235852165,531.992040145535,0.0,0.0
128,0.0411567119999999,0.1106281187029902,-4.796163466380666e-17,0.5918417445209297,0.3806527910086386,0.7963414212863783,0.1231302431016612,0.2366574364465118,0.0,0.0,0.0,0.0,0.0,0.0,0.0,0.0,924.3286665349204,0.0,0.0,0.0,0.0,0.0,0.0,0.0,0.0,0.0,1514.4803499525076,1235.4310039630177,3148.448909364833,352.0222990856373,0.0,590.9466899815342,708.8975800816403,0.0,3188.24691910132,363.5113183609895,0.0,110.10700019761964,389.9849207035259,0.0,266.9973014676977,517.04738175227,0.0,0.0
129,0.0411567119999999,0.1484404302857146,-4.796163466380666e-17,0.5192659637653161,0.2868278686899678,0.6859013904430565,0.1455653251495018,0.2815454673879071,0.0,0.0,0.0,0.0,0.0,0.0,0.0,0.0,902.3374549600262,0.0,0.0,0.0,0.0,0.0,0.0,0.0,0.0,0.0,3129.19686596602,2853.06570212815,6449.53645395345,636.0662944271795,0.0,1194.8064632333246,1589.6619859390617,0.0,6588.724759008419,729.849937442937,0.0,258.8441924580145,917.9025648626308,0.0,387.12003250879934,1174.1933662324343,135.91587831902373,0.0
130,0.0402835649039051,0.189588081647841,-4.796163466380666e-17,0.4256710829779991,0.1885344833230123,0.5538346915622158,0.1929167393147377,0.3160506992292363,0.0,0.0,0.0,0.0,0.0,0.0,0.0,0.0,894.15854931534,0.0,0.0,0.0,0.0,0.0,0.0,0.0,0.0,0.0,4514.201204368722,3957.706926180049,9758.19459880474,961.3465840446368,0.0,1769.912487927718,2562.7880326611808,0.0,10112.019569688382,1257.0886976287109,0.0,497.81161435085386,1540.575666659438,0.0,625.3766725946169,1999.8038386345756,434.5945194264536,0.0
131,0.0339839815813953,0.2303665232488075,-4.796163466380666e-17,0.3265685572457881,0.1135091852230758,0.4164340004491706,0.251637995581758,0.3475239406151623,0.0,0.0,0.0,0.0,0.0,0.0,0.0,0.0,868.0037022811601,0.0,0.0,0.0,0.0,0.0,0.0,0.0,0.0,0.0,4191.727767317602,3283.9360575177384,9744.798552798638,1034.39927639932,0.0,1729.274279931131,2742.957932510226,0.0,10291.56154460724,1552.2395601886933,0.0,635.3515719119039,1731.395686650412,0.0,897.2233221938478,2288.915865020452,633.1229492194543,0.0
132,0.0271473184584717,0.2404940400000006,-4.796163466380666e-17,0.2408450985328914,0.0639708490365459,0.2971401412491707,0.3251714667906975,0.3513295283322262,0.0,0.0,0.0,0.0,0.0,0.0,0.0,0.0,836.3252773438408,0.0,0.0,0.0,0.0,0.0,0.0,0.0,0.0,0.0,4255.830280320499,3037.224459577048,9987.199726707824,1155.6298072202956,0.0,1771.2908845944771,2783.896931165695,0.0,10625.539169898257,1751.5215943821947,0.0,663.9031162987142,1825.1273500479945,0.0,942.472744880824,2370.7938623313903,606.2177577108431,0.0
133,0.020584121860465,0.2431828690811027,-4.796163466380666e-17,0.1595797012343179,0.0437482159405913,0.2231336317217126,0.3967340321063118,0.3449770521305452,0.0,0.0,0.0,0.0,0.0,0.0,0.0,0.0,859.0089781339583,0.0,0.0,0.0,0.0,0.0,0.0,0.0,0.0,0.0,3370.829287580804,2214.4165845037965,8128.254070968661,975.9192259120932,0.0,1405.7427916496038,2251.371225604076,0.0,8717.718062260585,1538.2770877165897,0.0,563.6966140379822,1530.5312132107497,0.0,858.3679117449793,2014.4164413782084,506.649826622586,0.0
134,0.0138158253687707,0.2509018299867111,-4.796163466380666e-17,0.085028612309801,0.0329405152799014,0.1908146140191043,0.4681820524260789,0.3302111892034883,0.0,0.0,0.0,0.0,0.0,0.0,0.0,0.0,861.8495738003594,0.0,0.0,0.0,0.0,0.0,0.0,0.0,0.0,0.0,3138.5857847529146,2022.4815963341323,7681.414900970524,918.0289874567668,0.0,1306.3325195581338,2126.1870789933378,0.0,8260.671925631541,1479.7901269589418,0.0,543.8007788216568,1460.6259520043648,0.0,861.934003999219,1949.8737168963253,498.8986509517542,0.0
135,0.0069107956146179,0.25698011150304,-4.796163466380666e-17,0.0560295548022319,0.0275212756943532,0.2011305106046521,0.4855760575415273,0.312678603341315,0.0,0.0,0.0,0.0,0.0,0.0,0.0,0.0,854.257335215067,0.0,0.0,0.0,0.0,0.0,0.0,0.0,0.0,0.0,1466.6697332051049,287.35139005140985,5871.222416120265,617.2057512609708,0.0,558.821255462327,1596.5410961519492,0.0,6754.899777891062,1648.854895512295,0.0,635.616616434182,1399.0707253561416,0.0,1666.443946358676,2407.463167116063,780.2382483192023,0.0
136,0.000939333876643,0.2358092783720929,-4.796163466380666e-17,0.0390492900000005,0.0229139413355492,0.2208622520618239,0.4811599098044191,0.2871736584440267,0.0,0.0,0.0,0.0,0.0,0.0,0.0,0.0,848.4899951070574,0.0,0.0,0.0,0.0,0.0,0.0,0.0,0.0,0.0,880.6733262839698,0.0,6798.818722916795,640.6288554972132,0.0,272.77111173522314,1823.665682518617,0.0,8208.833799392845,2363.482341700647,0.0,928.9708697913052,1868.095368940508,0.0,2813.52800292947,3592.2129761056594,1253.350074443429,0.0
137,-1.7763568394002547e-18,0.2038087527906981,-4.796163466380666e-17,0.0258904523986714,0.0182600682458482,0.2490464584584728,0.4807401479999991,0.2568740716478402,0.0,0.0,0.0,0.0,0.0,0.0,0.0,0.0,785.0933852009122,0.0,0.0,0.0,0.0,0.0,0.0,0.0,0.0,0.0,509.8111414095064,0.0,8323.088786418082,730.1461210435648,0.0,194.40909554391777,2237.650287918749,0.0,10319.899184541206,3212.638993364942,0.0,1285.9889387864916,2487.498737867712,0.0,4075.4835631898,4980.555459496718,1793.6310502514334,0.0
138,-1.7763568394002547e-18,0.1711682166976754,-4.796163466380666e-17,0.0169898800739206,0.0131904869127918,0.2793406668687722,0.4775759604667766,0.2175524534227575,0.0,0.0,0.0,0.0,0.0,0.0,0.0,0.0,718.373056007405,0.0,0.0,0.0,0.0,0.0,0.0,0.0,0.0,0.0,618.2542622894215,0.0,8503.054923955897,723.1629706607886,0.0,179.13108497387444,2542.410287395854,0.0,10520.415242624074,3267.408850298248,0.0,1449.0967835530255,2827.9732328746486,0.0,4233.50611592171,5245.014762402827,1955.773243163424,0.0
139,-1.7763568394002547e-18,0.1381137055514956,-4.796163466380666e-17,0.0109889578330568,0.0105861198139545,0.2788612252749182,0.4212920673687702,0.1764476856478404,0.0,0.0,3.331292963739094,0.0,0.0,0.0,0.0,0.0,709.8513675400045,0.0,0.0,0.0,0.0,0.0,0.0,0.0,0.0,0.0,772.9895726081451,0.0,8425.950390553759,696.7442936796747,0.0,162.5683676347974,2607.2837042888536,0.0,10377.212846222825,3144.895007581108,0.0,1378.3729481382518,2847.422379786949,0.0,3915.064032010568,4948.197402580477,1747.8730960270543,0.0
140,-1.7763568394002547e-18,0.0983573425913621,-4.7961634663806645e-17,0.008128627714286,0.0082797756279081,0.266703170591363,0.3414348999269099,0.1323800378073088,0.0,0.0,212.84425828184212,0.0,0.0,0.0,0.0,0.0,1312.305956244967,0.0,0.0,0.0,0.0,0.0,0.0,0.0,0.0,0.0,806.7653943497389,0.0,8274.00899945854,593.3280354963562,0.0,119.7415639574774,2460.105223478549,0.0,10189.021180558942,2873.285266938304,0.0,1148.041687469318,2629.527393210682,0.0,3405.216104016293,4454.389682101223,1406.8325815551595,0.0
141,-1.7763568394002547e-18,0.0583605631946342,-4.796163466380666e-17,0.0059231860863791,0.0058581142325593,0.2549408152425252,0.2575848741129566,0.0883000656343006,0.0,0.0,488.2264150943397,0.0,0.0,0.0,0.0,0.0,2011.9245283018868,0.0,0.0,0.0,0.0,0.0,0.0,0.0,0.0,0.0,776.1052899117369,0.0,7974.476068842676,409.45443118157175,0.0,53.78206363351096,2282.596651519201,0.0,9835.9928946062,2436.471862355296,0.0,924.8240313747572,2392.269547283135,0.0,2895.527100080565,4024.207352387514,1187.6598254662429,0.0
142,-1.7763568394002547e-18,0.047850876,-4.796163466380666e-17,0.0037387486644522,0.0034595162790708,0.2404620612780926,0.174533419973422,0.0676514707211255,0.0,0.0,1825.0872308976077,0.0,0.0,0.0,0.0,0.0,3409.5847083468484,0.0,0.0,0.0,0.0,0.0,0.0,0.0,0.0,0.0,760.1047203839196,0.0,7706.177149730708,240.46440168485665,0.0,0.0,2126.89527961608,0.0,9503.97309080239,2066.42011425218,0.0,741.0885748653537,2166.1167167794647,0.0,2448.5865003038434,3663.1220986189865,1011.6080276619311,0.0
143,-1.7763568394002547e-18,0.0449332104013571,-4.796163466380666e-17,0.0016803364784056,0.0011992989767453,0.2029390454699939,0.0962733958803988,0.0542231157115995,36.08994702940685,0.0,2219.7440473874813,0.0,0.0,0.0,0.0,0.0,3847.888938805075,0.0,0.0,0.0,0.0,0.0,0.0,0.0,0.0,0.0,761.066023572645,0.0,7595.846597467354,146.04251060142886,0.0,0.0,2055.589691743313,0.0,9339.317077342916,1953.286170562386,0.0,688.9722770171957,2048.460623152974,0.0,2295.9222725198124,3539.202280729523,982.231029926192,0.0
144,-1.7763568394002547e-18,0.0382379510631229,-4.796163466380666e-17,0.0001503458954366,3.641596084355745e-06,0.1719601121126078,0.0286509074698376,0.0495448034352158,147.14006558901835,0.0,2610.211815147323,0.0,0.0,0.0,0.0,0.0,4281.134932930065,0.0,0.0,0.0,0.0,0.0,0.0,90.64878562996206,0.0,0.0,704.5681794082727,0.0,7381.4595208203555,0.277577814153861,0.0,0.0,1930.7740531405004,0.0,9064.5891799025,1707.4616925345613,0.0,597.1210537720289,1913.6159728453429,0.0,2107.479403707265,3355.7768780746924,968.7797695168908,0.0
145,-1.7763568394002547e-18,0.0302098140598007,-4.796163466380666e-17,3.6770586575585124e-16,1.1244338793403613e-15,0.145688375933556,7.48646644521965e-05,0.0478508759999999,162.46692388244443,17.859052484488615,2969.907629573245,0.0,0.0,0.0,0.0,0.0,4679.786996271278,0.0,0.0,0.0,0.0,0.0,0.0,227.63250476374168,0.0,0.0,669.2191315307751,0.0,7199.181207433308,0.0,0.0,0.0,1852.7203923000927,0.0,8826.578999889613,1528.255007248179,0.0,543.5054015950922,1850.96968395824,0.0,1998.8404239162037,3266.724533125868,936.8496523421296,0.0
146,-1.7763568394002547e-18,0.0214662985116279,-4.796163466380666e-17,3.677058657558512e-16,0.0004587802287422,0.1246208370099677,0.0266803538624447,0.0463756218898705,43.05415059296044,186.50704710014213,3410.0591695645585,0.0,0.0,0.0,0.0,0.0,5154.768947086226,0.0,0.0,0.0,0.0,0.0,0.0,393.5581271172221,0.0,0.0,623.9225824144463,0.0,6979.11092354316,0.0,0.0,0.0,1755.3843735986054,0.0,8536.27565885934,1304.2445284297148,0.0,474.7111852017741,1769.343268527123,0.0,1863.876268415626,3151.996462104394,896.1653623715987,0.0
147,-1.7763568394002547e-18,0.0135176480132892,-4.796163466380666e-17,3.6770586575585124e-16,0.0073264193515964,0.1059238299931056,0.0912818081063126,0.0460517099552434,88.91231608853884,171.510120577884,3721.728889246598,0.0,0.0,0.0,0.0,0.0,5495.757195752766,47.99197105757992,0.0,0.0,8.333228927994657,0.0,0.0,426.9965909102421,0.0,0.0,579.7525323248548,0.0,6896.945071129075,0.0,0.0,0.0,1679.5237241042385,0.0,8448.168868372739,1222.9009192231856,0.0,412.1568808831289,1683.2598916533343,0.0,1804.034177390072,3043.630777413701,835.4362730437149,0.0
148,-1.7763568394002547e-18,0.0052510514950167,-4.796163466380666e-17,2.9701449287059128e-05,0.0645669291827253,0.093386605589995,0.1588280397607975,0.0504364525714284,89.83117184317982,43.71909360274249,4218.7477682113,0.0,0.0,0.0,0.0,0.0,6355.610345419163,396.0576268855722,0.0,0.0,33.232458969967105,0.0,0.0,717.9003952727336,0.0,0.0,494.7998624141426,0.0,6767.182199299576,0.0,0.0,0.0,1510.8689842106578,0.0,8318.262498129929,1098.9387058068478,0.0,321.29602172080814,1491.1538708102275,0.0,1666.3561249234394,2825.232202536139,670.7834139642067,0.0
149,-1.7763568394002547e-18,9.895863946858794e-05,-4.796163466380666e-17,0.0114917388063791,0.1464296605809977,0.1118242345586719,0.2244258224252492,0.0547624953089699,209.22307525425276,1.1899779158354231,4773.232971030063,0.0,0.0,0.0,0.0,0.0,7318.793431335174,941.2600259313226,0.0,0.0,260.88245464895283,0.0,12.361953525119027,1157.3163088028,0.0,0.0,447.55089329100207,0.0,6513.019899244001,0.0,0.0,0.0,1351.1955315867942,0.0,8023.460759735778,857.0744064774861,0.0,212.6580474058867,1281.1773053914176,0.0,1389.7898077233967,2522.7499027295503,511.44590170235296,0.0
150,-1.7763568394002547e-18,1.2478093164777755e-05,-4.796163466380666e-17,0.0337022781129571,0.2291954245714295,0.1386358036324317,0.2897146846568179,0.0589172096212622,359.5355031966868,0.7587281342384214,5234.373933891006,0.0,0.0,0.0,4.14461024464701,0.0,8085.430250291816,1435.6938752845206,0.0,4.2183053058960684,519.1977405239146,0.0,126.57082811755198,1532.926541274897,5.757058184776396,0.0,310.3720649771805,0.0,5642.015488898179,0.0,0.0,0.0,1022.530610086466,0.0,6957.432613211958,330.7796739229325,0.0,66.1559347845865,965.4334296054508,0.0,878.0924761768449,2004.7012522938005,290.86835824566737,0.0
151,-1.7763568394002547e-18,0.002985068332226,-4.796163466380666e-17,0.0755556740261875,0.3162993741692407,0.171382272248584,0.3717823920750437,0.0631147560398668,361.4009499933638,3.3209032791265387,4357.4973744852505,0.0,0.0,0.0,80.10100189969553,0.0,6758.395934646428,1384.0645434690396,0.0,81.22559192096126,542.9508897700464,0.0,440.8049673332041,1402.2536286081718,111.5791678110808,0.0,94.95005012918892,0.0,4376.723720895775,0.0,0.0,0.0,582.2232130038587,0.0,5355.532649617462,0.0,0.0,0.0,621.6005176143407,0.0,258.7242219743145,1395.6106016308177,85.71152820304837,0.0
152,-1.7763568394002547e-18,0.0082678320598008,-4.796163466380666e-17,0.1894884146312296,0.4127749853980079,0.2156212875994696,0.4331844346341517,0.0688907808932887,341.51802917444496,105.31520022524955,3434.895854528904,0.0,0.0,0.0,194.23224286838328,0.0,5319.432378920655,1136.3767880648595,0.0,187.1494414736875,511.5355542064582,0.0,674.2534564234692,1228.8426139207306,281.0970459370227,0.0,4.469298563648425,0.0,3707.6325438542353,0.0,0.0,0.0,357.543885091874,0.0,4526.890450421957,0.0,0.0,0.0,429.0526621102488,0.0,0.0,1024.3632307882192,0.0,0.0
153,-1.7763568394002547e-18,0.0135505957873755,-4.796163466380666e-17,0.3148851717209306,0.5041569224358039,0.2695059117561081,0.4557920934617926,0.073581585530584,1004.1131148943324,1122.374828853844,5218.760644454801,0.0,0.0,65.78276561393736,805.6155681536895,0.0,7984.976671548595,2009.6929934018792,0.0,707.6838312385431,1478.413824276739,0.0,1520.229140520801,2931.8022400242,1239.852183352047,0.0,0.1693975451852833,0.0,2337.1872558979267,0.0,0.0,0.0,13.551803614822663,0.0,2904.0521293741567,0.0,0.0,0.0,16.262164337787205,0.0,0.0,38.82591735646696,0.0,0.0
154,-1.7763568394002547e-18,0.0187810549235881,-4.796163466380666e-17,0.4643035121136355,0.5470269509900352,0.3240780881836068,0.4776199937940185,0.0736358039999997,1054.7997582942023,984.555680069294,5654.477779608197,0.0,0.0,102.95053284987657,1115.2911722697283,0.0,8889.369072730826,2459.489040870222,0.0,1057.6374423205928,2154.3187211602963,0.0,2442.224533070657,4492.759783565294,2097.0112612620246,0.0,0.0,0.0,1808.972451109432,0.0,0.0,0.0,0.0,0.0,2137.7960585582914,0.0,0.0,0.0,0.0,0.0,0.0,0.0,0.0,0.0
155,-1.7763568394002547e-18,0.0238546002857143,-4.796163466380666e-17,0.6104203559651175,0.5626676711960154,0.3826744790107985,0.4987917872541514,0.0736358039999997,808.0,613.0,5407.0,0.0,0.0,82.58725707716528,1078.0,0.0,8728.0,2490.0,0.0,1139.0,2195.0,0.0,2807.0,4945.0,2375.0,0.0,0.0,0.0,1715.3240759861608,0.0,0.0,0.0,0.0,0.0,2020.92255146824,0.0,0.0,0.0,0.0,0.0,0.0,0.0,0.0,0.0
156,-1.7763568394002547e-18,0.0290264559914013,0.0004227974657025,0.7532585522650008,0.5742147273769808,0.4359515576400244,0.4927434581731472,0.0718090437373458,773.7347892606508,586.9981816666749,5177.696918938408,0.0,0.0,57.9184519837385,1032.284780721512,0.0,8357.867872112574,2384.4054768057185,0.0,1090.691868734871,2101.9096131151277,0.0,2687.9562604264124,4735.289155772046,2274.276274089035,0.0,0.0,0.0,1602.0032438153023,0.0,0.0,0.0,0.0,0.0,1879.393588455969,0.0,0.0,0.0,0.0,0.0,0.0,0.0,0.0,0.0
157,-1.7763568394002547e-18,0.031487364,0.0057209607178791,0.8876217415130548,0.5765435506070937,0.4868935650628524,0.4358290203327679,0.0643910620334936,401.4526411058128,304.5609616292613,2686.457678305626,0.0,0.0,23.286918429540403,535.6022206297558,0.0,4336.506973808144,1237.1305477205349,0.0,565.8751340097928,1090.575730703711,0.0,1394.648110957982,2456.943123213689,1180.008783719673,0.0,0.0,0.0,1432.7760161407757,0.0,0.0,0.0,0.0,0.0,1687.8797029246132,0.0,0.0,0.0,0.0,0.0,0.0,0.0,0.0,0.0
158,-1.7763568394002547e-18,0.031487364,0.0149459340199335,0.9501202426632832,0.5246502925597047,0.5480399012327544,0.3826471143904635,0.0522156323720928,311.8167922004433,331.1581918903131,807.5971572132046,0.0,0.0,83.91467984069295,191.17537976154287,0.0,1200.766592889372,282.39146836556165,0.0,118.04440664384778,249.1118872207749,0.0,275.6790269470748,506.6260336660151,233.249611477318,0.0,0.0,0.0,1377.7963424149823,0.0,0.0,0.0,0.0,0.0,1641.2921386073667,0.0,0.0,0.0,0.0,0.0,0.0,0.0,0.0,0.0
159,-1.7763568394002547e-18,0.031487364,0.0246259900465115,0.9911843151033692,0.4413646828072473,0.6498266481780245,0.4048303725561343,0.039494496797342,2698.1147652520667,3128.8516900518607,3427.6677031557456,21.99497563394137,0.0,909.1328052053929,1027.952870705984,0.0,4356.585202747907,554.7325303772932,0.0,126.41001756703244,491.3017537916048,0.0,137.39052230292637,481.7571902461364,116.23472855939616,0.0,0.0,0.0,1290.2679594100266,0.0,0.0,0.0,0.0,0.0,1561.4506433460792,0.0,0.0,0.0,0.0,0.0,0.0,0.0,0.0,0.0
160,-1.7763568394002547e-18,0.0314345506562439,0.0343060460730896,0.9932015891960142,0.3635622131561467,0.7632605435763165,0.4982469800625376,0.0267733612225912,5202.527361945092,6061.143613120517,6229.025962251163,239.0706287990068,0.0,1772.5288245742347,1915.2574451007024,0.0,7756.081129269177,867.9108553411961,0.0,148.18961568955237,769.6074702379124,0.0,24.83360900268581,512.2654619653733,21.00534482228792,0.0,0.0,0.0,758.8472903804542,0.0,0.0,0.0,0.0,0.0,921.0679586944692,0.0,0.0,0.0,0.0,0.0,0.0,0.0,0.0,0.0
161,-1.7763568394002547e-18,0.0282930773023256,0.0434276373289036,0.9627324165677524,0.2910728339656467,0.847976125593838,0.6048203786337748,0.0147861373156144,6138.897442258185,6736.964919359345,6969.493933783725,263.2127358916485,0.0,2091.4568685084264,2220.29469038929,0.0,8534.619309691885,848.7169217414784,0.0,132.4386232363207,833.5264984937646,0.0,0.0,366.645826751809,0.0,0.0,0.0,0.0,280.5523436903485,0.0,0.0,0.0,0.0,0.0,341.188445059391,0.0,0.0,0.0,0.0,0.0,0.0,0.0,0.0,0.0
162,-1.7763568394002547e-18,0.0231149227574751,0.0521490398517761,0.8553216174771264,0.2117434004850503,0.932980899102736,0.7576690721262468,0.0075790334980831,6469.652320553339,6669.8794512619625,7266.06244697906,304.932193921484,0.0,2223.374599102193,2352.1011814850453,0.0,8846.049535477065,814.6609282213356,0.0,51.3918144381863,839.8213081169002,0.0,0.0,187.40042210618296,0.0,0.0,0.0,0.0,608.8289867782398,0.0,0.0,0.0,0.0,0.0,742.3727503599905,0.0,0.0,0.0,0.0,0.0,0.0,0.0,0.0,0.0
163,-1.7763568394002547e-18,0.0178321590299004,0.0559816974308767,0.7298575114131116,0.1428918570286809,1.0080148243748055,1.0142427941815728,0.0300351908571427,6283.634332978709,6509.689557987393,7120.458264109992,369.363544741283,0.0,2165.1957857317598,2241.0793747031184,0.0,8691.409219314794,807.5209287403225,0.0,6.959183673469388,763.4226864125822,0.0,0.0,72.75510204081633,0.0,0.0,0.0,0.0,1119.1397283411268,0.0,0.0,0.0,0.0,0.0,1365.3973247007873,0.0,0.0,0.0,0.0,0.0,0.0,0.0,0.0,0.0
164,-1.7763568394002547e-18,0.0128109182591364,0.056032632,0.5861705539933552,0.1254511209169443,1.059239566390049,1.3063251591042622,0.0627786887441859,6075.528214502931,6110.023471157386,6992.000569338599,456.7765788336538,0.0,2113.254011079417,2063.8727380774167,0.0,8591.324594076419,846.888424913545,0.0,0.0,636.3821021041944,0.0,0.0,0.0,0.0,0.0,0.0,0.0,1249.9992152552154,0.0,0.0,0.0,0.0,0.0,1523.987923733606,0.0,0.0,0.0,0.0,0.0,0.0,0.0,0.0,0.0
165,-1.7763568394002547e-18,0.0077373728970101,0.056032632,0.4396723455683711,0.1337123798958147,1.052103082729037,1.5357003958022577,0.0959764540664451,6693.834828448499,6380.12752748867,7908.854364947976,693.6563335411597,0.0,2366.196742713468,2077.027761179031,0.0,9824.480847563187,1059.4886126515164,0.0,0.0,506.6234515719526,0.0,0.0,0.0,0.0,0.0,0.0,0.0,904.7386429687086,0.0,0.0,0.0,0.0,0.0,1109.0866560426948,0.0,0.0,0.0,0.0,0.0,0.0,0.0,0.0,0.0
166,-1.7763568394002547e-18,0.0023680435554442,0.0555486727145992,0.2909863483733459,0.1406712829905353,1.0202184842015931,1.7055857564139636,0.131227689408638,6886.764012230657,6549.997181897746,8507.238179626653,854.9962425303266,0.0,2426.882632360274,1984.6353721819107,0.0,10669.729881881123,1211.3708902675448,0.0,0.0,378.3812233091464,0.0,0.0,0.0,0.0,0.0,0.0,0.0,470.1408744336264,0.0,0.0,0.0,0.0,0.0,576.3991167689123,0.0,0.0,0.0,0.0,0.0,0.0,0.0,0.0,0.0
167,-1.7763568394002547e-18,1.4921397450962083e-16,0.0496027340144174,0.153147859049709,0.14680556795211,0.988721406824799,1.856275835848051,0.1675056597607973,6480.804812467222,6437.338025837973,8668.58052623269,883.6119181874225,0.0,2245.8316618705435,1800.2393074223671,0.0,11081.195637392464,1311.2743422091364,0.0,0.0,305.33712611859954,0.0,0.0,0.0,0.0,0.0,0.0,0.0,664.5363075374198,0.0,0.0,0.0,0.0,0.0,781.533490510125,0.0,0.0,0.0,0.0,0.0,0.0,0.0,0.0,0.0
168,-1.7763568394002547e-18,1.4921397450962083e-16,0.0401559233621262,0.0919761824451831,0.1593931949469123,0.9283396261444178,1.9725274418667,0.1992823085792933,6092.566220041493,6103.426598457843,8618.642452697955,799.2199971966733,0.0,2118.7362242464837,1771.072641906131,0.0,11253.489435178804,1377.9732081289924,0.0,0.0,365.0324540996196,0.0,0.0,0.0,0.0,0.0,0.0,0.0,1711.2179400169962,0.0,0.0,0.0,0.0,0.0,1976.1942278940824,0.0,0.0,0.0,0.0,0.0,0.0,0.0,0.0,0.0
169,-1.7763568394002547e-18,1.4921397450962083e-16,0.0314066419534883,0.0447529798458479,0.1647655581289043,0.824435384207311,1.9431270642152805,0.2059398788837207,5443.028091982091,5515.887051816166,8485.271950306,660.5544367940217,0.0,1874.01345082336,1695.5226066593916,0.0,11207.558954319746,1449.0011495121455,0.0,0.0,427.6658493431692,0.0,0.0,0.0,0.0,0.0,0.0,0.0,2904.4071850364035,0.0,0.0,0.0,0.0,0.0,3338.1121207167,0.0,0.0,0.0,0.0,0.0,0.0,93.60567233226968,0.0,0.0
170,-1.7763568394002547e-18,1.4921397450962083e-16,0.0221919732358803,0.0201174990099673,0.1589528142015511,0.6905028228792942,1.7901173023875967,0.2060314919999997,3061.475365467856,3164.743236965963,7577.699577259186,196.1169277599984,0.0,870.8532210004582,984.0407411674124,0.0,9997.9273901411,1349.0966600908955,0.0,0.0,292.9107578899311,0.0,0.0,67.22865425075057,0.0,0.0,0.0,0.0,3948.0222305501775,0.0,0.0,0.0,0.0,0.0,4548.0740883589,0.0,0.0,0.0,0.0,0.0,0.0,446.5118323586456,0.0,0.0
171,-1.7763568394002547e-18,1.4921397450962083e-16,0.0126049946710963,0.0064147467036414,0.1470038232851048,0.5663645543342625,1.592925764792733,0.2060314919999997,2067.627029795015,2041.059912639508,6898.877561702905,21.377953807129188,0.0,409.2687580095804,556.9467058975001,0.0,8910.12985196617,940.447643712448,0.0,0.0,123.74376657341958,0.0,0.0,32.47634202954231,0.0,0.0,21.772760503906007,0.0,5594.917990891115,20.54957171155173,0.0,3.914204135533664,43.42320212857658,0.0,6576.336317019759,93.6962614943371,0.0,0.0,33.39305403127157,0.0,76.44929952214187,850.2633409133525,0.0,0.0
172,-1.7763568394002547e-18,1.4921397450962083e-16,0.0039234579204013,3.916750695509473e-06,0.1320201506157718,0.4392847039115902,1.38446013831148,0.2034348880103055,1041.5142210743031,836.0156474358113,6081.587076054293,0.0,0.0,41.98877511450221,280.9729618495826,0.0,7789.6276948271825,438.1628119014117,0.0,0.0,121.78037391418458,0.0,0.0,14.882899217097885,0.0,0.0,250.95040937318677,0.0,7286.700775019029,194.94450314283569,0.0,48.418543679226026,420.12612740110944,0.0,8661.546878941115,836.8983844109073,0.0,0.0,333.5195911147962,0.0,621.9641649105292,1262.9196176042094,0.0,0.0
173,-1.7763568394002547e-18,1.4921397450962083e-16,8.277287734756866e-05,5.471179065352771e-16,0.1103635114684402,0.3161613936641152,1.115187663314667,0.1773663570018304,897.4205395805561,718.9288410977605,5824.90506090114,0.0,0.0,0.0,201.55861380517504,0.0,7415.968751820314,312.2578052895641,0.0,0.0,145.74466774221776,0.0,0.0,8.293172378948885,0.0,0.0,338.3201454745014,0.0,7647.149548185938,248.9920872847009,0.0,24.496914254354927,505.7634119457713,0.0,9108.889221985812,1007.1829402711436,0.0,0.0,443.5030857456451,0.0,707.6262067424135,1347.0756447049737,0.0,0.0
174,-1.7763568394002547e-18,1.4921397450962083e-16,-4.796163466380666e-17,0.0003447860226922,0.0855365400000015,0.1999258498439177,0.7838693518886738,0.1425683132491694,836.8273874481815,698.911015793638,5407.325284607889,0.0,0.0,0.0,144.94292349225324,0.0,6917.51820336866,260.2281817457662,0.0,0.0,173.1851892648026,0.0,0.0,12.096083317605403,0.0,0.0,314.56288777880303,0.0,7786.824441598524,266.4168482929778,0.0,6.867924528301887,488.4257135129976,0.0,9304.016270800852,1127.8673080594356,0.0,0.0,495.47208788061977,0.0,719.1468190206498,1397.8981911610294,0.0,0.0
175,-1.7763568394002547e-18,1.4921397450962083e-16,-4.796163466380666e-17,0.0022054416279075,0.0614682805618962,0.137753658603208,0.530702600284559,0.1086860579202658,722.3987507600048,532.4464992633988,5205.834427359348,0.0,0.0,0.0,202.1191692688433,0.0,6781.36056552984,246.36771836467463,0.0,0.0,200.80895105827008,0.0,0.0,123.17358004743926,0.0,0.0,304.9232044583729,0.0,7971.777505119528,297.3142397450856,0.0,0.0,471.8327629846376,0.0,9512.053122330462,1304.6572147258244,0.0,0.0,552.8024266730553,0.0,727.5666744657416,1446.537697015816,0.0,0.0
176,-1.7763568394002547e-18,0.0018270025256988,0.0017991907281609,0.0042428496079739,0.0451831238037923,0.108105765249171,0.3521198872894274,0.0754882925980065,683.2925011763363,456.2935564336241,5276.163673161618,0.0,0.0,0.0,246.96621011038857,0.0,6922.454063823378,255.96726536767645,0.0,0.0,219.74720248536715,0.0,0.0,199.54488091933385,0.0,0.0,339.6823663750928,0.0,7941.212032098722,260.6483611027439,0.0,0.0,507.73643236411095,0.0,9477.190280804753,1326.09651331967,0.0,0.0,582.989651981659,0.0,718.0234418712705,1462.0130938529294,0.0,0.0
177,-1.7763568394002547e-18,0.0269139595123947,0.0075578075282391,0.0078497754955282,0.038491743965245,0.0778010204152841,0.196853541042167,0.0402370572558139,525.1636897585482,229.56226378864173,5158.066740222479,0.0,0.0,0.0,302.8209767363985,0.0,6953.39182303824,415.79528191085126,0.0,0.0,250.4700681736345,0.0,0.0,457.90784814753147,0.0,0.0,382.3595957414966,0.0,7691.386436995204,169.91303603893763,0.0,0.0,572.3772153983416,0.0,9295.330315161003,1242.0004949092238,0.0,0.0,602.0366232909117,0.0,693.5956042310191,1456.6322275219309,0.0,0.0
178,-1.7763568394002547e-18,0.0921830944664453,0.0131107430033222,0.0140975288372098,0.0582868271813964,0.0637141858764134,0.0711179351043189,0.0086568812066443,330.3405416206669,47.97830151976283,3950.2493529021726,0.0,0.0,0.0,252.34474924640065,0.0,5440.59442791704,421.32765777860055,0.0,0.0,199.5779382814781,0.0,3.790732176102781,480.9660780292647,0.0,0.0,410.2075944680831,0.0,7528.407668443252,110.72297450112777,0.0,0.0,614.5506400634301,0.0,9176.654550313213,1187.115458114184,0.0,0.0,614.4903528056024,0.0,677.6478106316914,1453.1381634372938,0.0,0.0
179,-1.7763568394002547e-18,0.1872298447176083,0.0187209252358803,0.0205465738311295,0.1073518984201102,0.0597040863900222,0.0052204349313607,0.0001795032031591,96.81684590967498,0.0,1345.1336374147693,0.0,0.0,0.0,79.29205463664512,0.0,1876.8820335038388,153.10172982902174,0.0,0.0,75.44569246112121,0.0,152.29641098893023,187.87112361302027,0.0,0.0,423.58695009606384,0.0,7439.507781875251,71.34316081721126,0.0,0.0,605.3819224029332,0.0,9124.990720865911,1143.517061009339,0.0,0.0,598.5962292301521,0.0,656.5419038939285,1424.6707578839212,0.0,0.0
180,-1.7763568394002547e-18,0.2992506292225917,0.0247890815282391,0.0303847636319193,0.1786252848525052,0.072253644877078,0.0026622423117907,-1.5987211554602224e-16,16.723544847463632,0.0,2704.817590142606,0.0,0.0,0.0,82.52939344758968,0.0,4047.61603390436,415.6778340151831,0.0,0.0,236.67330965951075,0.0,322.60373169169384,650.9706247855777,10.685117188005377,0.0,433.8622786162728,0.0,7668.096925072367,118.22449509405182,0.0,0.0,398.8150658600468,0.0,9289.419628311844,1076.508949297882,0.0,0.0,401.3010408811432,0.0,563.1390333021787,1249.1938690151387,0.0,0.0
181,-1.7763568394002547e-18,0.4059874144584718,0.0305710040332225,0.0544470203720935,0.2630366667857153,0.0896502240373771,0.0102801173621261,-1.5987211554602222e-16,0.0,0.0,4609.5887414197,0.0,0.0,0.0,82.4930438276313,0.0,6848.347486857158,612.2796139545652,0.0,0.0,408.1143546388102,0.0,325.82830716114626,1112.6552472624755,26.12826698354761,0.0,471.0,0.0,8023.0,222.0,0.0,0.0,222.0,0.0,9472.0,1015.0,0.0,0.0,179.0,0.0,460.0,1082.0,0.0,0.0
182,-1.7763568394002547e-18,0.5046865551551564,0.0343385732372941,0.0857284958348772,0.3638060266843867,0.1207982117248904,0.0175965824451825,-1.5987211554602222e-16,0.0,0.0,4104.047909211366,0.0,0.0,0.0,72.36362519023727,0.0,6055.037511890982,362.0385720172433,0.0,0.0,338.71302024491314,0.0,115.43647119639594,880.5847023151562,0.1449080574057972,0.0,627.7777603938657,34.151724524191295,8448.509142743596,354.76482908779366,0.0,77.05482845770662,242.3843105753767,0.0,9842.97310764403,1157.6901740276369,0.0,2.027758643623858,174.1974137387856,0.0,484.8667244191768,1104.1986209407244,0.0,0.0
183,-1.7763568394002547e-18,0.5797055600664448,0.0344625479999999,0.1305039366378744,0.4507395523056494,0.180789584501663,0.0239888624651161,-1.5987211554602222e-16,0.0,0.0,3817.815184905268,0.0,0.0,0.0,64.43021890520407,0.0,5697.7760895524925,321.3556597247215,0.0,0.0,301.4697896922511,0.0,101.81565456624838,783.5032792793332,0.0,0.0,771.50627689204,65.46086358437901,8838.601447221623,476.4791071842735,0.0,147.6960734622552,261.0719529519262,0.0,10183.06863068532,1288.5036706634835,0.0,3.886738775322504,169.79456605844672,0.0,507.663691297376,1124.5495613298465,0.0,0.0
184,-1.7763568394002547e-18,0.6188095162418125,0.0344625479999999,0.2384013856630285,0.5383985761452321,0.2989780893538224,0.0310742812823918,-1.5987211554602222e-16,0.0,0.0,1455.8416950082326,0.0,0.0,0.0,0.3608764994337188,0.0,2752.213832017307,1.799927231743489,0.0,0.0,1.6885455961157965,0.0,0.5702739744137774,4.388436443731014,0.0,0.0,1933.4552150905167,318.5743150639656,11992.236856750096,1460.457649811166,0.0,718.7832983630723,412.1490443038045,0.0,12932.513497382326,2346.0433101266312,0.0,18.91534995692296,134.20048694412984,0.0,691.9619231559499,1289.0733047915778,0.0,0.0
185,-1.7763568394002547e-18,0.6361908381614101,0.0344625479999999,0.3937228589992333,0.6688375582981881,0.478024199620957,0.0403931473355479,-1.5987211554602222e-16,0.0,0.0,1047.7676455057797,0.0,0.0,0.0,0.0,0.0,2255.3474094414355,0.0,0.0,0.0,0.0,0.0,0.0,0.0,0.0,0.0,2250.2370963266244,514.0931207983413,11997.609088672014,1491.5013256822133,0.0,880.4196470083143,694.8159317472617,0.0,12911.117500628288,2432.365883316928,0.0,131.6150403673375,373.8385356237827,0.0,791.8721598881651,1493.697876395317,1.7371240758968771,0.0
186,-1.7763568394002547e-18,0.6339508496835545,0.0322538630755813,0.5591036486960129,0.7749244735066454,0.6386116212134566,0.0462918799958469,-1.5987211554602222e-16,0.0,0.0,111.42570198350576,0.0,0.0,0.0,0.0,0.0,1462.203413895985,0.0,0.0,0.0,0.0,0.0,0.0,0.0,0.0,0.0,3434.1061370558805,1382.0818777509303,11548.668882299891,1600.2504560304926,0.0,1573.3935796975677,1794.1449477890462,0.0,12278.425701983506,2416.8817436785325,0.0,508.0090998360786,1153.61977642311,0.0,927.507579734436,2020.9387540838552,21.67980625794083,0.0
187,-1.7763568394002547e-18,0.6092184508136002,0.0268474937142857,0.6961952291510562,0.8724692379684739,0.7690566728329699,0.0490669643211986,-1.5987211554602222e-16,0.0,0.0,0.0,0.0,0.0,0.0,0.0,0.0,966.9524408230942,0.0,0.0,0.0,0.0,0.0,0.0,0.0,0.0,0.0,2851.8161076459787,1125.4605684950477,10271.28333749114,1377.3060066109213,0.0,1269.0414276301974,2460.142150390553,0.0,11308.419036836567,2584.2623946618623,0.0,915.9007404517896,1953.3519492225453,0.0,1927.8543554875944,3043.2262940394544,834.8817523085406,0.0
188,-1.7763568394002547e-18,0.5410399761121905,0.0211800647242524,0.8353301437030397,0.9597585688803996,0.8840052843051378,0.0683888709767439,-1.5987211554602224e-16,0.0,0.0,0.0,0.0,0.0,0.0,0.0,0.0,755.3779593505091,0.0,0.0,0.0,0.0,0.0,0.0,0.0,0.0,0.0,2002.9303078381145,770.9372713564727,8680.073935938639,988.0341614186736,0.0,821.7976159106936,3273.3613871475395,0.0,10097.762990844456,2750.07393593864,0.0,1433.599475598141,2962.484588340553,0.0,3180.2956676404,4354.22173170176,1893.390127990476,0.0
189,-1.7763568394002547e-18,0.4462897032639515,0.0159082443644992,0.9486649903076804,1.0354693303963678,0.9490844020237318,0.0907678228305645,0.000255177148281,0.0,0.0,0.0,0.0,0.0,0.0,0.0,0.0,713.8565965146179,0.0,0.0,0.0,0.0,0.0,0.0,0.0,0.0,0.0,1956.036413882502,878.3638342207236,8020.208105075366,792.7203513150322,0.0,834.7789234494932,3252.723387289428,0.0,9286.294639749332,2454.1439518951497,0.0,1412.8209307740588,2908.715398684823,0.0,2948.8838063238945,4172.304992471887,1824.4916489241969,0.0
190,-1.7763568394002547e-18,0.3682469747840547,0.0122302137408637,1.0042619263223902,1.0732360156624603,0.9591159143099022,0.1128668668696342,0.0027752898546177,0.0,0.0,0.0,0.0,0.0,0.0,0.0,0.0,679.1932000968972,0.0,0.0,0.0,0.0,0.0,0.0,0.0,0.0,0.0,2396.1440820548005,1413.511686126671,7043.898609155303,587.2743649029976,0.0,1073.9100885892308,3028.425369352526,0.0,8012.150319102723,1771.425653468532,0.0,1131.2667495430492,2480.063446629238,0.0,2069.009405010375,3275.7840571989004,1353.118464427941,0.0
191,-1.7763568394002547e-18,0.296462011993356,0.008605958591362,1.0378227596411953,1.068262631533558,0.9650197765267802,0.1626163748252488,0.0481403880908968,0.0,0.0,0.0,0.0,0.0,0.0,0.0,0.0,674.6368118707153,0.0,0.0,0.0,0.0,0.0,0.0,0.0,0.0,0.0,3909.068319755232,2725.655422744206,7704.723560714376,497.73184709472446,0.0,1808.3211943170104,3516.906882066334,0.0,8503.87282461798,1224.68778411706,0.0,965.752619427448,2460.5669317179286,0.0,1218.5674798757393,2718.470930401097,937.8410806233194,0.0
192,-1.7763568394002547e-18,0.2245545907187358,0.0068732942094903,1.041103161252178,1.0447950215041708,0.9548700711169088,0.2336016764891865,0.1277500518538204,0.0,0.0,0.0,0.0,0.0,0.0,0.0,0.0,670.2850710607971,0.0,0.0,0.0,0.0,0.0,0.0,0.0,0.0,0.0,5046.458227862332,3819.142581523288,8205.741532591002,454.2463142231469,0.0,2330.3135873654546,3754.367910899953,0.0,8806.340749132703,808.8206934451748,0.0,815.2287157201864,2342.0817507757342,0.0,538.27321051641,2222.937375752844,569.4499271496735,0.0
193,-1.7763568394002547e-18,0.1778635796305646,0.0088217665116278,0.999472484124917,1.0010797131534892,0.9044841978684406,0.3041533495282391,0.2090275429235877,0.0,0.0,0.0,0.0,0.0,0.0,0.0,0.0,656.7827580091606,0.0,0.0,0.0,0.0,0.0,0.0,0.0,0.0,0.0,5977.056659292193,5020.333641963742,8585.364694004744,546.0615675855626,0.0,2620.996959785854,3473.043417443253,0.0,8705.665770347936,487.53033015455946,0.0,638.9390836933712,1889.024320866097,0.0,27.488077892684824,1591.046545766118,132.18867551257307,0.0
194,-1.7763568394002547e-18,0.1743183226914207,0.0108381702857142,0.8959171811772529,0.9284958432886464,0.8026526761618147,0.3701287045315612,0.302924306033222,0.0,0.0,0.0,0.0,0.0,0.0,0.0,0.0,634.1950641277766,0.0,0.0,0.0,0.0,0.0,0.0,0.0,0.0,0.0,6893.736829994715,5773.302870405217,8851.029390246076,657.0796799927675,0.0,2936.858478230041,3484.65367089491,0.0,8564.100073180623,248.9543489242576,0.0,601.9301702211907,1712.7559058406546,0.0,0.0191933311394593,1258.7251903709257,0.1097618624537829,0.0
195,-1.7763568394002547e-18,0.1958959844775745,0.0125106301868769,0.7840065789144521,0.8349483679709301,0.6997983490191034,0.4433567798272417,0.4020584953604642,0.0,0.0,0.0,0.0,0.0,0.0,0.0,0.0,618.2384934790376,0.0,0.0,0.0,0.0,0.0,0.0,0.0,0.0,0.0,7310.679809485162,5997.9328699716525,8945.057532243298,717.2976490558294,0.0,3109.5844854696484,3374.927741805281,0.0,8491.260278362295,150.884754261514,0.0,552.6527151690453,1505.663607994521,0.0,0.0,1120.4233134110368,0.0,0.0
196,-1.7763568394002547e-18,0.20808743310299,0.0126445319999999,0.6409884165390501,0.7487999431893682,0.6047082896053181,0.5192983888678938,0.5117834508866195,0.0,0.0,0.0,0.0,0.0,0.0,0.0,0.0,596.0930094990609,0.0,0.0,0.0,0.0,0.0,0.0,0.0,0.0,0.0,7791.398602848685,5553.419502235775,9523.184389578488,893.8896485630509,0.0,3287.697653033932,3301.340245548686,0.0,9004.907778534876,283.28366930705,0.0,493.05959705243015,1355.668729317406,0.0,0.0,982.0443307122972,0.0,0.0
197,-1.7763568394002547e-18,0.2127083584186049,0.0126445319999999,0.4994127206248685,0.6457818575469015,0.5135758470782524,0.5649914093532191,0.5810876938748848,0.0,0.0,0.0,0.0,0.0,0.0,0.0,0.0,631.336972053236,0.0,0.0,0.0,0.0,0.0,0.0,0.0,0.0,0.0,7545.38277827976,5201.673868541526,9717.653210135586,925.1027301481148,0.0,3184.201865844561,3213.6057535980854,0.0,9217.342941858858,411.1431967579141,0.0,474.3376337898139,1441.4308297666223,0.0,0.0,1009.1422100672828,0.0,0.0
198,-1.7763568394002547e-18,0.2169215550299008,0.0126445319999999,0.3703289517911328,0.5372763974707526,0.45738741035794,0.5726774556530403,0.6132864467216523,0.0,0.0,0.0,0.0,0.0,0.0,0.0,0.0,640.1557692386501,0.0,0.0,0.0,0.0,0.0,0.0,0.0,0.0,0.0,7253.08303272774,4961.341154540603,9917.211570545447,1012.417962695875,0.0,3095.322199447481,3219.8124703504536,0.0,9490.800906229206,543.5822860377455,0.0,459.64612321080335,1525.7962857395949,0.0,0.0,1066.277671977847,0.0,0.0
199,-1.7763568394002547e-18,0.217945146995629,0.0121536968707815,0.2540912684483311,0.4079744976037791,0.4551633834586481,0.5724123005245667,0.6429185717635952,0.0,0.0,0.0,0.0,0.0,0.0,0.0,0.0,645.8079183450203,0.0,0.0,0.0,0.0,0.0,0.0,0.0,0.0,0.0,6918.975041430196,4650.94407870709,10080.199979842637,1080.8531239683834,0.0,2967.0238316559166,3206.2423489218418,0.0,9699.696463519887,632.1237452945838,0.0,448.3602769428171,1576.1385997349716,0.0,0.0,1089.539444612538,0.0,0.0
200,-1.7763568394002547e-18,0.1963003669235886,0.010166035694352,0.192352399893689,0.300615710415949,0.5036210225833898,0.5565349464186033,0.6558345770445176,0.0,0.0,10.390806148725389,0.0,0.0,0.0,0.0,0.0,754.3066101952526,0.0,0.0,0.0,0.0,0.0,0.0,11.309894653280953,0.0,0.0,6228.740143323308,4217.871572352906,10195.306964647676,1138.9000026963913,0.0,2674.6952006731008,3038.917784901175,0.0,9841.504736924324,680.5671946220205,0.0,415.5509994633938,1563.432628769018,0.0,0.0,1125.3075721171356,0.0,0.0
201,-1.7763568394002547e-18,0.1672100156539844,0.0081076235083056,0.1372949442996311,0.2273954348323213,0.5425536690016939,0.5009159039586267,0.6233574632924208,0.0,0.0,535.8877190476469,0.0,0.0,0.0,0.0,0.0,2671.9657171097115,10.076700708738452,0.0,0.0,0.0,0.0,5.769252243300934,552.3555249250734,0.0,0.0,4136.798389096386,2404.6530320062543,10164.419791696244,1023.7388355503808,0.0,1665.9529019146844,2263.728880665167,0.0,9905.165497563195,778.0025006515863,0.0,205.37565513016227,1293.9955538107445,0.0,0.0,1053.606896344923,0.0,0.0
202,-1.7763568394002547e-18,0.1329442684385388,0.0059231860863787,0.0985377639562255,0.147766244533908,0.5748525898229442,0.4213596345319511,0.5459863020058617,0.0,0.0,1731.44067481079,0.0,0.0,0.0,0.0,0.0,4575.195369828771,281.49366698942333,0.0,0.0,0.0,0.0,161.16465266705862,1020.4853689485252,0.0,0.0,2644.5303456196225,670.1225657482771,9441.806195960417,412.2955164562339,0.0,864.1825920366974,1484.2964081326732,0.0,9299.21028314609,365.6953271583964,0.0,40.40505171767534,856.1872276617851,0.0,0.0,812.5003572487175,0.0,0.0
203,-1.7763568394002547e-18,0.0980323951694352,0.0037597528704318,0.0750882622678263,0.1015285816874537,0.5847773383577829,0.3396127612977253,0.4600617289764877,0.0,0.0,2527.4294972567973,0.0,0.0,0.0,0.0,0.0,5374.437470801906,539.3241806357476,0.0,0.0,0.0,0.0,310.23365756492245,1145.297038355331,0.0,0.0,1795.2347539620978,0.0,8402.875102342696,0.0,0.0,349.6319215038121,852.2249480530152,0.0,8370.583568246882,0.0,0.0,0.0,423.3488699281925,0.0,0.0,519.9725451153422,0.0,0.0
204,-1.7763568394002547e-18,0.0658321237076412,0.0017643533023255,0.0609495126119147,0.0901411829853988,0.5814101178413058,0.2666380987375412,0.3672251819401987,0.0,0.0,3714.1005297519982,0.0,0.0,0.0,0.0,0.0,7250.008482176225,1482.9811029941577,0.0,0.0,16.423283361209073,0.0,934.160537357438,1683.3696765304733,37.91746118882536,0.0,925.9414262411576,0.0,7352.196337824114,0.0,0.0,0.0,109.04580252523814,0.0,7246.5790526926785,0.0,0.0,0.0,11.27204301294246,0.0,0.0,124.60148772258792,0.0,0.0
205,-1.7763568394002547e-18,0.0355140911862277,0.0001603957547568,0.0441959644443379,0.0861802796006052,0.5600064120898847,0.1866021896212619,0.2689101173334944,0.0,0.0,3858.9723852744537,0.0,0.0,0.0,0.0,0.0,7650.516911430642,1698.1964708226128,0.0,0.0,26.06842098083307,0.0,1247.592670306529,1945.732863382231,162.74646629903566,0.0,818.2789855991361,0.0,7207.686835742837,0.0,0.0,0.0,59.06069985633635,0.0,6959.860131103564,0.0,0.0,0.0,0.0,0.0,0.0,82.66126361250696,0.0,0.0
206,-1.7763568394002547e-18,0.0231425165182725,-4.618527782440642e-17,0.0334584645847186,0.0816639662184569,0.5341719398679259,0.1042324350136279,0.157947224726829,0.0,0.0,3968.4638486654335,0.0,0.0,0.0,0.0,0.0,7898.544223369397,1819.8022493117096,0.0,0.0,33.037954153382,0.0,1349.7882054572915,2007.490585648068,225.42695523724555,0.0,727.1627991975841,0.0,7083.549347657982,0.0,0.0,0.0,48.37077987403228,0.0,6720.376240215106,0.0,0.0,0.0,0.0,0.0,0.0,67.72212447782499,0.0,0.0
207,-1.7763568394002547e-18,0.0186575007707642,-4.618527782440643e-17,0.0238818810426588,0.0803864899064466,0.5228068610463815,0.0576253273993355,0.0914328077549502,0.0,0.0,4605.338330817159,0.0,0.0,0.0,0.0,0.0,8536.682431740002,1921.681061826628,0.0,0.0,42.39651887553915,0.0,1163.3216389166885,1795.120601602668,155.04424452598963,0.0,506.3101076904399,0.0,6586.182089486794,0.0,0.0,0.0,35.66013951845723,0.0,6169.621183733384,0.0,0.0,0.0,0.0,0.0,0.0,49.91629357677422,0.0,0.0
208,-1.7763568394002547e-18,0.014172485023256,-4.618527782440642e-17,0.0154714510166123,0.0807860761399432,0.5135108109905778,0.0304530560450197,0.0572344693001557,0.0,0.0,4854.530411627182,0.0,0.0,0.0,0.0,0.0,8749.25794504083,1926.5912261781095,0.0,0.0,60.500365002942274,0.0,1020.4512420967276,1650.3298932292782,81.95883466375611,0.0,343.9356900273424,0.0,4973.1233832618045,0.0,0.0,0.0,25.73174823750413,0.0,4655.404193576707,0.0,0.0,0.0,0.0,0.0,0.0,36.05137769969923,0.0,0.0
209,6.153481336718959e-06,0.0096421660863789,0.000524531793629,0.0078934629767452,0.07862406469494,0.5058282305780745,0.0111624474465504,0.02826608919914,6.353389913605255,0.0,5062.588651151976,0.0,0.0,0.0,0.0,0.0,8678.249121780775,1811.968603300831,0.0,0.0,98.37839304644312,0.0,880.4348571080396,1487.2178267497814,44.8946726358501,0.0,214.8360721825221,0.0,3082.5835740623297,0.0,0.0,0.0,23.779207559357616,0.0,2897.104042081355,0.0,0.0,0.0,16.163640046021246,0.0,0.0,28.508105605132503,0.0,0.0
210,0.0048564708175264,0.0049306343920267,0.0049781755434087,0.0030207824760243,0.1061065502666597,0.5048790083149256,0.0144163451757033,0.014245545158152,103.21151472739793,3.453219264430596,5334.932501612351,0.0,0.0,0.0,3.0341392566113488,0.0,8507.774987830564,1579.181254879364,0.0,0.0,112.38559744449871,0.0,638.7693438242927,1150.9875597927469,0.0,0.0,316.5455370138464,0.0,3202.2374908567795,0.0,0.0,0.0,145.37690009472956,0.0,3176.4672107188003,0.0,0.0,0.0,90.85448729679584,0.0,0.0,124.2268077240112,0.0,0.0
211,0.0140217489568106,0.0006941320758258,0.0282457714051201,0.0243632315481737,0.231646302889976,0.555076560574556,0.0660592210857921,0.0454282778542113,175.8657518863498,20.10570225028779,5435.525270549868,0.0,0.0,0.0,17.665689841272282,0.0,8518.315486400077,1516.795076902566,0.0,0.0,118.70719851091812,0.0,542.0013101253977,1020.5052058896674,0.0,0.0,429.2173756983276,0.0,3902.858701565741,0.0,0.0,0.0,233.35560572147912,0.0,3949.043587436128,0.0,0.0,0.0,124.1022684910996,0.0,0.0,195.40790869630987,0.0,0.0
212,0.0232348826076713,0.0012117667139838,0.0851349890033222,0.0501077985249179,0.4245301221890685,0.6241400555789804,0.1467209683255812,0.139150037848686,299.6866933433474,105.24984418124104,5821.601408952668,0.940710679373164,0.0,0.0,88.44303235890797,0.0,8757.46817627725,1419.0204371070815,0.0,0.0,117.16013145088311,0.0,308.7121902662004,701.1269269532739,0.0,0.0,493.5419766869809,0.0,4189.310805472937,0.0,0.0,0.0,294.9015507771746,0.0,4303.999143721774,0.0,0.0,0.0,145.3608347714239,0.0,45.493489048468746,248.86604641137143,0.0,0.0
213,0.0360638098205979,0.025839369534257,0.156137916172256,0.076394356385383,0.6391541492469145,0.7050954357683215,0.2348815110156083,0.2534135304995924,500.29062254139177,292.20770394426233,6514.925405266009,28.258956894592217,0.0,0.0,135.5710439795796,0.0,9300.484778353755,1331.2747897179918,0.0,0.0,105.51914636694238,0.0,13.640708402538602,236.0354201269301,0.0,0.0,485.2443159038065,0.0,4257.9701708481225,0.0,0.0,0.0,335.810626038079,0.0,4530.48677056926,0.0,0.0,0.0,202.4941645540848,0.0,198.8125847684321,405.6350359371989,0.0,0.0
214,0.0548965152253272,0.0685321937940201,0.2497012308649601,0.1045778823388715,0.8840497805722118,0.7923291533375039,0.3358168925980069,0.3853308074950162,775.0003965139733,680.7047535612302,7243.055825533006,184.54408225345875,0.0,40.52138872231006,111.01265157441298,0.0,10162.96323481868,1493.2934298490395,0.0,0.0,74.30596580608844,0.0,9.597766263330325,81.95983217305717,0.0,0.0,286.1231791840329,0.0,4013.3269784513896,0.0,0.0,0.0,275.0716572413685,0.0,4545.926302698607,0.0,0.0,0.0,326.10488272190725,0.0,114.83504774204064,740.877026553551,0.0,0.0
215,0.0850570272091608,0.1107745524755779,0.3773701345642187,0.1343759017988277,1.1336515708763717,0.8916176255223028,0.42857025695257,0.5128794923678511,883.3162064454681,844.7972796968114,6816.611816964963,271.4420416274148,0.0,77.04905618044175,156.7732345501611,0.0,9499.729118671468,1431.5841421282378,0.0,0.0,51.69536184319997,0.0,6.715812181014922,41.205251621062665,0.0,0.0,159.92396768582674,0.0,3770.0537245517367,0.0,0.0,0.0,215.5110880474745,0.0,4465.363546940274,0.0,0.0,0.0,347.9966848199639,0.0,62.24691912702085,898.6302254800237,0.0,0.0
216,0.1118838136383846,0.1741689352225915,0.5176624215785843,0.2132695160362904,1.3694930956690543,1.026766151949401,0.5141958880572458,0.6481499740909776,711.3101245448829,680.2974636439498,5489.278827112008,218.5791643948216,0.0,62.055290149613946,126.24149821454556,0.0,7649.960025816954,1152.8201942084047,0.0,0.0,41.6369656072504,0.0,5.4022156576633,33.173547163998464,0.0,0.0,126.12700570645146,0.0,3580.689402878291,0.0,0.0,0.0,169.96682001641182,0.0,4316.720717490729,0.0,0.0,0.0,274.45404517689246,0.0,49.09218822888533,863.838683275825,0.0,0.0
217,0.1483125638506935,0.2476832443056481,0.6586852292257188,0.2992319103646679,1.549918803562245,1.1433605204651187,0.5796215378589025,0.7559154510768024,61.34417584881625,46.53577580753109,850.9137500729615,16.644247378284035,0.0,4.239330061701988,74.41855763190979,0.0,1264.5701643940054,304.92924326480767,0.0,349.9231144963913,124.63105854353594,0.0,186.9503655259915,267.2679407135816,424.360674119486,0.0,0.0,0.0,2049.2415978669346,0.0,0.0,0.0,0.0,0.0,2593.3537291827424,0.0,0.0,0.0,0.0,0.0,0.0,85.45195503758362,0.0,0.0
218,0.195038027872425,0.3153319252332225,0.7604042041355492,0.396389013998672,1.64757063094485,1.2388871001328914,0.6123442657275749,0.7964806073275751,80.50664977440849,2.933390387177899,3263.617267979442,9.167882701691706,0.0,0.266671853379809,459.02920196180014,0.0,5099.289247299495,1568.891877123658,0.0,674.0580438005165,852.0134084881497,0.0,1306.064329059869,1854.5320703168893,944.3981179050954,0.0,0.0,0.0,1674.7104546161531,0.0,0.0,0.0,0.0,0.0,2007.775741644585,0.0,0.0,0.0,0.0,0.0,0.0,0.0,0.0,0.0
219,0.2392822301939444,0.3617867632921704,0.8488871371686845,0.5663966676301645,1.7308380805375787,1.3313538106964222,0.637353429061869,0.8207914512242219,91.98578121142866,0.0,5089.975835243786,4.071861966106068,0.0,0.0,752.0272529077332,0.0,8001.113437456631,2530.507776763376,0.0,840.4580058117824,1415.852578591876,0.0,2181.54409721742,3099.361078581081,1263.726589817277,0.0,0.0,0.0,1321.2107412456098,0.0,0.0,0.0,0.0,0.0,1577.3787971332852,0.0,0.0,0.0,0.0,0.0,0.0,0.0,0.0,0.0
220,0.2766886524837206,0.393227565249169,0.9227372061384728,0.7553467317958816,1.7765043590392042,1.4274353774870454,0.6523181526378729,0.8355983005674423,26.804918115926384,0.0,6157.66044431795,0.0,0.0,0.0,944.8539458579344,0.0,9728.06472654045,3214.8546656581584,0.0,1173.994310746519,2060.64851398071,0.0,3491.4452833442638,5002.933989948594,2082.6778894951667,18.446170162554235,0.0,0.0,742.5133521393822,0.0,0.0,0.0,0.0,0.0,885.563857256851,0.0,0.0,0.0,0.0,0.0,0.0,0.0,0.0,0.0
221,0.2961337697940193,0.4220432222230295,0.9356482153836898,0.9234718681451772,1.7054022590702709,1.4739761924861794,0.6540705235185846,0.8082032878924335,1.6905399521469309,0.0,5246.542491732939,0.0,0.0,0.0,597.951746561538,0.0,8620.861665703735,2775.8978789637904,0.0,1249.8592199501936,2100.9563338171797,0.0,4304.242950393855,6408.270090525212,2938.072444770094,161.03680342039922,0.0,0.0,856.3820239605362,0.0,0.0,0.0,0.0,0.0,1014.61804269941,0.0,0.0,0.0,0.0,0.0,0.0,0.0,0.0,0.0
222,0.3134073463825335,0.4278554404727094,0.8944240784346054,1.039954766396095,1.5436595969847444,1.4600577301069888,0.6295906267822886,0.7103706344801679,1.1320689953658565,0.0,4050.017701777742,0.0,0.0,0.0,272.2081036476718,0.0,7371.547342309627,2063.962722489281,0.0,1288.0668385625956,2157.4235469146447,0.0,4209.192122462969,7058.2399190871465,3582.6530729885358,426.4724107314301,0.0,0.0,1276.9296201670124,0.0,0.0,0.0,0.0,0.0,1500.8388239423375,0.0,0.0,0.0,0.0,0.0,0.0,0.0,0.0,0.0
223,0.3141675322191319,0.4024400486552306,0.8328699710407491,1.1304191839335558,1.3373919568570067,1.4160476063903975,0.5884865471703835,0.5953088544774572,0.7257363937684833,11.70035300558918,2798.911477877225,0.0,0.0,0.0,211.32056846895424,0.0,5209.564221348404,1387.148129296684,0.0,960.3179574707216,1590.7451283421633,0.0,2785.543570875375,4913.311019397718,2569.3438491451657,348.19254637245444,0.0,0.0,1375.6044436424618,0.0,0.0,0.0,0.0,0.0,1592.116427706765,0.0,0.0,0.0,0.0,0.0,0.0,0.0,0.0,0.0
224,0.296227638002391,0.3615536344784055,0.751554756002393,1.1967885375715623,1.1095063915526924,1.3847911393825918,0.5398799692568771,0.4707258203314285,139.54472873486043,537.5528165329562,1072.1457801680049,32.816362609664075,0.0,123.05182378443548,106.0729944886932,0.0,1837.284813120053,448.86725668086297,0.0,282.439692708622,478.7438059657408,0.0,814.571877379872,1444.8803967477195,751.3214079338203,96.26098238225002,0.0,0.0,1367.4342001076502,0.0,0.0,0.0,0.0,0.0,1562.562746278574,0.0,0.0,0.0,0.0,0.0,0.0,0.0,0.0,0.0
225,0.2657685296529933,0.3187745555912946,0.639086780437183,1.191545709908197,0.8695275468186325,1.376308405130113,0.5095223148365309,0.3471151550147122,2159.8270263446784,2949.98948677245,4018.799028506872,459.2148141244245,0.0,1278.1810175692844,693.115379493949,0.0,5028.338643146719,714.1195442999256,0.0,56.68795695751293,261.5601877816358,0.0,152.3817426281521,287.2920938906928,141.984401835398,0.0,0.0,0.0,1352.5102031040171,0.0,0.0,0.0,0.0,0.0,1582.114286740782,0.0,0.0,0.0,0.0,0.0,0.0,0.0,0.0,0.0
226,0.2391754230128138,0.2562109519335548,0.5168198265444437,1.13578718321649,0.6510741556349608,1.3338597537538843,0.4844654822135733,0.221660571219472,4669.412647853874,5112.759719502185,7935.677736866959,669.3198766837521,0.0,1779.5373868871322,1566.680123316248,0.0,9691.80207815867,1295.5481754220275,0.0,93.4032365604686,471.8696430719724,0.0,150.06697325229007,402.13473208505775,143.45377846286806,0.0,0.0,0.0,1360.8112757273718,0.0,0.0,0.0,0.0,0.0,1569.174530178026,0.0,0.0,0.0,0.0,0.0,0.0,0.0,0.0,0.0
227,0.2044312476841892,0.1848378363189368,0.3963135765167093,1.073090121626736,0.4899660415720161,1.3183882701059235,0.4572307644776231,0.1237025631651359,4247.884068466736,4355.20531519043,7675.134715462323,517.8037567858115,0.0,1715.9740921004743,1721.6949492230149,0.0,9729.538861849289,1475.1062195804493,0.0,209.9443401523752,774.2079031727777,0.0,147.81956995746424,865.742229033945,144.83298600661445,0.0,0.0,0.0,1347.020555313185,0.0,0.0,0.0,0.0,0.0,1569.321775103548,0.0,0.0,0.0,0.0,0.0,0.0,0.0,0.0,0.0
228,0.1540088061445493,0.1122838538313795,0.302676265243403,0.9796409070381762,0.3956695237166688,1.324460514701439,0.4477833132757473,0.0887998616092271,4005.4647574879673,4326.641528956546,7474.808203920182,420.2423545839812,0.0,1533.1659031802676,1895.3102437819653,0.0,9659.540128106,1685.5527024013954,0.0,503.02314177152266,1067.2353592732925,0.0,322.1695297253881,1234.3315503652773,273.0969195037181,0.0,0.0,0.0,1295.3027908185577,0.0,0.0,0.0,0.0,0.0,1555.956632779899,0.0,0.0,0.0,0.0,0.0,0.0,0.0,0.0,0.0
229,0.1075065276079735,0.0647280437980066,0.222559676974884,0.8130772614378756,0.3221976171755497,1.339758632451831,0.4439373360805317,0.0729464706705647,3901.870853429995,4229.129608038012,7452.870391961989,394.8343179085752,0.0,1493.0677577447311,1934.342123464403,0.0,9669.14475768166,1739.2017561448383,0.0,553.1812932030806,1157.383049347919,0.0,416.4664182043056,1359.393808629472,335.6116373539724,0.0,0.0,0.0,1261.61331479358,0.0,0.0,0.0,0.0,0.0,1542.0046267404289,0.0,0.0,0.0,0.0,0.0,0.0,0.0,0.0,0.0
230,0.0690291194445183,0.0361445318671096,0.1602277527255814,0.6490718267614639,0.2624580512478428,1.3263556060837238,0.4360975615016617,0.0662068497249167,4332.454832766674,4969.570058827907,7894.400377175446,613.6320329680207,0.0,1559.3771800421534,1782.7870523134984,0.0,10171.216759145063,1676.0717601139254,0.0,245.8473845902715,900.0729357362851,0.0,553.3296170352461,818.9064458680087,402.5009493601423,0.0,0.0,0.0,1259.2947636887036,0.0,0.0,0.0,0.0,0.0,1524.0077397735358,0.0,0.0,0.0,0.0,0.0,0.0,0.0,0.0,0.0
231,0.0420899577009966,0.008465339978186,0.1274595519513572,0.4782809696581228,0.2090627804643663,1.268008311448133,0.3879814403788641,0.0580846255866606,4832.60419653337,5568.499965252212,8338.821603697661,842.7015225960427,0.0,1647.285021710731,1653.5378314932595,0.0,10587.371394658772,1563.5857198407257,0.0,188.29446486110984,607.9336816291053,0.0,957.1052721649884,270.096537511796,586.1652820318399,0.0,0.0,0.0,1243.1810408108458,0.0,0.0,0.0,0.0,0.0,1540.770792829364,0.0,0.0,0.0,0.0,0.0,0.0,0.0,0.0,0.0
232,0.0143066987500488,1.3145040611561868e-16,0.1075017227242528,0.3312114882681274,0.1565956342560106,1.2270734496220472,0.325125840583937,0.0535301516529215,4750.965143018724,5168.5345552299,8323.628259028023,824.915553324215,0.0,1647.4009492068028,1689.0769727323689,0.0,10763.316717704616,1658.049804868108,0.0,271.5604657521605,678.5494610986883,0.0,1403.6903749005276,372.9212020706659,789.2975604672702,0.0,0.0,0.0,1175.9920212274233,0.0,0.0,0.0,0.0,0.0,1485.9010497651798,0.0,0.0,0.0,0.0,0.0,0.0,0.0,0.0,0.0
233,5.43112510071814e-05,1.3145040611561868e-16,0.0970634414420022,0.2140530482112121,0.1338296347146405,1.190567623831767,0.2764444428811769,0.0528095159999998,2666.4953689958866,2781.344460892233,7809.907411111423,520.176657828129,0.0,874.1631250006762,1250.99576289916,0.0,11178.066627880717,2366.5627579707607,0.0,409.0046803939117,1051.548748657152,0.0,1836.2578725214844,1590.9226965517985,977.8780463139522,0.0,0.0,0.0,668.8811108496445,0.0,0.0,0.0,0.0,0.0,847.0849532555565,0.0,0.0,0.0,0.0,0.0,0.0,0.0,0.0,0.0
234,-9.947598300641372e-17,1.3145040611561868e-16,0.089440340538738,0.1208064567301009,0.1169129688446528,1.127404017809703,0.2304199780170106,0.0517810512318935,210.37355199011108,189.34055783389437,7501.55405765465,191.21084785544875,0.0,0.0,488.4851054864732,0.0,11993.014807431537,3197.3922975583364,0.0,372.9870012775828,1170.1174598269008,0.0,1809.200629933755,2613.268853543744,855.1219500443734,0.0,0.0,0.0,416.1534165267863,0.0,0.0,0.0,0.0,0.0,520.8996593561338,0.0,0.0,0.0,0.0,0.0,0.0,0.0,0.0,0.0
235,-9.947598300641372e-17,1.3145040611561868e-16,0.0724529789102995,0.0933900926541726,0.0941705041993371,1.0031553448685555,0.1647520495415285,0.0463728108799597,35.117706751641904,0.0,7836.832182827541,162.05441076179585,0.0,0.0,335.73678579222667,0.0,12862.79000615624,3294.242875941939,0.0,138.21969195838545,701.7715713147946,0.0,1510.0695244867975,2073.593718071531,497.61463292964737,0.0,0.0,0.0,1168.6160762376353,0.0,0.0,0.0,0.0,0.0,1381.94868124679,0.0,0.0,0.0,0.0,0.0,0.0,0.0,0.0,0.0
236,-9.947598300641372e-17,1.3145040611561868e-16,0.0558645983521603,0.071393707973423,0.0716894142458487,0.8865060252863818,0.1045867599335546,0.0380118469634551,0.0,0.0,7930.113306442292,132.71585550495828,0.0,0.0,295.6404899909849,0.0,13261.711576246504,3249.700495249763,0.0,0.0,368.9658323894501,0.0,1283.5983622662443,1679.3938189131088,245.30295185039645,0.0,0.0,0.0,2185.874129412173,0.0,0.0,0.0,0.0,0.0,2561.900429370565,0.0,0.0,0.0,0.0,0.0,0.0,0.0,0.0,0.0
237,-9.947598300641372e-17,1.3145040611561868e-16,0.0397840253621271,0.0513597974663133,0.0502160319627918,0.7670133244393387,0.0691004275798006,0.0296781193554816,0.0,0.0,7235.4690757305025,39.94526429694182,0.0,0.0,219.2847634612834,0.0,12045.982746802743,2680.595669485725,0.0,0.0,211.30360349171391,0.0,999.2240887868588,1410.0857205871848,100.5859540759159,0.0,0.0,0.0,4123.952168903445,0.0,0.0,0.0,0.0,0.0,4809.799998957656,0.0,0.0,0.0,0.0,0.0,0.0,0.0,0.0,0.0
238,-9.947598300641372e-17,1.3145040611561868e-16,0.0233465989071727,0.0373100593754164,0.0314132315083069,0.6206450213351621,0.0432867855946843,0.0208180510564783,0.0,0.0,6212.81561023091,0.0,0.0,0.0,144.04841500877893,0.0,9825.14386111988,1831.0801568056063,0.0,0.0,58.77277282036157,0.0,564.8880418148284,1087.0373193950572,47.49987948417576,0.0,0.0,0.0,5853.626132381705,0.0,0.0,0.0,0.0,0.0,6758.585522488382,0.0,0.0,0.0,0.0,0.0,0.0,261.83202210018493,0.0,0.0
239,-9.947598300641372e-17,1.3145040611561868e-16,0.0101264983654492,0.0247075357873765,0.0142227303787389,0.4618154310908778,0.0191319487176079,0.01187025930897,0.0,0.0,5969.3118274912495,0.0,0.0,0.0,81.07417856684935,0.0,9221.14625830033,1602.74401753776,0.0,0.0,144.4439462067141,0.0,550.0281312787807,1160.848004974443,148.9628411287146,0.0,439.1220484295365,0.0,6663.883050528305,0.0,0.0,5.791742416881577,84.43184792673661,0.0,7549.375344105059,66.40201853592639,0.0,0.0,26.50160924088237,0.0,0.0,523.5658630911859,0.0,0.0
240,-9.947598300641372e-17,1.3145040611561868e-16,0.0082994665853451,0.0118579038936889,0.0040971489560597,0.3267290728106359,0.0010477858401554,0.0038346702029711,0.0,0.0,5394.570174838121,0.0,0.0,0.0,151.01700011505525,0.0,7966.314155183218,1226.861092044736,0.0,0.0,579.1854092641809,0.0,819.9753485922978,1614.9615347645044,416.9306394263436,0.0,614.2486981463862,0.0,6793.306722304087,0.0,0.0,39.35784383916689,313.927844662733,0.0,7761.849726044055,151.2356201606108,0.0,0.0,152.19836576455273,0.0,0.0,655.6762388806832,0.0,0.0
241,-9.947598300641372e-17,1.3145040611561868e-16,0.0195845687641203,0.0012121863612969,0.0048099631694365,0.251287215981731,-3.5527136788005095e-18,0.0002028347342191,0.0,0.0,5161.889223259567,0.0,0.0,0.0,261.4925212542276,0.0,7609.992750399603,1116.496248472682,0.0,0.0,783.9286956103228,0.0,914.6178554709376,1814.8917844810744,564.0597716906972,0.0,663.7497906415527,0.0,6756.219481893375,0.0,0.0,72.82441448530012,343.8770901397101,0.0,7742.14046841176,164.93854506985505,0.0,0.0,176.8858694154451,0.0,0.0,650.05267565441,0.0,0.0
242,-9.947598300641372e-17,1.3145040611561868e-16,0.0312398438471767,0.0049016466869422,0.0069103837674431,0.1917026792928728,0.0042679089246102,-1.0125233984581391e-16,4.832299393876238,0.0,4978.527705247567,0.0,0.0,0.0,336.13785640173467,0.0,7370.637273165963,1030.717887893687,0.0,8.00349587110752,930.7602305932348,0.0,962.4687514376408,1953.1504267447249,655.7640021707243,0.0,671.2635500264203,0.0,6763.044586460135,0.0,0.0,74.56294683520684,349.1041162347818,0.0,7745.163646009429,164.78103643371497,0.0,0.0,179.59736092420846,0.0,0.0,650.0302018712117,0.0,0.0
243,-9.947598300641372e-17,1.3145040611561868e-16,0.0428951189302333,0.0917607348911973,0.0109219297051508,0.2277927760514981,0.0269376882458471,-1.0125233984581391e-16,51.915892122995935,0.0,4695.22779209616,0.0,0.0,0.0,435.80949643449134,0.0,7002.235834729129,903.4112805663138,0.0,101.5233757340513,1136.7301825859604,0.0,1030.4886946842933,2159.985423700977,793.6853791583356,0.0,784.6156429901448,0.0,6872.958383339014,0.0,0.0,98.97439147744436,428.7530136699109,0.0,7794.4995878191585,161.34274034886946,0.0,0.0,220.1290924408462,0.0,0.0,650.5177424644768,0.0,0.0
244,-9.947598300641372e-17,1.3145040611561868e-16,0.0552761107627644,0.2489208702849019,0.0175356290631242,0.3725686216833717,0.0532641952823919,-1.0125233984581391e-16,7.587901229638495,0.0,4435.341549707075,0.0,0.0,0.0,380.3017912650752,0.0,6722.83715764689,770.0107358407918,0.0,81.59865497621014,1127.0618166520312,0.0,983.629836684638,2193.4442932216457,814.8737887021522,0.0,821.4473028537424,0.0,6560.697105446769,0.0,0.0,110.93058266074416,466.9022285318882,0.0,7407.720411844109,188.5373925654208,0.0,0.0,248.55694442115453,0.0,0.0,631.139765514834,0.0,0.0
245,-9.947598300641372e-17,0.0039180556193083,0.0713739393089708,0.4330078193832335,0.0240571079648244,0.5767175791940625,0.0804074921743209,-1.0125233984581391e-16,0.0,0.0,3669.650059418088,0.0,0.0,0.0,119.51020771245872,0.0,5784.886371943711,293.9432736002201,0.0,17.232585292259472,559.0479699123281,0.0,431.8213051354453,1577.8256116211542,379.4092790719444,0.0,833.4393260618997,0.0,7348.237426458357,86.03639839487256,0.0,106.27173601203442,518.5084448973563,0.0,8564.85737406199,655.5243993813554,0.0,0.0,375.5317238415274,0.0,178.1625659820854,907.3719097296582,0.0,0.0
