Time,r-biceps,l-biceps,r-lats,l-lats,r-quat,l-quat,r-hamstring,l-hamstring,L1,L2,L3,L4,L5,L6,L7,L8,L9,L10,L11,L12,L13,L14,L15,L16,L17,L18,R1,R2,R3,R4,R5,R6,R7,R8,R9,R10,R11,R12,R13,R14,R15,R16,R17,R18
0,0.1604325963588038,0.3459392724916937,0.2372989296079729,0.0,2.550031443694067,2.5624432732768785,1.3897367955060458,6.728360301944727,674.0226375237668,1754.052215369141,5627.911613434893,225.73374469297715,0.0,0.0,227.71130834816464,0.0,8685.424509469602,3005.3788462550024,0.0,428.8923732906057,1364.7356306002414,0.0,3867.365513302932,5009.665700520457,3034.808999484967,0.0,0.0,0.0,1354.3353255135123,0.0,0.0,0.0,0.0,0.0,1712.324204382873,0.0,0.0,0.0,0.0,0.0,0.0,0.0,0.0,0.0
1,0.1184974931960133,0.3628909022591354,0.1981728502982212,0.0,2.842021113389874,2.750132646317765,1.3468044977893303,6.913456858013685,1162.854080941901,2699.5185257086127,5781.008782839483,135.4470588498489,0.0,0.0,459.6958442581141,0.0,8572.148998464521,2749.9592965958896,0.0,421.18403128229073,1539.2626684907823,0.0,3282.3304714136148,4550.179534229284,2982.1389763982625,0.0,0.0,0.0,1310.1928141217738,0.0,0.0,0.0,0.0,0.0,1643.1830210877,0.0,0.0,0.0,0.0,0.0,0.0,0.0,0.0,0.0
2,0.0752786623853821,0.3690039334198001,0.1539950131495014,0.0,2.9699979215154837,2.9097810704714964,1.2383502106628563,6.896858277858346,2041.834117588026,3831.8770126607774,5583.010087504811,99.901412915742,0.0,0.0,1099.0479235223595,0.0,7885.198924078062,2195.5227741088997,0.0,399.51358780606745,2125.3518733047604,0.0,2907.904409470613,4471.208499433906,3420.2745018240385,0.0,0.0,0.0,1258.6433098018613,0.0,0.0,0.0,0.0,0.0,1561.3101535522114,0.0,0.0,0.0,0.0,0.0,0.0,0.0,0.0,0.0
3,0.0337714684385382,0.3400738501624375,0.111529038976744,0.0,2.9436061873499755,3.00151419613572,1.116105216261255,6.717831858260841,1636.6348698289703,2320.525474575401,4738.773667411842,68.60440947053692,0.0,0.0,843.5784925168357,0.0,7646.381442739368,2338.0693733877843,0.0,253.09874988378905,1891.487326732784,0.0,3939.061806332759,5644.762198169986,4027.8140884604345,0.0,0.0,0.0,1249.0978708144287,0.0,0.0,0.0,0.0,0.0,1541.215315791743,0.0,0.0,0.0,0.0,0.0,0.0,0.0,0.0,0.0
4,0.0022909201055305,0.2951346285448515,0.0686252712558139,0.0,2.857520150091856,3.0240802410381096,0.9871988923783476,6.474706370814154,1213.2967625149906,1266.262122631499,4265.714953388702,38.5057002694678,0.0,0.0,574.7079621946289,0.0,7580.931626450191,2489.706251267892,0.0,112.8540836714126,1645.8039548573822,0.0,4587.033823713453,6300.7972309482,4293.95990785751,0.0,0.0,0.0,1055.1646160311543,0.0,0.0,0.0,0.0,0.0,1297.9729982870515,0.0,0.0,0.0,0.0,0.0,0.0,0.0,0.0,0.0
5,1.7763568394002547e-18,0.2446969404318935,0.0241897330051111,0.0022414624155379,2.80141419221186,3.030121562039355,0.8654090378816792,6.116568864545871,1105.9441447149595,3243.308259467237,6066.664339116663,87.12655302456542,0.0,0.0,391.9974616369105,0.0,8531.938045126752,2499.602615433287,0.0,18.868799453518623,1342.1452694942395,0.0,2635.56399184692,3641.8910189052262,2463.947382196418,0.0,0.0,0.0,1211.1612004142137,0.0,0.0,0.0,0.0,0.0,1464.024525460315,0.0,0.0,0.0,0.0,0.0,0.0,0.0,0.0,0.0
6,0.0001491855829587,0.1942592523189363,0.0039504381129568,0.0076438835880398,2.571686484361152,3.070673190404533,0.7480818270721147,5.701453009620479,2679.6031628873207,6971.372573497078,7555.07931362023,683.7802737309466,0.0,115.20897673000722,646.432805689603,0.0,9072.036688684077,1965.4388546314735,0.0,0.0,814.5493447807885,0.0,600.597824480085,1191.280064885657,684.3105477403599,0.0,0.0,0.0,1268.706970725957,0.0,0.0,0.0,0.0,0.0,1519.8742796985816,0.0,0.0,0.0,0.0,0.0,0.0,0.0,0.0,0.0
7,0.0054899228571428,0.1422742543654478,0.0004308244479187,0.0139241169497752,2.253707871972644,3.090043412902092,0.6390454810154389,5.235489873694743,2777.7114311503283,6676.6566226108425,5938.660067668167,757.5452280918842,0.0,259.9580934338425,596.3216540886184,0.0,6638.307442713144,1151.387846030025,0.0,0.0,380.37877735385086,0.0,0.0,70.4610973205176,0.0,0.0,0.0,0.0,1255.2703695345767,0.0,0.0,0.0,0.0,0.0,1509.7189267214112,0.0,0.0,0.0,0.0,0.0,0.0,0.0,0.0,0.0
8,0.0131585172757475,0.0904981417945852,0.0208796704041846,0.0285854537465187,1.9290371955408203,3.0914442867593133,0.6441749350183081,4.777800060609031,3669.559631701548,8694.089072411123,7146.4914550376,1107.1232986287123,0.0,431.4925559040979,467.721052008544,0.0,7476.902679956814,1075.3383993690068,0.0,0.0,116.6577796249564,0.0,0.0,0.0,0.0,0.0,0.0,0.0,1248.4472913058853,0.0,0.0,0.0,0.0,0.0,1496.2341105161297,0.0,0.0,0.0,0.0,0.0,0.0,0.0,0.0,0.0
9,0.0202793549501661,0.0718376792292358,0.0673609004252492,0.0494752012624584,1.6413750428961016,3.0584360237142865,0.7279306546001219,4.3021065166336445,5292.020160547051,12528.663347637315,9857.277952251525,1688.803700440506,0.0,699.0462537830067,442.5871311903571,0.0,9883.31321737985,1317.1118019851626,0.0,0.0,0.0,0.0,0.0,0.0,0.0,0.0,0.0,0.0,1228.622030967437,0.0,0.0,0.0,0.0,0.0,1466.8931979177178,0.0,0.0,0.0,0.0,0.0,0.0,0.0,0.0,0.0
10,0.0281827022591361,0.0543671220199335,0.1206876964784053,0.0736844019667774,1.3261586728064356,3.012231329778635,0.816602676155273,3.696181701016259,5255.469692027416,11954.332285535958,10667.701937766731,1977.6348519811168,0.0,686.1074765243636,287.03667871059105,0.0,10767.5973937582,1561.8188166473758,0.0,0.0,0.0,0.0,0.0,0.0,0.0,0.0,0.0,0.0,1198.3679558721408,0.0,0.0,0.0,0.0,0.0,1463.5218790308509,0.0,0.0,0.0,0.0,0.0,0.0,0.0,0.0,0.0
11,0.0363208024584717,0.0363776373687707,0.1755984567707641,0.0965365574632079,1.020678069937938,2.88047723572659,0.9178939835931303,3.087655608196789,4641.323928046864,10082.047802603856,11476.158985933334,2147.928868698925,0.0,492.72803634193576,255.5548470837545,0.0,11940.602497070966,1864.95536635448,0.0,0.0,0.0,0.0,0.0,0.0,0.0,0.0,0.0,0.0,1174.1451185521685,0.0,0.0,0.0,0.0,0.0,1444.1451185521685,0.0,0.0,0.0,0.0,0.0,0.0,0.0,0.0,0.0
12,0.044053007839027,0.0190800559734219,0.2283972647441861,0.1152546085315617,0.8827545271457401,2.742722254328597,1.0150022299076042,2.658759903025385,3197.932152302055,6530.5131124847685,11735.769744771022,2116.051524568745,0.0,333.9223011827566,219.8256082762608,0.0,13257.126671572714,2493.4270859425965,0.0,0.0,0.0,0.0,0.0,0.0,0.0,0.0,0.0,0.0,1162.2262630570997,0.0,0.0,0.0,0.0,0.0,1431.9524309719377,0.0,0.0,0.0,0.0,0.0,0.0,0.0,0.0,0.0
13,0.0471070799999999,0.00281081659957,0.2830442490334184,0.13395901142779,0.8385030199382448,2.5874332915544325,1.101188080272816,2.305531409682231,493.3454699817863,1655.2403351524786,10860.117716714274,1770.9847583774265,0.0,320.2655903584197,186.07602899021367,0.0,14842.116297924156,3795.109874564754,0.0,0.0,0.0,0.0,380.8315849724437,172.0826365016535,0.0,0.0,0.0,0.0,1112.6623167034093,0.0,0.0,0.0,0.0,0.0,1419.6624615375622,0.0,0.0,0.0,0.0,0.0,0.0,0.0,0.0,0.0
14,0.0471070799999999,-3.5527136788004985e-17,0.3163201034433713,0.1431377668514046,0.8357706660987628,2.418981917621269,1.1436121466094813,1.9591443991114408,825.0643382486825,1955.341860204229,10535.449467913582,1760.857427573477,0.0,306.7990320766481,149.98619383773465,0.0,14288.625336615816,3741.808088061515,0.0,0.0,0.0,0.0,350.1886824551573,185.70444998952027,0.0,0.0,0.0,0.0,1140.4847470038171,0.0,0.0,0.0,0.0,0.0,1422.9880173721815,0.0,0.0,0.0,0.0,0.0,0.0,0.0,0.0,0.0
15,0.0471070799999999,-3.5527136788004985e-17,0.3283517506843852,0.1422802688883597,0.8440988775683602,2.2264765592405222,1.118252814275684,1.6668529903955316,1731.541784317412,3015.9025813348017,10339.857238864452,1807.6464302980048,0.0,294.59663160257924,150.98114147277624,0.0,13662.812514640224,3489.172381757944,0.0,0.0,0.0,0.0,113.59281912033089,38.40200244207023,0.0,0.0,0.0,0.0,1022.4321980095502,0.0,0.0,0.0,0.0,0.0,1266.9753272063986,0.0,0.0,0.0,0.0,0.0,0.0,0.0,0.0,0.0
16,0.0470105462521007,-3.5527136788004985e-17,0.3418010320664446,0.1368634061661131,0.8595423540598037,2.015316772106317,1.0988855799937476,1.4758515452304015,2737.1405174176234,4214.098939106154,10389.392702820893,1871.6132070847664,0.0,289.58614462693487,329.06614094635995,0.0,13075.063523354052,3080.417233303657,0.0,0.0,0.0,0.0,8.930826951604828,0.0,0.0,0.0,0.0,0.0,1051.7924442522449,0.0,0.0,0.0,0.0,0.0,1308.5463274038016,0.0,0.0,0.0,0.0,0.0,0.0,0.0,0.0,0.0
17,0.0417736590697673,-3.5527136788004985e-17,0.3548619804149685,0.1305118213095971,0.8258136866447701,1.790268980147939,1.0622745305615269,1.318374035095086,3015.5200906406526,4542.344810522816,10322.045700023564,1874.930865651163,0.0,341.18157727909784,415.0542990017471,0.0,12800.517521396006,2901.967990352066,0.0,0.0,0.0,0.0,0.0,0.0,0.0,0.0,0.0,0.0,1127.9293094883,0.0,0.0,0.0,0.0,0.0,1408.7497667186096,0.0,0.0,0.0,0.0,0.0,0.0,0.0,0.0,0.0
18,0.0339485627242524,-3.5527136788004985e-17,0.347302644373224,0.1157109702534814,0.761665295377395,1.5403456975635843,0.9788510284639876,1.177977035049122,2717.366544224203,4538.139122867156,9582.324727684954,1595.7888488639696,0.0,268.07092199735933,398.0629245052036,0.0,11276.002917505994,2211.377646655291,0.0,0.0,0.0,0.0,0.0,0.0,0.0,0.0,0.0,0.0,2490.996486201433,0.0,0.0,0.0,0.0,0.0,2818.667869887636,0.0,0.0,0.0,0.0,0.0,0.0,17.683574324417815,0.0,0.0
19,0.0264364702325581,-3.5527136788004985e-17,0.3105961952292363,0.0936227474551495,0.6771085285429527,1.2869475363034788,0.8756268522055749,1.0522468580738975,2247.1128809081065,4037.501538820958,8759.287951010114,1247.6981089921774,0.0,57.79077491493892,222.7764095996384,0.0,9911.68050268844,1659.970537252845,0.0,0.0,0.0,0.0,0.0,0.0,0.0,0.0,0.0,0.0,4530.822381292183,0.0,0.0,0.0,0.0,0.0,5174.2261069517535,0.0,0.0,0.0,0.0,0.0,0.0,220.97065371014256,0.0,0.0
20,0.018533122923588,-3.5527136788005e-17,0.2694993277919761,0.0694135467508306,0.5628081110830572,1.0221284834620528,0.7735650900605686,0.9855387447975912,1987.072048495632,3704.0600291076894,8286.617015307946,1053.9982268728245,0.0,0.0,123.83263650757158,0.0,9287.736462494657,1418.7756334689086,0.0,0.0,0.0,0.0,0.0,0.0,0.0,0.0,33.633404561673736,0.0,5125.684948782679,0.0,0.0,0.0,0.0,0.0,5955.194835082872,14.620183850545162,0.0,0.0,0.0,0.0,0.0,422.8655551926773,0.0,0.0
21,0.0107862775415282,-3.5527136788004985e-17,0.2201010152292365,0.0477598665367922,0.4407341370099659,0.7933437038908634,0.6712730421205921,0.9586628932819612,1512.9043007564603,2943.3300918236746,7153.430265791184,476.5657035074749,0.0,0.0,92.79276329564844,0.0,7835.9011652667805,805.9579023002121,0.0,0.0,0.0,0.0,0.0,0.0,0.0,0.0,277.5490477124165,0.0,6639.237773740758,60.18335971656127,0.0,0.0,59.44715453405933,0.0,7510.787503900907,382.5567223770753,0.0,0.0,106.77222710254918,0.0,72.13078417070942,963.7492130850444,0.0,0.0
22,0.0031738396966972,-3.5527136788004985e-17,0.1683581834152829,0.0295277951362125,0.324809073577487,0.593198960240768,0.5724478383881186,0.9270673634715594,1261.3145626470116,2508.238825779999,6172.842211057099,27.14011262178951,0.0,0.0,149.0341855125234,0.0,6711.461999914756,311.9252705904883,0.0,0.0,0.0,0.0,0.0,0.0,0.0,0.0,415.8990146386981,0.0,7672.318128509403,411.8719591906565,0.0,0.0,318.80085853356155,0.0,8515.989474827016,783.0787727841915,0.0,0.0,582.7192141715366,0.0,418.3313332888961,1230.880938540236,0.0,0.0
23,1.7763568394002547e-18,-3.5527136788004985e-17,0.1156431905447145,0.0129285720707844,0.2512040501685549,0.4431365340435329,0.4976627299339625,0.9067814773074728,1145.4802886382872,2259.219332609458,5063.71779109633,0.0,0.0,0.0,150.9107427135077,0.0,5442.671484144559,163.1356155365372,0.0,0.0,0.0,0.0,0.0,0.0,0.0,0.0,416.231637355403,0.0,7990.641224147807,531.799424604362,0.0,0.0,357.31920265383064,0.0,8873.844608123936,902.5395338696852,0.0,0.0,613.8841779024136,0.0,495.9434932414525,1285.0593119191535,12.338978993356871,0.0
24,1.7763568394002547e-18,-3.5527136788004985e-17,0.0811364250410825,0.0052735925941171,0.2231275093603438,0.3258366903855486,0.5106070239478169,0.904233297443638,811.02316798959,1624.747166058587,3233.73280900887,0.0,0.0,0.0,230.9411677084314,0.0,3499.7403703079985,0.0,0.0,0.0,335.6017692591724,0.0,0.0,87.3526839050868,0.0,0.0,406.8769685077783,0.0,8209.912880381708,593.1908916824029,0.0,0.0,371.1422909203313,0.0,9140.077942096032,1063.8480793656138,0.0,0.0,618.3397531427032,0.0,588.2136624763957,1353.909369015826,31.355953396727063,0.0
25,1.7763568394002547e-18,-3.5527136788004985e-17,0.0678650013687709,0.0057971608504983,0.2172326892282867,0.2345830262857177,0.6801011800930238,0.8929632555671525,1121.486407117305,2283.941657186762,3953.132799819157,0.0,0.0,0.0,502.4926916226433,0.0,4317.545313167963,0.0,0.0,0.0,423.0795633566186,0.0,0.0,156.1353354713763,0.0,0.0,391.836423111516,0.0,8342.836550936572,589.7925176463975,0.0,0.0,335.0920782715846,0.0,9269.105238305898,1156.4516024335103,0.0,0.0,599.2423050345905,0.0,620.4144524548786,1354.8945065101605,20.15650254355491,0.0
26,1.7763568394002547e-18,-3.5527136788004985e-17,0.0543444525188503,0.0101322821323125,0.2671437754441719,0.1895890306869888,0.9457116345734518,0.8375401528400941,1416.4152157048002,1736.6625559938889,3582.097555214728,0.0,0.0,0.0,1238.044197570254,0.0,3973.545544863216,0.0,0.0,0.0,964.3030004850496,0.0,0.0,307.65506897306824,78.23170443162854,0.0,433.14839714830026,0.0,8018.780400381321,700.3962396717176,0.0,0.0,411.2123913130904,0.0,9019.442742178937,1244.58716873631,0.0,0.0,601.7972326016045,0.0,658.309957959582,1352.158986847394,16.584322330218605,0.0
27,0.0002358933902376,0.000579057129568,0.0441026706907744,0.0365117253051367,0.4459831451093797,0.1901140421722499,1.3845497848987995,0.7620895229087616,1228.7101665938296,432.7052786490351,2925.601466509804,0.0,0.0,0.0,1621.6385981661342,0.0,3178.620025936898,0.0,0.0,0.0,1380.5465114972396,0.0,0.0,190.4929145954265,146.85213756843075,0.0,296.16815131271693,0.0,4354.390990172341,412.02115795889216,0.0,0.0,284.70959300855424,0.0,4903.3010890110245,732.6679075511864,0.0,0.0,373.3133968110004,0.0,418.3650544387335,799.1091166375797,53.07483196399463,0.0
28,0.0054153785182724,0.0026770066445182,0.0613306340730897,0.0900200895715615,0.6905183784996686,0.225136901285585,1.9460193388026576,0.7320820449312907,718.6309852616088,13.868052922208228,2462.238023511647,0.0,0.0,0.0,1067.6203020408202,0.0,2624.9357720558605,0.0,0.0,0.0,943.4944572708364,0.0,0.0,6.433319955160055,5.0981026059758925,0.0,867.4587772199054,0.0,5839.312951224149,764.2347754741268,0.0,0.0,838.2129252202617,0.0,6553.642380420346,1408.9803412621486,0.0,0.0,860.5948244658279,0.0,1029.0347119067403,1573.2560581186513,429.17629500846925,0.0
29,0.0128014457740863,0.0047757798538205,0.0961218361196013,0.1580195837541529,0.9738602676702668,0.3374031563172794,2.548086963844684,0.7848159787375355,390.2100511233607,0.0,2195.8012769398847,0.0,0.0,0.0,514.9288402664405,0.0,2284.4633647093056,0.0,0.0,0.0,455.9502065795354,0.0,0.0,0.0,0.0,0.0,1333.274323179269,22.609778375875965,7198.627744676971,1060.961118116163,0.0,23.36704368033114,1289.4921988238068,0.0,8067.05271490141,1976.2873940834288,0.0,27.9466957596553,1262.943607470204,0.0,1531.1925258770073,2220.998288049962,730.0269305407847,0.0
30,0.0201875130299003,0.0068745530631228,0.1315199526386711,0.2323242275681064,1.268009022622726,0.5376348420350868,3.175620366900199,0.8569851949435151,18.43848807232853,0.0,1593.4836965317174,0.0,0.0,0.0,0.0,0.0,1733.6354847905775,0.0,0.0,0.0,0.0,0.0,0.0,0.0,0.0,0.0,2144.559803110737,519.9127021086656,9486.516096439163,1560.950472725722,0.0,536.9896006683285,2079.3281042240983,0.0,10616.935814221091,2930.044814283589,0.0,636.9615677090917,1969.5543643838828,0.0,2386.964961440252,3333.930694753181,1255.458626795824,0.0
31,0.0271967401196013,0.0088662460066444,0.1733975454617938,0.3028378181262459,1.5576774514740035,0.7881659819791433,3.7820875726588894,0.9379476165383542,0.0,0.0,1244.8948678162792,0.0,0.0,0.0,0.0,0.0,1501.2228089063397,0.0,0.0,0.0,0.0,0.0,0.0,0.0,0.0,0.0,2356.938461174958,696.2481560850559,9730.751062544556,1617.0814164110377,0.0,717.6416115173573,2303.824321925428,0.0,10901.472527732172,3026.7526252853327,0.0,828.1164833606963,2180.857044763921,0.0,2527.361513964197,3557.7732842417167,1399.9209277001285,0.0
32,0.0344320713089701,0.0109221871096345,0.219524879883407,0.3743357467473203,1.838845826158845,1.0612243513453308,4.357887491641949,1.0344111419657684,0.0,0.0,647.2959598451789,0.0,0.0,0.0,0.0,0.0,1067.782402959114,0.0,0.0,0.0,0.0,0.0,0.0,0.0,0.0,0.0,1960.5212443195844,635.5690901535976,7337.503529847192,1206.6618736208284,0.0,630.7400313990446,1957.4149530805823,0.0,8244.348142131741,2261.81023370551,0.0,707.8474988743125,1868.143885110526,0.0,1988.5657914536012,2866.636704023848,1205.7922008269747,0.0
33,0.0422400284758496,0.0127359620730896,0.2682956093782259,0.431465706395604,2.014347120170973,1.3415481242721747,4.79039491615538,1.1444997478351586,0.0,0.0,500.7318773303277,0.0,0.0,0.0,0.0,0.0,928.7080394951136,0.0,0.0,0.0,0.0,0.0,0.0,0.0,0.0,0.0,2218.0617186824743,1345.8357799603789,6770.711754097763,743.4172359404643,0.0,601.1640328623104,2652.8527005036426,0.0,7759.794488150783,1989.167911418226,0.0,1012.236145143957,2795.378998564353,0.0,2495.049662067338,3944.8794891072826,2036.0937256852949,0.0
34,0.0453637766644517,0.0128924639999999,0.2915344588283495,0.4571877215127344,2.106363812068665,1.604590598279075,5.045600051630121,1.1853168718914675,0.0,0.0,318.63377118157547,0.0,0.0,0.0,0.0,0.0,662.3363180414347,0.0,0.0,0.0,0.0,0.0,0.0,0.0,0.0,0.0,3019.998634080047,2294.305886866668,7731.843767286779,579.16446158884,0.0,826.520528579385,3596.286975946105,0.0,8882.225642674006,2027.604461833924,0.0,1333.9573263542206,3865.3174348975735,0.0,3024.8201698366024,5090.429864796823,2784.812766955434,0.0
35,0.0453715559999998,0.0128924639999999,0.2915680319999996,0.4630591368837196,2.1301207353457743,1.7875371778045008,5.140169103627143,1.1747860862683344,0.0,0.0,266.8904765484447,0.0,0.0,0.0,0.0,0.0,548.2454530974921,0.0,0.0,0.0,0.0,0.0,0.0,0.0,0.0,0.0,3187.741051225144,2462.822685886,7962.989758774178,700.3647710719163,0.0,879.9017848358758,3405.927338709477,0.0,8969.83799853378,1980.6556129978208,0.0,1168.4375307443458,3561.088072320209,0.0,2738.1875553398227,4674.659514946196,2490.942651357257,0.0
36,0.0453715559999998,0.0128924639999999,0.2909727638645644,0.4588332255862009,2.0871700723192186,1.869981657844633,5.077673017202802,1.1840844833146222,0.0,0.0,366.9100497847746,0.0,0.0,0.0,0.0,0.0,744.7015308696957,0.0,0.0,0.0,0.0,0.0,0.0,0.0,0.0,0.0,3259.616050330593,2529.032166025594,8094.709391289774,788.0613383446046,0.0,883.2826897620904,3254.405284745791,0.0,9011.397365797657,1977.726644333828,0.0,1059.4492883408332,3340.9612484685445,0.0,2541.9012435662144,4404.359866002966,2315.645222649604,0.0
37,0.0451310372491693,0.0123020528090677,0.2885318138635912,0.4321706552057838,1.9039784102966568,1.8614861021309383,4.769158756354895,1.204144964428371,0.0,0.0,330.06621119630245,0.0,0.0,0.0,0.0,0.0,667.1712177536929,0.0,0.0,0.0,0.0,0.0,0.0,0.0,0.0,0.0,3464.284262868524,3204.171464527338,8330.387939060724,808.439558640589,0.0,977.199705039236,3056.8251488325504,0.0,9143.412792932511,1886.910662579984,0.0,876.4883104660166,2995.8605178039397,0.0,2176.865297394668,3859.463975479904,1865.5523569817744,0.0
38,0.0401069135481727,0.0102582894617939,0.2591111797475079,0.380677723779069,1.6610062595930222,1.812767413659471,4.382933109926908,1.1630687120232488,0.0,0.0,214.34405542353056,0.0,0.0,0.0,0.0,0.0,443.5700128362109,0.0,0.0,0.0,0.0,0.0,0.0,0.0,0.0,0.0,3885.977684555249,4653.001904500845,8839.512786198396,895.2417162364181,0.0,1148.3261202602826,2674.226563248427,0.0,9399.821048568294,1716.5493023807169,0.0,563.469631936042,2376.566884246278,0.0,1505.903824116137,2968.111453047805,1145.1877423644871,0.0
39,0.0327962143255814,0.0081809323056478,0.2121309486777407,0.3156981580465108,1.3736082341832,1.6949001005752269,3.922801553673332,1.0607164027944886,0.0,0.0,277.0760306040555,0.0,0.0,0.0,0.0,0.0,619.4946685882029,0.0,0.0,0.0,0.0,0.0,0.0,0.0,0.0,0.0,4347.124218429598,6597.441957964745,9854.925614075526,1170.8416295004142,0.0,1279.355182301426,2073.772643615845,0.0,9913.65016189796,1603.465204060192,0.0,245.06438896975925,1660.1303420531826,0.0,791.7984759581858,2225.9753237847044,564.4664094566642,0.0
40,0.0252594110033222,0.0060393269900332,0.163697720770764,0.2421422523986707,1.0813485458049652,1.5093224782864998,3.3939143052546394,0.948109233279649,0.0,0.0,318.2182449246603,0.0,0.0,0.0,0.0,0.0,746.2517025349199,0.0,0.0,0.0,0.0,0.0,0.0,0.0,0.0,0.0,3173.533284371399,4557.677051961913,10507.863821500949,1359.3782671301667,0.0,970.6115028714116,1563.532809428506,0.0,10624.362071941929,2296.781123154231,0.0,301.74519265577254,1657.14623814681,0.0,1671.6723764906376,2828.763023386186,792.7176222618125,0.0
41,0.0182501839136212,0.0040476340465116,0.1186548188172756,0.1737352601461789,0.8192234568865702,1.276585747124827,2.8626016520645448,0.821769966811573,0.0,0.0,297.98083320719775,0.0,0.0,0.0,0.0,0.0,733.9106963378985,0.0,0.0,0.0,0.0,0.0,0.0,0.0,0.0,0.0,995.008225310044,1242.9842012659112,10199.55966041843,1462.4771401931334,0.0,681.8979610377313,933.3136163457248,0.0,11012.188005225224,3517.613423277434,0.0,559.4891063370485,1853.2769728238463,0.0,3700.757696761165,4467.55150044177,1540.0351269186929,0.0
42,0.011090220757475,0.0020131089966776,0.0729880383283395,0.1050037789431447,0.5813026602447197,1.031389147260332,2.3273738177616763,0.6611712195348771,0.0,0.0,273.6088869090663,0.0,0.0,0.0,0.0,0.0,700.5549623854113,0.0,0.0,0.0,0.0,0.0,0.0,0.0,0.0,0.0,712.4977299171242,839.8136844814902,9183.004049657558,1329.2641469715263,0.0,379.1293756298004,789.269713726042,0.0,9976.766639232606,3280.7215426257208,0.0,545.9561831843109,1690.472345823806,0.0,3515.5314095913195,4174.744817999604,1454.782392957466,0.0
43,0.0035081142458471,0.0001873904651162,0.0259748238687707,0.0491297644435215,0.4511561700448512,0.8122253521220973,1.888906647879569,0.4908000300847137,0.0,0.0,231.16424849013853,0.0,0.0,0.0,0.0,0.0,652.3518045889156,0.0,0.0,0.0,0.0,0.0,0.0,0.0,0.0,0.0,510.5780244419368,634.8620408349899,5634.433152470517,813.7467864288379,0.0,198.793446970942,487.0750173896931,0.0,6086.258737090736,1957.3158573885116,0.0,511.09852359754586,1000.395477697291,0.0,2048.9106158239338,2463.619491386797,849.7823487790165,0.0
44,3.2040314206875496e-05,-3.5527136788004985e-17,0.0002192702287291,0.0225735810565909,0.3648596155263255,0.6099476781467464,1.493738700435161,0.3967107173678653,0.0,0.0,176.1955382383254,0.0,0.0,0.0,0.0,0.0,611.4244145278557,0.0,0.0,0.0,0.0,0.0,0.0,0.0,0.0,0.0,2469.8054199922926,3677.3439912083895,9512.680352055895,1339.1378204618538,0.0,599.863236131364,897.7750910881161,0.0,9507.40438580132,2090.869455041011,0.0,531.9857210091766,890.3648302176163,0.0,1090.8951589150452,2014.367044528997,497.2605238017648,0.0
45,-5.3290705182007346e-18,-3.5527136788004985e-17,4.263256414560587e-17,0.0136362599999999,0.3396271214583397,0.4733234228404021,1.165444694075482,0.3574588192193966,0.0,0.0,146.54550934162694,0.0,0.0,0.0,0.0,0.0,584.9127871837336,0.0,0.0,0.0,0.0,0.0,0.0,0.0,0.0,0.0,2571.67205575655,3596.7021066586403,11223.03330824861,1665.7299113610193,0.0,505.7746071079527,1238.7515148530465,0.0,11424.228056935115,2788.4405697903903,0.0,552.1504331682164,1336.866946241222,0.0,1785.5878206642976,2821.8395593822006,796.4701729627667,0.0
46,-5.3290705182007346e-18,-3.5527136788004985e-17,0.0040704998017276,0.0136362599999999,0.3496084848789374,0.4150912303901703,0.978915236665514,0.3268980784178009,0.0,0.0,124.4810850460834,0.0,0.0,0.0,0.0,0.0,568.5054534404132,0.0,0.0,0.0,0.0,0.0,0.0,0.0,0.0,0.0,1581.030829390873,1753.7987548080146,10767.69221282584,1726.484150572941,0.0,136.7331968773035,1419.1590832272332,0.0,11445.22705340749,3432.4155070696243,0.0,571.5424026000134,1884.9398001742277,0.0,3010.9892558466795,3874.132125041882,1295.2158605508275,0.0
47,0.0167842653712624,-3.5527136788004985e-17,0.0368245258754153,0.0136362599999999,0.3839010113820604,0.4848484093828945,0.9406016519277404,0.361437081727569,0.0,0.0,112.62545435328784,0.0,0.0,0.0,0.0,0.0,556.7723997773593,0.0,0.0,0.0,0.0,0.0,0.0,0.0,0.0,0.0,1043.2292490220996,861.283874120374,10397.608079214437,1694.9406278165334,0.0,0.0,1514.7327916351214,0.0,11421.491931972836,3780.8455609745656,0.0,661.6981046533637,2180.026457263051,0.0,3720.748199108624,4527.383492996972,1580.6169046524622,0.0
48,0.1052557827906977,-3.5527136788004985e-17,0.0822747103654485,0.013293767888372,0.4733695826718945,0.5940402780988742,0.947342867408371,0.4129723425647782,0.0,0.0,106.21988603392026,0.0,0.0,0.0,0.0,0.0,554.8167638408522,0.0,0.0,0.0,0.0,0.0,0.0,0.0,0.0,0.0,548.6628586981807,274.64665439727594,9128.991929748096,1369.6212503020868,0.0,0.0,1976.489963005146,0.0,10690.67575444502,3875.285688078704,0.0,1079.989899264241,2821.776650652154,0.0,4747.00470683318,5818.993262682966,2349.53615075261,0.0
49,0.2074886073089702,-3.5527136788004985e-17,0.130803486817276,0.0111898877740863,0.5844396613314119,0.6916314366777447,0.9750350102591352,0.4649016867545852,0.0,0.0,103.85062674271548,0.0,0.0,0.0,0.0,0.0,494.1614940753022,0.0,0.0,0.0,0.0,0.0,0.0,0.0,0.0,0.0,569.8099417884863,158.33140735555443,8224.231111350944,1134.371967292261,0.0,0.0,2500.636157601172,0.0,9889.80251362935,3560.601246708654,0.0,1336.9407624166158,3335.9785635106578,0.0,5050.155933964681,6462.15317909211,2913.478147208133,0.0
50,0.3126990869102988,-3.5527136788004985e-17,0.1807457227774091,0.0087888187375415,0.7022031185284284,0.7725548531463716,1.026876825267974,0.5169287242028396,0.0,0.0,68.1187860644269,0.0,0.0,0.0,0.0,0.0,350.779017492142,0.0,0.0,0.0,0.0,0.0,0.0,0.0,0.0,0.0,792.2235601689171,76.86853595636258,7981.506905384551,1037.8945575538037,0.0,0.0,2783.5590588613604,0.0,9631.531437323158,3266.206659800218,0.0,1380.0724603232406,3514.832818400067,0.0,4722.940531831418,6341.169452585088,2947.5410230000834,0.0
51,0.4089766012624576,-3.5527136788004985e-17,0.2264475802126252,0.0065916140531561,0.7869047740129888,0.8474285994681418,1.0937582705889437,0.5920710510443921,0.0,0.0,166.9466044373379,0.0,0.0,0.0,0.0,0.0,602.0680611971169,0.0,0.0,0.0,0.0,0.0,0.0,0.0,0.0,0.0,958.8243936480336,150.10800674065493,8331.659794057188,1199.462888364961,0.0,0.0,2729.6532030685785,0.0,9874.024968260634,3250.139598660055,0.0,1198.1153609164803,3314.53123482841,0.0,4192.995600562568,5791.323306039985,2705.1315303022498,0.0
52,0.5032690122259125,-3.5527136788004985e-17,0.2678622539026781,0.0044397125581395,0.840640991308191,0.9129737915974268,1.1500121915270642,0.6902362761047435,0.0,0.0,462.89239366328974,0.0,0.0,0.0,0.0,0.0,910.558740935302,0.0,0.0,0.0,0.0,0.0,0.0,0.0,0.0,0.0,840.5798297763066,142.6043618073451,9706.313459818732,1755.6332762153636,0.0,0.0,1954.4316913923085,0.0,11094.5830944775,3707.180991205401,0.0,739.5274314075475,2478.893673941595,0.0,3368.507756297876,4565.250676914698,1804.4393411246192,0.0
53,0.5817580748297335,-3.5527136788004985e-17,0.2823047138347184,0.0025596301993354,0.8761385854547373,0.9194036203704388,1.174574452260796,0.7904587226374523,0.0,0.0,869.8142969139283,0.0,0.0,0.0,0.0,0.0,1289.4960711253184,0.0,0.0,0.0,0.0,0.0,0.0,0.0,0.0,0.0,839.3159054952828,120.22831368000604,9792.099951998844,1750.6328872675654,0.0,0.0,1668.386588928695,0.0,10930.362220489596,3385.9949098918,0.0,526.4880585886987,2099.606387217997,0.0,2771.714339868439,3798.259176597396,1430.167046398143,0.0
54,0.5974866281609124,-3.5527136788004985e-17,0.2836342080000008,0.0008075785930954,0.8698663062865846,0.9204042523273204,1.2125746197755292,0.9496305574242312,0.0,0.0,1455.480288382881,0.0,0.0,0.0,0.0,0.0,1760.84358748407,0.0,0.0,0.0,0.0,0.0,0.0,0.0,0.0,0.0,529.1110233628812,128.95011796993157,5296.726539614459,907.6033454203272,0.0,174.2695433680801,909.3499173965243,0.0,5816.054522573866,1644.794758576789,0.0,225.712331658998,1081.2063342683032,0.0,1283.6784653725786,1815.8161682275515,680.2375551648397,0.0
55,0.5975161199999994,-3.5527136788004985e-17,0.2848415637371271,-4.973799150320686e-17,0.8302140731399523,0.9263766435193148,1.2737769696085943,1.2169302573139462,0.0,0.0,1949.2764104652024,0.0,0.0,0.0,0.0,0.0,2358.634504047453,0.0,0.0,0.0,0.0,0.0,0.0,0.0,0.0,0.0,1033.5653320046222,512.6253922108779,6647.055970721303,986.608680382839,0.0,218.03009748035373,1471.7524266594296,0.0,7125.348186304078,1593.01049125103,0.0,200.632801947038,1478.1041532123618,0.0,1201.3079061592296,1975.0858109822511,755.5510681468114,0.0
56,0.5975161199999994,-3.5527136788004985e-17,0.2834158758551076,-4.973799150320686e-17,0.7619654352963245,0.9658899702850764,1.3002166005191298,1.613563616035145,0.0,15.97325293236667,1860.1522663327005,0.0,0.0,0.0,0.0,0.0,2299.3047164406203,0.0,0.0,0.0,0.0,0.0,0.0,0.0,0.0,0.0,1754.550571467148,1059.3039285316947,8556.619814070244,1090.4907576742933,0.0,260.78846335632073,2275.3496044797566,0.0,8977.640242609814,1505.2163950775555,0.0,160.52441578863449,2042.9782236653225,0.0,1074.1375501970108,2191.368863615635,857.4287517606634,0.0
57,0.5804477315581389,-3.5527136788004985e-17,0.2522995644210218,1.1044992448913677e-06,0.6897819246115983,0.9424047703455192,1.246087380631533,1.922954526614309,55.07530079883544,251.06862165489767,2086.6010408008124,0.0,0.0,0.0,0.0,0.0,2591.118624615844,0.0,0.0,0.0,0.0,0.0,0.0,0.0,0.0,0.0,1968.4932544080448,1219.3921981483568,8492.346504344698,919.9475081530252,0.0,236.04490932173965,2482.6634200715434,0.0,8861.916907277455,1132.7046633268308,0.0,66.60328074954589,2117.03882843023,0.0,781.5520805300747,1949.486867202745,752.9835950621072,0.0
58,0.4932528889036534,0.0077189043775649,0.2101689087308979,0.0098679552440882,0.5745301054086386,0.9003807162681297,1.1584505686949376,2.186594370568686,156.0886672105283,525.297364571827,2659.006048360774,0.0,0.0,0.0,0.0,0.0,3311.102486297555,0.0,0.0,0.0,0.0,0.0,0.0,1.8787527626003735,0.0,0.0,2003.762016135025,1214.822179491385,8176.3397818969825,772.4748496837334,0.0,215.44560999369008,2510.342718845141,0.0,8488.216766669633,868.8981862888754,0.0,20.515496893479465,2076.7758398770443,0.0,621.3044424134313,1753.1415565039697,673.9443555084368,0.0
59,0.3900275126910293,0.0359855588571428,0.1634390807441866,0.0335391866312291,0.4406280669353736,0.8626883225359536,1.0328748432091774,2.4426054094755787,485.75262475181125,1839.475285124436,3583.5809513729537,0.0,0.0,0.0,5.594080271729818,0.0,4526.071046393204,5.195641505937096,0.0,0.0,4.016262759190639,0.0,0.0,70.33463255832505,0.0,0.0,1482.9297992742388,865.6387757073458,5846.5101613575,292.1536136806805,0.0,148.54754569425637,1856.914262614717,0.0,6027.717519397858,298.12463644203746,0.0,0.0,1498.079497073303,0.0,236.2819006994117,1189.8168949824235,459.888921069534,0.0
60,0.2868021364784054,0.0683237991229235,0.1165466135000981,0.0573538377408637,0.3351794339237844,0.8271354887488815,0.8785670933046711,2.7403080723095483,1173.4992513173638,3832.7750406573305,4175.219130883503,0.0,0.0,0.0,182.0216635274715,0.0,5264.592402068092,169.05715757822142,0.0,0.0,130.6822199684411,0.0,0.0,222.27178830791087,0.0,0.0,763.6055526761592,445.7380025012526,3010.4326700200995,0.0,0.0,49.05667375085656,956.1452980644784,0.0,3103.745451482552,0.0,0.0,0.0,771.3784472993593,0.0,0.0,612.6642954187583,236.77570154409185,0.0
61,0.1865544153488373,0.0997292055348837,0.0693847174485052,0.0804815277607972,0.3268746854982063,0.8416337232462507,0.8070800252292366,3.18371293327574,1616.52,4972.26,4468.54,17.06,0.0,7.1,367.66,0.0,5596.54,357.78,0.0,0.0,272.04,0.0,20.2,344.4,15.42,0.0,329.78777963777554,192.14038529476807,1300.2159357629075,0.0,0.0,0.0,412.1831158872534,0.0,1340.528783663038,0.0,0.0,0.0,332.5358114270268,0.0,0.0,264.1100767109822,102.07382734131178,0.0
62,0.0902769009966777,0.1298908334750831,0.0273124078371386,0.1026932696611295,0.396296369998728,0.9062152770345704,0.9674813825415992,3.7608819976599928,2342.1767734551418,4851.071705226693,5766.657517585557,770.7140054236318,0.0,287.6750953466078,1197.9292906179433,0.0,7711.675095346608,2022.3071277234144,0.0,183.4023264695857,1294.4981227225387,0.0,1259.953381644203,2027.009271975496,1042.3632172236346,116.59332146870992,21.00001991689272,0.0,97.88024917356664,0.0,0.0,0.0,0.0,0.0,100.9675294515535,0.0,0.0,0.0,0.0,0.0,0.0,0.0,0.0,0.0
63,0.0099140013734609,0.1603624854336525,0.0139745884174322,0.1251255193847957,0.5464892723885094,1.0727132895360605,1.2690378504623816,4.469769051993741,2241.980802123429,3762.428888257829,5478.326975246371,534.2976264152722,0.0,94.28533910278124,1237.8663824835503,0.0,7518.257894567135,2330.533274518443,0.0,710.2339102804744,1410.8575670461144,0.0,1978.0576136956563,3426.0841420624306,1821.9892083156412,451.5489326538832,0.0321822850691455,0.0,39.875206185805176,0.0,0.0,0.0,0.0,0.0,41.167322447210616,0.0,0.0,0.0,0.0,0.0,0.0,0.0,0.0,0.0
64,-2.3092638912203212e-17,0.1835001402171429,0.0129910931617277,0.1377714138721594,0.8223704447011296,1.2610673549437912,1.6038512026373446,5.287835493757071,864.2198615375606,1792.2706743498618,4502.119668626263,41.30241046943056,0.0,7.270461768027101,636.0254327144264,0.0,7199.930319832485,2397.275279215067,0.0,1036.2224830929524,1655.8793878943804,0.0,3390.224050176147,5478.080863297693,3412.179976092922,960.3640982830636,0.0,0.0,468.3471733124699,0.0,0.0,0.0,0.0,0.0,589.5884762585948,0.0,0.0,0.0,0.0,0.0,0.0,0.0,0.0,0.0
65,-2.309263891220321e-17,0.18718866,0.0113286802724253,0.1378501919999999,1.1435898775605955,1.4436815882487404,1.9291370640996677,6.233201451744905,412.8415544309874,839.7270635913138,3844.5128942954702,0.0,0.0,0.0,323.65828654358324,0.0,7040.640719615356,2505.09377398916,0.0,1086.6079771838308,1518.7172660447518,0.0,4650.481312795161,7335.387435717434,4583.676438754669,1183.3203444553017,0.0,0.0,1243.7128153632518,0.0,0.0,0.0,0.0,0.0,1569.6293890815466,0.0,0.0,0.0,0.0,0.0,0.0,0.0,0.0,0.0
66,-2.309263891220321e-17,0.1871886600000001,0.0091458902392027,0.1378501919999999,1.4683330650697672,1.619272233187157,2.274223126524915,7.256478840194901,424.0158942000477,217.66575369098305,3326.9082739271366,0.0,0.0,0.0,337.401250377261,0.0,6916.527398583411,2548.925563589155,0.0,1098.6395969271075,1415.8646999027942,0.0,5500.557842014534,8651.83027102281,5472.88072136448,1340.1932527468086,0.0,0.0,762.2151169576088,0.0,0.0,0.0,0.0,0.0,959.6605030220148,0.0,0.0,0.0,0.0,0.0,0.0,0.0,0.0,0.0
67,-2.309263891220321e-17,0.1871803746038695,0.006853960704319,0.1385308057979284,1.7346685207363686,1.7755577097314867,2.549774357243693,8.20986828446746,451.4130054829299,1124.600792839513,3310.7101242265016,0.0,0.0,0.0,364.6878751688044,0.0,6837.872814046419,2222.976823909942,0.0,1095.2459206259105,1894.2045642057328,0.0,4417.520788466422,7562.325069635848,5387.424687859419,1203.294884172333,0.0,0.0,863.2674709961962,0.0,0.0,0.0,0.0,0.0,1070.5348563050898,0.0,0.0,0.0,0.0,0.0,0.0,0.0,0.0,0.0
68,-2.309263891220321e-17,0.1773496309634551,0.0045926555037925,0.1308246075837772,1.9357663505133824,1.9322020230133552,2.644566561439476,8.979977588777533,478.0551487517879,2048.799053787215,3919.431693343858,0.0,0.0,0.0,391.2076779784315,0.0,6907.260791617545,2174.32005781367,0.0,1039.3508479670977,2212.6900652843983,0.0,3828.370927704914,6738.389000516039,4959.169122149989,926.2483016256097,0.0,0.0,1062.507648574571,0.0,0.0,0.0,0.0,0.0,1304.9924661485152,0.0,0.0,0.0,0.0,0.0,0.0,0.0,0.0,0.0
69,-2.3092638912203212e-17,0.1502702672890365,0.004663757421927,0.1131212401594684,2.0713413606061595,2.056303341301726,2.7080963139087846,9.619537611297188,270.29097200361,1422.764693240518,3698.325573031581,0.0,0.0,0.0,222.86011777081396,0.0,6715.513324004726,2239.9967886085205,0.0,795.708126568517,1947.1131040117295,0.0,4699.345957572178,7767.948479150529,5518.6603598523725,743.0728075593257,0.0,0.0,1116.194263329603,0.0,0.0,0.0,0.0,0.0,1355.1740982227195,0.0,0.0,0.0,0.0,0.0,0.0,0.0,0.0,0.0
70,-2.309263891220321e-17,0.1207305285847175,0.0068929489036546,0.0957495262724252,2.128646067768611,2.16137444844167,2.780036708264213,10.076152696915385,0.0,293.3734795379953,2304.318011362469,0.0,0.0,0.0,0.0,0.0,6092.62823890717,2047.13997201384,0.0,260.4788825371013,1249.8764887968016,0.0,6121.002225986476,9595.591237417842,6828.867992300134,583.4936047209527,0.0,0.0,1148.4225917687356,0.0,0.0,0.0,0.0,0.0,1352.8885134129314,0.0,0.0,0.0,0.0,0.0,0.0,0.0,0.0,0.0
71,-2.309263891220321e-17,0.0883922883189368,0.0109666666046512,0.0767320710697674,2.077601964324199,2.199645057629792,2.7850253623699586,10.154493685013223,0.0,211.1390092966088,2624.3473085752757,0.0,0.0,0.0,0.0,0.0,6322.153791793057,2128.867376722231,0.0,85.47976629664714,1350.934699760952,0.0,5034.564882138287,7973.178516603444,5823.039447828097,247.3765709640365,0.0,0.0,1173.6106716183433,0.0,0.0,0.0,0.0,0.0,1350.8916741077703,0.0,0.0,0.0,0.0,0.0,0.0,0.0,0.0,0.0
72,-2.3092638912203212e-17,0.0572978265249169,0.0153734313887044,0.0595414297369053,1.9601488322383536,2.1822090482977354,2.584587875324805,9.849805272025447,0.0,775.0426451326505,3444.977737674598,0.0,0.0,0.0,0.0,0.0,6699.747485147553,2319.1900676718483,0.0,159.68132777078884,1559.2910950454807,0.0,4208.874903127736,6635.158667220958,4878.202911500462,103.42739868550396,0.0,0.0,1173.6750167104967,0.0,0.0,0.0,0.0,0.0,1370.271952898156,0.0,0.0,0.0,0.0,0.0,0.0,0.0,0.0,0.0
73,-2.309263891220321e-17,0.0268261745663474,0.0196920608770765,0.0476646241711939,1.797118070907955,2.0938376811967983,2.307733354646869,9.36527766055814,0.0,1796.9646321757286,4149.954269350064,0.0,0.0,0.0,0.0,0.0,6938.300006601991,2451.6364081687075,0.0,320.1052810547774,1665.6840008717008,0.0,4127.106345571812,6307.570483915976,4589.731147974517,173.7364306061447,0.0,0.0,1200.2026145756715,0.0,0.0,0.0,0.0,0.0,1378.0,0.0,0.0,0.0,0.0,0.0,0.0,0.0,0.0,0.0
74,-2.309263891220321e-17,0.0035466536373626,0.0242302207505751,0.0433056988842319,1.5601820606588304,1.9262822345167432,1.976752933764894,8.625465431891895,0.0,2286.8776294155327,4501.541406483859,0.0,0.0,0.0,0.0,0.0,7033.403823997809,2524.962169521266,0.0,472.81110227164976,1793.6171117534009,0.0,4170.0236924994015,6341.693658435915,4582.357202994959,245.22565100016175,0.0,0.0,1193.5576923076924,0.0,0.0,0.0,0.0,0.0,1376.0192307692307,0.0,0.0,0.0,0.0,0.0,0.0,0.0,0.0,0.0
75,-2.309263891220321e-17,-4.973799150320685e-17,0.0265278195512997,0.0509504378471759,1.267866508641002,1.7205454250725063,1.6049931560132975,7.575304895892122,0.0,2343.3450761144923,4028.94052045896,0.0,0.0,0.0,0.0,0.0,6893.609003857902,2515.2368181532934,0.0,656.0244504703356,1777.3947673832463,0.0,4994.61967132103,7686.531936410753,5486.816420862837,438.2067276501117,0.0,0.0,1162.585788029447,0.0,0.0,0.0,0.0,0.0,1364.086255227371,0.0,0.0,0.0,0.0,0.0,0.0,0.0,0.0,0.0
76,-2.309263891220321e-17,-4.973799150320687e-17,0.0265287240000002,0.058146231707641,1.0067399393940215,1.5327372047920294,1.2582930095920295,6.432422617751492,0.0,3776.012520791488,2993.6858071238244,0.0,0.0,0.0,0.0,0.0,6481.829727964249,2335.870455210577,0.0,675.7907001911768,1446.611069025321,0.0,6020.2214913943535,9378.512812186917,6633.926394883668,863.5000541103018,0.0,0.0,1134.058544598515,0.0,0.0,0.0,0.0,0.0,1356.8300571702066,0.0,0.0,0.0,0.0,0.0,0.0,0.0,0.0,0.0
77,-2.3092638912203212e-17,-4.973799150320686e-17,0.0265287240000002,0.0646911093432556,0.8147139421156158,1.3723381492672455,0.9783208423471104,5.358190737312949,0.0,5301.725879468339,2253.671159312473,0.0,0.0,0.0,0.0,0.0,6187.074652588672,2206.5033172897656,0.0,690.0731030139445,1210.1567036134877,0.0,6751.10623555295,10585.194061207443,7452.450072308327,1167.6944044032375,0.0,0.0,1098.7771992332805,0.0,0.0,0.0,0.0,0.0,1329.7538838737953,0.0,0.0,0.0,0.0,0.0,0.0,0.0,0.0,0.0
78,-2.309263891220321e-17,-4.973799150320687e-17,0.0265279313884537,0.0671947162043501,0.6629693287642456,1.1777560901992128,0.834929356626092,4.314701383255056,495.1850812538699,6676.402478159701,3208.6119633860176,20.453296834398973,0.0,45.033136012580194,265.89285884718663,0.0,6447.448378072596,2021.0345585028604,0.0,716.2026084071259,1510.2402892396915,0.0,5105.938007903895,8155.148480143571,5935.1456661902175,838.095226387678,0.0,0.0,1059.214620741784,0.0,0.0,0.0,0.0,0.0,1308.9792315072086,0.0,0.0,0.0,0.0,0.0,0.0,0.0,0.0,0.0
79,-2.309263891220321e-17,-4.973799150320687e-17,0.0243746455984814,0.063440939003322,0.5500033285063414,0.9937554984327096,0.7307017308837227,3.3169050832840146,2804.2428372235177,7965.922110417392,5258.1624977159445,124.18061651179669,0.0,291.6048320499624,1503.1108308228022,0.0,7007.361421112095,1623.649892802141,0.0,757.9710704086319,2147.2347825396632,0.0,1601.098524723394,2965.647699898848,2671.1040734742114,130.03746533829892,0.0,0.0,981.6749666884266,0.0,0.0,0.0,0.0,0.0,1231.2943859947611,0.0,0.0,0.0,0.0,0.0,0.0,0.0,0.0,0.0
80,-2.309263891220321e-17,-4.973799150320687e-17,0.0200569574750831,0.0589205043986708,0.493667123112349,0.8291593792750703,0.6372373008450748,2.460857176867851,4508.1850032652665,9033.027860647231,5825.0542257764055,385.54462266197993,0.0,891.0831937996679,2284.373659534163,0.0,7201.606281669054,1376.9750525020695,0.0,335.0256446928913,1989.711639368864,0.0,703.0883206512784,1585.1242622291204,1503.8555286039948,10.93881498120821,0.0,0.0,620.2740315477963,0.0,0.0,0.0,0.0,0.0,774.6597778405529,0.0,0.0,0.0,0.0,0.0,0.0,0.0,0.0,0.0
81,-2.309263891220321e-17,-4.973799150320687e-17,0.0155620573953489,0.0542155622591359,0.4666541508837235,0.6756591017880024,0.5174200811960162,1.8316862593084664,5204.489661724864,9123.65207977626,6294.315308193832,664.536131209921,0.0,1118.9213346827885,2479.52248026924,0.0,7612.01520861438,1371.2428503051642,0.0,21.827700577431223,1650.0739718131972,0.0,242.55212802034063,773.8952667710018,776.4871664862715,0.0,0.0,0.0,968.2192897623188,0.0,0.0,0.0,0.0,0.0,1184.770982746559,0.0,0.0,0.0,0.0,0.0,0.0,0.0,0.0,0.0
82,-2.309263891220321e-17,-4.973799150320686e-17,0.0111112249634551,0.0484010008654483,0.4409224369709324,0.5300257451187731,0.3967145208463494,1.4316696744019908,4797.849318694261,7834.398632460922,6805.532919018954,907.1075189358148,0.0,963.0770058722018,2212.0754752872967,0.0,8350.310599300474,1718.8750856279387,0.0,0.0,1357.0606415971715,0.0,355.0824096221257,616.215808159735,503.21455585259423,0.0,0.0,0.0,1123.5270856216853,0.0,0.0,0.0,0.0,0.0,1358.622351253707,0.0,0.0,0.0,0.0,0.0,0.0,0.0,0.0,0.0
83,-2.3092638912203212e-17,-4.973799150320685e-17,0.0069247984186047,0.0381022430372516,0.3902987885394802,0.3992662788497942,0.2816106889087459,1.0792532010472846,3998.144742705615,6322.96783709839,7271.285207297663,1143.9655023414414,0.0,701.9168205323937,1884.0236513413872,0.0,9299.97354485061,2117.638860564496,0.0,0.0,1218.6331322554322,0.0,538.935726433247,598.2561782486588,404.7093617978389,0.0,0.0,0.0,1161.8790161379848,0.0,0.0,0.0,0.0,0.0,1393.580617366608,0.0,0.0,0.0,0.0,0.0,0.0,0.0,0.0,0.0
84,-2.309263891220321e-17,-4.973799150320686e-17,0.0025621012823921,0.0301117944318936,0.3350662852793267,0.3164774045842096,0.2032251178213662,0.7646791070700208,2967.6688207864727,4622.104365786116,7746.377121091818,1374.7288021973948,0.0,384.2941687417506,1486.5766241279284,0.0,10198.022515167146,2572.9657714772816,0.0,0.0,1111.1611252483335,0.0,710.624420638925,591.2852215628834,323.62580372727786,0.0,0.0,0.0,1288.95816279982,0.0,0.0,0.0,0.0,0.0,1565.5694100632068,0.0,0.0,0.0,0.0,0.0,0.0,0.0,0.0,0.0
85,-2.309263891220321e-17,-4.973799150320686e-17,9.678408637994576e-06,0.0223163510830564,0.2816159984344507,0.2491721827291106,0.1661379152890379,0.5202532571216434,2676.66789215108,4093.825455998332,7800.207533051319,1372.3827743094544,0.0,267.8193377581159,1391.8891472738324,0.0,10253.978352987337,2639.5968299327988,0.0,0.0,1093.9634396558454,0.0,712.63333279876,572.3810180295288,307.0402343556433,0.0,0.0,0.0,1869.6150677308449,0.0,0.0,0.0,0.0,0.0,2083.644418994706,0.0,0.0,0.0,0.0,0.0,0.0,0.0,0.0,0.0
86,-2.309263891220321e-17,-4.973799150320686e-17,1.2079226507921736e-16,0.0152704695946843,0.2332345274978657,0.1908594538804009,0.1314892123654499,0.3630761550412881,2054.220596978363,3147.778375543659,7633.865442372289,1133.14162012608,0.0,105.3668765798657,1049.3225670537258,0.0,9945.749053867034,2441.273804407577,0.0,0.0,864.1707831787537,0.0,526.1880613828349,371.40388491028375,165.07731062764958,0.0,0.9828314067874454,0.0,1795.8083868535853,0.0,0.0,0.0,0.0,0.0,1899.7948460083355,0.0,0.0,0.0,0.2260169785643602,0.0,0.0,1.5512983528735635,0.0,0.0
87,-2.309263891220321e-17,-4.973799150320685e-17,1.2079226507921736e-16,0.0082995442923587,0.1871908403674037,0.1332152638804007,0.0972091126644537,0.2496788619104912,1393.2374125932886,1978.2710405677483,7259.903777627907,714.7984392974759,0.0,0.0,658.7147561380511,0.0,9297.271682187333,1963.989043467065,0.0,0.0,533.2127956898112,0.0,202.941287452486,97.25090227919044,11.597652235825777,0.0,166.08026441594873,0.0,731.110080211129,0.0,0.0,0.0,2.5910175075871984,0.0,778.8251123193929,0.0,0.0,0.0,40.809347564457845,0.0,0.0,261.8791246407769,0.0,0.0
88,-2.309263891220321e-17,-4.973799150320685e-17,1.2079226507921736e-16,0.0012203555996374,0.1350909207540932,0.0757679742712192,0.0611704929147709,0.2052637789112617,1052.095564907518,1303.4188532772382,7008.526248284891,424.62794731840376,0.0,0.0,413.0711259908174,0.0,8886.624880255406,1633.0124952950412,0.0,0.0,309.2278369837274,0.0,3.948493255458039,0.0,0.0,0.0,343.94142287813764,0.0,3047.4832514371315,0.0,0.0,0.0,107.1402723311574,0.0,3353.804118817669,0.0,0.0,0.0,142.17177843832962,0.0,0.0,536.5509014972463,0.0,0.0
89,-2.309263891220321e-17,-4.973799150320686e-17,1.2079226507921736e-16,-7.638334409421063e-17,0.1000496226378753,0.0455582336526983,0.0562412959557904,0.2564687841060531,882.03098736982,1113.6400154488938,6906.616591935329,315.0898561411815,0.0,0.0,293.1808729953567,0.0,8679.278864447992,1487.1317508036154,0.0,0.0,256.7876242341004,0.0,0.0,0.0,0.0,0.0,418.596336507421,0.0,6630.803230514662,9.641504028649807,0.0,0.0,179.22583760614373,0.0,7297.8604009658175,49.08402050948993,0.0,0.0,227.9096649575425,0.0,0.0,636.1686671549879,0.0,0.0
90,-2.3092638912203212e-17,-4.973799150320685e-17,1.2079226507921736e-16,-7.638334409421063e-17,0.0691845597209317,0.0300951452907354,0.094942778993428,0.3435802118671062,801.7135901901027,1059.538388535,6825.122389885611,267.0809695007591,0.0,0.0,278.17611079864537,0.0,8527.114382646463,1345.1580029663933,0.0,0.0,273.5345750950886,0.0,0.0,0.0,0.0,0.0,429.5264115380288,0.0,7045.521513937141,40.115452487849225,0.0,0.0,185.2632583387966,0.0,7730.067957957593,179.70898163315948,0.0,0.0,206.8308718595263,0.0,0.0,632.6688198743419,0.0,0.0
91,-2.309263891220321e-17,-4.973799150320685e-17,1.2079226507921736e-16,0.0014402699519248,0.0409178244870051,0.0375238807387165,0.207757729249953,0.4287293409568075,784.8077528271257,1067.194952222608,6731.81478252014,249.37172796892787,0.0,0.0,276.9148112777579,0.0,8326.45009452699,1246.211839103392,0.0,0.0,298.7410130323969,0.0,0.0,0.0,0.0,0.0,323.82581328720505,0.0,7773.416450684495,194.68274217031467,0.0,0.0,66.95931566145109,0.0,8446.344849236055,417.78752076119343,0.0,0.0,67.95154942867548,0.0,0.0,549.5684269260349,0.0,0.0
92,-2.309263891220321e-17,-4.973799150320687e-17,1.2079226507921736e-16,0.011369453142857,0.0373236891857341,0.0623276927742769,0.4049977379236524,0.5049378946903997,777.1926449706614,1112.3257158297756,6532.054253437826,157.30989404558835,0.0,0.0,304.93842433603976,0.0,7714.740695225462,996.5345356960494,0.0,0.0,332.65402896461086,0.0,0.0,0.0,0.0,0.0,337.88270762344337,0.0,8256.602921742075,362.3146045439578,0.0,0.0,107.73739140242816,0.0,8905.65482495091,572.643085931221,0.0,0.0,66.21087372286085,0.0,0.0,569.694469024996,0.0,0.0
93,0.0001801144983388,-4.973799150320687e-17,1.2079226507921736e-16,0.0219844022591361,0.0655780414564795,0.1043081315907001,0.6235545628172774,0.5540346130604614,786.3960658822502,1185.0890597799444,6272.088990535474,61.329741393286014,0.0,0.0,347.27146169591447,0.0,7024.4647705963,707.9123865712415,0.0,0.0,371.685727522744,0.0,0.0,0.0,0.0,0.0,352.0404670573266,0.0,8534.874313193153,473.5293238886994,0.0,0.0,174.65661691615747,0.0,9254.402959236337,769.3779217251832,0.0,0.0,199.00338346936653,0.0,54.89980674304854,745.521365948828,0.0,0.0
94,0.0036259025382059,0.0015814931561461,1.2079226507921736e-16,0.0322744039534883,0.1339541836098349,0.2134019749586735,0.874154955449304,0.5601157013541493,887.0319485721545,1374.957085864744,5772.217624213827,11.588391517372926,0.0,0.0,448.95278888016304,0.0,6269.249847711653,371.6898103966195,0.0,0.0,428.6112660080142,0.0,0.0,0.0,0.0,0.0,408.4961084192448,0.0,8730.225484384788,598.5777387603919,0.0,0.0,286.2681092148068,0.0,9448.941554427058,950.2254753686522,0.0,0.0,328.25119608699185,0.0,275.69511478638543,924.262568710006,0.0,0.0
95,0.0085466525980066,0.006570609847176,1.2079226507921736e-16,0.0434309321063123,0.2502071681318883,0.4349653081369046,1.2213392969708536,0.5675507877487588,1097.7114300732885,1655.1840412354886,4729.787269486589,0.0,0.0,0.0,672.2419418093652,0.0,4981.950706327531,84.58686096023922,0.0,0.0,567.1398383836565,0.0,0.0,0.0,0.0,0.0,535.9738632834786,98.1406808394666,9069.282788130073,837.6400539987301,0.0,0.0,480.34971964891474,0.0,9864.51148477089,1258.542169614007,0.0,0.0,495.67760480711775,0.0,553.1438306486995,1211.2769428952386,48.6579846178868,0.0
96,0.013228531295681,0.0114139326378737,1.2079226507921736e-16,0.0540458812225914,0.3815881050976751,0.7597332959335574,1.642794558221929,0.5641578166485022,1019.576820924184,1318.9104919543925,3042.358490096699,0.0,0.0,0.0,671.6228884191983,0.0,3114.8836669040197,0.0,0.0,0.0,496.6477886863383,0.0,0.0,0.0,0.0,0.0,710.3770246663084,248.7472353676988,9505.509323719703,1125.2168200947249,0.0,17.543689776376368,704.8578565884346,0.0,10444.51692767193,1695.751948776266,0.0,103.11174304731875,690.6850739316006,0.0,912.0965548763264,1592.9395954587403,152.25741833514087,0.0
97,0.0176715386312292,0.0160101471229235,1.2079226507921736e-16,0.0717003796769104,0.5177895939144522,1.1471754608571452,2.111920520902826,0.5405854552325554,0.0,0.0,1360.2660880665342,0.0,0.0,0.0,0.0,0.0,1514.7658414821806,0.0,0.0,0.0,0.0,0.0,0.0,0.0,0.0,0.0,1105.9068983836246,357.2225647138303,10258.42085698143,1480.2633552010302,0.0,146.83717563529123,975.1450817543532,0.0,11565.917095411782,2814.6977751651098,0.0,402.9744323125249,1012.2466765326758,0.0,1856.4009072284296,2445.253394244564,481.85184237960135,0.0
98,0.0220667716943521,0.0205569399468438,0.0040812183116884,0.0983816415747508,0.6478133495055879,1.55155536714618,2.6133834631395376,0.4759145346378709,0.0,0.0,1138.241002482226,0.0,0.0,0.0,0.0,0.0,1441.189483445767,0.0,0.0,0.0,0.0,0.0,0.0,0.0,0.0,0.0,1532.8043457558333,559.3609273504779,10672.7615818225,1657.497855822519,0.0,274.9887278806184,1158.1916509715309,0.0,12138.124044226535,3406.9016562500296,0.0,403.0162542474832,1174.151719674954,0.0,2330.62444307559,2889.8242182936524,700.5373534909075,0.0
99,0.0262709076677741,0.0249060461262457,0.0170677706710964,0.1243675509966776,0.7838721373319245,2.068064947837512,3.165139992218366,0.4107141844983363,0.0,0.0,893.3186554839584,0.0,0.0,0.0,0.0,0.0,1285.212053970822,0.0,0.0,0.0,0.0,0.0,0.0,0.0,0.0,0.0,2583.3312038294653,1621.7654168592303,10852.61427159368,1665.1857499591345,0.0,647.9473007121737,1294.994308604779,0.0,12117.62280868651,3054.424199206096,0.0,266.139654711044,985.5933313018246,0.0,1794.56669961475,2445.1567288967067,484.4759858494069,0.0
100,0.0287405629873754,0.0289475299215945,0.0305565893820599,0.1513549537727571,0.9344807300039876,2.607405332063787,3.7195316555641216,0.343531888465114,0.0,0.0,594.4885919439118,0.0,0.0,0.0,0.0,0.0,1037.276698475574,0.0,0.0,0.0,0.0,0.0,0.0,0.0,0.0,0.0,3901.650019517685,3240.999131206024,10652.25357276433,1541.3730774025794,0.0,1083.628063821908,1725.7498509091342,0.0,11585.221346048162,2519.471767569541,0.0,210.22275970316247,1095.7991959926146,0.0,1416.7681105009365,2267.5764362894524,393.5362210018727,0.0
101,0.028760112,0.0298577511512162,0.0467734837873755,0.1897188763397274,1.0740836848344242,3.149409238717182,4.298439637113066,0.2632815841086661,0.0,0.0,518.9645053789534,0.0,0.0,0.0,0.0,0.0,977.7627565816588,0.0,0.0,0.0,0.0,0.0,0.0,0.0,0.0,0.0,3963.856078407709,3407.275147185642,10439.863850840127,1461.102078971774,0.0,1081.7539994359342,1855.771034529983,0.0,11335.725305693257,2454.2134206051765,0.0,269.7671483137728,1279.1784446592856,0.0,1538.6995924089929,2434.655353801473,516.5765921269599,0.0
102,0.028760112,0.0642856585028435,0.0651122148438539,0.2360720159290495,1.204109072542374,3.617894162886651,4.764464987879726,0.1943429480416651,0.0,0.0,328.9934812108719,0.0,0.0,0.0,0.0,0.0,789.6687217086749,0.0,0.0,0.0,0.0,0.0,0.0,0.0,0.0,0.0,2843.051850420003,2491.8528389080184,8881.596880174004,922.8297391537797,0.0,547.986353774164,2171.7185906760064,0.0,10215.677594346967,2644.425911723266,0.0,865.179252412201,2209.074487716596,0.0,2927.877738566159,4070.041060888672,1814.1123673943248,0.0
103,0.0285759920859879,0.1527294067774086,0.0817837885315614,0.2760835310807107,1.3154828901645506,3.8968809570498335,5.025194471352751,0.1607950703263594,0.0,0.0,297.8483857190441,0.0,0.0,0.0,0.0,0.0,778.9887016785093,0.0,0.0,0.0,0.0,0.0,0.0,0.0,0.0,0.0,2009.1184655726893,1681.1999777038377,6612.702765472736,22.149618803703454,0.0,32.70882729225798,2379.8957625832363,0.0,8477.43485927295,2178.5591712266696,0.0,1370.2322945200938,3016.614974333112,0.0,4280.519781202009,6370.253997360581,3217.026287977657,0.0
104,0.0279791449203262,0.2388337417587433,0.0911280019063725,0.2972202226445178,1.4033286818007862,4.0393737699754775,5.11627705260888,0.19683027196472,0.0,0.0,248.06130358682583,0.0,0.0,0.0,0.0,0.0,699.9261383477469,0.0,0.0,0.0,0.0,0.0,0.0,0.0,0.0,0.0,1988.1555514594493,1930.768346019384,5939.946188619207,0.0,0.0,0.0,2445.57987219568,0.0,7756.828361880647,1849.252574985508,0.0,1372.80253088775,3335.163359886901,0.0,4474.672093365104,7000.655235833422,3642.45357378926,0.0
105,0.0654370834014279,0.3214178916279067,0.0912389759999998,0.3155189081351521,1.4639528834144349,3.9093684847277914,5.007392505858205,0.2485306855907223,0.0,0.0,136.1466914071083,0.0,0.0,0.0,0.0,0.0,394.0311946005677,0.0,0.0,0.0,0.0,0.0,0.0,0.0,0.0,0.0,2182.5369006477304,2316.995687934685,5579.222176734019,0.0,0.0,0.0,2557.132781258593,0.0,7114.867628270205,1552.0238859289395,0.0,1362.152161891137,3553.208186459346,0.0,4337.077959065465,7246.039930427944,3882.480117860024,0.7963772972333976
106,0.124781457408638,0.4006506987508303,0.0912389759999998,0.3305909385655978,1.5022820172277465,3.647301966184288,4.815655233610416,0.3148571324927755,0.0,0.0,161.77320017187003,0.0,0.0,0.0,0.0,0.0,552.8980788418963,0.0,0.0,0.0,0.0,0.0,0.0,0.0,0.0,0.0,2667.329801661134,3037.6412206483506,5358.251873998007,0.0,0.0,0.0,2820.7971817113576,0.0,6766.314518011787,1404.786692431512,0.0,1376.706963686701,3831.575980748797,0.0,4122.820861893574,7411.561094501495,4263.524726555705,6.49715254482818
107,0.1872179011495019,0.4829475855026831,0.0912361722711473,0.3296591912254029,1.528098943878355,3.298829129475595,4.535636755135449,0.3805336432685881,0.0,0.0,184.43702854144337,0.0,0.0,0.0,0.0,0.0,697.7603096922778,0.0,0.0,0.0,0.0,0.0,0.0,0.0,0.0,0.0,2763.253856200072,3270.887636219177,5232.824679034007,0.0,0.0,0.0,2817.800432315301,0.0,6762.686283713278,1505.559159253207,0.0,1310.1327918199263,3783.040080203825,0.0,4351.809685282323,7611.85429618108,4302.520072031439,6.169021414622151
108,0.2484179796677744,0.5235134039796422,0.0845973356590089,0.3104645443361847,1.532819304335901,2.9461067130981844,4.151430242910305,0.4757985251748037,0.0,0.0,164.912170951617,0.0,0.0,0.0,0.0,0.0,680.016316879964,0.0,0.0,0.0,0.0,0.0,0.0,0.0,0.0,0.0,3162.760445410601,4545.350767943936,4436.355377209325,0.0,0.0,0.0,2621.257266920692,0.0,6962.915808775275,2357.453042486437,0.0,851.1082346208,3235.765319453209,0.0,6210.764803910204,9006.077849617586,4343.9143404643,1.0048170119013575
109,0.309183995488763,0.5253810871096345,0.0697759722657808,0.2835017870197382,1.4907619473371108,2.456056255054132,3.63806582274302,0.6213612639515305,0.0,0.0,149.12448413072428,0.0,0.0,0.0,0.0,0.0,659.7007035819294,0.0,0.0,0.0,0.0,0.0,0.0,0.0,0.0,0.0,3523.0661364345806,5694.624446743213,3866.331863539802,4.180895706992622,0.0,0.0,2444.030402497145,0.0,7178.343843072958,3061.741902552602,0.0,685.1958671902797,2742.2666113280043,0.0,7625.191126330438,10002.952814358572,4296.814079807694,0.0
110,0.3743473717166672,0.5294765575941824,0.0540137571428572,0.2503537546437664,1.432510237651852,2.007910894742303,3.0602274579111213,0.9105855429993068,0.0,0.0,99.18291600047851,0.0,0.0,0.0,0.0,0.0,611.8100497849389,0.0,0.0,0.0,0.0,0.0,0.0,0.0,0.0,0.0,4125.431619232138,7616.078216910189,5994.561671511264,340.1068379184199,0.0,69.1240399453496,2147.780152770695,0.0,8234.7703108664,2847.262161909664,0.0,532.0689299013324,1951.801763781331,0.0,4573.969723173995,6319.451772925442,2491.0264245136527,0.0
111,0.4008982777389647,0.5361353582420497,0.0396155798671097,0.2134533899601328,1.3736345139553885,1.7039678575215929,2.572263984085436,1.2390304621737027,0.0,0.0,62.58494997217638,0.0,0.0,0.0,0.0,0.0,579.0373686397754,0.0,0.0,0.0,0.0,0.0,0.0,0.0,0.0,0.0,4387.854443894438,8605.087826030682,8010.102643132038,890.2870596994613,0.0,704.2006437128125,1905.5484121450968,0.0,8603.390406180217,1705.321639760009,0.0,260.97857903567274,1704.6026898011903,0.0,1243.720991721474,2848.4628951128902,1037.9810764712197,0.0
112,0.4009060439999993,0.5045928133810567,0.0252174025913621,0.1676976271690585,1.2877432199729226,1.4950872145281746,2.1824082586610705,1.557420688704314,0.0,0.0,40.22342511720879,0.0,0.0,0.0,0.0,0.0,559.2073525647043,0.0,0.0,0.0,0.0,0.0,0.0,0.0,0.0,0.0,3467.044529677129,7017.032038352977,6453.314396812661,703.8481600822323,0.0,897.5587584053267,1333.98985696338,0.0,6381.8489996627095,786.6604377233201,0.0,38.15565754865631,1200.7371459683964,0.0,142.10815125836854,1305.8632097991228,396.1136098447487,0.0
113,0.4009060439999993,0.4249266186976742,0.0091520679468439,0.1182368017042562,1.190736409749641,1.363134223388953,1.8322186611466236,1.906976989593174,0.0,0.0,20.518850581211368,0.0,0.0,0.0,0.0,0.0,548.8156150858265,0.0,0.0,0.0,0.0,0.0,0.0,0.0,0.0,0.0,3752.146383552334,7179.907897435017,8248.295698104463,1140.8502091304676,0.0,912.4740280078264,1004.18200658419,0.0,7574.11902099381,801.1085537110215,0.0,0.0,683.8873528701131,0.0,42.99776883368507,818.3654871232906,88.84736740506733,0.0
114,0.3979876464576894,0.3451586040562829,6.389284033625501e-05,0.0862729227508306,1.086035124405708,1.2735336226890737,1.6151083326191171,2.2054452295509024,0.0,0.0,10.363315729847494,0.0,0.0,0.0,0.0,0.0,542.8959546840958,0.0,0.0,0.0,0.0,0.0,0.0,0.0,0.0,0.0,4613.066279511996,8356.752124230286,11493.541995341398,1708.0788639213258,0.0,1070.6765901521587,977.60996539376,0.0,10255.716844129623,1121.7561274694567,0.0,0.0,530.2224337974532,0.0,73.4125991431756,738.893066268166,0.0,0.0
115,0.3560563642676409,0.2632551860332228,1.2079226507921736e-16,0.0572208605246512,0.9667881494575424,1.362196000709101,1.536305909994424,2.4132026803598623,0.0,0.0,353.2542051823326,0.0,0.0,0.0,0.0,0.0,428.089510312934,0.0,0.0,0.0,0.0,0.0,0.0,0.0,0.0,0.0,4164.072097808311,6269.359120205613,12369.481374356074,1962.074083589122,0.0,880.8929406082996,663.3539608341621,0.0,11075.266276316985,1393.1335959078378,0.0,0.0,206.69894550713596,0.0,105.98751692773897,575.1087461412262,0.0,0.0
116,0.2907991133222594,0.1812933765598009,1.2079226507921736e-16,0.0312011302126245,0.8364740215141198,1.4479354070182695,1.463443460952664,2.4519638063820586,0.0,0.0,1034.0703538002108,0.0,0.0,0.0,0.0,0.0,716.9005463547327,0.0,0.0,0.0,0.0,0.0,0.0,0.0,0.0,0.0,3471.737089006568,4033.162221783101,12607.256729319,1999.2060876439311,0.0,584.717949843466,375.6780750787973,0.0,11497.779624502013,1624.5883568582922,0.0,0.0,0.0,0.0,137.41562441880953,593.2411110995553,0.0,0.0
117,0.2301970369036549,0.1025895224841224,1.2079226507921736e-16,0.013192288744186,0.712878689958743,1.5188799916554097,1.3958484633201025,2.41221208867496,0.0,0.0,1586.202737226672,0.0,0.0,0.0,0.0,0.0,1583.792669557277,0.0,0.0,0.0,0.0,0.0,0.0,0.0,0.0,0.0,2724.0,2352.0,12816.0,2026.0,0.0,285.0,228.0,0.0,11838.0,1819.0,0.0,0.0,0.0,0.0,162.9132194603025,549.0,0.0,0.0
118,0.1636013485315617,0.0517871089980764,1.2079226507921736e-16,0.0024799269326805,0.5950955135114548,1.580052182356354,1.3117706688784825,2.3230328839062757,0.0,0.0,2425.13452110862,0.0,0.0,0.0,0.0,0.0,3041.665762434719,9.234464328737657,0.0,0.0,0.0,0.0,0.0,35.20639525331231,0.0,0.0,2641.0485383970117,2012.633435918891,12618.627753823746,1948.0120629737075,0.0,243.87777603609013,195.1022208288721,0.0,11632.042587768125,1731.2148734749376,0.0,0.0,0.0,0.0,168.30121677513486,469.78561068004734,0.0,0.0
119,0.0950077895083057,0.0435165963189367,1.2079226507921736e-16,3.4165409215700384e-05,0.4861358294794171,1.6350470948701408,1.2378012978815611,2.1775784295244787,0.0,0.0,3784.1880929495705,0.0,0.0,0.0,0.0,0.0,5174.101393079567,620.3694677025377,0.0,0.0,0.0,0.0,0.0,264.5981294705804,0.0,0.0,2037.1405502863463,27.531490437846,11181.753252272509,1380.2913340876316,0.0,3.336086213769606,2.668868971015689,0.0,10132.619522782425,1092.173324495178,0.0,0.0,0.0,0.0,2.317702001145199,6.426355548629873,0.0,0.0
120,0.0334944381747915,0.036895085522815,1.2079226507921736e-16,4.263256414560587e-17,0.3973113409866437,1.654786757168076,1.1835347107904346,1.9176603878052696,0.0,0.0,4743.509352479586,0.0,0.0,0.0,0.0,0.0,6395.076987946537,1159.4671649656711,0.0,0.0,0.0,0.0,0.0,271.9659706489704,0.0,0.0,1536.5667665517444,0.0,9990.813671638129,909.7105699997098,0.0,0.0,0.0,0.0,8889.8063703262,562.5113307005629,0.0,0.0,0.0,0.0,0.0,0.0,0.0,0.0
121,0.0058654098111058,0.0287650835837683,1.2079226507921736e-16,4.263256414560587e-17,0.3453333129162321,1.7081253223846669,1.131824921307317,1.574162467626716,128.5260768569377,0.0,5624.5531460834045,495.964700977659,0.0,0.0,5.393905155194978,0.0,7422.57454599834,1563.2666199633188,0.0,0.0,107.27907525975488,0.0,38.98629661543368,254.57231695294425,0.0,0.0,904.154749130182,0.0,7675.301732400813,424.7189418457366,0.0,0.0,0.0,0.0,6651.910727488031,39.160106102673126,0.0,0.0,0.0,0.0,0.0,0.0,0.0,0.0
122,0.0190701716411959,0.0217611810897009,1.2079226507921736e-16,0.0006749786680875,0.3195854203567989,1.7835867364039335,1.0687486127554753,1.242105626238572,294.1759977971375,0.0,6440.768342782717,842.6918733016125,0.0,0.0,57.94375710935231,0.0,8289.148675295446,1803.6351070465148,0.0,0.0,196.51152860522535,0.0,16.209235091519293,208.3352440126056,0.0,0.0,711.9119590108016,0.0,6937.805751135143,307.35122864991604,0.0,0.0,0.0,0.0,5732.528366342415,0.0,0.0,0.0,0.0,0.0,0.0,0.0,0.0,0.0
123,0.0315903257940198,0.0153363651428571,1.2079226507921736e-16,0.0113742726310879,0.2907244287800956,1.921312169296385,1.0498243543858112,1.045273776072946,313.31158102108503,0.0,6965.479451259517,843.7198510165374,0.0,0.0,33.94177893496062,0.0,8822.677158501378,1831.8263250076836,0.0,0.0,107.63183213335525,0.0,1.0024208657407627,85.3347406259555,0.0,0.0,667.6953812422202,0.0,7106.408192716663,216.85079380056425,0.0,0.0,0.0,0.0,5586.939893337825,0.0,0.0,0.0,0.0,0.0,0.0,0.0,0.0,0.0
124,0.0438600768637873,0.0156838188016415,0.000688673081884,0.0298376657213211,0.2629042922392036,2.1315182738237226,1.0582935670002014,0.983754977839357,280.8532953943825,0.0,7276.291901652949,830.8245201178004,0.0,0.0,0.0,0.0,9157.63505241194,1742.7879195086234,0.0,0.0,0.0,0.0,0.0,0.0,0.0,0.0,747.6755009708095,0.0,7358.49915966851,138.99709250278784,0.0,0.0,0.0,0.0,5743.504169363058,0.0,0.0,0.0,0.0,0.0,0.0,0.0,0.0,0.0
125,0.0565054325581394,0.0691001310498338,0.0028055029634552,0.0896523100433223,0.2411412331263805,2.3669672007755445,1.0781953146179466,1.0546693024831872,270.1785763951821,0.3553827884961386,7369.392824073278,855.240384666867,0.0,0.0,0.0,0.0,9238.79545513663,1682.2934600356275,0.0,0.0,0.0,0.0,0.0,0.0,0.0,0.0,846.0730662662276,0.0,7421.574945824453,50.57289788263896,0.0,0.0,0.0,0.0,5859.290475467103,0.0,0.0,0.0,0.0,0.0,0.0,0.0,0.0,0.0
126,0.0685875215189086,0.1399331397624937,0.0059532071167033,0.1741958279669188,0.2482966687676554,2.648207906510776,1.097109457518349,1.3477847627955026,328.7924909112004,25.237620651495995,7600.401556801095,921.0148079853049,0.0,0.0,0.0,0.0,9420.04365332936,1652.838072132059,0.0,0.0,0.0,0.0,0.0,0.0,0.0,0.0,950.6428580557124,0.0,7198.35802623605,3.1900856258270918,0.0,0.0,0.0,0.0,5722.616111071521,0.0,0.0,0.0,0.0,0.0,0.0,0.0,0.0,0.0
127,0.0752803016986516,0.214667927282392,0.0161287591096346,0.2635690135813953,0.2928027175321488,2.9732002048317328,1.1095810411952376,1.8092060277889368,489.9624977243765,268.00390269433825,8159.543961795532,1138.1887223349197,0.0,0.0,0.0,0.0,10248.328548022158,1874.8778932927623,0.0,0.0,0.0,0.0,0.0,0.0,0.0,0.0,864.4281358092117,0.0,5686.958519771918,0.0,0.0,0.0,0.0,0.0,4555.620905178019,0.0,0.0,0.0,0.0,0.0,0.0,0.0,0.0,0.0
128,0.0765047472688474,0.2973051582044467,0.0280488519269104,0.3587147402131355,0.4343660450914909,3.358124557366976,1.1880879738821937,2.471171017531048,591.1013281855137,434.99671736428434,8593.521228751733,1333.9467566934666,0.0,0.0,11.875592489627303,0.0,11127.69231429721,2217.9335757131794,0.0,0.0,1.401979668914335,0.0,17.895858126730033,0.0,0.0,0.0,342.034859405817,0.0,2268.146763247332,0.0,0.0,0.0,120.813762342131,0.0,1823.3151650547568,0.0,0.0,0.0,0.0,0.0,0.0,0.0,0.0,0.0
129,0.0809831576212623,0.3889319992026573,0.0439048470744578,0.4766835986734409,0.7011855320719189,3.7757399541129497,1.4061480096150154,3.331920564926321,1543.419982808602,2010.2730627784244,9607.71324344625,1811.8150094730415,0.0,41.37652610557603,295.28576911021787,0.0,12866.383201591358,3095.669721526164,0.0,0.0,70.36957303309185,0.0,119.05981097294364,0.0,0.0,0.0,280.219372633262,0.0,2665.7889820800733,0.0,0.0,0.0,0.0,0.0,2284.161285969064,0.0,0.0,0.0,0.0,0.0,0.0,0.0,0.0,0.0
130,0.0855117484150868,0.4731705745632195,0.080299636666797,0.6032222222474094,1.0320837580723103,4.201539527315215,1.7107297501934804,4.347354779097125,2190.345043731327,2975.738082769696,9616.451507969356,1850.5766301154304,0.0,166.40849568190913,449.6443787998558,0.0,12548.4981566237,2943.191805074102,0.0,0.0,101.30305008568618,0.0,84.62779033296044,0.0,0.0,0.0,5.326607993402581,0.0,2432.8990578652647,0.0,0.0,0.0,0.0,0.0,2167.6780206854223,0.0,0.0,0.0,0.0,0.0,0.0,0.0,0.0,0.0
131,0.0835716258856294,0.5039609154817263,0.1218779348172756,0.6849747595334684,1.4031579486022498,4.567862066703321,1.9743104690317448,5.491050284406021,3958.535599801179,5005.268691292571,9236.102996836737,1656.842627151742,0.0,655.5640315459707,888.1692651639399,0.0,11210.01924457364,2333.372823087925,0.0,0.0,38.03609260712228,0.0,443.9460980760251,0.0,0.0,0.0,0.0,0.0,1702.1846425859478,0.0,0.0,0.0,0.0,0.0,1653.258971486427,0.0,0.0,0.0,0.0,0.0,0.0,0.0,0.0,0.0
132,0.0758659564584719,0.5161853633621252,0.16249011895495,0.7386028871657123,1.81262668410658,4.884757466593749,2.20919143054964,6.725109142481859,2573.1316849586506,3195.9494292045406,5372.481393456268,930.5596088518672,0.0,451.861682331739,644.5801436125562,0.0,6424.581198104482,1352.5540634206411,0.0,0.0,85.57812593553638,0.0,768.2671510180057,0.0,0.0,0.0,0.0,0.0,1451.5930380698348,0.0,0.0,0.0,0.0,0.0,1466.9209425218248,0.0,0.0,0.0,0.0,0.0,0.0,0.0,0.0,0.0
133,0.0678378194551496,0.5289139121860457,0.197675936491694,0.7803890092155547,2.22526966295564,5.02843861578503,2.4561414024389348,8.005328535240963,2344.801002834151,3400.166963682921,5412.096889811431,719.8263617277781,0.0,295.9060878619319,909.9817148440014,0.0,6599.590208692394,1602.9503689633943,0.0,6.081640976961406,752.0468006682484,0.0,1096.2753043801192,114.26269530443594,82.7206251527378,0.0,0.0,0.0,1274.701178592106,0.0,0.0,0.0,0.0,0.0,1346.335858534896,0.0,0.0,0.0,0.0,0.0,0.0,0.0,0.0,0.0
134,0.0590577634234819,0.5326810520175295,0.2299295114933199,0.8119910574482223,2.569995989673006,5.051364324747294,2.6954346675476137,9.192730337080093,2352.614770429295,3611.536042316131,5641.899429756613,669.6656201033242,0.0,249.38585887456293,1045.2855095704522,0.0,6927.171583693239,1760.169324345687,0.0,14.72218688149333,1030.9727474500926,0.0,1218.5400981390262,276.6024433582264,200.2466944474305,0.0,0.0,0.0,1206.8279386378151,0.0,0.0,0.0,0.0,0.0,1298.7655564900122,0.0,0.0,0.0,0.0,0.0,0.0,0.0,0.0,0.0
135,0.0467619520664451,0.4763394288216631,0.2581708471668025,0.776059657073404,2.8160531515456664,4.955905676661692,2.8836901760757296,10.254237833606972,2330.430073161839,4289.761043606421,6429.747770552153,474.4880000747132,0.0,83.49137556861841,1508.4356853436584,0.0,8075.132908859588,2326.6160712293613,0.0,96.41543352636144,2033.2678499026808,0.0,1705.89740527185,1845.928297495376,1376.5717679924037,0.0,0.0,0.0,1166.7503577297246,0.0,0.0,0.0,0.0,0.0,1254.99789197309,0.0,0.0,0.0,0.0,0.0,0.0,0.0,0.0,0.0
136,0.0338456493828414,0.4036682303310532,0.2786771669360957,0.7167068731248782,2.9833924856892717,4.752012201741641,3.056028276293144,11.117994309753376,1574.2878679253065,3491.190056103353,6373.524123248098,144.30100880943365,0.0,0.9288338395093134,1420.4909643199603,0.0,8378.866371752818,2693.979529617062,0.0,186.41145642327297,2612.3543143599886,0.0,2683.0075278951035,3633.417654344295,2731.1247128105133,0.0,0.0,0.0,1117.5487706818851,0.0,0.0,0.0,0.0,0.0,1180.2913734506053,0.0,0.0,0.0,0.0,0.0,0.0,0.0,0.0,0.0
137,0.0275408197148897,0.353422123833887,0.3004828759734225,0.7177296493364544,3.043689105482031,4.500088474297486,3.229733092417096,11.640199042769565,978.5604433266988,2497.231242746667,6168.284924224779,21.97620344288333,0.0,0.0,960.6010903801132,0.0,8377.008682885544,2765.068190249979,0.0,199.41795463175103,2424.237775473216,0.0,3057.52249230186,4038.420746182462,2995.458595329139,0.0,0.0,0.0,872.266524846654,0.0,0.0,0.0,0.0,0.0,912.5276114808812,0.0,0.0,0.0,0.0,0.0,0.0,0.0,0.0,0.0
138,0.0265287550828057,0.3008181661989594,0.3220863739895947,0.7374726072482921,2.964838849637561,4.20271708996401,3.411674044089768,11.862465279888928,863.9465137211367,2231.6032711464345,6428.330189622706,8.532909504503689,0.0,0.0,573.3863265258358,0.0,8613.87823941116,2761.1702631285384,0.0,175.35009135861748,1988.2186808838276,0.0,2789.2047080201964,3641.8426452587455,2726.646665741305,0.0,0.0,0.0,713.0981289641772,0.0,0.0,0.0,0.0,0.0,726.847880982838,0.0,0.0,0.0,0.0,0.0,0.0,0.0,0.0,0.0
139,0.0220914825249169,0.2353278290232561,0.3454149506593705,0.7409988793378933,2.739139783002541,3.8630157812655783,3.46223264538363,11.718290462795396,1065.0,2547.0,6417.0,0.0,0.0,0.0,666.0,0.0,8445.0,2649.0,0.0,152.2192940854576,1974.0,0.0,2683.0,3612.0,2830.0,0.0,0.0,0.0,1001.8697559592946,0.0,0.0,0.0,0.0,0.0,991.1027409312944,0.0,0.0,0.0,0.0,0.0,0.0,0.0,0.0,0.0
140,0.0173371187242524,0.1758463887707641,0.3482850762996301,0.7558196218725005,2.4227262456493444,3.533101915421295,3.39950588717057,11.219620467078045,223.11399330924303,879.0345129219357,5506.326608100827,0.0,0.0,0.0,151.82176118921126,0.0,8249.915454096885,3135.408814148373,0.0,130.50307688409617,1690.743197093366,0.0,4088.839946695636,5280.598611031319,3450.4424555131213,0.0,0.0,0.0,1214.6882403155585,0.0,0.0,0.0,0.0,0.0,1183.229496117318,0.0,0.0,0.0,0.0,0.0,0.0,0.0,0.0,0.0
141,0.0127656150697674,0.1693126874407295,0.3438806149498833,0.8533549198150852,2.05361045105789,3.233095249855935,3.281238256944376,10.372906285541257,0.0,205.18936170212768,4938.874468085107,0.0,0.0,0.0,0.0,0.0,8370.57659574468,3481.851063829787,0.0,114.05531914893618,1395.9851063829788,0.0,5050.812765957448,6457.1,4011.129787234043,0.0,0.0,0.0,1207.786915197822,0.0,0.0,0.0,0.0,0.0,1171.1308480217797,0.0,0.0,0.0,0.0,0.0,0.0,0.0,0.0,0.0
142,0.0083312565249169,0.1757243172677743,0.3275873293778074,0.9568655648659152,1.650590206579135,2.9753318860839784,3.059485855113893,9.321507690365197,0.0,453.9186773321932,4477.200918425127,0.0,0.0,0.0,0.0,0.0,8224.53012259224,3426.701981391672,0.0,228.63461086322656,1255.5698861874305,0.0,5330.849359093994,7170.338726967658,4454.39637340943,50.58407937995441,0.0,0.0,1196.0574117829826,0.0,0.0,0.0,0.0,0.0,1171.588226571925,0.0,0.0,0.0,0.0,0.0,0.0,0.0,0.0,0.0
143,0.0036683227973421,0.1649217305780734,0.2976674886777405,1.005583964628165,1.2420691317370296,2.8209598572581096,2.77693925503732,8.046745510119354,0.0,1862.947566590472,4193.670105675962,0.0,0.0,0.0,0.0,0.0,8084.455501006343,3390.141036651591,0.0,384.3564906064029,1366.9490802807918,0.0,5606.892501192159,7873.9845800231315,5174.365639539887,151.94770529946334,0.0,0.0,1116.3294456069727,0.0,0.0,0.0,0.0,0.0,1139.9588446020246,0.0,0.0,0.0,0.0,0.0,0.0,0.0,0.0,0.0
144,0.0002001577275747,0.1556813840843568,0.2688394039872882,1.0332647395051298,0.9073023192722788,2.730350612808029,2.486950221005644,6.719311603448224,0.0,3197.9228713563966,4076.563459847231,0.0,0.0,0.0,0.0,0.0,7859.723597862392,3217.9386738694784,0.0,511.6388398826639,1629.8845789550114,0.0,5604.390545554878,8079.650338532136,5451.068991896836,263.8360291016816,0.0,0.0,821.9206423357208,0.0,0.0,0.0,0.0,0.0,834.115153778143,0.0,0.0,0.0,0.0,0.0,0.0,0.0,0.0,0.0
145,-1.5987211554602278e-17,0.1552054320000003,0.24071407621794,1.080593967484387,0.684003972063784,2.751724856114282,2.2747979370525035,5.531459932890371,1.9069589146395067,4148.125582099125,4049.5079387794713,0.3192161081345333,0.0,0.1733057601999052,0.833177864328754,0.0,7800.40140234493,3169.3288123995007,0.0,541.754036842053,1695.985111188986,0.0,5594.156237096377,8115.294472714901,5502.6600744610805,291.82609868735955,0.0,0.0,576.5009386703081,0.0,0.0,0.0,0.0,0.0,585.1053208982926,0.0,0.0,0.0,0.0,0.0,0.0,0.0,0.0,0.0
146,-1.5987211554602278e-17,0.1495143512149979,0.2185828288675842,1.1126621575956352,0.4967578848780237,2.808284373358799,2.025583847641202,4.307065937538683,622.2675521274415,5724.439776208769,4540.0616620820365,104.16471203632372,0.0,56.55211045255636,271.87767190077784,0.0,7930.9832386426915,2950.98203271467,0.0,461.7387573302207,1691.1415712669625,0.0,4669.04011198984,6909.83425692163,4741.449340315828,235.2535523981221,0.0,0.0,447.5670191178209,0.0,0.0,0.0,0.0,0.0,465.1459092671578,0.0,0.0,0.0,0.0,0.0,0.0,0.0,0.0,0.0
147,-1.5987211554602278e-17,0.1243292492093025,0.1825998587641195,1.0267323523868883,0.3528140742172616,2.876599830633732,1.7134126555622176,3.158325538819786,1880.755850781714,6363.488284932111,5835.2898189978005,439.5223955772933,0.0,174.25513484133677,803.0467212926967,0.0,8551.455702380297,2635.9126136421824,0.0,256.3064649444148,1574.8162856256138,0.0,2744.1926968693865,4221.237841879646,2981.559710830963,115.74997825945783,0.0,0.0,763.8562092391865,0.0,0.0,0.0,0.0,0.0,809.5818801647224,0.0,0.0,0.0,0.0,0.0,0.0,0.0,0.0,0.0
148,-1.5987211554602278e-17,0.0975163506578075,0.1472280491045534,0.9094724768676976,0.2868467290295076,2.905054727460616,1.417409041969908,2.2428866277983226,2574.285725921869,5213.7082587121495,8121.6847697166,1195.6684831335072,0.0,139.02460256277547,914.7847723412696,0.0,10686.050232225378,2851.4537654809687,0.0,0.0,896.4322785989352,0.0,768.2945873177459,1009.0347924217938,618.9604825236815,0.0,0.0,0.0,1096.8996592946253,0.0,0.0,0.0,0.0,0.0,1163.6817524222647,0.0,0.0,0.0,0.0,0.0,0.0,0.0,0.0,0.0
149,-1.5987211554602278e-17,0.0722503500996678,0.1104969499534889,0.7951663992888973,0.2509092695239963,2.8917589741836376,1.1755036912145385,1.56264837882548,1655.7962910380604,3299.285982357482,9381.1415407548,1574.2488661937969,0.0,0.0,326.5445638640042,0.0,12613.191200591911,3362.23245028208,0.0,0.0,257.76504016473405,0.0,479.88799624221065,357.8838627157283,0.0,0.0,0.0,0.0,1118.191132145804,0.0,0.0,0.0,0.0,0.0,1170.5911544055336,0.0,0.0,0.0,0.0,0.0,0.0,0.0,0.0,0.0
150,-1.5987211554602278e-17,0.0472421658737541,0.0736638096079737,0.661185700081597,0.2303404915120252,2.8108115088159416,0.9379116823933608,1.0750515533318294,1210.697489365174,2519.006000856148,10002.70297696124,1681.214206175835,0.0,0.0,219.13918227663544,0.0,13656.185264887548,3605.219655412591,0.0,0.0,178.4957755748911,0.0,375.3945715589941,166.151975714262,0.0,0.0,0.0,0.0,1124.956079811142,0.0,0.0,0.0,0.0,0.0,1179.3962098629966,0.0,0.0,0.0,0.0,0.0,0.0,0.0,0.0,0.0
151,-1.5987211554602278e-17,0.0217183489833886,0.0360788716601804,0.4815313820706492,0.2176940794716915,2.649209363975586,0.7439336241971718,0.7944223561448256,933.4028147016965,1922.0647763531636,10371.295776285971,1756.5154941512076,0.0,0.0,125.96985660653964,0.0,14255.42817027775,3712.098589326183,0.0,0.0,109.74027980868492,0.0,298.442252093654,41.05070284468172,0.0,0.0,0.0,0.0,1281.688474510259,0.0,0.0,0.0,0.0,0.0,1315.8611491414645,0.0,0.0,0.0,0.0,0.0,0.0,0.0,0.0,0.0
152,-1.5987211554602278e-17,0.0022749597502202,0.0105224936277716,0.3201921335713612,0.2110346451151924,2.4720374997014,0.6665001185512296,0.6558884137820891,807.0991345369401,1445.9148528810915,9685.794558417105,1665.638270687445,0.0,0.0,36.10555462772313,0.0,13286.011771000069,3389.4052765126808,0.0,0.0,40.81391623771312,0.0,216.7795120949414,0.1535659982041305,0.0,0.0,0.0,0.0,2249.34790870497,0.0,0.0,0.0,0.0,0.0,2227.96566361399,0.0,0.0,0.0,0.0,0.0,0.0,0.0,0.0,0.0
153,-1.5987211554602278e-17,-6.750155989720954e-17,0.004833850305648,0.2183400042251473,0.1985557529417305,2.234783157237666,0.6062044480265839,0.5930432695844652,440.53692853624966,764.3510042667142,4959.241988513311,852.9135744183542,0.0,0.0,0.4009001357256747,0.0,6802.542139601965,1735.245992129384,0.0,0.0,0.4595684482708953,0.0,2.5031813352627474,0.0,0.0,0.0,0.0,0.0,3417.6853378493306,0.0,0.0,0.0,0.0,0.0,3398.1984917175555,0.0,0.0,0.0,0.0,0.0,0.0,0.0,0.0,0.0
154,-1.5987211554602278e-17,-6.750155989720954e-17,0.0006037045990291,0.1361496750099669,0.1823414880222316,1.950922591693584,0.514016607813448,0.5933395144262748,416.4298587353666,560.1093574723195,3045.3991180172798,502.00005329065255,0.0,0.0,0.0,0.0,4118.407590481849,1007.5538987642226,0.0,0.0,0.0,0.0,0.0,0.0,0.0,0.0,0.0,0.0,4703.48337623169,0.0,0.0,0.0,0.0,0.0,4958.273377319966,0.0,0.0,0.0,0.0,0.0,0.0,0.0,0.0,0.0
155,-1.5987211554602278e-17,-6.750155989720954e-17,2.291500322826328e-16,0.0651464077373098,0.1767972002327111,1.6560787372012642,0.3991141256704054,0.6283652932782221,408.0935352016951,382.2061701199101,5689.208426753666,761.4570398964624,0.0,0.0,0.0,0.0,7216.501760277207,1411.6980656767746,0.0,0.0,0.0,0.0,0.0,0.0,0.0,0.0,0.0,0.0,5459.93083205352,0.0,0.0,0.0,0.0,0.0,5733.198179231298,0.0,0.0,0.0,0.0,0.0,0.0,0.0,0.0,0.0
156,-1.5987211554602278e-17,-6.750155989720953e-17,2.291500322826328e-16,0.0137459638848288,0.1815811776544836,1.379797087847173,0.3331619731650099,0.7043899893311202,566.0100464217953,367.2831000604919,9189.887713306234,1146.7181578043808,0.0,0.0,0.0,0.0,11180.758242750728,1917.360716920728,0.0,0.0,0.0,0.0,0.0,0.0,0.0,0.0,0.0,0.0,5928.915185648923,0.0,0.0,0.0,0.0,0.0,6428.941216822994,27.091543902455104,0.0,0.0,0.0,0.0,0.0,74.82180472332804,0.0,0.0
157,-1.5987211554602278e-17,-6.750155989720954e-17,2.291500322826328e-16,0.0085441815149506,0.1944865233189354,1.1052296839883693,0.3071823939867157,0.7818143678770801,837.0451635881458,608.8575942289315,9158.703963307187,1051.0062360740403,0.0,0.0,0.0,0.0,10816.959243315094,1660.8237665179122,0.0,0.0,0.0,0.0,0.0,0.0,0.0,0.0,0.0,0.0,4424.984177839722,0.0,0.0,0.0,0.0,0.0,4948.313130287324,56.37384563376848,0.0,0.0,0.0,0.0,0.0,155.67167547901246,0.0,0.0
158,-1.5987211554602278e-17,-6.750155989720954e-17,2.291500322826328e-16,0.0137194531295685,0.207030064151252,0.8861148985993326,0.3744079614299044,0.8410997776099117,726.2858943826261,520.6191903521931,8766.33166288867,883.583879004941,0.0,0.0,0.0,0.0,10351.14593545886,1542.9031081656206,0.0,0.0,0.0,0.0,0.0,0.0,0.0,0.0,1.580062534376858,0.0,3516.2399276006554,16.183788009854116,0.0,0.0,0.0,0.0,3838.967601553989,78.46535704684712,0.0,0.0,0.0,0.0,0.0,114.87591406319224,0.0,0.0
159,-1.5987211554602278e-17,0.0047171210488846,2.291500322826328e-16,0.0186644041139064,0.2257047451893673,0.7557964226283781,0.4712173587593775,0.8866487819772244,500.59876161347495,386.2184394022092,6049.400694879577,584.3090151759664,0.0,0.0,0.0,0.0,6997.997598966586,976.4856417269324,0.0,0.0,0.0,0.0,0.0,0.0,0.0,0.0,64.74175201150486,0.0,7500.5421700141405,135.6343771842803,0.0,0.0,0.0,0.0,8083.698395209233,247.7632135185409,0.0,0.0,0.0,0.0,0.0,303.0228094142156,0.0,0.0
160,-1.5987211554602278e-17,0.0319280404784052,0.0001120224318939,0.0394477238788357,0.2793635142927481,0.7886101410357605,0.6388765429189018,0.9076797141856608,528.0913420391016,460.4787970060007,4440.515012965138,308.8463311432877,0.0,0.0,18.71394788677527,0.0,4959.010027092005,516.1788124897585,0.0,0.0,0.7259721162973164,0.0,0.0,0.0,0.0,0.0,187.7308416794185,0.0,7840.411268894287,312.1943516022449,0.0,0.0,0.0,0.0,8492.704622861644,446.1370240957586,0.0,0.0,0.0,0.0,0.0,484.32628922005705,0.0,0.0
161,-1.5987211554602278e-17,0.0645464244509788,0.0016803364784055,0.0894531715936952,0.3418721326619054,0.9622392164303356,0.9263061461813854,0.8674449828268928,1018.4243510788626,975.4245409947788,5367.623989537085,89.34409757368635,0.0,0.0,342.2728650745132,0.0,5573.771107475372,149.34295807819123,0.0,0.0,80.91708591816077,0.0,0.0,0.0,0.0,0.0,285.0,0.0,8142.0,460.0,0.0,0.0,0.0,0.0,8872.0,651.0,0.0,0.0,0.0,0.0,0.0,643.0,0.0,0.0
162,-1.5987211554602278e-17,0.1168331021969534,0.0037807570764121,0.1695512502894757,0.4038911123322241,1.2636885474373438,1.3586624178338915,0.7924991665334437,1841.4039246358195,1296.6536272684175,3374.512176635101,0.0,0.0,0.0,773.12231119835,0.0,3201.8473274608305,0.0,0.0,0.0,272.191816694416,0.0,0.0,0.0,0.0,0.0,1058.0073522663015,259.4356613998981,9967.542530033536,1567.2287362746242,0.0,148.37426932564046,1028.9994843490983,0.0,11021.119458763584,2415.81518829104,0.0,166.9880885434265,1083.4004123730876,0.0,1524.8629074662826,2238.115526057339,369.8511750833394,0.0
163,-1.5987211554602278e-17,0.1810686109634552,0.0060072029102992,0.2559753753488377,0.4716939636309141,1.7309173727750229,1.935984443019875,0.7296320161241162,310.9064369167121,185.8861447282652,2210.8433488048413,0.0,0.0,0.0,5.791799733994858,0.0,2137.317206573601,0.0,0.0,0.0,2.0454941499572032,0.0,0.0,0.0,0.0,0.0,1355.0019630644022,297.0584461709309,10507.849805978689,1901.727384944926,0.0,273.60579009313824,1476.0600247897848,0.0,11526.553721016951,2952.921214884623,0.0,354.51020747218456,1411.048470636604,0.0,1956.831539600929,2584.969277265318,558.1645700445033,0.0
164,-1.5987211554602278e-17,0.2386613200664454,0.0080026024784055,0.3339133349501669,0.549208034799239,2.2617604936943474,2.4936851902781245,0.6685513444243028,0.0,0.0,1926.1339314450688,0.0,0.0,0.0,0.0,0.0,1924.2580928004336,0.0,0.0,0.0,0.0,0.0,0.0,0.0,0.0,0.0,2164.0541763140927,953.697228368404,10769.311891798818,1866.947815263161,0.0,622.7154476791505,1630.3469472143242,0.0,11615.96194637418,2823.635399106696,0.0,340.5041722131692,1343.1420244688472,0.0,1645.870848798991,2439.8779142923645,460.28134436129903,0.0
165,-1.5987211554602278e-17,0.2953820160689226,0.0101240272823922,0.4187689030956708,0.6344859377642864,2.8175403349911545,3.120314337746501,0.5872702836799393,0.0,0.0,1115.6140406766835,0.0,0.0,0.0,0.0,0.0,1173.5856085650555,0.0,0.0,0.0,0.0,0.0,0.0,0.0,0.0,0.0,3901.7696606102,3054.6184827922825,10823.389599369188,1510.0866305848238,0.0,1100.608941577069,1735.3210709160444,0.0,11414.149912697156,2259.7259766686084,0.0,242.82474007045232,1214.8085649742811,0.0,1206.2206331806142,2245.50629386897,390.74960268477497,0.0
166,-1.5987211554602278e-17,0.3326827355880396,0.012275967630916,0.4988495967399243,0.6998626298802719,3.336161196075216,3.830228967355611,0.498339341400868,0.0,0.0,758.4871960847655,0.0,0.0,0.0,0.0,0.0,1129.1365696769894,0.0,0.0,0.0,0.0,0.0,0.0,0.0,0.0,0.0,2543.838939738369,2452.079958066643,9702.13632049823,1271.2733987700897,0.0,576.2116615353153,1910.3605056105844,0.0,10660.522126447104,2818.9506772227915,0.0,747.6461329940398,2178.8321700260863,0.0,2542.9203789117805,3757.891889571412,1709.277046418131,0.0
167,-1.5987211554602278e-17,0.3555541850388555,0.0126445320000002,0.5335412838052871,0.7312091266046502,3.673871954567092,4.286361369564643,0.4678076811047268,0.0,0.0,646.5579030951428,0.0,0.0,0.0,0.0,0.0,1093.1507887743942,0.0,0.0,0.0,0.0,0.0,0.0,0.0,0.0,0.0,2343.344140537576,2560.2824728359374,9161.594396653629,1116.00968039869,0.0,522.919176393823,1999.311514032008,0.0,10233.2443659197,2755.2424708185317,0.0,891.5922966596163,2511.2287953246605,0.0,2741.219319818812,4218.144181516143,2153.1711227182027,0.0
168,-1.5987211554602278e-17,0.3737345339965334,0.0126445320000002,0.5407944676744186,0.7566364280046215,3.926850550798783,4.578500830568252,0.457199393168861,0.0,0.0,449.1918229404249,0.0,0.0,0.0,0.0,0.0,953.3442450296146,0.0,0.0,0.0,0.0,0.0,0.0,0.0,0.0,0.0,2731.2048847336405,3689.9412778238457,7843.231058175996,357.90324288934465,0.0,550.6442013885217,2471.511498657336,0.0,9012.277869458065,1968.698649068427,0.0,1089.979747790186,2982.220453327247,0.0,2631.917185287288,4749.440518075165,2694.2672990806955,0.0
169,0.0018750501011212,0.4835242863911966,0.0127938008608806,0.5676584738864197,0.7995324623995004,4.262272668293394,4.827540356452449,0.4337095300022874,0.0,0.0,435.0,0.0,0.0,0.0,0.0,0.0,944.0,0.0,0.0,0.0,0.0,0.0,0.0,0.0,0.0,0.0,2740.58611321034,3735.91339785654,7721.247527566422,295.98674326980097,0.0,533.7745299599404,2511.53754222358,0.0,8902.012495562542,1927.5870910765805,0.0,1105.0932305085598,3021.57655124652,0.0,2651.90481375896,4808.919048355399,2740.28729775702,0.0
170,0.0147861373156146,0.6480398841727572,0.0169353127745612,0.6542491406150924,0.8396946933972455,4.422666661129565,4.8762417093327,0.4745099200379709,0.0,0.0,388.60937739870025,0.0,0.0,0.0,0.0,0.0,912.8800134427404,0.0,0.0,0.0,0.0,0.0,0.0,0.0,0.0,0.0,3084.823972353133,4693.281509949172,6842.57133930598,6.314202139361736,0.0,524.5059689106622,2971.5757448266013,0.0,7962.575212307118,1468.7212033308322,0.0,1142.1951888493873,3390.4176911294044,0.0,2571.6816005922265,4981.939063710771,2832.587146083054,0.9850166292016668
171,0.0276069399069767,0.7787256878501438,0.0206014194418607,0.7266000134165554,0.8344331183097461,4.38209675054386,4.701446503382198,0.541078861293563,0.0,0.0,253.68456447348592,0.0,0.0,0.0,0.0,0.0,627.2358917086746,0.0,0.0,0.0,0.0,0.0,0.0,0.0,0.0,0.0,2933.057309059258,4903.071636324073,6209.023573218413,0.0,0.0,314.56493102608226,3164.08479793653,0.0,7185.233485738548,1034.2788836968375,0.0,1245.9856727351855,3692.495377023201,0.0,2521.281882686863,5350.4135780766965,3160.101541365192,26.14810497583864
172,0.0396118732425249,0.8803682890479344,0.0234435768039869,0.7594293657921237,0.8146077090783086,4.2069521844119615,4.286169400177501,0.6086365085631256,0.0,0.0,118.23015317885508,0.0,0.0,0.0,0.0,0.0,292.63067951218864,0.0,0.0,0.0,0.0,0.0,0.0,0.0,0.0,0.0,2542.817069320242,4411.600011543188,5974.034458115201,0.0,0.0,109.82080439048568,3057.9715239724865,0.0,6952.400760831924,981.9340196437907,0.0,1338.2203246691518,3757.496085501076,0.0,2670.7916250772373,5717.843036401784,3468.671518200892,62.42727960997603
173,0.0512671483255814,0.9690915126188454,0.0262029528837211,0.789552633109636,0.7915969301697359,3.8795873318834215,3.733826061079736,0.6498417155681092,0.0,0.0,58.67237201574076,0.0,0.0,0.0,0.0,0.0,177.08379580718295,0.0,0.0,0.0,0.0,0.0,0.0,0.0,0.0,0.0,1468.943329955727,2613.998793546479,5881.277822980816,0.0,0.0,93.46106325823892,2331.6103800688616,0.0,7176.944845036894,1525.1118250073805,0.0,1520.444410152484,3699.444157638956,0.0,3603.6677515396,6735.889662016727,3981.000084171176,369.6664328578448
174,0.0625727651561462,1.0242118942934864,0.0288795476810633,0.8167315860936499,0.7483902562682865,3.421821243603838,3.154637936912182,0.6856497682923625,0.0,0.0,147.83420421465914,0.0,0.0,0.0,0.0,0.0,452.6828477218879,0.0,0.0,0.0,0.0,0.0,0.0,0.0,0.0,0.0,1032.0,2141.0,5899.0,0.0,0.0,64.98960407322481,2045.0,0.0,7334.0,1805.0,0.0,1507.0,3587.0,0.0,4029.0,7039.0,4014.0,278.0
175,0.0700577080359585,0.982779739877272,0.0310553443877274,0.8079997284260293,0.6688664951901497,2.904013416290796,2.509604947905417,0.6888741440601955,0.0,0.0,226.79250114566068,0.0,0.0,0.0,0.0,0.0,710.096805439278,0.0,0.0,0.0,0.0,0.0,0.0,0.0,0.0,0.0,1127.601012803081,2214.772451740221,5991.670326364085,12.228036521324285,0.0,35.18355925272455,2071.780410563231,0.0,7404.033300076675,1833.0941665531248,0.0,1471.73070457899,3570.0222302844422,0.0,4004.9481595696266,6924.197938113848,3922.3402551666018,249.9058334468748
176,0.070164756,0.9496215684119608,0.0296245403690844,0.7572137944998428,0.5875447714594109,2.433717250090894,1.933587616786311,0.6572022094455007,0.0,0.0,192.249598734934,0.0,0.0,0.0,0.0,0.0,725.9891227642361,0.0,0.0,0.0,0.0,0.0,0.0,0.0,0.0,0.0,1920.2832073920956,2676.3682096214484,6920.436478568416,189.28501753172264,0.0,29.274469508233867,2234.3918713913995,0.0,8163.507158727995,2205.643918339685,0.0,1107.2596336684433,3334.1709346479875,0.0,3860.805050499743,5835.060605714961,2934.0578391131394,11.959855245220476
177,0.070164756,0.9196420382625295,0.0292559760000002,0.7168263892166535,0.5388435476013272,2.009257489514103,1.5246793990191567,0.6591172763288363,0.0,0.0,168.96320568765705,0.0,0.0,0.0,0.0,0.0,692.3499370606252,0.0,0.0,0.0,0.0,0.0,0.0,0.0,0.0,0.0,1986.1240333804465,2457.0472361704183,6775.514941452844,343.7465139012206,0.0,114.01331885561991,2109.4648068124607,0.0,7942.193079576578,2254.530402398728,0.0,924.5963802953796,3041.368857827149,0.0,3424.232772764264,5160.01926900773,2390.2248529671524,0.0
178,0.0701637707969513,0.8735383423795191,0.0292559760000002,0.7009715815016614,0.4968890472440861,1.6552911471792051,1.3381255372671497,0.6753142776736387,0.0,0.0,131.61713155559983,0.0,0.0,0.0,0.0,0.0,653.4033470926007,0.0,0.0,0.0,0.0,0.0,0.0,0.0,0.0,0.0,1156.5529810759722,1393.1378929174984,3893.941775977653,219.36436748197536,0.0,78.53695616804512,1204.932553356945,0.0,4559.047419925757,1307.1348401755683,0.0,512.9398545193893,1723.2813528008846,0.0,1916.285750294261,2899.7219168774704,1316.7947540702996,0.0
179,0.0646610634599135,0.7261508195880396,0.0283181766679623,0.6475366224649922,0.4305514409317347,1.3233854692406444,1.2737692297471328,0.6982310934068838,0.0,0.0,124.86115232338469,0.0,0.0,0.0,0.0,0.0,650.8266306439359,0.0,0.0,0.0,0.0,0.0,0.0,0.0,0.0,0.0,793.5421299936413,941.0791577180598,2412.3506161230284,188.7782478928647,0.0,123.68932770365848,754.5248251611848,0.0,2738.772846568879,707.9309415423293,0.0,262.82562957676555,958.8975556616948,0.0,947.4488402532008,1496.2524846211827,655.0714507162554,0.0
180,0.0533972219202658,0.5783388680930236,0.024012337754153,0.551629399343705,0.3664795513482324,1.1015645155659932,1.3561265811691354,0.7339919779734235,0.0,0.0,117.38117322293176,0.0,0.0,0.0,0.0,0.0,653.0797497310239,0.0,0.0,0.0,0.0,0.0,0.0,0.0,0.0,0.0,2869.936956008221,3273.2130813072467,6948.209161845444,950.9445979756348,0.0,928.475506623269,2238.288718476096,0.0,7225.988742912429,1251.0709278243294,0.0,330.7665507159877,1926.499969250881,0.0,885.6194183087929,1994.112708094002,647.8834773023992,0.0
181,0.0423247105913621,0.4335745857009973,0.0193955309102991,0.4392657160922429,0.3188668133140511,0.913890692618332,1.5217088709368791,0.7740405868821604,0.0,0.0,109.18236174162452,0.0,0.0,0.0,0.0,0.0,643.7338827126529,0.0,0.0,0.0,0.0,0.0,0.0,0.0,0.0,0.0,3885.0554377377,4042.4630154413953,9455.444520773704,1365.53248244162,0.0,1289.5604526068012,3098.965616566969,0.0,9674.051131626342,1517.1499443630598,0.0,332.235816135869,2495.05532330949,0.0,910.5179243819952,2249.240549405973,645.4343750714164,0.0
182,0.0302032245049834,0.2750957923455149,0.0143413423654487,0.3223667875215954,0.2725565446960442,0.7419017982766895,1.7112955434975266,0.8010988774808526,0.0,0.0,112.68226084830258,0.0,0.0,0.0,0.0,0.0,649.6269765219178,0.0,0.0,0.0,0.0,0.0,0.0,0.0,0.0,0.0,3605.7319884714343,3073.336795858795,9799.687642094568,1487.723881856925,0.0,1105.057340549936,3103.6954171992948,0.0,9929.31521837918,1566.257678006918,0.0,246.9034366631943,2432.9073382198194,0.0,883.6144133058087,2055.34199378544,549.9219061681101,0.0
183,0.0180817384186046,0.1203812014250536,0.0092871538205982,0.2061632830963458,0.2158823919257373,0.6706896699597438,1.8481734409552493,0.7913577592823942,0.0,0.0,664.1427949849291,0.0,0.0,0.0,0.0,0.0,1445.983161872913,0.0,0.0,0.0,0.0,0.0,0.0,0.0,0.0,0.0,2692.893905843648,1275.29718667577,10332.972067290242,1604.7774510292074,0.0,561.0520403855137,2570.827689605004,0.0,10333.517102759311,1504.597921251221,0.0,40.70638824037089,1875.7531557081047,0.0,625.3543022669528,1458.7640194928565,202.93226629432652,0.0
184,0.0063129253060465,0.0092814703295679,0.0043787591760799,0.0961085911144189,0.1572684074527563,0.683464836653822,1.9434409613198675,0.7783672756544872,1.446596888260255,0.0,2890.0026214049976,0.0,0.0,0.0,0.0,0.0,3678.481157944366,0.0,0.0,0.0,0.0,0.0,0.0,12.054974068835454,0.0,0.0,1916.822803394625,371.1054940122584,9463.256507873644,1020.9299021216408,0.0,51.262302687411605,1603.7932520509194,0.0,9212.30578330976,720.4573463460631,0.0,0.0,961.5907183404056,0.0,59.02931824611032,641.4463730315889,0.0,0.0
185,3.292986768740107e-05,-1.7408297026122448e-16,0.0004268527384084,0.026271695549329,0.1223134900655773,0.7690141009409234,2.0162647308984525,0.8016754800823364,142.18921989221894,0.0,3617.059820180369,22.02098105757494,0.0,0.0,0.0,0.0,4758.100611173385,334.88510815859246,0.0,0.0,58.584119417322,0.0,0.0,151.30902342458077,0.0,0.0,1665.083644565389,101.52935076036287,8966.200562840824,704.0936439250811,0.0,0.0,1169.958171314226,0.0,8474.126716045026,269.0498569660048,0.0,0.0,419.2104223680615,0.0,0.0,240.2919752307725,0.0,0.0
186,-1.7763568394002496e-17,-1.7408297026122448e-16,2.291500322826328e-16,0.0023032980710845,0.1107365673029513,0.9068917556133668,1.973627818862658,0.8457959521376577,336.42974989642045,12.295849109215622,5077.161685788882,394.1982451317599,0.0,0.0,0.0,0.0,6724.778131832141,1219.9221942824074,0.0,0.0,120.71075031073872,0.0,0.0,268.834751968012,0.0,0.0,1473.5566088138005,0.0,8519.154898986566,463.4311747936629,0.0,0.0,771.408763019131,0.0,7742.131879776663,0.0,0.0,0.0,0.0,0.0,0.0,0.0,0.0,0.0
187,-1.7763568394002496e-17,-1.7408297026122443e-16,2.291500322826328e-16,7.62057084102706e-16,0.0913402904053146,1.0526463650047833,1.8276393867906973,0.9047532494809212,340.0025106466995,43.19675695918188,5566.421545496207,561.4220691304021,0.0,0.0,0.0,0.0,7349.515698205941,1416.1898706897955,0.0,0.0,109.7946544358085,0.0,0.0,200.835114641916,0.0,0.0,1263.17036203033,0.0,8023.455555455127,198.9891550903573,0.0,0.0,329.0096820596759,0.0,6926.988950026525,0.0,0.0,0.0,0.0,0.0,0.0,0.0,0.0,0.0
188,-1.7763568394002496e-17,-1.7408297026122448e-16,2.291500322826328e-16,0.0033125542303843,0.0712368166637261,1.218765090772337,1.640082056174932,1.0294359786288163,347.5673203063833,163.2191971852078,6100.476652264201,599.4877404997211,0.0,0.0,0.0,0.0,7753.462164722844,1406.1754686302222,0.0,0.0,17.040387505411474,0.0,0.0,36.64883231056455,0.0,0.0,1047.7263848287023,0.0,7825.6737462651745,64.96792372207625,0.0,0.0,79.20942366414712,0.0,6576.694146362359,0.0,0.0,0.0,0.0,0.0,0.0,0.0,0.0,0.0
189,-1.7763568394002496e-17,0.0004988945735596,0.0029922795431582,0.0224068797547804,0.0831201626816263,1.403449694792957,1.4630698265246669,1.2219310514265684,336.63008978158354,172.77361417630382,6346.033233152349,620.6613588566485,0.0,0.0,0.0,0.0,8027.718998995587,1385.1294582798353,0.0,0.0,0.3914254770762805,0.0,0.0,1.1742764312288416,0.0,0.0,962.709423353489,0.0,7999.291562874452,110.92171550045325,0.0,0.0,93.30387655792204,0.0,6789.714828310565,0.0,0.0,0.0,0.0,0.0,0.0,0.0,0.0,0.0
190,-1.7763568394002496e-17,0.0366443528301737,0.02914148248505,0.0577627293077983,0.1977755066030867,1.5997388904952152,1.3649967243072123,1.485944239825682,200.10216028309804,78.84085134913732,6600.541284155042,624.9084433470034,0.0,0.0,0.0,0.0,8457.175072788326,1446.4312318917289,0.0,0.0,0.0,0.0,0.0,0.0,0.0,0.0,911.0728036169908,0.0,7892.053784002594,12.97151802627407,0.0,0.0,10.646976079087786,0.0,6703.575413246688,0.0,0.0,0.0,0.0,0.0,0.0,0.0,0.0,0.0
191,-1.7763568394002496e-17,0.1410832700392401,0.0744833544055666,0.105636826906288,0.3778519891468681,1.810689839571242,1.420792113135586,1.9322334788127649,172.62944994707237,58.80722307536517,6703.209674290543,612.707876136691,0.0,0.0,0.0,0.0,8613.916824970027,1490.1116147372306,0.0,0.0,0.0,0.0,0.0,0.0,0.0,0.0,863.8923050456311,0.0,7757.170619570316,0.0,0.0,0.0,0.0,0.0,6586.434838599349,0.0,0.0,0.0,0.0,0.0,0.0,0.0,0.0,0.0
192,-1.7763568394002496e-17,0.2685260061926909,0.1558196275801232,0.157107342259137,0.6083363968403183,2.0181630625447102,1.6719829207939494,2.499690048955964,167.9434176301406,61.694337179590015,6807.2859540970085,616.1949502125563,0.0,0.0,0.0,0.0,8744.121747201247,1523.0793333409724,0.0,0.0,0.0,0.0,0.0,0.0,0.0,0.0,825.8341356235177,0.0,7647.853944036393,0.0,0.0,0.0,0.0,0.0,6491.408555533912,0.0,0.0,0.0,0.0,0.0,0.0,0.0,0.0,0.0
193,-1.7763568394002496e-17,0.3862879403322263,0.2526362282710965,0.2045455473887052,0.869932507835214,2.1871177416531578,2.0164252084438545,3.1607922834073103,269.91105917179107,299.9504633187812,7717.136591144904,905.7153004471644,0.0,0.0,0.0,0.0,10005.13130191094,1862.6817068846192,0.0,0.0,0.0,0.0,7.328673180160644,0.0,0.0,0.0,755.6520218192923,0.0,7118.777138981693,0.0,0.0,0.0,0.0,0.0,5936.739633748176,0.0,0.0,0.0,0.0,0.0,0.0,0.0,0.0,0.0
194,-1.7763568394002496e-17,0.5054942225182734,0.3680280780099667,0.2506740956586388,1.1797604319019912,2.321862845045684,2.452625833557309,3.949937735798175,502.245437774075,845.2487891163611,9215.601310284614,1408.752933062248,0.0,0.0,0.0,0.0,12618.029586638177,2971.358310642356,0.0,0.0,0.0,0.0,171.5379021218836,28.019822666915445,0.0,0.0,870.8276166003421,0.0,5011.755000147609,0.0,0.0,0.0,0.0,0.0,3608.4212730121,0.0,0.0,0.0,0.0,0.0,0.0,0.0,0.0,0.0
195,-1.7763568394002496e-17,0.6409626423939614,0.4992877379916641,0.3045329211979469,1.52892309558248,2.478173986559711,2.9250134808942314,4.914283789563518,552.3623145292673,855.7868408584093,9422.054402793005,1460.5735379909624,0.0,0.0,0.0,0.0,13251.474008821127,3442.186027893455,0.0,0.0,5.888848364912051,0.0,531.7253200290079,320.24639577387626,0.0,0.0,503.6945234688218,0.0,3756.1367684234,0.0,0.0,0.0,0.0,0.0,2605.667452929396,0.0,0.0,0.0,0.0,0.0,0.0,0.0,0.0,0.0
196,-1.7763568394002496e-17,0.803338312880205,0.6117825061794012,0.356027444843463,1.846885715967167,2.641407818234906,3.3337960362118446,6.008797905582177,779.8219838768798,1329.9671403228642,8973.4802785569,1350.044298094449,0.0,0.0,8.509803921568627,0.0,12948.988977384448,3884.195679410509,0.0,0.0,205.1336560618614,0.0,1143.12921211117,881.5801695011423,177.74955091260577,0.0,0.0,0.0,2597.979838136125,0.0,0.0,0.0,0.0,0.0,2083.272401591725,0.0,0.0,0.0,0.0,0.0,0.0,0.0,0.0,0.0
197,-1.7763568394002496e-17,0.9206083021897672,0.7014720801552147,0.3926718351436543,2.1376121936603325,2.7751220516045207,3.585273254173559,7.108259861661128,1216.935248810547,2743.3380388904025,8486.613845622604,1246.1690755590955,0.0,0.0,362.6701667330385,0.0,11988.23689450022,3581.7865417932976,0.0,0.0,546.2320018968371,0.0,1121.4343239085326,1102.420726865922,492.9889178491334,0.0,0.0,0.0,2109.3811802938526,0.0,0.0,0.0,0.0,0.0,1825.271452442833,0.0,0.0,0.0,0.0,0.0,0.0,0.0,0.0,0.0
198,-1.7763568394002496e-17,1.0097759669501645,0.7527130508526282,0.419110528418479,2.399712520736665,2.915693405861221,3.687370993439734,8.259929132109571,1693.1412176005335,3431.9314092179657,7999.16441935074,1012.9533483419098,0.0,0.0,1005.3482525728988,0.0,10998.862818435931,3285.7957384378374,0.0,0.0,1223.6656144781143,0.0,1425.536753144654,1629.7787148211676,988.6690192014484,0.0,0.0,0.0,1887.1710459411884,0.0,0.0,0.0,0.0,0.0,1659.918423083569,0.0,0.0,0.0,0.0,0.0,0.0,0.0,0.0,0.0
199,-1.7763568394002496e-17,1.0885676118262193,0.7755996203904917,0.4303534338952209,2.597113868135956,3.067313115029905,3.710530078687456,9.247652079514438,555.3255366324458,1635.723918689976,6501.438912618803,342.25935415280884,0.0,0.0,474.5291297654968,0.0,10046.386428207285,3667.984534518594,0.0,135.98535177686838,1509.577453668608,0.0,3516.511120349651,4180.027838535576,2508.700232285918,0.0,0.0,0.0,1614.6596051527818,0.0,0.0,0.0,0.0,0.0,1463.0913715974923,0.0,0.0,0.0,0.0,0.0,0.0,0.0,0.0,0.0
200,-1.7763568394002496e-17,1.140339119637757,0.7610167931994497,0.425495124018559,2.6718306344190617,3.1959932645574565,3.566154661233821,10.17562503038698,365.2308527049605,1841.0415728475632,4624.61946879253,218.8808713294852,0.0,0.0,4.661326596852955,0.0,8817.916885005901,3808.518909874183,0.0,1.988832681323927,1145.7677165191408,0.0,5757.901873550663,7170.942996909792,4209.471467610673,213.68713917085415,0.0,0.0,1555.9998942235266,0.0,0.0,0.0,0.0,0.0,1382.2527325279202,0.0,0.0,0.0,0.0,0.0,0.0,0.0,0.0,0.0
201,-1.7763568394002496e-17,1.1244244656454927,0.7213219679765492,0.3887706520148536,2.6546308097822915,3.272157211244089,3.219112813146767,11.050652628862997,348.1364514373297,2395.6644591683284,3689.875125600383,192.34767697941083,0.0,0.0,0.0,0.0,7922.294369103671,3442.774436255958,0.0,0.0,252.21672589677547,0.0,5971.49612663782,7364.277938749687,4229.666647087255,78.90009212690153,0.0,0.0,1560.750955942725,0.0,0.0,0.0,0.0,0.0,1362.0201980852842,0.0,0.0,0.0,0.0,0.0,0.0,0.0,0.0,0.0
202,-1.7763568394002496e-17,1.0207953015407445,0.6436348959843661,0.3363168750697696,2.525321197653308,3.268566113829979,2.753872089469614,11.612947093838564,331.1464112848918,2945.402595253439,4628.878349882036,166.0112895913154,0.0,0.0,0.0,0.0,8390.413916428566,3173.8139423838998,0.0,0.0,611.960899164287,0.0,4044.2145658233567,5240.098708103806,3264.8680608390887,0.0,0.0,0.0,1585.313046737563,0.0,0.0,0.0,0.0,0.0,1343.2940377833115,0.0,0.0,0.0,0.0,0.0,0.0,0.0,0.0,0.0
203,-1.7763568394002496e-17,0.8953590555747502,0.545028037576871,0.2857848739534897,2.3107341089098727,3.234575446132186,2.2754595034311182,11.776181233792306,315.8578177115106,3388.159689491346,6116.32412356959,138.22282097222669,0.0,0.0,0.0,0.0,8967.971848952158,2785.063093495921,0.0,0.0,912.9615038387826,0.0,2313.97322049177,3091.356817131996,2168.541781743583,0.0,0.0,0.0,1602.3667361097907,0.0,0.0,0.0,0.0,0.0,1328.9145970234142,0.0,0.0,0.0,0.0,0.0,0.0,0.0,0.0,0.0
204,-1.7763568394002496e-17,0.7696456606855585,0.427468781731483,0.2375661134445969,2.0299201138792244,3.156783150880597,1.7437916624756704,11.571204169873734,373.09632072835393,3586.329717782416,6333.380110848407,84.14089802560258,0.0,0.0,41.73684984439897,0.0,8613.025066094833,2565.534581322496,0.0,7.207018880235013,1065.014002454668,0.0,2240.536645136607,3049.679410360203,2238.5794823131496,0.0,0.0,0.0,1617.673246421242,0.0,0.0,0.0,0.0,0.0,1328.4093971990774,0.0,0.0,0.0,0.0,0.0,0.0,0.0,0.0,0.0
205,-1.7763568394002496e-17,0.6362290132265794,0.3107270473140195,0.1837440525887048,1.7050446731481694,3.024040755068972,1.2147995700669787,11.130893137196,1362.7324349693738,4749.41954122403,6194.720757877077,22.499832847607408,0.0,0.0,616.1996073213239,0.0,8104.627119994793,2265.7450819707697,0.0,106.40386661941989,1752.2579220572602,0.0,2198.3305553185182,3482.2495880128145,2818.8350613605626,0.0,0.0,0.0,1620.6997257710225,0.0,0.0,0.0,0.0,0.0,1337.7784406363032,0.0,0.0,0.0,0.0,0.0,0.0,0.0,0.0,0.0
206,-1.7763568394002496e-17,0.4859142804628545,0.2440820525980068,0.1371236585305723,1.4248370231379048,2.8739281821358618,0.7927049727342893,10.44792591357827,1871.4380940966632,5311.388331930899,6062.122217909809,0.0,0.0,0.0,920.186913001599,0.0,7886.988032521406,2130.9889177265527,0.0,187.2283193339206,2111.2994035273973,0.0,2182.229682553923,3748.697446181177,3153.713033635487,57.51967255035108,0.0,0.0,1603.5768172211924,0.0,0.0,0.0,0.0,0.0,1340.236361875374,0.0,0.0,0.0,0.0,0.0,0.0,0.0,0.0,0.0
207,-1.7763568394002496e-17,0.3691449492712343,0.1938538237422429,0.1007231326433902,1.1497669250300238,2.7345180254600416,0.5099290317638058,9.474875410843836,1756.8345176342357,4907.297641244562,5592.722139591214,0.0,0.0,0.0,955.5700927708992,0.0,7548.757255785361,2053.939501769656,0.0,432.4560629590508,2346.843111508968,0.0,2492.096367522402,4482.4023018973285,3766.237589187524,369.65007955623287,0.0,0.0,1550.1544812291406,0.0,0.0,0.0,0.0,0.0,1321.8691024170566,0.0,0.0,0.0,0.0,0.0,0.0,0.0,0.0,0.0
208,-1.7763568394002496e-17,0.2787060446910298,0.1822630646793041,0.0690346473488376,0.904282637168652,2.592814890528829,0.4158656255047888,8.279040650281788,1401.888161967304,4022.9701137420943,4936.739994543256,0.0,0.0,0.0,964.3120709736288,0.0,7079.710529573844,1969.514732484706,0.0,730.6447352130782,2721.0524868053776,0.0,3035.697222018456,5676.125566876577,4641.7884667853305,672.3257998175093,0.0,0.0,1510.0,0.0,0.0,0.0,0.0,0.0,1299.0,0.0,0.0,0.0,0.0,0.0,0.0,0.0,0.0,0.0
209,-1.7763568394002502e-17,0.190387065169435,0.1980696307114746,0.0378981771428581,0.6830828357257841,2.4298801383933077,0.3961130299258891,7.076601977089944,1476.247592024995,4255.1618307526405,4600.863267139201,0.0,0.0,0.0,1094.6840091916424,0.0,6790.450183524943,1716.2717647208856,0.0,873.3579080477308,2949.863257499948,0.0,2969.4355697625715,5737.125592009829,4961.69763098412,731.3819816167153,0.0,0.0,1477.3461538461538,0.0,0.0,0.0,0.0,0.0,1287.1037963146575,0.0,0.0,0.0,0.0,0.0,0.0,0.0,0.0,0.0
210,-1.7763568394002496e-17,0.1057688216942107,0.2292571665970171,0.0096910269343332,0.5251504351656148,2.2727797978731927,0.4617380450580343,5.90789916042241,1838.4549841399305,4787.259122304298,4861.265964563489,0.0,0.0,0.0,1174.8811174249706,0.0,7032.619460977706,1804.9140244220944,0.0,798.8311807724463,2790.678759141448,0.0,2652.8088263654467,5092.3650462571,4472.38458027359,588.2377651500589,0.0,0.0,1458.393989533388,0.0,0.0,0.0,0.0,0.0,1280.0639953481725,0.0,0.0,0.0,0.0,0.0,0.0,0.0,0.0,0.0
211,-1.7763568394002496e-17,0.0272976174626074,0.2575423277781546,1.9213931521578752e-05,0.407701219823715,2.151769048326805,0.5494179675934652,4.712166493736239,2245.7350788532963,5379.256936015655,5173.785127889539,0.0,0.0,0.0,1259.20160884428,0.0,7327.774130312247,1923.079009333132,0.0,705.7587244274036,2592.945084511179,0.0,2296.4054467898018,4348.137804342719,3892.795611841463,419.5283374468148,0.0,0.0,1420.058852053215,0.0,0.0,0.0,0.0,0.0,1263.0261564680957,0.0,0.0,0.0,0.0,0.0,0.0,0.0,0.0,0.0
212,-1.7763568394002496e-17,2.055491815131733e-05,0.2587845849368773,7.975842208907099e-16,0.3430113011543322,2.072696188052856,0.6412858712899431,3.629299041867095,3298.6695686461467,6067.2195190086,6520.29115695224,440.3206049224475,0.0,355.0715306163394,1574.097163777784,0.0,8704.600495921251,2240.687326611752,0.0,235.34202617797385,1752.1933171903722,0.0,1210.0425822079671,2125.217182317105,1816.830284887649,53.61566584017331,0.0,0.0,1343.041892247929,0.0,0.0,0.0,0.0,0.0,1227.3249738614693,0.0,0.0,0.0,0.0,0.0,0.0,0.0,0.0,0.0
213,-1.7763568394002496e-17,-2.984279490192416e-16,0.2562158940996679,7.975842208907099e-16,0.3195350161964335,1.987774359915676,0.7298057610962245,2.733420287573048,3707.555079544397,6497.717328281598,7647.333060222555,980.969322186497,0.0,588.4916316795536,1526.4927358494165,0.0,9923.510941430786,2528.6436142861785,0.0,21.271152828450237,1138.586861527763,0.0,597.2418461143795,977.3297937276036,769.692944635105,0.0,0.0,0.0,1308.429618324103,0.0,0.0,0.0,0.0,0.0,1209.2805881500458,0.0,0.0,0.0,0.0,0.0,0.0,0.0,0.0,0.0
214,-1.7763568394002496e-17,-2.984279490192416e-16,0.2528432533484463,7.975842208907099e-16,0.3048251503349594,1.898887430070746,0.7561118779534881,2.0186483734977405,3613.4903990716666,5953.18129251558,7984.812380605481,1117.823701995292,0.0,588.086896987598,1478.306135169139,0.0,10422.76147876892,2677.816597596204,0.0,0.0,1004.0035895338044,0.0,492.6114935443189,746.6543548145402,553.0936926763529,0.0,0.0,0.0,1285.8467404498638,0.0,0.0,0.0,0.0,0.0,1211.682221788819,0.0,0.0,0.0,0.0,0.0,0.0,0.0,0.0,0.0
215,-1.7763568394002496e-17,-2.984279490192416e-16,0.2414511082337307,7.975842208907099e-16,0.3158227620058607,1.8226935221285927,0.7413161631721704,1.4642871026382511,2981.300999074293,3388.850264943088,8626.596489629233,1291.9133495402848,0.0,436.84871770601217,1348.7299090026063,0.0,11685.15651689341,3100.7513687394426,0.0,0.0,849.5297809547303,0.0,446.6825803899947,489.1619467786279,262.0315265065915,0.0,0.0,0.0,1314.595763742155,0.0,0.0,0.0,0.0,0.0,1232.561877957794,0.0,0.0,0.0,0.0,0.0,0.0,0.0,0.0,0.0
216,-1.7763568394002496e-17,-2.984279490192416e-16,0.2036773735415285,7.975842208907098e-16,0.3187161741528224,1.7608600767436893,0.7282375792929217,1.077212289803536,2314.3620740896317,2147.7557991343474,9267.208455091535,1407.8811608042056,0.0,238.98790257116693,1019.7658490475776,0.0,12844.326995189082,3439.080438064448,0.0,0.0,652.0710676929253,0.0,407.7947482850383,335.8282542999956,50.99775220876075,0.0,0.0,0.0,1387.825302410978,0.0,0.0,0.0,0.0,0.0,1283.9673768326084,0.0,0.0,0.0,0.0,0.0,0.0,0.0,0.0,0.0
217,-1.7763568394002496e-17,-2.984279490192416e-16,0.1661959857408644,7.975842208907099e-16,0.3130029726591966,1.6659048936191043,0.7162512777501343,0.8655570468419863,1423.4916183579628,927.9527037889892,9207.426999519716,1204.5583783230256,0.0,74.81358061848925,579.7268960973395,0.0,12491.88908108005,3019.708841605901,0.0,0.0,386.2761964992987,0.0,173.86097842283877,133.07514462762984,0.0,0.0,0.0,0.0,1823.5444358262157,0.0,0.0,0.0,0.0,0.0,1727.639930010179,0.0,0.0,0.0,0.0,0.0,0.0,0.0,0.0,0.0
218,-1.7763568394002496e-17,-2.984279490192416e-16,0.1280842386397546,7.975842208907098e-16,0.2949409360408677,1.5416982129485417,0.6377553141987091,0.7268029213110887,821.6930431596948,104.70143678196848,8787.873349434123,928.3344246526298,0.0,0.0,262.7986334216962,0.0,11637.799207140066,2492.5972668433924,0.0,0.0,163.28447621300538,0.0,0.0,0.0,0.0,0.0,0.0,0.0,3866.715506399101,0.0,0.0,0.0,0.0,0.0,3938.214032640878,0.0,0.0,0.0,0.0,0.0,0.0,2.440051907777076,0.0,0.0
219,-1.7763568394002502e-17,-2.984279490192416e-16,0.0849138270697674,7.975842208907099e-16,0.2706939538872961,1.398746553065172,0.5212639934528509,0.5930740789212758,665.5196857864485,53.49505196818642,8332.167342373024,702.1728373289545,0.0,0.0,149.12825041037814,0.0,10919.7860910033,2162.6628140176394,0.0,0.0,50.180756026770624,0.0,0.0,0.0,0.0,0.0,0.0,0.0,5765.438584854413,0.0,0.0,0.0,0.0,0.0,6158.8395012296405,3.1653397728868606,0.0,0.0,0.0,0.0,0.0,102.39881106552852,0.0,0.0
220,-1.7763568394002496e-17,-2.984279490192416e-16,0.0429054151096345,7.975842208907099e-16,0.2475868720664427,1.2342694970511692,0.4017186843739547,0.477843462071748,454.4551278948942,28.209828128139083,7763.109013138228,385.459415256288,0.0,0.0,151.49957951643623,0.0,9867.90177786002,1650.991473673722,0.0,0.0,6.772008511279321,0.0,0.0,0.0,0.0,0.0,0.8205635873560402,0.0,6908.433593608092,0.4444719431511884,0.0,0.0,0.0,0.0,7637.840856368214,127.80045021020796,0.0,0.0,0.0,0.0,0.0,334.479931753485,0.0,0.0
221,-1.7763568394002496e-17,-2.984279490192416e-16,0.0092982824570582,7.975842208907101e-16,0.2240063429323509,1.060460596877365,0.2950202051315483,0.4162217466823928,497.6685475726324,18.358659426398567,7466.127520993077,302.2463301691883,0.0,0.0,223.6830989693394,0.0,9326.683542014573,1467.4805900477068,0.0,0.0,5.031530860758879,0.0,0.0,0.0,0.0,0.0,97.77195343279462,0.0,7404.576293916369,104.22693646427508,0.0,0.0,0.0,0.0,8107.082634553601,370.75942833991104,0.0,0.0,0.0346344033685756,0.0,0.0020990547496106,516.4955431803467,0.0,0.0
222,-1.7763568394002496e-17,-2.984279490192416e-16,0.0036621450897012,7.975842208907099e-16,0.1990306391362104,0.8891386531096407,0.207411027503876,0.3707557342303293,593.4082192095391,8.801621434269864,7227.469984990787,266.0955715941088,0.0,0.0,293.78791150520493,0.0,8866.389676393619,1282.441721394098,0.0,0.0,3.270550865958908,0.0,0.0,0.0,0.0,0.0,231.8653101706432,0.0,7702.067829468448,257.0915786725945,0.0,0.0,0.0,0.0,8411.961681407416,536.8003378216197,0.0,0.0,11.421049299770653,0.0,1.80606940263664,642.8474922571969,0.0,0.0
223,-1.7763568394002496e-17,-2.984279490192417e-16,0.0014777076677743,7.975842208907099e-16,0.1804527449925228,0.7459455162134606,0.1390952403338878,0.3290997337973292,654.3915975462436,0.2979698801006422,6991.697357852386,218.70924713182,0.0,0.0,350.6514448518412,0.0,8445.637441242829,1124.8585304156384,0.0,0.0,40.81594109049556,0.0,0.0,0.0,0.0,0.0,301.63927375940096,0.0,7944.768298704005,278.40834119516927,0.0,0.0,0.0,0.0,8750.479935933725,749.7688441957201,0.0,0.0,0.0,0.0,117.65290385349424,716.1591220395389,0.0,0.0
224,-1.7763568394002496e-17,-2.984279490192416e-16,5.121230102580479e-05,0.0007453001375134,0.2073347734355027,0.6814657232985748,0.1850302405757626,0.3061381823313469,549.1868682940158,0.0,6871.260242920812,147.0740174015753,0.0,0.0,329.1298000730165,0.0,8368.951726356916,1147.1122081176616,0.0,0.0,219.58185165395923,0.0,0.0,0.0,0.0,0.0,270.593116247534,0.0,8058.382354106564,243.0617906831393,0.0,0.0,0.0,0.0,8957.75359580451,902.0305682624931,0.0,0.0,0.0,0.0,284.93119531932547,817.4435619352408,0.0,0.0
225,-1.7763568394002496e-17,3.1506308967115392e-06,2.3803181647963387e-16,0.0123093707681071,0.2963743297295658,0.6699589468774134,0.3243531882289043,0.2883244060106184,400.5970472062885,0.0,6516.469783566164,30.58285027019022,0.0,0.0,213.69215576604256,0.0,7895.488548802068,957.3499686317753,0.0,0.0,312.76821836393856,0.0,0.0,0.0,0.0,0.0,189.7131555464885,0.0,7511.001446931511,219.88337006641623,0.0,0.0,0.0,0.0,8567.94914945276,1121.407465810536,0.0,0.0,0.0,0.0,497.15116331917926,935.9808560852778,0.0,0.0
226,-1.7763568394002496e-17,0.002305520491694,2.3803181647963387e-16,0.0443531567768778,0.423292310259665,0.7186386776746894,0.5136935396818612,0.2801526496600533,307.6498521288165,0.0,6081.293455986448,0.0,0.0,0.0,89.88441784615304,0.0,7239.767902410908,692.3834216612115,0.0,0.0,251.13764637285817,0.0,0.0,0.0,0.0,0.0,150.37918720403115,0.0,7524.185348830182,266.4910206758183,0.0,0.0,0.0,0.0,8858.272438342628,1513.2892056500652,0.0,0.0,0.0,0.0,861.5650285949658,1231.3129225144278,0.0,0.0
227,-1.7763568394002493e-17,0.0075709042684382,2.3803181647963387e-16,0.1457013033588048,0.607159205878402,0.8724795583913668,0.8566568291900337,0.2688325440458338,231.02078655627784,0.0,5593.58930114914,0.0,0.0,0.0,22.210236955112336,0.0,6563.286938308603,458.1758612626762,0.0,0.0,148.7322241761215,0.0,0.0,0.0,0.0,0.0,126.33292689781987,0.0,8502.523744442546,386.957727889778,0.0,0.0,0.0,0.0,10288.027483849542,2166.762179556144,0.0,0.0,0.0,0.0,1376.613753166608,1716.135407421882,0.0,0.0
228,-1.7763568394002496e-17,0.0286825627021038,2.3803181647963387e-16,0.3670639513975646,0.8705989558848245,1.1312641265492855,1.3590948573687711,0.2765026470453909,205.32553446485392,0.0,3789.5855383116873,0.0,0.0,0.0,0.0,0.0,4315.169581487697,115.76641910140896,0.0,0.0,33.98393687225131,0.0,0.0,0.0,0.0,0.0,264.90482158601554,0.0,10002.82245041467,916.3736055362168,0.0,1.501068475975742,0.0,0.0,12057.260673608902,3218.0128396116816,0.0,3.457006187095648,4.821613892528141,0.0,1986.9574049186676,2301.061592914364,13.108585937300754,0.0
229,-1.7763568394002496e-17,0.0769808752167282,2.3803181647963387e-16,0.6754779667375425,1.1968763462966552,1.5356816666077835,1.951374784673833,0.3226987363455018,45.15438678198751,0.0,2498.0549215611595,0.0,0.0,0.0,0.0,0.0,2852.207983996216,0.0,0.0,0.0,0.0,0.0,0.0,0.0,0.0,0.0,760.3340399741361,0.0,11452.779744926607,1449.9785261137015,0.0,38.9859609226629,11.355569154924408,0.0,13387.13492874954,3840.928621074528,0.0,65.6097935085058,79.34936975008677,0.0,2085.546381165407,2453.7478654514543,55.06629202051524,0.0
230,-1.7763568394002496e-17,0.129866122644518,2.3803181647963387e-16,0.970983485571217,1.4661936825605395,2.0488715271449824,2.5476573287407955,0.3600570957556951,0.0,0.0,2045.3254263328156,0.0,0.0,0.0,0.0,0.0,2429.728743973672,0.0,0.0,0.0,0.0,0.0,0.0,0.0,0.0,0.0,1227.0095602487895,46.520814020519886,11786.522401179043,1565.756235067272,0.0,168.7453686303682,130.60803290650338,0.0,13380.58598632318,3573.146708592016,0.0,125.249084112734,73.35918244244161,0.0,1717.6342384344669,2146.89187636327,115.75544831046165,0.0
231,-1.7763568394002496e-17,0.1821113915394018,2.3803181647963387e-16,1.248965143305251,1.6636675734873072,2.5742806412435937,3.0984969421698363,0.3885852238803861,0.0,0.0,1411.884894487866,0.0,0.0,0.0,0.0,0.0,1838.5938240583987,0.0,0.0,0.0,0.0,0.0,0.0,0.0,0.0,0.0,2964.017799182564,1429.3959864316812,11416.09081965748,1676.4713070993496,0.0,733.0350780052497,917.7015077761192,0.0,12394.607131475124,2867.542053338323,0.0,210.02497287904944,505.5540807716615,0.0,1320.873116730983,2069.479755819289,224.9481198146249,0.0
232,-1.7763568394002496e-17,0.2334440400398669,2.3803181647963387e-16,1.5132821223951574,1.8399811061356253,3.0921430582583604,3.6533828068422896,0.4291664157912717,0.0,0.0,856.6277629123091,0.0,0.0,0.0,0.0,0.0,1319.5164754411037,0.0,0.0,0.0,0.0,0.0,0.0,0.0,0.0,0.0,3657.1262774022007,2455.7462549749584,10458.42765336722,1549.5985820322878,0.0,992.0875685811064,1773.4791939031882,0.0,11297.646062501412,2694.471953216351,0.0,445.71134838905215,1427.2181862377831,0.0,1819.964861491487,2804.4571133864097,660.5131918414842,0.0
233,-1.7763568394002496e-17,0.284125316330721,2.3803181647963387e-16,1.720917583467189,2.0096084200122872,3.6028192499740537,4.124092215897198,0.5133800935197016,0.0,0.0,464.7743185929426,0.0,0.0,0.0,0.0,0.0,965.267224414736,0.0,0.0,0.0,0.0,0.0,0.0,0.0,0.0,0.0,3427.792660420969,2584.1588835733014,9756.541468859918,1307.1118164694676,0.0,952.717076943205,2182.8398242440944,0.0,10742.57344296745,2690.4690117689333,0.0,641.725241587744,2058.814479078541,0.0,2395.556097860928,3451.6275471187278,1143.3770302277114,0.0
234,-1.7763568394002496e-17,0.3181408155724048,2.3803181647963387e-16,1.8221166292155595,2.0742436399476243,4.006331976684781,4.448587557917529,0.5927122699347139,0.0,0.0,304.2525488304339,0.0,0.0,0.0,0.0,0.0,876.8925656818843,0.0,0.0,0.0,0.0,0.0,0.0,0.0,0.0,0.0,2511.13557977816,2325.4381996664847,8849.876399332969,900.3651663887373,0.0,479.2578369127166,2080.0186967735,0.0,9980.410359648124,2819.46738321732,0.0,894.0407523781855,2529.0879609362837,0.0,3596.964621751711,4639.0971041811445,1772.9884311726494,0.0
235,-1.7763568394002496e-17,0.3259623945815273,2.3803181647963387e-16,1.8144310030588728,2.0068249500956794,4.196191078969838,4.576532572087177,0.6410137713488234,0.0,0.0,292.96719264224635,0.0,0.0,0.0,0.0,0.0,850.5655764495687,0.0,0.0,0.0,0.0,0.0,0.0,0.0,0.0,0.0,1964.9720818305752,2103.350643874195,8398.420062486734,713.9024409214145,0.0,212.40439676756537,1918.0618245005944,0.0,9605.840447954344,2904.950877540794,0.0,986.4195520894192,2687.368662189574,0.0,4164.159168258595,5101.627110113284,1989.923483720757,0.0
236,-1.7763568394002496e-17,0.3333556588229304,2.3803181647963387e-16,1.776370599839121,1.9208173217702649,4.2047759313573225,4.576406125540394,0.6970160668610871,0.0,0.0,269.5122677096735,0.0,0.0,0.0,0.0,0.0,827.0483043713458,0.0,0.0,0.0,0.0,0.0,0.0,0.0,0.0,0.0,1959.346801587491,2174.002484539197,7072.617072657801,492.7533639022639,0.0,293.8870008856693,1729.0272205109898,0.0,8163.24992352646,2290.577919648753,0.0,869.4640986772412,2358.667585298923,0.0,3390.2633378014866,4422.017693282792,1773.0143567355726,0.0
237,-1.7763568394002496e-17,0.3469386098585663,2.3803181647963387e-16,1.686593103810158,1.8201137229539572,4.1504881719126745,4.446661655541528,0.7610225083398046,0.0,0.0,241.86242139546547,0.0,0.0,0.0,0.0,0.0,809.9663477730755,0.0,0.0,0.0,0.0,0.0,0.0,0.0,0.0,0.0,1781.0069733671614,2072.240618993702,4796.998920643871,173.2318321293517,0.0,370.04427796321096,1341.5660659564323,0.0,5646.287879736013,1322.3413415363482,0.0,647.2489445894172,1741.5702096537618,0.0,2126.477068477467,3185.8854022627293,1346.8574857270603,0.0
238,-1.7763568394002496e-17,0.3506823221510683,2.3803181647963387e-16,1.506418093909108,1.6576588674125197,4.010623734173389,4.155503582437161,0.8098082330254973,0.0,0.0,223.04128991040824,0.0,0.0,0.0,0.0,0.0,792.9111296274051,0.0,0.0,0.0,0.0,0.0,0.0,0.0,0.0,0.0,978.1731650788396,1138.413455321507,2629.792080335259,94.30801102553812,0.0,203.53788273050688,736.1517124492769,0.0,3095.8037765224312,723.9933443551078,0.0,355.04749559443184,955.3166210494968,0.0,1165.0661706107503,1747.298430809559,738.9243761959906,0.0
239,-1.7763568394002496e-17,0.3381430348661603,2.3803181647963387e-16,1.2769399945315605,1.4517567947797794,3.778923768125303,3.8237118543474167,0.7872173713682818,0.0,0.0,215.7534786980881,0.0,0.0,0.0,0.0,0.0,786.815109023566,0.0,0.0,0.0,0.0,0.0,0.0,0.0,0.0,0.0,777.6332853225737,905.0269339112946,2090.6557551076494,74.96446837348456,0.0,161.80649356976446,585.2359812120947,0.0,2461.124783545592,575.5637148585597,0.0,282.2529917615535,759.4627640956135,0.0,926.2111175930496,1389.0838566422865,587.4298181795468,0.0
240,-1.7763568394002496e-17,0.3131562372757472,2.3803181647963387e-16,1.001045746343646,1.2109705455311444,3.4414183241686134,3.3639449925330185,0.742137452811241,0.0,0.0,153.42999280150903,0.0,0.0,0.0,0.0,0.0,736.2131196011318,0.0,0.0,0.0,0.0,0.0,0.0,0.0,0.0,0.0,315.4944683770527,367.21115171433786,848.205623223629,30.434883749455093,0.0,65.65632720162706,237.45014458920173,0.0,998.5374952500276,233.54703709136243,0.0,114.51300448152074,308.1450524740801,0.0,375.7998085282211,563.6112020948759,238.31310025630364,0.0
241,-1.7763568394002496e-17,0.2878121530670673,2.3803181647963387e-16,0.6350554366800266,0.9730817349350054,3.018428455427128,2.724641455193523,0.7150004948832925,0.0,0.0,114.79967401316166,0.0,0.0,0.0,0.0,0.0,695.5699945889168,0.0,0.0,0.0,0.0,0.0,0.0,0.0,0.0,0.0,478.821628521275,580.9059099216676,1367.9293544459638,128.22131708511503,0.0,100.9545883503315,226.5755154546308,0.0,1488.7644744794688,361.5551726973744,0.0,93.97297707352114,290.95209736072053,0.0,388.9633886996042,630.0395510686654,210.85863379029675,0.0
242,-1.7763568394002496e-17,0.3024116100181991,2.3803181647963387e-16,0.364200647904665,0.8422115025751818,2.8540658336906084,2.2255500304662723,0.7106545682088558,0.0,0.0,67.08708376477591,0.0,0.0,0.0,0.0,0.0,648.4376285428013,0.0,0.0,0.0,0.0,0.0,0.0,0.0,0.0,0.0,2482.51116615827,3207.579782889584,6901.908872379397,723.3373824955047,0.0,545.1573614824426,1018.6973621588412,0.0,7345.85302044126,1684.5485872726858,0.0,339.21893280866783,1240.7518836461254,0.0,1574.479054818397,2704.983773317801,818.3704148768354,0.0
243,-1.7763568394002502e-17,0.3137511030007662,2.3803181647963387e-16,0.1917683213966272,0.7498544620434434,2.7444905446866987,1.8930708623973944,0.6655104889028751,0.0,0.0,29.16823506324205,0.0,0.0,0.0,0.0,0.0,593.7135979857595,0.0,0.0,0.0,0.0,0.0,0.0,0.0,0.0,0.0,3939.650583209762,6606.155925122484,10107.7114764399,1211.801247020483,0.0,866.5918795918642,1146.3308984022765,0.0,10102.33865363394,1725.4754180035404,0.0,79.74711467271861,1107.855510227032,0.0,730.1205694704347,2190.159097293508,379.87055255386633,0.0
244,-1.7763568394002496e-17,0.3377683214234899,2.3803181647963387e-16,0.1077529333507917,0.7244696432644107,2.7185374106593803,1.638695353371899,0.643168781886249,0.0,0.0,0.0,0.0,0.0,0.0,0.0,0.0,532.9980850415841,0.0,0.0,0.0,0.0,0.0,0.0,0.0,0.0,0.0,4506.079640955365,8249.028048631912,10965.946659930463,1467.840882771358,0.0,999.6682199404412,993.7566407272368,0.0,10289.411990944074,1319.7000698852485,0.0,0.0,718.9818902431786,0.0,46.08825486493491,1334.9283407242017,25.70306521313677,0.0
245,-1.7763568394002496e-17,0.3837138631799875,2.3803181647963387e-16,0.118861566099668,0.7693856155333169,2.834221987642768,1.4736113388555816,0.6675901242634242,0.0,0.0,0.0,0.0,0.0,0.0,0.0,0.0,559.3106642541089,0.0,0.0,0.0,0.0,0.0,0.0,0.0,0.0,0.0,4844.559427141535,8337.850862594556,11256.507765526065,1579.609210868358,0.0,1080.3249248993077,1016.2739301611668,0.0,10384.857915727447,1239.0290721110553,0.0,0.0,631.6531524736066,0.0,0.0,1092.0290721110553,0.0,0.0
246,-1.7763568394002496e-17,0.4266491989292826,2.3803181647963387e-16,0.1376829820465119,0.810204709754149,3.011496010782029,1.374906527773003,0.6815394830448053,0.0,0.0,0.0,0.0,0.0,0.0,0.0,0.0,546.1246479884098,0.0,0.0,0.0,0.0,0.0,0.0,0.0,0.0,0.0,4909.981187291255,8244.51501243109,11165.500708847896,1578.4676299543544,0.0,1076.8481332493095,1034.062705519572,0.0,10326.520106908809,1164.3492239026657,0.0,0.0,597.6321357367221,0.0,0.0,1010.6894669678132,0.0,0.0
247,-1.7763568394002496e-17,0.4481183630666397,2.3803181647963387e-16,0.1505749776712919,0.8303239449826026,3.112881210962685,1.314285593895643,0.6608689237076281,0.0,0.0,0.0,0.0,0.0,0.0,0.0,0.0,532.2069858731768,0.0,0.0,0.0,0.0,0.0,0.0,0.0,0.0,0.0,5215.077994443629,7673.164159893744,11098.85677388762,1733.4590305022728,0.0,1301.8821767722916,1359.271962485564,0.0,10268.097224586389,1063.1690571063634,0.0,0.0,657.2643496541432,0.0,0.0,776.5534183760807,0.0,0.0
248,-1.7763568394002496e-17,0.4281615464746834,2.3803181647963387e-16,0.1514991698407973,0.8170782414362747,3.0725751985379497,1.262457734536348,0.6324846634405181,0.0,0.0,0.0,0.0,0.0,0.0,0.0,0.0,660.1534100501045,0.0,0.0,0.0,0.0,0.0,0.0,0.0,0.0,0.0,5120.245037902252,7187.247314777738,11158.280756150272,1778.5617495754077,0.0,1279.2646787674737,1370.6190736394317,0.0,10244.441876203451,1041.5999240871326,0.0,0.0,622.6766526749196,0.0,0.0,712.3000806809987,0.0,0.0
249,-1.7763568394002496e-17,0.402497421488371,2.3803181647963387e-16,0.1489881870299003,0.8037014500643205,2.999439853350399,1.2083920716805017,0.6394279318905646,0.0,0.0,0.0,0.0,0.0,0.0,0.0,0.0,1296.7543794293824,0.0,0.0,0.0,0.0,0.0,0.0,0.0,0.0,0.0,5000.281680588257,6697.012653707784,11224.916774305864,1817.572386285668,0.0,1240.9829072048417,1363.1077738446388,0.0,10221.54534052474,1023.362399795086,0.0,0.0,581.1304278384929,0.0,0.0,656.0506187345143,0.0,0.0
250,-1.7763568394002496e-17,0.3777927686312287,2.3803181647963387e-16,0.1469964940863788,0.7734410283302,2.861243828590501,1.1814843838916702,0.6208249690581993,205.8130985908152,17.21112172645405,1463.7825545770538,0.0,0.0,0.0,108.11564462516158,0.0,2722.918710039233,0.0,0.0,0.0,357.306087934815,0.0,0.0,535.2679240695251,150.17142250998543,0.0,3520.7931336096062,3916.2328260679774,10133.671531644726,1346.204730068755,0.0,713.9832106269012,1245.630048530224,0.0,9308.572059270376,659.7599134940191,0.0,0.0,528.6997252512817,0.0,0.0,559.296260305714,0.0,0.0
251,-1.7763568394002496e-17,0.3402908325982435,2.3803181647963387e-16,0.1403115231037023,0.7206576754976247,2.6012703757937907,1.1515101278706723,0.5712658341086733,280.47708030424326,5.904211525858956,2824.142471584667,0.0,0.0,0.0,84.04829794591868,0.0,4035.2341503676944,72.57142857142857,0.0,0.0,464.3479924416839,0.0,32.57142857142857,838.8195228478573,297.54367908108,0.0,2354.129835734903,2158.9806228709085,9073.463896229665,776.4406678804344,0.0,290.30935483964504,765.7744308916808,0.0,8228.642940259302,304.0551078264172,0.0,0.0,325.4369125908456,0.0,0.0,333.682672218027,0.0,0.0
252,-1.7763568394002496e-17,0.2700843874543673,2.3803181647963387e-16,0.1208916335094786,0.6373469425069359,2.1804440548024338,1.0692229089450875,0.4957872187656709,251.84307553403468,0.0,3087.1274865797736,0.0,0.0,0.0,72.05926389727772,0.0,4447.984071253318,189.78585740247368,0.0,0.0,478.5395398846531,0.0,97.3385183017422,934.3591205034804,379.07938291279766,0.0,1701.6580862037174,1411.100987627021,8382.415572529224,322.20935527713834,0.0,51.67908644254148,168.08037976761764,0.0,7328.707227215434,54.14308666358545,0.0,0.0,57.93333473519221,0.0,0.0,59.41535878018183,0.0,0.0
253,-1.7763568394002502e-17,0.2078959241661124,2.3803181647963387e-16,0.0957157548039869,0.5451565470398643,1.7831132421612688,0.9492166275962188,0.430989373455904,193.69625850985523,0.0,3401.12852560958,0.0,0.0,0.0,60.185716169479605,0.0,5026.18655269804,585.6923823280845,0.0,0.0,523.8202227493905,0.0,361.4775984750738,1044.261643499145,534.5731430932861,0.0,1482.5043942460652,1009.0105686141252,8165.215456392872,164.3060549293606,0.0,0.0,11.031067882229037,0.0,6949.920418538122,0.0,0.0,0.0,0.0,0.0,0.0,0.0,0.0,0.0
254,-1.7763568394002496e-17,0.1512725543496144,2.3803181647963387e-16,0.072472747574751,0.4583889563983856,1.4140357613693466,0.814365645587617,0.3735433031803084,133.13979339555516,0.0,3727.600258241683,0.0,0.0,0.0,41.8972638572792,0.0,5616.940514461907,941.456372767984,0.0,0.0,576.2233004290217,0.0,666.6059244569227,1212.5044462183914,706.9911600858234,0.0,1379.5412805598296,693.1818468623491,8058.621047082471,82.19424527424658,0.0,0.0,0.0,0.0,6688.317947047989,0.0,0.0,0.0,0.0,0.0,0.0,0.0,0.0,0.0
255,-1.7763568394002496e-17,0.0990896068704317,2.3803181647963387e-16,0.0501868237610632,0.3697650599489674,1.117068663504327,0.7369822026322936,0.4347183676783925,86.5419572026415,0.0,4091.060254148829,0.0,0.0,0.0,30.68504155700477,0.0,6165.182931928287,1185.0924659641432,0.0,0.0,558.6844138624134,0.0,830.5698311366588,1277.7655338812422,741.8692271668396,0.0,1362.297950449777,616.60326477351,7848.584277481092,26.094917458341477,0.0,0.0,0.0,0.0,6444.516237944848,0.0,0.0,0.0,0.0,0.0,0.0,0.0,0.0,0.0
256,-1.7763568394002496e-17,0.0615167082423294,2.3803181647963387e-16,0.0573585699456716,0.2895058082087134,0.9867729777948104,0.7508570633058463,0.7027206722321544,92.64103222297756,0.0,4281.865073651378,0.0,0.0,0.0,63.18449364128436,0.0,6348.493118396182,1262.0515404700018,0.0,0.0,513.5858087948708,0.0,822.9934971168074,1249.4931543114594,690.9596342997294,0.0,1429.168178184128,675.8786134022956,7680.541889759999,9.01676833031306,0.0,0.0,0.0,0.0,6346.388654604732,0.0,0.0,0.0,0.0,0.0,0.0,0.0,0.0,0.0
257,-1.7763568394002496e-17,0.1105863821296386,0.0001613564659647,0.156606991753729,0.252601978943095,1.1554384266942903,0.9551088975081674,1.069732521115136,127.63510585129168,10.518864255744498,4471.122202186904,7.991604661831859,0.0,0.0,94.91467359935892,0.0,6533.721963763251,1299.6297160639365,0.0,0.0,460.583592214279,0.0,765.9197239936684,1136.8843797187224,599.4853334133396,0.0,1489.957368800093,725.3868582993686,7600.607966965928,3.608783411015612,0.0,0.0,0.0,0.0,6308.174275647066,0.0,0.0,0.0,0.0,0.0,0.0,0.0,0.0,0.0
258,-1.7763568394002496e-17,0.2299960554817275,0.0042604580174264,0.2852775403981699,0.3125637057498878,1.5205163376508573,1.2859571553307867,1.5638903105156283,426.9043445331546,458.346723301028,5762.646328863261,434.9177194143063,0.0,0.0,130.4336768204261,0.0,7993.152634388916,1663.3897852278226,0.0,0.0,121.59427505225452,0.0,544.2385524849344,566.533104537365,171.88316567765628,0.0,1213.9220776865925,279.2686343081531,5870.016678229567,0.0,0.0,0.0,0.0,0.0,4808.077864894491,0.0,0.0,0.0,0.0,0.0,0.0,0.0,0.0,0.0
259,0.001880445753371,0.3577213965049831,0.0148297931162793,0.4567118693375029,0.4478911041797901,1.9669537197279732,1.6586145762306048,2.261549167640404,566.093194701922,620.7512807306252,6059.680608690267,592.7164812525003,0.0,0.0,166.39753601496048,0.0,8539.301749072627,2032.0047652277976,0.0,0.0,203.60624450621893,0.0,727.1095213568753,670.4256934142817,248.97354269670333,0.0,494.3042251478815,0.0,2459.402414458611,0.0,0.0,0.0,0.0,0.0,2007.39080500545,0.0,0.0,0.0,0.0,0.0,0.0,0.0,0.0,0.0
260,0.013516337590456,0.4743935830166105,0.0254998361525221,0.6347149806378751,0.6163707832461464,2.4240322123382736,2.0863567095955924,3.007039892341276,962.2841176945086,1138.6801146481348,7075.1989981362685,1052.4789631854676,0.0,0.0,233.8074427169503,0.0,10292.326672554897,3127.3050694783774,0.0,0.0,407.76078596975424,0.0,1170.9045601335272,1181.422576569786,511.573279011006,0.0,291.2298085367251,0.0,2882.955926925185,0.0,0.0,0.0,0.0,0.0,2265.9173049972,0.0,0.0,0.0,0.0,0.0,0.0,0.0,0.0,0.0
261,0.0310524533820597,0.591065769528238,0.0512376487621655,0.8133262852366648,0.8327506939018933,2.8861711306656286,2.483232160551889,3.7732507659315897,1926.7684049057164,2553.1969609397097,7560.043439943823,1154.948252725031,0.0,151.39700181855468,525.0610455492047,0.0,10369.756292785516,2944.777588994846,0.0,0.4901960784313725,538.4757721514577,0.0,811.7686501997662,1050.3208851447755,439.1222457523458,0.0,5.495601912169665,0.0,2617.457445863167,0.0,0.0,0.0,0.0,0.0,2153.485096095955,0.0,0.0,0.0,0.0,0.0,0.0,0.0,0.0,0.0
262,0.0535393091960132,0.7046016076920939,0.0961375640193069,0.982201306536956,1.1092186123282115,3.312438565611987,2.8406255237522786,4.614911694104922,2633.455324758254,2975.689878197832,8092.3994143568225,1229.626682127303,0.0,417.83974102904114,788.2875538394026,0.0,10924.694050923676,2908.9379157703925,0.0,0.0,518.3341763212833,0.0,410.1976405678543,666.5790155915822,226.416950733264,0.0,0.0,0.0,2040.0428799077413,0.0,0.0,0.0,0.0,0.0,1753.7527767951212,0.0,0.0,0.0,0.0,0.0,0.0,0.0,0.0,0.0
263,0.0764586045448504,0.7391521355737461,0.1590132155760047,1.057391266365452,1.4398658903822448,3.6007638528201644,3.0597725610490927,5.634469451104859,3263.4716410064616,3637.631669426144,8566.742284354157,1370.5885563095655,0.0,590.8787492798883,880.7537644914555,0.0,11342.2385709005,2753.542316392688,0.0,0.0,388.6910629069358,0.0,37.568262601773135,344.6440333775108,21.059643643749308,0.0,0.0,0.0,1140.3654756849164,0.0,0.0,0.0,0.0,0.0,991.5487906395088,0.0,0.0,0.0,0.0,0.0,0.0,0.0,0.0,0.0
264,0.0980805812890364,0.7393332239999981,0.2174193994014281,1.1098535338570752,1.7357291699953334,3.85601964170666,3.2074540127068776,6.648118399138744,3503.974698681349,4131.780081471804,9016.728880099316,1383.6515888462586,0.0,602.7051634968524,881.0173027036234,0.0,11678.98371190222,2766.0603573216717,0.0,0.0,315.90569540073244,0.0,0.0,155.2949684274929,0.0,0.0,0.0,0.0,1247.0130379343675,0.0,0.0,0.0,0.0,0.0,1106.3461160420118,0.0,0.0,0.0,0.0,0.0,0.0,0.0,0.0,0.0
265,0.1175490091495015,0.7393332239999982,0.2695646847707643,1.131921371797478,1.981554864013555,4.041788897228181,3.297662365158551,7.423359754025768,3946.8327815534394,5611.50747500401,9072.5872926639,1388.2376521918766,0.0,676.3654675027011,978.7310647630684,0.0,11200.519357106055,2488.5503658731486,0.0,0.0,443.1004948936581,0.0,0.0,117.2103761859712,0.0,0.0,0.0,0.0,1409.87041574221,0.0,0.0,0.0,0.0,0.0,1294.449491292242,0.0,0.0,0.0,0.0,0.0,0.0,0.0,0.0,0.0
266,0.1272446836882186,0.7219802491594666,0.3236353243447482,1.1010957125175092,2.197843063348584,4.090747365243811,3.223910168077697,8.073066172094034,5092.195860801208,9366.12774010783,8850.972060430742,1417.1559475158283,0.0,956.081521678853,1263.0328265415717,0.0,9750.299022499,1762.6459499049463,0.0,0.0,592.0158810556329,0.0,0.0,47.8860298415042,0.0,0.0,0.0,0.0,1357.340375144561,0.0,0.0,0.0,0.0,0.0,1272.7803470510132,0.0,0.0,0.0,0.0,0.0,0.0,0.0,0.0,0.0
267,0.1301642999999999,0.6308352190816104,0.3593933706950742,0.9832497140332253,2.351216368392317,3.965329217583136,2.961904829408064,8.568889999776676,5568.680808981639,10925.721864859584,8811.210176540177,1386.9754507583973,0.0,1077.4107275712795,1376.2278247066274,0.0,9181.600701847168,1459.118921268849,0.0,0.0,578.7072303792373,0.0,0.0,37.55505470301081,0.0,0.0,0.0,0.0,1350.8260869565215,0.0,0.0,0.0,0.0,0.0,1251.5217391304348,0.0,0.0,0.0,0.0,0.0,0.0,0.0,0.0,0.0
268,0.1301642999999999,0.5117934250764113,0.3761799024107876,0.8516144897307037,2.4061771689943345,3.9284134627305134,2.630983756247024,8.795966159547381,5230.716433099274,10673.021791416497,8920.826293484077,1183.3940772692804,0.0,1035.1471742667711,1390.583121869765,0.0,9182.01119416459,1327.0,0.0,0.0,706.4247534384032,0.0,0.0,28.08300248722738,0.0,0.0,0.0,0.0,1385.1296236112616,0.0,0.0,0.0,0.0,0.0,1241.750840656593,0.0,0.0,0.0,0.0,0.0,0.0,0.0,0.0,0.0
269,0.1284578587467415,0.3852962123322259,0.3710191181262461,0.6822658893312054,2.348135158537949,3.8732063603805367,2.223788279101464,8.61524864395322,4156.561765334087,8625.561327714475,7524.918891310516,863.251549959248,0.0,840.282485332982,1221.3452593732368,0.0,7693.51604541489,1124.0037873370052,0.0,0.0,762.1558418884298,0.0,0.0,17.862472862961543,0.0,0.0,0.0,0.0,1405.861058097437,0.0,0.0,0.0,0.0,0.0,1233.1923076923076,0.0,0.0,0.0,0.0,0.0,0.0,0.0,0.0,0.0
270,0.1158540642094976,0.2587989995880401,0.3611899572710577,0.4899474519210479,2.2152490335407444,3.7942372221059335,1.7164301350330349,8.155256428319706,1753.3038322400046,3638.961651421545,3186.66773180069,364.4730820133523,0.0,352.77459601565096,515.4476619122295,0.0,3262.359387119188,479.6281244804969,0.0,0.0,323.79135761682994,0.0,0.0,10.5973693024975,283.20494245454387,0.0,0.0,0.0,1412.3054926816935,0.0,0.0,0.0,0.0,0.0,1233.4582390225407,0.0,0.0,0.0,0.0,0.0,0.0,0.0,0.0,0.0
271,0.0965172094086377,0.1335299151229236,0.3337030990799305,0.3087284925120186,2.029571852676956,3.742956353616584,1.2788032153824556,7.62513895332733,1369.191892655704,2877.913459780424,3516.7240066928957,313.72825720733783,0.0,135.00960037411176,418.7032545631245,0.0,3963.0718646490423,831.5760136612108,0.0,0.0,438.8487850227857,0.0,660.0541444730593,266.04064592616515,584.026176948476,0.0,0.0,0.0,1427.8768448411338,0.0,0.0,0.0,0.0,0.0,1255.7162808692046,0.0,0.0,0.0,0.0,0.0,0.0,0.0,0.0,0.0
272,0.0757601117342191,0.0305276136451827,0.3187825456132896,0.1795858879122926,1.8133555932039844,3.793885611213301,1.009657153615951,7.10487575917607,2927.929558819991,6505.258811970351,8620.130440768706,772.3649630321682,0.0,146.8209272365743,801.0100674102899,0.0,9839.980664857085,2169.696392586636,0.0,0.0,971.5874887174008,0.0,246.519780796498,640.6842036860174,410.83262899229794,0.0,0.0,0.0,1435.1756112608591,0.0,0.0,0.0,0.0,0.0,1256.351490730811,0.0,0.0,0.0,0.0,0.0,0.0,0.0,0.0,0.0
273,0.0551049937567082,0.0038881699879886,0.3959053797477643,0.1484149274413496,1.569345897930742,3.963814053860989,0.943358735127528,6.480904764302832,3271.884653892752,9615.195806040305,10185.381650315096,1491.805474094918,0.0,215.44048195155025,135.34405531062316,0.0,10713.451151707206,1957.5311312528063,0.0,0.0,74.19770831593829,0.0,0.0,9.523460645915453,0.0,0.0,0.0,0.0,1436.261781536869,0.0,0.0,0.0,0.0,0.0,1250.065579402832,0.0,0.0,0.0,0.0,0.0,0.0,0.0,0.0,0.0
274,0.040847002923588,0.0083514370365447,0.5347803118147358,0.139524875674028,1.3315453015016596,4.072526655114337,1.071663628366625,5.849704716994329,1799.847229482196,5389.180754325183,5611.180412084826,850.9468207593143,0.0,125.6016668858514,13.406687682836765,0.0,5862.890028757106,1050.5469206633131,0.0,0.0,0.0,0.0,0.0,0.0,0.0,0.0,0.0,0.0,1426.3033600084698,0.0,0.0,0.0,0.0,0.0,1233.7179423502707,0.0,0.0,0.0,0.0,0.0,0.0,0.0,0.0,0.0
275,0.0319735539727151,0.0128718716411959,0.6875140865432963,0.1687084112436563,1.151952149111471,4.167198609452758,1.3080071429713749,5.426042135457124,447.5611697732414,1200.193901388934,1476.4246159652762,227.6784458919365,0.0,16.931851924425644,0.0,0.0,1454.5339189019578,219.45231300689565,0.0,0.0,0.0,0.0,0.0,0.0,0.0,0.0,0.0,0.0,1404.5437006207408,0.0,0.0,0.0,0.0,0.0,1229.2629380009382,0.0,0.0,0.0,0.0,0.0,0.0,0.0,0.0,0.0
276,0.0336367089342444,0.0174845600132889,0.8834001325624027,0.2415899264820413,0.993880934998304,4.289200785220597,1.651439819639694,4.975721353857202,2834.011489042443,6785.546931403144,9763.190021819088,1526.864545253172,0.0,31.725711231783222,0.0,0.0,9152.016344081949,1146.4768651706004,0.0,0.0,0.0,0.0,0.0,0.0,0.0,0.0,0.0,0.0,1361.5038835972666,0.0,0.0,0.0,0.0,0.0,1202.9469772683676,0.0,0.0,0.0,0.0,0.0,0.0,0.0,0.0,0.0
277,0.0421616191096345,0.0222817559202657,1.1174808030111398,0.3105984886527269,0.868594367369158,4.365847314885294,2.005751435706862,4.558964296948211,4218.171338909381,9755.189972523009,13891.016684331382,2193.3495349468453,0.0,116.40717703525031,0.0,0.0,13041.168453074626,1605.180916268422,0.0,0.0,0.0,0.0,0.0,0.0,0.0,0.0,0.0,0.0,1328.6516714275945,0.0,0.0,0.0,0.0,0.0,1170.3122230617437,0.0,0.0,0.0,0.0,0.0,0.0,0.0,0.0,0.0
278,0.0536999295946843,0.0267427894899054,1.3366396187457212,0.3628578911239469,0.7814705599665189,4.254998497737295,2.275489181704832,4.252722329277025,4705.547388085519,10115.181779845192,13680.78199060793,2218.0975371983814,0.0,258.2077912136066,0.0,0.0,12983.664286537973,1572.6389432058288,0.0,0.0,0.0,0.0,0.0,0.0,0.0,0.0,0.0,0.0,1290.6959190045256,0.0,0.0,0.0,0.0,0.0,1145.3629956959412,0.0,0.0,0.0,0.0,0.0,0.0,0.0,0.0,0.0
279,0.0643047930312291,0.0277683839999999,1.4504268193089715,0.4014267835694367,0.730939924986044,4.082454901554828,2.492396367492361,4.11300111238804,4992.116796734647,10040.760129668754,13439.529674630436,2179.748906231286,0.0,339.1486589025105,0.0,0.0,13116.222370031828,1667.943789170104,0.0,0.0,0.0,0.0,0.0,0.0,0.0,0.0,0.0,0.0,1209.747588789959,0.0,0.0,0.0,0.0,0.0,1107.799194896968,0.0,0.0,0.0,0.0,0.0,0.0,0.0,0.0,0.0
280,0.0674375039999999,0.0277683839999999,1.5154163952159487,0.4315476677107696,0.6951685417346078,3.810941630511637,2.591984073643153,4.025259972220444,4918.9787946436745,9706.8903768515,13562.145643087611,2243.628879133716,0.0,359.6641998603647,0.0,0.0,13336.716732266645,1758.0549792322158,0.0,0.0,0.0,0.0,0.0,0.0,0.0,0.0,0.0,0.0,1200.9578036044593,0.0,0.0,0.0,0.0,0.0,1110.9886565531956,0.0,0.0,0.0,0.0,0.0,0.0,0.0,0.0,0.0
281,0.0674375039999999,0.0277683839999999,1.5687107345435751,0.4438460701127024,0.6679723053979033,3.4252331855566123,2.574323845279584,3.901068819779709,2981.6215177948643,6436.797502255163,12435.44226154525,2036.0161626487547,0.0,59.81545841089432,0.0,0.0,12720.8818056971,1630.8231769520555,0.0,0.0,0.0,0.0,0.0,0.0,0.0,0.0,0.0,0.0,1287.0597042938823,0.0,0.0,0.0,0.0,0.0,1150.7656805682918,0.0,0.0,0.0,0.0,0.0,0.0,0.0,0.0,0.0
282,0.0674375039999999,0.0275733261672439,1.555434481214676,0.4208882906448011,0.6368291411586906,2.9771950059472743,2.470390487256949,3.805401433089983,1710.2410389299096,4607.320001833297,10797.505555041804,1551.690227709666,0.0,0.0,0.0,0.0,11120.5414730007,1385.631367182748,0.0,0.0,0.0,0.0,0.0,0.0,0.0,0.0,138.0120298879573,0.0,2633.707061573104,0.0,0.0,0.0,60.066371086607326,0.0,2759.3535839327938,0.0,0.0,0.0,0.0,0.0,0.0,323.0325241045638,0.0,0.0
283,0.0671975231720116,0.0242141428704318,1.422649852824734,0.3866029782067932,0.5858018246950967,2.526368143828607,2.2990324025731934,3.637487647978303,1144.9853908330028,3299.763933819512,9174.005870856869,1092.8878525887355,0.0,0.0,0.0,0.0,9208.098069116037,856.0691287490044,0.0,0.0,0.0,0.0,0.0,0.0,0.0,0.0,456.2616103987809,0.0,5711.00977467056,0.0,0.0,0.0,215.3585704164034,0.0,6487.280777325641,0.0,0.0,0.0,0.0,0.0,0.0,1079.8853378342817,0.0,0.0
284,0.0593307041860464,0.0195092007308969,1.225377171016362,0.3419369416345514,0.5125267306294724,2.099745277427701,1.991243905768446,3.309640538063308,476.5311042727005,1768.442280965357,6892.773202922132,883.2826853574194,0.0,0.0,0.0,0.0,6942.509551952097,105.28343290005428,0.0,0.0,0.0,0.0,0.0,0.0,0.0,0.0,600.4631915951102,0.0,7266.282258052622,317.3551388172789,0.0,0.0,394.5702840263125,0.0,8386.657145230492,799.2351076480575,0.0,0.0,465.2836307604176,0.0,596.1684990430307,1465.4612835150008,0.0,0.0
285,0.0482404834285714,0.0149426392425248,1.0183790784240936,0.2887956200618236,0.4372269897096611,1.6973110283634332,1.5927936338402435,2.8465656131414105,485.3720998130553,1582.738172091796,6164.338796423949,717.2817386699013,0.0,0.0,0.0,0.0,6211.082522456227,72.02264866186864,0.0,0.0,0.0,0.0,0.0,0.0,0.0,0.0,721.3345336691739,0.0,7803.320084157985,551.0045719464747,0.0,4.016352668307867,618.9970611173084,0.0,8911.084077701507,1287.1577954841766,0.0,0.0,842.8823528117279,0.0,965.5252398799814,1632.3927771927345,109.78030626708173,0.0
286,0.0373743075348837,0.0104683315215946,0.7775096644760592,0.2169877897463366,0.373303335620869,1.3049374059386438,1.2044792066757877,2.3794357541919062,511.3485009237534,1868.1073649504528,5996.193346029792,549.710211211383,0.0,0.0,0.0,0.0,6037.900548790512,93.88108837518686,0.0,0.0,0.0,0.0,0.0,0.0,0.0,0.0,851.5645119032657,0.0,8249.432028683223,677.8558109529001,0.0,5.589732724833288,840.860046658975,0.0,9306.149513300214,1468.6367622260527,0.0,0.0,1048.6603759761322,0.0,1084.0863072474126,1751.3881657466052,210.3466419840808,0.0
287,0.0257239746179402,0.0056711356146178,0.5050905423494021,0.1476020182250363,0.2921096498900501,0.9070086735871682,0.8606934436048416,1.8816969240654449,662.2607684125279,2141.1597497440785,6156.624525018719,375.1486468713629,0.0,0.0,0.0,0.0,6241.168940256667,116.71846960126555,0.0,0.0,0.0,0.0,0.0,0.0,0.0,0.0,966.7358105299328,0.0,8405.664580367813,643.1435248472548,0.0,3.141108659457524,740.3378408576448,0.0,9372.624443464869,1375.2008651012748,0.0,0.0,849.4578558775262,0.0,981.4126050342164,1526.591110231033,124.77496706729478,0.0
288,0.0140736417009966,0.0011080627140902,0.2601683995239407,0.0971039220504201,0.2263042896970866,0.5721157926589855,0.6122024772429185,1.4460197584256396,760.0966287527253,2232.5718948576045,6448.871499879642,201.38103757448127,0.0,0.0,0.0,0.0,6657.9400245604575,207.12910843646964,0.0,0.0,0.0,0.0,0.0,0.0,0.0,0.0,1057.7096768564484,0.0,8455.966630646733,559.5771063224757,0.0,3.2513431600610136,630.6620376763498,0.0,9351.659939779674,1214.59782585017,0.0,0.0,629.2636722182049,0.0,744.3463551095938,1214.1632491519283,84.30022964888394,0.0
289,0.0031448979843189,-8.171241461241135e-17,0.135887229515482,0.0612248058227242,0.2118560983463101,0.3440178077286451,0.4667606216156835,1.1024846443088352,736.241550296645,2149.120155409585,6718.376500470587,140.94705134624073,0.0,0.0,0.0,0.0,7144.008760522524,362.8328742544464,0.0,0.0,0.0,0.0,0.0,0.0,0.0,0.0,969.8053379370484,0.0,8328.082198081587,473.3275166684136,0.0,9.50091598362333,605.281109097926,0.0,9251.205401265604,1074.5704186503708,0.0,0.0,588.3799731001806,0.0,581.4723669706797,1085.9659967425823,74.4562937980482,0.0
290,1.5987211554602278e-17,5.456975082974766e-06,0.0675478790431899,0.0343764719401994,0.2430917832234196,0.2905984064651234,0.5131602772126268,0.8853357077666084,753.2975481203167,2142.8277496052933,6648.471894051453,113.20734295193682,0.0,0.0,0.0,0.0,7111.145070146765,403.6368596990381,0.0,0.0,0.0,0.0,0.0,0.0,0.0,0.0,812.5662458232832,0.0,8364.643867630804,436.7272192412431,0.0,19.0714440004684,426.4133164762586,0.0,9454.628786112164,1194.5558467648696,0.0,0.0,502.2427177751711,0.0,761.6629578880755,1260.709022717205,63.80427960199509,0.0
291,1.5987211554602278e-17,0.009703729002259,0.018307826044386,0.0199597944893025,0.3309912462881041,0.3973806651205388,0.7628128786166135,0.7824129328345495,830.8565067058053,1909.8051974577925,6188.678723926987,44.9588859120519,0.0,0.0,0.0,0.0,6376.513996765754,190.5188432708734,0.0,0.0,0.0,0.0,0.0,0.0,0.0,0.0,736.9544368375031,0.0,8641.914080361905,534.1993407247614,0.0,31.071472495493108,259.6583710870211,0.0,9834.73179357468,1448.9170896585704,0.0,0.0,357.80869707971783,0.0,1043.9558624557203,1482.0140210081445,52.58606878102451,0.0
292,1.5987211554602278e-17,0.031441237116279,0.0493100011231901,0.0338782192265783,0.5111111425706292,0.6735138840287117,1.1083974188986077,0.7011002480507637,847.0785844159848,1079.24461319106,5139.139651715006,0.0,0.0,0.0,0.0,0.0,4898.758606691812,0.0,0.0,0.0,0.0,0.0,0.0,0.0,0.0,0.0,763.8851042371498,0.0,8989.138115850548,713.3048811338915,0.0,42.62132954321864,175.44103574943787,0.0,10194.19748484498,1756.4309854102885,0.0,0.0,259.21912501041885,0.0,1273.4872597165977,1680.4777784461196,42.48205374727283,0.0
293,1.5987211554602278e-17,0.0528325794418604,0.1095245787707649,0.0526217651686049,0.7687442261411941,1.0835563979501737,1.4889763899617974,0.6645914558895336,840.6955229708583,587.8240024974704,4380.527171592869,0.0,0.0,0.0,0.0,0.0,3950.226858498797,0.0,0.0,0.0,0.0,0.0,0.0,0.0,0.0,0.0,1032.0896403618424,0.0,9901.732240733529,1067.5207587546877,0.0,54.33039835697959,249.74000789567444,0.0,11145.934348033175,2423.310467807388,0.0,0.0,284.8166128462472,0.0,1635.7681027207618,2003.7004559638765,109.735930678092,0.0
294,1.5987211554602278e-17,0.074442200770764,0.1704800200664462,0.0700085609396132,1.0435530074387322,1.6918749988516784,1.9920506852843491,0.6875395492483872,101.01960784313724,0.0,2261.806872196262,0.0,0.0,0.0,0.0,0.0,1902.5414321041908,0.0,0.0,0.0,0.0,0.0,0.0,0.0,0.0,0.0,1230.571872097379,97.66593285758634,10472.46097357002,1476.1365922254524,0.0,97.48504285357836,425.0792193499922,0.0,11880.43468136968,3194.2975907330406,0.0,197.9858021476972,528.3460883121553,0.0,2192.1633362415,2595.458930330124,348.8049093433981,0.0
295,1.5987211554602278e-17,0.0969249381129565,0.2338983074750844,0.0924320972691032,1.3082136573680034,2.4003731890603195,2.5890588660245366,0.7695223348190645,0.0,0.0,1924.0987429825457,0.0,0.0,0.0,0.0,0.0,1790.2136213992462,0.0,0.0,0.0,0.0,0.0,0.0,0.0,0.0,0.0,948.0058574833575,192.5479402586394,8850.095789703028,1015.994111339097,0.0,220.33875718904943,1048.8487451956075,0.0,10536.007161194791,3554.584125754601,0.0,959.2194227401116,1688.0874358105518,0.0,4177.846407674604,5049.153920952324,2109.12461653231,0.0
296,1.5987211554602278e-17,0.119817331293424,0.2985480179402009,0.1185082012225916,1.569403871846548,3.0820505404084577,3.185184968331477,0.854283687277377,0.0,0.0,1677.302730539224,0.0,0.0,0.0,0.0,0.0,1736.8139315743265,0.0,0.0,0.0,0.0,0.0,0.0,0.0,0.0,0.0,416.6624803493378,617.0756973196479,7012.663292275234,155.88269962688406,0.0,204.64699087393308,1131.3063209356017,0.0,9140.000811925896,3091.836710602478,0.0,1276.834683665449,2349.533427194708,0.0,5227.729942244319,6651.867704897209,3074.648905051125,0.0
297,1.5987211554602278e-17,0.1313737812409693,0.3564993845946156,0.1404329469801373,1.8023382302565896,3.669780315735641,3.659444423750624,0.8990510814914809,0.0,0.0,1318.3583868030385,0.0,0.0,0.0,0.0,0.0,1569.152780174366,0.0,0.0,0.0,0.0,0.0,0.0,0.0,0.0,0.0,1278.5628859117785,1248.2996587463506,7526.351778758605,402.1843775685355,0.0,229.02645038146716,1589.7782265129913,0.0,9350.75502187714,2934.1299367111374,0.0,1247.8970331762914,2539.469477566068,0.0,4483.967435658539,6034.255509465241,2505.5756850347225,0.0
298,1.5987211554602278e-17,0.1314039599999995,0.370658340000002,0.150402207351382,1.9467745070423408,4.143026369841811,4.047158336735144,0.9242872888496482,0.0,0.0,843.5128308527842,0.0,0.0,0.0,0.0,0.0,1190.5913834895086,0.0,0.0,0.0,0.0,0.0,0.0,0.0,0.0,0.0,2505.819834267249,2484.325513550391,7936.43210403411,587.5013529707298,0.0,548.3187085289582,1981.0191291814751,0.0,9442.778763124026,2583.856676426501,0.0,1058.638872112274,2512.553199935639,0.0,3412.675201328865,5038.85928727018,1911.274025952579,0.0
299,1.5987211554602278e-17,0.1314039599999995,0.370658340000002,0.1561712136279069,1.999868735364341,4.503326183138435,4.418867523466231,0.927097966677739,0.0,0.0,707.6495220299171,0.0,0.0,0.0,0.0,0.0,1064.9284706358528,0.0,0.0,0.0,0.0,0.0,0.0,0.0,0.0,0.0,3132.102743796373,3336.7692638060685,7529.834681878646,602.1677715856995,0.0,780.9834410858025,2046.344340142432,0.0,8748.647488155242,2112.875093397658,0.0,832.3920896430099,2281.7962960710397,0.0,2489.9368469028063,4071.5577855529546,1480.6816604740625,0.0
300,1.5987211554602278e-17,0.1314011734595316,0.370658340000002,0.1608999990901251,2.0172550183858053,4.59992953935761,4.621606528369272,0.915519868639852,0.0,0.0,619.4091563278339,0.0,0.0,0.0,0.0,0.0,977.6664267691036,0.0,0.0,0.0,0.0,0.0,0.0,0.0,0.0,0.0,2390.481421417897,2971.867814164158,6337.118804938693,182.45208966848568,0.0,648.4581069781957,1809.6121838050328,0.0,7615.488568235768,1740.1257651556414,0.0,906.2408025444294,2480.9322623176768,0.0,3035.2950495700024,5000.954466581912,2200.436946261564,0.0
301,1.5987211554602278e-17,0.1218879322055887,0.3673224586281044,0.1570445153761971,2.016960446110609,4.511066874141886,4.65869354286027,0.8830997864193855,0.0,0.0,598.9077390156738,0.0,0.0,0.0,0.0,0.0,959.3746394291836,0.0,0.0,0.0,0.0,0.0,0.0,0.0,0.0,0.0,1588.1963421284288,2641.3564197948094,5759.505620858028,0.0,0.0,478.4733361822531,1729.009396563666,0.0,7349.1859998157715,1633.7618581543536,0.0,1183.174686682386,3111.612035125957,0.0,4351.110058992357,7055.513120994694,3491.74326671694,0.0
302,1.5987211554602278e-17,0.0993078858737539,0.3196263564119618,0.1408572358758858,1.9367163343052656,4.2602731835218535,4.568760146177648,0.8247733762193931,0.0,0.0,576.5320270683479,0.0,0.0,0.0,0.0,0.0,934.3810571971122,0.0,0.0,0.0,0.0,0.0,0.0,0.0,0.0,0.0,2134.4906671137173,3795.6189694919335,5294.957486011437,0.0,0.0,281.4705539799722,2123.4260410752418,0.0,6698.163687995385,1189.2797814081216,0.0,1357.7877905754633,3699.681261018439,0.0,4155.253842051646,7626.473092745381,4009.622288692985,0.0
303,1.5987211554602278e-17,0.0781348225514949,0.2599023381727587,0.122259305302326,1.7670428515886407,3.8946760458311744,4.405504999702509,0.7439767260289929,0.0,0.0,546.435649118907,0.0,0.0,0.0,0.0,0.0,925.239665632266,0.0,0.0,0.0,0.0,0.0,0.0,0.0,0.0,0.0,3127.1486823784408,5225.762169289718,5164.826239853762,0.0,0.0,192.18808297685064,2549.4826443754846,0.0,6219.2059228194985,796.4893725479299,0.0,1354.6250063836435,3909.546714939528,0.0,3187.3353382354708,6966.021000121665,3749.796727706815,0.0
304,1.5987211554602278e-17,0.0573983172358803,0.201409742990034,0.105624458692203,1.5809634722251302,3.3187383058721966,4.126859714950169,0.6478685557475068,0.0,0.0,524.0636821524338,0.0,0.0,0.0,0.0,0.0,903.080340504764,0.0,0.0,0.0,0.0,0.0,0.0,0.0,0.0,0.0,3416.034335143991,5713.807170173749,5378.707487654952,0.0,0.0,245.67777973899663,2547.6540617646247,0.0,6360.593341617854,784.2211228123385,0.0,1188.065714161353,3633.554379245828,0.0,2604.589500179232,6005.913339325321,3140.628881554125,0.0
305,1.5987211554602278e-17,0.0346973008903654,0.1373757440531565,0.0831041705780735,1.396674311421548,2.605109550505868,3.690310354506112,0.5426300705382031,0.0,0.0,504.1319348182081,0.0,0.0,0.0,0.0,0.0,833.0961354513772,0.0,0.0,0.0,0.0,0.0,0.0,0.0,0.0,0.0,3365.6612570817674,5556.019830946253,6372.270740207702,7.017626601783055,0.0,337.29008415381594,2375.1710114472744,0.0,7269.662901200207,1570.0455041887712,0.0,1073.3491083255549,3240.738776600011,0.0,3024.157335845965,5612.29720070849,2494.6497537952623,0.0
306,1.5987211554602278e-17,0.0135499336017197,0.0733417451162795,0.0572764104717608,1.2172921114918855,1.92501685612039,3.2109192024084425,0.4355452986648396,0.0,0.0,454.32665101964807,0.0,0.0,0.0,0.0,0.0,819.2289934344427,0.0,0.0,0.0,0.0,0.0,0.0,0.0,0.0,0.0,2630.7005367631527,3832.310039623306,6601.9108047269765,70.90691838337057,0.0,101.30275204187735,1903.569015678692,0.0,7737.069534388052,2048.594329714871,0.0,1020.056891491036,2895.884523494227,0.0,3591.23376686697,5773.2866266862,2399.008913454128,0.0
307,1.5987211554602278e-17,0.0081549200380065,0.0149377794458481,0.0350030562338872,1.0349690540842484,1.32240642364705,2.752215869469768,0.3497798956736199,0.0,0.0,428.3050612031267,0.0,0.0,0.0,0.0,0.0,787.3216759550857,0.0,0.0,0.0,0.0,0.0,0.0,0.0,0.0,0.0,1267.042121883611,1773.2040131932615,6866.311629728706,373.4997392434701,0.0,86.09231132984598,982.2972503113042,0.0,8469.553470393834,2920.282048915332,0.0,801.8405034785201,2276.5996043652312,0.0,5200.756317789142,6793.56285078609,2518.7157773559447,0.0
308,1.5987211554602278e-17,0.0147622501794019,8.66862137627325e-16,0.0218819662274688,0.9086012742170034,0.8258093889508803,2.349460046300419,0.294625953468862,0.0,0.0,401.8565018577905,0.0,0.0,0.0,0.0,0.0,736.7939674021776,0.0,0.0,0.0,0.0,0.0,0.0,0.0,0.0,0.0,1032.549754282578,1532.55214847486,7042.489275394026,493.93148632965375,0.0,143.46077460860897,834.6158827037224,0.0,8762.153012771843,3117.2431968217406,0.0,761.1675758835481,2150.477417816089,0.0,5299.204591637364,6884.27549400085,2512.243148703212,0.0
309,1.5987211554602278e-17,0.0216400980199334,8.66862137627325e-16,0.0119180335813955,0.844097152472637,0.4367852685787057,1.948157044780292,0.2757702115230976,0.0,0.0,374.9266792100545,0.0,0.0,0.0,0.0,0.0,732.8234098950036,0.0,0.0,0.0,0.0,0.0,0.0,0.0,0.0,0.0,1765.964873802331,2433.3159250977246,8160.384481699138,886.6101965588567,0.0,196.39938265881955,879.9879737075182,0.0,9548.247720073536,3028.48686024122,0.0,520.887065186718,1716.1548365672245,0.0,3934.0923286149514,5306.7806305678605,1719.6582717246038,0.0
310,1.5987211554602278e-17,0.0285867243388703,8.66862137627325e-16,0.0028926772823922,0.7840113151569751,0.2453338277691093,1.6120679182848825,0.269428208912789,0.0,0.0,300.3913998746181,0.0,0.0,0.0,0.0,0.0,624.2715667297125,0.0,0.0,0.0,0.0,0.0,0.0,0.0,0.0,0.0,2593.3067557473105,3392.159300173937,9472.487234832774,1337.1330370872126,0.0,262.1813584027664,924.943511660334,0.0,10466.610318186456,2910.9153952770157,0.0,247.8643944941704,1211.8229079056612,0.0,2394.1500480917107,3518.7587909716003,813.6906991334248,0.0
311,1.5987211554602278e-17,0.0351206797873753,8.66862137627325e-16,2.1849189124623147e-16,0.6899849943456527,0.1665329818833741,1.33847619292175,0.2581485614564204,0.0,0.0,270.3933637728002,0.0,0.0,0.0,0.0,0.0,632.70645293194,0.0,0.0,0.0,0.0,0.0,0.0,0.0,0.0,0.0,2907.109969634117,3404.4932979268106,10291.247348306237,1556.091049858487,0.0,354.11639134331324,910.0221588285044,0.0,11006.136991333588,2793.09232455924,0.0,116.32527262844069,932.3966390535338,0.0,1823.4598303719736,2815.2675865965543,442.44276360462106,0.0
312,1.5987211554602278e-17,0.0407643848259261,8.66862137627325e-16,2.1849189124623147e-16,0.5773389031494979,0.1535957001148438,1.1015770288677993,0.3205113460570413,0.0,0.0,262.3560822386441,0.0,0.0,0.0,0.0,0.0,656.4987839434167,0.0,0.0,0.0,0.0,0.0,0.0,0.0,0.0,0.0,2979.0233754851924,3242.756335083426,10773.90805064784,1728.4342903357567,0.0,422.4692020297717,912.3111351213096,0.0,11351.00897841182,2726.446047154752,0.0,45.930488000564615,767.0016403039255,0.0,1541.7706152584085,2466.9117198131016,272.0619249359491,0.0
313,1.5987211554602278e-17,0.0414046439999999,8.66862137627325e-16,2.1849189124623147e-16,0.4702661798248942,0.1837190655782747,0.8998517914379528,0.4344797288888007,0.0,0.0,249.91635614906608,0.0,0.0,0.0,0.0,0.0,650.7994130066033,0.0,0.0,0.0,0.0,0.0,0.0,0.0,0.0,0.0,2628.7725447994485,2755.350559615817,11087.182627813449,1825.057124619748,0.0,316.0939971644369,827.9465929162308,0.0,11631.919927833973,2879.473837492815,0.0,57.25976686450339,711.6283856476823,0.0,1592.2530929188504,2390.625142490713,186.19682055490645,0.0
314,1.5987211554602278e-17,0.0414046439999999,8.66862137627325e-16,2.1849189124623147e-16,0.3666773164061901,0.2467425698140851,0.6951197978005412,0.5476094893938425,0.0,0.0,240.2950484414942,0.0,0.0,0.0,0.0,0.0,646.3026585605024,0.0,0.0,0.0,0.0,0.0,0.0,0.0,0.0,0.0,1985.4180167961288,1798.2352092943954,11103.819253242922,1890.6014130820488,0.0,142.6011186899557,934.1839850701076,0.0,11693.812776616862,3071.000588784187,0.0,66.69755386256931,828.7895196414676,0.0,1793.1989990668817,2508.9967616869703,209.39799813376345,0.0
315,1.5987211554602278e-17,0.0414046439999999,8.66862137627325e-16,2.1849189124623147e-16,0.2654224660770456,0.3082663845168653,0.5654574451024259,0.6531692742594168,0.0,0.0,233.27016093073115,0.0,0.0,0.0,0.0,0.0,644.276480344948,0.0,0.0,0.0,0.0,0.0,0.0,0.0,0.0,0.0,1894.5714327695405,1559.0,10944.984889542431,1871.4922811659544,0.0,158.37011805009655,1101.497873131608,0.0,11571.654510899389,3027.590142542849,0.0,77.67717658574188,928.0151104575692,0.0,1778.0088640708718,2519.460096987685,224.3064041146017,0.0
316,1.5987211554602278e-17,0.0401016822127659,8.66862137627325e-16,2.1849189124623147e-16,0.1762394487054472,0.3656626337541597,0.5043709575403984,0.7572474370077024,0.0,0.0,691.8233701907653,0.0,0.0,0.0,0.0,0.0,1145.6871685753415,0.0,0.0,0.0,0.0,0.0,0.0,0.0,0.0,0.0,2226.253302198824,1397.9597272143324,10447.405818481766,1717.6362748189397,0.0,408.2585825341761,1837.692361917007,0.0,10953.500496452743,2402.341872224899,0.0,127.12623729463692,1259.8746863097117,0.0,1398.7379843391682,2264.769543662828,201.22702321051696,0.0
317,1.5987211554602278e-17,0.0335890201395348,8.66862137627325e-16,2.1849189124623147e-16,0.1138889843100748,0.4265494338538276,0.4847275760908098,0.8736796795370958,0.0,0.0,1850.399921943708,0.0,0.0,0.0,0.0,0.0,2307.484195386902,0.0,0.0,0.0,0.0,0.0,0.0,0.0,0.0,0.0,1959.8076553085984,809.4189766297542,10037.750738656656,1545.5717069414884,0.0,210.52624640273064,1814.3884274045356,0.0,10451.345094119171,2028.68741886274,0.0,45.07447170393069,1236.998943106781,0.0,1082.880234361772,1923.949624558216,88.1827033410808,0.0
318,1.5987211554602278e-17,0.0266423938205979,8.66862137627325e-16,2.1849189124623147e-16,0.0741815453218325,0.4530931800525975,0.4872443891128875,0.913962718280622,0.0,0.0,2138.9649591767147,0.0,0.0,0.0,0.0,0.0,2829.9530792452147,0.0,0.0,0.0,0.0,0.0,0.0,0.0,0.0,0.0,1623.8004871734795,114.136690855742,9599.086072362565,1281.8105462567562,0.0,0.0,1778.9783082863444,0.0,9905.180268598437,1579.9142191105102,0.0,0.0,1257.1151246526997,0.0,705.498242370666,1518.873596012414,0.0,0.0
319,1.5987211554602278e-17,0.0200396598936876,8.668621376273252e-16,2.1849189124623142e-16,0.0484561904883012,0.4526067833515557,0.5096694535439703,0.9101725429048726,113.12649693368968,39.279698038314265,1049.600303995029,0.0,0.0,0.0,0.0,0.0,1389.60162764184,0.0,0.0,0.0,0.0,0.0,0.0,22.866048171947245,0.0,0.0,1589.3374432723342,112.47452786211848,9077.598416956867,972.7388984687676,0.0,0.0,1653.350729272802,0.0,9238.95342914329,1077.7462286739608,0.0,0.0,1161.6944848695582,0.0,393.18694315140993,1146.0913740310225,0.0,0.0
320,1.5987211554602278e-17,0.0130242550963454,8.66862137627325e-16,2.1849189124623147e-16,0.0278326321594656,0.4480652343238321,0.6076350807850575,0.9070516766489036,87.82822971518287,30.52665812313142,482.83390901792353,0.0,0.0,0.0,0.0,0.0,639.2650756952538,0.0,0.0,0.0,16.568356483130913,0.0,0.0,17.772461895544495,0.0,0.0,1753.0846644257217,311.77858022430115,8460.204889939134,670.7576748427638,0.0,0.0,1690.3104597463932,0.0,8511.739686491208,580.5172943721822,0.0,0.0,1159.6160577761498,0.0,90.5255592904644,959.9167940892696,0.0,0.0
321,1.5987211554602278e-17,0.0058025148637872,8.66862137627325e-16,2.1849189124623147e-16,0.0101405328499843,0.4706946726463131,0.7485591393135719,0.9077301527303834,412.2102333608468,491.2155765960157,3239.364415335283,0.0,0.0,0.0,33.71950406855363,0.0,3979.331211747757,96.71814704050432,0.0,0.0,97.85051820221696,0.0,0.0,127.87490547430534,0.0,0.0,1796.15949981545,389.149346330372,8195.106060282811,579.7117600439802,0.0,0.0,1711.4808561195166,0.0,8162.885162308212,315.8326920793647,0.0,0.0,1162.5190326442485,0.0,14.19077339158475,862.4249247657746,0.0,0.0
322,1.5987211554602278e-17,0.0004022557129567,8.66862137627325e-16,2.1849189124623147e-16,0.0004082961382031,0.4856165833036607,0.8555749295388727,0.8429342414458456,565.4128000000001,823.0862666666666,4414.536133333333,0.0,0.0,0.0,60.69293333333333,0.0,5390.958022222222,253.3307111111111,0.0,0.0,147.7548888888889,0.0,0.0,138.26733333333334,0.0,0.0,1759.5094077759911,401.87305466793146,8101.112976687013,536.698447271973,0.0,0.0,1686.6150923758337,0.0,7997.602699528825,214.22660527484044,0.0,0.0,1139.17173433498,0.0,0.0,810.5124405926588,0.0,0.0
323,1.5987211554602278e-17,-8.171241461241134e-17,8.66862137627325e-16,2.1849189124623147e-16,0.0014240091321208,0.4897661907109699,0.9625074745376978,0.7598789807119842,689.7663372931979,1108.9669143707788,4811.7369773358205,29.222912910353266,0.0,0.0,101.79983598727634,0.0,5823.342021175549,386.5827140730528,0.0,0.0,171.4540931839477,0.0,0.0,96.76013121017893,0.0,0.0,1697.102824085459,290.402036431117,7814.059093931874,388.8796196147709,0.0,0.0,1667.574213143637,0.0,7645.220920539301,100.19788424226142,0.0,0.0,1107.8521328615911,0.0,0.0,702.4084470248006,0.0,0.0
324,0.0047849212460426,-8.171241461241134e-17,0.002387663814736,2.1849189124623147e-16,0.0208195369364833,0.5010795195817928,1.092507472361934,0.684705249284345,868.8102971991384,1285.9456740233018,5296.464840898717,157.86627229675042,0.0,0.0,180.6651687259856,0.0,6353.343692970338,600.5927576260739,0.0,0.0,119.30686413432068,0.0,0.0,57.898041416945446,0.0,0.0,1698.709235990523,72.67159333605034,7294.226957811124,174.2814428788921,0.0,0.0,1741.9503653407637,0.0,7023.677879722447,0.0,0.0,0.0,1121.252211761391,0.0,0.0,572.6609217646507,0.0,0.0
325,0.0191904310166113,-8.171241461241134e-17,0.0098176129833895,2.1849189124623147e-16,0.0774207280007788,0.5615174304858386,1.2217614770467098,0.6481969190783652,928.9061216497186,1303.592921082467,5459.300559643086,254.44663808790895,0.0,0.0,199.083561061214,0.0,6648.655847565546,768.7131040297545,0.0,0.0,110.3780882332765,0.0,0.0,67.44137716850781,0.0,0.0,1733.8435019912415,37.3942334436322,7076.837116048298,125.5377837036224,0.0,0.0,1813.191991628428,0.0,6781.830317763024,0.0,0.0,0.0,1167.9882476199266,0.0,0.0,547.5037922772497,0.0,0.0
326,0.0333167891561462,0.0031729757969886,0.0171229581926918,2.1849189124623147e-16,0.2087114954899244,0.7680684499153251,1.3017806971601065,0.6886992950889934,1034.9463128269706,1515.3752882638971,5737.764779391962,404.87506446955103,0.0,0.0,209.1563092099585,0.0,7110.2995564331895,1057.043800136118,0.0,0.0,131.46849480148703,0.0,5.359229874920433,183.45150032368983,1.118351688774719,0.0,1915.442101612256,17.18420067188803,5971.610419106591,57.68981654133838,0.0,0.0,2177.1064392307267,0.0,5655.676643983436,0.0,0.0,0.0,1434.4111934236432,0.0,0.0,409.31559882805897,9.070978686701606,0.0
327,0.0477314403189368,0.0115103048770763,0.0264673043758549,2.1849189124623147e-16,0.4289664820427479,1.0432979337070227,1.3378282814254394,0.8310089134206725,1186.6726675246623,1856.6142679398783,6449.197034818169,717.8069117947715,0.0,0.0,264.7506760010364,0.0,8281.57657917489,1739.5413618559303,0.0,0.0,264.5140309856271,0.0,272.7923526768921,494.123478026575,58.69037580357435,0.0,2023.1055433783547,0.0,3759.760902880422,0.0,0.0,0.0,1628.0638765404508,0.0,3587.086269656829,0.0,0.0,0.0,821.931464702876,0.0,0.0,104.4147463303328,25.434361285593887,0.0
328,0.0622902379933553,0.0199960040930231,0.0385394231960141,2.1849189124623147e-16,0.8213727181470071,1.3636678196486798,1.3423842440008336,1.260598842401162,1322.6874425943383,2240.927431908272,7112.765828818494,985.9375295310248,0.0,0.0,334.710995526807,0.0,9337.291523980706,2334.585880715484,0.0,0.0,379.69337388170175,0.0,582.5206889909854,714.3980903744005,155.1920140821341,0.0,1449.440012247803,0.0,2745.253282203015,0.0,0.0,0.0,428.5565693467964,0.0,2840.086931461521,0.0,0.0,0.0,0.0,0.0,0.0,0.0,0.0,0.0
329,0.0759841565980065,0.0279776023654483,0.0499258321747374,1.0550297872558917e-05,1.347425281549725,1.7165087880500536,1.3365591757576896,1.8734276795566545,1586.8987079665358,2766.401396399173,7585.783959901153,1002.1917290526115,0.0,0.0,562.7192264749887,0.0,10193.351787665511,3144.9914321356728,0.0,6.638297872340425,838.3308802021753,0.0,1414.5641480676234,1685.1585740282082,828.6626550075928,0.0,157.82802562493347,0.0,1922.956736561339,0.0,0.0,0.0,0.0,0.0,2176.063562218773,0.0,0.0,0.0,0.0,0.0,0.0,0.0,0.0,0.0
330,0.0862303237655613,0.036379284757475,0.0704187491471204,0.0080492655405255,1.9803021054083836,2.121479416476407,1.2906526172145698,2.701539914555256,1606.8597749561095,2842.8296964672363,7211.054436858255,723.3997030610427,0.0,0.0,708.6471086720652,0.0,9739.264773573668,3071.785003296903,0.0,259.8707906321175,1123.5325148360646,0.0,1858.3355233652887,2475.270071681449,1400.868461063487,0.0,0.0,0.0,1666.3999149173203,0.0,0.0,0.0,0.0,0.0,1916.351196477715,0.0,0.0,0.0,0.0,0.0,0.0,0.0,0.0,0.0
331,0.0867762,0.0451170344451827,0.0985813874551503,0.0269941113089703,2.722572527781899,2.5499941705796414,1.1964520952526914,3.695481502163768,1303.8084173164643,2471.677774326724,6763.516863053947,493.1042720258533,0.0,0.0,713.8081037776443,0.0,9246.015158584178,3142.168150810349,0.0,580.663205758646,1440.120150822648,0.0,2581.917583351364,3522.854228085659,1984.13207006345,0.0,0.0,0.0,1240.4576936917456,0.0,0.0,0.0,0.0,0.0,1509.464021502272,0.0,0.0,0.0,0.0,0.0,0.0,0.0,0.0,0.0
332,0.0867762,0.0504811855108612,0.126239396411961,0.0459559671428573,3.4186560336754366,2.837791259330696,1.10376787203757,4.782362676520572,1004.8947894223182,2073.065184649429,6339.108639439935,282.3525154869432,0.0,0.0,695.0051309350943,0.0,8809.823427751964,3186.135653754689,0.0,855.38578630048,1702.3500736463377,0.0,3232.4712860380914,4459.318954417583,2530.8812126329703,608.2001189848033,0.0,0.0,1005.8593364192922,0.0,0.0,0.0,0.0,0.0,1330.0437042451392,0.0,0.0,0.0,0.0,0.0,0.0,0.0,0.0,0.0
333,0.0867762,0.050578128,0.1509552742953285,0.0641814402259138,4.010260124535802,3.0479387489751946,0.9976103694024188,5.82440322679013,570.4390028307176,1458.9916326123623,5712.403067158445,44.3357902386984,0.0,0.0,541.9233943029242,0.0,8280.043446826992,2931.2187808720714,0.0,1062.718913684124,1899.8073483736337,0.0,3762.477592149544,5413.521301557429,3356.7637273986898,853.1189880579451,0.0,0.0,917.0382575249246,0.0,0.0,0.0,0.0,0.0,1270.5390773533877,0.0,0.0,0.0,0.0,0.0,0.0,0.0,0.0,0.0
334,0.0819912787539573,0.050578128,0.170453887959352,0.0822228176212627,4.415961557607192,3.292964618877475,1.0098072350338092,6.774298962399842,751.3684538147152,2047.3214864758029,5427.922306654532,0.0,0.0,0.0,602.0173352588638,0.0,7800.209023119138,2507.3075868115325,0.0,977.7674656431489,2161.591717521865,0.0,3501.0873810122603,5413.694445669206,3643.718510180453,633.5983472807796,0.0,0.0,941.455330512012,0.0,0.0,0.0,0.0,0.0,1215.244234098573,0.0,0.0,0.0,0.0,0.0,0.0,0.0,0.0,0.0
335,0.0677299154950165,0.050578128,0.1856253869629242,0.1007816727564124,4.6296151427649175,3.55827948881622,1.1430028449209308,7.637108158355082,946.410370160276,2588.8642160774075,5186.877898816617,0.0,0.0,0.0,654.4864346712781,0.0,7403.34014146368,2163.898399014387,0.0,829.7068816326104,2365.0850566973554,0.0,3274.439211719248,5359.439429731972,3877.6317967010023,392.5715468966212,0.0,0.0,948.5492198282952,0.0,0.0,0.0,0.0,0.0,1198.4433290779943,0.0,0.0,0.0,0.0,0.0,0.0,0.0,0.0,0.0
336,0.0537477038671095,0.0475535223388704,0.1895310364326009,0.110711899128579,4.678302497203931,3.677514122211357,1.2682645564453272,8.279816847675407,618.5419008704287,2072.2999991574648,4570.578694763227,0.0,0.0,0.0,484.4704638658895,0.0,6941.791707864981,2019.058782693512,0.0,720.8298781084109,2440.4282532729867,0.0,3919.5962236505834,6346.058304760739,4853.350422758684,343.71364676743985,0.0,0.0,954.2510841004456,0.0,0.0,0.0,0.0,0.0,1186.9137925282148,0.0,0.0,0.0,0.0,0.0,0.0,0.0,0.0,0.0
337,0.0396213457275747,0.0394038904186046,0.1805266200797348,0.1108256040000005,4.553362868487005,3.6963172450646926,1.4348841537244506,8.749587176902088,234.1845332053089,1371.4594642696973,4021.925386703153,0.0,0.0,0.0,270.5602427688414,0.0,6573.434960206861,1964.455622495359,0.0,586.9294110632728,2394.4405489816745,0.0,4629.139662425365,7318.387203181709,5727.415355821508,311.4350134886386,0.0,0.0,970.8542177653994,0.0,0.0,0.0,0.0,0.0,1179.1820963102098,0.0,0.0,0.0,0.0,0.0,0.0,0.0,0.0,0.0
338,0.0246301085182724,0.0306661407308969,0.168107780332227,0.1108486674418609,4.204769192340498,3.684489104481171,1.632749215680816,8.861970877542776,92.62298088415862,823.4371367847956,4218.9453431789125,0.0,0.0,0.0,87.7867577377019,0.0,6833.423143855573,2233.6441026195475,0.0,343.98687048376115,1836.1270285556288,0.0,4828.64806060704,7186.783391856185,5281.651277981086,232.8832670773373,0.0,0.0,977.5018348904822,0.0,0.0,0.0,0.0,0.0,1173.498165109518,0.0,0.0,0.0,0.0,0.0,0.0,0.0,0.0,0.0
339,0.0105037503787375,0.0224324919867109,0.1563617890445194,0.1207005827189373,3.745820464855813,3.6384391296372143,1.831762068544854,8.708452197512283,0.0,667.4429722128309,3966.890296367824,0.0,0.0,0.0,0.0,0.0,7235.452829592083,2729.373161906291,0.0,84.76030725632684,826.8784136026029,0.0,5749.991597285901,7754.83925363619,4918.67853889201,275.1069132673537,0.0,0.0,977.0,0.0,0.0,0.0,0.0,0.0,1174.0,0.0,0.0,0.0,0.0,0.0,0.0,0.0,0.0,0.0
340,0.0005166328647366,0.013946792770764,0.1352903852947329,0.1412025691779784,3.263420350142618,3.4926668437638853,1.974932454970339,8.25319068676743,0.0,878.4383246461654,3648.244825952096,0.0,0.0,0.0,0.0,0.0,7343.908375710642,2940.47873811009,0.0,173.76045653520978,579.662921900397,0.0,6458.179536673565,8591.363168007229,5225.869913763913,487.7263705825703,0.0,0.0,836.0274222008841,0.0,0.0,0.0,0.0,0.0,1004.5973525542304,0.0,0.0,0.0,0.0,0.0,0.0,0.0,0.0,0.0
341,2.6645352591003848e-17,0.0052930599069766,0.1162448293461519,0.1525070093023257,2.69426000929978,3.212896073664526,2.0169176542096574,7.537911103535722,0.0,1075.024066961278,3407.7655018153173,0.0,0.0,0.0,0.0,0.0,7365.670990915216,3026.609806903124,0.0,375.1300643656253,482.584684661005,0.0,6824.094002595652,9293.569485337845,5623.323031016409,705.0743501174602,0.0,0.0,603.1053172725922,0.0,0.0,0.0,0.0,0.0,727.7897477813729,0.0,0.0,0.0,0.0,0.0,0.0,0.0,0.0,0.0
342,2.6645352591003848e-17,0.0001235541528238,0.126432140890366,0.163081597395349,2.177250220329095,3.017790091042413,2.078049576229825,6.664133121425044,0.0,1286.6904838346998,3143.0452208323027,0.0,0.0,0.0,0.0,0.0,7213.845174095308,2903.395068937068,0.0,633.1002570534741,641.8753213168427,0.0,6773.869829409967,9929.220144884686,6387.740359874863,1034.510165916333,0.0,0.0,780.8636975622026,0.0,0.0,0.0,0.0,0.0,950.071719577912,0.0,0.0,0.0,0.0,0.0,0.0,0.0,0.0,0.0
343,2.6645352591003848e-17,-8.171241461241134e-17,0.1409160792839562,0.174087801328904,1.6959343099769324,2.8642345026789178,2.153651506346692,5.663362960146169,0.0,1654.235749536976,3939.674595831857,0.0,0.0,0.0,0.0,0.0,6961.425381507853,2191.388596613097,0.0,1171.8134763170376,1957.143009602655,0.0,4104.727446858743,7478.1896265161695,5712.317664675352,1136.24264404284,0.0,0.0,929.140284469758,0.0,0.0,0.0,0.0,0.0,1132.0355963883644,0.0,0.0,0.0,0.0,0.0,0.0,0.0,0.0,0.0
344,2.6645352591003848e-17,-8.171241461241134e-17,0.1554138266710973,0.1833675419003326,1.415270882788414,2.7073244096064597,2.1219730784816373,4.856603661885894,66.78737936275752,3435.5995308986294,4909.320796809211,0.0,0.0,0.0,36.90143019412862,0.0,7287.943353374406,2055.317121252783,0.0,990.2600882040916,1953.1612816367303,0.0,2875.391997157032,5444.272340833609,4285.491973315923,640.590340253458,0.0,0.0,880.0873048276102,0.0,0.0,0.0,0.0,0.0,1064.0417246905963,0.0,0.0,0.0,0.0,0.0,0.0,0.0,0.0,0.0
345,2.6645352591003848e-17,-8.171241461241134e-17,0.1717962172142331,0.1862827423519455,1.2579325698004462,2.470312237989504,1.934232570216059,3.97984668497823,2020.9810107108256,6080.055381155516,6168.443908353444,296.87300162205537,0.0,216.01820383307384,688.5635872725578,0.0,7956.0438120805775,1904.439492778533,0.0,476.4646943638312,1461.308332546942,0.0,1476.9771797978217,2971.4665900626906,2328.7015908024464,152.59665772888107,0.0,0.0,534.2090239340423,0.0,0.0,0.0,0.0,0.0,643.4525880246879,0.0,0.0,0.0,0.0,0.0,0.0,0.0,0.0,0.0
346,2.6645352591003848e-17,-8.171241461241134e-17,0.2022196054936387,0.1759464598638504,1.102028444455584,2.1742989566812554,1.6732783192086822,3.0291914784160827,3688.023823883495,8309.443655422474,7365.60350357097,858.4473984458559,0.0,562.0149641047292,997.720917341339,0.0,8841.558487120046,1757.5816175677408,0.0,14.64026549481236,833.3288571315511,0.0,239.3567953666577,1018.6957559443106,648.3749263128632,0.0,0.0,0.0,588.2034210640279,0.0,0.0,0.0,0.0,0.0,716.1032272020105,0.0,0.0,0.0,0.0,0.0,0.0,0.0,0.0,0.0
347,2.6645352591003845e-17,-8.171241461241134e-17,0.2334783606378751,0.1757837880000003,1.059023865180063,1.960673291479072,1.4027918061421971,2.3025177963029777,3831.606156192668,8402.347750371955,8001.136761851712,1125.964103080678,0.0,628.0947930198038,888.5200540911858,0.0,9533.12476880648,1844.76486175267,0.0,0.0,551.3985918548252,0.0,99.9281606099602,559.7128555981215,126.34577930154336,0.0,0.0,0.0,835.4526374363245,0.0,0.0,0.0,0.0,0.0,1024.4876059095186,0.0,0.0,0.0,0.0,0.0,0.0,0.0,0.0,0.0
348,2.6645352591003848e-17,-8.171241461241134e-17,0.2360312640000013,0.1757786520234516,1.056288791852253,1.7570860893195266,1.126775935361343,1.7499810956482194,3621.005571661199,7604.884666940951,7919.305137538464,1229.7937414891833,0.0,619.2973980103208,706.8652978543885,0.0,9424.539479347824,1809.0921492076527,0.0,0.0,264.7348983164742,0.0,108.82780224503752,211.97802515533485,0.0,0.0,0.0,0.0,921.5199297076032,0.0,0.0,0.0,0.0,0.0,1112.7601709854778,0.0,0.0,0.0,0.0,0.0,0.0,0.0,0.0,0.0
349,2.6645352591003848e-17,-8.171241461241134e-17,0.2360312640000013,0.165854833716586,1.0248168000636293,1.5260992674357323,0.8196214528727295,1.2435551872302455,2345.8745500514933,4786.570417140914,5727.787130869182,921.7311963438206,0.0,380.9021815085104,452.5750233883559,0.0,6930.380015417208,1389.3074614475283,0.0,0.0,137.50981251084218,0.0,118.07701375272312,114.4346536134756,0.0,0.0,0.0,0.0,972.0832224282312,0.0,0.0,0.0,0.0,0.0,1144.298597391512,0.0,0.0,0.0,0.0,0.0,0.0,0.0,0.0,0.0
350,2.6645352591003848e-17,-8.171241461241134e-17,0.2360312640000013,0.1359400447973424,0.914652945710268,1.3426182350386795,0.5854618504810402,0.8328863925944835,2590.602875046858,5019.519914400608,7958.899544953909,1317.5051859490975,0.0,347.4898728969943,545.4553116432719,0.0,9945.728002896694,2158.5358595584107,0.0,0.0,168.73938694144317,0.0,126.9605450974762,205.06397065163716,0.0,0.0,0.0,0.0,1003.4783524790868,0.0,0.0,0.0,0.0,0.0,1177.8854754317313,0.0,0.0,0.0,0.0,0.0,0.0,0.0,0.0,0.0
351,2.6645352591003848e-17,-8.171241461241134e-17,0.2285849712780666,0.1079080786046513,0.7878920365621512,1.248216651864332,0.4807632114418619,0.5540004239981332,2231.4307914117844,4364.016211473074,9213.417953900367,1497.6707646509706,0.0,0.0,458.9734662768658,0.0,11810.173173414694,2684.26278169236,0.0,0.0,168.52771588220443,0.0,253.1824251437977,320.8154223587179,0.0,0.0,0.0,0.0,1006.04772223013,0.0,0.0,0.0,0.0,0.0,1291.227793494627,0.0,0.0,0.0,0.0,0.0,0.0,0.0,0.0,0.0
352,2.6645352591003848e-17,-8.171241461241131e-17,0.1922609698205989,0.0792921131162791,0.6541347431383824,1.1675384157919717,0.3721823093378446,0.3479170824413063,1092.6929030211084,2144.5038700816067,9050.592000243518,1240.6701552628442,0.0,0.0,107.757043750825,0.0,11776.056294114042,2633.602168881463,0.0,0.0,67.18656510747591,0.0,292.7633843458496,298.09067492362306,0.0,0.0,0.0,0.0,1155.745940764387,0.0,0.0,0.0,0.0,0.0,1296.8001731144486,0.0,0.0,0.0,0.0,0.0,0.0,0.0,0.0,0.0
353,2.6645352591003848e-17,-8.171241461241135e-17,0.1510927260996683,0.0486321500930233,0.5364498918139501,1.0855086331885753,0.2620127419463128,0.2019435134041076,896.493091630531,1101.071183031425,9275.853882459503,1084.9022064967874,0.0,0.0,3.592895458768237,0.0,11620.424770395432,2206.005622387765,0.0,0.0,2.0676096508005912,0.0,10.032991092409418,10.77868637630472,0.0,0.0,0.0,0.0,5020.356101751186,0.0,0.0,0.0,0.0,0.0,5048.393925112209,0.0,0.0,0.0,0.0,0.0,0.0,0.0,0.0,0.0
354,2.6645352591003848e-17,-8.171241461241134e-17,0.1130611104717611,0.0203109707929597,0.4297035377032554,1.000188778080445,0.177294373340214,0.0953221515815246,896.3298473008036,983.9718374895986,9269.317135846191,989.4596031314634,0.0,0.0,0.0,0.0,11216.725373865604,1925.2381920756743,0.0,0.0,0.0,0.0,0.0,0.0,0.0,0.0,0.0,0.0,6259.219061102958,0.0,0.0,0.0,0.0,0.0,6092.995259548558,0.0,0.0,0.0,0.0,0.0,0.0,0.0,0.0,0.0
355,2.6645352591003845e-17,-8.171241461241134e-17,0.07581365186711,0.0009410879576413,0.3345748473164415,0.921490244088044,0.1379229688280746,0.0374761882300548,880.3690499929656,902.332318113687,8976.359620177633,841.3510600631611,0.0,0.0,0.0,0.0,10431.167986332604,1560.9569128508,0.0,0.0,0.0,0.0,0.0,0.0,0.0,0.0,0.0,0.0,7037.127173449432,0.0,0.0,0.0,0.0,0.0,6797.363304129888,0.0,0.0,0.0,0.0,0.0,0.0,0.0,0.0,0.0
356,2.6645352591003848e-17,-8.171241461241131e-17,0.0354295651694362,1.4210854715201994e-16,0.2943472066967044,0.8277625635885271,0.1777706136587144,0.0476741261682758,871.7606160177686,884.970849804764,8467.684523338741,701.4343870119433,0.0,0.0,0.0,0.0,9677.817727089152,1317.7676035518973,0.0,0.0,0.0,0.0,0.0,0.0,0.0,0.0,57.201320212533176,0.0,7464.760345745975,9.542617262640409,0.0,0.0,0.0,0.0,7719.730913787444,53.4561860882617,0.0,0.0,0.0,0.0,0.0,33.32116657911504,0.0,0.0
357,2.6645352591003845e-17,-8.171241461241134e-17,0.0038781909661138,1.4210854715201994e-16,0.2719763886166081,0.7383606606219307,0.269803940523589,0.0915808091561345,800.7386963952927,741.9637502830025,7863.993569182624,537.0654523020523,0.0,0.0,0.0,0.0,8883.079209149038,1081.260300375495,0.0,0.0,0.0,0.0,0.0,0.0,0.0,0.0,161.60088040464723,0.0,8016.177299717313,76.30144602310155,0.0,0.0,0.0,0.0,8776.769355877448,300.37150806164897,0.0,0.0,0.0,0.0,0.0,143.27510626895216,0.0,0.0
358,2.6645352591003848e-17,0.0027356623528588,0.0054718015813962,1.4210854715201994e-16,0.2771518201531702,0.6923989608553991,0.4276448678629137,0.1482081484783935,554.1893672184783,485.24088642408407,5596.362827718905,351.8279120418263,0.0,0.0,0.0,0.0,6291.876151477117,738.3724647217153,0.0,0.0,0.0,0.0,0.0,0.0,0.0,0.0,204.2975154076735,0.0,8379.727695639338,157.66166148204144,0.0,0.0,0.0,0.0,9247.371017903191,549.442881986046,0.0,0.0,0.0,0.0,14.418692446912845,244.5096155011239,0.0,0.0
359,2.6645352591003848e-17,0.0232357517087721,0.0101833332757483,0.0004808622475437,0.2749828060159711,0.6961664173741481,0.6253919522994277,0.2069885722609622,449.658321004841,375.2418804801652,4626.947857286692,258.2055876878809,0.0,0.0,0.0,0.0,5165.966823066832,569.4554197837091,0.0,0.0,0.0,0.0,0.0,0.0,0.0,0.0,225.218267275506,0.0,8539.112894458405,204.9204163325073,0.0,0.0,0.0,0.0,9464.486299368771,671.875285320694,0.0,0.0,0.0,0.0,41.86084614390755,304.9261920032219,0.0,0.0
360,2.6645352591003848e-17,0.0663312824850497,0.0267072234113747,0.0406025756623022,0.3006949853445341,0.8269560687379374,0.8712914818463946,0.2791951899292436,499.682679361909,305.5748486429625,5578.58731801468,125.38788666144885,0.0,0.0,0.0,0.0,6019.152209306977,449.1021305712112,0.0,0.0,0.0,0.0,0.0,0.0,0.0,0.0,279.38316989260943,0.0,8847.72583911278,369.1806536013393,0.0,0.0,0.0,0.0,9952.998144973137,991.183665036508,0.0,0.0,0.0,0.0,229.8000878895416,523.2567781662676,0.0,0.0
361,2.6645352591003848e-17,0.1118308942232866,0.0839501046777417,0.130117349421927,0.3884043942365719,1.0799459141401575,1.1895011898922971,0.3621660129178586,583.4365541417499,187.41967570604675,4929.2845184887055,0.0,0.0,0.0,0.0,0.0,5030.21447989101,149.52518166015733,0.0,0.0,0.0,0.0,0.0,0.0,0.0,0.0,361.2480057397037,0.0,9338.114941826823,612.4975268566378,0.0,0.0,0.0,0.0,10704.04757312224,1483.4380917754577,0.0,0.0,0.0,0.0,557.1940530192637,875.8994158014528,0.0,0.0
362,2.6645352591003848e-17,0.1750733438505611,0.1472889055813962,0.228272140909672,0.5330533959235213,1.3830077767687623,1.5408699183411263,0.4404846197868622,174.41814183999782,0.0,2305.26800444766,0.0,0.0,0.0,0.0,0.0,2160.9928327399066,0.0,0.0,0.0,0.0,0.0,0.0,0.0,0.0,0.0,474.1273717593608,0.0,9956.522932513202,861.4307061521872,0.0,0.0,0.0,0.0,11527.672954120228,2156.875462254149,0.0,0.0,0.0,0.0,1060.5231640838256,1369.204382436619,0.0,0.0
363,2.6645352591003848e-17,0.2789333843322261,0.2190587062945743,0.3698929906644518,0.7525485456788445,1.855509512296792,2.0651623765160574,0.5271080538405205,0.0,0.0,1649.0372832912396,0.0,0.0,0.0,0.0,0.0,1888.3548962825955,0.0,0.0,0.0,0.0,0.0,0.0,0.0,0.0,0.0,846.05716438937,0.0,11023.038768367222,1349.2433193206523,0.0,79.00616605434789,234.67444498239223,0.0,12870.242708814514,3563.96024606265,0.0,211.057359121078,365.1868500184802,0.0,2204.569443603626,2523.121713209041,264.8566217385508,0.0
364,2.6645352591003848e-17,0.3852540455175056,0.3024626253488376,0.5195439770830567,0.9786618948944508,2.3692374950278587,2.611299674831332,0.6192976558443546,0.0,0.0,1117.0166961611037,0.0,0.0,0.0,0.0,0.0,1605.9005360309495,0.0,0.0,0.0,0.0,0.0,0.0,0.0,0.0,0.0,2398.4851599134304,834.4559586738089,10972.40927121351,1465.0554140135223,0.0,608.2013038502857,873.6811747449386,0.0,12357.676116764098,3330.173107555761,0.0,344.8501966481716,689.9897480864755,0.0,1884.0314539897115,2471.155120210293,367.2050510480197,0.0
365,2.6645352591003848e-17,0.4656238777321046,0.3807069992491694,0.6556572410585928,1.2028797071353032,2.8252862110410777,3.0748646637290875,0.6979552190241516,0.0,0.0,857.1696229889989,0.0,0.0,0.0,0.0,0.0,1381.1554396550875,0.0,0.0,0.0,0.0,0.0,0.0,0.0,0.0,0.0,4251.88704889044,2803.800337062241,10764.065235933003,1390.120991047703,0.0,1279.1372136478317,1707.479473909906,0.0,11621.381609108448,2480.3263673068827,0.0,343.3779213135229,1013.2883579584884,0.0,1312.9142736421768,2116.651150870636,243.1259354982536,0.0
366,2.6645352591003848e-17,0.5226340664451823,0.4492228141978019,0.7569143463358043,1.406249901724505,3.190616885891137,3.484557347708667,0.7948518707242417,0.0,0.0,713.4839070819096,0.0,0.0,0.0,0.0,0.0,1243.007148408768,0.0,0.0,0.0,0.0,0.0,0.0,0.0,0.0,0.0,4292.253306553337,3211.350294202811,10026.11349336164,1182.6497057971892,0.0,1340.700171655128,2168.395583911242,0.0,10900.776255196744,2247.600341909783,0.0,539.1939364781175,1551.7035994348932,0.0,1639.5544058021417,2598.4978778227937,606.855088300452,0.0
367,2.6645352591003848e-17,0.5785642050263827,0.4754575215548172,0.8062633322790704,1.5757320763384757,3.4725210723681923,3.893088910515541,0.8827460339214274,0.0,0.0,561.5560986365567,0.0,0.0,0.0,0.0,0.0,1075.6690133891857,0.0,0.0,0.0,0.0,0.0,0.0,0.0,0.0,0.0,4126.470761973421,3461.923902569812,9146.394605383382,906.2042219304824,0.0,1272.0442826699543,2620.1461501267054,0.0,10062.588408660418,2052.71023004796,0.0,773.570961901149,2204.4834318558146,0.0,2087.226970967138,3238.282208148581,1096.109156763231,0.0
368,2.6645352591003848e-17,0.6125629643487748,0.4918097763986712,0.8459773669333674,1.6859498155426524,3.690661123968917,4.247775642110203,0.9602762102711596,0.0,0.0,449.3275000691747,0.0,0.0,0.0,0.0,0.0,970.6324064607194,0.0,0.0,0.0,0.0,0.0,0.0,0.0,0.0,0.0,3732.063790965968,3471.058007402501,8521.400165221263,634.0509521684671,0.0,1042.169644541842,2782.102984840796,0.0,9494.87824772484,2050.045840583109,0.0,976.6822639539512,2663.8540433111743,0.0,2571.780328376094,3867.605163723141,1488.0117122003298,0.0
369,2.6645352591003848e-17,0.6054972450863078,0.5051454054855451,0.8588929499274766,1.765305615674556,3.729975969093098,4.4400564242434495,1.0278539724560565,0.0,0.0,327.2598780636013,0.0,0.0,0.0,0.0,0.0,754.3056781853268,0.0,0.0,0.0,0.0,0.0,0.0,0.0,0.0,0.0,3173.556245768189,3300.1136230933653,7755.377722607957,304.2317949125699,0.0,725.7450107742355,2828.8188718599263,0.0,8898.215018802028,2004.6791063806631,0.0,1180.5301450631844,3071.3724707687084,0.0,3138.397963789958,4730.232738796384,2017.127790284308,0.0
370,2.6645352591003848e-17,0.628612859066641,0.4912227245886267,0.836168847803792,1.842830281050612,3.582766827846007,4.579210348805165,1.0615222227484729,0.0,0.0,222.79112083925347,0.0,0.0,0.0,0.0,0.0,513.7446963969644,0.0,0.0,0.0,0.0,0.0,0.0,0.0,0.0,0.0,2571.163950655182,3143.003128830345,6506.739173070061,0.0,0.0,261.54951726623204,2946.438961465332,0.0,7901.302665145979,1687.1545485316303,0.0,1443.407011040332,3690.821418750832,0.0,3871.74695037504,6035.764294583122,2909.566533948411,0.0
371,2.6645352591003848e-17,0.6618588912628498,0.4287016099136213,0.76602999779871,1.8952647092538564,3.283407083348061,4.666649170534303,1.07305420209262,0.0,0.0,202.39731447426712,0.0,0.0,0.0,0.0,0.0,469.8329697865344,0.0,0.0,0.0,0.0,0.0,0.0,0.0,0.0,0.0,2270.0437694502534,2980.134498121434,6176.4542369430765,0.0,0.0,174.4235983278983,2832.9355329989726,0.0,7641.648825120512,1606.529646306667,0.0,1461.7914835448198,3816.859530048205,0.0,4136.826702960515,6462.550937444617,3193.853762073335,0.0
372,2.6645352591003848e-17,0.6772672099344222,0.3647030298338867,0.6991540044128256,1.91969679266156,2.955074540963172,4.714010745756186,1.0376800814542708,0.0,0.0,339.8256047187361,0.0,0.0,0.0,0.0,0.0,801.4597255576789,0.0,0.0,0.0,0.0,0.0,0.0,0.0,0.0,0.0,1243.082736735951,1933.7128674026676,5868.056470838247,0.0,0.0,455.3556912429223,1870.8707719939296,0.0,7526.977814883334,2026.3987540405144,0.0,1218.328544504881,3438.264072635244,0.0,4990.124683862065,7377.072660081277,3622.541399828787,0.0
373,2.6645352591003848e-17,0.663596175707642,0.2997073435145593,0.6021237046972832,1.878274721170995,2.482196566789922,4.542319549855002,1.0042381729153675,0.0,0.0,364.5530289422727,0.0,0.0,0.0,0.0,0.0,867.8225759647827,0.0,0.0,0.0,0.0,0.0,0.0,0.0,0.0,0.0,1530.1228844650657,2545.775434113859,6193.7943521397365,0.0,0.0,621.2956092017513,1512.3590984609548,0.0,7815.776915595003,2210.1954331906104,0.0,1015.561222380794,2943.0503181502254,0.0,4617.858366824765,6835.032445244973,3154.3558793707957,0.0
374,2.6645352591003848e-17,0.6477041336825973,0.2187275048970114,0.4921198973222607,1.8424331274387893,1.93396885516944,4.278822605491704,0.9785390218734852,0.0,0.0,324.9884593321544,0.0,0.0,0.0,0.0,0.0,800.6902232347867,0.0,0.0,0.0,0.0,0.0,0.0,0.0,0.0,0.0,3080.454392035944,5047.907502210834,7080.582780511047,32.01923076923077,0.0,819.4995142518812,1947.521450088262,0.0,8178.395434856168,1816.9607246129076,0.0,804.5519356558609,2633.1944343828704,0.0,2728.891866937136,4707.768393070138,1998.6950992731608,0.0
375,2.6645352591003848e-17,0.6407530478600757,0.1347778120664458,0.3764880287019752,1.766408015962471,1.454690724267348,3.9897588748493353,0.9596666179417496,0.0,0.0,232.33590396299348,0.0,0.0,0.0,0.0,0.0,566.0590763277856,0.0,0.0,0.0,0.0,0.0,0.0,0.0,0.0,0.0,4738.202610562045,7594.932920105326,7933.102309180535,382.5493292222188,0.0,1182.1809803210622,2335.2146573562018,0.0,8464.83599528431,1298.393355702633,0.0,523.4450122426571,2240.624349626647,0.0,1068.8393718448028,2845.1040428039564,976.6263574256732,0.0
376,2.6645352591003848e-17,0.5992052587023666,0.0644971574258361,0.2912331114160647,1.659694907901497,1.2340207300512072,3.689580168204035,0.9676297073175568,0.0,0.0,171.23523521617912,0.0,0.0,0.0,0.0,0.0,459.99168691170297,0.0,0.0,0.0,0.0,0.0,0.0,0.0,0.0,0.0,5813.344420756694,9094.705497440658,8652.919397221647,562.5705646194048,0.0,1570.5696723334022,2436.1253160130773,0.0,8756.35760670888,861.2550438717049,0.0,210.24889703861243,1819.7528379489297,0.0,265.84662667946867,1933.588955534219,400.2296138377957,0.0
377,2.6645352591003848e-17,0.5495459309968208,0.0405241147375424,0.2533675590299005,1.5769937169847976,1.1575979955569424,3.370779914341991,0.9930431594737984,0.0,0.0,218.8665857279572,0.0,0.0,0.0,0.0,0.0,685.2154505871625,0.0,0.0,0.0,0.0,0.0,0.0,0.0,0.0,0.0,5556.493224869979,8625.077904081632,9171.083720280012,805.9065109281393,0.0,1511.4742841401553,2213.1532725765974,0.0,9253.052251872616,973.989411055223,0.0,93.63061402941082,1624.7797107134847,0.0,291.0734297621718,1893.9223943453048,245.839494218221,0.0
378,0.0002100914814618,0.5168222767829915,0.0210688659867116,0.215826733444784,1.54467685211322,1.1389838754378787,3.111602891272035,1.0202748410583269,0.0,0.0,192.129555919326,0.0,0.0,0.0,0.0,0.0,669.4417632871426,0.0,0.0,0.0,0.0,0.0,0.0,0.0,0.0,0.0,4680.781365608191,6629.10031552239,9853.830227322873,1307.0557423046782,0.0,1229.8129756579128,1615.801862038088,0.0,9951.917328487698,1342.5589676821128,0.0,20.78877041534067,1026.6502055284122,0.0,249.8784087565652,1453.0844749063842,47.08748508678004,0.0
379,0.0284450569857338,0.5035702743974997,0.0030112327410599,0.2022405437248387,1.5972927605323393,1.3267223288067267,2.990111651235494,1.061974963926508,0.0,0.0,176.5123082714058,0.0,0.0,0.0,0.0,0.0,663.6571778558745,0.0,0.0,0.0,0.0,0.0,0.0,0.0,0.0,0.0,2170.572282782384,2987.649136582638,4833.814892232889,675.1291552611476,0.0,559.4172497606841,713.6907142090377,0.0,4870.106966606726,676.486736293838,0.0,0.0,431.958643101986,0.0,107.096164199172,650.6136617453111,0.0,0.0
380,0.0822071674285714,0.4390008562626709,0.0025322292180681,0.1850085338293629,1.6781279961184647,1.709905212903377,2.918492938280632,1.186217133144826,0.0,0.0,156.88788606051892,0.0,0.0,0.0,0.0,0.0,618.1252179872849,0.0,0.0,0.0,0.0,0.0,0.0,0.0,0.0,0.0,887.5753821800944,799.2900599806937,2432.463334187235,354.91727754015943,0.0,220.6364924880156,269.098077623329,0.0,2369.9905098503614,324.8531939585131,0.0,0.0,141.07687641720196,0.0,16.860572207574247,192.74251656360863,0.0,0.0
381,0.1373535043056477,0.3571538710963449,0.0188222396411967,0.1618598877156645,1.7417041787242469,2.1341260310243904,2.8281106692178373,1.4043014724600906,0.0,0.0,92.22713021811217,0.0,0.0,0.0,0.0,0.0,371.8557932014122,0.0,0.0,0.0,0.0,0.0,0.0,0.0,0.0,0.0,3349.2191364186247,2001.608672202458,10556.62940096509,1571.8498405919906,0.0,859.662409545816,1025.3775558593256,0.0,10197.63490143322,1423.3014948793143,0.0,0.0,486.5804801704945,0.0,6.042263805358439,602.0999733701613,0.0,0.0
382,0.1936027679202658,0.2723279439810147,0.0373479493156154,0.1353856984983391,1.787659095236555,2.5517099915074977,2.701644401626968,1.6705296406888477,0.0,0.0,71.60179177393215,0.0,0.0,0.0,0.0,0.0,298.7704127821614,0.0,0.0,0.0,0.0,0.0,0.0,0.0,0.0,0.0,3964.421212430029,2150.455224611838,12934.17637862182,1959.306473667068,0.0,1039.416605580335,1309.5012091119024,0.0,12444.292536572304,1844.6174692833597,0.0,0.0,592.6861773985694,0.0,7.329310299660309,715.7497918541159,0.0,0.0
383,0.2509549582724255,0.1839951969966779,0.0562369081993363,0.1085299678405319,1.8178827721181523,2.9902187132948432,2.67794993929037,1.9356286217534144,0.0,0.0,481.5461675680704,0.0,0.0,0.0,0.0,0.0,1116.542134465113,0.0,0.0,0.0,0.0,0.0,0.0,0.0,0.0,0.0,3533.550140814568,1643.6635427478232,12569.383035437975,1934.9654154735424,0.0,841.4392977521239,1243.4419862266575,0.0,11974.828296568254,1728.8904440492818,0.0,0.0,605.2598510945713,0.0,6.253598656460165,628.0621917601693,0.0,0.0
384,0.3043944631694356,0.1014202500398668,0.0738544948504991,0.0834818344385384,1.7933339290707182,3.391410543220701,2.648393071665877,2.1652384794019817,0.0,0.0,963.4350383148484,0.0,0.0,0.0,0.0,0.0,1782.606824795838,0.0,0.0,0.0,0.0,0.0,0.0,0.0,0.0,0.0,2596.503190989564,1117.4401443645336,9624.78781513098,1469.9115658085054,0.0,590.7013584439619,930.9708054659015,0.0,9167.321515264755,1284.9185771164878,0.0,0.0,473.4569429970735,0.0,4.033102144985518,475.7692614992745,0.0,0.0
385,0.3313900949456533,0.0277984410731524,0.0911088322923596,0.0635830651325772,1.7358846693364247,3.688488731134213,2.5937453037329714,2.3702519421678576,0.0,0.0,1514.300541567335,0.0,0.0,0.0,0.0,0.0,2538.9495950981564,0.0,0.0,0.0,0.0,0.0,0.0,67.98035089875755,0.0,0.0,937.9347724634476,403.6409068868932,3476.8217135576915,530.9834618279103,0.0,197.57696525196295,336.3000604999107,0.0,3311.576432695638,464.13976526175605,0.0,0.0,171.0348439151308,0.0,1.3284161961790266,171.89673078419267,0.0,0.0
386,0.3319809480000005,0.0054476502413339,0.1073666005872258,0.0537478903639442,1.640129454910546,3.736319387769077,2.5009141110088486,2.438052975122412,0.0,0.0,2768.6385061236647,0.0,0.0,0.0,0.0,0.0,4305.518850945162,122.28933926720676,0.0,0.0,0.0,0.0,33.537544548197175,446.6983337129165,0.0,0.0,496.4470761304976,127.89227887092196,2714.394972613414,304.87864706598816,0.0,0.0,203.91454361953907,0.0,2585.6487768290967,211.94080906906436,0.0,0.0,78.11310784433137,0.0,0.0,80.17178396088316,0.0,0.0
387,0.3319809480000005,0.0021597265913621,0.1093380120000008,0.0512603572285291,1.5420612250687746,3.69072323535082,2.424309029403275,2.3948830569093,0.0,0.0,3077.679412974851,0.0,0.0,0.0,0.0,0.0,4807.258460235378,328.3321605378561,0.0,0.0,0.0,0.0,125.04175731098454,660.9840285042534,0.0,0.0,927.6021942859416,114.43063747226182,6340.839516210315,604.328818070746,0.0,0.0,418.5822693110376,0.0,6040.485583544678,347.0805703261217,0.0,0.0,127.9789593008666,0.0,0.0,134.14121567733935,0.0,0.0
388,0.3318254546784194,0.0002424182908671,0.1093380120000008,0.0513219240000001,1.42499090984419,3.5138949160005444,2.301958921366068,2.3034392009774094,0.0,0.0,3200.929601769664,0.0,0.0,0.0,0.0,0.0,4893.106829062858,489.1772299139582,0.0,0.0,0.0,0.0,257.3264874323281,729.4396814934828,24.230742005393584,0.0,1307.0567797809645,95.60375940701869,9603.828890682387,860.3439616314055,0.0,0.0,601.417847432685,0.0,9137.759021324791,461.38300661072617,0.0,0.0,166.40537454289245,0.0,0.0,178.7823372683192,0.0,0.0
389,0.3029371343100779,-1.953992523340273e-17,0.1093380120000008,0.0513219240000001,1.2372688152956783,3.2259389683344435,2.1312345918737625,2.268549824899212,0.0,0.0,3116.761366301219,0.0,0.0,0.0,0.0,0.0,4741.773273326202,503.03061087113406,0.0,0.0,0.0,0.0,257.44095233747964,705.6916331380659,28.295451234322805,0.0,1308.2604865907194,89.78590880016749,9672.806428114549,854.9723532765473,0.0,0.0,596.9339930288467,0.0,9194.176638686247,457.8956327811458,0.0,0.0,162.07672049540162,0.0,0.0,176.58430177153028,0.0,0.0
390,0.2486708538338872,-1.953992523340273e-17,0.1066932392611304,0.0513219240000001,1.0004670126857111,2.829892022397345,1.8906764593010053,2.2132812212730792,0.0,0.0,1115.250946700614,0.0,0.0,0.0,0.0,0.0,1696.712443692638,179.9672496349671,0.0,0.0,0.0,0.0,92.11586020267336,252.50137321219557,10.09796719728567,0.0,1164.6628595675538,5.006494900992256,9419.15005021478,645.4229463482911,0.0,0.0,401.0884784207223,0.0,8799.158199955851,323.81745707405804,0.0,0.0,32.92384654816978,0.0,0.0,73.19598672246482,0.0,0.0
391,0.1957303704318936,0.0021014865554035,0.090879021568107,0.0494046542638265,0.7696477926003497,2.466003785632993,1.6367301963072207,2.1021009344850383,10.585482076338833,52.789038066970775,619.577708605536,0.0,0.0,0.0,0.0,0.0,873.0392683643929,103.29234354089724,0.0,0.0,0.0,0.0,28.04818114443553,94.20598995433144,2.182970104714432,0.0,1106.8181257915971,0.0,8734.68165649237,486.7862941020105,0.0,0.0,349.38489758469075,0.0,8115.856264612932,106.67136352883072,0.0,0.0,10.362631368672655,0.0,0.0,32.93640085258781,0.0,0.0
392,0.1389296434485048,0.0085870136212624,0.0774288214500389,0.0450268399136212,0.5298731200994093,2.1587719929690827,1.434579966071308,2.062836644418849,119.45884051607048,595.7326491095539,2384.9356394950705,0.0,0.0,0.0,0.0,0.0,3123.0524890919705,409.02095475099327,0.0,0.0,0.0,0.0,29.187514347469275,205.6924722298363,0.0,0.0,685.5549146619705,0.0,5282.546823294613,253.1028764792325,0.0,0.0,222.50146098563732,0.0,4896.868587590956,0.0,0.0,0.0,5.758845082520226,0.0,0.0,16.372940207063678,0.0,0.0
393,0.0821289164651162,0.0182090234223177,0.0967139270009779,0.0407423937408636,0.3273056427062695,1.9172763580301004,1.2331182194551578,2.0842787082399723,172.2208540070267,954.8457625641464,5010.785816762381,129.4796540837167,0.0,0.0,0.0,0.0,6587.766516182369,1048.568097144916,0.0,0.0,0.0,0.0,134.9350440175984,361.957837838226,0.0,0.0,266.44348825125115,0.0,1761.673866504418,58.18364250619506,0.0,0.0,128.809469807746,0.0,1641.5270635949848,0.0,0.0,0.0,41.119693811733946,0.0,0.0,13.639767517330192,0.0,0.0
394,0.0262377822341215,0.0394615490232558,0.1261446715614625,0.0364995441328902,0.1919548139355051,1.7163751736236137,1.0821053594059116,2.2293857605385847,262.00152435425656,1705.1753670751575,6510.493887657452,437.9291903987338,0.0,0.0,0.0,0.0,8711.51457911297,1858.7185079785204,0.0,0.0,0.0,0.0,481.79084193404327,530.9034818217878,0.0,0.0,901.9687750655032,0.0,3942.549310391083,0.0,0.0,0.0,720.521673558538,0.0,3737.137704159914,0.0,0.0,0.0,398.35003471556223,0.0,0.0,90.54484030678184,0.0,0.0
395,0.0002608930728941,0.0581902993554818,0.1535201533554824,0.0330898613621261,0.1671174574578815,1.6428712980023523,0.9677647689650284,2.383517999552069,410.4986073971959,2591.465678427195,7260.444431575154,718.1234653841937,0.0,0.0021903971175687,0.0,0.0,9884.692019462678,2558.4712274332264,0.0,0.0,0.0,0.0,840.452024951829,771.5822805670871,0.0,0.0,1451.2601311685603,0.0,5096.737767911655,0.0,0.0,0.0,1179.7705090421282,0.0,4812.513414157335,0.0,0.0,0.0,626.3678785968,0.0,0.0,69.30744124172631,0.0,0.0
396,0.0012233822306596,0.0795631085581396,0.1948827889435223,0.0607954157873753,0.2730571357494029,1.7250752018016215,0.911095095521604,2.7977927790090065,784.5354995747841,2940.801262307579,7593.840088160178,810.7413705941713,0.0,1.6330287236066197,0.0,0.0,10403.819095624993,2911.9636990449435,0.0,0.0,7.692767862285748,0.0,1179.5394003583565,1208.3876636114403,33.377711799173696,0.0,726.7730619491472,0.0,3266.0250292880887,0.0,0.0,0.0,593.7211910468582,0.0,3139.2410258660625,0.0,0.0,0.0,301.6449949908059,0.0,0.0,0.0,0.0,0.0
397,0.0081010339534882,0.1024760566152043,0.2796257559632604,0.1554541876943521,0.4938284089927653,1.8835459774039536,0.9252221589157786,3.5692136156177345,1200.6304735079457,2680.876761310924,7257.869795545779,727.3887107578183,0.0,2.750142119733197,0.0,0.0,10416.521022331208,3266.4877777029446,0.0,0.0,199.08058758337583,0.0,2195.104054423312,2729.8687041451367,1189.2055317092502,0.0,0.0,0.0,2108.749797995225,0.0,0.0,0.0,0.0,0.0,2110.2319469974486,0.0,0.0,0.0,0.0,0.0,0.0,0.0,0.0,0.0
398,0.0148413248372092,0.117880546126246,0.36987213250357,0.2466078149391391,0.7532274405355159,2.1146521086166734,0.925280208577656,4.42094196588675,1355.7938737983502,1244.1908192297155,5672.484360340367,313.53136854645777,0.0,2.2132498656559383,0.0,0.0,9254.563600391268,3318.819232837575,0.0,135.55404973193686,389.46265700623337,0.0,3892.641035321004,5436.495356228701,2808.883120634626,14.404474712470586,0.0,0.0,1844.717006742104,0.0,0.0,0.0,0.0,0.0,1870.3542560372016,0.0,0.0,0.0,0.0,0.0,0.0,0.0,0.0,0.0
399,0.0217191726777408,0.1309543627563469,0.4551224144120864,0.3452910250365445,1.0560209031673002,2.391997519689091,0.96554726355169,5.361087051801655,1507.5128732115186,413.3839043472221,4372.293791177272,141.49903467952578,0.0,1.6514923780182484,0.0,0.0,8075.692962307744,3091.987644647669,0.0,918.5104780741,743.9552881096946,0.0,5065.433737155579,7564.695761971213,4354.350965863411,844.6353763664097,0.0,0.0,1488.4080342653508,0.0,0.0,0.0,0.0,0.0,1596.3841465913986,0.0,0.0,0.0,0.0,0.0,0.0,0.0,0.0,0.0
400,0.0288721344318936,0.1326436200000001,0.5526920623302731,0.4480452480797334,1.3756695904420515,2.7042724619073724,1.0440140663146444,6.279924411749841,1662.519925429974,2019.881080211848,5364.040000232086,231.4458998229772,0.0,1.1014911755431194,37.39335354831525,0.0,8296.49811797798,2761.3174494300097,0.0,1028.7745247560931,1243.3074220125752,0.0,3404.7360384115154,5482.819958267321,3424.566771518578,552.4632685637464,0.0,0.0,1335.6021930796658,0.0,0.0,0.0,0.0,0.0,1440.5641702770026,0.0,0.0,0.0,0.0,0.0,0.0,0.0,0.0,0.0
401,0.0358187607508305,0.1301737724850499,0.6576249847144191,0.546703387374617,1.6467856447359426,2.9258650206083776,1.120653480168245,7.074278285267232,1830.585634196657,3402.416731843561,6136.057054977718,297.15529873440386,0.0,24.307830593217723,321.3615638513631,0.0,8608.68591682658,2515.5502114064057,0.0,910.5151864991706,1340.9740573071977,0.0,2269.4062903266004,3857.6541720453015,2444.579499229541,216.05054382595227,0.0,0.0,1320.2518265332826,0.0,0.0,0.0,0.0,0.0,1423.508203124641,0.0,0.0,0.0,0.0,0.0,0.0,0.0,0.0,0.0
402,0.0410400278085812,0.1239923582192693,0.7444158738135289,0.6215069715993485,1.869582569168299,3.1071307921034896,1.164927893868105,7.649136374550635,3283.5081687801085,5941.827026417801,6852.700811759959,325.86083810418694,0.0,615.1253390812448,1180.439813842616,0.0,8507.649690914737,1965.8489939748451,0.0,441.3974319849815,1556.5559737927313,0.0,1165.963881730722,2306.3273420701144,1624.252437595201,0.0,0.0,0.0,1255.791676577339,0.0,0.0,0.0,0.0,0.0,1338.4879148874147,0.0,0.0,0.0,0.0,0.0,0.0,0.0,0.0,0.0
403,0.0414046439999999,0.1150614279796759,0.7823880508047674,0.6631497333687696,2.024996198248969,3.260877104712137,1.258678634216149,8.09033689335078,3119.513146495397,6391.385922347987,6309.91366140249,266.6673027033573,0.0,510.0856728259952,1378.2021420163849,0.0,7713.236575817496,1860.0888456216371,0.0,383.3436366962224,2019.2552761533825,0.0,1793.185442454579,3096.025615756872,2340.5478037414305,0.0,0.0,0.0,1272.629465159616,0.0,0.0,0.0,0.0,0.0,1312.8725088043595,0.0,0.0,0.0,0.0,0.0,0.0,0.0,0.0,0.0
404,0.0414046439999999,0.0938430856943523,0.794949700268847,0.7030768281037563,2.115617695442878,3.4073693459746988,1.3600309701597313,8.262125125162267,1994.1600652283464,5091.818110652819,5143.9542344515,205.82528271077533,0.0,319.1014857270448,1035.2193212930886,0.0,6754.6525627593865,1563.507675465382,0.0,422.7081907752192,2322.985720813798,0.0,2495.291079793933,4394.32374978996,3411.3589079335507,0.0,0.0,0.0,1312.7618629755236,0.0,0.0,0.0,0.0,0.0,1314.2657335398274,0.0,0.0,0.0,0.0,0.0,0.0,0.0,0.0,0.0
405,0.0414046439999999,0.072029600013289,0.7782247590061515,0.7350552184160598,2.121190962417751,3.447859268970949,1.445416570865913,8.182272561511258,2013.8514629891365,4955.933314343703,5825.954624998218,146.9203364394103,0.0,191.6935154563037,630.9482223031199,0.0,7496.614536282784,1721.7413692544535,0.0,131.7167894294779,1593.9960797060055,0.0,1734.588260826063,3079.00811187964,2251.6614848232825,0.0,0.0,0.0,1333.9269442740622,0.0,0.0,0.0,0.0,0.0,1317.920602454678,0.0,0.0,0.0,0.0,0.0,0.0,0.0,0.0,0.0
406,0.0398934071268321,0.0504364525714285,0.7336079829720572,0.7292820371397305,2.060867538155945,3.447295965812003,1.516665196608174,7.846054101593888,2153.3619126364943,4924.009243362115,5998.292020970383,92.59828972420014,0.0,83.23026419952866,498.480259366914,0.0,7487.519519010687,1749.693524200438,0.0,0.0,1076.9380970010232,0.0,787.8962374630063,1962.895279775643,1268.6872024159372,0.0,0.0,0.0,1355.547377643555,0.0,0.0,0.0,0.0,0.0,1321.6931280989113,0.0,0.0,0.0,0.0,0.0,0.0,0.0,0.0,0.0
407,0.0335099454817275,0.0306425624800664,0.6571068885174435,0.6887363226328903,1.940412341521588,3.452089181539041,1.5624762329127984,7.301803804076396,3831.2586848199776,7683.143469017213,5850.551179817252,316.4710633256145,0.0,555.9367361741946,721.8280522225801,0.0,6542.08009822949,1164.2888269535745,0.0,0.0,671.6253134031543,0.0,0.0,1426.1070914660595,391.1685641195241,0.0,0.0,0.0,1363.4975423031117,0.0,0.0,0.0,0.0,0.0,1323.1287087806834,0.0,0.0,0.0,0.0,0.0,0.0,0.0,0.0,0.0
408,0.0268384330764119,0.015387434192691,0.5995202187890714,0.6579913727035043,1.7535054158085237,3.4645693581487613,1.647816201687717,6.77384778818576,6464.377889620298,12322.572075415885,7003.086687643119,638.0023241143282,0.0,1210.4547051586949,1119.7361586601269,0.0,7005.019936275887,805.1694307492853,0.0,0.0,392.8892565869683,0.0,0.0,1176.9840087577882,0.0,0.0,0.0,0.0,1356.1866075050514,0.0,0.0,0.0,0.0,0.0,1330.4669859311332,0.0,0.0,0.0,0.0,0.0,0.0,0.0,0.0,0.0
409,0.0199605852358803,0.0019041875317568,0.5742091068743416,0.6064103716146165,1.5285436767097844,3.458185883484077,1.674779109516523,6.166486776053925,8357.604323325364,15196.35871815246,7938.412919504285,913.5836151058488,0.0,1738.7275801154713,1528.038775336791,0.0,7506.054285471508,626.7258474205382,0.0,0.0,358.71462696331355,0.0,0.0,841.084139083139,0.0,0.0,0.0,0.0,1329.1411822758323,0.0,0.0,0.0,0.0,0.0,1339.5110515351532,0.0,0.0,0.0,0.0,0.0,0.0,0.0,0.0,0.0
410,0.0128076234817275,5.3290705182007346e-18,0.539460852123363,0.5521849250232551,1.3034934371328222,3.468281661371781,1.7127625897629384,5.594076754469994,6122.568687116231,10862.488973435997,6587.0818160129975,763.6014425279508,0.0,1457.489798684309,1623.437019370271,0.0,6552.705207842158,718.6149977102965,0.0,0.0,834.4428404157917,0.0,0.0,513.2742138824264,0.0,0.0,0.0,0.0,1294.922303503714,0.0,0.0,0.0,0.0,0.0,1318.5280925987392,0.0,0.0,0.0,0.0,0.0,0.0,0.0,0.0,0.0
411,0.0058609971627906,5.3290705182007346e-18,0.4955925755506656,0.4999497299102989,1.1130350631503256,3.522183305748342,1.8215077373920363,5.12109323872673,4712.6521360976585,8640.234339441433,5102.565351679014,565.7031996919222,0.0,1116.4534285229374,1388.809197429894,0.0,5153.870714641443,575.1272833433115,0.0,0.0,751.9375629207337,0.0,0.0,230.9489357375513,0.0,0.0,0.0,0.0,1268.6901221798148,0.0,0.0,0.0,0.0,0.0,1287.081929254377,0.0,0.0,0.0,0.0,0.0,0.0,0.0,0.0,0.0
412,0.0005377076730896,5.329070518200735e-18,0.4621831196358821,0.4777646894352158,0.9586970510883664,3.561856110636548,1.952293318009312,4.810425060619262,6872.830740548725,13103.08844492905,7532.5102908411955,816.5547472517562,0.0,1584.0684534647464,2145.268968446036,0.0,7704.291319514143,872.4483810211278,0.0,0.0,1185.8585785947662,0.0,0.0,69.20148302015696,0.0,0.0,0.0,0.0,1228.7500563556944,0.0,0.0,0.0,0.0,0.0,1276.6530184612736,0.0,0.0,0.0,0.0,0.0,0.0,0.0,0.0,0.0
413,-7.993605777301111e-17,5.3290705182007346e-18,0.44511198423873,0.484583520556003,0.8384996697864219,3.5577822504233554,2.0285579726056087,4.569782898148072,6541.691373203816,12875.88709157391,7568.768240098077,918.0276719207836,0.0,1374.5354518112003,1703.9947483119522,0.0,7687.892801284313,882.9650496814212,0.0,0.0,868.8941253818379,0.0,0.0,5.357853967174544,0.0,0.0,0.0,0.0,1196.3412505175888,0.0,0.0,0.0,0.0,0.0,1265.7999500612782,0.0,0.0,0.0,0.0,0.0,0.0,0.0,0.0,0.0
414,-7.993605777301112e-17,5.329070518200733e-18,0.4112013838673668,0.465128098693584,0.7662211579389167,3.53949369004677,2.0801789429133724,4.313323011751339,3578.133592265472,7073.818203878245,4171.604122858005,513.4315005286583,0.0,741.3230541889809,904.663270264631,0.0,4232.979805813617,487.0603264043622,0.0,0.0,454.2172929598033,0.0,0.0,0.0,0.0,0.0,0.0,0.0,1185.432943593355,0.0,0.0,0.0,0.0,0.0,1256.432943593355,0.0,0.0,0.0,0.0,0.0,0.0,0.0,0.0,0.0
415,-7.993605777301111e-17,5.3290705182007346e-18,0.3781518906060662,0.4483673125714269,0.7340942650390828,3.493729668290946,2.098351828302261,4.092069184711101,1789.0615772763192,2812.1464264073743,2942.4691839077946,428.6846758523958,0.0,346.27704555484246,312.1052170631464,0.0,3313.420657843293,525.5482642499553,0.0,0.0,80.04024713852907,0.0,0.0,0.0,0.0,0.0,0.0,0.0,1129.7518031670666,0.0,0.0,0.0,0.0,0.0,1187.9442557603743,0.0,0.0,0.0,0.0,0.0,0.0,0.0,0.0,0.0
416,-7.993605777301111e-17,5.3290705182007346e-18,0.3635297385681783,0.4325979996567455,0.690978895496706,3.369826742247826,2.0801071911814617,3.887876721792882,4200.927242309039,5640.087008657368,8689.744328041157,1280.6627942851487,0.0,695.9926767279234,379.07759038910064,0.0,10020.997872339733,1715.602933682046,0.0,0.0,12.528774420252622,0.0,0.0,0.0,0.0,0.0,0.0,0.0,718.7178501861378,0.0,0.0,0.0,0.0,0.0,752.9725176643753,0.0,0.0,0.0,0.0,0.0,0.0,0.0,0.0,0.0
417,-7.993605777301111e-17,5.3290705182007346e-18,0.3619170048192312,0.4034296335337103,0.6363730127652862,3.179706839265977,1.9816290782286583,3.706511641686137,4505.463803701424,5956.579779786148,11098.754850773748,1601.641048351304,0.0,604.2359696569077,80.0884352509055,0.0,12877.5671208248,2196.975814695638,0.0,0.0,0.0,0.0,0.0,0.0,0.0,0.0,0.0,0.0,437.06554947215824,0.0,0.0,0.0,0.0,0.0,479.5942909142928,0.0,0.0,0.0,0.0,0.0,0.0,0.0,0.0,0.0
418,-7.993605777301111e-17,5.3290705182007346e-18,0.3302528695509096,0.3486376305858897,0.5877408061442202,2.956177123616965,1.8077791953605709,3.37577587728356,3301.766552152155,4582.606249762551,10957.947552647289,1513.692330795632,0.0,326.84727781879496,0.0,0.0,12931.98945569844,2256.33601314585,0.0,0.0,0.0,0.0,0.0,0.0,0.0,0.0,0.0,0.0,2106.771759930129,0.0,0.0,0.0,0.0,0.0,2416.0415509473123,0.0,0.0,0.0,0.0,0.0,0.0,0.0,0.0,0.0
419,-7.993605777301111e-17,5.3290705182007346e-18,0.2660388610963458,0.2983136768970093,0.5298388915258597,2.697089768997865,1.6472760052809765,2.92231326585904,1562.1545915023785,2329.077137940405,8852.989654736493,767.4663309010051,0.0,0.0,0.0,0.0,10279.429879044412,1587.7426145032198,0.0,0.0,0.0,0.0,0.0,0.0,0.0,0.0,37.72408473707286,0.0,4246.483364758755,0.0,0.0,0.0,0.0,0.0,4978.850777897196,0.0,0.0,0.0,0.0,0.0,0.0,80.52946759623968,0.0,0.0
420,-7.993605777301111e-17,5.3290705182007346e-18,0.2040628624983391,0.2502515232956813,0.448946562480519,2.3542512134657554,1.4569065637907788,2.400168738617937,780.9805596860986,1308.5955704492928,7388.823106456364,141.73358336512584,0.0,0.0,0.0,0.0,8323.55668982149,919.9248352238702,0.0,0.0,0.0,0.0,0.0,0.0,0.0,0.0,294.25121586931374,0.0,5984.918826393159,5.893617021276596,0.0,0.0,2.1702127659574466,0.0,7073.341293526136,20.78723404255319,0.0,0.0,4.382978723404255,0.0,11.74468085106383,646.9739964779706,0.0,0.0
421,-7.993605777301111e-17,5.3290705182007346e-18,0.1469005336943525,0.2054482649177744,0.3771335557450102,2.013739569024917,1.2374800585764223,1.8980994028953448,611.4015854444823,1091.0088892942165,6917.621698745701,0.0,0.0,0.0,0.0,0.0,7619.835564978472,583.0631860411066,0.0,0.0,0.0,0.0,0.0,0.0,0.0,0.0,480.8924272763404,0.0,7169.646201148104,348.98521184167026,0.0,0.0,200.5306813760088,0.0,8435.773512252488,1121.6143348205353,0.0,0.0,316.24379363352745,0.0,629.1542424991082,1087.945186868811,0.0,0.0
422,-7.993605777301112e-17,5.3290705182007346e-18,0.0861279525448507,0.1438790751673035,0.3108857937303261,1.646608681308843,1.0178546679077392,1.3535330088991366,524.0453280158566,885.5861725805197,6391.323638231525,0.0,0.0,0.0,0.0,0.0,6857.3977801910405,234.64807493239925,0.0,0.0,0.0,0.0,0.0,0.0,0.0,0.0,631.0,0.0,8170.0,539.0,0.0,0.0,539.0,0.0,9490.0,1478.0,0.0,0.0,630.0,0.0,907.0,1518.0,0.0,0.0
423,-7.993605777301111e-17,5.3290705182007346e-18,0.026377392069556,0.0913031715832328,0.2578610746021008,1.3013997823357597,0.8500809275447896,0.8164825225472506,452.7618362381387,715.2220728054651,5947.372125263193,0.0,0.0,0.0,0.0,0.0,6301.337873987487,66.87294293142115,0.0,0.0,0.0,0.0,0.0,0.0,0.0,0.0,604.5305439172008,0.0,8333.709825453378,570.7190866757206,0.0,0.0,537.2788113357072,0.0,9681.330468453132,1555.4658764659134,0.0,0.0,655.3182691658428,0.0,930.3008962055986,1504.3321789369568,34.033883758009104,0.0
424,-7.993605777301111e-17,5.3290705182007346e-18,0.0001268812319723,0.0696853981887823,0.2043204688692539,0.99671798883799,0.7585568612046212,0.4577180523658369,413.8652019509538,525.6823408544631,5941.220005406153,0.0,0.0,0.0,0.0,0.0,6320.790776816022,75.17201061651201,0.0,0.0,0.0,0.0,0.0,0.0,0.0,0.0,517.8913624377348,0.0,8810.16368560692,670.4787701284243,0.0,0.0,505.0476761649629,0.0,10221.500190972549,1812.5676876935809,0.0,0.0,701.0165916629551,0.0,961.1025024150132,1471.74253270934,31.73329630862879,0.0
425,-7.993605777301112e-17,5.3290705182007346e-18,9.01401367039937e-07,0.0581401861019243,0.1485423663471385,0.805617586989781,0.7998772144253835,0.2645453400511479,380.5474095481367,365.0364924485977,5925.178427430057,0.0,0.0,0.0,0.0,0.0,6323.90020595637,83.45536638318625,0.0,0.0,0.0,0.0,0.0,0.0,0.0,0.0,511.1293729765741,0.0,8933.887895364496,696.4434564500348,0.0,0.0,477.7435306235543,0.0,10362.72402389766,1889.8111598406208,0.0,0.0,694.7389774701494,0.0,973.0971510630128,1480.2587459531485,24.618350185556658,0.0
426,-7.993605777301111e-17,5.3290705182007346e-18,0.0166409157839207,0.059839763769568,0.1230771843723525,0.7379339320345504,0.9143771697328996,0.1712414760733524,318.1687645106017,262.7890810970756,5179.065588726694,0.0,0.0,0.0,0.0,0.0,5513.257694495828,32.899694569497825,0.0,0.0,0.0,0.0,0.0,0.0,0.0,0.0,523.1434763483795,0.0,9035.112671517776,724.3945977385602,0.0,0.0,458.226428100929,0.0,10485.890587282436,1953.2121551832251,0.0,0.0,690.1093905176051,0.0,1006.6171615344748,1505.6210086149536,16.3715553654967,0.0
427,-7.993605777301111e-17,5.329070518200735e-18,0.05463853846113,0.0755096537382057,0.1087350128212563,0.7648089188358799,1.109329807957484,0.1044235220172733,227.64449166642237,158.58874233837884,4452.290280975429,0.0,0.0,0.0,0.0,0.0,4616.650058678372,0.0,0.0,0.0,0.0,0.0,0.0,0.0,0.0,0.0,570.449204342532,0.0,9162.230889147935,820.3014522820821,0.0,0.0,462.7713542323109,0.0,10644.873451973095,2072.3068890123086,0.0,0.0,687.9684225009812,0.0,1097.9434772249897,1611.9385783770158,10.048275825253963,0.0
428,0.0018497688525041,0.0029502089655864,0.1189461734968976,0.1186738414943894,0.168593029554059,0.9702981771609102,1.4043143096588824,0.0846140023255786,141.16169718417677,49.72109337206624,4089.525046906881,0.0,0.0,0.0,0.0,0.0,4054.380973502849,0.0,0.0,0.0,0.0,0.0,0.0,0.0,0.0,0.0,575.1970357429836,0.0,8848.073788608846,867.5655091232367,0.0,0.0,487.3313049597935,0.0,10287.22325664761,2095.289025373717,0.0,15.141423937596302,668.5136853304242,0.0,1132.109299717931,1618.7965900299473,5.56093165797838,0.0
429,0.0066035576212623,0.0189268488239202,0.2227755507906981,0.2020787604635524,0.3268475394395094,1.3878807623076022,1.801437459487208,0.0857120191987466,81.69361566145625,0.0,3531.538946050412,0.0,0.0,0.0,0.0,0.0,3337.8155005157982,0.0,0.0,0.0,0.0,0.0,0.0,0.0,0.0,0.0,597.7242774459588,0.0,8731.193221259102,1005.6351783847286,0.0,9.15907882163634,483.94047980356623,0.0,10140.389515868705,2416.5814120542177,0.0,81.82178182582102,617.9445650407451,0.0,1292.8277301722758,1694.8986532636927,64.95169440021674,0.0
430,0.0112623728770763,0.0371877407641196,0.3242295722990033,0.2990189569491024,0.5348525507784655,1.8990822198952813,2.323921411674428,0.1183146330498312,75.1633087758795,0.0,2657.2501203470024,0.0,0.0,0.0,0.0,0.0,2454.252550852478,0.0,0.0,0.0,0.0,0.0,0.0,0.0,0.0,0.0,810.9163938357112,0.0,10669.925012200394,1428.0423130095671,0.0,52.19364048919102,566.784061638197,0.0,12356.011987497865,3457.4243061867314,0.0,126.62778144382214,676.5970713473404,0.0,1820.6357060437024,2199.816442228664,168.88185346635123,0.0
431,0.0157366805980065,0.0547254290631229,0.4216656127574744,0.4037052027644017,0.7810500306340503,2.5185152679171536,2.819524887666088,0.1663662626414054,0.0,0.0,1481.1266473854737,0.0,0.0,0.0,0.0,0.0,1630.5392437222065,0.0,0.0,0.0,0.0,0.0,0.0,0.0,0.0,0.0,1018.5356779159324,0.0,11154.043881056336,1484.1931793921333,0.0,59.74713472883257,575.5436616443181,0.0,12994.725452560806,3990.296295727696,0.0,260.0509918467164,733.8271430012799,0.0,2452.961676952943,2827.24619972566,405.1955011319022,0.0
432,0.0203493689700996,0.0728055200930233,0.5077626689934169,0.544756414196201,1.0700431805318062,3.283560307867358,3.3610256223245885,0.2515997710775376,0.0,0.0,1082.781536476652,0.0,0.0,0.0,0.0,0.0,1450.7422028541798,0.0,0.0,0.0,0.0,0.0,0.0,0.0,0.0,0.0,911.8843923803436,21.11486868107142,10420.130343239513,1256.5413640649472,0.0,0.0,510.30037613330063,0.0,12479.94821760025,4165.069333939251,0.0,463.4241753307314,859.9788669462398,0.0,3336.102889114258,3717.2911892168377,857.6847152015788,0.0
433,0.0250081842259135,0.0910664120332227,0.5693311525813938,0.7082088518048167,1.385665195093849,4.057649226017439,3.946829267755823,0.3380849178363759,0.0,0.0,907.7256154348632,0.0,0.0,0.0,0.0,0.0,1285.1609193096897,0.0,0.0,0.0,0.0,0.0,0.0,0.0,0.0,0.0,777.4382849663531,88.743040618274,9495.2266227758,969.639525904795,0.0,0.0,428.1410972152784,0.0,11831.101280742272,4385.296065096661,0.0,719.6997236281164,1018.9044679807092,0.0,4449.188083418088,4839.019060704214,1427.9155970938918,0.0
434,0.0353454431930444,0.1058611630887116,0.6041398143193593,0.8655238471910652,1.628882938563084,4.673703759059588,4.457362470412674,0.3939599522061184,0.0,0.0,764.9920873647275,0.0,0.0,0.0,0.0,0.0,1150.1001144927625,0.0,0.0,0.0,0.0,0.0,0.0,0.0,0.0,0.0,642.1244955934309,59.9896188585438,8237.957544852594,735.1763235610974,0.0,0.0,349.1612374952814,0.0,10542.041582751532,4161.352418936545,0.0,804.2648706120493,1026.2886098848533,0.0,4712.276058336704,5076.162276568464,1629.7248438250897,0.0
435,0.0628478790697674,0.1088340664705074,0.6047061479999982,0.9975382311703134,1.7914262085471044,5.106614048326963,4.849748756708338,0.4626115988759452,0.0,0.0,614.2051748624169,0.0,0.0,0.0,0.0,0.0,1003.2423487475668,0.0,0.0,0.0,0.0,0.0,0.0,0.0,0.0,0.0,357.5751347422073,97.38230648007192,4551.278038128105,356.4011101941654,0.0,0.0,206.8902057817428,0.0,5894.864991293465,2287.251985060266,0.0,492.35138547319656,684.4019035845098,0.0,2890.8812405971885,3228.81093281657,1093.367900632793,0.0
436,0.0923163682126246,0.1088421480000003,0.5897908360289218,1.1030542002048085,1.9254544962352895,5.440669568829397,5.090762156871619,0.555248567336327,0.0,0.0,507.44057613489406,0.0,0.0,0.0,0.0,0.0,887.9253957781425,0.0,0.0,0.0,0.0,0.0,0.0,0.0,0.0,0.0,430.8058729403125,441.9898157838449,5298.993370869895,160.57189823580956,0.0,0.0,312.1854296357544,0.0,7224.38473765237,2602.9531072246973,0.0,818.4643788656089,1396.394841735408,0.0,4834.21638904588,5926.744310010707,2258.7499314164647,0.0
437,0.1212181556411961,0.110951290067618,0.5492343387977329,1.171447383463748,2.0201092358084733,5.533980006918119,5.219188930163779,0.6437227082626511,0.0,0.0,473.8751560205935,0.0,0.0,0.0,0.0,0.0,869.9015555549381,0.0,0.0,0.0,0.0,0.0,0.0,0.0,0.0,0.0,549.6604274074416,884.6404841292868,5481.796255443656,5.533495204975477,0.0,0.0,606.1614990898836,0.0,7885.111092465679,2507.3254606723813,0.0,1185.4190987850614,2368.2489998072497,0.0,6309.838408814556,8554.148826155757,3621.468042634583,0.0
438,0.1463652259670796,0.1141121631854427,0.4871467677897922,1.1811862187450928,2.032115332006636,5.345646613654489,5.209685639532474,0.6717130096164278,0.0,0.0,463.8113433194085,0.0,0.0,0.0,0.0,0.0,855.0966035220059,0.0,0.0,0.0,0.0,0.0,0.0,0.0,0.0,0.0,478.3945630960621,898.3192203729791,4920.818185233648,0.0,0.0,0.0,730.5770027030254,0.0,7388.456001138995,2108.280201451801,0.0,1254.229348129134,2647.14674064567,0.0,6512.110416843765,9491.10190240216,4317.568488261421,0.0
439,0.1700986495813957,0.1234274803996205,0.3869530735215957,1.1231506990465117,1.9519092711713248,4.929271766226863,5.047984876128388,0.6922691084857593,0.0,0.0,454.8984279447441,0.0,0.0,0.0,0.0,0.0,839.928681201197,0.0,0.0,0.0,0.0,0.0,0.0,0.0,0.0,0.0,500.5128158731624,947.136821454662,4255.698088934693,0.0,0.0,0.0,373.692342636939,0.0,7042.838736546177,2244.0551748474204,0.0,1097.9187979565372,2193.1229879021835,0.0,7256.156862169618,10588.230688960375,5025.202986976792,190.66494237002695
440,0.1867274561912926,0.134934379021857,0.2925305188504986,1.0371941941458305,1.8307340931764229,4.439848554412317,4.7382868692705085,0.7158530361496732,0.0,0.0,447.0749235986528,0.0,0.0,0.0,0.0,0.0,826.6965573123048,0.0,0.0,0.0,0.0,0.0,0.0,0.0,0.0,0.0,552.946058390012,1035.4693340950394,3636.494968514047,0.0,0.0,0.0,88.7371849036476,0.0,6786.254512306556,2461.101853889437,0.0,898.7501730597993,1592.8166629990133,0.0,7957.292197808442,11564.319820338424,5615.00350345901,437.243267427304
441,0.1831624420066449,0.1496916220066446,0.1950944783920267,0.9457623369973552,1.661458674297646,3.822987145918352,4.395263819032388,0.7161429611311413,0.0,0.0,413.7382778296577,0.0,0.0,0.0,0.0,0.0,770.4585529614993,0.0,0.0,0.0,0.0,0.0,0.0,0.0,0.0,0.0,835.2312884964693,1511.0681953049589,4064.652853955437,0.0,0.0,0.0,395.6125961501908,0.0,7181.421991233454,2749.3402010004293,0.0,868.9348174026543,1212.157859422996,0.0,7379.720525996021,10802.299821766575,5085.321595778891,501.9030789067895
442,0.1780884847973426,0.168536925089701,0.0981782455978114,0.8195436755645896,1.4348833946335688,2.964068567735001,3.911957260889592,0.6580432967605987,0.0,0.0,289.3606521116016,0.0,0.0,0.0,0.0,0.0,539.8064024435182,0.0,0.0,0.0,0.0,0.0,0.0,0.0,0.0,0.0,1069.905624036515,1906.4206403655955,4325.18701028788,0.0,0.0,0.0,650.7305629036647,0.0,7183.813620713542,2666.9118900197764,0.0,1084.916174078105,1381.2706176102645,0.0,6903.334194657241,10723.556150117332,5161.081752943659,806.6722726009311
443,0.1733374157740867,0.1842021343623818,0.0353868122645032,0.6786648877068745,1.2098068139141267,2.1568136596468177,3.358647935926407,0.5904231770516195,0.0,0.0,236.86139727949643,0.0,0.0,0.0,0.0,0.0,456.54160158977817,0.0,0.0,0.0,0.0,0.0,0.0,0.0,0.0,0.0,1271.5140323335468,2245.382214565364,4661.1786497669245,0.0,0.0,0.0,873.3212968790183,0.0,7038.973572446835,2333.8279475326945,0.0,1242.8136619224483,2092.2621993334205,0.0,5797.626996302636,9573.34022680738,4647.546377204769,666.9940943801382
444,0.1610164018440495,0.1982063310510063,0.0003022958272429,0.5332177797795572,1.0344980062184814,1.4580770125034217,2.794965700021899,0.5486024521735365,0.0,0.0,303.71744455469155,0.0,0.0,0.0,0.0,0.0,605.0956020352946,0.0,0.0,0.0,0.0,0.0,0.0,0.0,0.0,0.0,1022.2181095332572,1798.8439806402014,3927.690709373037,0.0,0.0,57.05797009782719,726.6216324546776,0.0,5314.485671511296,1537.5311119351393,0.0,942.2894719808452,2037.1978333037755,0.0,3291.1115003632835,5830.886953700643,2843.342955705051,169.19726779554645
445,0.1343643175016613,0.205562809913621,4.689582056016669e-16,0.4230542882179381,0.9547004494830518,0.9451281875907002,2.2925524674657893,0.5015322801408613,0.0,0.0,310.94435140005066,0.0,0.0,0.0,0.0,0.0,662.6069579777984,0.0,0.0,0.0,0.0,0.0,0.0,0.0,0.0,0.0,1630.6765454000936,2731.714452695447,3728.860513128525,0.0,0.0,495.0186700718598,776.1199528104427,0.0,4575.842695678648,1079.3723355687152,0.0,521.4627968913135,1353.5375609021612,0.0,1853.5662187795244,3480.3791793451373,1607.565168232758,0.0
446,0.106879284358804,0.2102383208203422,4.689582056016669e-16,0.3287112140677211,0.9056464119430055,0.5145068009946357,1.887420620106829,0.431353921567848,0.0,0.0,280.0,0.0,0.0,0.0,0.0,0.0,650.0,0.0,0.0,0.0,0.0,0.0,0.0,0.0,0.0,0.0,3869.813608932706,6352.375729381092,6448.9287498396525,236.21766304096496,0.0,876.2690375477073,1479.4137461431094,0.0,7167.185225334297,1262.0774714912802,0.0,308.6385693685376,1417.8717622526774,0.0,1184.9458516334155,2751.4920360210363,1044.254131623065,0.0
447,0.0802443037873753,0.2103933066065494,4.689582056016669e-16,0.2426844197883243,0.8904512100597964,0.2471332125961098,1.5398175755396366,0.3595957130033194,0.0,0.0,241.80919855363828,0.0,0.0,0.0,0.0,0.0,635.261170986187,0.0,0.0,0.0,0.0,0.0,0.0,0.0,0.0,0.0,5320.448966220577,8675.70175257283,8276.040512037524,791.100124733422,0.0,1140.498496894014,1871.5368821584404,0.0,8891.17194622488,1339.7006891862818,0.0,132.44082702353813,1342.931184720513,0.0,673.6217918843327,2153.9807153939505,573.9382605310043,0.0
448,0.0513425163588039,0.2038250344823921,4.689582056016669e-16,0.1802882292059799,0.8732033111621224,0.1250632432465136,1.2343692601654548,0.310922199725579,0.0,0.0,228.0511197537596,0.0,0.0,0.0,0.0,0.0,625.3725882549268,0.0,0.0,0.0,0.0,0.0,0.0,0.0,0.0,0.0,5119.434877549714,8054.158975125405,8947.279975408692,1037.7106361967533,0.0,1075.2491922942525,1632.007496299393,0.0,9410.869533652642,1350.8756211341226,0.0,5.127624602810259,947.5070424134708,0.0,463.5666621226895,1670.8149852919464,201.48540648681487,0.0
449,0.0221573780730896,0.1796691542591365,4.689582056016669e-16,0.1551129866757319,0.8339384664161282,0.0477805171777815,1.004771564024422,0.2608359957209274,0.0,0.0,206.02181322033488,0.0,0.0,0.0,0.0,0.0,609.2110927033726,0.0,0.0,0.0,0.0,0.0,0.0,0.0,0.0,0.0,4567.311281880114,6790.06241983776,9848.91652789663,1283.260232003198,0.0,940.1919719592802,1341.402522834337,0.0,10068.571834950684,1506.7753051724874,0.0,0.0,633.644654125162,0.0,326.9582754292092,1272.6953412591895,0.2903067758510294,0.0
450,0.001707207563969,0.1505084626001382,4.689582056016669e-16,0.1510224945000938,0.8015853544735113,0.0300179398999581,0.8699542858303838,0.2070102740114056,0.0,0.0,167.32104548118863,0.0,0.0,0.0,0.0,0.0,580.2587187780608,0.0,0.0,0.0,0.0,0.0,0.0,0.0,0.0,0.0,4155.832804579103,5905.782525451165,9784.762583974009,1375.899189434909,0.0,833.4120093759209,1205.505063370594,0.0,9857.79158973932,1517.6939194556066,0.0,0.0,484.4336070380569,0.0,280.022758871639,1051.465674672006,0.0,0.0
451,2.382723116876012e-05,0.1144989812854119,4.689582056016669e-16,0.1388867439490182,0.7661490279461142,0.055474691398371,0.8678088756967758,0.1602206373375996,0.0,0.0,125.60942205533424,0.0,0.0,0.0,0.0,0.0,569.462508875316,0.0,0.0,0.0,0.0,0.0,0.0,0.0,0.0,0.0,2270.782046636959,3214.64903850366,5378.729381321038,760.2394438174053,0.0,454.2787025154566,658.2126776224991,0.0,5414.155070617471,834.5990038416896,0.0,0.0,261.1994323544373,0.0,152.9694217429614,570.7971338675245,0.0,0.0
452,0.0354038808819087,0.0933752273023254,0.0167536061570527,0.1180388452044698,0.7821397396263908,0.1949651209380871,1.0276515945774771,0.2484507963995743,0.0,0.0,68.38604828407682,0.0,0.0,0.0,0.0,0.0,792.4725530549612,0.0,0.0,0.0,0.0,0.0,0.0,0.0,0.0,0.0,1504.5390337282404,1418.4609365455588,7614.356502071788,1092.57696343675,0.0,106.18139241448944,255.1645201844653,0.0,7327.684584176094,1136.7358890932985,0.0,0.0,26.15161791864222,0.0,25.65244100663188,220.29910580048636,0.0,0.0
453,0.1280457581262457,0.087964697701749,0.0761826669368775,0.1054666485448502,0.8669085904855457,0.5411040757317138,1.3899566021962084,0.5220604954308252,0.0,0.0,77.56453429914092,0.0,0.0,0.0,0.0,0.0,738.3990540138507,0.0,0.0,0.0,0.0,0.0,0.0,0.0,0.0,0.0,1939.811660500142,1355.1669789274113,12687.314156057117,1783.0138025582553,0.0,28.576227950972108,241.04252271788295,0.0,12083.42811894046,1806.2883864741784,0.0,0.0,0.0,0.0,27.526972067995946,183.227934493135,0.0,0.0
454,0.2293230971960129,0.0870480032959367,0.1455027243787379,0.0923204866843849,0.9899436087485256,0.9599869064589842,1.8572934764474915,0.8506708174009682,0.0,0.0,747.0832391859234,0.0,0.0,0.0,0.0,0.0,1605.361045779572,0.0,0.0,0.0,0.0,0.0,0.0,6.718109110576328,0.0,0.0,1425.3533462246107,774.1977587865355,12561.912415578288,1629.0509601349877,0.0,0.0,85.05663542367941,0.0,11932.992784638853,1716.0413098558065,0.0,0.0,0.0,0.0,40.58394261112874,142.69250862505103,0.0,0.0
455,0.3286713440930225,0.1051544683853822,0.2135023997740864,0.0794247279069763,1.1209243945327296,1.3938713782747716,2.403181166523364,1.1891178722884477,0.0,0.0,1953.8939855440883,0.0,0.0,0.0,0.0,0.0,3429.4350180970773,10.884017146138198,0.0,0.0,0.0,0.0,1.966991050506903,139.0933481128558,0.0,0.0,925.2145506732616,437.0424998728278,11604.182677068558,1306.2607735165227,0.0,0.0,0.0,0.0,10965.029183071403,1325.4188321823876,0.0,0.0,0.0,0.0,55.57182821949833,111.3831500346535,0.0,0.0
456,0.4231968605581385,0.1278030662243586,0.2782011200531561,0.0674538376837489,1.2796979773410584,1.8533955380646083,2.996462408572285,1.5838107691719785,0.0,0.0,2773.746960518687,0.0,0.0,0.0,0.0,0.0,4620.737465407611,204.0088294075311,0.0,0.0,0.0,0.0,36.86906555557791,458.80326548159474,0.0,0.0,792.810628125266,390.9673493837335,10822.659979152691,1083.0861055659127,0.0,0.0,0.0,0.0,10169.908700522274,1021.085848435082,0.0,0.0,0.0,0.0,68.42951327024947,78.94097345950105,0.0,0.0
457,0.5177212787641187,0.1536070773359389,0.3428998403322263,0.0667222465866716,1.4167256017697845,2.3143832006605445,3.5023681863482574,2.013163570466288,0.0,0.0,3084.225206715387,0.0,0.0,0.0,0.0,0.0,5039.409421733499,442.7810405071807,0.0,0.0,0.0,0.0,162.88893056307683,615.9186774635767,0.0,0.0,752.5052390296051,263.7738218539633,10066.399263001593,839.1230981968316,0.0,0.0,0.0,0.0,9529.309177147146,836.670585299996,0.0,0.0,0.0,0.0,87.53114912622095,120.8458485701672,0.0,0.0
458,0.5791719196130228,0.1679251672943519,0.3922455733164126,0.0752875418104979,1.508607951861525,2.6817906118939563,3.8944806842511706,2.356122226774486,0.0,0.0,3547.5575907484767,0.0,0.0,0.0,0.0,0.0,5984.114900006372,935.571424074665,0.0,0.0,0.0,0.0,524.3417425139752,749.1655137091908,0.0,0.0,617.5932477405769,0.0,9189.298274203786,512.302836424822,0.0,0.0,0.0,0.0,9149.68406974237,916.3360807850804,0.0,0.0,0.0,0.0,279.73077308540974,465.8591739881714,0.0,0.0
459,0.5806567439999996,0.1680978959999997,0.3974349960000006,0.0763490006197777,1.5341134508410208,2.8628293388758066,4.077089566849802,2.5223364561184667,0.0,0.0,3759.151496211845,0.0,0.0,0.0,0.0,0.0,6574.152584729583,1237.725228535004,0.0,0.0,0.0,0.0,692.4556074036416,807.7494481785393,0.0,0.0,499.20138702106937,0.0,8011.928966322687,229.9258700410108,0.0,0.0,0.0,0.0,8512.581151929904,1049.497535586029,0.0,0.0,30.39930648946534,0.0,958.5711205428825,1212.8387861444612,0.0,0.0
460,0.5806567439999996,0.1763479217260111,0.4118191058682827,0.0826336149908147,1.5481511393316354,3.039217336751224,4.179423447015843,2.6960450958514737,0.0,0.0,4254.322974302367,0.0,0.0,0.0,0.0,0.0,7293.348108590128,1675.7807528529895,0.0,0.0,0.0,0.0,1093.434799102581,1161.0528358283896,0.0,0.0,402.2294985587632,0.0,5947.986168773012,0.0,0.0,0.0,0.0,0.0,7045.496767922691,800.6900209597515,0.0,0.0,94.62422091631744,0.0,1607.8147470436274,2180.7360396806507,1.327189646228575,0.0
461,0.5806447615783861,0.2538150115599574,0.5178047309170694,0.108440185156146,1.558317893892054,3.2370124386254666,4.200512215597327,2.97048000588604,0.0,0.0,4654.949406757602,0.0,0.0,0.0,0.0,0.0,7482.705216240578,1650.2777833576258,0.0,0.0,0.0,0.0,920.9146975276695,1040.591971823117,56.04479947957135,0.0,403.9142729991704,0.0,5440.159407043209,0.0,0.0,0.0,0.0,0.0,6346.780561054306,646.9137666613505,0.0,0.0,118.88594045406776,0.0,1299.597020992014,1883.975912823568,0.0134675556546666,0.0
462,0.5403681412436964,0.3437898986077781,0.6232177579652146,0.1384853895524719,1.4895317355958522,3.352780802054333,4.098522917243704,3.1615270650685936,0.0,0.0,4964.50394384086,0.0,0.0,0.0,0.0,0.0,7628.985255005433,1630.5416719437117,0.0,0.0,0.0,0.0,787.6574235863211,947.5535963060688,55.94417482115768,0.0,187.123762147594,0.0,2518.516724008214,0.0,0.0,0.0,38.86619775019951,0.0,2937.753360732031,299.1472550271005,0.0,0.0,55.16184500070702,0.0,600.8800340568332,871.6225498410105,0.0,0.0
463,0.4472052815615963,0.443583884127195,0.68437151232843,0.1683310015016608,1.3470031923799537,3.369830387175812,3.834854581417321,3.2820081121586555,93.06129736197678,324.4226794615925,5932.399504919343,275.7544811733116,0.0,0.0,0.0,0.0,8461.457167314831,1773.6440257294944,0.0,0.0,0.0,0.0,446.90023376465575,610.2118011184134,41.3528941318282,0.0,5.118567463711016,0.0,791.5251649871223,0.0,0.0,0.0,15.035306775667364,0.0,875.1994826549524,8.174385804446203,0.0,0.0,1.503246287003566,0.0,16.422973652485958,23.831164239982904,0.0,0.0
464,0.3671766555990165,0.5660046360806009,0.7507026592364592,0.1968143521993351,1.285250031973706,3.393582733518416,3.612820302189808,3.5375172333826383,429.4158164589587,987.6636258410592,6607.583289381695,587.7254085588871,0.0,0.0,0.0,0.0,8972.48888277261,1960.1710781061176,0.0,0.0,0.0,0.0,396.9689737767452,564.0229344663436,28.339279447563023,0.0,0.0,0.0,1333.16968589493,0.0,0.0,0.0,0.0,0.0,1391.6986776664305,0.0,0.0,0.0,0.0,0.0,0.0,0.0,0.0,0.0
465,0.2981531688202948,0.6943904009102989,0.825312836680158,0.2243379117734818,1.321183463675621,3.3861373928263347,3.4054631905216,3.8697652634624,628.1396457838404,1500.4163187491592,6882.427856553025,755.8127783107747,0.0,0.0,0.0,0.0,9325.533891142735,2340.252090005448,0.0,0.0,0.0,0.0,826.144218460934,993.586866539517,168.52630866241023,0.0,0.0,0.0,1851.5260334745492,0.0,0.0,0.0,0.0,0.0,1888.161627726056,0.0,0.0,0.0,0.0,0.0,0.0,0.0,0.0,0.0
466,0.2354316145116281,0.835009976876412,0.9029251549594702,0.2534934607116275,1.3892593819674357,3.336334916581394,3.1082270156631293,4.3362499442252505,253.9478663719394,975.9949054273802,6495.526537386516,561.2779758405843,0.0,0.0,12.905559227746323,0.0,9534.645829783094,3252.93236666984,0.0,236.97745765940095,347.9807255682981,0.0,2648.9374873606803,3350.054242545141,1539.6084296486997,46.03315742801893,0.0,0.0,2254.141949666245,0.0,0.0,0.0,0.0,0.0,2302.281344965272,0.0,0.0,0.0,0.0,0.0,0.0,0.0,0.0,0.0
467,0.1720623369169436,0.9125591255791335,0.8939617895469029,0.2647971418604649,1.5794984663572431,3.3075422525895246,2.828146689229668,5.011628976216303,360.05600226819485,1272.1454810476107,6430.769742863372,511.0212049520506,0.0,15.113109649299243,173.7070055922929,0.0,9371.87348437117,3191.292533701637,0.0,599.1486689738377,1037.9153911270396,0.0,2512.6227955275463,3796.9503244275006,2033.567956912818,198.68504352667944,0.0,0.0,1725.5490718128456,0.0,0.0,0.0,0.0,0.0,1808.961299862895,0.0,0.0,0.0,0.0,0.0,0.0,0.0,0.0,0.0
468,0.145409085307158,0.9635869504666268,0.877486610402901,0.2698539138103291,1.8333201072123173,3.3763403534814262,2.6170354056514733,5.8430274468039896,1747.204249684156,3572.5638263090746,6900.103885852076,674.500062729669,0.0,302.3223490755529,797.7206006114889,0.0,9208.124072447748,2558.94428413529,0.0,475.74808216582966,1285.9315179576224,0.0,1281.0682311237017,2793.01264071833,1608.549805538026,237.31908064378555,0.0,0.0,1048.135295475479,0.0,0.0,0.0,0.0,0.0,1098.7869254165437,0.0,0.0,0.0,0.0,0.0,0.0,0.0,0.0,0.0
469,0.1795650476695761,1.0115516565205251,0.9073302244223224,0.2740308113918576,2.236081675676102,3.573659612232896,2.5364378562894427,6.974104385580048,2315.8897905646886,4458.101189891392,6955.412616191521,578.5753326085827,0.0,238.37591813602157,1279.5083821052076,0.0,9037.28809668208,2434.8438484766243,0.0,481.2697949186238,1587.1585484302043,0.0,1326.9339062349572,2840.7748657753064,1719.146121925377,147.12933095478527,0.0,0.0,859.7296453319091,0.0,0.0,0.0,0.0,0.0,953.9788239947482,0.0,0.0,0.0,0.0,0.0,0.0,0.0,0.0,0.0
470,0.2065899567707643,1.0212968700279073,0.92485282298206,0.274236788962126,2.592437194904976,3.809340350386712,2.444093557857822,8.041322464555487,1542.9142486302137,3560.152636925021,6660.82669128224,341.55085817820753,0.0,19.5462622239396,1106.63316051175,0.0,8889.273048967547,2633.52943601621,0.0,579.1586946767316,1775.6222267037988,0.0,2057.9210065007314,3624.386308265517,2214.909761654578,100.34001831340322,0.0,0.0,1151.0702933177413,0.0,0.0,0.0,0.0,0.0,1332.7311636818629,0.0,0.0,0.0,0.0,0.0,0.0,0.0,0.0,0.0
471,0.2229325500425001,0.9477226731849808,0.8387140767602331,0.2618277237209297,2.8264166252220817,4.151995266153078,2.351668511723199,8.945863043870625,227.3238522975663,1902.702658377772,5281.637753327796,11.792015392957328,0.0,0.0,213.56650100578275,0.0,7517.434061438812,2438.7213703790258,0.0,332.23160494673334,1536.196194790867,0.0,2611.716286742788,3911.5746054119822,2365.9304067728763,0.0,0.0,0.0,1220.2408957302034,0.0,0.0,0.0,0.0,0.0,1376.963582920813,0.0,0.0,0.0,0.0,0.0,0.0,0.0,0.0,0.0
472,0.2241305280000002,0.843107471366816,0.724634398285715,0.2390454038975953,3.032108579927293,4.502887395414502,2.276364053504015,9.727759493590783,0.0,1430.59287277071,3180.0070003468118,0.0,0.0,0.0,0.0,0.0,4526.213619946705,1468.3381510753702,0.0,178.26950770210198,968.1910978580624,0.0,1572.461408995441,2355.110091467653,1424.5072611449882,0.0,0.0,0.0,1218.5508503685917,0.0,0.0,0.0,0.0,0.0,1347.2074181349165,0.0,0.0,0.0,0.0,0.0,0.0,0.0,0.0,0.0
473,0.2218029103232816,0.7123547787239962,0.6087995129233336,0.2060076048637867,3.1277160844592364,4.74236030879402,2.179511856423212,10.110370841880409,0.0,2525.889286327765,1927.235920807229,0.0,0.0,0.0,0.0,0.0,2742.995298228823,889.8283559620138,0.0,11.27917820015993,838.642433933499,0.0,952.9808916619968,1427.269231425664,863.317783406602,0.0,0.0,0.0,1246.844681708969,0.0,0.0,0.0,0.0,0.0,1305.3458531795716,0.0,0.0,0.0,0.0,0.0,0.0,0.0,0.0,0.0
474,0.2097866619752597,0.5570677325666226,0.4844644206743466,0.1735532937959991,3.059393060161728,4.877573193588468,2.0039017236838967,10.062039305175098,0.0,3400.3859542750856,1147.123715015628,0.0,0.0,0.0,0.0,0.0,1768.0147378918916,622.1115146419263,0.0,0.0,735.7002740454498,0.0,776.358809293488,1114.575712373445,621.7268900735439,0.0,0.0,0.0,1289.3433276281462,0.0,0.0,0.0,0.0,0.0,1331.808309634034,0.0,0.0,0.0,0.0,0.0,0.0,0.0,0.0,0.0
475,0.188727127239398,0.3898117047707651,0.3444074109579833,0.1528306404283761,2.8470202920726924,5.0033714808849,1.799379305715075,9.807043192103976,0.0,4376.851550832936,1994.9306388826956,0.0,0.0,0.0,0.0,0.0,4192.051131526841,1845.3126405467708,0.0,0.0,620.799681688238,0.0,3077.850302153142,4127.828150511391,1972.2924050402296,0.0,0.0,0.0,1289.5497517802726,0.0,0.0,0.0,0.0,0.0,1315.7079980700655,0.0,0.0,0.0,0.0,0.0,0.0,0.0,0.0,0.0
476,0.1511166132358802,0.2268112254288272,0.2049325253314597,0.1485794603881931,2.5398354934699663,5.068250274663945,1.5770228084942592,9.287916038839004,72.9740715438323,5064.889217942271,2864.2888176949077,46.0016660867541,0.0,0.0,0.0,0.0,5981.798177781764,2610.871954516921,0.0,0.0,539.8136939495265,0.0,4317.208989412067,5781.689358728667,2703.3071831143047,0.0,0.0,0.0,1285.6194873001352,0.0,0.0,0.0,0.0,0.0,1314.7199898586025,0.0,0.0,0.0,0.0,0.0,0.0,0.0,0.0,0.0
477,0.1150025580598004,0.1476502328372095,0.1637815179428574,0.1555738430272423,2.1486504466259038,4.962240258187379,1.4432053810976824,8.549620441974755,1323.451788520845,6431.892135899288,7586.852615549922,741.1572539201976,0.0,18.888982937867077,32.38111360777213,0.0,9417.763692534856,2358.388921275998,0.0,0.0,381.8991353261366,0.0,1003.9126621933502,1820.2862972131225,773.9695625888098,0.0,0.0,0.0,1260.627609740042,0.0,0.0,0.0,0.0,0.0,1309.7332442402271,0.0,0.0,0.0,0.0,0.0,0.0,0.0,0.0,0.0
478,0.0811223619667773,0.0963658287118305,0.1413257703189369,0.1697509431263903,1.7384042979919003,4.80408526863181,1.465784333898604,7.703191569005642,2582.4543634123543,6946.1519507480025,8772.037005120184,1041.8961581573278,0.0,215.74282607720167,305.7215844849022,0.0,10101.203327513034,2237.4440423823994,0.0,0.0,282.9742001424363,0.0,267.4387256546344,526.0291269212172,301.7015111847665,0.0,0.0,0.0,1225.7851292220098,0.0,0.0,0.0,0.0,0.0,1295.2338235441075,0.0,0.0,0.0,0.0,0.0,0.0,0.0,0.0,0.0
479,0.0442240503560545,0.065198645944324,0.1147167929261086,0.1982689964252495,1.2421792123695663,4.651338823607061,1.6880856812574232,6.77389220246925,2071.5196751291624,4320.021092489744,6179.886016025133,809.6854507455711,0.0,415.3665940519037,351.5389825995634,0.0,7124.618960684729,1617.813534407045,0.0,0.0,190.34435497543095,0.0,179.2242397710834,209.3017810684553,187.41840139995085,0.0,0.0,0.0,1187.6932143652327,0.0,0.0,0.0,0.0,0.0,1287.549824863587,0.0,0.0,0.0,0.0,0.0,0.0,0.0,0.0,0.0
480,0.0164117804890365,0.0662573312061134,0.1045222994439869,0.2267598427415286,0.811114924961054,4.441533070922791,2.0771522868869146,5.895667034659144,1637.724989541931,3388.9347582582086,5816.617124415976,697.0092524108424,0.0,437.6063728920232,326.7510527967455,0.0,7049.058318627771,1842.828497312128,0.0,0.0,378.32988125170266,0.0,529.1444146201816,727.3546204165399,374.20121537162873,0.0,0.0,0.0,1168.5249874571912,0.0,0.0,0.0,0.0,0.0,1282.9511564860436,0.0,0.0,0.0,0.0,0.0,0.0,0.0,0.0,0.0
481,0.0006445902522258,0.0828335869833891,0.115445079613555,0.2390523607231894,0.5535098868103566,4.11396190242817,2.491887928425254,5.089604535537015,1863.853606116612,3801.120760200864,7746.63419750876,855.8298436503391,0.0,461.5983787221186,448.4077997044389,0.0,9776.134915586616,2812.7053790059003,0.0,0.0,741.9555163633105,0.0,1101.989354707013,1576.0164718230562,722.7625221941048,0.0,0.0,0.0,1142.9217787256364,0.0,0.0,0.0,0.0,0.0,1265.9302789693108,0.0,0.0,0.0,0.0,0.0,0.0,0.0,0.0,0.0
482,-7.81597009336109e-17,0.0969107339614621,0.1293563656664454,0.2950885016611294,0.3744357839946765,3.884054535032557,2.8826635569355537,4.5339527285767485,2700.51828882393,5298.417467179651,8356.962850546299,988.2693123472692,0.0,484.7466559840453,711.4370866219006,0.0,10277.437730739,2739.5735683510025,0.0,0.0,806.9104774457232,0.0,777.7108953318829,1381.9809523635909,634.4536990703142,0.0,0.0,0.0,1128.4909993832582,0.0,0.0,0.0,0.0,0.0,1252.8853171070846,0.0,0.0,0.0,0.0,0.0,0.0,0.0,0.0,0.0
483,-7.81597009336109e-17,0.1003119692890368,0.1363518919734221,0.3743808951839965,0.2857272679250643,3.711749926434155,3.216365369123353,4.242306320209235,3546.7556545590637,6661.413435269404,8383.471145089801,1042.489369243611,0.0,539.085724412849,900.3975701128254,0.0,9953.257173238548,2356.100911207691,0.0,0.0,697.7063784538335,0.0,307.9939252820634,871.2261212871273,390.5045560384525,0.0,0.0,0.0,1122.286803684089,0.0,0.0,0.0,0.0,0.0,1251.717380782293,0.0,0.0,0.0,0.0,0.0,0.0,0.0,0.0,0.0
484,-7.81597009336109e-17,0.1021948334226266,0.1432050289833888,0.4611480576058756,0.2566332181206418,3.54389846201294,3.469839799343948,4.097760428737194,2794.8782254150765,5350.314331035158,7891.045286145535,1077.2783558054473,0.0,414.21290044794864,660.0889620466828,0.0,9760.10524138586,2344.608425426303,0.0,0.0,504.2820918276696,0.0,436.4877004968927,650.9670364713883,269.5058261174595,0.0,0.0,0.0,1081.312513117579,0.0,0.0,0.0,0.0,0.0,1218.3049601414857,0.0,0.0,0.0,0.0,0.0,0.0,0.0,0.0,0.0
485,-7.81597009336109e-17,0.1023959160000003,0.1529533083900044,0.5340582773560602,0.2669803437408551,3.3655317686364303,3.581044484008965,3.96162492083028,1442.8188028767083,2769.921592154541,4190.215330109789,577.4792176109331,0.0,197.3153446278457,337.9714246692983,0.0,5207.920399389293,1254.8484488405088,0.0,0.0,258.72384409008066,0.0,240.91521222781117,338.45320616789235,140.9715828432939,0.0,0.0,0.0,1085.1239370206963,0.0,0.0,0.0,0.0,0.0,1214.6366927723416,0.0,0.0,0.0,0.0,0.0,0.0,0.0,0.0,0.0
486,-7.81597009336109e-17,0.0999078099269106,0.1577851359357698,0.5894174198471769,0.2868587883455064,3.202630141825029,3.6185040392668975,3.864024307964568,627.8277550542516,1205.3581555148087,1823.43044355701,251.30989513749756,0.0,4.092845071097115,147.04770268292782,0.0,2266.2592137828965,546.0596017462581,0.0,0.0,112.60923884112908,0.0,104.81832331082784,147.2985265594451,96.1839807385751,0.0,0.0,0.0,1085.981703866468,0.0,0.0,0.0,0.0,0.0,1205.2012574688515,0.0,0.0,0.0,0.0,0.0,0.0,0.0,0.0,0.0
487,-7.81597009336109e-17,0.0858553097142862,0.1488893437076412,0.6512902929683118,0.2870505912075047,3.137609112996675,3.55548365665807,3.823342644668548,208.77265525496733,523.993360858967,2509.145570797004,345.96933992499424,0.0,0.0,32.0543652116797,0.0,3467.966131687526,965.8286506768868,0.0,0.0,44.97837433229876,0.0,248.29998572173585,198.5076488954033,56.85271962604121,0.0,0.0,0.0,1009.958629262576,0.0,0.0,0.0,0.0,0.0,1178.1458805141426,0.0,0.0,0.0,0.0,0.0,0.0,0.0,0.0,0.0
488,-7.81597009336109e-17,0.0698418678139541,0.1389522950431893,0.6459518189900332,0.283173081725266,2.978811945933803,3.349988627285467,3.668665612595458,556.2341040866934,1582.8769318516136,9688.03950327923,1339.6282821834973,0.0,0.0,60.36672249349135,0.0,13516.043468947892,3809.915706935616,0.0,0.0,140.03044715460024,0.0,1002.7058423564416,770.9380843199203,24.69630632818105,0.0,0.0,0.0,563.9966671319445,0.0,0.0,0.0,0.0,0.0,665.5504595586815,0.0,0.0,0.0,0.0,0.0,0.0,0.0,0.0,0.0
489,-7.81597009336109e-17,0.0535809057607976,0.1292696181709452,0.6144010305249167,0.2831383439999913,2.7916855842993056,3.014546930344922,3.417720398972825,655.1217193209636,1601.4917163391476,9724.445230128498,1422.3311257472692,0.0,0.0,108.96532618293637,0.0,13383.642548146374,3768.9806692732423,0.0,0.0,310.8507616114925,0.0,1036.7334675213613,848.980570936928,100.73194298281074,0.0,0.0,0.0,831.1074164451197,0.0,0.0,0.0,0.0,0.0,948.3139793546562,0.0,0.0,0.0,0.0,0.0,0.0,0.0,0.0,0.0
490,-7.81597009336109e-17,0.0372519889235882,0.1092387251500127,0.5828510499138781,0.2797663135652864,2.59766441276872,2.6030163509816098,3.167924550016873,405.31362514246393,953.875625492388,5923.787746769749,883.6908331944248,0.0,0.0,79.53490097701089,0.0,8128.624940153227,2287.300857434793,0.0,0.0,220.46872759951668,0.0,632.2016261925794,522.8611031708714,71.36933626119254,0.0,0.0,0.0,1173.8938287900733,0.0,0.0,0.0,0.0,0.0,1319.4805937957012,0.0,0.0,0.0,0.0,0.0,0.0,0.0,0.0,0.0
491,-7.81597009336109e-17,0.0195623290166118,0.0817874951561461,0.5565184918919008,0.2413976327043099,2.373645732957574,2.057628884398166,2.931572251143117,205.80793470676767,484.42370365007,3008.3603337713284,448.7427130600056,0.0,0.0,40.39166508666555,0.0,4128.018871874384,1161.5960562461269,0.0,0.0,111.94094699686109,0.0,321.0689586218073,265.52559948033246,36.2519176034812,0.0,0.0,0.0,1783.2946403704004,0.0,0.0,0.0,0.0,0.0,1995.8726066394872,0.0,0.0,0.0,0.0,0.0,0.0,0.0,0.0,0.0
492,-7.81597009336109e-17,0.0052167542642261,0.0570704868837209,0.4874598465249182,0.1948350146710875,2.0459641489630265,1.514610664410835,2.619318877581968,487.9712718859533,983.661544873075,3860.075200484853,382.0289798116505,0.0,0.0,39.6350550252594,0.0,4730.755602582221,973.3373647268438,0.0,0.0,72.33068671662622,0.0,92.63599093728514,105.34072527799609,8.912423621156575,0.0,73.64917229543505,0.0,3087.854216533417,0.0,0.0,0.0,0.2045216325774199,0.0,3541.1232617492083,0.0,0.0,0.0,0.7866216637593073,0.0,0.0,175.53766065476222,0.0,0.0
493,-7.81597009336109e-17,0.0018574307641201,0.0396715910830565,0.3934714272300181,0.1487427261129481,1.646173932809064,1.0400048390361596,2.23753314748799,1182.7447984782038,2265.016159318293,7471.117520250562,449.2729833477411,0.0,0.0,93.86655690917844,0.0,8711.512262029277,1402.562619962156,0.0,0.0,75.38304139490056,0.0,0.0,60.81408252026687,0.0,0.0,413.7222210662619,0.0,5406.410048077039,0.0,0.0,0.0,18.502645216407704,0.0,6392.5555495445615,0.0,0.0,0.0,71.16402006310656,0.0,0.0,778.9603155116986,0.0,0.0
494,-7.81597009336109e-17,0.0001087276544855,0.0225754029568107,0.2996254101528238,0.1012394491295596,1.2704375536289667,0.6908463076951555,1.8826318246150224,1235.690482001623,2302.678319057184,7179.869270934702,326.4587700288645,0.0,0.0,119.04277845142926,0.0,8269.200337413373,1159.8022654198646,0.0,0.0,51.18881892017717,0.0,0.0,29.42351116668219,0.0,0.0,476.442,0.0,5635.842,0.0,0.0,0.0,85.348,0.0,6656.33,29.04,0.0,0.0,159.05200000000002,0.0,24.12,875.382,0.0,0.0
495,-7.81597009336109e-17,4.902744876744704e-16,0.0065107605660566,0.2109382392558139,0.0556174900465032,0.994762700298293,0.5020678205047069,1.6149169204156404,1365.610732028493,2360.2069838359616,6664.573682477868,162.1801537647299,0.0,0.0,189.04344066307104,0.0,7536.155454064313,742.4203587843698,0.0,0.0,53.41822841355452,0.0,0.0,16.58177158644548,0.0,0.0,670.545953870581,0.0,6321.807663034415,0.0,0.0,0.0,453.8071968730435,0.0,7388.73968932028,288.2406711810111,0.0,0.0,527.1682700758928,0.0,248.10029636175807,1187.2377751368062,0.0,0.0
496,-7.81597009336109e-17,4.902744876744704e-16,0.0001210830697676,0.1213367676279069,0.0120354827054831,0.766551186362318,0.3999500740254122,1.3835042642532769,1175.6441802003528,2029.8843641716949,5525.568244634802,93.29771055594972,0.0,0.0,182.67606021107125,0.0,6268.1749379999865,586.1265727987554,0.0,0.0,39.76007805600939,0.0,0.0,19.44770184991115,0.0,0.0,681.3169725062759,0.0,6568.694850342926,0.0,0.0,0.0,513.6147471885733,0.0,7713.862431626408,427.7897996363533,0.0,0.0,591.100340804796,0.0,390.2017534992309,1323.7086887187097,0.0,0.0
497,-7.81597009336109e-17,4.902744876744704e-16,2.4691360067663543e-16,0.0357492637305434,0.0037023133334191,0.5859917071664633,0.4496999273553468,1.1197475576356877,607.375857398633,1050.084884256053,2858.9493746935395,0.0,0.0,0.0,94.98508757046052,0.0,3242.015576488548,300.1411326604338,0.0,0.0,21.759737158704286,0.0,0.0,10.941950504388595,0.0,0.0,675.2722717259912,0.0,6855.982816104298,14.70272059238932,0.0,0.0,482.97248681133294,0.0,8092.335429154015,642.0578391491555,0.0,0.0,596.7667998147354,0.0,588.721795465592,1494.8024440540928,24.35823859336141,0.0
498,-7.81597009336109e-17,0.0013954117766972,2.4691360067663543e-16,0.0347262037368294,0.0213507459610736,0.5849036385355928,0.6296658813474197,0.9016874845735712,142.67336341592073,264.37438582995753,724.9903973081283,0.0,0.0,0.0,30.36905784213545,0.0,807.2676319193182,36.52464114750194,0.0,0.0,20.38054701852968,0.0,0.0,14.114252058365713,0.0,0.0,611.5058139920282,0.0,7102.986819381568,64.41182883631066,0.0,0.0,236.37026357003896,0.0,8446.548848084374,1056.1119506110626,0.0,0.0,462.01144851395776,0.0,945.2486061861672,1742.433196089798,106.7109140511036,0.0
499,-7.81597009336109e-17,0.0081067998139539,2.4691360067663543e-16,0.1068801080531558,0.1138296173023171,0.8118721416877045,0.9640642090318612,0.7721322324260389,196.27337581339376,368.6828308356861,1012.4303723299548,0.0,0.0,0.0,44.03761794480184,0.0,1123.421517162648,40.66123825303528,0.0,0.0,32.316486434951635,0.0,0.0,22.674175912127247,0.0,0.0,592.0997550300057,0.0,6888.131897033368,62.9701958809645,0.0,0.0,226.50023751561992,0.0,8191.698631690347,1028.1924199626665,0.0,0.0,446.4273078662779,0.0,920.1096226716652,1691.7225528763825,104.32132152234615,0.0
500,-7.81597009336109e-17,0.0146016297807313,2.4691360067663543e-16,0.1744137596484444,0.2352432131488892,1.1385242427571696,1.3428884650664523,0.6516427045487848,882.6300774868389,1653.7591570777267,4743.70057533637,0.0,0.0,0.0,244.8085145456707,0.0,5241.165325650618,39.33047183662082,0.0,0.0,217.12006605546517,0.0,0.0,89.40778808651014,0.0,0.0,288.55498394745103,0.0,3356.9503941107755,30.68729551243156,0.0,0.0,110.39348258008222,0.0,3992.2504258266,501.0700774606799,0.0,0.0,217.55719882624865,0.0,448.4301284020077,824.4849092136669,50.853850099310826,0.0
501,-7.815970093361092e-17,0.0223132428024827,2.4691360067663543e-16,0.246662826875948,0.3730054959099773,1.6305627734179116,1.808014791143491,0.5156597531170375,541.043176161969,405.9254786285058,2518.0439070157054,0.0,0.0,0.0,75.38870022560987,0.0,2690.7562616115065,0.0,0.0,0.0,72.53309680372172,0.0,0.0,4.056168842206178,0.0,0.0,220.66299441813567,746.05300792524,2145.0636934657173,57.43173939586327,0.0,19.473936420943637,91.26213823037912,0.0,2559.7989633756088,414.2005316007657,0.0,292.35811912709346,168.38974590001587,0.0,400.24771611480094,635.2689834952016,90.71130922668152,0.0
502,-7.81597009336109e-17,0.0368702065913626,2.4691360067663543e-16,0.3384831912159466,0.536382768799679,2.3942139291287825,2.4263725394223243,0.3963522740003979,108.48822424583824,3.971630560059588,1407.8976062602417,0.0,0.0,0.0,0.0,0.0,1623.118053227635,0.0,0.0,0.0,0.0,0.0,0.0,0.0,0.0,0.0,759.6115128132088,1565.366598723651,4066.0701536396496,362.7756800035145,0.0,81.2698114247887,369.24963331740304,0.0,4908.810381781218,1417.0831460790412,0.0,634.6690659791566,559.4612358067535,0.0,1527.418379615532,1973.1439602826688,594.1423616174892,0.0
503,-7.81597009336109e-17,0.0516423411029904,2.4691360067663543e-16,0.4301637199649388,0.7237697295208797,3.2062205041263825,3.0453133897191,0.3512829983640426,0.0,0.0,1237.6015636931645,0.0,0.0,0.0,0.0,0.0,1505.7951217904072,0.0,0.0,0.0,0.0,0.0,0.0,0.0,0.0,0.0,1068.223437895224,1720.3945920479898,4909.817916058783,471.1179737202687,0.0,129.5877676134259,533.8173627003317,0.0,5932.141101849843,1794.662301256685,0.0,680.3918722480427,754.0552159668368,0.0,1950.7003499248965,2527.727615775512,806.8365988594775,0.0
504,-7.815970093361092e-17,0.0654107341101991,2.4691360067663543e-16,0.4946919451024872,0.929583680238192,4.043784456561896,3.645451524928234,0.3393904050671424,0.0,0.0,1098.2022360901713,0.0,0.0,0.0,0.0,0.0,1394.938539146572,0.0,0.0,0.0,0.0,0.0,0.0,0.0,0.0,0.0,2277.6996500195214,2553.307559281981,6554.535096579348,600.869086521332,0.0,437.18838485067886,1203.293367940111,0.0,7855.973947180187,2309.9799093738498,0.0,786.4733018236739,1338.216024412739,0.0,2533.655287369606,3575.697402528884,1242.998431579354,0.0
505,-7.81597009336109e-17,0.0746415348039871,2.4691360067663543e-16,0.5245623349235868,1.0836738483166288,4.792144442959359,4.20728087013903,0.3457221973493558,0.0,0.0,761.8277542561029,0.0,0.0,0.0,0.0,0.0,1115.952683224892,0.0,0.0,0.0,0.0,0.0,0.0,0.0,0.0,0.0,2526.749479055487,2475.1026737344846,5952.169044721445,532.8692995554321,0.0,552.9572623675732,1346.1950076994776,0.0,7057.422041150824,2024.7239560641788,0.0,634.0198680957739,1349.8174078644863,0.0,2223.351311073433,3250.4490359948827,1128.19475582282,0.0
506,-7.81597009336109e-17,0.0824960159666234,2.4691360067663543e-16,0.5483665844975653,1.1930965582724171,5.3567840819031005,4.654402188810327,0.3561389455647143,0.0,0.0,558.4983063762876,0.0,0.0,0.0,0.0,0.0,952.8308549687036,0.0,0.0,0.0,0.0,0.0,0.0,0.0,0.0,0.0,873.9070036433602,856.0201203841494,2058.634158447311,184.2953838065524,0.0,200.8056438914093,465.5995544796181,0.0,2440.92297937644,700.2711258606348,0.0,219.29298005746776,466.87370499652513,0.0,768.9726987327963,1124.2225503716602,390.2143389731791,0.0
507,-7.815970093361092e-17,0.0962547928211627,2.4691360067663543e-16,0.5667444220608027,1.2952571929743548,5.726629395097584,4.987500462838342,0.3775608365054921,0.0,0.0,474.470105334183,0.0,0.0,0.0,0.0,0.0,917.8313643847624,0.0,0.0,0.0,0.0,0.0,0.0,0.0,0.0,0.0,271.6696013071447,266.1544306183003,639.9990246045356,95.33118239455705,0.0,134.08809779841658,144.73824493457874,0.0,758.7924572972979,217.7001036252482,0.0,68.15923250144664,145.11712508487946,0.0,239.04526577942303,349.5129663373376,121.31916178530264,0.0
508,-7.81597009336109e-17,0.108507497458605,2.4691360067663543e-16,0.543697364258072,1.3899635280669704,5.841075109976604,5.163192367577945,0.3870925085015352,0.0,0.0,426.7315718558814,0.0,0.0,0.0,0.0,0.0,893.4901907650274,0.0,0.0,0.0,0.0,0.0,0.0,0.0,0.0,0.0,122.44424757503658,119.9555007733186,288.36620484322737,245.7423113170888,0.0,183.4610011327037,65.23136244824276,0.0,341.93868166383487,98.09583824811624,0.0,30.75075091716289,65.39356378282574,0.0,107.70305450912852,157.47878564058522,54.65138929822358,0.0
509,-7.81597009336109e-17,0.1208825917142861,2.4691360067663543e-16,0.4731238581727573,1.3881328594374234,5.735606415619047,5.220742029193803,0.3977472981882688,0.0,0.0,389.5562156648404,0.0,0.0,0.0,0.0,0.0,866.4870303187163,0.0,0.0,0.0,0.0,0.0,0.0,0.0,0.0,0.0,1029.3278752893218,1651.4290202818902,4088.495167777336,397.6175084532819,0.0,232.96074399561036,645.5161125031408,0.0,5588.347970824632,1646.4547264208031,0.0,572.3832687669355,1954.445766501216,0.0,3897.954711885795,6108.5372896573845,2950.320507784903,0.0
510,-7.81597009336109e-17,0.1395329995614624,2.4691360067663543e-16,0.401297474071394,1.3463628735641389,5.444961974116348,5.26429448477699,0.423988886491278,0.0,0.0,381.0047644139808,0.0,0.0,0.0,0.0,0.0,869.3415130948891,0.0,0.0,0.0,0.0,0.0,0.0,0.0,0.0,0.0,2069.696483688512,3369.7321788972063,5885.111076748032,539.2291840552754,0.0,279.07933266761285,962.985549516688,0.0,7472.39347385399,2021.6366352335024,0.0,588.716408970943,2332.188172885206,0.0,3833.21221480944,6411.74834101772,3007.992602156652,0.0
511,-7.81597009336109e-17,0.1563253268411966,2.4691360067663543e-16,0.3290168838737549,1.3002306607160046,4.961837565001194,5.203326133561999,0.4410792319957548,0.0,0.0,356.0175944509611,0.0,0.0,0.0,0.0,0.0,825.2383067139741,0.0,0.0,0.0,0.0,0.0,0.0,0.0,0.0,0.0,2773.326760058962,4671.849844066763,6587.639661365992,665.6997043501958,0.0,320.218731672553,1048.6802027414524,26.39283481873941,7795.229808367407,1932.2369047287784,0.0,462.4656386305806,2103.377201066071,0.0,2837.2837042209862,5125.079616677544,2228.640461353308,0.0
512,-7.815970093361092e-17,0.1676637469108007,2.4691360067663543e-16,0.2375262692491693,1.245700803423298,4.188384000083491,4.981556451272114,0.431064384933499,0.0,0.0,221.90855187953628,0.0,0.0,0.0,0.0,0.0,529.4471319953675,0.0,0.0,0.0,0.0,0.0,0.0,0.0,0.0,0.0,3534.745934363611,6761.974821829151,8597.336810969511,811.129926135798,0.0,360.1056497333321,899.0375331725992,19.542975530440167,8976.626806549113,1903.71886902962,0.0,303.7483932710378,1430.8501697477425,0.0,1590.758150156765,3444.3696258022187,976.8284934256164,0.0
513,-7.81597009336109e-17,0.1705961609700997,2.4691360067663543e-16,0.145952452342857,1.159248962171421,3.3656547517740805,4.6984732467880415,0.4103542575229307,0.0,0.0,211.1458813570196,0.0,0.0,0.0,0.0,0.0,529.8682704109598,0.0,0.0,0.0,0.0,0.0,0.0,0.0,0.0,0.0,2389.1878366890023,4582.09983362063,9357.495762137223,991.2856896621548,0.0,337.4860301096566,611.6796472618256,0.0,9738.718217631218,2566.256109457623,0.0,135.1029696659314,1167.2872428327692,0.0,2308.3920100656323,3557.363285855204,781.8353830415678,0.0
514,-7.815970093361092e-17,0.1701268737205235,2.4691360067663543e-16,0.0844484061406196,1.0509721826588836,2.550089482135192,4.407063650622279,0.3955574435595707,0.0,0.0,266.5933749584699,0.0,0.0,0.0,0.0,0.0,693.3320693381465,0.0,0.0,0.0,0.0,0.0,0.0,0.0,0.0,0.0,1301.1062641700787,2427.9587054389062,6480.436066086511,721.4039845109094,0.0,292.35585276059805,427.8595863623223,0.0,6824.1889049253705,1948.6070279385424,0.0,61.6993588048895,808.1890825950782,0.0,1888.2633734019348,2636.788687307488,604.1081330913663,0.0
515,-7.81597009336109e-17,0.1697916362319543,2.4691360067663543e-16,0.0576635468172757,0.9853084631851317,1.80638311161854,4.074078398001507,0.3780109914735808,0.0,0.0,276.5024576760332,0.0,0.0,0.0,0.0,0.0,742.1300386597221,0.0,0.0,0.0,0.0,0.0,0.0,0.0,0.0,0.0,734.9378074568097,1371.4356838468716,3660.4760325800426,407.5123013648453,0.0,252.15004637543356,289.42176354091083,0.0,3854.671822398104,1100.641702979155,0.0,34.869259922972816,456.5345000062001,0.0,1066.6012115306542,1489.409046048594,341.26238574212454,0.0
516,-7.81597009336109e-17,0.161108552351833,2.4691360067663543e-16,0.0310687787340558,0.916582593806646,1.0883642399941127,3.596196946618376,0.3454367919305128,0.0,0.0,239.09734882713312,0.0,0.0,0.0,0.0,0.0,697.7156875516414,0.0,0.0,0.0,0.0,0.0,0.0,0.0,0.0,0.0,283.3714081306986,506.13377105246286,1311.6229603373345,147.88088975712367,0.0,192.6933378919585,110.07943850453164,0.0,1394.0332421232465,395.8862462335462,0.0,17.239417568049454,173.68412232948037,0.0,378.28709843071823,544.0623836598876,131.00100058506672,0.0
517,-7.81597009336109e-17,0.1453288844932584,2.4691360067663543e-16,0.006900119889779,0.832837391770168,0.5861176437443766,3.0957035820762147,0.3169518693031148,0.0,0.0,188.1891793234084,0.0,0.0,0.0,0.0,0.0,650.4451774346162,0.0,0.0,0.0,0.0,0.0,0.0,0.0,0.0,0.0,1407.959293314807,2097.524124489797,4676.207704453618,564.3785301363356,0.0,145.32284050890962,518.951226653255,0.0,5225.415697175362,1441.859389309467,0.0,155.9417955666596,819.7064347523299,0.0,1270.870184821106,2145.936792674834,640.4657187368341,0.0
518,-7.81597009336109e-17,0.1328193998798338,2.4691360067663543e-16,-1.26121335597418e-16,0.7418164696922221,0.3999677509804161,2.7382396970987437,0.3184566578556659,0.0,0.0,138.77324049624988,0.0,0.0,0.0,0.0,0.0,603.7773400912577,0.0,0.0,0.0,0.0,0.0,0.0,0.0,0.0,0.0,3251.475070642983,4420.7030439883065,9300.207040431653,1134.7486201708623,0.0,344.0788769469413,1119.4313034217623,0.0,10319.559466906474,2545.1996197212243,0.0,242.79666992356144,1425.2372030170875,0.0,1854.44976276529,3609.9174126978446,961.9328262949656,0.0
519,-7.815970093361092e-17,0.1141946071487496,2.4691360067663543e-16,-1.26121335597418e-16,0.6631504793560996,0.3029099146941595,2.365712562593115,0.317742987046456,0.0,0.0,127.79920035379904,0.0,0.0,0.0,0.0,0.0,616.5726229357886,0.0,0.0,0.0,0.0,0.0,0.0,0.0,0.0,0.0,3572.265702505631,4678.304475729469,9610.582324023351,1269.9036563961706,0.0,546.3652728769691,1261.571092301888,0.0,10555.93334255868,2398.8183630717926,0.0,208.45986101714752,1254.84869653405,0.0,1536.917344414323,3179.5831851795488,708.4873415437834,0.0
520,-7.81597009336109e-17,0.0901479928305648,2.4691360067663543e-16,-1.26121335597418e-16,0.586126172557181,0.269259251060271,1.9461295647963903,0.3101746794504099,0.0,0.0,110.76395260301037,0.0,0.0,0.0,0.0,0.0,607.3461475745249,0.0,0.0,0.0,0.0,0.0,0.0,0.0,0.0,0.0,3114.415274135612,4022.9544919446103,9482.911073496807,1352.5830620003496,0.0,532.4803981875775,1291.053939810898,0.0,10269.346151059675,2306.070918611659,0.0,196.5391333866232,1176.822273202535,0.0,1386.2300193841552,2817.2689958692285,516.4427687065573,0.0
521,-7.81597009336109e-17,0.0663391075813956,2.4691360067663543e-16,-1.26121335597418e-16,0.5210136062100597,0.2738824272036763,1.5778469938949629,0.3027520747122474,0.0,0.0,109.0,0.0,0.0,0.0,0.0,0.0,599.1088194088186,0.0,0.0,0.0,0.0,0.0,0.0,0.0,0.0,0.0,1675.4280511198535,2172.2723084526547,5165.284968117412,743.213259625339,0.0,286.6535537215993,708.0992024203696,0.0,5596.048029469129,1251.4280559849503,0.0,105.878082574919,645.0735729376879,0.0,752.0158969889732,1527.198735514967,280.4670641459245,0.0
522,-7.81597009336109e-17,0.0395869031007755,6.58497873756622e-05,0.0027898222635657,0.5139330626777309,0.318405656635655,1.3401342218228092,0.2946062286179468,0.0,0.0,112.64633921240991,0.0,0.0,0.0,0.0,0.0,597.6898317382892,0.0,0.0,0.0,0.0,0.0,0.0,0.0,0.0,0.0,323.20605963221027,406.56801235592405,1273.298386507225,190.8335234302897,0.0,44.110985060086925,138.29216683421313,0.0,1380.609588017606,341.09366924860734,0.0,18.06814951491269,137.92636270106357,0.0,202.5669137544569,359.4906392576737,58.18108601418972,0.0
523,-7.81597009336109e-17,0.0216592691022088,0.0177688314700022,0.0108491205753369,0.5579589416775365,0.3533125321078716,1.2371493634637456,0.2904276675466163,0.0,0.0,223.40845937248417,0.0,0.0,0.0,0.0,0.0,736.0565813437099,0.0,0.0,0.0,0.0,0.0,0.0,0.0,0.0,0.0,822.3171052265125,909.9205463020028,6003.573433230298,959.2493356847748,0.0,4.908683444765286,368.8869255094705,0.0,6518.203330090283,1862.6260242842168,0.0,22.54099613472641,485.4484026145574,0.0,1089.5032978061315,1562.539768780601,188.98445888946168,0.0
524,-7.81597009336109e-17,0.0161875106933304,0.0531826495415284,0.0222092708172756,0.645845514897768,0.4158019069074842,1.310921505029897,0.3145427049537513,0.0,0.0,1344.3118148969106,0.0,0.0,0.0,0.0,0.0,1836.100500921477,0.0,0.0,0.0,0.0,0.0,0.0,0.0,0.0,0.0,1292.6208164087045,1230.144616974318,10935.525471787034,1634.0895905106286,0.0,0.0,547.1348300371056,0.0,11888.586589074665,3199.76641604266,0.0,15.48147714663234,728.4422259811088,0.0,1809.5586012734184,2574.0509000450165,223.6782876538479,0.0
525,-7.81597009336109e-17,0.0220134243409915,0.0872687692225915,0.0350086748808933,0.7682623685963005,0.4988125979503745,1.541710927138754,0.36665215355228,0.0,0.0,1083.922577786586,0.0,0.0,0.0,0.0,0.0,1372.0272579942991,0.0,0.0,0.0,0.0,0.0,0.0,1.2388409314390971,0.0,0.0,1102.1882294141972,770.7996700662123,10833.688411084995,1436.213198664618,0.0,0.0,344.5991960117076,0.0,11864.078981339046,2811.739830830444,0.0,0.0,481.07167558374096,0.0,1508.5692871105086,2125.691432174773,180.82903328622805,0.0
526,-7.815970093361092e-17,0.0340712931827247,0.1203219761860466,0.0520113561727573,0.9165473488374708,0.5909713808795133,1.9931084538607329,0.5217845517966039,0.0,0.0,922.5581267441625,0.0,0.0,0.0,0.0,0.0,1328.7994519962588,0.0,0.0,0.0,0.0,0.0,0.0,19.794377683339583,0.0,0.0,1028.8754483675336,656.2085635078168,10909.551488505313,1415.2206599770366,0.0,0.0,260.6734218211796,0.0,11933.83949066447,2772.6590387399538,0.0,0.0,388.6956510221689,0.0,1452.0931671534138,2016.347498221509,268.78309987955936,0.0
527,-7.81597009336109e-17,0.046758245441861,0.1550967043455153,0.0701890549833885,1.0677529136281536,0.7019157041921761,2.5749684811517985,0.7784917802238766,0.0,0.0,1343.6702271226377,0.0,0.0,0.0,0.0,0.0,2487.4829147772325,0.0,0.0,0.0,0.0,0.0,53.719478966663424,272.4725878201205,0.2997072309178839,0.0,847.3049288996054,394.4083229408216,10796.65554628548,1328.644973031637,0.0,0.0,134.2849621758799,0.0,11736.03127892726,2685.146108077157,0.0,0.0,210.0989996939203,0.0,1347.697739953298,1841.252186325968,393.9188285434885,0.0
528,-7.81597009336109e-17,0.0591939709235887,0.1891618461087163,0.0852009984666713,1.1637648900190776,0.8102711135392623,3.0633709605948964,1.1514875854968625,0.0,0.0,1406.354880004516,0.0,0.0,0.0,0.0,0.0,3832.106263290639,0.0,0.0,0.0,0.0,0.0,593.4207812599419,1357.8914258161678,62.331909365795255,0.0,401.5252630928192,0.0,8445.290353345497,758.7349135269461,0.0,0.0,0.0,0.0,9764.474652270956,2472.4626725045414,0.0,0.0,0.0,0.0,2382.850879619521,2758.05737399948,596.2596564038814,0.0
529,-7.81597009336109e-17,0.0704450381919099,0.2071198829548572,0.0953659269673637,1.2219858449278802,0.9197077028876248,3.464735513351576,1.570706490983788,0.0,0.0,992.5694839808924,0.0,0.0,0.0,0.0,0.0,3877.936924242623,0.0,0.0,0.0,0.0,0.0,1132.258409309692,1964.1655978381225,180.8369041130672,0.0,2.307568465352483,0.0,5551.439659212869,4.356566584568866,0.0,0.0,0.0,0.0,7984.6284360782365,2580.665216308504,0.0,0.0,0.0,0.0,4907.775234567313,5304.685319543134,728.6506934015733,0.0
530,-7.815970093361092e-17,0.0755789300595505,0.2072711520000008,0.1036504024983389,1.251509682491561,1.036390168665952,3.7581552452995712,2.050046233339694,0.0,0.0,936.7215734886844,0.0,0.0,0.0,0.0,0.0,4027.383366881769,120.8667182846622,0.0,0.0,0.0,0.0,1374.5140777339625,2287.8962056533987,331.48016105858125,0.0,0.0,0.0,4149.156936548931,0.0,0.0,0.0,0.0,0.0,7001.380119265284,1979.66465394561,0.0,0.0,0.0,0.0,5098.937898232367,5877.598412861544,835.8171655605373,0.0
531,-7.81597009336109e-17,0.0756192600000006,0.2072711520000008,0.1111994643306623,1.2305569822442746,1.1778476500887192,3.9533646989900353,2.57442794912645,0.0,0.0,942.0072290579252,0.0,0.0,0.0,0.0,0.0,4699.662320946201,599.3791478291505,0.0,0.0,0.0,0.0,2027.3310424641104,3153.455130743868,774.3737642132503,0.0,0.0,0.0,3982.3677763090154,0.0,0.0,0.0,0.0,0.0,6963.847660523472,1850.0312162936216,0.0,0.0,0.0,0.0,4235.275690868574,5158.773515278029,594.9081214090711,0.0
532,-7.81597009336109e-17,0.0757513880622174,0.2072487437695569,0.1106126790099665,1.1461624166457167,1.3204754047783105,3.926417332335548,3.027513657878897,0.0,0.0,1697.4775175524862,0.0,0.0,0.0,0.0,0.0,4941.304140318027,770.3645574763526,0.0,0.0,0.0,0.0,1050.4758294361263,1783.4757850131668,363.63090649404216,0.0,0.0,0.0,4072.594478625065,0.0,0.0,0.0,0.0,0.0,6824.10549000408,1517.985823877749,0.0,0.0,0.0,0.0,3576.2123430888223,4742.737526511119,612.9445976497708,0.0
533,-7.815970093361092e-17,0.0976709409921651,0.1917939817471328,0.1052354701771452,1.0370293554832228,1.503271767980688,3.7967943432828895,3.5324969196903484,0.0,0.0,1248.965942903827,0.0,0.0,0.0,0.0,0.0,3179.861018273311,504.1171223616572,0.0,0.0,0.0,0.0,549.1128869206512,974.184673762953,237.41091191832012,0.0,45.259383925723725,0.0,4212.53929883869,0.0,0.0,0.0,0.0,0.0,6652.281366348955,1145.2790689860428,0.0,0.0,16.88523169536616,0.0,2909.524970340404,4283.197717053528,614.0170280607624,0.0
534,-7.81597009336109e-17,0.1386820748430726,0.1797205140246241,0.0961341915348836,0.9059955338002657,1.7564968248403312,3.5317733479312063,4.069697717239016,311.9947655197747,425.7810917681631,2832.5387600310883,69.74000641030257,0.0,0.0,0.0,0.0,4607.072806461726,713.6850628914242,0.0,0.0,121.12737955473608,0.0,333.10499582919255,816.8060054188962,143.12506478020268,0.0,449.5669514679925,0.0,4591.1779720873865,0.0,0.0,0.0,3.7083769475480777,0.0,6238.827725475137,425.2081812132277,0.0,0.0,168.3652373202045,0.0,1531.4612377829833,2908.9590645381804,262.951656248781,0.0
535,-7.81597009336109e-17,0.1740997448970106,0.189820116346844,0.0891517015638536,0.8030159172956723,2.008642299892619,3.247204134108436,4.594233961401736,642.8378061211805,912.891012157828,4429.233263478623,148.4663583700057,0.0,0.0,24.93800419349759,0.0,6211.28104777305,956.7187096139912,0.0,0.0,244.30826185326077,0.0,189.26178500098567,762.3856845114063,72.97920390431003,0.0,672.7210662049978,0.0,4482.745330776542,0.0,0.0,0.0,60.83195237026232,0.0,5827.811377341068,90.09765335363446,0.0,0.0,259.75192138717574,0.0,912.5134647232436,2363.90697197355,152.5477079787211,0.0
536,0.0009062010697673,0.2084469756877085,0.2096314481661132,0.0800725291943517,0.7607016230058047,2.26468895020016,2.922419821509964,5.079372073011637,1238.18972934537,2182.694945878104,5398.960393995399,346.62798604224326,0.0,5.35494261532597,338.11283458900203,0.0,7029.1874098739145,1164.4555840265505,0.0,1.6853118890873606,426.6494681755612,0.0,254.6109100312488,852.2522898643675,171.46753731086258,0.0,1018.7716439199016,0.0,3958.5016063666153,0.0,0.0,0.0,444.129507171144,0.0,4807.684184451216,0.0,0.0,0.0,418.0845142969258,0.0,240.14416966629744,1547.7820498335168,43.900447481369135,0.0
537,0.0070322905315613,0.2436360221063133,0.2298531445116282,0.0691676739867107,0.8088463585660526,2.4729269913273644,2.53420858390595,5.577196663573227,1929.04197416427,3657.231168762753,5808.36576235693,568.3674703649623,0.0,141.98743577744068,784.5450053981149,0.0,7376.063716286822,1398.3181800031111,0.0,53.22150363004073,714.0281909635579,0.0,461.9759186283248,1103.5164060407142,418.7805942053807,0.0,1223.643274108771,0.0,3202.986883570932,0.0,0.0,0.0,523.13227212695,0.0,3565.025376405777,0.0,0.0,0.0,237.12370488304535,0.0,0.0,538.5899700008524,0.0,0.0
538,0.0139101383720929,0.2801995913147854,0.2501077371503327,0.0611285715523255,1.013629123328064,2.663670346544846,2.231288401624578,6.0874573043422044,2959.1386276132584,5322.903271375443,6372.144103193476,857.3772735027474,0.0,598.0819359510633,1453.8630362155363,0.0,7858.094239263719,1536.5434014366135,0.0,173.0541903209445,1060.590938722212,0.0,433.35590517094766,1158.9757074851016,538.241651856944,0.0,406.85998589567697,0.0,1824.3461849352047,0.0,0.0,0.0,0.0,0.0,1912.35216253878,0.0,0.0,0.0,0.0,0.0,0.0,0.0,0.0,0.0
539,0.0203753153421926,0.2954625484290061,0.2834381150249893,0.0579390367652751,1.3219012253993847,2.800343610629203,1.9600673063088256,6.5625759622187045,4638.608838100875,9011.070802003833,7535.160282137826,1332.284043475203,0.0,956.8672950956004,1306.5191387652674,0.0,8316.5593922275,1416.8143654045623,0.0,201.34818566112077,1083.9172973187883,0.0,432.6388160948448,1219.7868026806705,581.6873252533198,0.0,0.0,0.0,910.726791307124,0.0,0.0,0.0,0.0,0.0,954.6971939899586,0.0,0.0,0.0,0.0,0.0,0.0,0.0,0.0,0.0
540,0.0267029353554816,0.2925536181051577,0.3149823676544848,0.0572575908464538,1.6931635661427051,2.8708437713881207,1.7684163179688013,7.036975454346974,6435.820922866713,13161.986691478043,8565.853570217389,1687.489385644047,0.0,1180.7612978149118,784.3688082923607,0.0,8366.75394026006,1148.6004342401468,0.0,266.1537029421978,765.8924815885844,0.0,723.443908736995,1653.293639320395,810.9601840827897,0.0,0.0,0.0,318.1526014738973,0.0,0.0,0.0,0.0,0.0,333.5393456113416,0.0,0.0,0.0,0.0,0.0,0.0,0.0,0.0,0.0
541,0.0337183401528238,0.2945975798272432,0.3286640926409583,0.0537271556347888,2.102177008541997,2.9376304506905453,1.5910547766919778,7.683404590144767,6397.892588782239,12737.16805402075,8245.786446288625,1355.7554298435527,0.0,1362.4646528820365,1783.84384763129,0.0,8387.584014230695,1245.3522787483855,0.0,328.4158191096449,689.6907391987822,0.0,1002.9116822007323,2069.9195236308087,1031.265730695172,0.0,0.0,0.0,474.8755365808158,0.0,0.0,0.0,0.0,0.0,632.8634938087356,0.0,0.0,0.0,0.0,0.0,0.0,0.0,0.0,0.0
542,0.040289258885382,0.296766281254984,0.3290057639999996,0.0506987992225914,2.460022196992518,2.9309230413911838,1.4178343720938498,8.381798049999182,4731.100478029645,9770.012860905235,7513.433880073884,943.5348649759162,0.0,864.1067367071142,1980.997350313304,0.0,8207.624611511095,1575.7006705846431,0.0,386.2337864102069,1477.0289709509818,0.0,1262.4015541121978,2456.7654647454706,1235.8762752260418,0.0,0.0,0.0,1012.2664759384502,0.0,0.0,0.0,0.0,0.0,1377.2574661808333,0.0,0.0,0.0,0.0,0.0,0.0,0.0,0.0,0.0
543,0.0414046439999999,0.2765246774025976,0.3280320224893986,0.048450525488372,2.726044913367553,2.8966885341085966,1.2682973665652622,8.978425449658001,3111.688180067249,6956.886185658831,6796.809079119192,506.51759452158393,0.0,364.4070890088079,2105.0457215989577,0.0,8029.167004972904,1898.7596106310568,0.0,426.3614101459471,2210.7730094443987,0.0,1555.8415208812355,2866.354159094954,1486.668563519016,0.0,0.0,0.0,1021.9310261743252,0.0,0.0,0.0,0.0,0.0,1381.1141998902638,0.0,0.0,0.0,0.0,0.0,0.0,0.0,0.0,0.0
544,0.0414046439999999,0.2286484915215953,0.3054282339019935,0.0477626377425248,2.8815613383463368,2.8168738409028165,1.110492370166108,9.390908935240878,2211.191483359152,5897.452045935496,6347.755753831738,68.65811356616774,0.0,42.03854834877643,1725.400879695139,0.0,7914.780963625621,2095.670672613134,0.0,339.765773211668,2378.0817278561576,0.0,2073.977015028252,3415.852978702494,2050.5001030253666,0.0,0.0,0.0,984.6278354703254,0.0,0.0,0.0,0.0,0.0,1266.5013020455797,0.0,0.0,0.0,0.0,0.0,0.0,0.0,0.0,0.0
545,0.0414046439999999,0.1805628626312303,0.2611471967720182,0.0487120872986898,2.882060628901889,2.6972846473663825,0.9283188276241388,9.637895495366658,1581.3524678414697,5412.6334819385565,6007.983628463472,0.0,0.0,0.0,1232.148585470561,0.0,7827.119821934442,2242.164660256616,0.0,223.93850086847897,2372.989583255331,0.0,2616.54367392507,3963.539854784364,2660.243920156294,0.0,0.0,0.0,556.0371596635472,0.0,0.0,0.0,0.0,0.0,702.6896867863803,0.0,0.0,0.0,0.0,0.0,0.0,0.0,0.0,0.0
546,0.0405512265495157,0.1329533290764129,0.206525708611296,0.0473708900230437,2.755187874360068,2.5309168801849093,0.6990908127308905,9.595571607146978,425.08040822190935,2655.650813477496,4553.053729552456,0.0,0.0,0.0,419.458933826153,0.0,7091.904059788309,2252.985867913976,0.0,262.79625258532303,2221.7846970991254,0.0,4262.040789454743,6318.756399172522,4268.587377954287,16.836802123507496,0.0,0.0,635.4126763094291,0.0,0.0,0.0,0.0,0.0,813.628414214002,0.0,0.0,0.0,0.0,0.0,0.0,0.0,0.0,0.0
547,0.034716245860465,0.0871563937788326,0.1540596731561463,0.0473616015548172,2.5512985982038017,2.363463758389578,0.4769383278822914,9.24365958169722,0.0,301.89799155292474,2959.8691818459906,0.0,0.0,0.0,26.13240017997982,0.0,6460.283495551487,2242.615262921079,0.0,393.43847370789206,1459.7998658907463,0.0,6057.695460311373,9584.86443576808,6036.903791636927,221.77958867324767,0.0,0.0,709.3889480495311,0.0,0.0,0.0,0.0,0.0,909.665482255546,0.0,0.0,0.0,0.0,0.0,0.0,0.0,0.0,0.0
548,0.0278358520555723,0.0362421471359716,0.0972214680797343,0.0473616015548172,2.2335421853748008,2.1952426594147907,0.2685039611365691,8.55833869423475,0.0,0.0,2333.6298076147523,0.0,0.0,0.0,0.0,0.0,6049.53168256983,2010.2183044611847,0.0,600.1395039016483,1323.8031428832949,0.0,6181.754738694995,10687.728807659909,6953.608804764112,652.1624803805338,0.0,0.0,295.0389774427455,0.0,0.0,0.0,0.0,0.0,375.4421268655908,0.0,0.0,0.0,0.0,0.0,0.0,0.0,0.0,0.0
549,0.0226709515016611,0.0090249883821932,0.0410725798588704,0.0473616015548171,1.8206235536722817,2.042724894161849,0.1368991215532174,7.711254290427921,0.0,0.0,1453.8247731391646,0.0,0.0,0.0,0.0,0.0,4096.961086963303,1138.65555871215,0.0,711.76139217493,1314.1985883047598,0.0,4204.359047171841,8167.823247540872,5777.818732401403,895.2374205712082,0.0,0.0,707.7508466290121,0.0,0.0,0.0,0.0,0.0,885.0871188481988,0.0,0.0,0.0,0.0,0.0,0.0,0.0,0.0,0.0
550,0.01841945310299,0.0068531370099673,0.0119705201517424,0.0460208187063276,1.4252431839292168,1.9343229383845983,0.0809119176376363,6.857325974639588,0.0,0.0,870.7036163723038,0.0,0.0,0.0,0.0,0.0,3442.726877177517,644.9033395365731,0.0,722.3100457416941,1381.0311467137226,0.0,3738.8487083324217,8550.376463677261,6845.180876014681,1372.248653786913,0.0,0.0,1023.3281183629848,0.0,0.0,0.0,0.0,0.0,1297.1662118861343,0.0,0.0,0.0,0.0,0.0,0.0,0.0,0.0,0.0
551,0.0139393795215946,0.0047543638006649,0.0045904486245848,0.0426765778423436,1.0481482026570703,1.8289308347010451,0.114029116074413,5.787244693717923,0.0,0.0,672.1422931032253,0.0,0.0,0.0,0.0,0.0,4459.120692505161,370.6168166940502,0.0,1146.532938166146,2310.3621624383877,0.0,4919.233053657599,13084.57776871769,11500.91905522114,2648.2042211580933,0.0,0.0,997.2769795168545,0.0,0.0,0.0,0.0,0.0,1298.9293907174367,0.0,0.0,0.0,0.0,0.0,0.0,0.0,0.0,0.0
552,0.0099872004183025,0.0026341745382065,0.0147116491377229,0.0426443039999998,0.7206818634962128,1.7644864225650752,0.2129624681262404,4.699157221777725,0.0,379.8114326178689,658.8187549753601,0.0,0.0,0.0,0.0,0.0,4341.073180414935,198.73295577572665,0.0,1252.716352038264,2696.9828424387283,50.70373752392516,4255.93689614972,12215.630725232077,11313.271118184575,2753.4376435370305,0.0,0.0,969.2043441114532,0.0,0.0,0.0,0.0,0.0,1268.4882850726246,0.0,0.0,0.0,0.0,0.0,0.0,0.0,0.0,0.0
553,0.0113472133953487,0.0005861235600635,0.0490147561196014,0.0426443039999998,0.4534048104675531,1.681550791740504,0.3209891370414356,3.646955255448167,0.0,1750.6161651358698,800.8234036024237,0.0,0.0,0.0,0.0,49.268032374000136,4299.016458746446,77.32436046874666,0.0,1382.9864563823398,3127.4883811756085,182.4568333090101,3522.4323469252718,10944.45079563158,10623.914642053696,2754.902002302348,0.0,0.0,957.441980034482,0.0,0.0,0.0,0.0,0.0,1263.4930563394776,0.0,0.0,0.0,0.0,0.0,0.0,0.0,0.0,0.0
554,0.0135397125066798,5.595524044110788e-16,0.0868355059933556,0.0410507183097475,0.2704214846257039,1.556118112476134,0.4338620550298955,2.7155395745492443,391.30571232800185,4461.5157454459,1768.403397801164,0.0,0.0,33.85148165062826,225.20487310337575,13.103914930316623,4569.970884190633,132.7092049428444,0.0,1514.9007498740846,3566.704526855964,15.596854843889057,2424.7555988592894,8036.702728458749,7990.875264861132,2225.3505132095543,0.0,0.0,930.811766995496,0.0,0.0,0.0,0.0,0.0,1237.7711548081695,0.0,0.0,0.0,0.0,0.0,0.0,0.0,0.0,0.0
555,0.0138841919999999,5.595524044110788e-16,0.1232016116411962,0.0342953380465114,0.198753390869918,1.4306016912136807,0.5426694213702702,1.960982680747957,3324.8893265365164,8141.200021449185,3648.7683504416655,4.352117164437478,0.0,287.65207993028315,1907.761735840625,0.0,5154.560004775265,373.6119943820138,0.0,1348.3577972331605,3359.0511662604004,0.0,1386.905259225334,4771.256413931205,4640.041006808972,1088.954918125803,0.0,0.0,918.50417935073,0.0,0.0,0.0,0.0,0.0,1229.485581599964,0.0,0.0,0.0,0.0,0.0,0.0,0.0,0.0,0.0
556,0.0138841919999999,5.595524044110788e-16,0.1594785180548176,0.0271407289036543,0.1767131897940079,1.291406915965107,0.6317949155182666,1.4175562379676172,3529.301283760417,8330.27854142853,3831.128904012312,7.120419525407264,0.0,305.3477082117901,2021.7262868622445,0.0,5246.224226457132,427.75091404903264,0.0,1321.525391424174,3312.7378335784,0.0,1327.0547901449015,4496.354070257043,4337.472486134173,977.6670195269912,0.0,0.0,917.0924001277688,0.0,0.0,0.0,0.0,0.0,1228.6383763321355,0.0,0.0,0.0,0.0,0.0,0.0,0.0,0.0,0.0
557,0.0138841919999999,5.595524044110788e-16,0.1901160697275751,0.0204111460465115,0.1604506650583046,1.1486742136235149,0.6505912686658597,1.1068653109507416,2491.5376562861693,4799.194815479111,4735.807313409265,112.0245864353784,0.0,218.08522390008005,1313.1354866911302,0.0,6278.6617457875445,1498.2752125704967,0.0,787.6398184171144,2038.0981857172333,0.0,1744.9142348495857,3198.4764035516946,2424.056572084855,109.1819265494902,0.0,0.0,899.1004083350106,0.0,0.0,0.0,0.0,0.0,1218.1375264807416,0.0,0.0,0.0,0.0,0.0,0.0,0.0,0.0,0.0
558,0.0136640014041245,5.595524044110788e-16,0.2157352175831509,0.01332737461794,0.1505453423491391,0.9844884881732492,0.6528535539667717,0.9403341814703288,1945.0743980636712,3653.694295120123,5732.692334441876,526.6292876606602,0.0,198.4167818563373,798.0111221417873,0.0,7704.086482644672,2075.7947950123644,0.0,443.45620973777807,1271.6359445013145,0.0,1516.1439041676492,2291.301910799955,1493.8646393361244,0.0,0.0,0.0,905.9781130119054,0.0,0.0,0.0,0.0,0.0,1225.2105658571436,0.0,0.0,0.0,0.0,0.0,0.0,0.0,0.0,0.0
559,0.0116470381395348,5.595524044110787e-16,0.2189239560000005,0.00588941461794,0.1471123657053296,0.8267033709890015,0.6547982171308402,0.8841427145397485,1721.2362031001942,3244.254623139001,7271.414381731148,1057.624061043289,0.0,207.1086578547312,498.5161142115693,0.0,9805.982747090076,2754.9203868345617,0.0,104.0294857936825,776.9116602778215,0.0,1397.7082928547604,1652.3405469792308,882.1848604744101,0.0,0.0,0.0,892.9941698574186,0.0,0.0,0.0,0.0,0.0,1209.7345492614154,0.0,0.0,0.0,0.0,0.0,0.0,0.0,0.0,0.0
560,0.0092484401860464,5.595524044110787e-16,0.2182843256549966,0.0003378730871452,0.132067033953477,0.6959496226383757,0.6299810349529722,0.8799955877196619,2091.6608228477344,3663.787441920437,7459.239151153552,1142.420674061285,0.0,215.80610145374493,752.3328072548718,0.0,9873.601175340978,2719.906328584233,0.0,16.75376931033002,854.5137879149562,0.0,1273.7354351561305,1370.4987961438128,807.3303917215939,0.0,0.0,0.0,608.7254027427873,0.0,0.0,0.0,0.0,0.0,831.4173769685307,0.0,0.0,0.0,0.0,0.0,0.0,0.0,0.0,0.0
561,0.0070804766511626,5.595524044110788e-16,0.2143157979468441,-1.4033219031261976e-16,0.1090711350298893,0.5634421792282771,0.5444286659914531,0.8898699564119703,2393.8109080094955,4006.3261323527295,7514.833792170604,1098.56482570767,0.0,234.3248088721381,882.4935691511143,0.0,9728.1239420207,2504.3025655943707,0.0,10.392975764060102,879.8283459214006,0.0,1030.6105182429962,1126.4977276809293,660.399838237963,0.0,0.0,0.0,258.47832386694404,0.0,0.0,0.0,0.0,0.0,339.16992634031567,0.0,0.0,0.0,0.0,0.0,0.0,0.0,0.0,0.0
562,0.004866386232558,5.595524044110788e-16,0.2035092788792913,-1.4033219031261976e-16,0.0855859616611186,0.4385366882679871,0.4420738758737491,0.8847605040775299,2346.3280095303585,3887.060736893504,7317.567072619784,925.0850956687732,0.0,148.73396794890763,764.3243123464681,0.0,9154.961776256125,2063.048494001444,0.0,0.0,677.6927176096692,0.0,696.7199502954101,791.1461568111213,359.90568261051635,0.0,20.096151772449883,0.0,1072.66532926657,0.0,0.0,0.0,1.2638062381762591,0.0,1227.9931448808466,0.0,0.0,0.0,0.9158016218668544,0.0,0.0,31.123566658511145,0.0,0.0
563,0.0026522958139534,5.595524044110788e-16,0.1717275051627907,-1.4033219031261976e-16,0.0621007882923477,0.3323480215045004,0.3395172414162259,0.8602036433422035,2228.433644480724,3671.178260509128,6872.1677358451625,631.885995308135,0.0,14.663158445345196,618.7182594629717,0.0,8238.926282446728,1512.942069442675,0.0,0.0,442.5730775266284,0.0,331.0747804812269,436.76619682031,60.90850431143388,0.0,304.9089010588489,0.0,3305.315541545225,0.0,0.0,0.0,60.172466713167815,0.0,3762.5393410633687,0.0,0.0,0.0,43.60323674867233,0.0,0.0,424.7052571012029,0.0,0.0
564,0.0005389562203181,5.595524044110788e-16,0.1357250605714285,-1.4033219031261976e-16,0.0378817032558026,0.2300993496436348,0.234867167118721,0.8185861466060604,2191.843288835331,3603.373428908285,6724.361287428348,466.9982387180824,0.0,0.0,601.6369512897342,0.0,7893.05217455706,1287.070386776967,0.0,0.0,413.3095063183951,0.0,178.38380910630536,316.2724148645128,0.0,0.0,511.0869914017717,0.0,4721.347965607087,0.0,0.0,0.0,262.3675118551329,0.0,5367.472715476811,0.0,0.0,0.0,172.02428295987494,0.0,0.0,709.1112743616467,0.0,0.0
565,-7.993605777301111e-17,5.595524044110788e-16,0.0964496664717607,-1.4033219031261976e-16,0.0115161999444875,0.1324857937017689,0.1349854153449231,0.7514293047684286,1803.987776157668,2820.181660112716,6286.005635429098,137.62159697983031,0.0,0.0,486.88074424265136,0.0,7369.225196476469,957.9100125840404,0.0,0.0,319.9100125840404,0.0,0.0,123.54397161796406,0.0,0.0,631.4366220415694,0.0,5529.025083007422,0.0,0.0,0.0,590.1111202750792,0.0,6375.363126277623,24.461663811134517,0.0,0.0,509.64163864305374,0.0,74.33804327020098,1051.3740382365847,0.0,0.0
566,-7.993605777301112e-17,5.595524044110787e-16,0.0594935897441861,-1.4033219031261976e-16,4.0551106455798e-06,0.0892396480434351,0.1169162059634498,0.6916636082783136,1521.108675775922,2328.3472312859603,6312.639296472863,149.7107016960266,0.0,0.0,373.3025809012279,0.0,7383.284257869669,907.650978205794,0.0,0.0,269.6509782057939,0.0,0.0,68.79218778779932,0.0,0.0,565.9049025466087,0.0,5169.99095533605,0.0,0.0,0.0,592.6613974759107,0.0,6037.831667796183,66.43453839540493,0.0,0.0,540.8886011844069,0.0,201.870604464715,1055.9052379137784,0.0,0.0
567,-7.993605777301111e-17,5.595524044110788e-16,0.0262906763322259,-1.4033219031261976e-16,0.0003830178737429,0.0970912113159959,0.2353616812460373,0.6870733059433364,1338.6859090400958,2012.368779810703,6341.460310962885,158.66767942316295,0.0,0.0,295.6676794231629,0.0,7373.859856535995,838.5032298032479,0.0,0.0,221.2012919212992,0.0,0.0,24.100645960649583,0.0,0.0,363.500855239085,0.0,3625.840807570456,0.0,0.0,0.0,387.8122563260529,0.0,4274.946018689591,134.69452255538306,0.0,0.0,368.35643390426094,0.0,195.4447852145265,777.3256271499732,0.0,0.0
568,0.0020720305993354,5.595524044110788e-16,0.0021381091906977,0.0001032729674417,0.0027318646883608,0.1303339444278972,0.4009925136026526,0.6898557163933648,1348.7998882818065,2087.950648215598,6358.511143357779,142.12510975900437,0.0,0.0,237.2599472433367,0.0,7206.508913532445,699.8921868929376,0.0,0.0,109.7516151538425,0.0,0.0,0.5061326082564922,0.0,0.0,515.0254911322326,0.0,6112.610253467948,0.0,0.0,0.0,566.9426600901393,0.0,7267.573332858674,524.2146938125103,0.0,0.0,582.490626348035,0.0,496.5030925686341,1385.3427206008712,19.049616716065767,0.0
569,0.0129422975083055,5.595524044110787e-16,0.0010211750730897,0.0061933578338869,0.0084644890863675,0.1861688313503607,0.5931057119524611,0.7237046691260006,1325.26052714251,2135.549759567522,6308.1730935719,103.81628610783876,0.0,0.0,177.97781090620086,0.0,7093.025222722152,568.1250803819675,0.0,0.0,51.02319521114605,0.0,0.0,0.0,0.0,0.0,224.69203684006143,0.0,2689.392781322863,0.0,0.0,0.0,247.21106277319808,0.0,3192.935520695806,240.00067535146653,0.0,0.0,254.81300804521015,0.0,222.2986398711446,607.5199669815536,10.512323107191236,0.0
570,0.0253714334352158,5.595524044110788e-16,0.0355850818932969,0.0426833891045533,0.0277259718162874,0.2951062999194743,0.8317491461731433,0.7769019395528737,1017.2155500995046,1736.720401287653,6065.215228281291,27.11312006512987,0.0,0.0,36.35820553854334,0.0,6564.720393309402,302.67760417208694,0.0,0.0,6.765988538434946,0.0,0.0,0.0,0.0,0.0,473.0770851864461,0.0,6382.186386140967,281.4554957776534,0.0,0.0,477.21313565141975,0.0,7267.592340412099,804.6502998795889,0.0,0.0,454.2389039701282,0.0,506.3856640551944,1166.715158051283,19.07116888961352,0.0
571,0.0376798981395348,5.595524044110788e-16,0.1394110927973423,0.1585487750736758,0.0702597392644015,0.4778236724111687,1.1303935202016753,0.8405271438280347,794.5187042800274,1273.1165703061586,5660.05063413368,0.0,0.0,0.0,0.0,0.0,5983.883621389484,49.7319106840875,0.0,0.0,0.0,0.0,0.0,0.0,0.0,0.0,611.0327309783535,0.0,8174.398406302776,569.5746512540494,0.0,0.0,582.9893918222482,0.0,9308.997781267197,1114.4025832516909,0.0,0.0,562.0,0.0,713.4035489095514,1501.9621264148718,43.25998755669096,0.0
572,0.0492643355083054,0.0002897756730902,0.2462804928239206,0.315898151035216,0.1262463703574639,0.7205633164066347,1.4988712860677678,0.9021576640186152,673.4574598805947,975.5919721353356,4738.336126900156,0.0,0.0,0.0,0.0,0.0,4942.825727644187,3.733333333333333,0.0,0.0,0.0,0.0,0.0,0.0,0.0,0.0,665.3552132864073,14.170764376985865,8626.762586141058,772.6336864914349,0.0,1.6169493425403838,595.5899531602522,0.0,9791.69473208822,1471.0996718497915,0.0,5.412288771558783,602.9417478163354,0.0,983.6166507321084,1704.5931162129525,77.22846168048179,0.0
573,0.0603660879867107,0.011472800495936,0.3486970011827244,0.4820890614168379,0.2052665954042442,1.000114996096972,1.917513921859044,0.9427796827163468,333.9306507466319,449.0933019904162,3017.841912271688,0.0,0.0,0.0,0.0,0.0,3067.9300889614487,0.0,0.0,0.0,0.0,0.0,0.0,0.0,0.0,0.0,922.4451845558738,479.1623892771955,9543.3141944525,1241.2188748811766,0.0,54.67504881867381,725.3819618673095,0.0,10826.41405904325,2411.370221070502,0.0,183.00975391072848,859.7337002453903,0.0,1773.475950326895,2342.2300851479663,360.54849841820135,0.0
574,0.0711179900172754,0.045911487647841,0.4680077552691027,0.6863427011661136,0.3159054270019821,1.4528082386591266,2.5263623788086296,0.9750208839010094,126.4802168895779,170.07982670730746,2278.037303439168,0.0,0.0,0.0,0.0,0.0,2286.8443557198543,0.0,0.0,0.0,0.0,0.0,0.0,0.0,0.0,0.0,828.4929973831622,517.1114426928901,8136.602376777811,1121.072132771471,0.0,59.00779222848867,634.2619709899175,0.0,9242.937417281137,2185.552973440933,0.0,197.51794852242247,774.4155883484402,0.0,1634.0262313324847,2082.323172722506,370.3893469187608,0.0
575,0.0726440759999997,0.0842169816478411,0.5879000631090153,0.9012035118056102,0.4346328222310017,1.9809045013879216,3.234669347695889,0.9722676271040848,0.0,0.0,1481.3625594567109,0.0,0.0,0.0,0.0,0.0,1663.971908501576,0.0,0.0,0.0,0.0,0.0,0.0,0.0,0.0,0.0,478.85797016808107,298.8574927592622,4702.767954032233,647.948716295019,0.0,34.08687750728574,366.6001907842111,0.0,5342.229135399791,1263.2109967731303,0.0,114.15379075664627,447.6243460048371,0.0,944.4146279991064,1203.5509616676634,214.08735491610457,0.0
576,0.0726440759999997,0.1199191896478412,0.6778893241827852,1.0911643821926913,0.5445092903491392,2.4323840153041942,3.9366493451704287,0.9393350713039672,0.0,0.0,971.3804219911992,0.0,0.0,0.0,0.0,0.0,1320.3152788377229,0.0,0.0,0.0,0.0,0.0,0.0,0.0,0.0,0.0,254.4372404220638,158.77016793109996,2498.8867753986806,344.247189881638,0.0,18.098170615802733,194.80315830734224,0.0,2838.620797291009,671.2135622897346,0.0,60.61488592325347,237.8102256136052,0.0,501.8732031488429,639.4667387593529,113.76534291767412,0.0
577,0.0726440759999997,0.1585965816478414,0.7255643492093026,1.2280381410662498,0.6440613273957289,2.834627406772705,4.626770589905796,0.8637719276529324,0.0,0.0,782.0,0.0,0.0,0.0,0.0,0.0,1150.0,0.0,0.0,0.0,0.0,0.0,0.0,0.0,0.0,0.0,109.93656736578204,68.61455260363337,1079.9711111996842,148.75927628221118,0.0,7.797859690968486,84.17697721636371,0.0,1226.8309080976055,290.08728241186714,0.0,26.19282707243492,102.77188675164012,0.0,216.90729719362136,276.3576897988231,49.15322706851382,0.0
