Time,r-biceps,l-biceps,r-lats,l-lats,r-quat,l-quat,r-hamstring,l-hamstring,L1,L2,L3,L4,L5,L6,L7,L8,L9,L10,L11,L12,L13,L14,L15,L16,L17,L18,R1,R2,R3,R4,R5,R6,R7,R8,R9,R10,R11,R12,R13,R14,R15,R16,R17,R18
0,0.2234328094620598,0.4374692432324256,0.1430922158049166,0.2875455206312294,6.42770670217276,3.963230712253556,3.000796594667645,4.465537929532224,3692.1498487586423,2498.545114702667,1421.717272503128,0.0,0.0,317.39051928350347,190.26746659993412,0.0,1679.5137333052355,0.0,0.0,0.0,0.0,0.0,0.0,0.0,0.0,0.0,919.952588854791,0.0,2685.899203419164,0.0,0.0,0.0,298.0857801857096,0.0,4714.198031249259,0.0,0.0,0.0,370.77218805136647,0.0,100.09762793019426,1832.7899848771813,0.0,0.0
1,0.3146067630299006,0.4298940609216345,0.1868071764588622,0.2345807382458467,7.346669341217124,4.477512861012312,3.622323941564985,4.917597393894076,3434.2812312984515,2241.261819795234,1219.4048170976484,0.0,0.0,341.036639782778,170.69054993944198,0.0,1458.209921271357,0.0,0.0,0.0,0.0,0.0,0.0,0.0,0.0,0.0,1051.6669944423566,0.0,3051.197639643958,0.0,0.0,0.0,331.30667232271475,0.0,5059.414684989729,0.0,0.0,0.0,373.0861653044044,0.0,109.3801088278111,1754.2461355561525,0.0,0.0
2,0.4104641932624593,0.4090573233089711,0.2407839804119595,0.1819952671096339,8.172968022482232,4.928661889408921,4.154308721688277,5.20753516157885,2615.437599774849,1424.2745143032646,496.8582596790601,0.0,0.0,416.17921050234526,108.43233416402516,0.0,762.7610958613543,0.0,0.0,0.0,0.0,0.0,0.0,0.0,0.0,0.0,1469.9964013481454,0.0,4211.181419355551,0.0,0.0,0.0,436.7905290463634,0.0,6155.607467584654,0.0,0.0,0.0,380.4395438941392,0.0,138.79691838957186,1504.876193688639,0.0,0.0
3,0.5023608003728758,0.3945016104506552,0.2971992426648422,0.1285572723189366,8.756995435452817,5.302003887119016,4.581162617475865,5.326473843613835,2138.8922668252685,948.7375911807292,415.1112738787572,0.0,0.0,459.871845212277,72.2434984381927,0.0,615.2008587811465,0.0,0.0,0.0,0.0,0.0,0.0,0.0,0.0,0.0,1713.4173483129207,167.03320163595677,4886.2834643542765,479.4197793268022,0.0,0.0,498.214246613754,0.0,6793.581544137111,609.9914561218716,0.0,0.0,384.7549230184495,0.0,155.8952445081596,1359.700556755958,0.0,0.0
4,0.5933499672151956,0.4336720613798028,0.35211887618404,0.0718475635614619,8.926616275268607,5.496341301114521,4.79076779625249,5.453629034559769,1635.7425510397222,422.210119963515,1866.1838859033385,0.0,0.0,505.0532272648291,51.67366743051995,0.0,2501.3882382203687,0.0,0.0,190.628288823386,42.954566402935065,0.0,0.0,1068.6014499605606,0.0,0.0,2024.0109028218196,633.1588409788294,5806.457534814825,2162.8761565527566,0.0,50.735169236710455,618.5164792941271,0.0,7751.549850044993,2863.162968258728,0.0,0.0,468.7233274896384,0.0,366.6251902400854,1338.499888335225,0.0,0.0
5,0.6679779550963464,0.5016965797076406,0.377103118421731,0.017874232045339,8.966436295281612,5.656136964159464,4.759655826915769,5.617086793937075,1408.7170263528203,17.783898164079854,2693.656132719867,0.0,0.0,515.6987824372393,222.9125751910001,0.0,3716.910901674251,0.0,0.0,467.7383507606196,300.53755336276936,0.0,0.0,2250.842991226094,0.0,0.0,1960.5647280162943,563.0620304255249,5559.773798693977,2128.893314573183,0.0,144.03673531847326,821.4747462152703,0.0,7465.346587537581,2919.6091214088747,0.0,0.0,791.6108993517425,0.0,557.2852528920968,1652.925689748514,89.61614020705343,0.0
6,0.7965834072947751,0.5546898918701293,0.4207782692962851,0.0030036014551495,9.043257754440653,5.780938545918752,4.642086004801268,5.665776247315617,1381.4629110213043,0.0,2720.545080429002,0.0,0.0,516.7328670043709,248.1921991751419,0.0,3774.106665607637,0.0,0.0,495.0320379970576,336.4509854316161,0.0,0.0,2347.3223654152325,0.0,0.0,1895.8916244536413,554.6054053221013,5332.252298945277,2042.080858146452,0.0,151.6713299562913,828.7102184961218,0.0,7154.135623841933,2800.4375079279084,0.0,0.0,808.6091988633602,0.0,561.0011842961618,1641.8878309123822,111.46929069076828,0.0
7,0.992230826548486,0.618337512458095,0.4841499784140914,0.0009709491443615,9.039152443775592,5.883118251688084,4.402006799105623,5.698746160130383,1074.7491633136867,0.0,3023.334541866538,166.6061020671499,0.0,528.1642021174428,532.9468098060752,0.0,4418.053350188306,520.343857662837,0.0,802.4862941609372,740.6211140789286,0.0,844.4134613836235,3433.4444232760693,361.1021093100716,0.0,562.945646874499,164.6785579049739,1583.3015880287114,606.353503982894,0.0,45.03565174995991,246.06828998321467,0.0,2124.272007242085,831.5317627326936,0.0,0.0,240.0997096308104,0.0,166.5776516534662,487.5244951486624,33.09849104515126,0.0
8,1.2256012332499508,0.7246063926777396,0.5341557576853626,1.953992523340273e-17,8.866625584383032,5.9752263364573,3.985890951529414,5.748987425480553,702.1862243986461,0.0,3452.0154038999426,516.764253032186,0.0,546.6677465708252,734.7426137806339,0.0,5188.426571063952,1683.9928305314322,0.0,1098.7737281631505,1035.7550101766308,0.0,2236.408892380135,4450.800086746411,860.5454973702849,0.0,0.0,0.0,0.0,0.0,0.0,0.0,0.0,0.0,0.0,0.0,0.0,0.0,0.0,0.0,0.0,0.0,0.0,0.0
9,1.4060749401735562,0.8215444440047825,0.5545623540318934,1.953992523340273e-17,8.740221742723449,6.078625991213019,3.677986544220602,5.851048071714818,357.971538128166,4.822099529440941,3983.904003180194,973.1677816893,0.0,549.7761956405121,608.3939475560451,0.0,5913.134167373151,2713.227184658345,0.0,1185.7561993629397,887.9837210415957,0.0,2538.1792244574704,4671.66000595247,768.3064802220052,0.0,0.0,0.0,0.0,0.0,0.0,0.0,0.0,0.0,0.0,0.0,0.0,0.0,0.0,0.0,0.0,0.0,0.0,0.0
10,1.5679319381337242,0.8769285683995003,0.5662568850149502,1.953992523340273e-17,8.738052532664444,6.216073916975077,3.505210465851332,5.821477097147842,348.68648957423846,248.62398174437087,3867.043697958013,1124.442952730397,0.0,449.9492458133113,375.9614157178146,0.0,5669.2497538119205,2759.0578036774173,0.0,964.4227620587416,579.8581102833112,0.0,2171.4567809422515,3755.3125391493377,468.8763651400662,0.0,0.0,0.0,0.0,0.0,0.0,0.0,0.0,0.0,0.0,0.0,0.0,0.0,0.0,0.0,0.0,0.0,0.0,0.0
11,1.6841097747117322,0.889365380260158,0.6043390337633535,0.0003604613207258,8.682764224673644,6.324697086359562,3.4573003511791502,5.5924507860030666,557.0914834771646,676.1063406111188,2993.7243920563296,755.103016817228,0.0,302.15675424285405,252.47132237882832,0.0,4377.680636953432,1852.8044184643077,0.0,647.643826971777,389.3951287948062,0.0,1458.2096514511732,2521.824535889212,314.8669809987676,0.0,0.0,0.0,0.0,0.0,0.0,0.0,0.0,0.0,0.0,0.0,0.0,0.0,0.0,0.0,0.0,0.0,0.0,0.0
12,1.7442194152300656,0.9351978566112958,0.6157457630357147,0.0196991309202657,8.65745249587873,6.490663343217604,3.5482533692765856,5.421048075139532,0.0,0.0,518.2318945521374,0.0,0.0,0.0,0.0,0.0,1182.9267101948108,0.0,0.0,0.0,0.0,0.0,0.0,0.0,0.0,0.0,66.43382576980143,0.0,383.5228837385469,168.66583781842226,0.0,0.0,31.179065468649146,0.0,565.366801515396,284.48349930872024,0.0,12.974295216801712,62.35813093729829,0.0,137.41884410256472,209.55864263787055,66.23004102817627,0.0
13,1.8148180522300643,1.0446091259277412,0.6066823623538214,0.0513589902458471,8.602692660416103,6.589029145836378,3.668658435630408,5.2393511569883735,0.0,0.0,493.2462401125317,0.0,0.0,0.0,0.0,0.0,1163.6931488636037,0.0,0.0,0.0,0.0,0.0,0.0,0.0,0.0,0.0,110.38341217615832,0.0,637.2441156918097,280.24745647587025,0.0,0.0,51.8057118495467,0.0,939.3876682435232,472.6847956991319,0.0,21.557496651990014,103.6114236990934,0.0,228.3288781517058,348.19307419575506,110.04481275230508,0.0
14,1.8841205368393377,1.1492253615348826,0.6334161958572762,0.08372853089701,8.65567767204836,6.677384357613287,3.9691247725076497,4.962163352591364,0.0,0.0,3.5497208867650056,0.0,0.0,0.0,0.0,0.0,747.1981395212605,0.0,0.0,0.0,0.0,0.0,0.0,0.0,0.0,0.0,1011.5931014688216,0.0,5636.303681217935,2467.5069628705623,0.0,0.0,469.3864085504634,0.0,8256.110810397393,4120.895492168068,0.0,189.9697412041491,900.5814716087083,0.0,1950.8963055338668,3016.1037159638445,940.7606665852908,0.0
15,2.011299126635662,1.2588070497807298,0.7040851156456268,0.1180798801594686,8.816595526274629,6.696487153652267,4.329772562850503,4.59667892663566,0.0,0.0,0.0,0.0,0.0,0.0,0.0,0.0,571.4547941530501,0.0,0.0,0.0,0.0,0.0,0.0,0.0,0.0,0.0,1209.5686301975427,0.0,5799.168678579906,2485.077130470535,0.0,0.0,536.4001469457854,0.0,8243.066789682383,3953.364852402498,0.0,192.0981612835358,850.8200454107958,0.0,1678.9571651679323,2799.0046709416647,812.1550008340672,0.0
16,2.07671636946103,1.386846228912343,0.7529093226317409,0.1530918322923588,8.803643303366714,6.67957822633555,4.593729906078206,4.217073978215435,0.0,0.0,0.0,0.0,0.0,0.0,0.0,0.0,754.7389760051361,0.0,0.0,0.0,0.0,0.0,0.0,0.0,0.0,0.0,1430.1577679781751,117.674427184415,5768.822875471044,2354.631385815299,0.0,12.94948135251214,638.3330616774753,0.0,7964.761562547088,3525.1429702523087,0.0,193.0509991391736,844.7963931038277,0.0,1375.8363330446523,2609.3754933793584,703.849310817905,0.0
17,2.084359837494595,1.5310923327368338,0.754299855531208,0.1855483165112036,8.71490203624202,6.609267821019865,4.799134497922678,3.9357507488618046,25.522536456956537,0.0,293.62518078435005,0.0,0.0,14.269418110025702,0.0,0.0,2593.9762550788905,0.0,0.0,0.0,0.0,0.0,0.0,87.47269312975105,0.0,0.0,1659.6798691616978,424.17340080915415,4553.256438199511,1511.7663475085635,0.0,67.36983517487853,785.6590917673104,0.0,6227.3996880499535,2018.4259933346216,0.0,171.38718336047805,935.968325204768,0.0,1009.2932547789272,2440.6300952944707,676.23936949417,0.0
18,2.0455276844252523,1.6512916588751196,0.7724433627789716,0.2090852176791087,8.631103363492661,6.564361915553644,4.949322256432291,3.684682966112171,380.1375875208973,12.479660331433402,3100.435766060535,823.8185610816934,0.0,252.34741855248365,0.0,0.0,5242.199645072168,1388.9653241272408,0.0,247.20406781070287,87.11238096367926,0.0,603.5581356152525,1543.8034123439063,0.0,0.0,762.1214074215676,287.4489515184307,1108.291086332637,299.3211996776742,0.0,16.5662047620348,237.29672991291565,0.0,1577.645121834826,387.7997932930873,0.0,36.52095140721309,207.26581185227636,0.0,208.960082793848,604.9819797806102,147.21331958990015,0.0
19,1.9186638398336229,1.7902914374750805,0.8397791095168102,0.2413819825116278,8.783202624709626,6.761180101969435,5.063233351318808,3.632667276338069,675.6488224881916,40.11629884908193,4396.118856800659,1425.463114018576,0.0,438.6070556479496,0.0,0.0,6217.272141424572,2475.732697491569,0.0,493.65574926723406,212.59984539674173,0.0,1156.7905410037308,2545.041766840242,0.0,0.0,0.0,0.0,0.0,0.0,0.0,0.0,0.0,0.0,0.0,0.0,0.0,0.0,0.0,0.0,0.0,0.0,0.0,0.0
20,1.7721210029476206,1.9577903149015337,0.8949662760466522,0.2735011200797344,9.011922767124606,7.06701669680498,5.048456701209586,3.773942355104542,786.6647689826882,63.79468360590013,4267.553394828593,1262.6749502014138,0.0,481.4949908255271,6.966322713520222,0.0,6055.391208219603,2303.3102561994183,0.0,537.7936014562525,282.63785249761963,0.0,1196.1112544552548,2613.1725871582557,4.269681663125298,0.0,0.0,0.0,0.0,0.0,0.0,0.0,0.0,0.0,0.0,0.0,0.0,0.0,0.0,0.0,0.0,0.0,0.0,0.0
21,1.620274850462378,2.135542424505766,0.919966698233339,0.3057271118014465,9.106436555652907,7.377425829912843,4.9343377864373705,4.053943141477424,894.2624182429539,87.14656284291911,4226.446993734273,1187.3651654642613,0.0,524.4264951052531,148.33634989666498,0.0,6002.304134421967,2234.902129480326,0.0,580.8628524602608,339.9218624482608,0.0,1223.477280901412,2638.434195272238,86.16367058476463,0.0,0.0,0.0,0.0,0.0,0.0,0.0,0.0,0.0,0.0,0.0,0.0,0.0,0.0,0.0,0.0,0.0,0.0,0.0
22,1.5222846332890367,2.273285455485637,0.9721570383435596,0.3203398856822358,9.246464369407851,7.655642309443032,4.859126352046912,4.456811015462962,1077.2234101222114,203.99403011608604,4543.45465563691,1448.5531576528122,0.0,664.6963266662945,301.9908974326092,0.0,6262.983195260202,2446.659495061201,0.0,659.0244631341469,372.0733119547544,0.0,1095.3750640074954,2460.157579991139,103.4067107414409,0.0,0.0,0.0,3.431224863852737,0.0,0.0,0.0,0.0,0.0,12.93624742838476,0.0,0.0,0.0,0.0,0.0,0.0,3.095753479222195,0.0,0.0
23,1.4138982421086947,2.3251347212258526,1.053293589001692,0.3204920591760797,9.542980806632228,7.989601908406941,4.874608334039998,4.95774812551344,1374.034452704572,524.4841232274989,4302.575391918022,1133.4716981132076,0.0,865.5005809113104,521.4938545276203,0.0,5642.7126179495845,1660.4528301886792,0.0,761.811320754717,497.5652498239359,0.0,800.6415094339623,2448.930211798099,147.9245283018868,0.0,34.41509433962264,0.0,463.5631777289972,7.018867924528302,0.0,0.0,0.0,0.0,1161.6855181838184,31.245283018867923,0.0,0.0,0.0,0.0,0.0,276.9817233156084,0.0,0.0
24,1.332985377320133,2.377298897878007,1.1296585021993362,0.31034450718299,9.719339657621251,8.168208666042254,4.87865240879442,5.42797095984159,1216.5776471888444,446.6842135589915,3217.6533632453165,0.0,0.0,748.8446474380504,444.1325348401287,0.0,4327.5309522499,0.0,0.0,0.0,423.71910508922673,0.0,0.0,2216.988035907382,0.0,0.0,586.522727400778,0.0,4078.682270811438,691.4763693887944,0.0,0.0,0.0,0.0,5845.002066895648,1232.7334718776071,0.0,0.0,25.956224199018344,0.0,177.24393095901098,1299.1956999989166,0.0,0.0
25,1.2398438302750838,2.3162535585807333,1.1466408191574753,0.2819349265514949,9.591958071707625,8.132463439231893,4.803177520449175,5.679608866897007,1153.3535941091266,372.2617434172086,1816.66156528748,0.0,0.0,659.338656097713,370.156942874488,0.0,2171.5330548684888,0.0,0.0,0.0,353.15771990421064,0.0,0.0,2241.977818680024,0.0,0.0,1641.067283047911,790.912992842114,5863.883924865178,2744.881106086453,0.0,0.0,36.65570357969267,0.0,7234.761390297263,3002.430442552775,0.0,0.0,63.75791335890529,0.0,9.501482809449822,606.727246100121,0.0,0.0
26,1.157210761473551,2.1994679271804234,1.18278689879555,0.2519730444916941,9.494670718639895,8.010208123567088,4.799574641224129,5.879724376616145,1094.279847335562,302.8615850408674,2062.302702184663,0.0,0.0,575.8457291634578,301.1442771093847,0.0,644.6317714289787,0.0,0.0,0.0,287.29571726450206,0.0,0.0,2265.2624843340386,0.0,0.0,1125.7662392151212,564.1098026586309,3947.061887542217,1846.359747680672,0.0,0.0,21.319235014586805,0.0,4829.693911360602,1984.1121972690428,0.0,0.0,49.18077903694374,0.0,0.0,371.4938733545,0.0,0.0
27,1.0553785772913848,2.0412896316255598,1.2666088242704674,0.2204481943232359,9.46237804556808,7.959662984960722,4.74187877465312,6.076015790056663,1028.8920446795726,225.98001268211848,2363.1575841093554,0.0,0.0,483.3307239243787,224.6859182370121,0.0,517.6551954955548,0.0,0.0,0.0,214.40130351708663,0.0,0.0,2291.10493540084,0.0,0.0,552.2682500233711,276.78199972046144,1936.3455445959648,905.8007128568336,0.0,0.0,14.32678048650799,0.0,2369.3926414788666,973.3891025065376,0.0,0.0,33.0331895932662,0.0,0.0,182.27661592669017,0.0,0.0
28,0.9589086170800916,1.9000520572539732,1.3316280331287196,0.1990138088991303,9.428563108266609,7.922065430140098,4.552892403275891,6.212002523581809,969.5277711023124,156.22035593549597,2636.1476614502576,0.0,0.0,399.4181149247426,155.29182480487057,0.0,473.07957946102886,0.0,0.0,0.7141207820695009,148.20170153130422,0.0,0.0,2314.5514638188497,0.0,0.0,296.57129206701194,148.60311762610544,1039.8958754905368,486.4431178897969,0.0,16.322760733017166,7.9568642474527635,0.0,1272.4254361076871,522.7509488292234,0.0,0.0,18.377751148670043,0.0,0.0,97.90892203520336,0.0,0.0
29,0.9477823521720096,1.744760426681626,1.3442046703609365,0.1691406930498341,9.060190079313209,7.669984099766561,4.195358297870242,6.081886360266521,931.8670930509884,102.48879705228792,2917.817530915392,0.0,0.0,332.3509160546238,109.7057572039469,0.0,2508.0229446321364,0.0,0.0,210.9947858884976,109.94943813776176,0.0,232.430871213158,2359.024713396228,0.0,0.0,81.47759085888663,40.81184848202627,285.667774546325,133.62723855625623,0.0,53.659531514340046,2.201214231925006,0.0,393.9698553492088,143.60415187676233,0.0,0.0,5.053927298906582,0.0,0.0,26.898383582174333,0.0,0.0
30,0.9477016002381856,1.603079983317913,1.31570596535497,0.1358774440265786,8.682741493877565,7.420126795511882,3.8604102210989018,5.794502313615627,1134.6283652344096,212.22436887197492,3461.556862990503,70.68393867144812,0.0,431.1925784641707,325.47428594213176,0.0,4998.626259938305,114.55904509013216,0.0,657.7768911782388,387.11224844345895,0.0,835.366587091892,2682.366587091892,19.0147857832888,0.0,0.0,0.0,0.0,0.0,0.0,0.0,0.0,0.0,34.63840907188795,0.0,0.0,0.0,0.0,0.0,0.0,0.0,0.0,0.0
31,0.9583954483292112,1.4965864240800335,1.2884055765493796,0.104126497833887,8.534024371410725,7.152259030548479,3.636726125357598,5.652075814037435,1436.861235920626,392.96312759042326,4059.5409206491504,931.892009703588,0.0,604.9372836264876,650.5240514653152,0.0,5694.109775134605,1444.1729701558345,0.0,901.931344352536,793.0504826699998,0.0,1259.8493937753738,3107.912288917518,273.985003610118,0.0,0.0,0.0,0.0,0.0,0.0,0.0,0.0,0.0,0.0,0.0,0.0,0.0,0.0,0.0,0.0,0.0,0.0,0.0
32,0.9358916448599578,1.3940897178438516,1.225286501874265,0.0723384853953487,8.31510170855326,6.828993197921805,3.325615574766166,5.444925876149488,1587.461969706775,470.43484521222376,4038.482336958688,1323.832297265012,0.0,712.9043351373787,827.6873142040038,0.0,5695.748664585552,2056.566352039069,0.0,1015.8777382088144,987.1707783128358,0.0,1402.3222463139757,3282.5680695603974,506.5385985967923,0.0,0.0,0.0,0.0,0.0,0.0,0.0,0.0,0.0,0.0,0.0,0.0,0.0,0.0,0.0,0.0,0.0,0.0,0.0
33,0.906094295747,1.2933100327252751,1.1174718175369267,0.0379014719202656,8.032684429757198,6.438016963580125,3.079754152284184,5.097576027079717,1693.0579959980516,479.68300156162746,3803.000586058676,1006.906923166314,0.0,802.4780746130383,942.6505548259678,0.0,5486.420550384672,1748.452296772664,0.0,1048.8672214766923,1036.5105213486977,0.0,1359.2953696823,3275.4822236973405,527.7734442953384,0.0,0.0,0.0,0.0,0.0,0.0,0.0,0.0,0.0,0.0,0.0,0.0,0.0,0.0,0.0,0.0,0.0,0.0,0.0
34,0.8616903588469227,1.1678675922795834,0.9965611533335024,0.0133032973984154,7.867921418744675,6.141924774510613,2.9237246140848474,4.805454836801417,1831.399096838239,480.7518831031758,3907.0043458849095,984.5601132642151,0.0,884.5098948333477,1019.946624340792,0.0,5639.016760236897,1791.906082080699,0.0,1043.3303019261389,997.4562984575982,0.0,1238.7813003161891,3140.266954530132,510.593515805585,0.0,0.0,0.0,0.0,0.0,0.0,0.0,0.0,0.0,0.0,0.0,0.0,0.0,0.0,0.0,0.0,0.0,0.0,0.0
35,0.7945051304528192,1.1508030604393893,0.9666854484416488,0.0100227128770763,7.84747189743887,5.950465511390969,2.9582955318165003,4.674718129891555,2035.216870490002,698.0675049266907,3018.1645763680003,487.78513728472063,0.0,1033.3659761289668,672.581916202493,0.0,4249.508757156892,765.9597938888585,0.0,664.746010382658,590.3049050942268,0.0,518.4757684124072,2298.824821696336,247.48402547645125,0.0,395.58894711568746,43.37598104338678,1059.4149610036789,0.0,0.0,0.0,59.68534991570021,0.0,1678.476962454895,0.0,0.0,0.0,99.93826032396316,0.0,0.0,502.8143722549396,0.0,0.0
36,0.7037298431713923,1.1000628168825484,0.9357058983670136,0.010159801458667,7.567292401006036,5.586767347774085,2.97550218828298,4.596737627868658,1635.1169413427313,762.9217109292216,1586.45455506527,0.0,0.0,995.5740961614028,0.0,0.0,2367.2528196029207,0.0,0.0,0.0,0.0,0.0,0.0,1549.6839307064388,0.0,0.0,1335.0802305519946,263.1429383813168,4001.3326040230936,719.650037108076,0.0,0.0,408.1497527734672,0.0,5994.413808059681,1218.084693159584,0.0,0.0,567.0860714595522,0.0,500.3014525161203,1936.2338772638336,238.9499474703858,0.0
37,0.6203265229554847,1.017906044366509,0.8917084586798678,0.07314534343495,7.09608801490204,5.1585141460831885,3.0266933474128934,4.357128912970352,982.1338477888004,419.8834728795794,995.2519095076242,0.0,0.0,858.557828969377,0.0,0.0,1596.0797528989383,0.0,0.0,0.0,0.0,0.0,0.0,1309.9199744785656,0.0,0.0,1426.0748163204526,344.48570694661606,4332.860855483583,1023.9071991661082,0.0,0.0,471.90859653041474,0.0,6337.342710743801,1591.1923415977965,0.0,0.0,620.684364529819,0.0,579.5900628396993,1975.9653248455068,260.3415403171767,0.0
38,0.5547421805293016,0.9574510986866468,0.847069150485049,0.1744922352558139,6.6506051849641405,4.750491420735424,3.182570241378958,4.140128174975599,996.676495791142,203.2549881564314,236.5854867109864,0.0,0.0,704.1614840153057,0.0,0.0,488.8683850952034,0.0,0.0,0.0,0.0,0.0,0.0,1039.8323657761262,0.0,0.0,1724.776282837237,624.2479193419862,5317.556512218359,1963.2344703372175,0.0,28.988383241818774,653.7036761442779,0.0,7310.838985038466,2652.236225280133,0.0,0.0,745.7817096442913,0.0,734.7685932142297,1989.426854688152,275.59611245238926,0.0
39,0.4866564215141707,0.903189239444207,0.8077778962313834,0.2810453366511626,6.2002000044564936,4.325914176619117,3.2615011097119497,4.011549579728731,1010.9040390045842,394.495268523116,676.3038178595665,0.0,0.0,571.9821567822369,0.0,0.0,330.62782509480706,0.0,0.0,0.0,0.0,0.0,0.0,808.5961674087807,0.0,0.0,1878.829241823048,800.8653417576272,5374.704952099697,1977.7577515242187,0.0,81.43846354500802,762.472455506288,0.0,7296.391137143791,2591.15403651458,0.0,12.102618721069582,818.4664246099021,0.0,700.7647906044724,2022.9283562002283,311.25307531082143,0.0
40,0.4249870018298009,0.8188777043935616,0.7997401006974172,0.3937102501395341,5.54484941019037,3.77488804822924,3.2866177339826264,3.836880805839237,1030.9149776936454,602.7015918131211,1231.7767568152244,6.824481113372037,0.0,429.9964677271622,0.0,0.0,1103.4059355671122,5.389947328316283,0.0,0.0,0.0,0.0,0.0,573.188993525478,0.0,0.0,2128.555160357796,1089.3393884973195,4299.331025386495,690.6762414349336,0.0,144.9035213831694,986.1643126827032,0.0,5755.294359077814,807.852428362115,0.0,51.59178234650472,1057.9756696424686,0.0,278.5698028834879,2079.572486016226,435.6222081098836,0.0
41,0.3879424838718029,0.7079864856220448,0.7530161923150275,0.5078512239069756,4.869418009205376,3.29535578743092,3.2023829025178827,3.60772155269336,1305.159092666419,870.7744937978464,2597.7318764028605,406.7136977463748,0.0,348.88510891796113,22.49212437730924,0.0,3743.192066144738,388.330664968982,0.0,0.0,3.8281756059624974,0.0,0.0,876.6940444587881,0.0,0.0,2292.8406666036167,1237.2570401243615,3128.264847051355,0.0,0.0,127.02172202976348,1135.53459738647,0.0,4319.74060448891,0.0,0.0,33.08500231436452,1168.0361362114431,0.0,0.0,1800.1696882204085,427.8613058848169,0.0
42,0.3826752815071355,0.6527328585178819,0.716584578739887,0.62238266109908,4.610050886626524,2.9768136873511826,3.089899783218293,3.538178928192285,2089.1596067433347,1423.4176673105587,4219.120137311015,1305.671719447132,0.0,445.61296038473375,172.38210383774995,0.0,5331.799191988646,1352.7454999793767,0.0,0.0,17.7005184315223,0.0,0.0,1323.9840427657073,0.0,0.0,2430.603002752939,1381.0351371515817,1915.7738679529216,0.0,0.0,106.83849999099776,1260.9629500708706,0.0,2827.009185756705,0.0,0.0,14.19394134934693,1253.899981114421,0.0,0.0,1514.249419337538,411.83372268610816,0.0
43,0.3869688132462821,0.67190759194251,0.6975937482458482,0.6820457831864786,4.622068692907392,2.743230900456737,2.9121978835302635,3.619624017538624,2466.7292529698198,1661.079150191358,4008.5140093087775,1056.566151569902,0.0,597.0108682259885,285.65537425671926,0.0,5001.0433892253,1007.745073764884,0.0,0.0,7.573313144665433,0.0,0.0,1192.7609782386023,0.0,0.0,993.2872293749198,67.52803380386578,464.22236846491086,0.0,0.0,0.0,0.0,0.0,787.319756179662,0.0,0.0,0.0,0.0,0.0,0.0,1343.3013295965047,0.0,0.0
44,0.3754090375532555,0.6796543070642943,0.6544414590181754,0.7023287552292345,4.588665875441844,2.5463903462802437,2.685189175760019,3.679598171669323,2748.4940271689243,1838.4227026824672,3851.397366436784,870.6534777307534,0.0,709.9951440732368,370.2476277284812,0.0,4754.195446956235,750.2897655630793,0.0,0.0,0.0667485525358967,0.0,0.0,1094.8706332939464,0.0,0.0,842.5927052965978,0.0,973.3308060885872,0.0,0.0,0.0,0.0,0.0,1617.7855505250614,0.0,0.0,0.0,0.0,0.0,0.0,1490.902363866784,0.0,0.0
45,0.3786370795684991,0.7080494417119398,0.5618542245706476,0.7191741284252481,4.663386258791462,2.44347608426969,2.5582571170013693,3.8620136682563873,2928.535354573721,2066.1934894418773,4246.991802308654,981.5566064935064,0.0,763.0411792790392,236.7031814464545,0.0,4861.669751750587,803.0903592351963,0.0,0.0,0.0,0.0,0.0,661.1323332736125,0.0,0.0,682.0212342872366,0.0,1515.887553096669,0.0,0.0,0.0,0.0,0.0,2502.965723740075,0.0,0.0,0.0,0.0,0.0,0.0,1648.2756317099156,0.0,0.0
46,0.3989932329347586,0.8214656630728769,0.4592586900072103,0.7339017483910357,5.05151183613796,2.555217896521386,2.552956417389412,4.138863663941742,2948.400552752623,2039.0354027909293,3658.236545720088,0.0,0.0,739.2996741962293,0.0,0.0,3869.8274481062135,0.0,0.0,0.0,0.0,0.0,0.0,0.0,0.0,0.0,532.006307227706,0.0,2022.587134518448,0.0,0.0,0.0,0.0,0.0,3329.6507061616303,0.0,0.0,0.0,0.0,0.0,24.989937245550006,1795.1755000903097,0.0,0.0
47,0.4021166415766337,0.9729906630426868,0.3620882043422553,0.6874444584130871,5.596393449230346,2.677416611184606,2.650530947784869,4.4904482293404255,2939.929203320077,1977.669265094441,3053.6962422329475,0.0,0.0,714.6483937578073,0.0,0.0,2953.1170811221136,0.0,0.0,0.0,0.0,0.0,0.0,0.0,0.0,0.0,405.6988335987281,0.0,2449.3164543886382,13.112446343837608,0.0,0.0,0.0,0.0,4025.843924499959,125.67513508769032,0.0,0.0,2.3840811534250195,0.0,290.95943842630487,1918.968873755304,3.2355387082196687,0.0
48,0.3892528756736546,1.0607786460275996,0.2748046163920273,0.589105519532583,5.798809839070524,2.670859667012521,2.8009732939695904,4.701128228760789,2536.307430351145,1621.7494580479745,2055.397682276325,0.0,0.0,421.5893912618951,0.0,0.0,1453.4278246727708,0.0,0.0,0.0,0.0,0.0,0.0,0.0,0.0,0.0,477.5494908884258,0.0,3874.24507842128,870.600427833489,0.0,0.0,71.1361197766152,0.0,5849.231067333214,1800.9195406806307,0.0,66.89017529396352,354.6656699669072,0.0,1448.252712210004,2564.044287515528,308.8127193951825,0.0
49,0.3605546177411755,1.0642005943292896,0.2015625670258833,0.4857880343252717,5.720457838599082,2.575076192449972,3.0392552758952363,4.781080135419912,1026.6372665580338,699.5797657827266,1364.3973000840124,0.0,0.0,0.0,0.0,0.0,596.5937128849251,0.0,0.0,0.0,0.0,0.0,0.0,0.0,0.0,0.0,701.3248144444831,0.0,4581.612847490815,1455.8426262503783,0.0,0.0,260.90463941225033,0.0,6715.521486328566,2598.0684055844404,0.0,209.641954940792,650.763861276586,0.0,1855.0952762353156,2983.9666525741222,565.3706737063816,0.0
50,0.3451667870619964,1.0693885921842932,0.1569756444112076,0.4069140706046507,5.724809558987007,2.521959874700181,3.307460094781926,4.928056244245713,97.07927926902217,92.09476859750755,853.2992595194111,0.0,0.0,0.0,0.0,0.0,421.3613749346404,0.0,0.0,0.0,0.0,0.0,0.0,0.0,0.0,0.0,921.5531444659428,162.05214019572463,4778.835094785194,1649.237213587489,0.0,38.87560110403862,468.3067745533379,0.0,7044.513392256825,2844.7455624134886,0.0,319.6935957999719,818.6222902770912,0.0,1960.8022171660143,3161.233138021855,713.1921413507073,0.0
51,0.3275540660654248,1.0731806475617205,0.1715020029936112,0.3348768989394327,5.693043714267545,2.559041004429337,3.509883477954514,5.020653128204949,0.0,0.0,558.6660722392879,0.0,0.0,0.0,0.0,0.0,392.1104009770403,0.0,0.0,0.0,0.0,0.0,0.0,0.0,0.0,0.0,1358.0387111636062,852.7122880480026,4804.958683356486,1497.8293994377077,0.0,239.42798347104736,613.143847106139,0.0,6889.121170081893,2518.8388367106973,0.0,209.6014297617614,799.9852066166708,0.0,1554.7342677365882,2831.5500991726503,642.0811378475541,0.0
52,0.3184929529833909,1.072218150811049,0.2014159979190201,0.2838841220145346,5.43813950986294,2.6635926018102167,3.604957200631646,5.041483497056055,0.0,0.0,424.0485882758973,0.0,0.0,0.0,0.0,0.0,371.59258551547487,0.0,0.0,0.0,0.0,0.0,0.0,0.0,0.0,0.0,1669.993457807772,1197.7294743703064,4764.68945596749,1302.3810926657234,0.0,325.76000460070406,676.3105440325097,0.0,6647.997819269257,2157.5461779703205,0.0,84.78617336961622,735.0879944791552,0.0,1177.8807100409997,2496.180350419796,538.8610834643152,0.0
53,0.3171225443752096,0.9964225429983398,0.2741387238594271,0.2658527962643274,4.822190924963233,2.88043266258015,3.6738941758486297,5.036341379139112,0.0,0.0,413.4105876411843,0.0,0.0,0.0,0.0,0.0,365.5019167582946,0.0,0.0,0.0,0.0,0.0,0.0,0.0,0.0,0.0,1664.6193383161424,1165.07136361348,4762.346891060883,1299.4873360163842,0.0,318.18111813814943,678.6531089391175,0.0,6646.206446105381,2163.884883011729,0.0,98.70376487358014,744.1826582342208,0.0,1206.2670847916586,2517.95242425768,551.1250997400855,0.0
54,0.3322790010242609,0.9128840543183095,0.3830607058604657,0.3066138195333798,4.135860150609653,3.200406078430643,3.720157090312045,5.0843215532973005,0.0,0.0,343.1239006127057,0.0,0.0,0.0,0.0,0.0,325.2669065475472,0.0,0.0,0.0,0.0,0.0,0.0,0.0,0.0,0.0,1757.1999133255504,1221.5839001321676,5052.638724435095,1470.7980979674874,0.0,269.2761102216005,569.0726528543735,0.0,6752.930891187304,2228.8920150719214,0.0,170.53168667008833,746.2021589279246,0.0,1328.6959568549903,2185.7242148075857,606.9083284979404,0.0
55,0.355875287500491,0.8265784937072507,0.4830925060136808,0.3496596899190942,3.491831972721499,3.4825789295376275,3.552737467452808,5.041031255040835,0.0,0.0,307.2074676990288,0.0,0.0,0.0,0.0,0.0,304.71946621890464,0.0,0.0,0.0,0.0,0.0,0.0,0.0,0.0,0.0,2538.092230159685,2071.0715271168287,5899.818117228914,1980.5623528439328,0.0,380.7228220902148,466.1898797954493,0.0,6932.283530919032,2109.9221198739247,0.0,142.73835276999287,561.1895724417024,0.0,1182.7049638918836,743.6663554889441,554.5851882176352,0.0
56,0.3862923392105765,0.7304537988837225,0.5999552542308626,0.3633727634551504,2.823345252173022,3.68112391889617,3.320890762854035,4.896590333333701,0.0,0.0,266.6009240574788,0.0,0.0,0.0,0.0,0.0,281.3746448045516,0.0,0.0,0.0,0.0,0.0,0.0,0.0,0.0,0.0,3071.4380806751205,2418.778991454307,5517.108242281764,1762.28469520019,0.0,593.680780515212,741.6467717212689,0.0,6106.861975445727,1603.9959749469135,0.0,113.65401879545584,367.6162926161405,0.0,1029.9542436917395,419.3733827119687,499.8613729990168,0.0
57,0.4248008570439875,0.6255854819162802,0.6935827685980062,0.3637316635582732,2.16206062815228,3.777186905033625,3.0363960385602677,4.735267484964508,0.0,0.0,213.4968346168071,0.0,0.0,0.0,0.0,0.0,252.6444862197616,0.0,0.0,0.0,0.0,0.0,0.0,0.0,0.0,0.0,1804.078801775848,1411.73037339435,3014.4808109346072,941.4297266638952,0.0,367.51571819934287,465.4223082099745,0.0,3272.304516903802,809.2455242722999,0.0,86.91979984541905,200.25936012187333,0.0,889.6000714746676,192.55897745310003,449.5329792769699,0.0
58,0.4571907103208915,0.5241466599914,0.7801061428845011,0.3568574380347868,1.809538396535458,3.861637999028337,2.7009467232816133,4.604918996247784,0.0,0.0,185.5043486585235,0.0,0.0,0.0,0.0,0.0,238.95516324615608,0.0,0.0,0.0,0.0,0.0,0.0,0.0,0.0,0.0,859.5666331344452,671.3654066476063,1521.879780990551,429.4918954827383,0.0,160.61295191586973,301.1039625699124,0.0,1756.2992500247171,436.6222939836797,0.0,60.86768522013478,175.42596116654508,0.0,752.6954798211522,284.2432118636592,400.472338345243,0.0
59,0.4905801716863289,0.5004010017401107,0.8188030064338988,0.3535854562073598,1.8168483069556705,3.953286789937439,2.2944838421525766,4.473069863732948,0.0,0.0,158.8681131052203,0.0,0.0,0.0,0.0,0.0,221.70359013606208,0.0,0.0,0.0,0.0,0.0,0.0,0.0,0.0,0.0,2103.1509013579102,1594.930742473496,4038.814279032105,1029.1018142643247,0.0,355.00300640356005,998.2137432134036,0.0,4961.467875724185,1281.8703843194048,0.0,36.790862252008594,732.8055626166303,0.0,620.1705786635756,1328.454554398769,354.5430659225874,0.0
60,0.5083703936118825,0.4952041723713114,0.8334446967707658,0.3226736378940785,1.8232100269399936,3.9680388461754914,1.8565234890170068,4.304732892504183,0.0,0.0,134.95184473922558,0.0,0.0,0.0,0.0,0.0,206.5705799508656,0.0,0.0,0.0,0.0,0.0,0.0,0.0,0.0,0.0,2604.524216057131,1893.356929779024,5254.334556648438,1384.1260847790302,0.0,433.32774379812656,1341.8320324368617,0.0,6561.66326115953,1803.96494597398,0.0,48.913483496304906,1098.1432711495247,0.0,620.6310706105736,1960.987582624723,371.1713739882939,0.0
61,0.5168606700530156,0.5000524857807315,0.8278020282666306,0.2923628795244218,1.853743487589442,3.868364839673993,1.568938529508454,4.166512401955734,0.0,0.0,121.24581976140544,0.0,0.0,0.0,0.0,0.0,197.3127172336292,0.0,0.0,0.0,0.0,0.0,0.0,0.0,0.0,0.0,2552.0332236954623,1834.031513539678,5295.592572334807,1460.5730008531852,0.0,419.3329129018402,1329.4725629043223,0.0,6663.009708437837,1895.715593160429,0.0,74.14081306108415,1125.9523408030238,0.0,676.648747765516,2048.3026606566414,411.157027808758,0.0
62,0.4950818033693035,0.4834018339295683,0.7860707452919603,0.2662299581860466,1.870114652235735,3.625166336667908,1.3394523664178155,3.9534062131853647,0.0,0.0,86.12921409594031,0.0,0.0,0.0,0.0,0.0,181.40945634471444,0.0,0.0,0.0,0.0,0.0,0.0,0.0,0.0,0.0,2470.4327998476774,1741.810002323412,5359.717163539735,1579.419785732913,0.0,397.58552676085225,1310.2894257890448,0.0,6820.475022442622,2038.3288848582267,0.0,113.30681651534692,1169.2114549604548,0.0,763.6994980051816,2184.0182425398616,473.26484431718126,0.0
63,0.457076596914781,0.4589534323853822,0.7172920826089776,0.2360864515215945,1.8605300386315229,3.2785159581148138,1.120975987922436,3.660268292541742,0.0,0.0,238.10852910366955,0.0,0.0,0.0,0.0,0.0,341.3812440652618,0.0,0.0,0.0,0.0,0.0,0.0,0.0,0.0,0.0,2407.131830296689,1670.317206841192,5409.4817283991,1671.5655675275125,0.0,380.7005124720299,1295.442933995494,0.0,6942.539430793464,2148.8954110127165,0.0,143.68592883218167,1202.74664074665,0.0,831.1561251626263,2289.2399432654943,521.4513724418656,0.0
64,0.4015360503693151,0.4339666642126244,0.6345420048239213,0.2043223262192683,1.7611315940940926,2.884752064749989,0.920747307351016,3.298620556817376,0.0,0.0,789.2959640997535,0.0,0.0,0.0,0.0,0.0,998.8917430729648,0.0,0.0,0.0,0.0,0.0,0.0,0.0,0.0,0.0,2364.4168349754614,1566.46718372969,4914.829155001713,1238.9147810492898,0.0,336.78787825593463,1274.560269177044,0.0,6349.7964150620655,1589.1051440164013,0.0,116.73012098903712,1193.2291111362676,0.0,625.9026119289475,2198.0862963570635,511.6912710456643,0.0
65,0.3285887726195708,0.4100564023925285,0.5406553643480227,0.170387983878643,1.602188803113629,2.586565470893252,0.7446150163898991,3.0477906523018645,203.80548708346183,527.9554827252882,2277.2516337744883,0.0,0.0,76.67929217001534,0.0,0.0,2812.976570609709,0.0,0.0,0.0,0.0,0.0,0.0,513.5598109436683,0.0,0.0,2353.874361863979,1328.218084897801,2773.6720777799114,0.0,0.0,201.61686125070287,1228.0293527203205,0.0,3622.506615475478,0.0,0.0,0.0,1068.0136346901,0.0,0.0,1555.4671169764904,347.70499983828006,0.0
66,0.2430063077740885,0.3797219496337706,0.4226955537150677,0.1662989475348833,1.4992429951025847,2.4970129546843887,0.577788575662306,2.9231891661668725,2010.0739549497916,2955.5224182350053,4165.050347166459,884.1117259163669,0.0,822.6737506819444,0.0,0.0,4885.495031098732,911.159272641098,0.0,0.0,0.0,0.0,0.0,838.4407921078688,0.0,0.0,24.074396790416458,12.252514550488783,16.15896479629316,0.0,0.0,1.2918969316833362,12.324286602248968,0.0,1457.1398788295828,0.0,0.0,0.0,10.23264395095214,0.0,0.0,12.26276770074024,2.6248064643724924,0.0
67,0.1580695325796693,0.3534048262524924,0.3220495169310313,0.1653580250025245,1.5316556941076285,2.6090585323893705,0.5583151878697717,2.897050577728882,2642.4213279324867,3729.217488806986,4417.906679152965,1026.4127049644535,0.0,1346.2701750419928,15.266110092945691,0.0,5124.758884327053,1139.0407537070275,0.0,0.0,0.0,0.0,0.0,812.7676969804481,0.0,0.0,0.0,0.0,0.0,0.0,0.0,0.0,0.0,0.0,171.64881628668684,0.0,0.0,0.0,0.0,0.0,0.0,0.0,0.0,0.0
68,0.0966597435823869,0.38367090564671,0.2795746917243237,0.1599161399999997,1.713423123854374,2.8814369447993244,0.7567875176272046,3.0877566421954974,3114.894156258439,4291.169667961236,4534.748163787659,1063.2892926086215,0.0,1769.8367148883697,71.8937816722684,0.0,5235.858785620431,1248.8830315015875,0.0,0.0,0.0,0.0,0.0,809.0712222758951,0.0,0.0,0.0,0.0,0.0,0.0,0.0,0.0,0.0,0.0,2.930720884702625,0.0,0.0,0.0,0.0,0.0,0.0,0.0,0.0,0.0
69,0.051270316380784,0.4648317112892922,0.2935168453163817,0.1599161399999997,1.9973423145969715,3.3074695406672663,1.1234284424459535,3.4968911093337387,941.4615384615385,1722.9761608680094,3447.745261781783,604.7669932772949,0.0,698.7565054117617,164.10453407520865,0.0,5178.263427906751,1735.880052655962,0.0,853.57251242407,0.0,0.0,3134.528423512692,4858.64748170203,1147.5341707959,0.0,0.0,0.0,0.0,0.0,0.0,0.0,0.0,0.0,0.0,0.0,0.0,0.0,0.0,0.0,0.0,0.0,0.0,0.0
70,0.0210453906976764,0.5303211051569275,0.319849577581396,0.1652227020340041,2.333944924019532,3.715095877357831,1.574186664225134,3.9112298741731286,0.0,588.234256251933,2489.977944513408,211.87592170864204,0.0,223.52126157960933,148.01192348020768,0.0,4960.58924033908,1583.3488135420969,0.0,1581.0196461599476,18.66887564867356,0.0,4808.127558008145,7659.866619034688,2415.3901667736727,0.0,0.0,0.0,0.0,0.0,0.0,0.0,0.0,0.0,0.0,0.0,0.0,0.0,0.0,0.0,0.0,0.0,0.0,0.0
71,0.002597020665302,0.5725293693526537,0.350870923357603,0.1822616358427935,2.641466932135991,3.891053255248467,2.0327018461989126,4.156691686974461,0.0,447.3175204427083,2525.7488384926096,123.77968803330928,0.0,172.25062530976882,90.75550125896804,0.0,4972.7154966696735,1379.9131838598223,0.0,1887.6851234799517,172.73770803129386,0.0,4771.741506874113,7835.226347168059,2652.621797817555,0.0,0.0,0.0,0.0,0.0,0.0,0.0,0.0,0.0,0.0,0.0,0.0,0.0,0.0,0.0,0.0,0.0,0.0,0.0
72,1.980637875931276e-15,0.6028421276810634,0.4125234291428576,0.1870057998538207,2.906472773815895,3.957613039893691,2.5184331101614204,4.330829661495383,0.0,338.90614674799923,2347.3183484925567,28.429840217770103,0.0,124.6267321972177,36.28902588027677,0.0,4567.0176627508,757.3450919644587,0.0,2319.292591971871,692.4264275648634,0.0,4419.5688526874055,8323.853247784285,3080.824081358116,0.0,0.0,0.0,0.0,0.0,0.0,0.0,0.0,0.0,0.0,0.0,0.0,0.0,0.0,0.0,0.0,0.0,0.0,0.0
73,1.980637875931276e-15,0.6332998050996687,0.4732835862358804,0.1916539070830567,3.0738933689651016,3.9458790676794,2.906158070083054,4.446728460585521,0.0537413104830167,432.3815308331798,2152.121673656885,0.0,0.0,230.6391658675996,124.2182078259894,0.0,4068.1868692980206,171.5448667959664,0.0,2719.0413103310843,1311.825018022298,0.0,3536.698978270869,8273.453116716983,3142.0712241096367,0.0,0.0,0.0,0.0,0.0,0.0,0.0,0.0,0.0,0.0,0.0,0.0,0.0,0.0,0.0,0.0,0.0,0.0,0.0
74,1.980637875931276e-15,0.6358980242587309,0.4836653051756723,0.1962081131561464,3.123692914587548,3.866733956688582,3.072578965006441,4.450366758813181,240.3037462516859,1251.8792075456888,2198.0566438732744,0.0,0.0,688.0660109324134,551.8548895835257,0.0,3846.614620595534,188.34198943355432,0.0,2577.968392720879,1600.059528392022,0.0,2437.7560397822863,6728.32706974085,2389.65168130325,0.0,0.0,0.0,0.0,0.0,0.0,0.0,0.0,0.0,0.0,0.0,0.0,0.0,0.0,0.0,0.0,0.0,0.0,0.0
75,0.0026495501661149,0.5847986506726615,0.4746102146312284,0.2019739736212628,3.100175499468421,3.5933226163267484,3.1317638225546216,4.17715295776038,1518.6036112604204,2917.417048253601,2403.353093834766,0.0,0.0,1395.800428954478,1245.6539792235503,0.0,3802.718388071468,203.936009182331,0.0,2071.2871937012337,1899.7079832446848,0.0,1090.5719383405406,4412.829528824511,1187.3008853887843,0.0,0.0,0.0,0.0,0.0,0.0,0.0,0.0,0.0,0.0,0.0,0.0,0.0,0.0,0.0,0.0,0.0,0.0,0.0
76,0.017614237478846,0.5483336255192143,0.4666225396702808,0.2046421993731593,3.03972360739646,3.192814973446751,3.1775385359533663,3.806739147107351,1464.5578825209784,2338.4133463364024,2460.6974452001496,0.0,0.0,1347.2716304029268,1468.7114278784447,0.0,3938.08836932758,217.4189915547426,0.0,2224.857276833988,2148.6863521675714,0.0,1497.5281668030975,4988.797477202522,1353.0139826782954,0.0,0.0,0.0,0.0,0.0,0.0,0.0,0.0,0.0,0.0,0.0,0.0,0.0,0.0,0.0,0.0,0.0,0.0,0.0
77,0.0406408370725054,0.525886140954467,0.4614645534477232,0.1939387383107298,2.9048152100636977,2.7522413361610334,3.2147897421692475,3.394416355037692,1391.678034089488,1557.9406971597168,2537.970955573237,0.0,0.0,1281.8421751181445,1769.4002368882389,0.0,4120.526505657393,235.59595865089952,0.0,2431.843423574724,2484.3345785070724,0.0,2046.0845674274865,5765.162838405214,1576.429281315002,0.0,0.0,0.0,0.0,0.0,0.0,0.0,0.0,0.0,0.0,0.0,0.0,0.0,0.0,0.0,0.0,0.0,0.0,0.0
78,0.0692855446485069,0.4824399895606654,0.4307059383285054,0.1958687510830573,2.7168210312542085,2.2750134392906327,3.18508433495044,2.8565980914522013,1314.865894687157,1087.3585887788538,2593.3133455572,0.0,0.0,1216.238986992475,1892.9554065191933,0.0,4240.238662122051,249.53728757250357,0.0,2537.298517160312,2611.4928023818384,0.0,2366.58188105331,6238.745859740212,1678.104556809208,0.0,0.0,0.0,0.0,0.0,0.0,0.0,0.0,0.0,0.0,0.0,0.0,0.0,0.0,0.0,0.0,0.0,0.0,0.0
79,0.1060197593023276,0.3928482540000003,0.4143063155681066,0.1979675242923596,2.6268700853322144,1.7414735443056493,3.197254983234227,2.237823283729214,1216.3502770226112,919.5964862341566,2631.862935078109,0.0,0.0,1136.2842828009598,1812.286821040254,0.0,4303.7740967028085,260.95938817129144,0.0,2533.015229435766,2494.4162712442626,0.0,2458.6725671310373,6419.357825458545,1643.12437372542,0.0,0.0,0.0,0.0,0.0,0.0,0.0,0.0,0.0,0.0,0.0,0.0,0.0,0.0,0.0,0.0,0.0,0.0,0.0
80,0.142344268385384,0.3115630918580339,0.4041530471362121,0.1972485797536674,2.67641675882148,1.2691064101162004,3.2818680086783973,1.7067540840281743,858.842666979713,300.86976792197714,2713.8853968296016,40.3182660176536,0.0,1017.2805862717164,1534.598800458832,0.0,4493.134391764989,674.3731552218834,0.0,2589.9088910386404,2216.130499399058,0.0,2669.052179926838,6496.996291007479,1505.704303408739,0.0,0.0,0.0,0.0,0.0,0.0,0.0,0.0,0.0,0.0,0.0,0.0,0.0,0.0,0.0,0.0,0.0,0.0,0.0
81,0.1807093685385456,0.2276897112956808,0.3927448803588029,0.171223257629597,2.7895134505737795,0.9230881675033492,3.366988011994827,1.3154437754956678,674.9069928282421,9.647971074970409,2346.242317193436,21.327587883638977,0.0,865.5813606430557,1301.0788470694058,0.0,3983.004095876734,367.4390342677706,0.0,2341.1310370807087,1890.2502238380569,0.0,2128.866796812385,5628.283546361031,1394.142677174067,0.0,0.0,0.0,0.0,0.0,0.0,0.0,0.0,0.0,0.0,0.0,0.0,0.0,0.0,0.0,0.0,0.0,0.0,0.0
82,0.2097153620282409,0.139157806784053,0.3794018040672749,0.1377962400199342,2.961576895347993,0.6624293268563116,3.4341559826686106,1.0822782817200765,78.33786318900034,0.0,1313.8576221075643,0.0,0.0,100.25568568766307,151.22248824436213,0.0,2372.2121450597683,22.861652175638653,0.0,269.306067830459,218.65387516608533,0.0,229.03600161282031,642.4334001282681,163.59714400915735,0.0,144.37317652908817,0.0,445.3636361434846,0.0,0.0,0.0,0.0,0.0,1215.708956255887,0.0,0.0,0.0,0.0,0.0,0.0,855.6958247306411,28.287936050400244,0.0
83,0.2289230510255573,0.0661172328354203,0.3630875592857137,0.1065370393554817,3.198102905288514,0.5382342197043198,3.500437208561471,0.9777744275910832,0.0,0.0,449.5748365574855,0.0,0.0,0.0,0.0,0.0,1003.277244218164,0.0,0.0,0.0,0.0,0.0,0.0,0.0,0.0,0.0,523.2876681074633,150.35207338994607,1841.3052656434984,35.81917042525186,0.0,15.035207338994608,76.50267263664904,0.0,3306.771474777516,294.0709670715122,0.0,18.572903183463925,202.09087511530987,0.0,349.789676621904,1910.1154521099609,223.4580257620257,0.0
84,0.2420092416010748,0.1168166181482236,0.3785482705951948,0.0748491374612828,3.4986800784249805,0.5578997005982624,3.629260518315884,1.010170738308691,0.0,0.0,40.81643395243268,0.0,0.0,0.0,0.0,0.0,347.9378084253154,0.0,0.0,0.0,0.0,0.0,0.0,0.0,0.0,0.0,981.927749286493,544.8428387142363,3899.518863427252,690.1992116079487,0.0,68.8932365568413,190.93839086922875,0.0,5423.788655856984,1433.675459898372,0.0,82.49007257570821,429.9218236732912,0.0,905.171086760882,2314.684815376125,423.7997027827853,0.0
85,0.2427398109706123,0.3923105875116276,0.3846067801594677,0.0808300296731407,3.706497846669292,0.7118005116263734,3.714596362018922,1.2107468867740616,0.0,0.0,0.0,0.0,0.0,0.0,0.0,0.0,240.14324556642512,0.0,0.0,0.0,0.0,0.0,0.0,0.0,0.0,0.0,1474.9336899773675,1268.656041919546,5338.701049409428,1704.086039928522,0.0,207.09973073103723,241.2832721603912,0.0,6835.557928018471,2568.112795370333,0.0,97.00563927732932,386.6564931813401,0.0,979.1543231743404,2252.4137440715917,359.9937981198396,0.0
86,0.2305471070033241,0.730695965023256,0.3846661235934761,0.1172022899882212,3.7467277729208543,0.9338988157366352,3.695259324927822,1.4446764197532225,0.0,0.0,0.0,0.0,0.0,0.0,0.0,0.0,181.3310922409516,0.0,0.0,0.0,0.0,0.0,0.0,0.0,0.0,0.0,1557.311631397638,1231.4352047801074,5001.513132489882,1519.1787276771631,0.0,288.86691799553154,431.55512761150936,0.0,6664.09731880085,2478.72881131823,0.0,186.77752617025283,746.3700248103614,0.0,1450.0176055362729,2719.9820285068536,617.618378820477,0.0
87,0.2117378526613273,1.0668621040265789,0.3765555554879816,0.1759930063654484,3.720382347709968,1.1631616320140703,3.582668888972448,1.6877688663552637,0.0,0.0,0.0,0.0,0.0,0.0,0.0,0.0,69.95467943065877,0.0,0.0,0.0,0.0,0.0,0.0,0.0,0.0,0.0,1329.3265343523046,857.5076212704586,4697.090449404152,1400.828677852366,0.0,191.7872279909176,504.6679073210352,0.0,6535.585845206702,2417.597204316909,0.0,362.5972713751818,962.3912719879436,0.0,1801.4776411901396,3169.721285846467,826.761454354458,0.0
88,0.1846204431755809,1.4348755614617956,0.3471146687908235,0.2434964059136209,3.549985784672207,1.3877367459171308,3.341148789708772,1.8971471766085168,0.0,0.0,0.0,0.0,0.0,0.0,0.0,0.0,0.0,0.0,0.0,0.0,0.0,0.0,0.0,0.0,0.0,0.0,1111.005880738197,499.454338163529,4405.616958855328,1287.4940351075252,0.0,98.8870858896888,574.6453937941737,0.0,6412.5091762763495,2359.0607879101217,0.0,530.9473743285673,1169.232780649961,0.0,2137.9649351160924,3600.320682072165,1026.99144990748,0.0
89,0.1496520846777435,1.7797074732867768,0.2940766369630312,0.3084035208637867,3.174952558281459,1.5631867945252,2.943777480724399,2.0475083129921323,0.0,0.0,0.0,0.0,0.0,0.0,0.0,0.0,0.0,0.0,0.0,0.0,0.0,0.0,0.0,0.0,0.0,0.0,757.0066209654145,584.2431638427531,4113.408701826981,1181.485268386807,0.0,79.36596358120477,619.7468432257443,0.0,6339.467628279753,2429.9428706464955,0.0,788.5820761306459,1439.4062898939076,0.0,2723.789926670728,4301.068337639029,1417.898368390014,0.0
90,0.1126056074950185,2.0252787781493,0.2422868864028755,0.3704104416201768,2.643855350686543,1.6813800319091456,2.4586199725771274,2.158706387071643,0.0,0.0,0.0,0.0,0.0,0.0,0.0,0.0,0.0,0.0,0.0,0.0,0.0,0.0,0.0,0.0,0.0,0.0,298.595805892973,1629.9834350627916,3956.39132621371,1083.8077962503096,0.0,224.0839660687467,610.0937581727321,0.0,6375.849410037479,2685.541859351022,0.0,1121.8597603471424,1696.976694801904,0.0,3486.3261225890733,5208.395335476165,2017.0871697140224,0.0
91,0.0846195905264823,2.1275123251717813,0.2435528693539192,0.4031086349994127,2.0508339072909747,1.772770828720733,1.9442579524150931,2.1999079200421883,0.0,0.0,0.0,0.0,0.0,0.0,0.0,0.0,0.0,0.0,0.0,0.0,0.0,0.0,0.0,0.0,0.0,0.0,1858.544740624989,2638.024643746204,5220.683278007034,1326.4896781137204,0.0,409.8812543806204,638.9337877004547,0.0,6486.201350752239,2020.285765970128,0.0,285.95556824343004,754.7025914992979,0.0,1127.009812819461,2167.424686091742,743.6570548070537,0.0
92,0.1023538160664472,2.130249270385383,0.332860928132891,0.403633295999999,1.42011370787595,1.811795824223698,1.422395158188269,2.149265276496098,0.0,0.0,0.0,0.0,0.0,0.0,0.0,0.0,0.0,0.0,0.0,0.0,0.0,0.0,0.0,0.0,0.0,0.0,2390.838789320386,2693.255050733069,5632.7047085138165,1488.7315907197053,0.0,441.1140429857308,631.442895951416,0.0,6516.2618125624,1804.275253665345,0.0,27.0456419610079,450.5234600133637,0.0,500.5035295149594,1186.2349303565118,293.2483714594561,0.0
93,0.13331031820864,2.130019011205318,0.4376424277156155,0.4036332959999989,0.8697052048026414,1.8068452777833883,1.0142959256425326,2.055594181233198,0.0,0.0,0.0,0.0,0.0,0.0,0.0,0.0,0.0,0.0,0.0,0.0,0.0,0.0,0.0,0.0,0.0,0.0,2600.036139780939,2579.948346311572,5565.385512679028,1402.8274715004625,0.0,514.3087095218134,745.4789101332312,0.0,6408.363799239527,1663.4351445927507,0.0,19.66170571273179,544.9523229860785,0.0,207.647810851223,1187.5787709718193,237.28382669004895,0.0
94,0.1751690633508452,2.0493014582313074,0.5610361269519223,0.4029612235742483,0.4755248417315719,1.8104578996747955,0.7075719583158111,2.0194750505803065,0.0,0.0,0.0,0.0,0.0,0.0,0.0,0.0,0.0,0.0,0.0,0.0,0.0,0.0,0.0,0.0,0.0,0.0,2445.4080943802705,1980.302073737658,5464.329182685468,1525.5641238774508,0.0,427.0701660070511,842.9417691392723,0.0,6652.942217652965,1901.2643885034877,0.0,15.350898252214458,807.8294091103518,0.0,283.21477105933565,1546.0823533649364,397.31090221900615,0.0
95,0.243547804441198,1.8067946150894367,0.7159453454081067,0.368321173171295,0.3723841114588556,1.8989411045788709,0.5296342823186792,2.107198712934994,0.0,0.0,0.0,0.0,0.0,0.0,0.0,0.0,0.0,0.0,0.0,0.0,0.0,0.0,0.0,0.0,0.0,0.0,1964.1313401151408,1263.8381573912332,5781.218166948827,2055.241211480605,0.0,217.51563008227592,787.5292291694424,0.0,7431.676866706408,2720.9332908739707,0.0,11.21365158717706,981.4993336255204,0.0,844.7546716442193,2006.163453548956,632.7033875990168,0.0
96,0.3144683823787395,1.4811292941129568,0.8673761557240569,0.312367138086378,0.4720059515036007,1.9316349495243317,0.4662112940379208,2.20689388180416,0.0,0.0,617.8884937178519,0.0,0.0,0.0,0.0,0.0,847.2614339949718,0.0,0.0,0.0,0.0,0.0,0.0,0.0,0.0,0.0,1463.5344142093836,695.4262825642106,6039.814174817021,2393.327098338689,0.0,15.362155356586808,529.9809566628528,0.0,7921.250965333378,3233.312458234367,0.0,0.1892280941521217,891.8811391280049,0.0,1115.8827591272095,2108.593199674345,640.8164380777639,0.0
97,0.3745079368937601,1.1636091241594662,0.957328736261822,0.2591713094352156,0.6159291938530987,1.9909742614366297,0.3992306146368911,2.3046398923302265,0.0,0.0,2259.3661493756795,0.0,0.0,0.0,0.0,0.0,3020.966609378559,0.0,0.0,0.0,0.0,0.0,0.0,271.15741667336846,0.0,0.0,1396.2001206069906,610.0347866479964,5717.157125331229,2088.143845931863,0.0,0.0,467.0003554138054,0.0,7450.352549801925,2784.007307843506,0.0,0.0,791.6339648241448,0.0,931.3184579636226,1966.8745074426847,563.6780295449063,0.0
98,0.4009842949634567,0.8487818130814235,0.9680586920900144,0.2048898516279076,0.8454985984765094,2.0937880090448195,0.3178265997939011,2.499765306049999,0.0,0.0,2481.901014352926,0.0,0.0,0.0,0.0,0.0,3519.6159526790348,0.0,0.0,0.0,0.0,0.0,0.0,1513.4097015267223,0.0,0.0,1315.4513987631287,464.8324771740701,4837.505604241425,1334.1627786999306,0.0,0.0,404.5935351628032,0.0,6291.849257807407,1744.8293572308348,0.0,0.0,679.3247670108458,0.0,557.5625350809512,1758.9922086212782,465.41257395162,0.0
99,0.4212418220132903,0.5843448526220926,0.9758936773006632,0.150065579242525,1.1983769195581246,2.246405887153655,0.2825328600099733,2.816932855171073,0.0,0.0,2674.833620753828,0.0,0.0,0.0,0.0,0.0,3952.0035545524456,0.0,0.0,0.0,0.0,0.0,0.0,2590.7263435501945,0.0,0.0,188.0577224112961,40.4342594960741,495.4027362480502,11.729670347017242,0.0,0.0,59.61751327911136,0.0,838.6083996272283,15.331921045839511,0.0,0.0,92.26960157138278,0.0,4.892868122223952,215.8094885745641,52.91701854929854,0.0
100,0.4372369586210517,0.4258877648541751,1.0648802428390465,0.0987480190700497,1.659475262259687,2.431414952952287,0.3740295106784541,3.08833303546248,92.51724584925957,132.34418858116004,2869.941663801716,464.0704631369275,0.0,46.0112506095248,0.0,0.0,4389.266249907489,652.3207949318113,0.0,44.77438903399993,0.0,0.0,201.11369218034227,3680.238284270281,0.0,0.0,0.0,0.0,0.9194218421066006,0.0,0.0,0.0,0.0,0.0,4.166493917394472,0.0,0.0,0.0,0.0,0.0,0.0,0.0,0.0,0.0
101,0.4352481616691545,0.4192917567173588,1.132979661139346,0.0756222128665454,2.11501394421963,2.541220770437413,0.5683740469416476,3.233144369947702,910.6117015105524,1033.6704894509526,2915.9874928146214,615.8543624318647,0.0,668.5669399767883,314.8199397905433,0.0,4575.069955047017,1261.5713643429535,0.0,1181.8876510849416,427.240469306684,0.0,1635.416244550839,4170.544305062102,265.1734202734971,0.0,0.0,0.0,0.0,0.0,0.0,0.0,0.0,0.0,0.0,0.0,0.0,0.0,0.0,0.0,0.0,0.0,0.0,0.0
102,0.3999163752358822,0.5254123558144662,1.119785701694353,0.0768589199999999,2.624033878633768,2.6590635085147025,0.8340030295392353,3.368544892852269,686.0578877979054,730.1379583635605,1735.7635558813397,103.0709292269634,0.0,525.1123145009535,259.4183113558042,0.0,2729.2784379845275,457.57100975621927,0.0,911.6664004041556,332.71634697141053,0.0,1112.0938530986514,2408.599238693156,210.1427959491912,0.0,0.0,0.0,0.0,0.0,0.0,0.0,0.0,0.0,0.0,0.0,0.0,0.0,0.0,0.0,0.0,0.0,0.0,0.0
103,0.3576410863056502,0.632859086380528,1.0939579415880418,0.0768589199999999,3.2360358359969155,2.7498256605264557,1.1613380404278124,3.5229347407214227,355.73489560562217,398.3129330238268,835.8913887871156,94.79350650779166,0.0,213.13809972915823,121.32378365242748,0.0,1250.8070861104777,212.90162552848537,0.0,361.59340948282926,141.5006570552219,0.0,414.8732471363743,978.530377256017,59.00164216321695,0.0,0.0,0.0,0.0,0.0,0.0,0.0,0.0,0.0,0.0,0.0,0.0,0.0,0.0,0.0,0.0,0.0,0.0,0.0
104,0.3116574640630548,0.7154606689299514,1.0687250027191664,0.0768589199999999,3.7749768100583694,2.762103156480103,1.5509297318535475,3.559315297082328,1169.8153358410502,1372.6668113924711,2543.9528628605576,443.66223326352616,0.0,512.048045325529,356.80455418431274,0.0,3588.448508678258,622.416319580766,0.0,834.4987082748152,366.2094745884199,0.0,847.9252381761337,2354.922433955357,34.75233524657238,0.0,0.0,0.0,0.0,0.0,0.0,0.0,0.0,0.0,0.0,0.0,0.0,0.0,0.0,0.0,0.0,0.0,0.0,0.0
105,0.2520158765980084,0.7399561218412112,1.0358442962375798,0.0742740158321241,4.106322958316617,2.642822404348772,1.9097070809123449,3.357460162205143,1596.1200064261534,1803.5153628185308,3527.090437826303,588.9554905797905,0.0,764.4366422877598,590.1343287768127,0.0,5062.720974382406,904.2098853080208,0.0,1357.627927569306,643.3534297728206,0.0,1380.6240139444506,3649.969191646423,113.80592069673013,0.0,0.0,0.0,0.0,0.0,0.0,0.0,0.0,0.0,0.0,0.0,0.0,0.0,0.0,0.0,0.0,0.0,0.0,0.0
106,0.1882278454669072,0.7433802085951979,0.915468016675956,0.0627811598272426,4.277882659353933,2.4568327640194267,2.153988023692574,3.07799215918296,1027.805603223149,986.2400367469796,2428.94480580488,325.7180139620499,0.0,671.8644177362091,635.569294330384,0.0,3719.761833696003,724.0004956213314,0.0,1443.4766526002263,773.8763272621586,0.0,1486.5344279322103,3502.098055872573,250.89330002052307,0.0,0.0,0.0,0.0,0.0,0.0,0.0,0.0,0.0,0.0,0.0,0.0,0.0,0.0,0.0,0.0,0.0,0.0,0.0
107,0.1322864871594,0.7420497679734247,0.822944106807948,0.0501415699933555,4.357551394916784,2.2482381050571902,2.2955260998826703,2.8099726970435936,659.3657511971057,481.3668240704963,1871.4244381422736,300.1894487012448,0.0,469.1144319245795,480.65498705254566,0.0,2905.2461356387757,711.7083326824021,0.0,1089.8318552162498,625.8925479319657,0.0,1345.3399750528467,2871.951371971912,275.7559841749092,0.0,0.0,0.0,0.0,0.0,0.0,0.0,0.0,0.0,0.0,0.0,0.0,0.0,0.0,0.0,0.0,0.0,0.0,0.0
108,0.1088347347508325,0.7273105973867512,0.8101414790994749,0.0376296527840532,4.326724013525093,2.0249274762986165,2.38002060948369,2.4946564297463167,732.2131725755917,197.88407186226397,2774.641827041866,536.267491126751,0.0,605.7148890583779,695.8268373466688,0.0,4380.524350149375,1340.3057087350571,0.0,1574.6489962976834,982.850624546476,0.0,2365.232524938945,4579.97916089602,561.5437921609374,0.0,0.0,0.0,0.0,0.0,0.0,0.0,0.0,0.0,0.0,0.0,0.0,0.0,0.0,0.0,0.0,0.0,0.0,0.0
109,0.096673141085614,0.6699499004957837,0.7961234330401237,0.0244793724518272,4.105497545132871,1.7552727057040682,2.4372705142042017,2.05421216854483,575.4237423660917,0.0,3459.3642985171205,786.2880665751499,0.0,683.6350833949103,750.485385426388,0.0,5531.799530393707,2046.6717135524864,0.0,2036.6964748673183,1181.2268629514715,0.0,3413.3581062486214,6124.776077014036,818.8698615472836,0.0,0.0,0.0,0.0,0.0,0.0,0.0,0.0,0.0,0.0,0.0,0.0,0.0,0.0,0.0,0.0,0.0,0.0,0.0
110,0.1089523938362342,0.658431466761776,0.6882840397357819,0.0113290921196013,3.78705016586592,1.4483868460324465,2.4318319209849624,1.6535437845917278,418.0346893206303,0.0,3518.635479273022,876.5910316086866,0.0,659.9181011869463,651.2231269875264,0.0,5623.252408383536,2247.0414704378454,0.0,2049.747218178637,1095.0560977033651,0.0,3522.9278595306514,6176.429030446424,805.2303779347073,0.0,0.0,0.0,0.0,0.0,0.0,0.0,0.0,0.0,0.0,0.0,0.0,0.0,0.0,0.0,0.0,0.0,0.0,0.0
111,0.1347390984318956,0.6486258786392045,0.5648879210179387,0.001416809198671,3.551428231659784,1.3220674715907033,2.411347112975424,1.4084890620199084,344.88897394837267,0.0,3546.65346222808,919.2356674384056,0.0,648.6268797166001,604.4029764029375,0.0,5665.761080888144,2340.1258663729704,0.0,2053.7867696083945,1053.8197019245326,0.0,3570.155700557902,6194.959470958405,797.4105511937879,0.0,0.0,0.0,0.0,0.0,0.0,0.0,0.0,0.0,0.0,0.0,0.0,0.0,0.0,0.0,0.0,0.0,0.0,0.0
112,0.1596009026672648,0.6298141576452867,0.4493053895566069,1.7763568394002547e-18,3.379038537134918,1.2639762334492748,2.394903668478666,1.1970850130477642,109.062383762837,0.0,3638.618400750289,1061.6968909026216,0.0,613.8360276909807,449.7560225953917,0.0,5809.891085107475,2648.8265242160487,0.0,2055.435505794294,910.0225100801084,0.0,3689.619134282353,6190.092487029003,756.2831400017972,0.0,0.0,0.0,0.0,0.0,0.0,0.0,0.0,0.0,0.0,0.0,0.0,0.0,0.0,0.0,0.0,0.0,0.0,0.0
113,0.1823329817940216,0.5958334093437572,0.3431567845174916,1.7763568394002547e-18,3.3342648959577725,1.2015174763502103,2.412294617740868,1.00330302141174,125.40768245152124,0.0,3594.2714886252625,1011.6552072111472,0.0,592.5723813118909,367.526929858411,0.0,5743.70771364292,2508.5596999497743,0.0,1806.956475936864,717.7431862791339,0.0,3104.3989356127117,5266.685620417269,528.4316811527553,0.0,0.0,0.0,306.9459475371767,0.0,0.0,0.0,0.0,0.0,797.7863852777949,0.0,0.0,0.0,0.0,0.0,0.0,205.92046363009763,0.0,0.0
114,0.207890457096738,0.5617926574555407,0.271848240079734,1.7763568394002547e-18,3.393944862700008,1.1162463597420442,2.419319180081301,0.8693493882235451,76.02124652966641,0.0,3191.7697048587197,556.2623428451801,0.0,457.14325827986414,117.29404685478043,0.0,4983.694701848534,1475.734466380412,0.0,1141.5671501705044,272.7827256592702,0.0,1809.0839242128025,3635.877524974809,189.97861747984288,0.0,13.088261207516046,13.088261207516046,2485.0348318318315,68.33606324226716,0.0,0.0,0.0,0.0,3813.668528763301,100.15365097925324,0.0,0.0,0.0,0.0,25.656950609062648,919.9638670204891,0.0,0.0
115,0.2338298269286793,0.5692454226484767,0.2439663147788227,1.7763568394002547e-18,3.5971697483228837,1.0793814169596436,2.428253894435295,0.8254699392507013,139.14766187827738,0.0,2302.166559008019,0.0,0.0,326.6737842738292,0.0,0.0,3499.4648478542204,99.94509407562288,0.0,231.57089721672625,0.0,0.0,260.9886984918152,1812.685787580676,0.0,0.0,324.6890053894941,324.6890053894941,5286.809583288262,1695.2645545398875,0.0,0.0,0.0,0.0,6979.409220864213,2484.587597932859,0.0,0.0,0.0,0.0,647.0282707146405,1636.8639925527737,0.0,0.0
116,0.2405165128685535,0.5559509177669409,0.3073204404977122,1.7763568394002547e-18,3.9085429667407863,1.2931055012882895,2.4593404387112203,0.8151900188014559,261.5049822856862,11.621195640062195,1770.2171660487618,0.0,0.0,202.48103497741573,0.0,0.0,2636.248385518384,0.0,0.0,0.0,0.0,0.0,0.0,1123.4899230159083,0.0,0.0,427.5870628794728,427.5870628794728,5137.797141347079,2232.646400003062,0.0,0.0,0.0,0.0,6628.388292422269,3272.1737359797808,0.0,0.0,0.0,0.0,1060.9742906943093,1547.177015504353,0.0,0.0
117,0.2443711693156166,0.5843034537737988,0.3963156490946121,0.0020088830865231,4.23599559354989,1.5726576196137554,2.500641167148061,0.8336826489377198,327.3481226671575,114.78353255340149,1104.827964569013,0.0,0.0,74.62251248631627,0.0,0.0,1741.0735824807682,0.0,0.0,0.0,0.0,0.0,0.0,414.05234460046586,0.0,0.0,269.1472678991103,269.2478606593687,3234.4592095475605,1405.4623190405434,0.0,14.948360623138784,6.324964573227692,0.0,4172.985697240988,2059.9268883188506,0.0,0.0,0.0,0.0,1098.5512361926144,974.1895016638068,0.0,0.0
118,0.2491205909501679,0.6461782122589965,0.4734977540696966,0.0122713984584717,4.502992123151462,1.8197776623346336,2.537317879097197,0.9144855363638694,0.0,0.0,0.0,0.0,0.0,0.0,0.0,0.0,915.5934887338587,0.0,0.0,0.0,0.0,0.0,0.0,0.0,0.0,0.0,203.0614691551339,228.41456903821677,2516.1864852263457,1066.7682292904465,0.0,133.85935953156695,32.2799206692993,0.0,3274.763049177735,1593.9793976597464,0.0,0.0,0.0,0.0,1137.2457035649936,801.8984600854784,0.0,0.0
119,0.2498575021086959,0.7175763167960909,0.5401819265923655,0.024256151282392,4.620691479667003,2.1498784084392955,2.5096586367482,1.1027426030002905,0.0,0.0,0.0,0.0,0.0,0.0,0.0,0.0,346.48602992595454,0.0,0.0,0.0,0.0,0.0,0.0,0.0,0.0,0.0,284.15130014364195,369.4321046638127,3672.3193573641583,1506.0923000476157,0.0,180.75901981074216,0.0,0.0,4833.637834042677,2310.2582507770603,0.0,0.0,0.0,0.0,1172.471177335555,1254.4591422656397,0.0,0.0
120,0.2271521295993764,0.7382863084784076,0.5796312768333018,0.0367202942192691,4.610695160967738,2.564236459661528,2.380738176471373,1.353478440900503,0.0,0.0,0.0,0.0,0.0,0.0,0.0,0.0,253.21657850158425,0.0,0.0,0.0,0.0,0.0,0.0,0.0,0.0,0.0,395.5372244685736,562.9692162298888,5258.67178286426,2108.996922435084,0.0,245.0837771582218,0.0,0.0,6972.748564290628,3293.0899442580194,0.0,0.0,84.57810757820927,0.0,1220.924373900467,1875.473416410156,49.92016123977013,0.0
121,0.1914072106245867,0.7556871843135726,0.5781491015865068,0.049064589627907,4.452705655412967,2.9276184865722032,2.146627047433942,1.6678031451428317,0.0,0.0,0.0,0.0,0.0,0.0,0.0,0.0,189.53600704591568,0.0,0.0,0.0,0.0,0.0,0.0,0.0,0.0,0.0,1655.725716325638,2481.5872753634694,6990.205266160071,2582.9169313147727,0.0,318.6922794346925,0.0,0.0,8026.179163963283,3008.245945897564,0.0,0.0,33.82366490563532,0.0,201.40920407780035,609.0979717958132,22.377595280441454,0.0
122,0.1566077102956124,0.7683754776037357,0.5655503823609248,0.0609294949235882,4.163912787529497,3.106722099501531,1.859559681037116,1.9868748397983775,0.0,0.0,0.0,0.0,0.0,0.0,0.0,0.0,134.6803870252443,0.0,0.0,0.0,0.0,0.0,0.0,0.0,0.0,0.0,2416.005396111338,3222.1366203864936,7259.102555388498,2577.058480015712,0.0,646.6752668972723,0.0,0.0,7430.262720840408,2419.544458587565,0.0,0.0,0.0,0.0,0.0,4.896415263053259,0.0,0.0
123,0.1266874861395367,0.7431001327151199,0.5411653703770772,0.0707822693596346,3.654491664986697,3.1700071740647977,1.514498199097182,2.239807460461769,0.0,0.0,0.0,0.0,0.0,0.0,0.0,0.0,99.84575706203964,0.0,0.0,0.0,0.0,0.0,0.0,0.0,0.0,0.0,1410.420361403904,1832.5740367160988,4099.026538481353,1451.816043081329,0.0,397.2404606703601,0.0,0.0,4143.101791753532,1340.8174229539288,0.0,0.0,0.0,0.0,0.0,0.0,0.0,0.0
124,0.0935964684372624,0.6915947822790722,0.4856736970028119,0.0721482120000001,3.0249552718612187,3.225704443661394,1.119064937455669,2.446435048448225,0.0,0.0,0.0,0.0,0.0,0.0,0.0,0.0,69.63207144988597,0.0,0.0,0.0,0.0,0.0,0.0,0.0,0.0,0.0,691.9381227441892,899.0168498021446,2010.9142778659152,712.2478231035735,0.0,194.88024105438856,0.0,0.0,2032.492017004157,657.7634489604472,0.0,0.0,0.0,0.0,0.0,0.0,0.0,0.0
125,0.0589743534169455,0.6434179292392046,0.3961755673355482,0.0721482120000001,2.328086816852978,3.21657804620183,0.7387870116827336,2.5609264883222367,0.0,0.0,0.0,0.0,0.0,0.0,0.0,0.0,45.09321288791424,0.0,0.0,0.0,0.0,0.0,0.0,0.0,0.0,0.0,438.8395350890658,569.4796884952734,1315.3663250527657,466.2727576719021,0.0,121.07418941174996,0.0,0.0,1334.347545666048,435.8715625551844,0.0,0.0,0.0,0.0,0.0,0.0,0.0,0.0
126,0.0447629488355502,0.6380307794127924,0.3089562197740861,0.0721482120000001,1.7001038729949995,3.0276470838837213,0.469968525353828,2.627591813187687,0.0,0.0,0.0,0.0,0.0,0.0,0.0,0.0,22.99714521471505,0.0,0.0,0.0,0.0,0.0,0.0,0.0,0.0,0.0,416.4315654521445,538.4472667712117,1360.594607714699,483.3697732987632,0.0,107.76298425436006,0.0,0.0,1393.5250111779835,466.1785567822008,0.0,0.0,0.0,0.0,0.0,0.0,0.0,0.0
127,0.0354221519202679,0.5905281912928345,0.2198884873775507,0.0704561378770765,1.0907382527448817,2.6977988668732817,0.2786378398569124,2.6832891084304475,0.0,0.0,0.0,0.0,0.0,0.0,0.0,0.0,19.91242935473061,0.0,0.0,0.0,0.0,0.0,0.0,0.0,0.0,0.0,743.6874939145366,945.679071762176,3347.5108343149905,1197.0522579514516,0.0,134.0671186518725,0.0,0.0,3527.774755332647,1261.4891388089857,0.0,0.0,0.0,0.0,0.0,0.0,0.0,0.0
128,0.0271374341262479,0.4972626330099679,0.1408918529794806,0.0755265701590777,0.5729082835309601,2.3211599925096773,0.1489605367410658,2.667492425621241,0.0,0.0,15.509001661625382,0.0,0.0,0.0,0.0,0.0,105.04595215381455,0.0,0.0,0.0,0.0,0.0,0.0,1.004592951555006,0.0,0.0,1448.6459082757758,1830.025792910188,7350.122807351599,2633.0837662364147,0.0,207.7104506494985,0.0,0.0,7810.9199723738975,2844.5197950372176,0.0,0.0,0.0,0.0,0.0,13.449122309846496,0.0,0.0
129,0.0193947072159489,0.406244407096347,0.0800638979141644,0.0936021550963456,0.331243674314445,1.938860498560446,0.1021647268484711,2.5799956723707145,0.0,1.0960452449636413,849.4008518278724,0.0,0.0,0.0,0.0,0.0,1196.8184121206891,0.0,0.0,0.0,0.0,0.0,0.0,59.092723011099885,0.0,0.0,1515.1104052291778,2015.2166547363372,8567.14363143068,3052.9984593852946,0.0,123.91920458035192,0.0,0.0,9160.391392404414,3361.317357348231,0.0,0.0,0.0,0.0,0.0,125.78167144350898,0.0,0.0
130,0.0227104545099688,0.3189264564568123,0.0496963803563129,0.1112197417475083,0.1865531454866958,1.5557051907732566,0.0861219807608043,2.486913397988349,54.67513681781396,135.77799560550338,2089.59712491642,75.49631986344482,0.0,0.3083789392713199,0.0,0.0,2821.3333928852444,94.69678594989892,0.0,0.0,0.0,0.0,0.0,374.62537899767887,0.0,0.0,1025.5424881619872,1463.7451513965846,6787.643843296223,2319.2348454544435,0.0,0.0,0.0,0.0,7307.583651888405,2601.779452514298,0.0,0.0,0.0,0.0,0.0,149.80827221128982,0.0,0.0
131,0.071138527463125,0.2285422184762808,0.055868024920665,0.1290189530033223,0.2842023264685558,1.159086531475616,0.0877089679582795,2.4134994409610395,819.0823928531166,1168.8293082128546,3510.544269908983,901.4635806760376,0.0,131.4747667362618,0.0,0.0,4465.836726160391,981.1640601860372,0.0,0.0,0.0,0.0,0.0,835.7930529000062,0.0,0.0,667.6506667158203,952.976804882826,4955.3782747876285,1509.9166539588844,0.0,0.0,0.0,0.0,5347.987994603052,1693.864815297873,0.0,0.0,0.0,0.0,0.0,97.52994760757898,0.0,0.0
132,0.1437958600969339,0.1391409695024446,0.1039191529693185,0.1473630380730896,0.6069052988641628,0.9121432654274004,0.0956575470697745,2.3480557934750594,2421.2623370564493,2803.3293660004674,4287.930211572863,1614.522841083084,0.0,746.4678487861349,0.0,0.0,4955.683353946164,1356.9809237948675,0.0,0.0,0.0,0.0,0.0,531.1182925114348,0.0,0.0,296.01942104580394,422.5042016461575,3052.6513412228205,669.4438182793928,0.0,0.0,0.0,0.0,3313.007637116174,751.050077260597,0.0,0.0,0.0,0.0,0.0,43.23086619970864,0.0,0.0
133,0.2470917441337407,0.1040186639754026,0.1805233778785613,0.1666777242589945,1.093135009591276,1.013203534403622,0.1707546257431328,2.291353947785654,3107.2728363651927,3031.115485160233,3931.5442863421968,1059.9409979142788,0.0,1044.7070308727775,0.0,0.0,4731.113618867255,937.3082388752392,0.0,0.0,0.0,0.0,0.0,1132.1771008576493,0.0,0.0,2.636113437184548,3.762473769132239,489.90690557694177,5.961411879660408,0.0,0.0,0.0,0.0,1318.79169164963,6.688244672308792,0.0,0.0,0.0,0.0,0.0,0.3849294176710748,0.0,0.0
134,0.3750013850322848,0.1119405287005593,0.2715250773289041,0.1811975579830748,1.753506879554927,1.2074262601271262,0.3073953189767515,2.2752227754598886,2653.9716360771,2416.5042816113896,3392.7407702465584,361.4148339942843,0.0,1031.6665529288823,360.6531511339694,0.0,4451.3672299826985,519.918703928965,0.0,760.6232086824971,310.6882270086589,0.0,886.004528853197,2826.6902480079752,246.47680648657476,0.0,0.0,0.0,25.37305996067457,0.0,0.0,0.0,0.0,0.0,680.9215959894777,0.0,0.0,0.0,0.0,0.0,0.0,0.0,0.0,0.0
135,0.5043459925913645,0.1235187339667788,0.3638694511495015,0.1814862239999995,2.509570535449318,1.4338651630564794,0.4559472912059879,2.3703039838504734,1713.4196127883283,1639.4211276457406,3093.5850430906344,54.60622869731765,0.0,806.7856490335997,609.5491100212704,0.0,4322.986254976565,392.9369555981176,0.0,1453.10314332913,624.3767515538826,0.0,1757.5303304045185,4133.7584263943545,511.2036356577889,0.0,0.0,0.0,0.0,0.0,0.0,0.0,0.0,0.0,570.6817794959434,0.0,0.0,0.0,0.0,0.0,0.0,0.0,0.0,0.0
136,0.6254214431860491,0.1352791845224268,0.4516423213156139,0.1814862239999995,3.247693477881207,1.657487128435216,0.5970593300008392,2.4909420699044627,1393.6196778969013,1619.0947621354503,2808.2246123299806,51.28227957558345,0.0,788.9798738842079,654.0732482836949,0.0,4199.455544095911,267.27553958806345,0.0,1751.2111413297032,1072.6241647619502,0.0,1884.4319735696731,4641.513117791666,941.1611401479656,0.0,0.0,0.0,0.0,0.0,0.0,0.0,0.0,0.0,458.5994999570191,0.0,0.0,0.0,0.0,0.0,0.0,0.0,0.0,0.0
137,0.7344062487117318,0.1562356201901371,0.5378309104370038,0.1813894715941728,3.881943333894684,1.9070734446202413,0.7388591879003419,2.555255511110376,1950.285141977839,2172.407984593875,2901.474379548992,48.24055220371645,0.0,1021.7653334309496,870.6777239880739,0.0,4289.581466471271,217.5537353352544,0.0,1623.400525163939,1365.4059310306704,0.0,1365.6507757364136,4165.802412381696,939.4364536417409,0.0,0.0,0.0,0.0,0.0,0.0,0.0,0.0,0.0,291.2837387016026,0.0,0.0,0.0,0.0,0.0,0.0,0.0,0.0,0.0
138,0.8278435065348844,0.185134714771788,0.5834248322315354,0.1662780383705594,4.3443706813700205,2.1774100418809117,0.8825145400902226,2.5810439239710963,2327.2720517213825,2316.758216739926,2991.3989932259688,44.92887902957181,0.0,1065.6332055104392,951.2194060570268,0.0,4278.883588008261,241.21960844436472,0.0,1440.5953611967234,1357.910215327895,0.0,1216.1686837680925,3923.7623655100106,839.7441160051329,0.0,0.0,0.0,0.0,0.0,0.0,0.0,0.0,0.0,33.664942913453075,0.0,0.0,0.0,0.0,0.0,0.0,0.0,0.0,0.0
139,0.885082106267826,0.2019858221477145,0.5938455954042937,0.1351188215282392,4.626996544920498,2.20790616892947,0.9709198649563088,2.5520605749613856,1953.948805489405,1752.269915584889,2901.952413220188,54.57332210190937,0.0,931.0479601551476,976.8168506961092,0.0,4252.581754421489,441.5074504385606,0.0,1595.8660297142028,1511.34576864319,0.0,1710.6346095275806,4556.293831581867,1052.9832505922163,0.0,0.0,0.0,0.0,0.0,0.0,0.0,0.0,0.0,0.0,0.0,0.0,0.0,0.0,0.0,0.0,0.0,0.0,0.0
140,0.908449013439741,0.206575673560191,0.5899334526751973,0.1052730803720931,4.7688759807436,2.163724190358101,1.0025534468367927,2.4746187031460845,1136.9794986578852,777.1893947605093,2848.144221159744,76.8633685743981,0.0,721.1078236878935,1014.8333099849868,0.0,4463.374084414232,791.2737970414546,0.0,2095.9512028963018,1867.3248065393077,0.0,2771.4940294626253,6090.442143046245,1556.0817625345903,0.0,0.0,0.0,0.0,0.0,0.0,0.0,0.0,0.0,0.0,0.0,0.0,0.0,0.0,0.0,0.0,0.0,0.0,0.0
141,0.8974161595403564,0.2073370475481744,0.596425322565567,0.0757288113488372,4.691056671616165,2.1149028728606627,1.0769318159343428,2.313714942277871,576.0817311778166,93.08425581766,2794.719881672148,81.36193534897545,0.0,607.3774563405549,1072.5757297085968,0.0,4596.657561205875,1063.2935687548857,0.0,2469.0984820826475,2087.975813422432,0.0,3670.889026056208,7304.227561667836,1892.489576420592,0.0,0.0,0.0,0.0,0.0,0.0,0.0,0.0,0.0,0.0,0.0,0.0,0.0,0.0,0.0,0.0,0.0,0.0,0.0
142,0.8943896826394693,0.2060094993607992,0.5768638456688382,0.0452801259269102,4.464219046609422,2.0442758612053167,1.3002263775053888,2.071404053480908,436.72908456249513,0.0,2792.843375652411,106.17285192205294,0.0,621.477543781397,1067.2593838024718,0.0,4657.247863665576,1255.236753749577,0.0,2514.21975989059,2020.507990484972,0.0,4160.98451375525,7840.919172529343,1924.9880463746076,0.0,0.0,0.0,0.0,0.0,0.0,0.0,0.0,0.0,0.0,0.0,0.0,0.0,0.0,0.0,0.0,0.0,0.0,0.0
143,0.8608723049811283,0.1884505772729218,0.5429007680480684,0.0160872063583798,4.262867851813938,1.8404081389091689,1.635456930814738,1.8189302035241184,78.73589949386292,0.0,2947.867546590317,347.45100371606173,0.0,540.4384840569984,704.3926494672075,0.0,5054.827568673444,2018.007808897224,0.0,2388.416542874256,1487.5051139184534,0.0,4773.480414198177,8181.701438652057,1763.954165410209,0.0,0.0,0.0,0.0,0.0,0.0,0.0,0.0,0.0,0.0,0.0,0.0,0.0,0.0,0.0,0.0,0.0,0.0,0.0
144,0.8350748686480384,0.1614351292906013,0.5115611432691038,0.0002999862528825,4.127538697510245,1.6036226739691222,2.0506460080734867,1.557426179999977,0.0,0.0,3029.774139669735,466.90456317556834,0.0,422.1515617622349,311.0715617106316,0.0,5243.685910448921,2375.9179919669627,0.0,2099.762430040392,1029.9224384199642,0.0,4224.844229655868,7089.68169541662,1349.458105767992,0.0,0.0,0.0,0.0,0.0,0.0,0.0,0.0,0.0,0.0,0.0,0.0,0.0,0.0,0.0,0.0,0.0,0.0,0.0
145,0.8274166269368792,0.1352069568239212,0.4793483221244902,-3.375077994860477e-17,4.008286835589276,1.36303870592691,2.482473956757233,1.2893854489314625,0.0,0.0,2487.507600538316,1.893907577670024,0.0,381.20170025057513,274.09714618485367,0.0,4467.163942195238,1557.0629993763582,0.0,1831.2076607308795,946.7496454122748,0.0,3218.065348609821,6376.32667652978,1268.550063212503,0.0,0.0,0.0,0.0,0.0,0.0,0.0,0.0,0.0,0.0,0.0,0.0,0.0,0.0,0.0,0.0,0.0,0.0,0.0
146,0.8227425491092454,0.1079264905960533,0.4507681554957978,-3.375077994860477e-17,3.8744332509438943,1.1292586147422354,2.905880569878456,1.142890546309144,0.0,0.0,2085.883197096617,0.0,0.0,352.6382625958898,252.22054990558013,0.0,3892.0321191549015,949.541118284486,0.0,1637.9981908326242,891.0450262215213,0.0,2484.958312917424,5869.015210090824,1216.442246120023,0.0,0.0,0.0,0.0,0.0,0.0,0.0,0.0,0.0,115.19662625403237,0.0,0.0,0.0,0.0,0.0,0.0,36.36944945711453,0.0,0.0
147,0.8288419146960821,0.0779655533621276,0.4125681886939541,-3.375077994860477e-17,3.911513991550545,0.931847232725585,3.261907308928917,1.141475040162637,0.0,0.0,1105.2501298475684,0.0,0.0,158.50178950501618,112.38476831937692,0.0,2382.52023985868,65.58621169965943,0.0,911.7945742096248,564.3767679462628,0.0,754.8691330195152,3938.809291773543,847.207343532237,0.0,0.0,0.0,0.0,0.0,0.0,0.0,0.0,0.0,1506.459330979744,0.0,0.0,0.0,0.0,0.0,0.0,473.1956727084896,0.0,0.0
148,0.8192245659947722,0.0497859618635766,0.4014892897029768,-3.375077994860477e-17,4.089006478804814,0.8798594762722868,3.4639060967806743,1.2556956816478189,0.0,0.0,202.02090239532296,0.0,0.0,0.0,0.0,0.0,642.1511430819853,0.0,0.0,134.26696338558932,94.55769510149638,0.0,0.0,819.2518412861929,166.53074386641484,0.0,0.0,0.0,0.0,0.0,0.0,0.0,0.0,0.0,3970.215475466361,0.0,0.0,0.0,0.0,0.0,0.0,1243.5790030101723,0.0,0.0
149,0.8171967442431151,0.0612936324307224,0.4135138650732863,-3.375077994860477e-17,4.2632585251999,1.1440240143412188,3.530277615892919,1.6271135808965975,0.0,0.0,0.0,0.0,0.0,0.0,0.0,0.0,98.4367989248758,0.0,0.0,0.0,0.0,0.0,0.0,0.0,0.0,0.0,616.6315412677488,444.95767232788495,2541.5123878509826,846.0712837121494,0.0,101.27605101680204,186.1043171320344,0.0,6976.810210744133,1323.3954868424466,0.0,47.1506382961086,270.99434360180106,0.0,548.4859045341537,2213.2003121177518,256.5182113426436,0.0
150,0.8030475636326956,0.1139115748903667,0.4318777753355498,-3.375077994860477e-17,4.361083584872271,1.5224998865884418,3.5065890604369496,2.188555432418849,0.0,0.0,0.0,0.0,0.0,0.0,0.0,0.0,0.0,0.0,0.0,0.0,0.0,0.0,0.0,0.0,0.0,0.0,1201.8659846263656,474.8084485113766,5418.897793855485,1759.689870432768,0.0,142.36953147067973,545.4560829433648,0.0,7723.602757159848,3129.857308074452,0.0,353.0388085562855,997.9900447828476,0.0,1894.2251108250723,3170.553148063343,954.53335603736,0.0
151,0.766102168818836,0.1661251480265792,0.4335677683158285,-3.375077994860477e-17,4.43276159428117,1.9042323060911872,3.421636065473953,2.8157093075965,0.0,0.0,0.0,0.0,0.0,0.0,0.0,0.0,0.0,0.0,0.0,0.0,0.0,0.0,0.0,0.0,0.0,0.0,905.2152722277916,59.02415897842513,4577.002848555153,1466.9208421306246,0.0,50.09348700456729,548.2885812885459,0.0,6794.373030899068,2881.9613863502063,0.0,482.9921404028458,1134.1680470741098,0.0,2125.240609869271,3309.5432596153187,1099.317783978416,0.0
152,0.6969963911144028,0.2216281290167377,0.4163616117028786,-3.375077994860477e-17,4.473307134330572,2.304680385620763,3.190387157655865,3.4171711781578136,0.0,0.0,0.0,0.0,0.0,0.0,0.0,0.0,0.0,0.0,0.0,0.0,0.0,0.0,0.0,0.0,0.0,0.0,642.6659433364144,41.89823142382734,3249.502956117552,1041.463131307181,0.0,35.563220247088985,389.2541051679227,0.0,4823.763185506694,2046.0729304415893,0.0,342.88657730522647,805.2139697806682,0.0,1508.835423033678,2349.664858023988,780.4784149988204,0.0
153,0.622477111384799,0.2868845059136222,0.3792191892124298,-3.375077994860477e-17,4.324839998429527,2.6459358114465523,2.753398868988865,3.983325854260675,0.0,0.0,0.0,0.0,0.0,0.0,0.0,0.0,0.0,0.0,0.0,0.0,0.0,0.0,0.0,0.0,0.0,0.0,412.38586387412505,26.90275075054398,2085.08063879726,668.232865988366,0.0,22.814425136369703,249.7645136929796,0.0,3095.161930443555,1312.8988840014215,0.0,220.05207158667253,516.6609641010675,0.0,968.1776612779946,1507.6530505154317,500.8076616443704,0.0
154,0.5232807397289057,0.3474354492172766,0.330811302019934,-3.375077994860477e-17,3.997648209663769,2.860811989118937,2.217763711024592,4.478792645156121,0.0,0.0,0.0,0.0,0.0,0.0,0.0,0.0,0.0,0.0,0.0,0.0,0.0,0.0,0.0,0.0,0.0,0.0,172.47845187784804,11.265430054599353,872.1652850882824,279.5338139435137,0.0,9.56692952517047,104.50909643447967,0.0,1294.6261824285032,549.1623108039706,0.0,92.057358198195,216.14776774068835,0.0,404.9518895514932,630.6018485272812,209.43335554261773,0.0
155,0.4394377570337652,0.3808430907962613,0.2809602662646993,-3.375077994860477e-17,3.596956980042631,2.908562432300704,1.729289055179174,4.806843474965594,0.0,0.0,0.0,0.0,0.0,0.0,0.0,0.0,0.0,0.0,0.0,0.0,0.0,0.0,0.0,0.0,0.0,0.0,988.6451637681378,365.0900359763705,4941.70418240375,1722.7292080055906,0.0,108.04844028999706,416.6111910863474,0.0,6938.312722956805,2979.9703808842664,0.0,195.8653316805157,791.8155227986146,0.0,1428.0208995669748,2539.0573284395277,796.7886228029893,0.0
156,0.3634114770897038,0.3835715610976751,0.2105161370850495,-3.375077994860477e-17,3.1844988063288824,2.895023809134221,1.1745203149495071,5.08924143459267,0.0,0.0,0.0,0.0,0.0,0.0,0.0,0.0,0.0,0.0,0.0,0.0,0.0,0.0,0.0,0.0,0.0,0.0,1180.7100086590942,260.0601446332242,6112.57238503076,2231.7267186212325,0.0,102.71626483199267,517.4984359567754,0.0,8593.691641975072,3777.055539094493,0.0,185.97332467423905,942.3213587963404,0.0,1754.3735472393118,3053.2339144376087,928.1090257201448,0.0
157,0.28646787198546,0.3850631068305659,0.1485796190898259,-3.375077994860477e-17,2.731811412443029,2.9030481123324785,0.6232723896531125,5.362327613203011,0.0,0.0,0.0,0.0,0.0,0.0,0.0,0.0,0.0,0.0,0.0,0.0,0.0,0.0,0.0,0.0,0.0,0.0,1127.4114987062192,198.13035440701063,6223.61558364536,2322.2847415172714,0.0,55.76731882696759,520.3211077702022,0.0,8700.67766497394,3911.946738539915,0.0,174.9907917318433,967.5737576087256,0.0,1809.8059411620436,3115.5452346780257,943.5207281650688,0.0
158,0.2559965460462309,0.3877523286870731,0.1102877491134519,-3.375077994860477e-17,2.3416564010588594,2.81854779338489,0.2826735525550329,5.663121471655879,0.0,0.0,0.0,0.0,0.0,0.0,0.0,0.0,0.0,0.0,0.0,0.0,0.0,0.0,0.0,0.0,0.0,0.0,1108.290939177827,158.86518264017445,6448.504613225299,2500.086896601182,0.0,36.17311137826169,580.0754013896391,0.0,8919.639345052476,4154.510814785452,0.0,244.17232365347496,1069.7299258615874,0.0,1989.145542064632,3276.551578902466,1002.4105021312192,0.0
159,0.3097102069728374,0.4032321568504997,0.0836490040148525,-3.375077994860477e-17,2.116481458860249,2.642266059297247,0.1346669847989101,5.779648236424447,0.0,0.0,0.0,0.0,0.0,0.0,0.0,0.0,0.0,0.0,0.0,0.0,0.0,0.0,0.0,0.0,0.0,0.0,1101.0790644966942,105.90911791856398,6430.948674925595,2520.9604925103367,0.0,30.628461238115182,604.3636273604786,0.0,8905.675929646552,4184.581042347046,0.0,292.34384885696335,1115.6047270338968,0.0,2097.5691257275694,3385.193631264981,1038.4189576529543,0.0
160,0.433536082027752,0.4168297032159479,0.0644969151627906,-3.375077994860477e-17,2.033451695338657,2.4173496622818083,0.1210743482978353,5.7309630064983175,0.0,0.0,419.3215667011002,0.0,0.0,18.579011690639664,0.0,0.0,895.7287727425197,0.0,0.0,0.0,0.0,0.0,0.0,223.9752233962719,0.0,0.0,1124.3816865172023,48.67090683287121,5706.174216654764,2038.105574890912,0.0,29.194560363939573,698.7442303841307,0.0,7962.139388468879,3428.342930161744,0.0,366.40029410824457,1219.9100912769754,0.0,1868.8668421339949,3400.4796541677647,1097.1557997623622,0.0
161,0.5419859415548186,0.4301327788504999,0.0473675822920699,-3.375077994860477e-17,2.051642457042884,2.209971660341473,0.1237180680000046,5.553491021110768,0.0,0.0,1727.5429302039445,0.0,0.0,202.77295798530503,0.0,0.0,2708.8731192145337,0.0,0.0,0.0,0.0,0.0,0.0,900.073275691973,0.0,0.0,1267.3457586026927,126.2977261153715,4635.022679701579,1174.9099629830637,0.0,46.05261309659049,828.041605602457,0.0,6309.938861443929,1976.3412819322475,0.0,340.4080647380566,1318.6467508719732,0.0,1077.3883988913665,3108.8910949906904,1111.8901931975497,0.0
162,0.6548535969099096,0.4451673569185089,0.0340639768387727,-3.375077994860477e-17,2.098297000910672,2.0497603751362163,0.1179087939972685,5.356025768149289,238.9755701023944,519.6643760416663,2752.877646226295,97.016439520345,0.0,445.0584366405029,0.0,0.0,3851.760468365245,120.28157877679858,0.0,6.048875653239049,4.536764871070143,0.0,57.34905053204627,1466.1476465760943,0.0,0.0,948.588498559689,128.2603206661357,2673.358178951894,329.67885396035734,0.0,40.53108585144568,634.0843258700417,0.0,3837.304998008221,554.5653220194229,0.0,217.5578858689333,951.398065791414,0.0,302.3296683435682,1957.5055217935976,764.9416418012289,0.0
163,0.8294749757618202,0.462209908006646,0.0339956558648096,-3.375077994860477e-17,2.2538186545146752,1.9087278664071052,0.1295139457881464,5.0774664798883045,1751.761326208994,3625.0501585960105,3213.925863418881,791.8542985402747,0.0,563.9798783985815,0.0,0.0,4327.647090077453,981.7399923376464,0.0,49.36796287034709,37.03011057592016,0.0,468.08669257781366,1723.275989085492,0.0,0.0,0.0,0.0,0.0,0.0,0.0,0.0,0.0,0.0,1239.0920438559424,0.0,0.0,0.0,0.0,0.0,0.0,0.0,0.0,0.0
164,1.0349823183089706,0.4888955801013298,0.0902747044784055,0.0046222638189368,2.5228779183189185,1.9693950740805648,0.3411841536378781,4.719732721367923,1303.696235659412,2697.816810340618,2391.819242803328,589.3202076709275,0.0,419.7168833869248,1.8705061130240568,0.0,3220.6723213620426,730.6017011435438,0.0,36.720465573069255,27.56313685688616,0.0,348.3639772841887,1282.4902431088783,0.3453242054813643,0.0,0.0,0.0,0.0,0.0,0.0,0.0,0.0,0.0,1059.4782953469587,0.0,0.0,0.0,0.0,0.0,0.0,0.0,0.0,0.0
165,1.2279743092403106,0.5618374177962357,0.2044360112934665,0.0279813089900331,3.0023360775813783,2.225107864440756,0.7481690085692181,4.47790249087263,503.6434152366968,1042.201298734871,923.9612840775724,227.68338103633397,0.0,162.15113119703858,63.93565394299422,0.0,1244.1684972434628,282.2042454981155,0.0,14.16709726896875,10.642535436884,0.0,134.58906151067544,495.4516793248509,11.803505343322012,0.0,0.0,0.0,0.0,0.0,0.0,0.0,0.0,0.0,819.0,0.0,0.0,0.0,0.0,0.0,0.0,0.0,0.0,0.0
166,1.3723217412757496,0.6445177671229245,0.3258411302990037,0.0523227126378737,3.486055015532209,2.496243843811299,1.2331422713302376,4.269121668813268,423.5688054857516,244.61950612952933,1003.1946781255008,133.67175887263346,0.0,265.95225092261023,352.3017685233386,0.0,1566.3533101754508,437.9753030439045,0.0,362.2637192423293,350.06440173581643,0.0,565.3327420236301,1203.7997828375817,224.05791167018967,0.0,0.0,0.0,0.0,0.0,0.0,0.0,0.0,0.0,48.12478515955741,0.0,0.0,0.0,0.0,0.0,0.0,0.0,0.0,0.0
167,1.514181265534887,0.7238288252093027,0.4448097766644523,0.0761723707574751,3.939251092272664,2.7024648034646046,1.7335090535313118,4.014196807896736,1394.853912875871,712.4045810190199,2981.088572246557,406.1687312145877,0.0,827.2399237351613,664.7401639913587,0.0,4617.35627825428,1273.6873204365804,0.0,1014.8761263015216,997.5505347412346,0.0,1434.2641275617914,3378.194567762351,516.5017845387462,0.0,0.0,0.0,0.0,0.0,0.0,0.0,0.0,0.0,0.0,0.0,0.0,0.0,0.0,0.0,0.0,0.0,0.0,0.0
168,1.640788293210103,0.8033899898487702,0.5698981261148178,0.1012513926976746,4.326788279773536,2.856285252337275,2.2765820663410024,3.744563534730879,2929.1632300002634,2543.529341418063,3487.2891061202986,651.1570335210479,0.0,1238.1677790392982,574.1161663938886,0.0,4578.174578903012,944.6378777077448,0.0,427.4289429785347,496.1108416367189,0.0,27.80732583998573,1827.755695628089,10.008748859213876,0.0,0.0,0.0,0.0,0.0,0.0,0.0,0.0,0.0,0.0,0.0,0.0,0.0,0.0,0.0,0.0,0.0,0.0,0.0
169,1.6597855102425274,0.8357934097350493,0.6781771101677747,0.1253469235813956,4.599373696096321,2.9217085442765787,2.8010463480024943,3.506603899290679,4665.745432044439,4698.0585140238245,4058.842305950666,760.6082194461745,0.0,1931.7335056341224,659.1573353911211,0.0,4375.351068133942,473.29739249420976,0.0,330.6598437242697,386.6427446639373,0.0,0.0,1080.5402767925302,0.0,0.0,0.0,0.0,0.0,0.0,0.0,0.0,0.0,0.0,0.0,0.0,0.0,0.0,0.0,0.0,0.0,0.0,0.0,0.0
170,1.6076161252000256,0.8287099047767822,0.7331554697345961,0.145711795100859,4.768359486688621,2.8342058364683766,3.150391823609608,3.2612522248106117,4948.02945993399,5016.578990570774,4159.704625709224,781.0776983303808,0.0,2038.875742989055,685.4541303831875,0.0,4361.193255173879,405.99297954837806,0.0,304.3083943831142,355.8220562029506,0.0,0.0,917.6138255954074,0.0,0.0,0.0,0.0,0.0,0.0,0.0,0.0,0.0,0.0,0.0,0.0,0.0,0.0,0.0,0.0,0.0,0.0,0.0,0.0
171,1.5104835748658307,0.7597073196409426,0.7383414960000008,0.1480154040000003,4.714467626148211,2.678853493978025,3.3157844658676305,3.024040036554034,4350.153072821368,3976.568181066471,3873.7841447852575,760.2064474487997,0.0,1714.5533810412196,769.4919860500025,0.0,4271.1496617670455,551.3339445691863,0.0,160.58017749790113,192.1801247320853,0.0,0.0,440.30024660191134,0.0,0.0,0.0,0.0,0.0,0.0,0.0,0.0,0.0,0.0,0.0,0.0,0.0,0.0,0.0,0.0,0.0,0.0,0.0,0.0
172,1.3944809928497148,0.6778627556974817,0.7382400200859887,0.1480154040000003,4.552384836424457,2.4674184241547774,3.380930088164169,2.8610145684002237,3366.760496965944,2550.496259452315,3683.45978295342,865.5906724482429,0.0,1225.2690601271995,838.800715176628,0.0,4353.358137744303,887.3641993067131,0.0,288.7810008022658,386.7964329945275,0.0,0.0,898.1289658441174,0.0,0.0,0.0,0.0,0.0,0.0,0.0,0.0,0.0,0.0,0.0,0.0,0.0,0.0,0.0,0.0,0.0,0.0,0.0,0.0
173,1.2389277357209276,0.6009204487574772,0.7269815244943528,0.1480154040000003,4.339619526809291,2.245866112236543,3.403236428938216,2.809152295521585,2766.2959928021987,1349.406463379396,4088.400691119522,1144.490561036965,0.0,861.2720547419685,1042.3017223209526,0.0,5172.304733103363,1429.983084707013,0.0,534.1136620077972,738.3696256655946,0.0,108.09003354569516,1744.7555518713357,8.499151322809617,0.0,0.0,0.0,0.0,0.0,0.0,0.0,0.0,0.0,0.0,0.0,0.0,0.0,0.0,0.0,0.0,0.0,0.0,0.0
174,1.0575108604492724,0.5132168005974964,0.6792322230322009,0.1431642402726811,4.152393141607959,1.882055756228726,3.3221601135977585,2.7186646378926502,1929.12674755286,490.6146917984474,3492.062248387264,1059.6651529957148,0.0,512.8053360934515,939.9803972349322,0.0,4569.959583192292,1420.2915083876649,0.0,551.6331282509271,768.8006005835158,0.0,555.5915907366186,1824.5072910935392,65.791706051494,0.0,0.0,0.0,0.0,0.0,0.0,0.0,0.0,0.0,0.0,0.0,0.0,0.0,0.0,0.0,0.0,0.0,0.0,0.0
175,0.8708625147484876,0.406016276062537,0.5845133294094204,0.1197882222458474,3.8645131606925767,1.5137477681180382,3.23135988839555,2.55301485157942,1062.4345138796252,270.1820516155084,1923.208936864534,583.5748828664385,0.0,282.4405951420153,517.7234496574195,0.0,2516.8835903310023,782.2526916640871,0.0,303.8048152361959,423.4197229894926,0.0,305.9635881626731,1004.835832929454,36.263875994225344,0.0,0.0,0.0,0.0,0.0,0.0,0.0,0.0,0.0,0.0,0.0,0.0,0.0,0.0,0.0,0.0,0.0,0.0,0.0
176,0.7380577070075648,0.3224022063787385,0.4932413571827242,0.0956926913621264,3.711821763096895,1.2474200244916924,3.286326497364251,2.3741239262871097,674.516631684693,164.28903904232095,1367.0507327353484,415.3868702681589,0.0,200.55348460041512,346.8550201274769,0.0,1783.9390209115031,583.7517596391773,0.0,229.9902364065377,294.30382221169634,0.0,256.9698985014571,742.6686046067,41.49952013435706,0.0,0.0,0.0,0.0,0.0,0.0,0.0,0.0,0.0,0.0,0.0,0.0,0.0,0.0,0.0,0.0,0.0,0.0,0.0
177,0.6120175982380319,0.2408729394019943,0.4026308599734221,0.0715971604784054,3.947907836963049,0.9927196472456536,3.5210986082954903,2.1700713525800057,1221.8754999013108,269.7272458508582,3041.2595083732413,926.0842513244104,0.0,445.6099661921667,698.3830360151412,0.0,3950.8637978596375,1394.2068027180298,0.0,559.9329569616326,631.7271552150712,0.0,707.9558901615382,1750.265736663037,146.60808538860192,0.0,0.0,0.0,0.0,0.0,0.0,0.0,0.0,0.0,0.0,0.0,0.0,0.0,0.0,0.0,0.0,0.0,0.0,0.0
178,0.5044253392237218,0.156256730197205,0.3065236016897144,0.0460263930099668,4.535560368243701,0.7633007714310804,3.8104557337313376,1.8495707462418127,1723.2626372246666,357.55970188324267,4409.430272091076,1219.200276995721,0.0,667.839895914082,984.1673985396272,0.0,5708.79931333288,1891.75798141936,0.0,819.4002071742262,888.6121628383579,0.0,1016.4041670628736,2573.661616103152,210.24505481505747,0.0,0.0,0.0,0.0,0.0,0.0,0.0,0.0,0.0,0.0,0.0,0.0,0.0,0.0,0.0,0.0,0.0,0.0,0.0
179,0.4481898155906997,0.0788300205847193,0.2262419128850504,0.0219308621262458,5.22437794724517,0.6185453479840531,4.081489238904983,1.50532240532091,1712.1052762908168,334.0366988771008,3576.117870645656,568.2208595985007,0.0,639.5639573096144,851.1877731057373,0.0,4599.595355972705,952.795400801588,0.0,580.8802155083907,695.7924646091785,0.0,584.7896779144588,2081.320978856458,92.0774101954738,0.0,0.0,0.0,280.894278222941,0.0,0.0,0.0,0.0,0.0,449.10611188708367,0.0,0.0,0.0,0.0,0.0,0.0,16.561396750716753,0.0,0.0
180,0.4188250863101677,0.0130295267402007,0.1823460126386713,0.0024418254330896,5.9492718275561325,0.6931269855651828,4.423924363696747,1.1906115383074896,1490.743380567186,323.2186644212436,1795.1388752862313,31.372052243377684,0.0,468.0881409939005,672.7337134933243,0.0,2340.0065473839304,52.74074052292386,0.0,32.45222769487123,485.3041199623217,0.0,32.49919184493617,1008.631957708675,5.07212820701316,0.0,167.65402766322583,36.44138357111754,3768.6762937905833,1025.846168796906,0.0,5.560860480008197,0.0,0.0,5530.270420638844,1741.878701696607,0.0,0.0,0.0,0.0,514.3731672190773,1079.4403567203915,0.0,0.0
181,0.4427886016796852,0.003945527029651,0.1809034990993546,-4.263256414560587e-17,6.950431522639986,0.8780971416989909,4.795072749306343,0.9648044000358345,958.1928540448224,209.2010913570693,1468.0828567272736,0.0,0.0,296.95406151959804,429.4455248257788,0.0,1885.0162986878108,0.0,0.0,0.0,306.7043915376568,0.0,0.0,612.9479627551221,0.0,0.0,1206.4974246232673,262.2450294876262,6422.090437677275,2919.8690338603874,0.0,40.01791034389101,0.0,0.0,8597.584118679299,3864.678942746692,0.0,0.0,0.0,0.0,913.3458440384344,1059.2689765428022,0.0,0.0
182,0.4559923480945872,0.0795657088481547,0.1817341560000002,-4.263256414560587e-17,7.844371164825457,1.091303279671683,5.004972645800278,0.9426361396286684,691.7079253712994,151.0111659460006,1354.3036147630476,0.0,0.0,214.35907030470423,310.0208046645648,0.0,1720.0782627876033,0.0,0.0,0.0,221.3977263445602,0.0,0.0,442.475513778218,0.0,0.0,1417.0,308.0,6673.0,3184.0,0.0,47.0,0.0,0.0,8817.0,4063.0,0.0,0.0,0.0,0.0,866.376794735824,907.0,0.0,0.0
183,0.4597029457932386,0.240137073478993,0.1783249173781514,-4.263256414560587e-17,8.26295449716628,1.3360798035137775,5.005982430472549,1.1115870922618516,2.653714783043488,0.5793493883425177,371.0454118226036,0.0,0.0,0.8223815470116254,1.189384655304873,0.0,635.788225659978,0.0,0.0,0.0,0.8493851201970838,0.0,0.0,1.6975428052493695,0.0,0.0,1566.601994449789,306.507560194778,6960.9027130839495,3113.737879687464,0.0,87.41615697123757,40.77365424763258,0.0,8899.598052157437,3981.6816401057367,0.0,0.0,0.0,0.0,560.7589990908511,833.4474129754303,0.0,0.0
184,0.4498606155189372,0.4126478069900348,0.1567844540730897,-4.263256414560588e-17,8.27575731737938,1.5945948385116262,4.874141626057159,1.4525367764571222,0.0,0.0,0.0,0.0,0.0,0.0,0.0,0.0,277.2,0.0,0.0,0.0,0.0,0.0,0.0,0.0,0.0,0.0,1792.3902263790355,301.7009655930653,7413.757899733557,3007.1009781259004,0.0,147.10623056704625,126.1596561054673,0.0,9037.929683373795,3864.490554733929,0.0,0.0,0.0,0.0,434.2798801419922,727.9513881459285,0.0,0.0
185,0.4228160286424745,0.5885839784451837,0.1312925236583182,-4.263256414560586e-17,8.120100671949384,1.831215376619216,4.577578463693344,1.882317374227172,0.0,0.0,0.0,0.0,0.0,0.0,0.0,0.0,70.47417565016401,0.0,0.0,0.0,0.0,0.0,0.0,0.0,0.0,0.0,1454.5587820110636,140.4373864396651,8014.550886124898,3087.3263013642563,0.0,39.48429776993276,144.51697334881626,0.0,9676.829297898514,4407.576220653555,0.0,0.0,8.68279744299569,0.0,509.2946577948789,1298.8948101316107,0.0,0.0
186,0.368072521165528,0.7754027996810628,0.1009931645182723,-4.263256414560587e-17,7.674062230921225,1.9492516721039648,4.015896117919882,2.3712079682133878,0.0,0.0,0.0,0.0,0.0,0.0,0.0,0.0,24.252836990860843,0.0,0.0,0.0,0.0,0.0,0.0,0.0,0.0,0.0,1214.8973801731615,10.135902888044807,8031.609948697584,2956.8649245564666,0.0,30.56258699894679,229.9751318973969,0.0,9898.943355929016,4714.929303937741,0.0,0.0,177.51303251880492,0.0,1106.8017348274886,1989.854625731832,32.23499124253977,0.0
187,0.3027548353016201,0.9500508884235512,0.0714085344717607,-4.263256414560587e-17,6.7470714655262425,1.9754091020433988,3.2754162625854284,2.7985604293198407,0.0,0.0,0.0,0.0,0.0,0.0,0.0,0.0,0.0,0.0,0.0,0.0,0.0,0.0,0.0,0.0,0.0,0.0,902.315295647402,0.0,7965.895039963872,2924.3260190655865,0.0,0.0,228.93783104647767,0.0,9988.484137791504,4975.7566923606655,0.0,26.90084695888641,373.114709873205,0.0,1603.4019039794905,2441.0806933256304,281.64330152964726,0.0
188,0.2390735790897018,1.0589756986128036,0.0439370922857142,-4.263256414560587e-17,5.67248462004317,1.926214259572332,2.540639514199336,3.0564389018761577,0.0,0.0,0.0,0.0,0.0,0.0,0.0,0.0,0.0,0.0,0.0,0.0,0.0,0.0,0.0,0.0,0.0,0.0,897.5330850949132,0.0,8003.040552684947,2935.163447180292,0.0,0.0,227.0818645913175,0.0,10012.597788920915,4986.6233717096375,0.0,34.32717636292702,400.58091015794383,0.0,1620.401768576161,2490.3930298342534,317.57363777986023,0.0
189,0.168118502319726,1.0883300778487504,0.01515364460589,-4.263256414560587e-17,4.426102530710493,1.8311159493545792,1.7170615332987276,3.2105102654000626,0.0,0.0,0.0,0.0,0.0,0.0,0.0,0.0,0.0,0.0,0.0,0.0,0.0,0.0,0.0,0.0,0.0,0.0,896.2509993632589,0.0,8037.939927324854,2946.396570623413,0.0,0.0,224.5881075033319,0.0,10030.98518694578,4992.192554517986,0.0,40.57278563007722,424.9109114082175,0.0,1633.42823200799,2534.9404361438874,351.19092668811226,0.0
190,0.1025965489358564,1.092869857189111,0.0045426743521594,6.114346537179485e-05,3.188730166456669,1.6495985812241256,0.9333000173030992,3.327876441519785,0.0,0.0,0.0,0.0,0.0,0.0,0.0,0.0,0.0,0.0,0.0,0.0,0.0,0.0,0.0,0.0,0.0,0.0,891.6253120112917,0.0,8072.772827865453,2956.146297430216,0.0,0.0,221.96814788402904,0.0,10051.61038336453,5001.937551325054,0.0,45.80202888784697,452.4220077584727,0.0,1648.3951768112,2586.865944363603,390.8307411400344,0.0
191,0.0873033643853836,1.1002852571925452,0.0006821084555828,0.0027659656345514,2.116590022548301,1.430615467991625,0.4285564069244613,3.388696453276594,0.0,0.0,0.0,0.0,0.0,0.0,0.0,0.0,0.0,0.0,0.0,0.0,0.0,0.0,0.0,0.0,0.0,0.0,828.0477167052661,0.0,7997.0916458403235,2934.3522680878737,0.0,0.3012490261656502,248.97244354697943,0.0,10045.72047874078,5063.5845723316215,0.0,72.06245550088484,551.8177569506126,0.0,1822.565058947268,2800.5435868368995,512.6189924513847,0.0
192,0.1016376790607211,1.0560445260996685,5.684341886080815e-17,0.0069025586710963,1.2603591060869246,1.2121362707480052,0.1759610049636025,3.2649189790836037,0.0,0.0,0.0,0.0,0.0,0.0,0.0,0.0,0.0,0.0,0.0,0.0,0.0,0.0,0.0,0.0,0.0,0.0,823.7967574123,0.0,7768.048826628765,2905.740692243633,0.0,3.654108266008886,333.1360915503354,0.0,9997.281611976392,5098.891805449515,0.0,143.90814253314468,650.0180634929635,0.0,2082.221639003207,3046.4680908621767,609.1860092512679,0.0
193,0.1254979832420518,0.9303145699356934,5.684341886080815e-17,0.0114839466578072,0.7012817661634863,0.9949659424983404,0.1155707012392079,2.9735134007655253,0.0,0.0,11.873697956208812,0.0,0.0,0.0,0.0,0.0,22.89927462983129,0.0,0.0,0.0,0.0,0.0,0.0,4.7235643655156085,0.0,0.0,843.8809475878264,0.0,7618.096539150525,2848.809598526029,0.0,12.242384093485384,358.0,0.0,9848.629769959924,4978.439741663676,0.0,153.11905241217357,657.6194320481989,0.0,2056.096539150526,3050.171035031688,636.3879940403032,0.0
194,0.1527697678006659,0.7866066902591393,5.684341886080815e-17,0.0160653346445182,0.3883303167665057,0.7847502584434861,0.1295506477076465,2.631985141092509,0.0,0.0,113.61559719396276,0.0,0.0,0.0,0.0,0.0,219.1157945883568,0.0,0.0,0.0,0.0,0.0,0.0,45.19826832815384,0.0,0.0,852.0,0.0,7553.0,2808.0,0.0,18.0,358.0,0.0,9735.0,4876.0,0.0,145.0,648.0,0.0,1991.0,3007.0,641.0,0.0
195,0.1788833498471773,0.6527291761196041,0.000135554248974,0.0204243251561461,0.2491492910455175,0.6706979876576131,0.1446860314285768,2.312339889537599,7.301093468716869,4.3571041668149055,1104.5334817243556,6.215088526237477,0.0,2.5383729980843595,0.0,0.0,1912.07798533208,10.205829579926805,0.0,1.583212024578389,0.0,0.0,5.0505772023740345,486.2349549454223,0.0,0.0,541.3744145878651,0.0,4797.935046516285,1508.8332899523305,0.0,13.150030267968717,225.28204649727712,0.0,6339.22198106701,2538.5740759321825,0.0,71.63675450856975,389.9285616698292,0.0,1054.080754076611,1725.775417719566,364.02132518782497,0.0
196,0.211191129895815,0.5151073780895704,0.0136963896877077,0.0248965242195347,0.3988249307975906,0.7604812305400689,0.1658951066679123,1.9995623875710096,345.9153293892562,218.4878791354504,2506.857194841438,308.9836471260255,0.0,116.59295198661766,0.0,0.0,3683.3789667719793,499.3660618531131,0.0,81.21567805563635,25.924581773633705,0.0,229.15251825723809,1250.8583628730337,0.0,0.0,0.0,0.0,611.6269275432443,0.0,0.0,0.0,0.0,0.0,1552.4046654143542,0.0,0.0,0.0,0.0,0.0,0.0,0.0,0.0,0.0
197,0.2452629849432401,0.3824067976973228,0.0445813527096911,0.0267766559999999,0.8106675909292258,1.0612960683062154,0.2604122663156906,1.6973513924345611,1297.91685627523,787.9363240693893,3529.5912256356696,901.7149470723352,0.0,495.185745381096,273.43516669280257,0.0,4949.721545154453,1480.2088435998112,0.0,579.7238500450228,592.5899001016835,0.0,862.3929369947265,2422.8393214133903,169.48003759624666,0.0,0.0,0.0,0.0,0.0,0.0,0.0,0.0,0.0,747.2805044919229,0.0,0.0,0.0,0.0,0.0,0.0,0.0,0.0,0.0
198,0.2982531353621275,0.3004307732679316,0.1177100413953489,0.0267766559999999,1.4227815803064123,1.475748486531174,0.5034421333976994,1.5233821817869675,2163.2719467587945,834.685685854623,3178.6097509095107,558.7295436764133,0.0,1012.2812433985828,1077.5847704689636,0.0,4704.147966787935,1056.7317436334265,0.0,1314.4563905840778,1523.7295436764132,0.0,1304.8434460940823,3490.4580937293545,560.0021999570131,0.0,0.0,0.0,0.0,0.0,0.0,0.0,0.0,0.0,76.92300342553541,0.0,0.0,0.0,0.0,0.0,0.0,0.0,0.0,0.0
199,0.3570616173289048,0.2934158115529381,0.2065438298870433,0.0267766559999999,2.1512310078139367,1.896052968598011,0.86487729804752,1.4666446755544222,3381.29922485093,672.9328585535644,3254.1877231417334,524.6966994815331,0.0,1473.2629888053275,1443.4947297283877,0.0,4672.148901338915,755.6421551632814,0.0,1075.6171014452516,1396.9619944864332,0.0,656.7138732234974,2626.791939523776,312.9457568147409,0.0,0.0,0.0,0.0,0.0,0.0,0.0,0.0,0.0,94.4072633633508,0.0,0.0,0.0,0.0,0.0,0.0,0.0,0.0,0.0
200,0.4144277135798329,0.3052367552479981,0.2953776183787376,0.0267275573562633,2.883296340471354,2.3085857975470025,1.269578839992189,1.4515235871815308,3544.862747374368,784.9100048758969,3279.708581320413,522.1943702740564,0.0,1515.6309152496897,1442.8077529339223,0.0,4648.645640974044,722.7652493027983,0.0,1019.6972816230286,1335.1594418259076,0.0,618.8507640194932,2510.403192809471,295.3605919183945,0.0,0.0,0.0,0.0,0.0,0.0,0.0,0.0,0.0,90.6299911511502,0.0,0.0,0.0,0.0,0.0,0.0,0.0,0.0,0.0
201,0.4430433641262467,0.3033505678604663,0.3748115245942099,0.024277567335548,3.466837039130501,2.618533347317513,1.6509807569416306,1.430931281444688,6373.182608778417,2791.605460165053,3904.482462697308,526.6467980696917,0.0,2261.7468663231493,1345.6750133573282,0.0,4365.84015745184,173.9203086863879,0.0,18.08760791254,133.94642547970707,0.0,10.977306871058747,442.43100087397033,5.239169188459859,0.0,0.0,0.0,0.0,0.0,0.0,0.0,0.0,0.0,1.607614117054202,0.0,0.0,0.0,0.0,0.0,0.0,0.0,0.0,0.0
202,0.4607111372975803,0.2903176198469402,0.4466213011772665,0.0199185768239202,3.8730833583744513,2.813514994292121,2.0520608554029507,1.3912571065108972,6238.596808863463,2803.5591261727745,4176.100214036581,647.6315182050855,0.0,2259.9561763383053,1263.6057328523582,0.0,4581.447761164577,274.82534213039384,0.0,0.0,10.744982330027458,0.0,0.0,346.5706118320056,0.0,0.0,0.0,0.0,0.0,0.0,0.0,0.0,0.0,0.0,0.0,0.0,0.0,0.0,0.0,0.0,0.0,0.0,0.0,0.0
203,0.4573714006598525,0.2566318122266817,0.5040328936958858,0.0151147913621262,4.159361294861986,2.825948958108873,2.408434416400214,1.3823197433222414,6009.7940718907175,2833.380809998926,4411.45909719154,777.0891586769013,0.0,2220.8923828731145,1178.2840643563272,0.0,4774.133861325748,410.6248606099552,0.0,0.0,0.0,0.0,0.0,293.4865091638396,0.0,0.0,0.0,0.0,0.0,0.0,0.0,0.0,0.0,0.0,0.0,0.0,0.0,0.0,0.0,0.0,0.0,0.0,0.0,0.0
204,0.4232487533023263,0.2169812728704332,0.5142109680000002,0.010666841860465,4.235107704757463,2.7804029716295773,2.55941869865034,1.3746489695456632,5756.179852784295,2858.859804520529,4679.459338775019,923.2250056145086,0.0,2175.821171239972,1083.4508259694865,0.0,4994.27369426007,563.237675772176,0.0,0.0,0.0,0.0,0.0,234.3272788604079,0.0,0.0,0.0,0.0,0.0,0.0,0.0,0.0,0.0,0.0,0.0,0.0,0.0,0.0,0.0,0.0,0.0,0.0,0.0,0.0
205,0.3881396052358811,0.1740041963521608,0.5141391864692694,0.0063968103388704,4.15582664287374,2.655428872704325,2.603276578995856,1.335481359284035,5729.32818872693,2819.906612069461,4746.606902434199,952.9428990781004,0.0,2161.3952785643446,1071.9067565380162,0.0,5053.32818872693,590.5524758048451,0.0,0.0,0.0,0.0,0.0,226.23761955749293,0.0,0.0,0.0,0.0,0.0,0.0,0.0,0.0,0.0,0.0,0.0,0.0,0.0,0.0,0.0,0.0,0.0,0.0,0.0,0.0
206,0.3507222596710972,0.1288960166212636,0.5012401263143369,0.001968312696141,3.862983648178621,2.3925721224134957,2.6199299640866447,1.2361052044607526,5759.854707301835,2750.238354976808,4776.260597422191,958.0927745405362,0.0,2151.3765334607774,1080.9816370059525,0.0,5083.854707301835,589.9705934135708,0.0,0.0,0.0,0.0,0.0,230.45356575863067,0.0,0.0,0.0,0.0,0.0,0.0,0.0,0.0,0.0,0.0,0.0,0.0,0.0,0.0,0.0,0.0,0.0,0.0,0.0,0.0
207,0.3189365915934079,0.0856049066312305,0.4744066829248656,-4.085620730620567e-17,3.4133235314812,1.9591891248507536,2.65717241716408,1.1738196551890954,5791.017850077643,2678.566567235824,4807.085132046447,963.4384058277876,0.0,2140.9019541900348,1090.402630416235,0.0,5115.814072598971,589.5414544537431,0.0,0.0,0.0,0.0,0.0,234.9692120876046,0.0,0.0,0.0,0.0,0.0,0.0,0.0,0.0,0.0,0.0,0.0,0.0,0.0,0.0,0.0,0.0,0.0,0.0,0.0,0.0
208,0.3068660319943789,0.053128887644775,0.4065349494387931,-4.085620730620567e-17,2.811018801003816,1.4942281252287253,2.722369060679028,1.139927768972384,5809.510553025413,2608.1797210823056,4847.978766089063,971.6760329270224,0.0,2122.4648445586395,1102.2041956381438,0.0,5164.619579644671,596.9682769937044,0.0,0.0,0.0,0.0,0.0,243.7675777206805,0.0,0.0,0.0,0.0,0.0,0.0,0.0,0.0,0.0,0.0,0.0,0.0,0.0,0.0,0.0,0.0,0.0,0.0,0.0,0.0
209,0.312998911654486,0.0326388887043202,0.3342963528239195,-4.085620730620567e-17,2.3171353707033124,1.128329471362128,2.930519997448513,1.0817374106371505,5505.665164445245,2289.501446027547,5062.723713811385,1065.4478007440962,0.0,1907.7259502356465,1082.9007094741655,0.0,5482.923653599097,759.2991411099536,0.0,12.12113968085826,24.15810478059945,0.0,18.60258242687275,385.6906904307346,0.0,0.0,0.0,0.0,0.0,0.0,0.0,0.0,0.0,0.0,0.0,0.0,0.0,0.0,0.0,0.0,0.0,0.0,0.0,0.0
210,0.3197597948970112,0.0188448660207486,0.2649874152558135,-4.0856207306205655e-17,2.090260008781053,0.7819061523628723,3.2361262354822777,1.0243000686012445,3636.493439306109,1679.418860156817,5309.997219185678,1310.1814739127203,0.0,1145.09244615771,709.2729207451634,0.0,6043.641755858051,1302.5993057858852,0.0,74.17625445663167,147.8373960350923,0.0,113.83994607580276,947.007305855536,0.0,0.0,5.610554425851974,0.0,104.04523207545292,0.0,0.0,0.0,0.0,0.0,187.0369975430059,0.0,0.0,0.0,3.666302892140894,0.0,0.0,86.38031814059227,0.0,0.0
211,0.3268728074750846,0.0095676217475096,0.1922476481484789,-4.085620730620567e-17,2.0559940095118665,0.4867424404247394,3.563999785044216,1.031136785063872,1396.0870633389145,819.6602479924642,3906.898159443796,104.86982321489144,0.0,338.239312425169,253.5258264694126,0.0,4623.687516090103,122.31719203294418,0.0,8.909294715601398,17.75671932901112,0.0,13.673292584360476,984.3804368782044,0.0,0.0,638.8918098877944,27.495096178365262,3702.856572498021,731.6154646760865,0.0,0.0,172.91733836864887,0.0,5347.374862140822,1448.321329995005,0.0,10.640155980766526,583.6548593423465,0.0,895.3864199654224,2219.4880725009584,575.4512090453102,0.0
212,0.3354910951936118,0.001586260068143,0.1338567991028487,-4.085620730620567e-17,2.290545150033489,0.3505472290026175,3.87280670785778,1.168821777477327,969.999868853664,469.2796826574377,2929.947420635433,0.0,0.0,193.66008598148505,145.15927295363522,0.0,3496.63436965891,0.0,0.0,0.0,0.0,0.0,0.0,563.5931740288107,0.0,0.0,1053.0564963784277,158.91185790593283,5020.026438091563,1447.8745237319204,0.0,0.0,308.15136139562054,0.0,6776.441085842274,2441.3972601691216,0.0,11.438870997134376,831.7002113952956,0.0,1224.1632011603351,2581.240571128369,764.8702822195286,0.0
213,0.3607998814672676,0.0443016577908944,0.087386767476256,-4.085620730620567e-17,2.7339381208669,0.4619487080672285,4.14175868224116,1.3018089178838992,112.27140450793736,0.0,939.3007258759828,0.0,0.0,0.0,0.0,0.0,1288.480105656383,0.0,0.0,0.0,0.0,0.0,0.0,0.0,0.0,0.0,1384.0951252158134,556.0035847470923,5866.918812238044,2205.9080448831064,0.0,0.0,361.65087231405937,0.0,7622.554926595826,3338.641747744371,0.0,0.0,822.2852722308843,0.0,1164.771594414085,2422.738347808628,603.1603449777245,0.0
214,0.3818224081242028,0.1836970513217493,0.0787079870983903,-4.085620730620567e-17,3.378581101644509,0.703535118969079,4.397340279199341,1.4345072433641537,0.0,0.0,440.7090205598991,0.0,0.0,0.0,0.0,0.0,784.3934222035555,0.0,0.0,0.0,0.0,0.0,0.0,0.0,0.0,0.0,1989.8630734296808,1348.37923572072,6029.756759821428,2128.052086286445,0.0,68.24788585741855,351.9427473929836,0.0,7403.831743409673,2685.073045249897,0.0,0.0,454.6077248884988,0.0,379.85241430092833,1450.8765531480376,189.29817487518665,0.0
215,0.3828070080000014,0.3609703215946859,0.0795861720000003,-4.085620730620567e-17,3.95004269121516,0.9768380448942748,4.50407852205121,1.6935598737244302,0.0,0.0,298.6051607016828,0.0,0.0,0.0,0.0,0.0,601.6391167913007,0.0,0.0,0.0,0.0,0.0,0.0,0.0,0.0,0.0,2673.8529903446483,2038.243367259971,6247.591876738879,2082.26173689009,0.0,375.170222154455,368.05152249719777,0.0,7164.326545301907,2190.592775338575,0.0,0.0,158.2654311261087,0.0,0.0,652.446609080202,0.0,0.0
216,0.3823698276465131,0.5387982444119618,0.0793744093342195,0.0021268337302325,4.232801140919596,1.2374803583096343,4.493923434493031,2.072676833315596,0.0,0.0,182.30843160947305,0.0,0.0,0.0,0.0,0.0,440.5230650429464,0.0,0.0,0.0,0.0,0.0,0.0,0.0,0.0,0.0,2905.003145891237,2162.687307419989,6353.359248869154,2118.8674114040955,0.0,498.6841615287514,454.27784925719817,0.0,7169.475998917179,2199.6370775351,0.0,0.0,192.3273112187483,0.0,0.0,587.5497290347813,0.0,0.0
217,0.3877101651917527,0.721835484877079,0.078873350015922,0.0201978092093023,4.387582916349522,1.540076778387012,4.374182854590363,2.4289699110043075,0.0,0.0,137.81395139331818,0.0,0.0,0.0,0.0,0.0,375.01765669339306,0.0,0.0,0.0,0.0,0.0,0.0,0.0,0.0,0.0,2718.824536594785,1918.311037345767,6274.512211779355,2128.7825693787563,0.0,440.48650075098107,557.1691573045996,0.0,7291.356954145648,2370.867513485903,0.0,0.0,409.4368968626524,0.0,0.0,939.0743502852744,0.0,0.0
218,0.3745106596417297,0.9139252415896384,0.104094077224186,0.0427653870697674,4.446537327116001,1.8404084778506316,4.074812566512162,2.71660443258736,0.0,0.0,75.71404954227097,0.0,0.0,0.0,0.0,0.0,298.9209510718076,0.0,0.0,0.0,0.0,0.0,0.0,0.0,0.0,0.0,2484.492200755571,1610.7057733710649,6175.292892086311,2141.2605867477896,0.0,367.2135726154934,686.6923189218254,0.0,7444.725069107888,2586.383667950477,0.0,5.320187562787408,682.7109874863813,0.0,93.32495683056244,1381.5394993392288,52.64768942341704,0.0
219,0.3413636503654504,1.056613521237448,0.1310497714285713,0.0648947595348837,4.273828494144209,1.9947354443462988,3.529653578591365,2.970490444223556,0.0,0.0,60.17333415308541,0.0,0.0,0.0,0.0,0.0,275.747093927164,0.0,0.0,0.0,0.0,0.0,0.0,0.0,0.0,0.0,2354.2478677823624,1437.664636124461,6117.874544483479,2145.7239093117432,0.0,327.89840880818025,758.595157817367,0.0,7527.702294383041,2704.719093690051,0.0,24.99974364263888,836.971871726449,0.0,357.1178516028153,1629.944804262983,201.18696213102467,0.0
220,0.3083079723189383,1.1073409155747551,0.1563964940332225,0.0863668239069765,3.821511965771384,2.057056858328977,2.8671055042915143,3.193553118989457,0.0,0.0,18.356762120168472,0.0,0.0,0.0,0.0,0.0,213.42882988612047,0.0,0.0,0.0,0.0,0.0,0.0,0.0,0.0,0.0,1805.0493785928984,567.9431873021589,5740.484988938674,2008.0094089395025,0.0,254.46635059008497,1047.543776471075,0.0,7736.455146346439,3120.474323286271,0.0,417.9415715284285,1630.708396233386,0.0,1547.4162538755286,2833.96961881652,853.7954105842925,0.0
221,0.2752522942724265,1.122892248792656,0.1817432166378738,0.1078388882790694,3.2504352121641453,2.065320655935904,2.1838366418776665,3.24448607163024,0.0,0.0,0.0,0.0,0.0,0.0,0.0,0.0,169.32582467220294,0.0,0.0,0.0,0.0,0.0,0.0,0.0,0.0,0.0,1759.6743345990333,489.6854750603771,5764.79316574688,2024.375374877233,0.0,236.49005665451656,1042.8428752231466,0.0,7799.741536534547,3196.864716162694,0.0,427.5413454385789,1649.2963171113206,0.0,1613.7666358987606,2902.219829408175,892.1619970218296,0.0
222,0.2416040010873102,1.1267530356893056,0.2080970044313622,0.1278780210083716,2.5970125131795228,2.035128883689571,1.4905490297764823,3.084849496400511,0.0,0.0,0.0,0.0,0.0,0.0,0.0,0.0,165.82768740584422,0.0,0.0,0.0,0.0,0.0,0.0,0.0,0.0,0.0,1755.405180458291,482.3193150423587,5767.081703041651,2025.9137458772725,0.0,234.79709638014845,1042.4006293772147,0.0,7805.707452105125,3204.062340384369,0.0,428.4473859633929,1651.0488377733186,0.0,1620.0176649853313,2908.645738502168,895.7798149100068,0.0
223,0.203795810274123,1.0872793489163803,0.2346763218415214,0.1337409210803699,1.9065870204136408,1.8794229476615565,0.9208864651745264,2.9350902743241467,0.0,0.0,0.0,0.0,0.0,0.0,0.0,0.0,108.80127687964868,0.0,0.0,0.0,0.0,0.0,0.0,0.0,0.0,0.0,1648.6159259750873,298.08735362298296,5824.303784778998,2064.3527739058327,0.0,192.4554425107983,1031.333277338881,0.0,7954.927910468806,3384.007531626036,0.0,451.0571909079852,1694.829469652586,0.0,1776.4028495465566,3069.3190997609804,986.2647454413182,0.0
224,0.1808877556582475,0.9591326738479306,0.2362691873365514,0.1460261821395344,1.2006688426174243,1.6251578620344784,0.4908727696781809,2.88095992458495,0.0,0.0,0.0,0.0,0.0,0.0,0.0,0.0,130.7556023725962,0.0,0.0,0.0,0.0,0.0,0.0,0.0,0.0,0.0,1449.5489771245257,105.10859183297198,5966.360150638984,2120.073569654174,0.0,139.45586369001222,952.7510247622262,0.0,8213.034340288006,3642.5475281570775,0.0,433.5065295209504,1682.8725882078356,0.0,1988.585304631673,3178.462006984916,1048.8985753918785,0.0
225,0.1797507000000014,0.7895683625037087,0.2352874680000002,0.166023279211602,0.6066369509225495,1.3405753412422714,0.2925249272330714,2.7894309758946934,0.0,0.0,0.0,0.0,0.0,0.0,0.0,0.0,140.21546895097063,0.0,0.0,0.0,0.0,0.0,0.0,0.0,0.0,0.0,1247.7159114523274,0.0,6201.520316611407,2257.1032236075607,0.0,93.379292628543,839.4454291534961,0.0,8537.539503174643,3957.54970283507,0.0,404.4680877796012,1626.0861491171731,0.0,2168.2827978913983,3268.7367872845766,1082.5522854611938,0.0
226,0.1795657014165615,0.6089045181129608,0.2352874680000002,0.1925280210337335,0.3010913643357872,1.0727220715714316,0.2459161347952996,2.565581723675678,0.6290464635337643,0.0,29.64763739961404,0.0,0.0,0.0,0.0,0.0,165.78779695598016,0.0,0.0,0.0,0.0,0.0,0.0,0.0,0.0,0.0,1080.0981354767712,0.0,6315.233665964305,2384.6830708367047,0.0,78.36859783409578,664.7314898139682,0.0,8496.493452832967,4045.3455429363767,0.0,341.6309695886743,1406.544532925462,0.0,2070.2101397132037,3089.265441323847,1005.8896097154194,0.0
227,0.1678264624228472,0.434631332978583,0.2274047130498341,0.2022540297009964,0.1314991405111873,0.7952799464316118,0.2165746745551725,2.3924855280059183,19.74015561501675,0.0,403.1414926843033,0.0,0.0,0.0,0.0,0.0,641.0189296594857,0.0,0.0,0.0,0.0,0.0,0.0,0.0,0.0,0.0,840.8082326608526,0.0,5091.061374434093,994.5566457263802,0.0,29.371612683508964,438.1799465347705,0.0,6747.7603238203865,1659.9516586170405,0.0,125.64282175988473,982.80263553563,0.0,818.9343589570386,2273.6223868452635,733.6045181646018,0.0
228,0.1400428663654497,0.2645233223236837,0.1922000164385383,0.2086195396544848,0.0298562306515536,0.5453336707432388,0.188814313259477,2.314748995115041,55.791632880087214,0.0,1097.5087922283597,0.0,0.0,0.0,0.0,0.0,1427.8934389056408,0.0,0.0,0.0,0.0,0.0,0.0,0.0,0.0,0.0,715.0643181442898,0.4476811055192117,3797.982983915873,0.0,0.0,0.0,281.58868749213417,0.0,4996.181522698999,0.0,0.0,0.0,631.537910696838,0.0,0.0,1461.016564379065,471.4206344254857,0.0
229,0.1098853568970118,0.1304502328221323,0.1527248764584716,0.2130828067030409,0.0300286963439656,0.3942244413388736,0.1674970901714815,2.230424467691267,210.95538188362357,0.0,2088.842529195724,0.0,0.0,0.0,0.0,0.0,2648.0488581865475,0.0,0.0,0.0,0.0,0.0,0.0,0.0,0.0,0.0,574.1511464526172,72.05970030474231,2348.829933794222,0.0,0.0,0.0,106.08358299298128,0.0,3033.264711612094,0.0,0.0,0.0,237.9070355451732,0.0,0.0,550.3680352870085,177.59821430369772,0.0
230,0.0806126528914984,0.0871083416034504,0.1187332099840247,0.2074803703654483,0.1900883971024086,0.3322496476129243,0.1662754459577313,2.0760987439555887,515.5013967012845,75.13746538902701,3158.0363946299594,380.0521589594353,0.0,71.39618080534102,0.0,0.0,4140.975499814449,609.2058397102024,0.0,111.61499007996544,87.60841400131365,0.0,295.8732558265005,666.2604296114138,0.0,0.0,336.54265321479585,0.0,1013.7573173525444,0.0,0.0,0.0,0.0,0.0,1271.1539478276643,0.0,0.0,0.0,0.0,0.0,0.0,0.0,0.0,0.0
231,0.0857321754840747,0.0833675266585899,0.0998888649568106,0.1955767756615203,0.4719016330365291,0.3268819246410028,0.2428669419198766,1.982507087955422,729.3167327692695,251.6871069101389,4007.817932631393,1255.3657492982604,0.0,241.7553925309932,9.701271169466631,0.0,5383.90863677455,2058.954111871215,0.0,400.7464985691052,302.56974543404374,0.0,1058.1655269965331,2247.631551896586,9.089479293914684,0.0,0.943475773730974,0.0,2.842003711054656,0.0,0.0,0.0,0.0,0.0,3.5635986791024767,0.0,0.0,0.0,0.0,0.0,0.0,0.0,0.0,0.0
232,0.1640980362259156,0.1133238689701005,0.1322556599601329,0.1768368400445181,0.8886717488302169,0.3345212625667788,0.4982971519315634,2.0175787123026376,580.7686931912176,316.45770445835984,4032.904566106021,1474.451988702548,0.0,317.65615591548385,64.91730515844583,0.0,5738.244991832312,2671.6083365726017,0.0,646.9052985983717,429.3947746787287,0.0,1684.245062082689,2898.7569812557613,61.94364968979564,0.0,0.0,0.0,0.0,0.0,0.0,0.0,0.0,0.0,0.0,0.0,0.0,0.0,0.0,0.0,0.0,0.0,0.0,0.0
233,0.2871832716222136,0.1576619369738973,0.2013894121214998,0.170420178018035,1.4824051966644374,0.3658222604897973,1.0022190419515922,2.049245723060256,578.7723296915316,405.8024731019012,4017.674352863464,1569.5574910801242,0.0,402.29643169070175,118.76617283608712,0.0,5979.380007990322,2947.4782956100926,0.0,829.9478295610093,566.3172998662981,0.0,2052.904109989492,3333.2568857543038,149.34442849457318,0.0,0.0,0.0,0.0,0.0,0.0,0.0,0.0,0.0,0.0,0.0,0.0,0.0,0.0,0.0,0.0,0.0,0.0,0.0
234,0.4436724195029923,0.2003931943335554,0.3033468612358801,0.1600545206511626,2.1124030627906847,0.41229561358937,1.627415983319604,1.974048879673072,1307.628770771485,530.3723262787123,3979.510192797314,1237.6990714503331,0.0,496.5476423807464,212.30851360613224,0.0,5679.524257733308,1896.3203393371116,0.0,679.9077157339071,702.3516897804935,0.0,1300.0633118007602,2782.379631681376,241.72913762062603,0.0,0.0,0.0,0.0,0.0,0.0,0.0,0.0,0.0,0.0,0.0,0.0,0.0,0.0,0.0,0.0,0.0,0.0,0.0
235,0.6101154438522898,0.2475821041433689,0.4004633082857134,0.1437248276404292,2.6541618776680176,0.4402151620472793,2.2237738327697443,1.8175302018469024,1710.7037373641808,608.2397353845619,4010.716986150588,1148.4395032851098,0.0,554.7954577762847,328.44133602656825,0.0,5549.268472823197,1547.3339444107753,0.0,661.6161023884202,772.24551692191,0.0,1077.714586926963,2642.38821083268,253.4447470151936,0.0,0.0,0.0,0.0,0.0,0.0,0.0,0.0,0.0,0.0,0.0,0.0,0.0,0.0,0.0,0.0,0.0,0.0,0.0
236,0.8169761395145617,0.3110524734477238,0.4990152607809249,0.1168382497533713,3.092593619068975,0.448635013235882,2.8600349858542136,1.6431832116724454,2078.257107347972,843.3043839656475,4133.013280333719,1123.9415212835308,0.0,660.7821985913843,409.4294862823709,0.0,5637.900163466651,1465.49263813258,0.0,635.3082473911235,754.6472876909867,0.0,919.942007128325,2515.5444881119925,212.6142188132568,0.0,0.0,0.0,0.0,0.0,0.0,0.0,0.0,0.0,0.0,0.0,0.0,0.0,0.0,0.0,0.0,0.0,0.0,0.0
237,1.0107050618776643,0.3677634096712923,0.5807478995083046,0.0941526736392417,3.39476345337736,0.4408561729810459,3.4159857607011954,1.4222026200820594,2391.824343752277,1058.2294658547514,4268.326547326954,1117.5782231164642,0.0,749.5111829949877,426.39367390659214,0.0,5660.932132883349,1425.3977445285252,0.0,503.0932596633656,658.6733075831976,0.0,655.9782645890865,2194.754146200144,92.28826821865523,0.0,0.0,0.0,0.0,0.0,0.0,0.0,0.0,0.0,0.0,0.0,0.0,0.0,0.0,0.0,0.0,0.0,0.0,0.0
238,1.1392288228602536,0.3966277755348844,0.6027226919999992,0.076069820810631,3.5093193983114346,0.4070582171162822,3.826020623299359,1.1790770525682983,1282.5567955522292,586.422637784668,2183.065067978189,561.1792792045333,0.0,399.5246944509783,218.93759076232223,0.0,2856.383113182936,707.7849386507004,0.0,220.39393837271464,307.77479499625787,0.0,264.5698158879504,1025.2687177162406,16.505272917780392,0.0,0.0,0.0,0.0,0.0,0.0,0.0,0.0,0.0,0.0,0.0,0.0,0.0,0.0,0.0,0.0,0.0,0.0,0.0
239,1.2489329489783734,0.4192150443527868,0.6028633572373839,0.0590461877236881,3.519606569321119,0.3694565699402021,4.27440366013314,0.9905109682825616,0.0,0.0,0.0,0.0,0.0,0.0,0.0,0.0,0.0,0.0,0.0,0.0,0.0,0.0,0.0,0.0,0.0,0.0,0.0,0.0,0.0,0.0,0.0,0.0,0.0,0.0,0.0,0.0,0.0,0.0,0.0,0.0,0.0,0.0,0.0,0.0
240,1.3522725574161116,0.4427596014219275,0.6011200916760782,0.0506304325913619,3.518114478732546,0.3424706269335569,4.809581610186875,0.8797745868288863,0.0,0.0,0.0,0.0,0.0,0.0,0.0,0.0,0.0,0.0,0.0,0.0,0.0,0.0,0.0,0.0,0.0,0.0,0.0,0.0,0.0,0.0,0.0,0.0,0.0,0.0,0.0,0.0,0.0,0.0,0.0,0.0,0.0,0.0,0.0,0.0
241,1.3963142402638016,0.4500303514684398,0.5873370453993063,0.0487284960441081,3.659662842957222,0.3985072707923958,5.368481427755991,0.8321523436994226,0.0,0.0,0.0,0.0,0.0,0.0,0.0,0.0,0.0,0.0,0.0,0.0,0.0,0.0,0.0,0.0,0.0,0.0,0.0,0.0,0.0,0.0,0.0,0.0,0.0,0.0,0.0,0.0,0.0,0.0,0.0,0.0,0.0,0.0,0.0,0.0
242,1.3281015079418308,0.4136140004651173,0.5154687492757474,0.0564066358600888,3.981456390793945,0.4740393944451846,5.8387494736255245,0.7704665082183721,0.0,0.0,0.0,0.0,0.0,0.0,0.0,0.0,0.0,0.0,0.0,0.0,0.0,0.0,0.0,0.0,0.0,0.0,0.0,0.0,0.0,0.0,0.0,0.0,0.0,0.0,20.3378691633802,0.0,0.0,0.0,0.0,0.0,0.0,0.0,0.0,0.0
243,1.208690613025302,0.3661753834883722,0.4149698013687702,0.0599213247170966,4.321352621900319,0.5559434423521613,6.138324469858422,0.6950998868724573,0.0,0.0,0.0,0.0,0.0,0.0,0.0,0.0,0.0,0.0,0.0,0.0,0.0,0.0,0.0,0.0,0.0,0.0,0.5790705471123428,0.0,307.3706464072316,0.0,0.0,0.0,0.0,0.0,560.0345062421898,0.0,0.0,0.0,0.0,0.0,0.0,28.3744568085048,0.0,0.0
244,1.0570510482962705,0.3194891386234119,0.3163851191362114,0.0577450925581393,4.656031071998426,0.6362874131561473,6.255691598474108,0.630577580057829,169.23768894351784,18.56576631739804,438.1147669673427,95.34780490643618,0.0,47.20742591257994,22.01769271812029,0.0,546.7105056279021,119.41799440336428,0.0,23.510417648162345,27.148934665139848,0.0,25.842800351353056,135.7446733256992,0.0,0.0,245.38154721491787,0.0,3402.583432816183,155.04131182155328,0.0,0.0,0.0,0.0,4668.324173653659,576.6314799274519,0.0,0.0,0.0,0.0,0.0,547.5837375178753,0.0,0.0
245,0.887292248750409,0.2610930234096286,0.2224917793236732,0.055646319348837,4.972364780854733,0.7127311912026582,6.12375820231428,0.5483354683327746,1234.8993842034374,135.47132164084016,3382.0632780948326,695.7371392810987,0.0,344.464767589272,160.65945682029286,0.0,4219.669038804467,871.3733251270121,0.0,171.55162338438052,198.1012793843442,0.0,188.57063364076748,990.5063969217208,0.0,0.0,382.6684256014289,0.0,3974.7614617046784,406.8561256565635,0.0,0.0,0.0,0.0,5459.345460029616,1053.899971286252,0.0,0.0,0.0,0.0,0.0,822.9450597918113,0.0,0.0
246,0.6899545564854431,0.1894060936486236,0.1302369789134265,0.0535379848247018,5.2992051675208085,0.7974244942982218,5.814381828318946,0.4887044325401431,351.5582575892017,38.56675482924539,2113.1911380011165,198.06644942456677,0.0,98.06421077185009,45.737457988451816,0.0,2631.531851997104,248.0675687509251,0.0,48.83830259783837,56.396611333218125,0.0,53.68337230000488,281.98305666609065,0.0,0.0,794.9705450098628,21.69670392009796,5204.023638616545,1647.5343658949514,0.0,8.931081703127573,49.46970693822974,0.0,7363.846375004666,2875.824665203719,0.0,4.125771438944803,107.66061113624922,0.0,669.377250892023,1866.5058051316853,105.0157129744933,0.0
247,0.5114308991109326,0.1265477594512609,0.0547568901693543,0.048120485224536,5.492772698970578,0.8879089008803186,5.430948310358652,0.4596840291856239,0.0,0.0,1333.2219138326172,0.0,0.0,0.0,0.0,0.0,1648.933424309738,0.0,0.0,0.0,0.0,0.0,0.0,0.0,0.0,0.0,1238.2062126048213,243.0933014302832,5631.986377202081,2062.362489486801,0.0,101.5338331248159,269.25531378253044,0.0,8094.491069061642,3509.4780408132888,0.0,44.653788080375925,366.12627413141416,0.0,1309.098986050128,2359.4012193461585,322.7135006922567,0.0
248,0.380452007011867,0.0871674548172762,0.0295126597524918,0.0383343233023255,5.522588339407675,1.01978891316564,5.026358751494781,0.439153349877534,0.0,0.0,946.5875001143112,0.0,0.0,0.0,0.0,0.0,1187.9682701898817,0.0,0.0,0.0,0.0,0.0,0.0,0.0,0.0,0.0,1720.0381868818818,588.7550436277586,5714.272406120299,1996.8891773689704,0.0,291.091554635858,496.1663576721076,0.0,8109.093523626814,3356.6915742849205,0.0,62.89934560719655,447.01724748941706,0.0,1124.1393031440791,2304.7582242349727,348.6016220866783,0.0
249,0.2621564746726612,0.0530590953887051,0.0316508431025993,0.0282264226632792,5.572104183179981,1.2405773693961322,4.5380887972483865,0.4071844523134473,0.0,0.0,476.90121899201387,0.0,0.0,0.0,0.0,0.0,671.7704809682072,0.0,0.0,0.0,0.0,0.0,0.0,0.0,0.0,0.0,2250.810515002371,1230.1294374844997,6003.303762492273,1928.24104228058,0.0,515.0190593759935,528.9297410610346,0.0,7865.07093272387,2870.8536082348232,0.0,107.13271057586373,294.7654045964519,0.0,651.6518178223901,1602.1940543242088,172.52293933977984,0.0
250,0.1554147902380756,0.0199814728813398,0.0307114439202659,0.0199136346578072,5.501634531976925,1.5610263097117805,3.9513788806968,0.3894552005302895,0.0,0.0,356.84488434905313,0.0,0.0,0.0,0.0,0.0,502.6532196253132,0.0,0.0,0.0,0.0,0.0,0.0,0.0,0.0,0.0,2895.0,2313.0,6497.0,2033.0,0.0,688.0,442.0,0.0,7599.0,2378.0,0.0,163.82230447154728,233.78904326834595,0.0,529.1846008314685,633.0,114.94001156022809,0.0
251,0.0740368946968946,0.0011127949188986,0.0283128459667776,0.0116470381395348,5.1277951319272885,1.9125342850412372,3.216730640627713,0.3589277372608763,0.0,0.0,130.05016052232386,0.0,0.0,0.0,0.0,0.0,183.18648819791133,0.0,0.0,0.0,0.0,0.0,0.0,0.0,0.0,0.0,3093.7375348236,2475.0429361999063,6299.302611442125,1796.9982969964817,0.0,699.8471611622182,665.1611124030266,0.0,7287.065930421962,2096.5023104760708,0.0,281.29489151083817,225.0224049905336,0.0,856.9239962511468,795.1135901059198,173.23037006481093,0.0
252,0.0248789301081745,8.775202786637262e-16,0.025980917834153,0.0036353091277075,4.412194083005966,2.270909118598805,2.4084733733413928,0.309469381355463,0.0,0.0,38.21600319346044,0.0,0.0,0.0,0.0,0.0,53.82117345508411,0.0,0.0,0.0,0.0,0.0,0.0,0.0,0.0,0.0,2757.074877337403,1990.116499247987,5502.245030038972,1270.7375460833002,0.0,533.451930499043,935.7697651448212,0.0,6801.893939966374,1779.4052617088282,0.0,382.4270519778336,396.2669826136814,0.0,1138.971071731801,1758.25688885442,223.4472406157389,0.0
253,0.0006051825656524,8.775202786637265e-16,0.0226981334152826,-1.0302869668521494e-16,3.635054194305628,2.5739773075614623,1.6407396286315197,0.2590988243322072,0.0,0.0,15.054840103341297,0.0,0.0,0.0,0.0,0.0,95.98853405849346,0.0,0.0,0.0,0.0,0.0,0.0,0.0,0.0,0.0,1861.5252777308576,899.3029491644452,4738.299645835509,1005.1199253693812,0.0,332.2989754837301,893.4482956376506,0.0,6691.455572647302,1873.5484010334128,0.0,605.6673208751265,735.8899846174281,0.0,1469.9065012621106,2791.0591247449674,423.610829107317,0.0
254,1.7355006320940429e-15,8.775202786637263e-16,0.0184235715747509,-1.0302869668521495e-16,2.8495072675848907,2.940792515826462,0.9527338248426812,0.2165479208113944,0.0,0.0,0.168160733088591,0.0,0.0,0.0,0.0,0.0,183.8674319305973,0.0,0.0,0.0,0.0,0.0,0.0,0.0,0.0,0.0,1910.951818782396,723.7547603855162,4366.481651490664,668.762199746227,0.0,491.9616537216812,1243.0197589670008,0.0,6423.906416193808,1671.413609792707,0.0,963.6787729793388,1306.9045415922146,0.0,1802.8395489899,3374.7359830759656,1050.0231024605312,0.0
255,1.7355006320940429e-15,8.775202786637263e-16,0.0140336198460036,-1.0302869668521495e-16,2.0251637473707085,3.305771031043974,0.4535062447293325,0.2044000765057469,0.0,0.0,0.0,0.0,0.0,0.0,0.0,0.0,171.71720180567758,0.0,0.0,0.0,0.0,0.0,0.0,0.0,0.0,0.0,1659.0929959534335,546.432564445209,4458.708437772257,848.3424219773331,0.0,400.5310211444059,1201.9177817070831,0.0,6623.354341600869,2010.4639852750083,0.0,1080.2618328665478,1411.873443121739,0.0,2099.7548148541578,3716.5205712537777,1255.425372918843,0.0
256,1.7355006320940429e-15,8.775202786637265e-16,0.0143302941172902,-1.0302869668521494e-16,1.34089746151927,3.5970621518194448,0.1537990276128836,0.1789643763024517,0.0,0.0,0.0,0.0,0.0,0.0,0.0,0.0,156.66063651806655,0.0,0.0,0.0,0.0,0.0,0.0,0.0,0.0,0.0,1364.7732590922485,345.9031670168469,4552.1790231391,1044.904388510233,0.0,289.08296028943846,1116.4514545790737,0.0,6859.911436729078,2395.8342266421982,0.0,1177.5002755279147,1487.199167815798,0.0,2439.931726085307,4078.119886631778,1466.190523349086,0.0
257,1.7355006320940429e-15,8.775202786637263e-16,0.0216480603986712,-1.0302869668521495e-16,0.8977002237275585,3.799449690967888,0.0166224570985591,0.1612138704518085,0.0,0.0,0.0,0.0,0.0,0.0,0.0,0.0,125.99573749608828,0.0,0.0,0.0,0.0,0.0,0.0,0.0,0.0,0.0,1037.6733637481934,179.3923215412478,4587.894008502521,1180.0330992790523,0.0,147.85766491255993,861.3837988867357,0.0,7178.047019625193,2812.3177694539327,0.0,1132.4304546117344,1415.8160627358277,0.0,2872.38107733771,4394.519440313853,1651.432263849092,0.0
258,1.7355006320940429e-15,8.775202786637263e-16,0.0288536013089702,-1.0302869668521495e-16,0.7897555945660485,3.969570426000772,0.0005395039603872,0.1465891772292169,0.0,0.0,0.0,0.0,0.0,0.0,0.0,0.0,115.42458185882364,0.0,0.0,0.0,0.0,0.0,0.0,0.0,0.0,0.0,540.8873743728019,168.4922693225646,4804.13295346276,1460.5217717134149,0.0,19.191632955679303,439.3803547901184,0.0,7691.5701413162915,3382.8272354707324,0.0,994.0370528623612,1171.7016246885053,0.0,3204.547939697802,4561.624639243133,1728.2670610321927,0.0
259,1.7355006320940429e-15,8.775202786637265e-16,0.0353772605780732,-1.0302869668521495e-16,0.7460553374469818,4.062387610459688,-1.197264509755767e-15,0.1333441720464925,0.0,0.0,0.0,0.0,0.0,0.0,0.0,0.0,108.9512938659206,0.0,0.0,0.0,0.0,0.0,0.0,0.0,0.0,0.0,458.3963477104482,168.41388857483156,4992.640549397171,1589.1757984620272,0.0,14.027296483606989,313.9789964955622,0.0,7882.940822787866,3500.116157732969,0.0,839.0251326109417,1009.04197751753,0.0,2967.255558465265,4291.08428033173,1620.401767302283,0.0
260,1.7355006320940429e-15,8.775202786637263e-16,0.0419009198471761,-1.0302869668521495e-16,0.6850936162018771,4.052161023150275,-1.197264509755767e-15,0.116011884606421,0.0,0.0,0.0,0.0,0.0,0.0,0.0,0.0,91.24180071279793,0.0,0.0,0.0,0.0,0.0,0.0,0.0,0.0,0.0,553.3572259865879,168.27483831841923,5114.7191686570895,1597.1618101158006,0.0,18.729865046560025,351.0225703801825,0.0,7908.583404279099,3473.885251738325,0.0,795.1234653698483,980.1718713190786,0.0,2932.674867572929,4185.388355469152,1567.480354516819,0.0
261,1.7355006320940429e-15,8.775202786637263e-16,0.0489682173887043,-1.0302869668521495e-16,0.5969472640081632,3.9336466283797646,-1.197264509755767e-15,0.0904097850720488,0.0,0.0,0.0,0.0,0.0,0.0,0.0,0.0,51.35737374591768,0.0,0.0,0.0,0.0,0.0,0.0,0.0,0.0,0.0,758.3764116092757,168.12678547950242,5170.866829588712,1549.5355498258443,0.0,23.650856797118188,468.4081765039998,0.0,7785.139787473764,3274.2449418721126,0.0,731.033119102968,974.0859634197478,0.0,2690.584672198313,3933.5250510548526,1434.602723675472,0.0
262,1.7355006320940429e-15,8.775202786637263e-16,0.0540009106790186,-1.0302869668521495e-16,0.5033660655969703,3.744767193159473,-1.197264509755767e-15,0.0860324039999813,0.0,0.0,0.0,0.0,0.0,0.0,0.0,0.0,46.08853344036695,0.0,0.0,0.0,0.0,0.0,0.0,0.0,0.0,0.0,979.0682519965968,168.0355660586279,5182.518676612885,1523.8873642985536,0.0,28.221697068605465,607.4730817650245,0.0,7628.355601491531,3021.3443024645367,0.0,647.9738867064739,991.3491470365844,0.0,2399.890820443344,3663.817325134813,1281.0752233809264,0.0
263,1.7355006320940429e-15,8.775202786637263e-16,0.0535533119999999,-1.0302869668521495e-16,0.4151839619003173,3.5945845923613557,-1.197264509755767e-15,0.0860324039999813,0.0,0.0,0.0,0.0,0.0,0.0,0.0,0.0,50.304751555729545,0.0,0.0,0.0,0.0,0.0,0.0,0.0,0.0,0.0,1064.0,168.0,5187.0,1514.0,0.0,30.0,661.0,0.0,7568.0,2924.0,0.0,616.0,998.0,0.0,2288.0,3560.0,1222.0,0.0
264,1.7355006320940429e-15,8.775202786637263e-16,0.0535533119999999,-1.0302869668521495e-16,0.320942280818432,3.3665144679491954,-1.197264509755767e-15,0.0811927474566943,0.0,0.0,0.0,0.0,0.0,0.0,0.0,0.0,44.74499548096922,0.0,0.0,0.0,0.0,0.0,0.0,0.0,0.0,0.0,1248.7014156071082,260.3507078035541,5117.987016190124,1413.3143907701324,0.0,122.68410386060664,815.6957704723794,0.0,7376.297267194788,2710.2931274293205,0.0,660.341675587988,1117.0223923677574,0.0,2094.296890852473,3451.646281457924,1249.005080621256,0.0
265,1.7355006320940429e-15,8.775202786637262e-16,0.0535533119999999,-1.0302869668521495e-16,0.2525685755082901,3.1110781409975137,-1.197264509755767e-15,0.067316009083038,0.0,0.0,0.0,0.0,0.0,0.0,0.0,0.0,17.0,0.0,0.0,0.0,0.0,0.0,0.0,0.0,0.0,0.0,1759.897622483703,617.6248448706846,4975.166504343621,1175.403532887415,0.0,355.98970687405034,1160.9059677331024,0.0,6938.795798710606,2171.4843502135377,0.0,699.6292943669841,1348.7855055846553,0.0,1561.9951303086252,3101.38837007009,1262.9510359900012,0.0
266,1.7355006320940429e-15,8.775202786637263e-16,0.0518621834445725,-1.0302869668521495e-16,0.2166217807159654,2.8331710248450808,-1.197264509755767e-15,0.0534536449833701,0.0,0.0,0.0,0.0,0.0,0.0,0.0,0.0,15.091916148270306,0.0,0.0,0.0,0.0,0.0,0.0,0.0,0.0,0.0,2067.358472978254,943.95844072058,4937.533443170017,1116.542166446353,0.0,466.0335819984582,1269.7329005184322,0.0,6862.483438271144,2008.541698107862,0.0,643.9995316615095,1432.6828956195598,0.0,1398.265226127606,2975.5654392691413,1234.1411975116976,0.0
267,1.7355006320940429e-15,8.775202786637263e-16,0.0436072026976744,-1.0302869668521495e-16,0.2407883411467502,2.59967573150362,-1.197264509755767e-15,0.0391625479734033,0.0,0.0,0.0,0.0,0.0,0.0,0.0,0.0,38.74645804440426,0.0,0.0,0.0,0.0,0.0,0.0,0.0,0.0,0.0,2084.624836035005,869.1509316761144,4855.345505354452,1165.9744382720871,0.0,473.2394923945319,1357.7876194945904,0.0,6947.162518967886,2158.2480694451992,0.0,751.5211241324953,1656.2641230133945,0.0,1694.6572592100863,3312.341729408924,1360.707286164791,0.0
268,1.7355006320940429e-15,8.775202786637263e-16,0.0343554677342193,-1.0302869668521495e-16,0.2783698686055129,2.358862564946533,-1.197264509755767e-15,0.0242998070830381,0.0,0.0,0.0,0.0,0.0,0.0,0.0,0.0,64.8064407272539,0.0,0.0,0.0,0.0,0.0,0.0,0.0,0.0,0.0,1782.249345072309,419.6171500541311,4812.208581144039,1348.077644696535,0.0,343.3555271193122,1382.4891431852625,0.0,7169.083900609078,2504.888070652611,0.0,917.26646015475,1845.2963709828005,0.0,2187.322413287224,3879.630906837576,1543.1428734698177,0.0
269,1.7355006320940429e-15,8.775202786637263e-16,0.0251037327707641,-1.0302869668521495e-16,0.3287907797740708,2.0970651902333413,-1.197264509755767e-15,0.0094370661926726,0.0,0.0,0.0,0.0,0.0,0.0,0.0,0.0,81.35060266981301,0.0,0.0,0.0,0.0,0.0,0.0,0.0,0.0,0.0,1723.8818356326622,297.6657270250442,4924.827237032269,1445.842678630629,0.0,317.27384576776177,1335.6840861027324,0.0,7284.370020754507,2628.346839917669,0.0,868.789996810384,1794.7709312609763,0.0,2239.3561763014127,3895.499382758343,1486.058449576949,0.0
270,1.7355006320940429e-15,8.775202786637262e-16,0.0161188747774086,-1.0302869668521495e-16,0.3933982347189214,1.8337892206150197,-1.197264509755767e-15,0.0001794994732041,0.0,0.0,0.0,0.0,0.0,0.0,0.0,0.0,47.837195245935554,0.0,0.0,0.0,0.0,0.0,0.0,0.0,0.0,0.0,1604.5716812067426,118.67266055826796,5114.449352321043,1630.2857839730784,0.0,248.9755914475688,1272.6335833104426,0.0,7558.241955472264,2920.215273887671,0.0,761.1225340743674,1728.0614226791731,0.0,2268.29367534252,3798.630455244995,1459.9408206334615,0.0
271,1.7355006320940429e-15,8.775202786637263e-16,0.0074898527441861,-1.0302869668521495e-16,0.4722676278936724,1.5667343409474834,-1.197264509755767e-15,-1.8401280499347188e-14,0.0,0.0,0.0,0.0,0.0,0.0,0.0,0.0,32.1007942062438,0.0,0.0,0.0,0.0,0.0,0.0,0.0,0.0,0.0,1586.4867446291728,54.58720843364727,5129.643661940343,1654.1286347610792,0.0,226.4847763160951,1213.6144399943794,0.0,7563.037387273808,2910.154537940567,0.0,601.7002803815536,1604.0766319671673,0.0,2063.917355698693,3512.216880171775,1325.396093405346,0.0
272,1.7355006320940429e-15,0.0023386136236084,0.0006157842071527,-1.0302869668521495e-16,0.5352942324869885,1.3678547498987723,-1.197264509755767e-15,-1.8401280499347188e-14,0.0,0.0,0.0,0.0,0.0,0.0,0.0,0.0,20.647961760724336,0.0,0.0,0.0,0.0,0.0,0.0,0.0,0.0,0.0,1569.5358177686376,18.20759540590778,5038.601350845168,1577.1233570897716,0.0,198.2039741183705,1126.9114596124698,0.0,7408.235520206124,2746.776561055653,0.0,442.83407776206775,1443.8601241159074,0.0,1775.3088512400188,3183.651273531268,1156.623256604146,0.0
273,1.7355006320940429e-15,0.0102669382524925,0.0069658513451163,-1.0302869668521495e-16,0.5400434725857651,1.2294718892970151,0.001489222914816,-1.8401280499347188e-14,0.0,6.703589376363532,179.2757212949112,34.60501542933607,0.0,0.0,0.0,0.0,7.439549464698608,49.77868057178055,0.0,0.0,0.0,0.0,0.0,28.94320007767768,0.0,0.0,966.9873922163104,0.0,3009.22529683429,571.7496480001505,0.0,67.32959175291347,397.3549677221123,0.0,4240.05902523601,989.340285374778,0.0,127.66867944404903,501.4766861159621,0.0,588.3061049885719,1295.792978563971,391.1003061931531,0.0
274,1.7355006320940429e-15,0.0181369259402002,0.0555226600435429,-1.0302869668521495e-16,0.5751572873188506,1.1608491522157398,0.0103348930365436,-1.8401280499347188e-14,3.8819538378899554,190.8898360308829,2826.438133135958,572.6175746572948,0.0,0.8428330836623199,0.0,0.0,257.81456869282067,800.6155335906858,0.0,0.0,0.0,0.0,0.1661057902108221,456.2834118697512,0.0,0.0,423.45924167794766,0.0,1264.8150420561358,0.0,0.0,0.0,0.0,0.0,1790.9498500036048,0.0,0.0,0.0,0.0,0.0,0.0,202.3425933140932,0.0,0.0
275,1.7355006320940429e-15,0.026250315308971,0.1223360798325082,-1.0302869668521495e-16,0.6605328874947506,1.23254671544738,0.020589887720929,0.0005988413354044,534.244763334975,1182.0419327564634,4340.954460483652,1133.5812823618437,0.0,161.39142059016984,0.2360584521808925,0.0,2895.048444256192,1364.0411525519887,0.0,0.0,0.0,0.0,9.064743229351771,701.0818938317968,0.0,0.0,0.0,0.0,0.0,0.0,0.0,0.0,0.0,0.0,185.24775199491572,0.0,0.0,0.0,0.0,0.0,0.0,0.0,0.0,0.0
276,0.0002952944252509,0.0347693741461803,0.1994377078290315,-1.0302869668521495e-16,0.7846851697382935,1.450401534708412,0.0317929704449259,0.0027626708571244,2951.937003577446,3384.227867911024,4772.8804843225935,1275.1836165928232,0.0,1156.2617092603452,57.766826490296815,0.0,5143.276010673746,1143.8755554613692,0.0,0.0,0.0,0.0,0.0,882.3386638969247,0.0,0.0,0.0,0.0,0.0,0.0,0.0,0.0,0.0,0.0,0.0,0.0,0.0,0.0,0.0,0.0,0.0,0.0,0.0,0.0
277,0.0138533034617957,0.043207299089702,0.2880813338073092,-1.0302869668521495e-16,0.8836347485688582,1.7347556040513707,0.0664951976611284,0.0069043327819902,4584.517486834057,4868.958484937974,5503.811947555137,1370.8733561698168,0.0,1987.7456221502107,372.8401978967914,0.0,5389.422823049498,819.1135940173973,0.0,0.0,0.0,0.0,0.0,1510.8334957338618,0.0,0.0,0.0,0.0,0.0,0.0,0.0,0.0,0.0,0.0,0.0,0.0,0.0,0.0,0.0,0.0,0.0,0.0,0.0,0.0
278,0.0322550471362143,0.0486730496856642,0.3672350662724261,-1.0302869668521495e-16,0.9905426827068596,1.985125860775879,0.1095950046378727,0.0241262821395164,4256.937889262795,3018.522705972725,5627.13070860756,1323.917206974318,0.0,1761.711152000184,593.4607762840808,0.0,5935.404570508734,1132.733239810378,0.0,0.0,0.0,0.0,0.0,2034.8261535777008,0.0,0.0,0.0,0.0,0.0,0.0,0.0,0.0,0.0,0.0,0.0,0.0,0.0,0.0,0.0,0.0,0.0,0.0,0.0,0.0
279,0.0516678756279087,0.048842604000001,0.4450982719986026,-1.0302869668521495e-16,1.1517979107298328,2.212565919317368,0.1538515530498329,0.053679337235862,3403.670748920542,2395.5190525930457,5508.562057364921,1398.6699099431637,0.0,1425.741864286283,490.2956806645458,0.0,6197.27929146834,1630.7967498132964,0.0,0.0,0.0,0.0,0.0,2415.972088967254,0.0,0.0,0.0,0.0,0.0,0.0,0.0,0.0,0.0,0.0,0.0,0.0,0.0,0.0,0.0,0.0,0.0,0.0,0.0,0.0
280,0.07370952464452,0.048842604000001,0.4880258195865083,-1.0302869668521495e-16,1.3424361776657148,2.510469506753135,0.1960454335215937,0.0879763226710778,2228.1614336665184,1602.4141352010083,5344.407432436172,1502.0667905852724,0.0,963.4208479880516,346.83918788366213,0.0,6555.994016943026,2316.412765886116,0.0,56.81064919476775,4.861066785031986,0.0,141.11824182001948,2939.426887452396,6.137710587161599,0.0,0.0,0.0,0.0,0.0,0.0,0.0,0.0,0.0,0.0,0.0,0.0,0.0,0.0,0.0,0.0,0.0,0.0,0.0
281,0.09372900402658,0.048842604000001,0.5079525383122943,-1.0302869668521495e-16,1.4768731952936878,2.7684509832931425,0.23278178978073,0.1238235885041165,1885.8682543944503,1514.8767499593473,5296.613145473823,1532.1673863190492,0.0,828.8150884856535,305.06288575810487,0.0,6660.424100707098,2516.068057113734,0.0,216.18426569366227,18.49804866350265,0.0,537.0039581707739,3091.8351740049534,23.356122049877087,0.0,0.0,0.0,0.0,0.0,0.0,0.0,0.0,0.0,0.0,0.0,0.0,0.0,0.0,0.0,0.0,0.0,0.0,0.0
282,0.1134058507844461,0.0468292042876695,0.5261334107688116,-1.0302869668521495e-16,1.5851766365346758,2.9555517619441134,0.2689457511440286,0.1652841560930048,24.36990010533604,1114.0968314470852,4936.902906858779,1612.6530812131216,0.0,189.27444277033555,105.28483005287812,0.0,7096.228285327531,3594.6808841781253,0.0,1419.0070974310647,406.1417052140815,0.0,3299.9399678445952,4554.437175144506,452.3880693377268,0.0,0.0,0.0,0.0,0.0,0.0,0.0,0.0,0.0,0.0,0.0,0.0,0.0,0.0,0.0,0.0,0.0,0.0,0.0
283,0.1217346120000022,0.0426772517740873,0.5367980165929184,-1.0302869668521495e-16,1.7375181815519765,3.1735150363828404,0.2838660691974258,0.2054594625605246,0.0,899.1958162866941,4713.181350743073,1388.5737373957363,0.0,251.5526441191248,199.03871097189025,0.0,6747.347096129259,3244.6503312769923,0.0,1666.9268227298926,660.2573067269035,0.0,3539.8898701661483,5098.8694015271685,757.6246822175945,0.0,0.0,0.0,0.0,0.0,0.0,0.0,0.0,0.0,0.0,0.0,0.0,0.0,0.0,0.0,0.0,0.0,0.0,0.0
284,0.1217346120000022,0.0392016734551504,0.5034182491686385,-1.0302869668521495e-16,1.851799594154936,3.394160893179272,0.2750945568039858,0.2342928405958623,0.0,697.6715125713605,4464.470538298826,1127.5520232403112,0.0,289.66811242158906,285.361137531007,0.0,6372.34928800016,2786.013004669346,0.0,1842.86129079195,859.5904987768171,0.0,3635.4388096634143,5513.949912408046,1014.9975213171848,0.0,0.0,0.0,0.0,0.0,0.0,0.0,0.0,0.0,0.0,0.0,0.0,0.0,0.0,0.0,0.0,0.0,0.0,0.0
285,0.1217346120000022,0.0355827723189378,0.4513713258737548,-1.0302869668521495e-16,1.873090824991972,3.5246186741848797,0.2664416718608552,0.2734862451287682,0.0,481.0795202619825,4348.532782341484,990.1366362476084,0.0,281.98404552742505,288.71960706532,0.0,6234.649444581403,2574.3682043677823,0.0,1877.1879763384552,943.9507824875508,0.0,3636.06880728678,5686.648659185516,1127.2604189269914,0.0,0.0,0.0,0.0,0.0,0.0,0.0,0.0,0.0,0.0,0.0,0.0,0.0,0.0,0.0,0.0,0.0,0.0,0.0
286,0.1215521478607228,0.0318922097740873,0.3915995967232312,-1.0302869668521495e-16,1.7929214301804095,3.537698020518791,0.2622621749708653,0.3170127742325395,13.538220701992692,270.51956202152815,4233.011068898228,848.1754881574093,0.0,277.79081079732634,292.0266082660421,0.0,6093.568556249278,2348.435018572085,0.0,1903.5040841824327,1026.2654551282744,0.0,3616.986853330775,5840.864376469398,1236.7557858142634,0.0,0.0,0.0,0.0,0.0,0.0,0.0,0.0,0.0,0.0,0.0,0.0,0.0,0.0,0.0,0.0,0.0,0.0,0.0
287,0.1088923933554838,0.0282016472292368,0.3195678741129569,-1.0302869668521495e-16,1.7054143051811457,3.452564234134069,0.2392508752612844,0.3537314533648436,399.70657891661847,610.8640221895819,4335.595687979004,825.2075223761343,0.0,382.5273653254996,287.94383971338453,0.0,6105.544484095827,2105.0758334725647,0.0,1646.1651065198291,902.5203117898548,0.0,3055.6086124849185,5179.662523211522,1070.5215889976655,0.0,0.0,0.0,0.0,0.0,0.0,0.0,0.0,0.0,0.0,0.0,0.0,0.0,0.0,0.0,0.0,0.0,0.0,0.0
288,0.0886706970099688,0.0266234320404104,0.243050669598481,-1.0302869668521495e-16,1.6475539811121953,3.362412599282397,0.2058025049700979,0.3663189164317401,2296.9504771749853,2645.266109764658,5153.758997722557,1097.8352914454165,0.0,935.7855784780836,300.95688740315643,0.0,6478.801350616516,1493.863078390533,0.0,381.5706833104314,154.8688122146726,0.0,542.9918914993557,1764.5063571143478,99.91150918002204,0.0,0.0,0.0,0.0,0.0,0.0,0.0,0.0,0.0,0.0,0.0,0.0,0.0,0.0,0.0,0.0,0.0,0.0,0.0
289,0.0692578685182743,0.0272725200000009,0.1651839457886477,-1.0302869668521495e-16,1.561863205328322,3.217692480927976,0.1748875559686135,0.3668215717076231,3244.328791815521,3108.9712267804507,5617.141107130276,1332.417352634089,0.0,1264.4871929644478,427.069836556442,0.0,6552.44526727869,1305.318416167582,0.0,1.6864845919981537,0.6703152289548684,0.0,2.356799820953024,840.5456257983255,0.4029022386803199,0.0,0.0,0.0,0.0,0.0,0.0,0.0,0.0,0.0,0.0,0.0,0.0,0.0,0.0,0.0,0.0,0.0,0.0,0.0
290,0.0492383891362145,0.0272725200000009,0.1275794996020956,-1.0302869668521495e-16,1.452796109231774,2.978181788073865,0.1506981765049818,0.3640926089578139,3206.6933284306265,3111.0,5621.133759512375,1313.965840631558,0.0,1226.931681263116,409.40758265109264,0.0,6519.80324266137,1238.211629589465,0.0,0.0,0.0,0.0,0.0,754.5204163736273,0.0,0.0,0.0,0.0,0.0,0.0,0.0,0.0,0.0,0.0,0.0,0.0,0.0,0.0,0.0,0.0,0.0,0.0,0.0,0.0
291,0.0284100419003339,0.0272725200000009,0.1065415696744186,-1.0302869668521495e-16,1.4169077028250745,2.722309155550525,0.1250571204518262,0.3331747395301739,3160.264621550882,3111.0,5623.296242510864,1292.3396551308892,0.0,1183.6793102617787,389.18010317056337,0.0,6483.3017782538745,1164.8835415384424,0.0,0.0,0.0,0.0,0.0,663.8254856126296,0.0,0.0,0.0,0.0,0.0,0.0,0.0,0.0,0.0,0.0,0.0,0.0,0.0,0.0,0.0,0.0,0.0,0.0,0.0,0.0
292,0.0086449876833268,0.027021310748004,0.0883638270502581,-1.0302869668521495e-16,1.440382186036313,2.4814060147095574,0.0960997891516212,0.2917566580066259,2995.2625290200317,2811.853243891684,5818.901331386337,1390.2814518048103,0.0,1062.1304941314752,352.5672802558203,0.0,6695.147823682428,1283.8457877203582,0.0,0.0,0.0,0.0,0.0,618.7006403331613,0.0,0.0,0.0,0.0,0.0,0.0,0.0,0.0,0.0,0.0,0.0,0.0,0.0,0.0,0.0,0.0,0.0,0.0,0.0,0.0
293,2.8907009357397594e-06,0.0246260988363326,0.0765325505397105,-1.0302869668521495e-16,1.4469307323821057,2.139433466729024,0.0839497316840709,0.25097949814754,2677.6935606134234,1833.7402427753852,6303.842639863934,1782.8553929036216,0.0,876.6425210815445,409.0212908668003,0.0,7333.336284935543,1852.336276508016,0.0,0.0,0.0,0.0,0.0,900.9064408630276,0.0,0.0,0.0,0.0,0.0,0.0,0.0,0.0,0.0,0.0,0.0,0.0,0.0,0.0,0.0,0.0,0.0,0.0,0.0,0.0
294,1.7461587731304444e-15,0.0243492287441869,0.0765335607308971,-1.0302869668521495e-16,1.4038950925057525,1.7470296534266248,0.0840489479999989,0.2314694670181563,2308.02446042044,668.7092953625257,6781.706849548714,2223.5925804442904,0.0,673.8855737752028,527.4619603191256,0.0,8000.719581021351,2541.1094193096365,0.0,217.82400954607567,229.96348815506843,0.0,267.35356788788863,1380.4782474136516,0.0,0.0,0.0,0.0,0.0,0.0,0.0,0.0,0.0,0.0,0.0,0.0,0.0,0.0,0.0,0.0,0.0,0.0,0.0,0.0
295,1.7461587731304442e-15,0.0242709777807318,0.0769248155481729,-1.0302869668521495e-16,1.3939827499000157,1.4417290354376395,0.0823892226007238,0.2110218442325395,2227.9264087827755,436.7904820136124,6707.673573012868,2228.350660735952,0.0,622.1379658246689,614.0912987110282,0.0,7968.307914423243,2677.6090765656545,0.0,453.0376521720766,500.894737753182,0.0,570.9020037638139,1668.7286466581734,0.0,0.0,0.0,0.0,0.0,0.0,0.0,0.0,0.0,0.0,0.0,0.0,0.0,0.0,0.0,0.0,0.0,0.0,0.0,0.0
296,1.7461587731304442e-15,0.0241910794285723,0.0788603884859276,-1.0302869668521495e-16,1.4637076146156665,1.1731134690851936,0.0760352256478395,0.186429586800959,2212.081340142101,459.786639695517,6584.629562225104,2143.207288823883,0.0,614.1336316200353,641.7149781697376,0.0,7814.974702692173,2616.4303405598894,0.0,506.4963864566771,571.2307346742604,0.0,628.9166513646288,1772.7890912251935,0.4629515228515147,0.0,0.0,0.0,0.0,0.0,0.0,0.0,0.0,0.0,0.0,0.0,0.0,0.0,0.0,0.0,0.0,0.0,0.0,0.0
297,1.7461587731304442e-15,0.0241045915215955,0.0836379245182725,-1.0302869668521495e-16,1.5095259668203256,0.9533895899064736,0.0661760319399427,0.2275056156079547,2191.7885591162017,493.2146683199286,6483.59123062264,2067.0692924279165,0.0,613.7290119785855,656.4777641328243,0.0,7677.017753733691,2544.0783641975845,0.0,551.9637428501404,627.5092687050727,0.0,664.1588095363265,1853.504302195068,8.632153655288063,0.0,0.0,0.0,0.0,0.0,0.0,0.0,0.0,0.0,0.0,0.0,0.0,0.0,0.0,0.0,0.0,0.0,0.0,0.0
298,1.7461587731304442e-15,0.0243186202620607,0.0928190194540865,-1.0302869668521495e-16,1.4907906522777248,0.7806637849299746,0.0520183575747498,0.3325925410564601,2260.4537450980465,596.0718715346358,6255.005338920992,1948.6610012436956,0.0,668.9049790589228,700.3164252387955,0.0,7404.409516645087,2361.032310654332,0.0,600.7033064870525,693.9010258723828,0.0,673.2536669315211,1899.2559055643123,56.87284726972309,0.0,0.0,0.0,0.0,0.0,0.0,0.0,0.0,0.0,0.0,0.0,0.0,0.0,0.0,0.0,0.0,0.0,0.0,0.0
299,1.7461587731304442e-15,0.0266175285473431,0.1069242786627908,-1.0302869668521495e-16,1.4513684621162617,0.7209070612201077,0.0383359706910288,0.4339529188131041,2355.317982054132,689.9466120261328,5981.169725139316,1783.2401271747822,0.0,720.7791139682673,713.8154878805358,0.0,7080.201229412011,2089.6332621963325,0.0,583.8518617928042,677.5994121345653,0.0,612.1673793502451,1827.851802438994,92.4198883622941,0.0,0.0,0.0,0.0,0.0,0.0,0.0,0.0,0.0,0.0,0.0,0.0,0.0,0.0,0.0,0.0,0.0,0.0,0.0
300,1.7461587731304444e-15,0.0267766560000009,0.1114161928504984,-1.0302869668521495e-16,1.4142706211303309,0.714220333686151,0.0245139676146168,0.5285811719694944,2374.658375792199,699.2833538307167,5816.576305327081,1631.3179998116248,0.0,709.441641776987,671.1332396310095,0.0,6870.124538808875,1873.9545265104448,0.0,509.8248374850322,582.7647918051493,0.0,522.9348041035794,1698.871383509957,78.94830375853739,0.0,0.0,0.0,0.0,0.0,0.0,0.0,0.0,0.0,0.0,0.0,0.0,0.0,0.0,0.0,0.0,0.0,0.0,0.0
301,1.7461587731304442e-15,0.0267766560000009,0.1153229751627908,-1.0302869668521495e-16,1.3313078225752082,0.6813521037864323,0.0127807749681999,0.6309585225448322,2465.863524466982,740.7116681056044,4811.251100766992,705.5588305943132,0.0,627.2068983655853,390.6785399804781,0.0,5582.864914040526,563.028361775106,0.0,69.96551264095663,25.16810264228828,0.0,0.4061344372975235,899.2386413558079,0.0613147655710758,0.0,0.0,0.0,0.0,0.0,0.0,0.0,0.0,0.0,0.0,0.0,0.0,0.0,0.0,0.0,0.0,0.0,0.0,0.0
302,1.7461587731304442e-15,0.0267766560000009,0.1181150342577125,-1.0302869668521495e-16,1.1820180457418,0.654250539588047,0.0053881966046499,0.7447969651437888,2303.590041153374,651.3229803038286,4530.300194456614,497.4634845184866,0.0,527.3703462817485,221.01112384771807,0.0,5198.055626258247,297.1643397518882,0.0,34.57467473540216,12.283108129682349,0.0,0.0,643.1576602296908,0.0,0.0,22.22275000181145,0.0,115.0305096968765,27.833994377268837,0.0,0.0,11.528051563439687,0.0,179.58759845213876,65.86267531786868,0.0,6.972387813068342,28.55623375232771,0.0,54.417959066935786,91.72440063247674,29.66737125241828,0.0
303,1.7461587731304442e-15,0.0256868589504328,0.113727149724917,-1.0302869668521495e-16,1.0162645203659637,0.627326672933429,0.0001348222915602,0.8239452329852319,1767.1674207491983,411.3800965943993,3778.359094695198,213.97286903399964,0.0,313.3667178755995,39.34339849979994,0.0,4180.180239175397,26.228932333199957,0.0,0.0,0.0,0.0,0.0,285.75731541959954,0.0,0.0,247.8119508800009,0.0,1282.7366107426049,310.3844684772011,0.0,0.0,128.55244951900045,0.0,2002.6303280490072,734.4526694206028,0.0,77.75099958860028,318.4383568808012,0.0,606.8295147174023,1022.8438272572038,330.8289544248012,0.0
304,1.7461587731304442e-15,0.0213081491960142,0.0982725020730897,-1.0302869668521495e-16,0.90339907398055,0.5838543565578952,-1.231015289704375e-15,0.837284935976413,283.3234445659308,0.0,1836.7409190936517,0.0,0.0,0.0,0.0,0.0,1746.5219812953976,0.0,0.0,0.0,0.0,0.0,0.0,0.0,0.0,0.0,1174.0362694022556,163.58026791091703,4615.850537226953,1327.932167714068,0.0,50.20402559169977,569.1171307693512,0.0,6932.009385766489,2565.779056420423,0.0,187.9071111543721,1090.9578052672823,0.0,1611.0504545732404,3009.3788736425627,999.2547862806208,0.0
305,0.0013362745022491,0.0184615745710386,0.0835103649497751,-1.0302869668521495e-16,0.807310522365431,0.4990144370865812,0.0023624684580796,0.843402999979657,34.22823976849772,0.0,1452.6931966187076,0.0,0.0,0.0,0.0,0.0,1388.5735101714345,0.0,0.0,0.0,0.0,0.0,0.0,0.0,0.0,0.0,1435.5294358511123,493.3682619726141,5067.650478778194,1645.617569584405,0.0,105.382238684643,635.0787228216404,0.0,7266.136770021103,2742.5678196908534,0.0,98.27468350499876,1102.7664544388058,0.0,1326.9685367462228,2751.0561503114927,935.1716407364556,0.0
306,0.0192399980355694,0.0280542059402001,0.0701845246644517,-1.0302869668521495e-16,0.678639983997638,0.5266578456572281,0.010672607720929,0.8511454200234325,0.0,0.0,1347.8079673047532,0.0,0.0,0.0,0.0,0.0,1308.7066128019087,0.0,0.0,0.0,0.0,0.0,0.0,0.0,0.0,0.0,1493.043411231234,577.4746151518157,5280.734796684698,1791.2434280162863,0.0,98.25875861823415,613.494026047349,0.0,7399.598187977324,2846.91070148802,0.0,49.37169480706091,1062.2221199012224,0.0,1225.2497262256268,2622.2428420653755,898.8517363627808,0.0
307,0.0591442863812839,0.0395974585913629,0.0552196456744185,-1.0302869668521495e-16,0.5560438103852244,0.5939128077175443,0.0189466174883708,0.7940083200805642,0.0,0.0,1086.644847395536,0.0,0.0,0.0,0.0,0.0,1108.413255435001,0.0,0.0,0.0,0.0,0.0,0.0,0.0,0.0,0.0,1373.617769170202,441.7682882523644,5657.595482618657,2161.23238628145,0.0,50.84665811268844,347.8625709066125,0.0,7757.581928740331,3180.917362560733,0.0,20.679891794311796,805.262992588628,0.0,1079.137343724903,2275.658687639418,711.4639422613888,0.0
308,0.1264163918543539,0.051022922950167,0.0403985013488372,-1.0302869668521495e-16,0.4359221146046343,0.6631663390469176,0.027151716986311,0.6898335425413784,0.0,0.0,842.2267342612222,0.0,0.0,0.0,0.0,0.0,913.813413217808,0.0,0.0,0.0,0.0,0.0,0.0,0.0,0.0,0.0,1243.501276799705,315.5774548806341,6002.184842842659,2482.8234469536364,0.0,0.0,72.44790045165452,0.0,8007.577679048761,3417.857789658033,0.0,0.0,494.91099787998894,0.0,845.8930106000553,1846.396492211264,472.6187608074477,0.0
309,0.2408835989759642,0.0641134612155569,0.0298887186202852,0.0004311797670509,0.3135034809732098,0.7558130868649664,0.039500262657806,0.5681158521305294,0.0,0.0,807.4698973207767,0.0,0.0,0.0,0.0,0.0,875.4622898866099,0.0,0.0,0.0,0.0,0.0,0.0,0.0,0.0,0.0,1263.5601543536695,351.28310141146704,5860.888530819204,2284.8916552046558,0.0,0.0,107.74830285641956,0.0,7648.505496366957,3019.549939668636,0.0,0.0,377.4305556641463,0.0,645.0873550704462,1671.8156972922172,360.42117317518455,0.0
310,0.3915879928784921,0.0798423409435224,0.0296744127308969,0.0110330703897645,0.2006799848448268,0.8640134896812106,0.0618643704878759,0.4507280205846994,0.0,0.0,696.1175242956953,0.0,0.0,0.0,0.0,0.0,719.3395715252369,0.0,0.0,0.0,0.0,0.0,0.0,0.0,0.0,0.0,1308.851800728254,431.87065441432486,5541.952941574797,1838.0358266347453,0.0,0.0,187.4237405955624,0.0,6837.908328347716,2120.3464584857784,0.0,0.0,112.18575128061607,0.0,191.75869378641517,1277.7125061900397,107.17467049498838,0.0
311,0.5919699217230636,0.0946327676863293,0.0287133168359555,0.0335850648525041,0.1080651866462567,1.0164958830547297,0.1427363624384115,0.33757072437057,0.0,0.0,1076.7945052202322,0.0,0.0,0.0,0.0,0.0,845.4540456255965,0.0,0.0,0.0,0.0,0.0,0.0,0.0,0.0,0.0,1383.2269483234948,504.1132495991793,5115.763285514328,1225.6860819484991,0.0,0.0,233.1017900322816,0.0,6155.692898534251,1295.334527928808,0.0,0.0,51.6862024425034,0.0,2.131551761700579,1060.7149380043516,1.1919032040278386,0.0
312,0.8100106570553086,0.0976852080000006,0.0278929072050028,0.0894330019065858,0.0745479405143472,1.0816123864115768,0.2671883265647827,0.217560015058023,20.31630195841336,0.0,1822.8738920876729,0.0,0.0,0.0,0.0,0.0,1278.6794473665402,0.0,0.0,0.0,0.0,0.0,0.0,0.0,0.0,0.0,1607.8998522813893,660.3527953980043,3928.8037092742607,0.957399980480066,0.0,0.0,283.1662045044184,0.0,4762.371547355384,1.0102340606642304,0.0,0.0,141.26707367528053,0.0,0.0,847.6915435080701,0.0,0.0
313,1.0148946887794563,0.0976852080000006,0.0443831386176846,0.2435458909358547,0.1262646616521685,1.1012974701129654,0.4109937336892398,0.1630930499148803,819.1828934348234,23.608486508153437,3809.372783948272,381.4358733467584,0.0,1.5046412236175828,0.0,0.0,3882.511776277505,273.116704012952,0.0,0.0,0.0,0.0,0.0,55.35825835226356,0.0,0.0,1865.231569843858,838.9765831101403,2569.939887590192,0.0,0.0,0.0,340.15375033694414,0.0,3169.4237102473626,0.0,0.0,0.0,243.1525676449582,0.0,0.0,605.6596119045371,0.0,0.0
314,1.207937707855521,0.0976852080000006,0.090384647228105,0.5773472978217288,0.263564895109618,1.118489951614061,0.5795962638097111,0.1828659120398485,1132.184354258791,36.97384134317649,4408.3542446777465,629.1312742642331,0.0,6.787645585398527,0.0,0.0,4897.491325139736,535.0560003116209,0.0,0.0,0.0,0.0,0.0,249.72879382945416,0.0,0.0,1970.6319614109425,912.1552204125252,2013.4108460451523,0.0,0.0,0.0,363.4901570129103,0.0,2517.044233178257,0.0,0.0,0.0,284.8855258292532,0.0,0.0,506.52238290646346,0.0,0.0
315,1.3630267875739397,0.0961316027812062,0.1843796941582482,1.1194432381598742,0.4212809474950002,1.104393753992822,0.7545639713548022,0.2030871377028765,907.0969542801269,26.47165664806904,4328.228874535334,659.4429133085715,0.0,42.64366870062485,0.0,0.0,5233.293790523819,975.0639116713168,0.0,5.439453583334236,9.976290414848815,0.0,26.41341652693306,1371.4072541367625,9.786265835518362,0.0,1951.438359514557,1320.881801190859,307.4794958533974,0.0,0.0,0.0,184.9064279511168,0.0,429.75372534531215,0.0,0.0,0.0,169.37418004668422,0.0,0.0,120.08068210700388,0.0,0.0
316,1.479621188955536,0.0822631786445189,0.3385511460000001,1.742813584134677,0.6095248233212209,0.9845288004802036,0.9563700645586484,0.2215037667109448,857.1730943232668,20.49685485572185,4271.034502120392,713.5193308291932,0.0,94.06198310684805,26.92229302607374,0.0,5367.982997728492,1154.0972367322831,0.0,199.7893592602544,323.93844310433303,0.0,677.5093863904339,2445.507170118609,303.73332322723166,0.0,1484.220986751341,1162.9469698329187,0.0,0.0,0.0,0.0,0.0,0.0,0.0,0.0,0.0,0.0,0.0,0.0,0.0,0.0,0.0,0.0
317,1.525385550434726,0.0661986676943529,0.4981769337408638,2.3429757841569203,0.8054418636541875,0.8404959994531781,1.11321049142659,0.2477145271655995,1216.4126125156945,14.336236600387569,4151.036272554451,596.2991236550844,0.0,254.3672169714505,300.88477430331926,0.0,5184.069830152436,813.401353514793,0.0,768.7495657909823,1070.0351146637374,0.0,1415.5792426149078,3540.685744496834,963.4997105273216,0.0,1065.7100054214195,597.7562114891634,0.0,0.0,0.0,0.0,0.0,0.0,0.0,0.0,0.0,0.0,0.0,0.0,0.0,0.0,0.0,0.0
318,1.518572436654295,0.0502964245315624,0.6549747607340237,2.9077031793675934,0.9845218695829452,0.6995806201547846,1.2710548518186404,0.320808422410769,1723.9484715370445,7.325233173164636,3668.8387195923688,424.8148006498841,0.0,343.70161022441573,644.0382347057682,0.0,4524.541897735006,448.72228414528473,0.0,897.0136527644514,1319.9668350443828,0.0,1077.6010942417854,3194.7128489796755,880.9814232677584,0.0,613.6739183077839,11.044391147890387,0.0,0.0,0.0,0.0,0.0,0.0,0.0,0.0,0.0,0.0,0.0,0.0,0.0,0.0,0.0,0.0
319,1.4515020339983733,0.0334205746445192,0.807085472490942,3.4127336258546923,1.1607307941821468,0.5301520802113782,1.452766544701558,0.4174855814998877,1063.201229043564,32.05790305980753,2191.4906699231155,297.02241548733883,0.0,208.24414460713817,391.45968749759953,0.0,2704.0283894823256,301.1823450227066,0.0,485.9177172016435,744.2431408617944,0.0,571.8590292034141,1761.0103260418305,468.7008511080302,0.0,496.93696734675706,0.0,0.0,0.0,0.0,0.0,0.0,0.0,0.0,0.0,0.0,0.0,0.0,0.0,0.0,0.0,0.0,0.0
320,1.3262999534660225,0.0176805992691039,0.9284886789096944,3.699859976130168,1.3108104934956069,0.3888668150268879,1.5835606664107496,0.5003932331579403,1548.009506287343,289.0817247522815,3144.2638946955344,662.0664572058025,0.0,280.813818941291,461.2145799364633,0.0,3839.488666465423,670.9499718987739,0.0,279.56320594070536,637.7912405500964,0.0,366.4804091442869,1573.5460048010573,315.3053671307672,0.0,363.4781440185288,0.0,0.0,0.0,0.0,0.0,0.0,0.0,0.0,0.0,0.0,0.0,0.0,0.0,0.0,0.0,0.0,0.0
321,1.15625056183467,0.0033756448129772,1.0279888181285897,3.750105180748092,1.5316833573171618,0.3562456269415737,1.6425070232128174,0.6528746631533927,2151.1646376493773,534.4783745972463,4395.297222214715,1033.0040987149514,0.0,345.56173008402493,531.5389013750915,0.0,5310.763797288748,968.5470676818272,0.0,141.14451699402375,587.4210480549895,0.0,232.5380357842964,1503.7863712796177,216.9943985640045,0.0,347.7246179549032,0.0,272.29172350495486,0.0,0.0,0.0,0.0,0.0,583.9992910219689,0.0,0.0,0.0,0.0,0.0,0.0,27.825058553330116,0.0,0.0
322,0.9571766742227262,9.113354312380289e-05,1.077996227693021,3.699891179918669,1.7433036119433718,0.4495853258838607,1.6313665147845822,0.841806748481844,1994.401644063871,501.6143235211019,4403.052922550976,882.0565616912238,0.0,134.5244707358916,205.13308597288943,0.0,5105.967957621355,384.1644089671731,0.0,44.84149024529721,218.85324343600277,0.0,79.64384088343832,563.865007935267,75.96282302748108,0.0,291.98791306376273,0.0,1948.7507152723128,19.51267892686789,0.0,0.0,0.0,0.0,2808.5535910416734,186.93041511753125,0.0,0.0,0.0,0.0,6.568624589242655,352.31369595814266,0.0,0.0
323,0.7621734599446306,0.0039191377275756,1.103307680925801,3.552825229483941,1.917447987040958,0.6493176476633516,1.5805696422414155,1.0211749815680902,1595.184283926896,387.6517204820634,4097.071250695836,551.0385017668773,0.0,0.0,0.0,0.0,4410.625241806739,0.0,0.0,0.0,0.0,0.0,0.0,0.0,0.0,0.0,182.358451771025,0.0,3769.1402950649554,407.3670570706519,0.0,0.0,0.0,0.0,5354.733510602814,1264.1097313790783,0.0,0.0,0.0,0.0,278.1547887942776,1077.11276682464,22.516199861955663,0.0
324,0.5711838800507656,0.0095729757607982,1.0970017722753491,3.209310833236146,2.0715457618572595,0.9118508332592762,1.4466800075920276,1.123186867465497,1299.0714361614346,301.9098172481942,3861.416790705329,303.3781387778219,0.0,0.0,0.0,0.0,3882.7536993173744,0.0,0.0,0.0,0.0,0.0,0.0,0.0,0.0,0.0,111.587066950855,0.0,4570.774443564844,1097.4982581756235,0.0,0.0,0.0,0.0,6673.864201721741,2586.0315627008963,0.0,0.0,0.8046594536585957,0.0,942.7787784063304,1680.454370903106,179.55209888661796,0.0
325,0.4227939710581409,0.0149006308305656,1.0396870373646194,2.657798933080566,2.3017767665431736,1.2591772660714358,1.2695029440274086,1.2146695766835354,1137.9575765509396,184.6744334316065,3226.7394394162698,47.87592575189395,0.0,0.0,0.0,0.0,2887.905908657331,0.0,0.0,0.0,0.0,0.0,0.0,0.0,0.0,0.0,100.6335514293308,0.0,5321.787626894934,1881.1539486113368,0.0,0.0,0.0,0.0,7894.489890951842,3969.888981297106,0.0,0.0,54.67107377303808,0.0,1727.231169031417,2330.34741008756,495.4521024936007,0.0
326,0.3009600801282917,0.0203370135548181,0.917255401739588,2.0430163089867106,2.4782090264022347,1.635619981179154,1.0632422049529755,1.2959074261425851,1190.8594945794723,127.38437374658422,2747.733364521444,0.0,0.0,0.0,0.0,0.0,2254.25789403064,0.0,0.0,0.0,0.0,0.0,0.0,0.0,0.0,0.0,94.2424668809677,0.0,4982.8179169564255,1934.6142089738075,0.0,0.0,0.0,0.0,7427.229257609947,3992.465524934137,0.0,0.0,117.03388338147413,0.0,1798.0636120232691,2289.264352494424,546.1625489824067,0.0
327,0.2170357911403667,0.0380790295340539,0.7790773516669446,1.447449770556477,2.563888887899484,1.9548478939285792,0.8967990277450167,1.2937363407533062,1075.6062957213287,76.84970284704552,2198.1409710075163,0.0,0.0,0.0,0.0,0.0,1558.50722610359,0.0,0.0,0.0,0.0,0.0,0.0,0.0,0.0,0.0,84.50996609463941,0.0,2600.6541295016427,1004.0953010321384,0.0,0.0,0.0,0.0,3870.140423376886,2076.1427331469854,0.0,0.0,87.341186025078,0.0,965.9572275053883,1230.128537483337,309.38050215310847,0.0
328,0.1575683365315628,0.0818358871993363,0.656135049303988,0.9046519924161128,2.6474517017890182,2.305219431408644,0.7342934672666108,1.2219106394127748,535.2560367447799,52.48082633982748,1428.747182932406,0.0,0.0,0.0,0.0,0.0,654.1615094762641,0.0,0.0,0.0,0.0,0.0,0.0,0.0,0.0,0.0,72.98928634287626,0.0,3136.260189643115,1153.3776260625075,0.0,0.0,0.0,0.0,4603.153019070361,2425.9901297620167,0.0,17.48345560291494,372.8228229475313,0.0,1445.2981595551164,1842.934933437493,620.7622794943785,0.0
329,0.1110852209663923,0.1211992106710972,0.5508724925850272,0.4616108236109075,2.722614715731424,2.591305767917179,0.5609231152916613,1.1428815645476156,756.3266813540317,62.60712218427944,1394.228074894467,0.0,0.0,0.0,0.0,0.0,574.5748259188648,0.0,0.0,0.0,0.0,0.0,0.0,0.0,0.0,0.0,85.03298657835428,0.0,5588.250723612519,2038.0489877732373,0.0,0.0,0.0,0.0,8166.402564316899,4256.7075471627295,0.0,44.47586678995572,756.0176638390066,0.0,2630.50417948018,3384.412039980381,1176.8874174863586,0.0
330,0.0828810709373139,0.1641169811960143,0.4531199479642726,0.1521697132167069,2.785886115324643,2.831643052255983,0.3956605693208431,1.0790670533062283,1013.6038843057574,73.56558375577946,1354.1657287689031,0.0,0.0,0.0,0.0,0.0,482.2200705712587,0.0,0.0,0.0,0.0,0.0,0.0,0.0,0.0,0.0,188.46096075799448,0.0,5585.907352965556,2041.637172247517,0.0,0.0,0.9861112918525926,0.0,8076.851667054004,4025.8475981050137,0.0,45.90640828417087,803.2496220374792,0.0,2455.489783982906,3323.288000182449,1143.1323473734851,0.0
331,0.0596997034155391,0.2107487895548186,0.3746294496731408,0.080543019712239,2.6105197313214816,2.887063990185289,0.2362009133559924,0.9497022270973492,1181.0801966569747,4.287702270572544,1344.5756000358856,0.0,0.0,0.0,0.0,0.0,458.2216707925685,0.0,0.0,0.0,0.0,0.0,0.0,0.0,0.0,0.0,626.4901431857359,0.0,5487.771231059067,1964.6570399951397,0.0,0.0,289.02893851547213,0.0,7692.468835416179,3406.070665403985,0.0,32.850000406602106,842.929247346449,0.0,1838.448908978176,2900.4440835826576,969.8699887484988,0.0
332,0.0471523831893699,0.2514330690303261,0.3628111265848588,0.0983922882623856,2.422231777399579,2.864551823969472,0.131950209558775,0.8142292803587863,1124.7036671293558,0.0,1414.1668371175467,0.0,0.0,0.0,0.0,0.0,696.9744389254753,0.0,0.0,0.0,0.0,0.0,0.0,0.0,0.0,0.0,1016.1146065411016,0.0,4969.15999840119,1433.5583752786429,0.0,0.0,398.5338380954945,0.0,6987.680889379412,2429.8839752692274,0.0,0.4415866198140865,730.168523876222,0.0,1099.099320659498,2324.0388032730866,706.6707471497313,0.0
333,0.0363895809368782,0.275892286877656,0.3502887726118742,0.1179548218691296,2.219613289235865,2.775236726332232,0.0511381864402705,0.6918036425165224,836.0672870598333,0.0,2549.777221446138,0.0,0.0,0.0,0.0,0.0,2085.214923874505,0.0,0.0,0.0,0.0,0.0,0.0,0.0,0.0,0.0,1409.1764588796011,66.2992294582369,4199.063614438463,714.6805184444597,0.0,45.52059267783804,464.54338290360687,0.0,6045.334707932834,1297.1288562826378,0.0,0.0,576.1563991899463,0.0,390.9687210571775,1802.92930659793,461.5803923644499,0.0
334,0.0257939287328311,0.2718537313754169,0.3259911774574464,0.1525465466312266,1.9425468605697185,2.5429552709653933,0.021470027600603,0.6030000823052671,614.0752768437685,0.0,3765.6394255914,0.0,0.0,0.0,0.0,0.0,3515.967159255088,0.0,0.0,0.0,0.0,0.0,0.0,0.0,0.0,0.0,1756.1239313903563,241.4041409315004,3383.5097892122376,75.48036552816333,0.0,126.3020354981656,527.3421990279941,0.0,4993.404735403908,316.89170297001704,0.0,0.0,464.7302850200496,0.0,11.299455917389722,1464.6145502746624,312.0346528356756,0.0
335,0.0167676129440883,0.2663086209966793,0.2996748318139535,0.1857481763067759,1.5572694619263294,2.2205898402293105,0.0738984748712791,0.5146055876963119,587.6123856601045,0.0,3979.678708590256,22.515704031178505,0.0,0.0,0.0,0.0,3891.798992886045,8.486311105433293,0.0,0.0,0.0,0.0,0.0,0.0,0.0,0.0,1864.7390275411492,419.3702118596098,2891.158483526056,0.0,0.0,174.9101491882083,578.9557484913155,0.0,4301.650880230061,58.47267456999141,0.0,0.0,499.1541864128877,0.0,0.0,1374.2319696527582,318.2088405673331,0.0
336,0.0130548519094697,0.2611440574086393,0.2796232283521593,0.2223870244609606,1.242736138039023,1.8992580148031604,0.1665641084750819,0.432632296522407,578.5502604133966,0.0,4219.4661091741145,336.69604546328486,0.0,0.0,0.0,0.0,4337.541116003255,169.45172084314112,0.0,0.0,0.0,0.0,1.1186303443704189,49.9006405793065,0.0,0.0,1574.9410166247917,399.8584405603319,2270.787864919411,0.0,0.0,157.84094068887035,496.3744448795264,0.0,3391.8995331210444,0.0,0.0,0.0,430.9156773913528,0.0,0.0,1125.1834511012412,272.2851994101168,0.0
337,0.024786610445184,0.2445085863998005,0.2693075678016678,0.3459001858634714,0.9981544633355331,1.6101736184564728,0.3144007151106365,0.3895699271662826,747.3706118848773,0.0,4550.617278093018,794.0975267983404,0.0,0.0,0.0,0.0,5180.419027830347,785.1498875269217,0.0,0.0,0.6802740069868255,0.0,20.85086350560457,575.3410495735084,0.0,0.0,1162.877862054686,295.24037976694746,1676.667313328687,0.0,0.0,116.54396645208485,366.5049294112749,0.0,2504.4549718992635,0.0,0.0,0.0,318.1722135624428,0.0,0.0,830.793163269977,201.04683080215372,0.0
338,0.0426027462887244,0.1970848658577078,0.3241633892348781,0.6481398931002297,0.7583578748721725,1.2458876887928372,0.5011199625783229,0.36180911182948,855.6320869471632,0.0,4801.219977986191,1098.519555975335,0.0,0.0,0.0,0.0,5928.516547645754,1409.602945995457,0.0,0.0,58.37367358564391,0.0,248.3408477290155,1334.833932794554,10.18867924528302,0.0,704.6543071414287,178.9104166829561,1016.0240808899812,0.0,0.0,70.61839776474605,222.079440892016,0.0,1517.6353723112502,0.0,0.0,0.0,192.81782170801543,0.0,0.0,503.4350273726353,121.84608504958548,0.0
339,0.0608795790458485,0.1550036268837214,0.5126016339747516,1.1716540187667757,0.5566909358245705,0.931528243359476,0.7147110778604642,0.3380418923906781,773.4560950171727,0.0,4951.129103954254,1196.2254967542392,0.0,0.0,0.0,0.0,6180.970770171369,1643.938059017101,0.0,8.426865188541834,232.4802233371096,0.0,625.3339537141932,1883.8038535541527,67.58868029706353,0.0,277.88431150397065,70.56192049344759,400.706284646346,0.0,0.0,27.008829864450085,84.83663666883685,0.0,598.5447783527089,0.0,0.0,0.0,73.7187089093136,0.0,0.0,192.4146008887058,46.56552866270079,0.0
340,0.0835901813286541,0.1145618815813956,0.829005253596942,1.8769614119864584,0.4075168128321794,0.6723432813198852,0.9357011494018675,0.3090006837276804,709.6328182163282,0.0,5002.281089942808,1300.429727514298,0.0,0.0,11.074318785744977,0.0,6282.105225806047,1744.4415005694168,0.0,128.63723036138146,369.1802762818133,0.0,908.79764098799,2278.793960532957,282.9300933593082,0.0,60.9121227624708,15.446080842747662,176.34048222067938,0.0,0.0,0.0,0.0,0.0,261.83570503876854,0.0,0.0,0.0,0.0,0.0,0.0,0.0,0.0,0.0
341,0.1072619398070442,0.0720567819269107,1.2211688690144873,2.674266295778074,0.3864557433456319,0.4837741108289753,1.133370019528505,0.2618728127497485,833.2755531758922,0.0,4881.586563098416,1255.2700334738113,0.0,12.3753053419348,168.88511097805855,0.0,6090.677084767459,1596.240984427623,0.0,445.016877568634,710.3603009728082,0.0,1240.6698266579265,2892.4726569723366,575.6494699691054,0.0,38.54942573228074,9.747833825224657,440.4540849273856,0.0,0.0,0.0,0.0,0.0,651.0619039887126,0.0,0.0,0.0,0.0,0.0,0.0,0.0,0.0,0.0
342,0.1260340058026197,0.03037702401329,1.615391812683217,3.44425627523862,0.3714833102708457,0.3323959445956663,1.2978000459245642,0.2099539245049647,1166.0313405441636,22.108387843041186,4416.875548772276,858.5607510312412,0.0,176.27075721669326,420.3751366931075,0.0,5543.729852890906,1068.0707699904683,0.0,664.7025439108716,980.93834115715,0.0,1192.5226902615018,3119.235609863551,744.7602815585801,0.0,256.3993144192466,134.25632402978496,692.5293706241021,0.0,0.0,0.0,0.0,0.0,1022.527885706778,0.0,0.0,0.0,0.0,0.0,0.0,0.0,0.0,0.0
343,0.1371327542192701,0.0012139852717899,2.005628239622256,4.097857355025384,0.3724268117740702,0.2063268477641949,1.442362978173745,0.1587357859933372,1472.6098393159862,124.21498045615697,4281.770176954426,750.5111696915145,0.0,270.4760839249857,550.078887342281,0.0,5383.380522961917,899.7467973464808,0.0,626.5394538889084,974.7534399167348,0.0,923.1605985403748,2854.151945097497,622.6096525242149,0.0,1287.6696711872646,677.3238818476897,954.395876951754,0.0,0.0,0.0,0.0,0.0,1408.5746731132667,0.0,0.0,0.0,0.0,0.0,0.0,0.0,0.0,0.0
344,0.1449101850821798,8.66862137627325e-16,2.3421720773715324,4.590676943334304,0.3744038491746845,0.158988660159473,1.5667853008768244,0.1064723793488188,1645.840380042188,218.5924333127195,4230.175409273042,606.243325453073,0.0,327.1030668235184,528.7086485666259,0.0,5257.921562813815,721.6017625349399,0.0,402.9851935619921,722.3435578026849,0.0,557.8363295116561,2430.6802934878906,407.35729544961816,0.0,1398.591670643102,603.6558877590013,1213.7343079466125,0.0,0.0,0.0,0.0,0.0,1790.7565610008326,0.0,0.0,0.0,0.0,0.0,0.0,0.0,0.0,0.0
345,0.1492763942516619,8.66862137627325e-16,2.530840537300666,4.830229997367123,0.3596658643056316,0.1167265503388749,1.6097836765639528,0.0541692980930045,1824.714230974515,321.4397999421334,4087.953451136252,69.41722702876605,0.0,377.387008131341,492.6196016068686,0.0,5011.782082753442,82.58895790469366,0.0,45.34924694269136,82.20804026901233,0.0,62.430395658506136,1998.8430409067903,45.91059924790593,0.0,1199.6180709923,239.1584179562145,1473.4540847629005,0.0,0.0,0.0,57.63929543891174,0.0,2173.590457435901,0.0,0.0,0.0,0.0,0.0,0.0,297.4635912414508,0.0,0.0
346,0.1441507703029628,8.66862137627325e-16,2.583292905125328,4.850392261390275,0.3267008568977009,0.076975060903659,1.5946759461171962,0.0128137573758209,1997.3249429460584,434.449214414918,3710.522365225207,0.0,0.0,403.4674098654044,422.0059518309311,0.0,4460.894966674264,0.0,0.0,0.0,0.0,0.0,0.0,1602.5329779551678,0.0,0.0,748.5846145837584,1.694096277196725,1747.9887262655352,0.0,0.0,0.0,130.77123761095646,0.0,2566.314295427165,0.0,0.0,0.0,1.6747881075669395,0.0,0.0,801.1385234721324,1.5866413650634166,0.0
347,0.1299229575548185,8.66862137627325e-16,2.576563428081992,4.719160300741184,0.2846522942192539,0.0351313878139586,1.527283888155205,0.012792330741284,2204.806993469628,572.6697276139976,3214.838882245738,0.0,0.0,430.84121827375407,330.9015274023422,0.0,3743.757904368003,0.0,0.0,0.0,0.0,0.0,0.0,1129.6079479131313,0.0,0.0,711.4814579767249,0.0,2797.859405778679,80.26239995785569,0.0,0.0,168.67079326803417,0.0,3907.484909794236,316.5797011718826,0.0,0.0,160.12775654266966,0.0,101.98475234948008,1206.2809001009527,186.1153427831605,0.0
348,0.1122855547183758,8.66862137627325e-16,2.485193748584974,4.409531319937644,0.2404871336396468,0.0020031137825248,1.410885653538462,0.0347634815634877,2372.285583729483,684.2458209459709,2816.1139212776634,0.0,0.0,453.0524094433873,258.01911941732857,0.0,3167.537610188034,0.0,0.0,0.0,0.0,0.0,0.0,749.9574498163979,0.0,0.0,810.0096598853733,0.0,3731.1206476130897,400.0580030385015,0.0,0.0,216.320217397105,0.0,5143.353054028209,1083.0613631801132,0.0,0.0,414.6322065629563,0.0,458.6785012084199,1650.7029593486257,488.5909302667793,0.0
349,0.0926627792085369,0.0002497219511892,2.24150486747764,3.8313270783503706,0.1900693567536257,5.0590642786119044e-15,1.2152496277904417,0.078158234479409,2512.166625937614,776.8135111471049,2516.5402916808616,0.0,0.0,473.2554206633343,214.15772653615943,0.0,2749.2376218604254,0.0,0.0,0.0,0.0,0.0,0.0,484.19927210477766,0.0,0.0,796.3779733279342,0.0,3926.038640390964,560.1706428869843,0.0,0.0,265.1004327513569,0.0,5451.476666056765,1398.25865633407,0.0,0.0,530.7897489610624,0.0,690.2902260787334,1874.8978272261168,600.9698905543303,0.0
350,0.0697026634684398,0.0057576235215955,1.8870330948319791,3.09622141606984,0.1372969322765092,5.0590642786119044e-15,1.007245998510215,0.2039309136732691,2672.8998036403877,893.8629732778367,1907.476039101681,0.0,0.0,314.3633951748305,132.21074179772867,0.0,1909.397727192276,0.0,0.0,0.0,0.0,0.0,0.0,173.07293576817784,0.0,0.0,770.8347759083738,0.0,4291.985125256868,860.7886231650546,0.0,0.0,356.6702965230778,0.0,6030.046170937201,1990.089876167021,0.0,0.0535625391179676,748.871296795248,0.0,1125.22307755213,2295.909141157044,811.9080738456076,0.0
351,0.049140904033365,0.0132680686245856,1.5546794864765678,2.374707119413868,0.0993011911664511,5.0590642786119044e-15,0.8367160835965228,0.4155200467214066,2586.0,857.0,1456.0,0.0,0.0,0.0,0.0,0.0,1192.0,0.0,0.0,0.0,0.0,0.0,0.0,0.0,0.0,0.0,756.107489512194,0.0,4503.399424067681,1034.4157797808396,0.0,0.0,409.5510974126154,0.0,6364.248750791306,2331.9674658817867,0.0,11.546214105880273,874.8587989929296,0.0,1376.4327241823298,2539.104077926288,933.759487337315,0.0
352,0.0442381338511037,0.0205388186710972,1.3409573510984596,1.77282874280278,0.0796970150513287,5.0590642786119044e-15,0.694545611134702,0.6368234135354695,1572.2445610300515,408.87546034799,1154.387026730374,0.0,0.0,0.0,0.0,0.0,640.7377034848445,0.0,0.0,0.0,0.0,0.0,0.0,0.0,0.0,0.0,617.4934294314293,0.0,4654.622863749592,1218.1721796616496,0.0,0.0,519.8566320241187,0.0,6789.725270846389,2753.218834687119,0.0,244.71823246457907,1352.7112890334515,0.0,2181.064491733283,3527.88430500604,1437.5284532940952,0.0
353,0.0498903432159482,0.0286085522392035,1.1510818313222584,1.2551766819520915,0.0672892390165956,5.059064278611904e-15,0.5465082114082869,0.8976446195418599,724.4055168688603,6.242733786007487,949.5899807527773,0.0,0.0,0.0,0.0,0.0,328.04316263218186,0.0,0.0,0.0,0.0,0.0,0.0,0.0,0.0,0.0,626.7556997489546,0.0,4536.707350193125,1154.7761935499875,0.0,0.0,649.1852437180063,0.0,6695.9188507761255,2600.3764134840026,0.0,416.5173429976013,1631.0593950711302,0.0,2504.041865975689,3923.7121653649647,1757.6375196961417,0.0
354,0.0590812760881429,0.0370777775681072,1.0279341912729003,0.8846749161328935,0.054279810418589,5.059064278611905e-15,0.4012847416809266,1.17174616532319,582.915380551652,0.0,850.2759162371091,0.0,0.0,0.0,0.0,0.0,245.4434230344776,0.0,0.0,0.0,0.0,0.0,0.0,0.0,0.0,0.0,877.5223226957525,0.0,4512.021632203765,1152.102058785629,0.0,0.0,804.159700157089,0.0,6659.68975250063,2504.745224410457,0.0,378.8668131783542,1617.8863675075506,0.0,2245.9020982339944,3678.428556222604,1636.5337817390662,0.0
355,0.0698063712497976,0.045109403616374,1.0706724363926543,0.801657124671977,0.050638382018915,5.0590642786119044e-15,0.3011874454725758,1.428051766620429,594.0200287685527,0.0,797.2576487940328,0.0,0.0,0.0,0.0,0.0,305.45661782233657,0.0,0.0,0.0,0.0,0.0,0.0,0.0,0.0,0.0,1113.2752322257325,5.098826478927966,4498.818981917561,1156.5989915352502,0.0,29.07649153734127,939.1595141828464,0.0,6645.266698346719,2436.640330978118,0.0,330.27888557412206,1585.203634626831,0.0,1985.8447734010929,3425.8513090721653,1488.9657291421877,0.0
356,0.0865262087641209,0.0480988080000009,1.2476903115564115,0.9365568369751528,0.1289653963965294,5.0590642786119044e-15,0.2170121119869771,1.636255618507356,472.7155966561071,0.0,834.7237932914111,0.0,0.0,0.0,0.0,0.0,426.9602595005522,0.0,0.0,0.0,0.0,0.0,0.0,0.0,0.0,0.0,1334.0234102263755,53.29193467593862,4503.136426740938,1171.837297966537,0.0,119.04371202593224,1046.2515379186948,0.0,6652.669350931713,2385.236723761719,0.0,268.4493511821345,1528.1021089261658,0.0,1715.612560226318,3145.43008127925,1326.579944551333,0.0
357,0.1049047901533567,0.0480988080000009,1.4212789705817923,1.1097434837350202,0.2349624711563964,0.0018595723694402,0.1398311769169435,1.738681846459514,281.8386986429343,0.0,909.9982359456482,0.0,0.0,0.0,0.0,0.0,569.3525854180887,0.0,0.0,0.0,0.0,0.0,0.0,0.0,0.0,0.0,1487.0048561821886,71.17182646094098,4715.383383873041,1290.6848710646734,0.0,140.4618068265955,832.1411379466593,0.0,6866.501487261537,2425.2626330429434,0.0,51.12428965061709,1047.7673481947706,0.0,1094.7424288599786,2296.3522476043627,832.2165481519022,0.0
358,0.1106452149368781,0.0480988080000009,1.472843416422806,1.2029300063594848,0.3573976846245691,0.0279856039677316,0.0790401130747841,1.8092377691919237,161.06207179237543,0.0,1182.3297608178616,0.0,0.0,0.0,0.0,0.0,915.1150060087748,0.0,0.0,0.0,0.0,0.0,0.0,0.0,0.0,0.0,1437.791710097346,172.27741169884453,4542.784630312515,1079.134433447256,0.0,75.15092256600354,628.0908492589097,0.0,6546.421931835651,2032.7822079737664,0.0,0.0,721.0401852857326,0.0,730.8940146075647,1872.8134568046823,575.0562979831229,0.0
359,0.1129103744053165,0.04794787812312,1.4808969154004274,1.2670756167051032,0.4931425138604496,0.0659037851162841,0.0845672940105526,1.8368775873253644,376.1193535505395,0.0,2175.901242877304,0.0,0.0,0.0,0.0,0.0,2082.512204104492,0.0,0.0,0.0,0.0,0.0,0.0,0.0,0.0,0.0,1378.1357625142412,349.63479530459824,4165.583248559912,726.4543065870033,0.0,31.908611856091703,531.051230490909,0.0,5991.125417059797,1464.695898187084,0.0,0.0,566.0334333044144,0.0,498.83862882837786,1685.1807469911134,462.8376510768265,0.0
360,0.1152208370631238,0.0425009811827252,1.4764556362079326,1.3909470210615626,0.6316022396810467,0.1046775493554866,0.1300898767926514,1.7687281852929233,799.0673741027597,73.24387077120146,3008.930104388116,20.84486139441504,0.0,0.0,0.0,0.0,3100.153846121628,0.0,0.0,0.0,0.0,0.0,0.0,20.271149612917373,0.0,0.0,1389.4684758119265,530.3317530582067,3723.059993043996,364.8318341301165,0.0,56.777031649401714,495.2552410175444,0.0,5404.078631610176,853.3393133268837,0.0,0.0,494.7547622320757,0.0,291.8361934965735,1613.1857784220406,421.57097841361895,0.0
361,0.1173059755020862,0.0346709426710973,1.4136609103374562,1.5210586664774173,0.7626212890628227,0.1419307738206029,0.2067202056308753,1.5967634855375468,1104.768819065783,434.27854265669066,3563.497651144152,154.2917077272293,0.0,0.0,0.0,0.0,3836.465530667596,0.0,0.0,0.0,0.0,0.0,0.0,174.66639366921314,0.0,0.0,1919.2465647347412,732.5219711237355,2016.1515982879291,0.0,0.0,139.14720864102955,732.7556214637789,0.0,3100.682876816543,0.0,0.0,0.0,598.5894899481974,0.0,0.0,1215.0201676288254,364.0161913150939,0.0
362,0.1136580402146316,0.0266811074551504,1.2403720449139353,1.6356204898612197,0.8263444566355995,0.1799442681727626,0.3115872549489119,1.3716494978945428,1182.620160943856,514.4709511634534,3642.5108913797776,225.1371196328192,0.0,0.0,0.0,0.0,4024.874067571054,48.76633706966586,0.0,0.0,0.0,0.0,0.0,282.09640988515,0.0,0.0,2293.457325047464,833.979409819683,867.2340921667952,0.0,0.0,120.63306509357324,843.0503227009169,0.0,1495.6794604790402,0.0,0.0,0.0,596.6179443856812,0.0,0.0,802.4956910131618,221.16061933821757,0.0
363,0.1258160175149514,0.0182917804784062,1.068101130415538,1.9559539860812707,0.8816533201241844,0.217661755287253,0.4330935481993348,1.118692263282117,932.7590657333674,186.0592385820408,4344.029161828406,882.1404043443707,0.0,0.0,0.0,0.0,5124.793797632227,922.0514853032952,0.0,0.0,0.0,0.0,23.157430566651296,842.5410909250797,0.0,0.0,2337.567814872485,897.3715922963898,305.2787200465579,0.0,0.0,0.0,518.9542874509947,0.0,518.5341364820168,0.0,0.0,0.0,136.32360003438524,0.0,0.0,83.12820183300902,0.0,0.0
364,0.1458482641594697,0.0107014370232566,0.985753610774008,2.507865031995677,0.9260475318315532,0.2370667818904481,0.5437190902501728,0.8910881428917395,809.1614357135736,77.27081151263575,4652.665111499967,1254.4404445568314,0.0,0.0,0.0,0.0,5591.496408705825,1354.999228791149,0.0,0.6525469414727536,50.52237537008698,0.0,355.6494155961671,1487.2929469152973,20.881502127128115,0.0,1882.337113502725,726.8033488249497,194.1509682803111,0.0,0.0,0.0,387.5217513883412,0.0,327.6736728059868,0.0,0.0,0.0,2.8408112291264693,0.0,0.0,0.0551613830898343,0.0,0.0
365,0.1664027796474655,0.0031249875822738,0.9473942988837204,3.1705517273373087,0.9797776247592148,0.2765660867641248,0.6253746285952473,0.6683046923698182,799.6685415835447,69.54026242775562,4652.454659013849,1272.818939122113,0.0,0.1273048154206471,1.8204588605152527,0.0,5656.547959893859,1409.5995439630176,0.0,7.049283674288844,124.4546627665836,0.0,499.80889459914266,1690.2440450072595,89.0553935201411,0.0,1598.6454027262898,617.2561019139523,164.87039453737574,0.0,0.0,0.0,329.122183738084,0.0,278.2818550960294,0.0,0.0,0.0,0.0,0.0,0.0,0.0,0.0,0.0
366,0.1947267069392233,8.721912081455256e-16,0.9176347549188968,3.838184029139741,0.9601802155966238,0.3315524815790552,0.6925492421473507,0.4777142018166704,862.8471863431986,49.87105623089156,4436.8926895274535,1074.9892527987324,0.0,26.594558423258288,131.4182406394524,0.0,5518.89777813234,1276.7403635149117,0.0,304.6572705822397,457.8047435114008,0.0,856.8781820077668,2387.8779932950783,339.88800347446244,0.0,875.8458128533082,338.1994769950738,90.33499362890774,0.0,0.0,0.0,180.32526409175512,0.0,152.49757335651773,0.0,0.0,0.0,0.0,0.0,0.0,0.0,0.0,0.0
367,0.2240375931006912,8.721912081455256e-16,0.9506168446337828,4.477432817302338,0.9083521370079086,0.4217147334533652,0.7305221496746739,0.3831162577083898,992.0587930372662,38.39669040081692,4429.687999981753,1086.4664274774989,0.0,124.20265318261514,231.0705624615906,0.0,5538.952638474943,1346.3706828199577,0.0,348.1266276305468,524.8117200274448,0.0,816.3939756933147,2366.7309205643137,340.4226130099102,0.0,566.3921166737252,216.31831353954368,46.86856716376209,0.0,0.0,0.0,110.86528075303286,0.0,145.92054092919517,0.0,0.0,0.0,0.0,0.0,0.0,0.0,0.0,0.0
368,0.2580290206228895,8.721912081455256e-16,1.08930123814434,5.089898534133332,0.8366564270949192,0.4877006807331637,0.741517906777693,0.3109984910558953,1171.4222407726306,26.703896640836785,4468.2815635398765,1083.5451505067865,0.0,208.8302675463826,309.0829849397645,0.0,5558.15886288009,1328.9964465002804,0.0,327.4657190667414,518.6390050200786,0.0,643.0831940141333,2170.5236204340995,268.13001673359497,0.0,961.3881221511228,351.3263209967571,8.040468234840093,0.0,0.0,0.0,149.77115682053577,0.0,563.1816733601513,0.0,0.0,0.0,0.0,0.0,0.0,0.0,0.0,0.0
369,0.2850763423679417,8.721912081455256e-16,1.2186492387857142,5.476083127477591,0.7529718864418472,0.5435321016553211,0.714676843063955,0.2525904034086188,1202.9202801742454,17.380690827588,4469.98857454871,1072.7805472100292,0.0,221.8010023101412,319.7128816786222,0.0,5549.02021596059,1309.6282004901657,0.0,323.7094924235638,514.5380929534664,0.0,603.0658734779942,2133.0855550712854,255.7704990146154,0.0,1373.0466294629052,492.5141681587441,0.0,0.0,0.0,0.0,196.0579427863657,0.0,956.4066915745497,0.0,0.0,0.0,0.0,0.0,0.0,0.0,0.0,0.0
370,0.3063352243455166,8.721912081455256e-16,1.2775337460575444,5.521710076969858,0.7417320395331138,0.6110081091571553,0.662917762389519,0.1992668166551552,1052.379265750459,6.122045225217259,3910.567363156104,410.81809220230406,0.0,194.0320916534276,279.707810769052,0.0,4854.583383989749,501.5181904807348,0.0,283.1976364387724,450.1505815618565,0.0,230.94226704508003,1866.1387637557184,223.77637177668507,0.0,1673.069776483365,364.1988093692431,34.83867774490649,0.0,0.0,0.0,278.648107074648,0.0,1668.353132727467,0.0,0.0,0.0,6.559767882044315,0.0,0.0,20.3103327712513,4.475904259560439,0.0
371,0.3261834541666801,8.721912081455256e-16,1.2864708654906345,5.379716215634983,0.7268587060193542,0.6486329441063193,0.5804157520630512,0.1547946188231947,926.39714251673,5.3980678726742,3442.280587382593,0.0,0.0,170.77102206159773,246.25604956412957,0.0,4273.303812625351,0.0,0.0,249.28696757282708,396.2804523521118,0.0,0.0,1642.7152902162477,197.00363192279437,0.0,1522.2463909132427,154.09178101233147,143.35737405429018,0.0,0.0,0.0,301.60241069123697,0.0,1895.3037907821845,0.0,0.0,0.0,26.992732182926588,0.0,0.0,83.57481284378164,18.41785976687385,0.0
372,0.3326642912949009,8.721912081455256e-16,1.268456386853232,5.1444287833730735,0.796481154303679,0.6736088588946721,0.472989959387923,0.1414052729747715,926.39714251673,5.398067872674201,3442.2805873825937,0.0,0.0,170.77102206159776,246.25604956412957,0.0,4273.303812625351,0.0,0.0,249.28696757282708,396.2804523521118,0.0,0.0,1642.7152902162477,197.00363192279437,0.0,1522.246390913243,154.09178101233147,143.35737405429018,0.0,0.0,0.0,301.60241069123697,0.0,1895.303790782184,0.0,0.0,0.0,26.992732182926588,0.0,0.0,83.57481284378164,18.41785976687385,0.0
373,0.3180511730653808,8.721912081455256e-16,1.198563402146302,4.642796685250676,0.8856833045167535,0.6635350669115598,0.3506166752653425,0.1674850207777665,392.85148410770336,2.281697230545869,1459.7559782632864,0.0,0.0,72.42108737323375,104.42245533690104,0.0,1812.1772802672956,0.0,0.0,105.71092856321287,168.03231743111905,0.0,0.0,696.6096500572346,83.52447257692344,0.0,1301.5111550276956,185.79606398872892,1848.329044668047,58.99350613280289,0.0,0.0,384.662827958663,0.0,3201.681173543252,207.15796576634244,0.0,0.0,354.4065869710784,0.0,138.86163751259758,1048.8893628001033,264.7418182432734,0.0
374,0.2927124180199343,8.721912081455256e-16,1.0435176794302314,3.8645548662757534,0.9774522786179256,0.6640668140681133,0.2313305947749168,0.2309473709775565,370.3403986433033,54.25068442758422,472.09272108121246,0.0,0.0,42.93056114825666,18.286768424263084,0.0,595.2906550090705,0.0,0.0,12.355419362074691,19.609476266978728,0.0,0.0,132.24655202830257,9.745367492689184,0.0,1018.1318443902989,32.83762608539195,3709.982258597293,446.0926692721568,0.0,0.0,504.2931376056778,0.0,5312.902377446739,1283.913634654071,0.0,0.0,734.2593659836812,0.0,840.0588976501602,2102.6789444835126,649.3563580527544,0.0
375,0.2591050108025746,8.721912081455256e-16,0.8541051826920187,3.0258966705859947,1.0383196050642387,0.6469408656020426,0.148198754857708,0.3220841902571387,955.2999899967804,162.3409809872089,827.2085628837305,0.0,0.0,99.78572138797854,12.648261615507169,0.0,1054.679163197399,0.0,0.0,0.0133477983098958,0.021181013280492,0.0,0.0,114.60455410794812,0.0105278409204812,0.0,884.836927721567,0.0357194602659185,4103.245881829408,812.007348679844,0.0,0.0,546.696525582886,0.0,6042.084085720243,2029.711282196252,0.0,10.968590592287557,917.7977479966664,0.0,1376.3926172721765,2559.5503746269064,863.9498249229538,0.0
376,0.2139768477209321,8.721912081455256e-16,0.6801186607176075,2.257876207562721,1.0122261001955586,0.6024232713322949,0.081018436605779,0.4365607108485995,1637.9281609678665,288.47863414083514,1242.7815279883405,0.0,0.0,166.14691730461942,6.100668616438129,0.0,1592.158164813248,0.0,0.0,0.0,0.0,0.0,0.0,94.64043727722866,0.0,0.0,788.4928556228648,0.0,4180.631651448193,905.8104789259386,0.0,0.0,528.6357740289361,0.0,6246.45005424982,2261.9573137757616,0.0,49.81982248929811,991.53631896318,0.0,1609.084478245799,2779.431482271908,960.9813128732812,0.0
377,0.1653273758202092,8.721912081455256e-16,0.6199591423537226,1.621601176028928,0.976030242997834,0.5213927590564842,0.0394573013445376,0.5542375713488192,2278.516768201607,431.4091217706735,1511.7995068050222,0.0,0.0,48.88513255667012,0.0663630654771892,0.0,1826.041805035828,0.0,0.0,0.0,0.0,0.0,0.0,16.72210280135899,0.0,0.0,679.3022838600049,0.0,4267.2110913926645,1004.3069050602898,0.0,0.0,502.6951589254177,0.0,6467.146173759439,2511.7010463844763,0.0,95.9931173354184,1066.116199434283,0.0,1861.9302636879,3024.767748202376,1065.6959967038188,0.0
378,0.1247822975768783,8.721912081455256e-16,0.698864692157342,1.1472373916898382,0.9374638068262976,0.4416521443654535,0.0293524141347506,0.6693858738872913,2350.631110133167,548.1495548487551,1133.7941411319125,0.0,0.0,0.0,0.0,0.0,951.6356121298504,0.0,0.0,0.0,0.0,0.0,0.0,0.0,0.0,0.0,470.4781183848775,0.0,4484.403128934672,1173.1907010128243,0.0,0.0,346.2574330361574,0.0,6825.442619778553,2929.9843761583884,0.0,130.22887247212418,1072.5086974145352,0.0,2149.1209273797595,3312.9220200099426,1165.3321597648917,0.0
379,0.0947497500921938,8.721912081455256e-16,0.8528295882956803,0.9627020406478451,0.9013114141694212,0.3609456450847221,0.0376745441262456,0.7723189051868604,2638.563149570895,750.5916891396946,1011.4262388152544,0.0,0.0,0.0,0.0,0.0,674.1025414211309,0.0,0.0,0.0,0.0,0.0,0.0,0.0,0.0,0.0,269.6147698047685,0.0,4571.728610998553,1270.1446670007724,0.0,0.0,170.08407442620162,0.0,6994.510791725382,3123.364217460805,0.0,111.00191612674068,992.0477606064316,0.0,2296.1974737135697,3471.576961840983,1189.441548970873,0.0
380,0.07143818746844,8.721912081455256e-16,1.0990941352417565,1.0845604760853604,0.7876502476422055,0.2704879194173317,0.0523285101788906,0.8443848097927267,2900.0,801.0,1015.0,0.0,0.0,0.0,0.0,0.0,728.0,0.0,0.0,0.0,0.0,0.0,0.0,0.0,0.0,0.0,248.16600363352148,0.0,4502.365109769767,1248.7385688331988,0.0,0.0,157.56848877682523,0.0,6923.651392369605,3016.833898142497,0.0,87.06222680657528,960.854771376664,0.0,2263.6804184494763,3450.6679927329574,1168.883797456535,0.0
381,0.0499577892476072,8.721912081455256e-16,1.4063914032206344,1.357148031541141,0.6791458776876955,0.203971432425254,0.0701385915911664,0.8837961634660788,3071.243002321057,813.0188485454336,1017.798162119077,0.0,0.0,0.0,0.0,0.0,791.9972544706429,0.0,0.0,0.0,0.0,0.0,0.0,0.0,0.0,0.0,328.3740523590082,0.1562931025451877,4439.048237647663,1205.5578607754414,0.0,0.0,211.92383251690197,0.0,6818.635339501893,2797.305444740872,0.0,66.64216738288124,963.8469156473964,0.0,2105.975508870637,3333.632261312519,1127.767438840638,0.0
382,0.039151016252493,8.721912081455256e-16,1.6730442756970076,1.5650463045820633,0.5680922384823789,0.1519116796332274,0.087913721900332,0.8999327374431741,3189.1851826668244,791.6765127220091,928.9083426113974,0.0,0.0,0.0,0.0,0.0,851.1829693205108,0.0,0.0,0.0,0.0,0.0,0.0,0.0,0.0,0.0,610.6281517808876,13.15564071273916,4328.053651275485,1096.990397641183,0.0,0.2201789897260384,362.4511499039231,0.0,6644.079186821918,2445.3768218125047,0.0,51.80822029274711,987.0901926264156,0.0,1753.064174946776,3055.1968724826074,1029.2531725933306,0.0
383,0.0449547666578087,8.721912081455256e-16,1.831330060217479,1.662403258414519,0.4461177716151134,0.1306778734285762,0.1076436093565037,0.8795581743380875,2466.1922145619046,612.2150408977905,731.2465370617585,0.0,0.0,0.0,0.0,0.0,658.2370565093238,0.0,0.0,0.0,0.0,0.0,0.0,0.0,0.0,0.0,955.7564320479918,54.42244846174075,4214.043598372859,972.6721985463846,0.0,9.872271665692384,538.6203023539485,0.0,6468.573271600281,2096.759553808324,0.0,44.75454213094056,1018.0335568748465,0.0,1360.7415864992404,2740.68033784974,917.7372515851991,0.0
384,0.0635498211004997,8.721912081455256e-16,1.8796245048662792,1.7070300613978435,0.3124330336345362,0.1088386472990081,0.1250387589318935,0.8239961503380225,1247.8643520039295,309.75296817190923,398.15719237558864,0.0,0.0,0.0,0.0,0.0,333.05335847677435,0.0,0.0,0.0,0.0,0.0,0.0,0.0,0.0,0.0,1756.7694320603512,477.010292038683,4439.276822862224,1134.25610968795,0.0,186.10995460014288,917.7722671435096,0.0,6664.620559724146,1987.5679767533431,0.0,32.85729386399746,1098.7450936726202,0.0,803.7547531274926,2259.5174188663027,676.7665940294739,0.0
385,0.1262676961964892,0.0027952362017094,1.8882151491165176,1.708129602653539,0.1899247372966155,0.10011423851804,0.1301642999999997,0.7519976717527107,709.0646058905301,117.72782743586431,186.72490506172988,0.0,0.0,0.0,0.0,0.0,184.80694482215333,0.0,0.0,0.0,0.0,0.0,0.0,0.0,0.0,0.0,2236.977807087721,902.2475080542282,4907.916000616229,1537.6462996497223,0.0,362.157325563796,1123.134709399122,0.0,7191.966428463318,2397.4495016108453,0.0,27.876727865826894,1151.050286762957,0.0,708.0051955177408,2136.892679030898,542.8086796471275,0.0
386,0.2041847692624596,0.0148783910830573,1.8583029512860691,1.6345709511492224,0.155758919553813,0.1841684356918124,0.1301642999999997,0.6715687133421736,588.5413752056127,0.0,93.85297660061212,0.0,0.0,0.0,0.0,0.0,139.7125211240259,0.0,0.0,0.0,0.0,0.0,0.0,0.0,0.0,0.0,2595.496322111888,1313.936607976517,5227.454678433301,1818.7075646970716,0.0,391.26137494770313,965.6790300844708,0.0,7338.918032122705,2449.636127282506,0.0,0.3488356965049963,778.7226870605308,0.0,156.46165037768492,1374.625034316077,143.15284748194594,0.0
387,0.2763879749736185,0.0273499472691039,1.7061898214891555,1.4497078418120029,0.1388440357639094,0.2881208711362178,0.1301362459394174,0.5931068841328715,458.9096238457779,0.0,192.25744577593545,0.0,0.0,0.0,0.0,0.0,90.74182003356113,0.0,0.0,0.0,0.0,0.0,0.0,0.0,0.0,0.0,2654.344004393951,1397.0182371225978,5160.651137884594,1792.6461299680166,0.0,391.0458006077778,936.1172313285748,0.0,7248.010959344499,2343.5067473067324,0.0,0.0,644.8820829897429,0.0,33.78854594942254,1177.199127131605,71.17106559526978,0.0
388,0.3494547049450561,0.0404578073421936,1.4277590165021732,1.1981633556769788,0.1456337551418201,0.3940018379402048,0.1248222461193455,0.5153760044597319,326.8868750688554,0.0,292.42231549124017,0.0,0.0,0.0,0.0,0.0,40.8926704622501,0.0,0.0,0.0,0.0,0.0,0.0,0.0,0.0,0.0,2673.270878144765,1415.3025790949926,5106.123963665251,1774.6974209050074,0.0,356.3631408597877,920.6023180543248,0.0,7214.299738959332,2326.634019004553,0.0,0.0,618.9827294570563,0.0,7.982729457056272,1110.567776968437,64.25360760182097,0.0
389,0.4052032574352165,0.0528021027508315,1.1359033409302326,0.9258019751362168,0.2033601230856997,0.4938178883162847,0.1183147245714283,0.4891237457248993,573.731674423238,0.0,963.4484661234508,0.0,0.0,52.87018564901256,0.0,0.0,1115.202718645192,0.0,0.0,0.0,0.0,0.0,0.0,0.0,0.0,0.0,2671.5846270216957,1442.178124050359,5162.245145038042,1796.6613584464862,0.0,305.1917589404698,705.8437591230037,0.0,7069.416583623306,2185.80938435235,0.0,0.0,296.1719272573844,0.0,1.1674343203165976,725.342825814162,10.673685214323177,0.0
390,0.4484713241719758,0.0657245589157719,0.8445886676224356,0.652796719056482,0.3155179466429403,0.5997688432988142,0.1444799140300956,0.5116544629939241,803.5648619287101,0.0,1958.453378182594,0.0,0.0,76.07941020940683,0.0,0.0,2527.30635205236,0.0,0.0,0.0,0.0,0.0,0.0,203.5391622243885,0.0,0.0,2462.921471074882,1217.655403251514,4330.184677505047,1009.6051656875692,0.0,226.900196578472,502.9120406211576,0.0,5717.792480683698,1057.4981214991576,0.0,0.0,31.410833826676985,0.0,0.0,435.8146507885909,0.0,0.0
391,0.4622610003685834,0.091829005359996,0.5252296050558525,0.3603860632756286,0.5513609353844271,0.8013619157244467,0.2528254438149563,0.618203498941122,920.5982817612132,204.15841106146135,3203.631094875627,467.8908382806791,0.0,50.20981609746824,0.0,0.0,4067.8515997724894,517.890543902939,0.0,0.0,9.445002730818716,0.0,38.71116652100149,902.0664409259712,0.0,0.0,1339.1064318040678,633.0754716981132,2258.7169811320755,453.0566037735849,0.0,116.54716981132076,261.5471698113208,0.0,3166.9253460417326,450.3207547169811,0.0,0.0,0.0,0.0,0.0,224.33962264150944,0.0,0.0
392,0.4611697130821522,0.1127476947707651,0.2514571123020236,0.1481894468725506,0.8774490199879043,1.005791251919969,0.3868058194358196,0.7860154087565516,1304.2310215476205,518.873879326014,4160.431925990544,1160.468792373398,0.0,98.79042810970408,3.388202267811716,0.0,5214.762025166881,1297.6468862687411,0.0,0.3670552456796025,41.98320584195736,0.0,101.68649097436442,1266.8312005609637,0.0,0.0,113.41564434076626,0.0,0.0,0.0,0.0,0.0,0.0,0.0,930.8453977392408,0.0,0.0,0.0,0.0,0.0,0.0,0.0,0.0,0.0
393,0.4449309030865556,0.1335043805980076,0.0849705319230634,0.0480913080461668,1.2382033760174704,1.3324175071159348,0.5306473697247766,0.9763573287098964,1427.5789710698657,579.3833898020832,4203.855255861412,1273.5878557608396,0.0,144.37487576360664,25.676208467252817,0.0,5302.295654849833,1434.5744051735458,0.0,2.7815892506190547,60.75518227936119,0.0,116.10895827302532,1265.3013327036465,0.0,0.0,178.41520116997663,0.0,0.0,0.0,0.0,0.0,0.0,0.0,1366.4944638258028,0.0,0.0,0.0,0.0,0.0,0.0,0.0,0.0,0.0
394,0.4131549573552,0.1548776016478415,0.0327685592258429,0.0035038380453857,1.604638494255728,1.7570677257807368,0.6838024496908162,1.2097804523245734,1491.384188953282,465.8736371886095,3746.4109853672735,1308.0648355012413,0.0,219.7161236777792,126.6990323707597,0.0,4833.746277096207,1609.2646274007093,0.0,6.66233578395987,49.99437495621391,0.0,101.35238730131536,964.5453196595232,0.0,0.0,352.4643281757181,0.0,0.0,0.0,0.0,0.0,0.0,0.0,2532.98779694502,0.0,0.0,0.0,0.0,0.0,0.0,0.0,0.0,0.0
395,0.3511174512628496,0.1722873992855198,0.0182332981794019,5.067946062808931e-15,1.9376582710025252,2.160251381569676,0.8319820578643712,1.430059953563397,881.4615674307004,168.04426885050998,2207.2694495291166,504.4171454159133,0.0,130.8817145396869,50.89665672460455,0.0,2853.8214991868167,630.0949234733166,0.0,0.0,0.0,0.0,37.07778791557784,361.508432176884,0.0,0.0,453.8856194005429,0.0,0.0,0.0,0.0,0.0,0.0,0.0,3212.416106230936,0.0,0.0,0.0,0.0,0.0,0.0,0.0629687258816536,0.0,0.0
396,0.2784536647415296,0.1801934686620604,0.0164709382174086,5.067946062808931e-15,2.2420654016220456,2.5037670342115685,0.972720429129566,1.6423212048733355,578.3521885877612,0.0,1448.2122325912296,0.0,0.0,85.89779531822654,0.0,0.0,1872.442522505237,0.0,0.0,0.0,0.0,0.0,0.0,0.0,0.0,0.0,561.0460591725796,0.0,12.381403524668146,0.0,0.0,0.0,0.5260073392832872,0.0,3930.3074091067233,0.0,0.0,0.0,1.2088053277760158,0.0,0.6221048339600417,10.639448709258664,0.5057762877723916,0.0
397,0.2267234461950037,0.1733608910631232,0.0693320726355625,5.067946062808931e-15,2.4643403840436053,2.739299962412257,1.100727258744474,1.8191805650795716,300.75629706158094,0.0,753.1041424867808,0.0,0.0,38.86979044402774,0.0,0.0,973.788878916782,0.0,0.0,0.0,0.0,0.0,0.0,0.0,0.0,0.0,735.7559497958973,0.0,2938.735040202354,369.5704890882449,0.0,0.0,185.32452285874317,0.0,5066.287397166259,634.1594718875806,0.0,0.0,352.68525519439066,0.0,368.6077320504149,1622.0324496588232,199.1450523413828,0.0
398,0.1896909167196536,0.1613952574523387,0.1397319217475082,6.671924252998489e-05,2.593126569700722,2.9204952253355545,1.2256865163641693,1.975427150184242,193.36510114562304,0.0,484.09156244298345,0.0,0.0,0.3510932561295277,0.0,0.0,625.9036241919689,0.0,0.0,0.0,0.0,0.0,0.0,0.0,0.0,0.0,1198.9536665639048,31.85126074831513,5571.279691614993,2289.8177777432707,0.0,0.0,601.0057842794012,0.0,8093.003068917851,3952.3142368748895,0.0,0.0,882.1799061446624,0.0,1481.772162851703,2319.3872431048103,633.3177844895789,0.0
399,0.1692781127242539,0.1969963428903663,0.2179824886090809,0.0017569400531612,2.689941681313383,3.037788218077522,1.347424587997784,2.1354473461306607,127.67139870673552,0.0,274.3732072065934,0.0,0.0,0.0,0.0,0.0,371.1580201967653,0.0,0.0,0.0,0.0,0.0,0.0,0.0,0.0,0.0,1217.653898457849,36.76333774977643,5697.595466411209,2371.8905607080724,0.0,0.0,598.6716821242176,0.0,8271.52941279327,4110.750635130941,0.0,0.0,861.0660536179405,0.0,1473.1602497672664,2285.310337439465,607.9312090883436,0.0
400,0.1692065093966283,0.300007192485051,0.3007522240265782,0.0041143532890416,2.716290164679514,3.125254426366986,1.4245836589343222,2.243200125496025,274.4518032005912,0.0,232.10969428896072,0.0,0.0,0.0,0.0,0.0,440.0409422860503,0.0,0.0,0.0,0.0,0.0,0.0,0.0,0.0,0.0,1136.378780887478,1.6760860918834433,5808.140542493565,2355.1714507584275,0.0,0.0,465.6279117876773,0.0,8557.62051514173,4148.430841223339,0.0,0.0,675.0145493952964,0.0,1374.7317697506685,2113.049814145578,457.8377688177385,0.0
401,0.1979835301712489,0.383488109627606,0.3758731489435218,0.0062493690498389,2.592477744795516,3.1219650792929685,1.4172421935756576,2.259740476897296,535.0422576372207,0.0,237.0,0.0,0.0,0.0,0.0,0.0,429.324113075477,0.0,0.0,0.0,0.0,0.0,0.0,0.0,0.0,0.0,1078.342576698241,0.0,6124.064185098737,2580.768559317053,0.0,0.0,359.17074158461816,0.0,8896.656052704018,4524.428323647957,0.0,0.0,548.0880878214926,0.0,1317.2046398821828,1979.513300269888,425.8186982409191,0.0
402,0.2341525914257617,0.4716160856611303,0.4415507824393051,0.0083843848106362,2.347024945273437,3.095788218223876,1.361575650514438,2.2331377327275552,681.7865669895293,0.0,242.7846172640904,0.0,0.0,0.0,0.0,0.0,420.1902438594453,0.0,0.0,0.0,0.0,0.0,0.0,0.0,0.0,0.0,1037.766859979199,0.0,6214.730037296519,2633.1728065616658,0.0,0.0,308.7279572351621,0.0,8975.771303331727,4640.840696018787,0.0,0.0,497.6352280010693,0.0,1299.0153602253413,1946.4023032882037,397.6936963665648,0.0
403,0.2732763782438038,0.5741637515052399,0.4846342739317659,0.0106973185515,2.0444232898221184,2.933651889299011,1.2272624495834372,2.210036036600541,1067.7512668089582,48.20471611276548,1660.9508791529363,142.7005395701148,0.0,53.03430014674765,57.59051149956102,0.0,2208.8356250320544,219.3360145244357,0.0,35.2650758707755,67.52305224869416,0.0,102.9703765735822,228.0839403218374,12.39289487965237,0.0,705.9191551081447,0.0,2572.7675501199574,568.6871205181743,0.0,0.0,46.86218193241484,0.0,3750.8921838374663,1057.5751004016415,0.0,0.0,86.11426594418114,0.0,258.7433293020512,751.5727838880476,70.29327289862228,0.0
404,0.3795097595083068,0.7012012753898362,0.6009814021395353,0.0228012441753072,1.9486057373158812,2.716987138508808,1.071563453456704,2.2458945894728006,1328.8311710619005,401.0302340006268,3673.665999077795,1116.9105562676025,0.0,436.0376860698461,485.25382537521625,0.0,4812.300592508315,1708.422620588423,0.0,294.3096018313776,551.2819450480783,0.0,827.9832162239702,1859.7770721508373,100.81783519961384,0.0,594.7107153912937,0.0,906.056608103562,0.0,0.0,0.0,0.0,0.0,452.2355593118468,0.0,0.0,0.0,0.0,0.0,0.0,263.3968520997289,0.0,0.0
405,0.4873558962976759,0.8020450836757482,0.7165293922950176,0.0469563439335598,2.028838245722244,2.608189159609309,0.9368129748013286,2.287355853015264,1501.556814451596,527.0847563059423,4240.974996964686,1353.275202840324,0.0,594.7212816007153,686.9638055198577,0.0,5671.365192016386,2105.296504465869,0.0,425.611417345296,740.0558837086926,0.0,1098.1393591996425,2529.6653978920226,141.998096838034,0.0,653.8444471059381,0.0,1244.811414181781,0.0,0.0,0.0,0.0,0.0,598.5080396316814,0.0,0.0,0.0,0.0,0.0,0.0,501.6194601645681,0.0,0.0
406,0.5935688119255825,0.843896395157742,0.8250043721310314,0.0714880209767492,2.1605051472637715,2.503059167759211,0.8258878996409302,2.343570508654071,1403.284242209087,413.6929339471424,4181.585457920489,1228.917167314812,0.0,574.3342244210255,649.5271144443792,0.0,5751.726466723007,2083.092199744423,0.0,449.8421601893632,708.1451462347309,0.0,1108.9449484791423,2540.2600574966395,157.81357865875236,0.0,740.792077442152,0.0,1742.951822644024,0.0,0.0,0.0,0.0,0.0,1995.5101492615927,0.0,0.0,0.0,0.0,0.0,0.0,851.8710735929315,0.0,0.0
407,0.6803041820301576,0.8917858694750851,0.8935993487533872,0.0944703289435267,2.3514770607676825,2.4455546775885577,0.7315399771694352,2.424130176285189,1332.7222969944378,341.75016804309246,4269.030221319236,1268.897246270482,0.0,556.2518469188755,608.9731364323294,0.0,5871.795500021947,2198.415043286868,0.0,443.09536605401615,678.8498993296586,0.0,1127.6977836973497,2536.7320349405218,151.30758901618478,0.0,774.9654129816706,0.0,1938.5942912002808,0.0,0.0,0.0,0.0,0.0,2544.289589570518,0.0,0.0,0.0,0.0,0.0,0.0,989.4594020931704,0.0,0.0
408,0.7648471565581421,0.9547319250669224,0.9718728084176564,0.1207707719373568,2.719512999326042,2.4491128139174245,0.632558156588514,2.537215527910757,1091.235149024247,104.85329745104754,4608.879926832109,1505.959863674563,0.0,492.4414246804433,454.7544400590339,0.0,6179.74006648234,2629.340472716201,0.0,380.9235055014481,571.9209558309926,0.0,1145.9385425682492,2469.115586398144,100.48516548951164,0.0,856.5752954513658,0.0,2406.202025392738,0.0,0.0,0.0,31.568722992110384,0.0,3855.601407958809,51.085872679800254,0.0,0.0,48.52624649125076,0.0,60.897773069239975,1318.3152420228707,45.96662030270127,0.0
409,0.8428526590963481,0.9767251090409768,1.054368155557032,0.1493543191694402,3.2302008239268982,2.553352214533779,0.5250095246888147,2.595152475880378,1021.6595203124742,11.21469275529756,3483.1708507787234,848.8204605587357,0.0,498.8956634378684,447.4984112730986,0.0,4681.8542072829005,1482.0379607580044,0.0,332.95243591511235,561.8045190877201,0.0,644.9961067889154,2129.4317146462163,66.64122425649026,0.0,921.1692188847792,0.0,2776.150980885553,0.0,0.0,0.0,267.13435603853844,0.0,4893.210154912536,432.2883666974997,0.0,0.0,410.6288243159966,0.0,515.3166124932617,1578.4623335907545,388.9692819344935,0.0
410,0.8278706763353538,0.8891418106046521,1.0468570392956804,0.1645041175415331,3.5372024789149767,2.778274260764514,0.443270711842877,2.5800599834856186,930.0902586686486,0.0,2589.8413843126814,342.32750306378705,0.0,482.67609080909966,424.2781517425851,0.0,3493.592056243201,597.681897898437,0.0,284.98304028511666,531.3173365465155,0.0,260.1183120570894,1796.8391475381525,40.016833474243526,0.0,935.1387411224238,0.0,2937.763971766101,106.14906524190968,0.0,0.0,303.8865771364471,0.0,5148.382495184416,632.3406376205418,0.0,0.0,463.90970065685104,0.0,614.3974893238009,1634.4270740496445,436.41402862880426,0.0
411,0.8036045922681275,0.7789730301715846,1.0268258101559506,0.1625700832026627,3.6740677262802266,2.965397477440693,0.3604873944412751,2.6210136467523766,231.68488500920915,0.0,1503.661461358745,0.0,0.0,125.87799099965588,109.02818118080432,0.0,2001.7021341096,0.0,0.0,67.3992392754063,136.2852264760054,0.0,0.0,419.5107062252311,5.872654304511504,0.0,986.8716797103248,0.0,4896.4195370815705,1839.4593450060115,0.0,0.0,382.3668517029393,0.0,7297.920379374354,3177.871285027585,0.0,0.0,565.6010833191724,0.0,1307.637570162597,2021.2354998545732,467.1296951474578,0.0
412,0.7993393400294079,0.6875329964625708,1.0221756864734586,0.1603905879468488,3.8100826282965854,3.148460427341209,0.2888012601965078,2.8094363142916348,0.0,0.0,1320.7995987138129,0.0,0.0,0.0,0.0,0.0,1555.911044949231,0.0,0.0,0.0,0.0,0.0,0.0,0.0,0.0,0.0,957.2849753273716,0.0,5592.502177301182,2407.0313003225824,0.0,0.0,359.41616743213086,0.0,8048.5386503321615,4057.873162497605,0.0,0.0,552.4431131523489,0.0,1519.8957536154594,2133.180728942831,421.6333694059411,0.0
413,0.8002257350471776,0.5990662633491042,1.0331367459978762,0.1582333324385432,3.941803736910287,3.351381206775555,0.2778382332693682,3.000365357726496,0.0,0.0,2258.5142623301213,0.0,0.0,0.0,0.0,0.0,841.4697218640772,0.0,0.0,0.0,0.0,0.0,0.0,0.0,0.0,0.0,917.965589328506,0.0,5662.856034062616,2401.209094553516,0.0,0.0,316.28102568126604,0.0,8191.835692500088,4136.629747206488,0.0,0.0,487.9431892597073,0.0,1513.2458307361042,2100.092070511858,401.90302546072655,0.0
414,0.7321786148571433,0.4772107953605642,0.95181341908306,0.1464374963369212,3.849446466620276,3.546531592694945,0.29336817562947,3.1207796484072547,0.0,0.0,2915.513337934745,0.0,0.0,0.0,0.0,0.0,1467.0774347810398,0.0,0.0,0.0,0.0,0.0,0.0,0.0,0.0,0.0,852.373578702029,0.0,5934.397437546115,2613.367459291455,0.0,0.0,256.96850720380905,0.0,8520.777585421836,4467.567630884276,0.0,0.0,487.8554546746969,0.0,1599.5219160884328,2161.3433426265096,411.1385168708884,0.0
415,0.6583279672619715,0.38089864881679,0.8591180711080175,0.1224018044252542,3.5579228826014013,3.6719039592140086,0.3051228667997724,3.2416146282113107,0.0,0.0,3553.5851702394693,0.0,0.0,0.0,0.0,0.0,3125.522753733648,0.0,0.0,0.0,0.0,0.0,0.0,0.0,0.0,0.0,765.6413194273946,0.0,6038.482395790446,2627.70565965704,0.0,0.0,172.53680553719423,0.0,8495.769999886685,4360.876388736752,0.0,0.0,453.1577083152344,0.0,1558.1688541198453,2156.5664930312923,392.7489235991762,0.0
416,0.5835522669835017,0.3479037835215948,0.7836116817510023,0.0965789864850547,3.2389403970660395,3.780059197881869,0.3015047456023419,3.421410824129493,205.37094936324536,5.525675767620951,4228.98109854662,419.95135833919227,0.0,39.37043984429928,0.0,0.0,4880.988689214129,603.2196046319539,0.0,0.0,0.0,0.0,85.41773790780721,337.75693129583067,0.0,0.0,520.7990242638396,0.0,4475.739263260668,1760.587536425135,0.0,0.0,58.97467935578621,0.0,6084.048668374367,2745.044122544286,0.0,0.0,276.0412369059555,0.0,1011.134988884182,1562.4747378220338,254.32918239815945,0.0
417,0.5693215630025433,0.3126189624459644,0.8759598261153024,0.0681738867508353,2.9449238113777447,3.809099639978902,0.3281778542708611,3.5718617445073138,1148.5952953076312,122.69986153974249,4687.922292579907,1986.2898583006067,0.0,263.3152518451711,71.27349580446644,0.0,6267.444978407942,2803.777437358053,0.0,0.0,29.360809976066623,0.0,519.3716624167677,1613.670846986056,0.0,0.0,1.2033656731134623,0.0,10.347876712734555,4.067589590331747,0.0,0.0,0.1352896318884959,0.0,14.06300120946208,6.33903130467019,0.0,0.0,0.6372853712642312,0.0,2.335526276811928,3.6118771460757593,0.5874418226737315,0.0
418,0.5618041227094321,0.2617321276552514,0.98738776437516,0.0415763842724304,2.733242380537171,3.8002782523915255,0.4254948252381796,3.54721661661205,1281.5238305412363,145.7303674073564,4401.145534707912,1682.8521603825766,0.0,341.9992156387694,187.87546134643293,0.0,5915.83134730781,2472.1113896637635,0.0,8.600506241377746,131.4063068925655,0.0,581.2473389729956,1749.506247803135,0.0,0.0,0.0,0.0,0.0,0.0,0.0,0.0,0.0,0.0,0.0,0.0,0.0,0.0,0.0,0.0,0.0,0.0,0.0,0.0
419,0.5593698461182743,0.2130159052973421,1.0983986837641206,0.0178193917674469,2.5741582732106183,3.886229120154828,0.5325411532275742,3.559051298661115,1288.3346716973388,148.8058037573698,4388.470500335283,1665.3899859657438,0.0,345.1787250934701,190.53787404835165,0.0,5898.715019829952,2450.3392415638727,0.0,10.915561657288103,133.8055931824539,0.0,579.9952337271638,1749.3956998257013,0.0,0.0,0.0,0.0,0.0,0.0,0.0,0.0,0.0,0.0,0.0,0.0,0.0,0.0,0.0,0.0,0.0,0.0,0.0,0.0
420,0.6310041002990053,0.1929171644008862,1.285799650983391,0.0010524830852763,2.633742434250264,3.956844975417503,0.6707119491871533,3.6984309309102823,1511.5530297272085,275.7658239094879,4026.997661968159,1153.471007181022,0.0,435.3499159325359,230.88933994425423,0.0,5387.143040278451,1764.780034032985,0.0,85.71551289861362,165.76917273384458,0.0,484.4840382826845,1659.0288356258588,0.0,0.0,0.0,0.0,0.0,0.0,0.0,0.0,0.0,0.0,0.0,0.0,0.0,0.0,0.0,0.0,0.0,0.0,0.0,0.0
421,0.719974834216854,0.2112894076146184,1.4686241661419548,5.0608406354513116e-15,2.981914131986698,4.036335306280889,0.8852203016357593,3.817494992698261,1558.165231259968,305.69146079976105,3943.55875723365,1046.214904812154,0.0,453.561278229906,236.57266029671817,0.0,5260.305774392035,1611.1069987520298,0.0,93.28226292179224,168.3587466331305,0.0,452.18211258715314,1628.8728212318767,0.0,0.0,0.0,0.0,0.0,0.0,0.0,0.0,0.0,0.0,0.0,0.0,0.0,0.0,0.0,0.0,0.0,0.0,0.0,0.0
422,0.8431710294436737,0.2265327077758994,1.6471955729537946,5.0608406354513116e-15,3.4738726850576755,4.095535080505597,1.1563529510069477,3.76915944745332,1758.3512662767837,489.3544915220037,3296.798058153297,369.8545737654566,0.0,535.0214210076728,240.35207627395752,0.0,4246.632965455679,569.5767850461798,0.0,79.20448295308458,148.392694008321,0.0,159.8466742477628,1302.3827622699448,0.0,0.0,61.67414365135749,6.259465325809416,160.0305951311716,20.52736423022794,0.0,0.0,36.82038426946715,0.0,259.9979384227749,52.83725142668537,0.0,10.079580193766631,61.029786926641805,0.0,59.46492059518945,126.20186708359869,40.91665201944538,0.0
423,0.9362639745074768,0.2302524303488383,1.6768644179476766,0.0010059882084768,4.006438037426903,4.266298264225922,1.4504693997308995,3.741464453372072,658.7034947944082,207.99439044975097,1981.7509984321136,0.0,0.0,204.3913380167632,85.49060772816536,0.0,2627.7315276423333,0.0,0.0,25.22136703091469,48.47743273474512,0.0,0.0,396.33576762865937,0.0,0.0,1010.6950320460552,191.67924314905008,2652.9158013635383,602.8723369273309,0.0,43.86878537135622,627.9117309292023,0.0,4139.569333363569,1147.486118539308,0.0,184.3091426572284,987.987151703952,0.0,976.9931327727356,1936.4840729658536,657.4080456014761,0.0
424,0.9885602277394906,0.2644396443100025,1.6500767598290786,0.009984411089706,4.447972877538772,4.481394332684166,1.6435897123537666,3.772766843550444,0.0,0.0,661.8859917699754,0.0,0.0,0.0,0.0,0.0,1162.1004351050242,0.0,0.0,0.0,0.0,0.0,0.0,0.0,0.0,0.0,1627.1100356614456,398.674570088856,4261.139229473072,1221.209861847572,0.0,115.27312694037404,1046.1230868845582,0.0,6493.523723925359,2097.479670518619,0.0,307.8899643385543,1584.4774563858198,0.0,1547.9293676255,2970.4885211900723,1040.6414299470796,0.0
425,1.043530156111628,0.3249127718511644,1.627797427021932,0.0200380125049884,4.832610901908295,4.535947075646519,1.8015398990697709,3.764376815960114,0.0,0.0,22.09883877000193,0.0,0.0,0.0,0.0,0.0,419.4184677786869,0.0,0.0,0.0,0.0,0.0,0.0,0.0,0.0,0.0,1638.6674517717065,409.5801073468922,4217.3468607726345,1218.3203926170222,0.0,120.60354563106712,1075.68013070731,0.0,6437.275638596783,2072.115506320128,0.0,296.33254822829366,1606.5141122059324,0.0,1507.0052804832608,2953.3559865124685,1038.3938197581144,0.0
426,1.0936446771778423,0.3756259061571652,1.585477701929356,0.0292131438936927,5.077481797435205,4.517575326213582,1.9076538966639127,3.669763573244812,0.0,0.0,225.06865053979143,0.0,0.0,0.0,0.0,0.0,707.1672329890338,0.0,0.0,0.0,0.0,0.0,0.0,0.0,0.0,0.0,1651.233239898953,421.4301521902752,4169.673170719203,1215.1573407463457,0.0,126.43037770197924,1107.8784005308546,0.0,6376.027784575596,2044.4939486571177,0.0,283.76676010104705,1630.5061866499047,0.0,1462.476168223199,2934.766985612751,1036.0000902046816,0.0
427,1.0615473794039985,0.4097435073285296,1.3572075715697391,0.0391691375282442,5.085828370012653,4.5458082605069965,1.893445867183604,3.637406129196997,0.0,0.0,454.5493167200908,0.0,0.0,0.0,0.0,0.0,999.2520193425702,0.0,0.0,0.0,0.0,0.0,0.0,0.0,0.0,0.0,1659.2491854194045,428.9446843965276,4139.37581774214,1213.1683842291177,0.0,130.1268975265135,1128.3115480752,0.0,6337.1312419563565,2026.974514413186,0.0,275.7508145805957,1645.7348134648057,0.0,1434.2074335130214,2922.933027710581,1034.4728852519945,0.0
428,0.9835632406161524,0.455620400710199,1.0930685417710218,0.0519278937585023,4.874698686675432,4.521534695979306,1.8131936570063891,3.759118277294638,0.0,0.0,915.3754521428928,0.0,0.0,0.0,0.0,0.0,1585.8587197974362,0.0,0.0,0.0,0.0,0.0,0.0,0.0,0.0,0.0,1434.621740025967,286.595747488854,2659.839644696168,786.3834122311982,0.0,88.38135019956934,837.1296149112236,0.0,4307.500705832033,1986.8414707972936,0.0,170.93539765833344,1178.7899426449856,0.0,1375.526437841374,2051.5265583329306,1008.7906587526747,0.0
429,0.925636073403167,0.5174567275192514,0.8414078992026571,0.0821382193660398,4.620762595602881,4.29331548742936,1.710841352702755,3.846961606871975,98.04022130005082,0.0,1168.8340207150873,0.0,0.0,13.098491104865088,0.0,0.0,1908.5239144738296,0.0,0.0,0.0,0.0,0.0,0.0,46.96933679017279,0.0,0.0,994.0,0.0,3.0,0.0,0.0,0.0,236.0,0.0,655.0,1954.2372082808447,0.0,0.0,267.0,0.0,1339.3787443531794,469.0,946.7270340965894,0.0
430,0.8767756872956818,0.5625611309076427,0.605765418936875,0.1073364347242576,4.304645794094345,4.00892648899403,1.5701588839043186,3.869591615380707,336.333967201878,0.0,1902.9930402490056,303.0653338321915,0.0,65.73502220154118,0.0,0.0,2823.265658433065,491.6107940736126,0.0,23.566684747291937,0.0,0.0,154.6432277317408,421.7842216234433,0.0,0.0,993.0227609055112,0.0,10.122947476081958,0.0,0.0,0.0,236.0711729910068,0.0,666.0222312565676,1925.0093997722688,0.0,0.0,267.7576747480498,0.0,1307.053153682286,472.3672187522936,891.0884767096712,0.0
431,0.8027751514365452,0.5696050721382062,0.3603087402752039,0.1326238513355533,3.8468031959122855,3.765878280969868,1.3280711134789478,3.9244916510062,506.49896541800416,0.0,4897.232396240195,1924.213218619672,0.0,220.098906564718,2.132035446791305,0.0,6589.4235907573175,3165.2071396018623,0.0,186.93970422047053,5.8350443806919925,0.0,1060.9464204493509,1990.4786205892576,0.0,0.0,914.2061610413424,0.0,584.286151576502,0.0,0.0,0.0,241.72849671972395,0.0,1554.509471814469,1862.654437251828,0.0,0.0,328.9726495594943,0.0,1238.0514101311594,743.6626743608523,772.3751581631702,0.0
432,0.6892675025282392,0.5755555533961799,0.1518022701428563,0.1586698904451877,3.3768136080074687,3.616389280285722,1.102374519119601,3.952022797928548,836.4212318537184,77.58749336675434,4955.898624949251,1920.1536500014956,0.0,367.3940634889396,33.50366923896094,0.0,6720.084280243985,3003.963181102557,0.0,310.9466494191593,82.20866820894739,0.0,1048.3443551622236,2117.384307306745,0.0,0.0,774.874794355451,0.0,1599.5060366520772,0.0,0.0,0.0,251.67814800769568,0.0,3125.601229864325,1816.800034770736,0.0,0.0,437.14986636782055,0.0,1187.2803017164435,1223.377376521606,685.0704872095857,0.0
433,0.6366005423547607,0.6003285527398541,0.1451385798494867,0.1811938841305841,3.075791514403864,3.5658292019358755,0.9330519716663304,3.895901739653884,992.66423906622,146.0035365239814,5014.659121568679,1891.5632599410776,0.0,399.8537681302183,31.5994817379951,0.0,6651.920171400493,2750.3096316963924,0.0,282.25572258089494,80.0275677753959,0.0,858.5761086341187,1937.1148179620309,0.0,0.0,652.3379842860207,0.0,2696.2473274841764,101.48181755561218,0.0,0.0,261.8415348543168,0.0,4768.9497427531305,1835.3428575618827,0.0,0.0,547.7853060054427,0.0,1153.0045493620526,1738.374670955399,601.4817373273684,0.0
434,0.5957552127658837,0.6091079706179415,0.232080993987931,0.1956794022425975,2.9416221197488563,3.592943400499572,0.8434169401578429,3.7381303221446633,1038.9759600185173,160.22065174798033,4970.14108018159,1805.1370726454252,0.0,391.8411918387756,19.40901247950626,0.0,6490.712735660883,2525.47459189591,0.0,242.1130326639426,49.21640824917374,0.0,757.1900280581316,1812.412847318068,0.0,0.0,741.0272806086634,0.0,4023.709909358812,1088.089810313924,0.0,0.0,271.13699003931805,0.0,6310.299354297074,2455.4850818847794,0.0,0.0,628.7937436499072,0.0,1294.42841880147,2333.2391904152632,594.3355862217782,0.0
435,0.519370890387171,0.5924812724321504,0.3381601287868641,0.1916353739601378,2.803234477528744,3.722722376087665,0.7791738783488389,3.535851107697904,856.950291696591,129.67115960122763,3813.459574161623,1189.691171435141,0.0,275.91246877487305,4.216724054130639,0.0,4850.176286111857,1567.5981173540847,0.0,130.34893836715952,10.73848649725217,0.0,431.3255940725221,1469.0402728638085,0.0,0.0,802.8167726878315,0.0,4752.00834998398,1699.4911133770984,0.0,0.0,297.5577490631906,0.0,7234.911357856817,3048.921518747226,0.0,0.0,679.4126000982142,0.0,1479.1808629295988,2645.130961157908,632.1511308123905,0.0
436,0.4315695518507372,0.5587026566347909,0.4881851094019936,0.1810937336412007,2.721892617988842,3.980707247718801,0.7761964291893697,3.2949527231554114,217.45670265226312,0.0,869.1948202409369,0.0,0.0,0.0,0.0,0.0,1089.2823215078304,0.0,0.0,0.0,0.0,0.0,0.0,1041.6086075356566,0.0,0.0,818.3608570140459,0.0,4886.453789321748,1838.498662160604,0.0,0.0,312.9197921945389,0.0,7448.9405860211855,3277.3831906840524,0.0,0.0,692.3600930336592,0.0,1564.2807205041013,2695.8837170127176,658.7665749843605,0.0
