Time,r-biceps,l-biceps,r-lats,l-lats,r-quat,l-quat,r-hamstring,l-hamstring,L1,L2,L3,L4,L5,L6,L7,L8,L9,L10,L11,L12,L13,L14,L15,L16,L17,L18,R1,R2,R3,R4,R5,R6,R7,R8,R9,R10,R11,R12,R13,R14,R15,R16,R17,R18
0,2.9829103353926905,0.9196682362995342,0.2644835778944846,0.0,1.0442128486341518,0.0059231860863787,1.9259644076156823,0.0,1693.5712720608522,259.6340186024514,3639.745782445907,364.7521293500966,0.0,7.230780278248532,146.70392976786349,0.0,3708.001728057384,334.957211524061,0.0,0.0,144.32386930989634,0.0,35.29976951877981,1041.7337997083514,0.0,0.0,1813.511906278328,977.2107689276002,6294.189979269302,560.6523030780751,0.0,484.0392745043945,305.5919667362945,0.0,6373.150704764908,900.5557151302565,0.0,542.2272964174516,321.7799886493517,0.0,658.0495824695543,2349.4065218145274,0.0,0.0
1,3.064415230168772,0.8792651478883711,0.1051913881966774,0.0,0.8043131718352157,0.0103834910033222,1.9347677380172772,0.0,1061.4968272168842,169.73198012066288,2197.441741435799,208.80688511314528,0.0,10.925450314253126,104.92848819449227,0.0,2254.31413353178,193.0284753198156,0.0,0.0,110.76288247246096,0.0,27.818268983519964,661.3881933714515,0.0,0.0,1843.869676491796,1006.4674672576996,6193.984130509241,501.8402734225834,0.0,501.7384289112645,327.7250873992102,0.0,6251.81293545925,817.2527830549506,0.0,549.4946631805857,339.6870509022232,0.0,642.101151875404,2350.39195909808,0.0,0.0
2,3.1114522869966788,0.8317454734032707,0.0198230916401733,0.0,0.6398030515330936,0.0149376970764119,1.909430746974192,0.0,1499.883056980554,253.08142669925837,2945.3258587960586,257.43229924960644,0.0,27.62493877737655,172.99879364401383,0.0,3052.575434761816,240.56411907992785,0.0,0.0,195.1491841481546,0.0,50.09564118864283,950.638985616248,0.0,0.0,1855.768862230139,1030.1294514900294,6174.845304276208,488.36602744417934,0.0,504.9088024874296,328.6329114028477,0.0,6207.727594253729,777.1929785067558,0.0,538.3277425426063,338.1230512390722,0.0,615.8260065556411,2331.35298465776,0.0,0.0
3,3.154381652603629,0.7928877081804246,0.0022178445640168,0.0,0.6043241122233571,0.0198205571960133,1.9096661017950485,0.0,1953.7330392307435,339.35977423873294,3719.5667668000674,307.7873208345855,0.0,44.88606877896762,243.4151606181879,0.0,3878.942694512549,289.77529602005774,0.0,0.0,282.51293836547103,0.0,73.15790181992178,1250.052723658983,0.0,0.0,1852.287027646836,1044.4528482805256,6203.4740326352085,489.4936604172927,0.0,501.6113931221032,320.32183870556975,0.0,6211.206632770457,782.1113817928721,0.0,534.7041173299904,339.8699379636806,0.0,600.0,2313.5731077550345,0.0,0.0
4,3.1302462801381523,0.7592010581435468,-4.671818487622668e-16,0.0,0.6589520004533309,0.0247503678936877,1.9050267455711216,0.0,2324.313497719302,399.3164921980468,4435.160102057506,385.7387209415165,0.0,60.35345148985717,277.1875039625071,0.0,4561.825916663898,341.7559836741452,0.0,0.0,303.00115573614,0.0,61.845326247790624,1418.331916188071,0.0,0.0,1846.952668719848,1043.8979599300983,6244.624325662089,515.914698746539,0.0,499.04004408981535,314.83836276874564,0.0,6236.714939100893,807.4827556353728,0.0,528.8474809003706,336.05828035306524,0.0,600.1111582015267,2302.009776328332,0.0,0.0
5,3.0325539341013226,0.740277349330563,-4.671818487622668e-16,0.0,0.7240297036694358,0.0281456360132891,1.8088344962117984,0.0,2329.058811054573,399.2077993125236,4457.219462604122,399.938409888606,0.0,63.405858787288416,268.2203554186862,0.0,4562.124806071773,351.7428690773904,0.0,0.0,281.9471562986726,0.0,47.94904254092915,1391.3187210340036,0.0,0.0,1846.451114797196,1043.451114797196,6249.401080768861,528.7421283629587,0.0,495.1478044339423,321.6943919856853,0.0,6225.355642042649,814.6943919856852,0.0,535.6943919856852,332.14780443394227,0.0,600.548885202804,2313.0954727545472,0.0,0.0
6,2.8556461643633178,0.7533709196794667,-4.671818487622668e-16,0.0,0.7784791827691706,0.028264248,1.6497968900746864,0.0,2376.651869382455,408.1256307887381,4462.429147235608,401.016273129597,0.0,75.21155068476106,270.653138790261,0.0,4565.433701483646,342.52658762363893,0.0,0.0,301.3444730344981,0.0,36.04772444204694,1389.090323395892,0.0,0.0,1850.303791957969,1047.0006686874758,6240.80770932969,525.2294526813424,0.0,493.6744716672284,328.3300512992808,0.0,6206.916169689533,808.1441890328207,0.0,542.7847362050209,333.099457831175,0.0,603.2133583576375,2329.476718493817,0.0,0.0
7,2.634292816792592,0.7567971524309443,-4.671818487622668e-16,0.0,0.810870784308497,0.028264248,1.4733099047925968,0.0,2488.804841214288,450.62347591952624,4474.420594172729,402.4749724793913,0.0,86.41053406700766,281.2689038009113,0.0,4541.508228054901,294.0822545099327,0.0,0.0,310.57296104258774,0.0,15.888197389512262,1377.8580972993182,0.0,0.0,1871.9658457488545,1068.4249737064415,6167.56624825797,445.77691906655554,0.0,505.15342705702295,331.88188040760434,0.0,6159.856527065494,740.3762524788531,0.0,548.8112436587776,357.29363251173305,0.0,616.6501055552344,2363.0177285200034,0.0,0.0
8,2.374247257070607,0.7537422291124141,-4.671818487622668e-16,0.0,0.8350101753118712,0.028264248,1.240293136407853,0.0,2507.9036004913505,464.0946758649893,4482.677710591031,407.5938534039409,0.0,84.82115630076423,287.2611719270253,0.0,4532.739493589851,286.9172451622575,0.0,0.0,306.7357701543738,0.0,9.492198259325846,1372.0699805905897,0.0,0.0,1871.0458687790124,1077.8623936629629,6096.162009068313,414.4433981971194,0.0,513.862393662963,339.8623936629629,0.0,6115.718610871194,721.2446334880659,0.0,557.8471040699588,367.8471040699589,0.0,629.7859456979423,2368.9388416279835,0.0,0.0
9,2.060728915241742,0.7221358425999616,-4.671818487622668e-16,0.0,0.8603553726871229,0.0270640768762947,0.94356271502052,0.0,2512.1901745706027,470.6240374704561,4488.198446052076,411.6074945075106,0.0,82.56613710014665,291.0248144444184,0.0,4528.165450810011,286.1570886447117,0.0,0.0,302.9751855555816,0.0,6.173722291484226,1368.557865618674,0.0,0.0,1871.374404881144,1078.0871901778007,6097.497742152289,415.5335213624936,0.0,513.6255951188562,339.6255951188561,0.0,6116.466846520646,721.9437054538421,0.0,557.8256196443988,367.5384049410554,0.0,629.4306994273018,2368.6255951188564,0.0,0.0
10,1.761094414456571,0.6907852280132893,-4.671818487622668e-16,0.0,0.8552623205353581,0.0229044688504983,0.6600438565315623,0.0,2523.722300331053,478.38993596052273,4492.173295017791,409.84407661837344,0.0,78.54624080845845,294.4110155416446,0.0,4513.579142799904,284.5840430049278,0.0,0.0,296.083483293479,0.0,2.0197162144361296,1359.901091234016,0.0,0.0,1876.792866867809,1079.341933556998,6133.648445363035,437.73717845334113,0.0,508.2071331321909,334.20713313219085,0.0,6137.704916426576,735.60159537946,0.0,555.2938098863918,360.8651995751929,0.0,621.1912714883492,2363.207133132191,0.0,0.0
11,1.4518945805959778,0.6409737035049278,-4.671818487622668e-16,0.0,0.8271019058897446,0.0181624604651163,0.4087718922745657,0.0,2510.291773045947,455.49848292508847,4510.569196292438,415.0831827462945,0.0,67.26255779446113,272.5341586471323,0.0,4513.126016463215,313.33272634235675,0.0,0.0,266.73495287517005,0.0,2.574036859912217,1328.6731893087467,0.0,0.0,1882.9649050276728,1079.4506400249056,6195.067462697688,475.9138617096677,0.0,498.87698013003006,324.39959067712465,0.0,6176.41280752611,761.5457413170111,0.0,550.1187748885999,349.0761151062057,0.0,608.7268945666751,2353.987146926854,0.0,0.0
12,1.207464538602394,0.5995365334560276,0.0220971706783672,0.0,0.7525316671397214,0.0129039957209302,0.2222304827092087,0.0,2470.7136854081614,424.5272058226564,4541.353540281879,441.4039610685108,0.0,53.13229301425433,242.91367772823108,0.0,4539.719129423121,349.68040461046627,0.0,0.0,232.5622206108644,0.0,4.4367134859809685,1303.470174162354,0.0,0.0,1847.5056256458167,1049.90928948776,6264.700554561615,525.7805239098956,0.0,485.48716729524784,303.630794872877,0.0,6257.694390856444,831.15373692871,0.0,531.8114936017888,328.8114936017887,0.0,616.6732366061392,2342.267128657461,0.0,0.0
13,1.063153341341626,0.6116057273510986,0.0944306689367352,0.0,0.7000310160203572,0.0082089379136212,0.1077977210868742,0.0,2242.4355417741804,371.56318071593273,4193.441626256586,420.7932674373006,0.0,41.524986012660456,206.0446801565352,0.0,4185.134273589644,343.42878123817434,0.0,0.0,193.9810611710878,0.0,5.3543407310696,1183.0860966050864,0.0,0.0,1820.4173629242785,1019.7610406564144,6316.4190740396325,565.3394209251039,0.0,473.3805203282072,286.3805203282073,0.0,6330.118206825953,885.9868705707502,0.0,511.13559306223567,308.1355930622356,0.0,622.2948992912926,2326.365679783604,0.0,0.0
14,1.03672504963455,0.6315724219455139,0.1971710850710958,0.0,0.8134638486538205,0.0043054503787375,0.0518215220810641,0.0001304182724252,1890.4311535072225,311.54828619242903,3565.207396393197,359.1707792469072,0.0,35.59955909434039,172.274236853074,0.0,3550.0103795048017,296.32999988385046,0.0,0.0,161.8158867447847,0.0,5.079199671248562,1001.5643343295068,0.0,0.0,1819.449638436547,1004.3937985457592,6342.06023164732,585.858164495906,0.0,465.6968992728796,278.6968992728796,0.0,6368.5653995258535,904.2572861445996,0.0,496.3941089945601,293.3941089945601,0.0,617.7982432973872,2310.3435922067065,0.0,0.0
15,1.239132011920265,0.6681108738694823,0.3451745458298522,0.0,1.1357287030187473,0.0126765972444233,0.0389248827351694,0.006529013282392,1372.1194988212417,217.2950781802712,2702.520352781539,281.5265358653848,0.0,20.67481369916143,113.78882386410656,0.0,2694.7115793341977,245.96040639560636,0.0,0.0,104.74922168246394,0.0,7.411890406539568,745.4468096822933,0.0,0.0,1804.566721291659,964.6301221130408,6427.833790794925,644.8339413737714,0.0,440.5725229434232,253.2448643113546,0.0,6489.55052703716,970.3208306161424,0.0,461.2336418593247,253.31876237829604,0.0,621.8163608906159,2276.838974621785,0.0,0.0
16,1.6936998151681608,0.7389168377422768,0.5149251110033215,0.0,1.644964922348767,0.0289610934219269,0.056534331962113,0.0159887310697674,1766.8861469699273,262.8684855605936,3668.869517689313,400.807307112344,0.0,11.770097887830657,121.9091823156394,0.0,3700.615474331954,372.57070153516935,0.0,0.0,107.35954734409398,0.0,17.292401483561896,992.9237740081052,0.0,0.0,1777.0,931.0,6524.0,702.0,0.0,413.0,225.0,0.0,6618.0,1049.0,0.0,435.0,217.0,0.0,644.0,2258.0,0.0,0.0
17,2.247160394741801,0.8371425301019229,0.679746350870432,0.0,2.1817272965528764,0.0450643180066445,0.0776587272159478,0.0251729230963455,2132.35800050161,301.87510603354406,4615.318112411535,513.7936773679211,0.0,9.192508263438787,129.2904428238487,0.0,4679.9048186005575,495.5601224464288,0.0,0.0,111.8801081724415,0.0,27.225613530055405,1238.9852048908283,0.0,0.0,1779.0772298441998,932.0770821414368,6528.423730223759,703.8079593088406,0.0,415.8850414502776,226.711791260498,0.0,6620.615770914918,1050.6156232121557,0.0,436.5386887734814,219.7119389632609,0.0,644.2692705353593,2259.5386887734817,0.0,0.0
18,2.832343043920263,0.951458051498142,0.8303412748657427,0.0,2.7802600747914834,0.0618116715747508,0.1012378017408649,0.0347244828039867,2056.0516027095973,278.0702077404744,4648.248993497063,500.3040066948395,0.0,8.07006985078371,128.81566660269934,0.0,4692.424696123485,494.6636806237025,0.0,0.0,122.18730786131624,0.0,31.08536754632606,1267.8892848313535,0.0,0.0,1791.0997588535677,940.1225900708567,6548.175753537164,711.6468716427707,0.0,433.4798654452469,239.7677247504233,0.0,6625.787448364136,1057.2034264056306,0.0,446.4859890602135,236.2954646311169,0.0,643.80878855662,2267.688273452145,0.0,0.0
19,3.4248646183346434,1.05326229250166,0.919940004516462,0.0,3.3193836674605914,0.0771097349302324,0.1195114047825443,0.0434494652292358,2085.4154398096102,278.10677580133427,4615.203632501816,490.6646345304656,0.0,18.196043383423827,157.19718658353057,0.0,4666.384282541737,481.54870463666543,0.0,0.0,145.12034564403604,0.0,43.28977278086767,1298.7371613584974,0.0,0.0,1810.310698888001,957.0893202116364,6523.400220246602,699.2729632591195,0.0,454.471132299529,265.97365495586,0.0,6581.775618020082,1032.9783122730348,0.0,467.3237725015924,256.0081133397416,0.0,636.9870844378677,2275.320701577049,0.0,0.0
20,4.0423621073711535,1.1616293670133502,0.9726871549860238,0.0,3.69718857534032,0.0921593223366135,0.1320992512816411,0.0521533579707891,2047.9440778070032,282.2174740292368,4394.566297084496,461.93247481270566,0.0,29.745227853357896,178.35607116468904,0.0,4487.897225016116,456.6771985906252,0.0,0.0,163.03834963635563,0.0,42.93862092751669,1259.053785564566,0.0,0.0,1822.703759910402,969.4609800096908,6466.811718794602,680.1462553272819,0.0,459.8364611686941,271.8364611686942,0.0,6550.289982308316,1001.9145011493129,0.0,483.46098000969073,267.4609800096907,0.0,648.8562730189655,2295.0345670080483,0.0,0.0
21,4.56390279681376,1.2770549644971636,0.9922226526847786,0.0,3.893020010905617,0.0969414119999996,0.1392123401954283,0.055288836,1167.3223566141437,161.62030071575506,2496.275463294782,261.8002524699,0.0,17.923600021015787,103.38340799624238,0.0,2555.0999619802824,259.5724308170373,0.0,0.0,94.68214807827152,0.0,24.47401341777724,716.7558633044277,0.0,0.0,1829.1574403203456,980.55381547522,6420.099126039289,666.7479969473429,0.0,463.5221303309422,275.5221303309422,0.0,6524.382814236225,983.4144993805024,0.0,494.55381547521984,278.55381547521984,0.0,661.3651827111181,2314.4597454434297,0.0,0.0
22,4.8274743252719166,1.3217529907191394,0.970766531084592,0.0,3.88937422913162,0.0969414119999996,0.1583138485614629,0.055288836,609.848589720787,88.28647526723574,1298.431252359414,135.64734635588445,0.0,11.553310755480886,58.126839970733606,0.0,1326.79349125698,135.66025736263612,0.0,0.0,61.28862379328811,0.0,22.481617655078708,384.2444779727098,0.0,0.0,1837.6759828882189,984.3416448903782,6423.954759870567,653.750939677776,0.0,464.5586757540013,292.5458813373975,0.0,6497.004622213615,967.8484259765409,0.0,503.1548241168847,295.84092554994464,0.0,661.8130780558973,2318.566973122431,0.0,0.0
23,5.000636275076001,1.288055539687844,0.8975767601624527,0.0,3.8199811156902888,0.0969414119999996,0.2065026955997027,0.0552888359999999,1653.5180628444605,244.63806895427757,3508.437640768408,365.2394098260758,0.0,34.382827154431666,163.1739743857657,0.0,3582.5481457365463,366.6207684339553,0.0,0.0,181.6813139642647,0.0,72.28634851543606,1053.863523541885,0.0,0.0,1847.8123818730555,1004.5720634502655,6397.606084483035,622.9610125669475,0.0,474.4898459150113,307.81238187305536,0.0,6448.027164601374,930.8395464744292,0.0,508.78945994083097,310.12146609251835,0.0,646.4508584819588,2321.888004101125,0.0,0.0
24,5.060017274682359,1.2200008868970111,0.7913198514357936,0.0,3.568114237507151,0.0963745312217243,0.2500808036879976,0.0550930116209735,2148.750443874612,329.1405361670534,4472.626649593512,452.9923553576937,0.0,51.60723859131185,224.1486952236315,0.0,4567.865646200867,454.9397690462188,0.0,0.0,256.89769481571744,0.0,88.15911925453425,1373.858895577459,0.0,0.0,1857.088378820192,1036.2502942398728,6339.032215973347,580.8653933829603,0.0,489.5597040414112,317.3513103775668,0.0,6387.410566333526,880.6032576946926,0.0,512.2560883034978,319.41903454071763,0.0,622.8957939817211,2327.212656671796,0.0,0.0
25,4.9091371314326055,1.097421591047699,0.6404684709788793,0.0,3.088933924873752,0.0839225109169433,0.2877316755548182,0.0483924550365448,1607.2357437555186,250.6185892245314,3309.4385821258898,329.9142182534326,0.0,41.38711252954109,172.7360394386712,0.0,3380.707037661444,331.201460440788,0.0,0.0,200.2580069209732,0.0,63.46937952753407,1029.1889149367933,0.0,0.0,1864.0271735808703,1061.256813990391,6237.316780984745,523.4908403124847,0.0,491.67222756008033,326.99531871442144,0.0,6303.058458388026,817.2809529706583,0.0,524.2163361685023,336.1221362589727,0.0,613.2527158465564,2347.588319162732,0.0,0.0
26,4.533003804430738,0.938658608431894,0.4723541158006641,0.0,2.446465482439402,0.0677899556507294,0.321296396710964,0.0390245791694352,1338.2149022348394,213.33950957986005,2699.659117136915,264.6706607919753,0.0,39.94536430504213,161.0769582742969,0.0,2772.656175541956,259.9035174505344,0.0,0.0,184.29417951140104,0.0,72.91437273215065,873.1218296214165,0.0,0.0,1890.0253828389648,1095.6586221189334,6077.597318276995,423.7073792803955,0.0,488.5460723022069,339.56251899292863,0.0,6121.530017703342,673.8778429193269,0.0,545.174289853023,360.2894607905753,0.0,583.0248440307618,2375.9539914362226,0.0,0.0
27,4.087112842686011,0.7851790094156883,0.3157739379269099,0.0,1.848551624774832,0.060516000358804,0.3504509322299819,0.030299596744186,1932.6943438766143,313.6184008272329,3833.137459318635,370.63443677101264,0.0,63.89176807638084,254.56894486151296,0.0,3956.5704306462794,358.33984683525017,0.0,0.0,288.72672800071047,0.0,132.6291443206047,1283.1955399534218,0.0,0.0,1899.6225924255032,1096.6322245658612,6037.950713853654,392.29036589757305,0.0,482.3860689792129,331.02475492691343,0.0,6055.155997952238,616.9530899636827,0.0,531.8423688465384,349.12456880145163,0.0,545.9923970966431,2337.408338894349,0.0,0.0
28,3.625138647172065,0.6338060572323699,0.1803016271903714,0.0,1.2526502194240574,0.0562311423388705,0.3664616017343448,0.0209317208770764,2177.547214799518,332.10225770211264,4524.657300604707,458.02303066517794,0.0,55.0,271.46798776258333,0.0,4658.370797581171,491.6573006047072,0.0,0.0,320.4910184277612,0.0,187.0,1498.976969334822,0.0,0.0,1870.4643561409343,1054.6472211711698,6190.848133093922,489.7604351607741,0.0,451.1992752452524,262.84649641642227,0.0,6175.899258021023,697.6799487870156,0.0,432.0822158654468,227.72943703661667,0.0,491.4496754176057,2177.1115773121046,0.0,0.0
29,3.1385791307669644,0.5210634578215473,0.1427067331238726,0.0,0.8390824923758894,0.0522403432026579,0.3528570695083058,0.0122067384518272,2111.362563264361,301.72580503920227,4515.378186327742,464.4659079715264,0.0,49.10266619668513,236.7394244218439,0.0,4647.49316266216,503.386795597184,0.0,0.0,293.51160330221364,0.0,191.04677635212067,1490.989734267734,0.0,0.0,1862.6636139146285,1047.2400672141246,6236.804169975147,526.250770354236,0.0,445.7821234979926,250.17764593957872,0.0,6231.115991799155,736.9139803342125,0.0,429.20611106330034,217.7594441145824,0.0,490.25528535971006,2162.4195098380574,0.0,0.0
30,2.604621881228568,0.4145091365740859,0.2286407899794017,0.0,0.7997737602279081,0.0487906151581395,0.3397548517415286,0.0031733648611295,2034.430696065445,258.1973627321121,4611.188265202698,519.2514155121808,0.0,26.37897391681037,185.76964660096576,0.0,4744.940366047701,572.4587908929599,0.0,0.0,221.3876927498563,0.0,158.50172214863505,1425.2284014639688,0.0,0.0,1802.7086359659936,991.9135127949052,6392.0672529219055,653.9166696619257,0.0,434.2032617111621,229.3561830304585,0.0,6427.820279614059,874.8325765820696,0.0,416.391444046808,201.16824505870136,0.0,538.492471496495,2171.2048485565483,0.0,0.0
31,2.198334889941761,0.3272230713851862,0.3475640096013285,0.0,0.9530069764256416,0.0550932085913622,0.3332452946042607,1.7763568394002547e-18,2104.078585184231,260.3125579913764,4653.950470334542,533.1704774694981,0.0,34.06526260099308,168.7207910529101,0.0,4745.531985346013,543.5779058362897,0.0,0.0,180.02040023820814,0.0,97.51888454120916,1343.3047096583348,0.0,0.0,1756.5834559732352,958.1744526248136,6467.558727482653,694.5103303288425,0.0,429.9998825730066,217.72809451145477,0.0,6520.252397363997,962.9485683335214,0.0,439.3967826001484,223.00470192661533,0.0,585.1688339175415,2230.1306200086697,0.0,0.0
32,1.923360057611769,0.2806286780541046,0.4903823140863781,0.0,1.332463485363076,0.0664247783312767,0.3177008597304233,1.7763568394002547e-18,2182.5520579158724,286.2771894689629,4633.694155476607,514.7080867890261,0.0,36.0398341564496,180.69086140433885,0.0,4704.000973050214,485.1107602430053,0.0,0.0,189.06158573161997,0.0,65.27584149712496,1328.5755749708503,0.0,0.0,1763.116539140874,962.1165391408742,6482.76877479527,699.9910371022919,0.0,440.9001968281084,236.34809597089708,0.0,6565.77806931827,987.792620584942,0.0,473.13327510985687,260.23340990704065,0.0,618.7780693182697,2289.133606735149,0.0,0.0
33,1.6506618880148485,0.2383626097322638,0.6582306306976747,0.0,1.8103088253195216,0.071652348,0.2624537314285722,1.7763568394002547e-18,2259.919431109586,312.81025488847763,4543.082829563365,460.69706791018746,0.0,43.27797794758754,205.4442290243432,0.0,4629.214159005152,402.2277582708597,0.0,0.0,216.2525790688603,0.0,46.47749163944911,1334.8222947836707,0.0,0.0,1771.6168490283192,970.6168490283192,6486.637526763783,696.7921910105932,0.0,455.4104331518445,259.66351535928345,0.0,6591.515254217924,996.9871184829168,0.0,504.57260516232975,295.9178911513868,0.0,644.5152542179242,2339.256798257078,0.0,0.0
34,1.4373755614476522,0.2204459328578484,0.7898266516850228,0.0,2.195670229434365,0.071652348,0.2079259890099672,1.7763568394002547e-18,2301.1518827295617,335.9110395523991,4544.503871621972,454.6315142224044,0.0,54.1750869112287,223.17508691122868,0.0,4621.519341076416,387.77565370802336,0.0,0.0,238.79886640641072,0.0,47.77565370802334,1323.4961283780287,0.0,0.0,1789.2274709101323,987.8195879197532,6468.781357629246,679.6527317843105,0.0,470.3805819267113,283.2986559927393,0.0,6583.4359151113285,982.3727595789148,0.0,531.5462062750901,324.47400241025525,0.0,659.0054405789838,2373.7052105315624,0.0,0.0
35,1.2534422186392005,0.2320416674575403,0.8760138029677094,0.0,2.4552289994352128,0.071652348,0.1539546521262463,1.7763568394002547e-18,2270.388390534428,336.0414822268606,4499.612576763492,462.2521823272307,0.0,63.01076703509436,218.97276651419637,0.0,4557.405244061984,406.7477293293399,0.0,0.0,235.46605589011085,0.0,55.75093460029454,1309.6548584548907,0.0,0.0,1848.056993742409,1044.585277318209,6360.3391187935085,605.2543729279846,0.0,493.8919540956449,315.66409961272194,0.0,6445.537119110863,873.8786517887798,0.0,548.363389314944,335.1186770187176,0.0,633.8211574013067,2356.327303135179,0.0,0.0
36,1.0902362962374446,0.2452760053321619,0.8863560141400382,0.0,2.539341581709268,0.0712955329314862,0.0966448820332228,1.7763568394002547e-18,1556.7912299878965,229.5293518443126,3116.42025210109,334.8188130272785,0.0,48.42509909845513,146.63037072415838,0.0,3141.1661205595574,305.1546746311551,0.0,0.0,157.67248611169265,0.0,47.89627339062334,906.849802330104,0.0,0.0,1870.077776472365,1066.077776472365,6317.3527957145325,588.0575242754397,0.0,508.3159806509833,323.77106414819315,0.0,6407.47836862931,845.1513422800946,0.0,542.6832074208619,334.86488215284805,0.0,617.6064257773045,2333.037167485488,0.0,0.0
37,0.934556229793766,0.2451065263338547,0.8863518956682773,0.0,2.5804460901370256,0.0623833154551496,0.0402939154782182,1.7763568394002547e-18,1440.205981832661,214.56310548416369,2884.927522744595,313.02407149155624,0.0,43.24680612907848,138.90054245693912,0.0,2905.474259946061,285.6565888510605,0.0,0.0,152.20509366184743,0.0,44.62683370012375,842.7216811504383,0.0,0.0,1872.0932332401676,1068.9244361033473,6335.999627941948,594.9999069854871,0.0,503.0012889126013,316.0910274730164,0.0,6403.818224097506,844.2184549672451,0.0,531.0910274730164,319.3095754547744,0.0,613.2880809228484,2325.250298974522,0.0,0.0
38,0.7878326668468351,0.2287331135087118,0.8702863542279486,0.0,2.5467917125307467,0.0502428843986711,0.0032889106876406,1.7763568394002547e-18,1795.074507090814,270.1883622096349,3598.0406667803227,394.2044102684784,0.0,52.01971896826529,177.11056595291737,0.0,3620.798869221382,360.1483801793527,0.0,0.0,197.5626124936052,0.0,56.045168063179965,1055.0544485556366,0.0,0.0,1860.5335661818503,1067.99052451661,6348.7101885891625,596.2901096416434,0.0,490.23119090382176,310.5995431863832,0.0,6394.257381022532,847.6915407814585,0.0,527.5350665119655,316.24010269320434,0.0,609.5930403862873,2323.1341908387662,0.0,0.0
39,0.677227278664739,0.20785103282392,0.816613409941932,0.0,2.3760019939855552,0.0389356201794019,8.686384944667252e-16,1.7763568394002547e-18,2170.258136020572,329.04677815255144,4352.004883282127,480.05485990515626,0.0,61.24442793213999,217.5579222882714,0.0,4377.088890094843,438.9402384450976,0.0,0.0,245.48934511087364,0.0,68.09943644803634,1279.583879909164,0.0,0.0,1861.7752132299097,1074.268798542134,6335.499523395013,585.2756898348958,0.0,487.2716581720503,306.2266931900345,0.0,6362.775213229909,832.731201457866,0.0,531.0040316628455,318.2756898348958,0.0,590.7352331207115,2318.504508267832,0.0,0.0
40,0.6048299401089665,0.1881949948465115,0.7630093663282375,0.0,2.067621088903656,0.028104451295681,8.686384944667252e-16,1.7763568394002547e-18,2323.0,353.0,4659.0,515.0,0.0,65.0,234.0,0.0,4685.0,471.0,0.0,0.0,265.0,0.0,73.0,1371.0,0.0,0.0,1862.8847090956704,1083.558515626247,6336.246220782622,585.6384883130487,0.0,492.08119093051687,302.13040777384265,0.0,6363.884709095671,823.4414843737528,0.0,526.5572973825318,318.6384883130487,0.0,576.9987817562845,2313.31107659991,0.0,0.0
41,0.5482954402923547,0.1659788412599511,0.7441178469120525,0.0,1.7377780318239864,0.0164401155747508,8.686384944667252e-16,1.7763568394002547e-18,2324.258474468237,365.8201756038114,4574.879918137038,469.8390851893868,0.0,71.01264959911522,251.58610948918667,0.0,4650.617668673877,427.7099908626066,0.0,0.0,300.25251492678507,0.0,110.14016810783274,1427.2992829003535,0.0,0.0,1877.4654154902848,1095.9273243300709,6353.100163984379,598.140237600435,0.0,501.7508650473561,301.7845430625813,0.0,6373.221991921471,822.5348368708449,0.0,520.752379214133,307.9945209215395,0.0,558.8603600439719,2293.512117012541,0.0,0.0
42,0.5295957461986541,0.1437526848670416,0.7521054286245841,0.0,1.4803095669417627,0.0044105302439487,8.686384944667252e-16,1.7763568394002547e-18,2288.574578981623,370.3770261549755,4536.208990886723,459.2240787586996,0.0,69.00188473649456,252.6192043720354,0.0,4626.414850525975,408.43294998433487,0.0,0.0,306.3763979094773,0.0,118.03205050042828,1453.420265413284,0.0,0.0,1892.2815084947376,1108.6172020479037,6339.355863131904,592.610436806448,0.0,507.8760957834555,307.2276388543517,0.0,6354.392882741465,808.6205215958166,0.0,511.7454263254554,303.8861805728242,0.0,544.4696825590793,2281.4966173792723,0.0,0.0
43,0.7092201289980736,0.1370536795614612,0.7662499080398665,0.0,1.3829656208498,-1.4210854715202038e-17,0.0044579349893346,1.7763568394002547e-18,2146.9320167344777,332.0840511949028,4343.913384820645,448.4848872320982,0.0,67.53969585482294,253.117205754366,0.0,4448.003603404724,436.2323944965456,0.0,0.0,299.139901353773,0.0,143.6897122120897,1422.6447179364402,0.0,0.0,1905.045437289769,1121.045437289769,6308.434008243519,576.7560161860422,0.0,510.3514871441664,309.81104350212644,0.0,6312.502442345769,780.0231111398318,0.0,505.92519783593866,300.3514871441664,0.0,528.4499663316449,2271.687582083792,0.0,0.0
44,1.242125922359208,0.1377073902954768,0.7951100064481642,0.0,1.6521804201369592,-1.4210854715202038e-17,0.0182613037873762,1.7763568394002547e-18,1379.96397225545,211.1231686927336,2809.3989079005783,292.76817385577414,0.0,42.57480111370773,160.64134200363586,0.0,2876.9703121457346,287.9079087266754,0.0,0.0,191.13663636459896,0.0,93.33848916360918,916.766728779652,0.0,0.0,1913.775231038099,1129.086236600579,6251.777993846871,545.8707533697385,0.0,504.49758874502686,306.1954577845153,0.0,6231.0645879195845,728.5256123795446,0.0,508.3287547664163,294.5602246029833,0.0,511.45940122529066,2264.2688062799407,0.0,0.0
45,1.8159377878535292,0.1460905377373963,0.859486181686261,0.0,2.119383044751697,-1.4210854715202038e-17,0.0311335872757483,1.7763568394002547e-18,1438.0922561246523,210.88613009138356,3002.321733252806,323.6398333841205,0.0,38.64531299051663,155.0573506663112,0.0,3072.2545081631206,325.5841284737516,0.0,0.0,185.52391838782495,0.0,96.22871572781771,959.144978835781,0.0,0.0,1909.2295045182016,1120.85204201819,6263.474171044267,553.778934493711,0.0,500.4550744197628,306.0642936356121,0.0,6243.771803023849,740.3819668952835,0.0,505.03022990492207,290.6449653655441,0.0,515.1479915787673,2263.637163326178,0.0,0.0
46,2.4310162403712936,0.1642584918857138,0.929408273748835,0.0,2.7503328877068403,-1.4210854715202038e-17,0.0441413684850506,1.7763568394002547e-18,1784.2698373005048,235.73372134154172,3937.3731050423694,454.2824494655328,0.0,31.690124471876928,157.23449697526155,0.0,4022.765821593462,476.6446035923562,0.0,0.0,191.312799615849,0.0,116.45116373760246,1200.7363545290864,0.0,0.0,1869.5451020810424,1061.4877139913324,6326.4603867418655,599.0144725424395,0.0,474.7443724945237,280.4130488450718,0.0,6328.9717589375,808.7520216220672,0.0,472.202224188298,263.0668092767016,0.0,538.7517103572505,2250.33667042166,0.0,0.0
47,3.1631845633200437,0.2014048465847172,0.962235364409743,0.0,3.4311236720332148,-1.4210854715202038e-17,0.0582331314617948,1.7763568394002547e-18,1986.194967312892,249.6473259132335,4483.96850349201,531.5771062757713,0.0,27.21317019631152,158.05619658571771,0.0,4577.391744565582,566.2807808979038,0.0,0.0,193.539438188692,0.0,127.56084805040965,1340.0067036759517,0.0,0.0,1845.025893696244,1034.2533053342254,6349.7059085065575,609.2584832744026,0.0,461.6577243035338,261.25330533422544,0.0,6371.524092101513,832.7466946657745,0.0,467.3707583627987,259.3681693927101,0.0,550.6318306072899,2256.0025889700883,0.0,0.0
48,3.955999471110415,0.2446395483165915,0.9666868679999976,0.0,4.024252319462955,-1.4210854715202038e-17,0.0724603921594693,1.7763568394002547e-18,2059.162237602056,248.7289281153024,4698.163861182436,570.8522238749964,0.0,21.284765606779374,153.39101449003033,0.0,4785.918929397192,614.6366023145362,0.0,0.0,183.07831235199143,0.0,125.04146004084744,1375.9898805672444,0.0,0.0,1828.8644752291616,1022.9833517092568,6352.33836018707,608.4255549689465,0.0,450.5983768031661,250.59918728440192,0.0,6378.03838792072,843.5745099291005,0.0,467.5819439904784,254.866143345368,0.0,555.8128548528689,2261.426380154893,0.0,0.0
49,4.5761895990782495,0.2832182949283944,0.9588780527619968,0.0,4.435225334190133,-1.4210854715202038e-17,0.0812757093195739,1.7763568394002547e-18,1448.2533107021925,170.20724329135527,3318.1528704263446,410.6374671920543,0.0,11.819486010633868,104.18728130718917,0.0,3373.165112880744,444.6604117786307,0.0,0.0,120.03044874970008,0.0,82.91621484923151,956.9546046467212,0.0,0.0,1758.8960950484768,987.6438938849308,6353.664028711049,605.4765781443689,0.0,407.8437532255972,241.72062455849692,0.0,6386.726736527483,859.844311036418,0.0,460.3554922577017,253.16003540615915,0.0,586.2367660797252,2285.849548590388,0.0,0.0
50,4.910855352193969,0.3340220784449271,0.8743045725586491,0.0,4.519028035662908,-1.4210854715202038e-17,0.0815696280000008,1.7763568394002547e-18,1464.1393619690352,145.01541612623282,3581.0703435845357,479.4289683583423,0.0,9.794710344522374,85.84657572975294,0.0,3634.946606418368,504.5235220854834,0.0,0.0,91.17222147393908,0.0,86.78432410918786,998.9307746866792,0.0,0.0,1710.37228388977,943.3004252395914,6336.46520815682,617.6807841073554,0.0,385.17322362846943,227.35767743110617,0.0,6424.494348751686,878.2737083744053,0.0,451.2389165312252,241.3849087954004,0.0,604.7883148330691,2289.134762090008,0.0,0.0
51,5.165672316450668,0.3823410476862631,0.7475929444610709,0.0,4.476846919928354,-1.4210854715202038e-17,0.0815696280000008,1.7763568394002547e-18,1368.6219701212308,119.45455083582914,3480.503284404189,490.0212454280799,0.0,0.0,60.421363805149234,0.0,3594.8961605647364,518.100827498419,0.0,0.0,68.35706137043267,0.0,82.0510944257372,949.8369538085942,0.0,0.0,1710.4036169664762,926.0,6400.126010496731,643.2339361610794,0.0,393.2339361610794,212.6375531275558,0.0,6485.295691302127,892.6169680805397,0.0,439.5963830335236,223.5963830335236,0.0,596.3830319194602,2261.3624468724443,0.0,0.0
52,5.344409408263649,0.4151479664571421,0.5969045269435211,0.0,4.309586115131968,-1.4210854715202038e-17,0.0815696280000008,1.7763568394002547e-18,1059.0893574558436,92.5305446559602,2714.2003965486733,381.5662473069037,0.0,0.0,42.23439227094371,0.0,2787.3421921023323,404.6264920013738,0.0,0.0,46.44089187023179,0.0,59.81935282423839,725.6980154352148,0.0,0.0,1711.7490528627486,926.0,6428.5502763351,656.7082479001655,0.0,395.47770324420526,212.08918702317885,0.0,6523.7566299607615,905.7082479001656,0.0,428.79364637433775,212.4981057254967,0.0,591.5668902673841,2250.975808969702,0.0,0.0
53,5.322974375130396,0.4274360035415269,0.4395368972691034,0.0,3.9997588200473473,-1.4210854715202038e-17,0.0778323722815622,1.7763568394002547e-18,1508.7582663698204,132.21463720704816,3931.4659169890433,551.0132142810779,0.0,0.0,45.89460394165196,0.0,3987.777196176048,588.0656238965624,0.0,0.0,46.20314022094714,0.0,73.9846962085021,1004.7576129725308,0.0,0.0,1703.677134069824,926.0,6482.851832788106,691.8429889526432,0.0,399.6457318603525,194.771340698238,0.0,6581.874391162114,948.2689053466958,0.0,414.0,197.0,0.0,580.3542681396476,2234.479876977533,0.0,0.0
54,4.895214606355547,0.4332475790431875,0.2741403068970098,0.0,3.346206517737481,-1.4210854715202038e-17,0.0643923059800672,1.7763568394002547e-18,1874.0889250788875,162.83934295873252,4952.197501349561,696.289031386549,0.0,0.0,42.90223636046651,0.0,4998.817435145865,745.1966261469282,0.0,0.0,44.10505638945233,0.0,87.45800316900923,1234.5003116260095,0.0,0.0,1500.133788424328,815.2226041788656,5730.333223358703,619.5998077546972,0.0,353.95951571697265,165.62200876043744,0.0,5796.851826899865,855.6708414282457,0.0,364.253784234688,172.4828391216172,0.0,508.15424884713616,1955.2163142055667,0.0,0.0
55,4.292309718533694,0.4313634326075331,0.1095200173690214,0.0,2.535522779278633,-1.4210854715202038e-17,0.0497585521196022,1.7763568394002547e-18,1664.4955218251534,122.68042874798876,4699.317185833172,671.7367034889571,0.0,0.0,3.856835087312411,0.0,4754.056755131615,728.0495478449361,0.0,0.0,15.923481251215524,0.0,89.45153194005617,1147.061282302,0.0,0.0,1610.9780750950454,872.5348580543038,6106.115854113629,672.809348281504,0.0,384.5042443360479,177.82901187590528,0.0,6174.844247424685,904.6151881682752,0.0,388.3126033224856,178.92384820189145,0.0,534.0443176947082,2070.62896653719,0.0,0.0
56,3.6548120414653193,0.4030359326837069,0.032928341623703,0.0,1.7985870818268384,-1.4210854715202038e-17,0.0359377845847185,1.7763568394002547e-18,1011.6283088564664,74.67298828118918,2858.7859692472557,408.7053866897754,0.0,0.0,4.20124387823815,0.0,2887.383110456095,440.0981291310607,0.0,0.0,13.17550888584213,0.0,51.08219997495093,693.2022704175985,0.0,0.0,1729.6719189903342,938.60653640613,6538.016594610999,730.2965522756459,0.0,415.5656104522248,189.3829179205205,0.0,6606.512932514571,964.3513936770044,0.0,413.9391707073357,187.48061449970675,0.0,565.388967725567,2205.8842699522074,0.0,0.0
57,3.006861064390582,0.3600268632774809,0.005913480818142,0.0,1.169424388379317,-1.4210854715202038e-17,0.0230655010963465,1.7763568394002547e-18,1742.3081689002315,144.65104022168956,4752.694834566026,679.762245753425,0.0,0.0,28.73347206140372,0.0,4786.824418765053,706.384540381119,0.0,0.0,14.933280001271996,0.0,64.27127079108206,1131.367469194783,0.0,0.0,1692.585723058402,941.795307054618,6512.519134255117,704.7397053782913,0.0,393.8700569903222,181.0004917729309,0.0,6577.839083391872,955.056841938923,0.0,412.169056778674,201.2343573405562,0.0,578.1148198278876,2241.6242624024508,0.0,0.0
58,2.3120984370836823,0.3187575609086686,0.0226358357018739,0.0,0.7845066737376056,0.0019923923066507,0.0096512267242533,1.7763568394002547e-18,1949.2617420069407,188.41385625715935,4993.018601368287,701.6639658162662,0.0,0.0,62.21456021994273,0.0,5059.63795569962,698.5091949911622,0.0,0.0,18.308162565188667,0.0,39.74602586703256,1168.8843371682992,0.0,0.0,1628.908066718127,903.8431841008048,6458.004734136855,674.1864207145195,0.0,374.08347491086494,174.28450928683492,0.0,6575.775818905511,965.628093787604,0.0,443.94744313344233,238.65490137644605,0.0,615.5613641158484,2320.920848495024,0.0,0.0
59,1.7250956092494394,0.2982879658661596,0.0596303944495216,0.0,0.6151854060793303,0.006632386923588,0.0003295617913087,1.7763568394002547e-18,1982.219056691863,202.07757762762105,5038.413385004287,695.0466765529264,0.0,0.0,86.39514176024603,0.0,5070.034268595877,694.2727619280872,0.0,0.0,28.86853596464239,0.0,45.26229702151672,1167.186437505532,0.0,0.0,1647.729797734648,908.4045465422344,6489.804369032654,695.7411351510284,0.0,394.921983166064,202.5148664969792,0.0,6589.311831976018,992.799859382463,0.0,478.3915291171612,263.86882305803624,0.0,651.6584937006676,2347.1141679397388,0.0,0.0
60,1.4382963458019913,0.3143415334485042,0.1141936902059797,0.0,0.7930441544903687,0.0109296003588039,8.704148513061255e-16,1.7763568394002547e-18,1968.5833019847796,195.600853465596,5092.478197978298,713.6410691823389,0.0,0.0,84.62535392563329,0.0,5079.957917918244,726.4590194292929,0.0,0.0,35.46238543231179,0.0,65.54541237183456,1187.0837001472246,0.0,0.0,1697.57386136196,935.9492285498508,6520.398281298203,715.4746142749252,0.0,414.077335839923,215.17092692109557,0.0,6603.680057404921,995.0554245928112,0.0,483.4527030278135,260.9054060556271,0.0,638.0507714501493,2326.6744013990583,0.0,0.0
61,1.1754861789468425,0.3342474165541044,0.1784603827973418,0.0,1.1030657653811142,0.0155468190498338,8.704148513061256e-16,1.7763568394002547e-18,1923.6698134124688,187.14970638032236,5113.728108750173,727.3832073838048,0.0,0.0,71.61205752269348,0.0,5115.134991601486,757.2752277948048,0.0,0.0,34.84082343267428,0.0,82.38794247730652,1204.732843843674,0.0,0.0,1748.999117507302,966.1629543711496,6543.770686328595,729.8062282030907,0.0,429.0085930060436,218.9899010402331,0.0,6616.354777347214,987.1714554594683,0.0,476.7100006522692,248.3176580210988,0.0,607.4562215672793,2292.39447513664,0.0,0.0
62,0.9307745533367184,0.3590648419933545,0.2465448987109628,0.0,1.4371870577752628,0.0204383279601328,8.704148513061256e-16,1.7763568394002547e-18,1875.4042567963156,180.29337806976733,5122.74427993591,736.0500999727141,0.0,0.0,58.278566912602045,0.0,5156.216264021412,782.1307140906791,0.0,0.0,32.35744042801167,0.0,95.74413782612856,1218.4475971173274,0.0,0.0,1772.0153787596198,977.43297967381,6544.041134114885,725.1750169453618,0.0,437.8355573529791,223.85332627894223,0.0,6600.963779911112,968.6205452426198,0.0,467.71448116528353,242.08649902790896,0.0,591.2055321974685,2262.048389059145,0.0,0.0
63,0.7556071363588004,0.3948650696212615,0.3055515066259134,0.0,1.712738289570767,0.0248269714684385,8.704148513061255e-16,1.7763568394002547e-18,1851.6852258511483,179.22542654379808,5134.1022855648935,745.1439963929166,0.0,0.0,56.45085308759618,0.0,5194.216480324044,803.6395232830396,0.0,0.0,42.573994066501086,0.0,116.32771210869124,1248.9642724172274,0.0,0.0,1802.4294862380216,1017.5984183277952,6421.263319658097,641.0165749707493,0.0,443.5734111290849,243.53304326141367,0.0,6429.619190311507,847.5744423113632,0.0,458.6013583669355,242.6538612204082,0.0,549.7491691353497,2227.3288778439896,0.0,0.0
64,0.6275534017735733,0.4326647836084835,0.3483517782075135,0.0,1.8593638480419128,0.0274761150674674,8.704148513061257e-16,1.7763568394002547e-18,1883.3367778237423,187.21536136424808,5138.840127704123,746.9103396161245,0.0,0.0,72.43072272849616,0.0,5194.52466763325,801.5649927506255,0.0,0.0,61.80595638862038,0.0,129.05548906837194,1276.4667633249933,0.0,0.0,1818.8444122250023,1055.7011320537486,6317.143280171253,577.8833091687517,0.0,445.0777938874989,252.88330916875168,0.0,6295.325457286256,758.1821771150031,0.0,460.3766618337504,245.37666183375035,0.0,517.8833091687517,2224.168882445,0.0,0.0
65,0.5433140760187603,0.4584667420793422,0.3810411203650581,0.0,1.980263086126248,0.030631787831151,0.0074681136736377,0.0005411671893687,1932.9938381089005,200.06904770005,5147.252145033218,750.2155753235788,0.0,0.0217347684059297,104.28754021305922,0.0,5193.548380617197,798.92897028933,0.0,0.0,95.64350576705922,0.0,149.19428958728358,1329.221715476145,0.0,0.0,1825.4622327027464,1077.8306836395489,6279.506323457767,562.5084863743751,0.0,447.385287071544,237.5084863743751,0.0,6239.9266351943625,712.5084886651288,0.0,441.5757676907074,231.0008128117935,0.0,487.53141057992974,2175.727708332642,0.0,0.0
66,0.4979742564776218,0.4485139301661116,0.3916889041993362,0.0,2.062738196482317,0.0574839814485049,0.0436206725229635,0.0044495968903654,1643.4112809309247,171.86319780329094,4361.296499431664,636.6952815771515,0.0,2.55102462895018,106.60778453505384,0.0,4394.34153370002,677.3320854919343,0.0,0.0,93.1013989164007,0.0,129.5257108025412,1152.220689031369,0.0,0.0,1861.3297656590528,1104.6222517134177,6331.823087043832,575.1336872276798,0.0,442.6862745098039,218.0836306395234,0.0,6253.368538977394,674.7450980392157,0.0,403.0531818945042,186.10323848266063,0.0,435.0980392156863,2083.014408576163,0.0,0.0
67,0.4809286665682491,0.4393683622420903,0.3938884904347834,0.0,2.102652523198618,0.0883247453820598,0.0891451449568115,0.008724158730897,1066.978561707017,116.21378721212152,2779.9037575025377,397.83966626430026,0.0,4.976745832673897,77.22159823356266,0.0,2804.4398754979634,422.5920009899592,0.0,0.0,68.88126341170666,0.0,87.74750129269808,749.3895649815197,0.0,0.0,1855.964893891548,1109.6204692891454,6336.745300002091,558.7756521141895,0.0,442.0230191276031,217.02018985473995,0.0,6237.253687770579,667.9399078027253,0.0,410.0064284351226,183.28745420044223,0.0,436.4424521809924,2084.2010362357564,0.0,0.0
68,0.4532219928400193,0.4367310616598505,0.3787932563038595,0.0,1.9905358430401263,0.1176181677945311,0.1351567114684394,0.0130427882192691,1578.4204001132478,188.7079637452049,3926.571767941261,532.4414636589349,0.0,19.55002386986967,143.05604482005103,0.0,3974.202365633008,563.5345149570422,0.0,0.0,132.2687730411866,0.0,142.8348867286812,1112.9689818630798,0.0,0.0,1867.0827118709628,1138.0157322789846,6277.390808938647,514.132014556171,0.0,439.94601855666986,219.0263579780209,0.0,6145.105509013261,630.390775868096,0.0,410.58138241847456,186.0013737831988,0.0,444.9723058514601,2101.0759361585187,0.0,0.0
69,0.4096730348372087,0.4169135299565538,0.3460621138320979,0.0,1.7870543820322031,0.1459631695215947,0.1839853126644527,0.0176258235946843,1998.582878402358,248.48628699707507,4863.024256515958,642.1272126147189,0.0,31.9351596844905,197.1633843463706,0.0,4928.813580918954,677.5589451409136,0.0,0.0,184.195064468232,0.0,187.30725112700875,1409.5002417848873,0.0,0.0,1884.2392580078076,1220.6633110890457,6113.515561558666,415.736001282057,0.0,446.8118542300729,256.98027485707433,0.0,5955.991470060685,535.2001789344873,0.0,459.3622099235297,246.99633971004792,0.0,454.0776983437587,2178.7482730604647,0.0,0.0
70,0.3590016371800662,0.3507364683986701,0.2941265364837206,0.0,1.5529337326990078,0.1723695749102989,0.2295273733953497,0.0219003854352159,2068.27080437517,259.9958252250476,4986.293765637408,654.2895908624558,0.0,36.42499305004081,207.42499305004085,0.0,5051.583356499863,686.1521012873945,0.0,0.0,192.99791261252383,0.0,191.145839124966,1448.4312552124695,0.0,0.0,1894.819357103855,1244.3912329726,6058.97005281969,381.5896186622925,0.0,449.08458113251294,272.0476899738578,0.0,5897.68254934471,506.1837739773592,0.0,475.1068605788347,273.8670470777129,0.0,463.6756053663653,2213.660993654032,0.0,0.0
71,0.2957595794370952,0.2794992623521592,0.232751313089701,0.0,1.2712697991718205,0.1965490915351343,0.2690776638289983,0.0257780431585281,2162.8734819719502,291.3105448181024,4894.327171605751,596.3515578640155,0.0,42.21952860212046,219.34989166899888,0.0,4967.742929527917,606.0957180454725,0.0,0.0,203.15503178841,0.0,148.47234218705074,1436.554330293431,0.0,0.0,1924.5318828314369,1271.8276792793793,5973.114667419277,323.77627480361986,0.0,453.2895268137218,302.1925730463352,0.0,5817.29226350858,466.8897497021797,0.0,498.9145290212006,333.1247862583169,0.0,496.0280101490672,2292.4888779972007,0.0,0.0
72,0.2357657921555579,0.2039005947109635,0.1665757088372094,0.0,0.9485261679796798,0.1986684881860463,0.2826055268102408,0.0265287239999999,2228.61761035398,310.3548739212352,4852.695130164803,566.8065425225344,0.0,48.08204511973387,212.8636451715734,0.0,4897.988915824402,543.717248136291,0.0,0.0,200.745404098998,0.0,115.5510553562998,1414.566495316453,0.0,0.0,1934.8731072576256,1272.0293116417288,5964.0,313.7078311900388,0.0,461.1939078748645,309.2921688099612,0.0,5806.388390241703,459.7085110244903,0.0,505.90241889935487,343.58161828211627,0.0,504.2232195165934,2309.8361889437933,0.0,0.0
73,0.1955445546765663,0.1297557476013287,0.1042857615595068,0.0,0.6585956888043809,0.1943024720461205,0.2826424800000005,0.0265287239999999,2253.2990449338627,319.68046157872163,4841.927775592379,560.103064079079,0.0,50.72164743421993,212.0618782235808,0.0,4872.3710704608175,522.2061281581581,0.0,0.0,198.44329486843984,0.0,105.65976921063918,1401.3195384212784,0.0,0.0,1941.1134301511868,1269.6804019145216,5964.0,310.34019101322747,0.0,467.68044169065496,312.65980898677253,0.0,5804.319578197412,457.1133903750536,0.0,509.79383206570856,347.22682052624054,0.0,508.3608436051766,2317.587664131417,0.0,0.0
74,0.1702922671758122,0.0592158647194682,0.0654419232191359,0.0,0.5084396711521603,0.1957748005052487,0.282641540988439,0.0265287239999999,1771.629099195046,261.2852695940508,3750.507097826302,428.806366974931,0.0,38.71074027124038,170.4449447677138,0.0,3772.7547494735218,391.9910874893334,0.0,0.0,152.7376217886061,0.0,75.8701582856251,1076.1454948626206,0.0,0.0,1967.4753068924024,1275.545221346596,5952.337891876792,314.37745217727047,0.0,495.6138475759607,350.87204034455976,0.0,5787.7384997071695,463.38473464863534,0.0,543.1238494640997,380.3640120328741,0.0,534.0052850622717,2358.719743725874,0.0,0.0
75,0.1504535392823903,0.0172685167517793,0.1160191986114309,0.0,0.4055700199530831,0.1976640181387206,0.2748705035351557,0.0259654683539222,1556.577416261011,218.4363223379429,3384.176496729932,406.346247345346,0.0,31.190270468135708,139.29218575965632,0.0,3397.8843109702752,383.7628037754097,0.0,0.0,126.216698538502,0.0,76.82983232809242,958.8300695092806,0.0,0.0,1977.127388233316,1281.1310540806448,5902.342740308135,304.0144780323744,0.0,503.3902830547107,367.7464201613531,0.0,5768.511923252881,448.4720829148458,0.0,555.9938216274498,398.2739253299573,0.0,544.9897356274789,2379.662225096577,0.0,0.0
76,0.1443706210951713,0.0267479236028918,0.2398719731045533,0.0,0.3645245142716458,0.176128092239202,0.2390218074770381,0.0220791271096345,1977.8592713442783,249.14606792940316,4526.41322842098,591.5445509285682,0.0,32.46102310690674,150.35603804773888,0.0,4529.057190373242,587.7077744592325,0.0,0.0,140.1534929387762,0.0,123.511691489198,1252.3068961955912,0.0,0.0,1954.9664073768208,1259.258996971914,5873.857639655377,306.9262075348809,0.0,484.00522458561545,345.071087671858,0.0,5783.257799339676,451.3383235514333,0.0,536.5490667746528,389.92218058150365,0.0,544.146387298,2372.402679476653,0.0,0.0
77,0.2018469530880382,0.0465214333156141,0.4304457827043189,0.0,0.4768838341270789,0.1497888179401988,0.193270355768273,0.0177164299734219,2116.5825998558907,245.27763606030328,5021.138079398072,677.3611413091677,0.0,28.380623101651523,145.391549672985,0.0,5023.295721909989,690.7847840317044,0.0,0.0,137.63885869083222,0.0,147.8042658241881,1375.0,0.0,0.0,1916.6975042234487,1221.4280054705391,5943.431873844417,355.0203202195255,0.0,457.3912334053666,311.89471719318993,0.0,5840.223242417737,513.4743551380599,0.0,510.8522358995476,369.8338498669614,0.0,542.7545965081466,2348.097639391401,0.0,0.0
78,0.4190690423879568,0.0714648818894835,0.6457277741262453,0.0,0.7272385331952022,0.1239816501926911,0.1567726533907388,0.0134418681328903,2038.3516452349577,210.30623196739305,5056.963547699257,694.828395032971,0.0,18.747533833532696,125.28831003375112,0.0,5067.88321216574,727.9551951658952,0.0,0.0,120.17160496702898,0.0,157.8743339664569,1375.0,0.0,0.0,1896.0,1201.0,5981.0,381.0,0.0,443.0,294.0,0.0,5871.0,547.0,0.0,497.0,359.0,0.0,542.0,2335.0,0.0,0.0
79,0.9303801615939308,0.1267823819454643,0.8721111061794002,0.0,1.1696576205771978,0.0965908601168436,0.1261257265913626,0.0089469680531561,1956.668866612088,178.51206670723238,5079.528315619275,705.2913942635315,0.0,10.4348658969855,105.4818780279871,0.0,5100.3498025562885,757.0902396911114,0.0,0.0,103.89639508139967,0.0,167.64970929702253,1379.3939200167504,0.0,0.0,1876.9001988777677,1173.3631349474356,5979.639543114726,382.92944684647466,0.0,434.46293606966816,289.32182976261754,0.0,5885.671917468083,555.2867773470991,0.0,494.8202665702927,356.8202665702927,0.0,553.3542041159747,2347.173480660408,0.0,0.0
80,1.5470061880312678,0.199359373937072,1.0978188312042183,0.0,1.708875339641979,0.0648651065382064,0.0951590343271454,0.0043639326777408,1888.1727485061497,165.28716702301696,5055.921800738248,691.7213176814569,0.0,8.230632891390051,92.28716702301698,0.0,5087.287167023017,754.0866839662256,0.0,0.0,95.96985016540134,0.0,173.82663206754884,1395.6261490107574,0.0,0.0,1660.2322228054395,999.139997500732,5435.436943909566,354.63157544819654,0.0,374.6285600070457,252.41270692938005,0.0,5388.341947779811,528.7709266879185,0.0,445.9524222786384,320.47959548877486,0.0,530.4846458523579,2164.29753964689,0.0,0.0
81,2.191801410943912,0.2676520180324405,1.243872744386942,0.0,2.271697469679891,0.0361100336095369,0.0730726393261685,0.0005000147735,1775.2629805165334,146.0388620509016,5024.222645704351,670.6619217519775,0.0,2.2755563282040487,74.19828382503063,0.0,5084.76352199617,765.1786484020046,0.0,0.0,91.31414719432016,0.0,185.8166488934961,1419.8018092605275,0.0,0.0,935.632553802435,548.6603674545328,3115.5989090902717,213.66819457268653,0.0,210.36199316329865,145.7185440354158,0.0,3098.564828321764,328.7531356596818,0.0,261.0779075595855,188.41185050971075,0.0,310.0616871294699,1249.2313919906155,0.0,0.0
82,2.8347637741828677,0.3351152840739562,1.3344799513832115,0.0,2.788608258130005,0.031239432,0.0790429097619536,1.7763568394002547e-18,1717.8868240570532,117.18434265372127,5044.428807101013,681.3434776486878,0.0,0.0,49.42800751401662,0.0,5108.615443531524,791.4786867883276,0.0,0.0,89.31907222624365,0.0,216.08540997596415,1424.5366503544872,0.0,0.0,1308.1543219029738,747.3062776008617,4426.65401666848,308.4327370409781,0.0,286.8107435227549,200.29115518836696,0.0,4427.067103188769,481.9522214074625,0.0,362.5207389157176,259.42831394883115,0.0,450.54645417522215,1784.6582747981276,0.0,0.0
83,3.4509836454266165,0.4156394648770765,1.363597558318542,0.0,3.1605102709189032,0.0309761405229626,0.0950250144107882,1.7763568394002547e-18,1672.340217087941,96.72309248325163,5082.567554873439,713.1610116169372,0.0,0.0,35.21577576150688,0.0,5142.125391122901,833.7310239001323,0.0,0.0,71.62997084108333,0.0,214.37857458553972,1403.1235477228863,0.0,0.0,1672.4485475952931,929.0291933190588,5759.344374987412,408.9425299117526,0.0,353.5537395350937,235.56897009385688,0.0,5766.180136814749,641.7020875542481,0.0,443.0450834725681,331.4172213189218,0.0,593.8898825508277,2309.1367751712955,0.0,0.0
84,3.9473236115552073,0.499974024855971,1.3581535846855544,0.0,3.417738485377376,0.0269298631495016,0.10312357728122,1.7763568394002547e-18,1624.5635724414794,75.54712402288719,5122.417655761957,746.5328742082163,0.0,0.0,20.526263137886197,0.0,5177.179376352695,878.1434232695644,0.0,0.0,52.99853426405243,0.0,212.11877327064423,1380.5074913413223,0.0,0.0,1738.8445884007751,959.4904031028328,6017.263107002983,431.1710505726814,0.0,364.3072683775722,240.2846986226065,0.0,6025.917629896989,676.2882534434837,0.0,456.0251464405009,342.0095074670442,0.0,620.8420117152401,2405.579393779928,0.0,0.0
85,4.162278244951999,0.5519114935491632,1.2792291024751514,0.0,3.4916665768199686,0.0218443742192691,0.1033876440000005,1.7763568394002547e-18,1567.8242431115607,50.44219899583472,5167.362199313347,784.0836166252618,0.0,0.0,3.96865191560558,0.0,5219.797022208719,929.3823570819316,0.0,0.0,30.9032823861951,0.0,209.59958050523537,1355.0814594102444,0.0,0.0,1711.5216356526926,915.008347251413,6096.648345231499,471.36333064826704,0.0,342.85838949840075,218.54333165822447,0.0,6113.589931591961,730.6416708544388,0.0,430.9933256229406,304.108359321981,0.0,618.8433678699282,2374.905058345155,0.0,0.0
86,4.306485520275152,0.5886214807645112,1.1487204611233124,0.0,3.450978477148336,0.0167588852890365,0.1033876440000005,1.7763568394002547e-18,1518.2744594995415,31.175639325389355,5185.150272856801,795.430229176103,0.0,0.0,0.0,0.0,5268.326565229647,958.818103817132,0.0,0.0,13.75252409770253,0.0,209.75134538432005,1348.9284432967315,0.0,0.0,1676.820595812068,858.538298025672,6199.137918415824,523.2247631208079,0.0,315.6363942615149,190.50097945886571,0.0,6226.061362297614,800.2287652541385,0.0,398.559543244724,255.20112866322648,0.0,615.8293755684114,2334.8021407248075,0.0,0.0
87,4.368021496504975,0.6154880002032437,0.9497937528332996,0.0,3.250489527538798,0.0114658253820598,0.1026518911330863,1.7763568394002547e-18,1426.2067225845665,19.760230335850935,5293.964762878214,835.9897541653548,0.0,0.0,0.0,0.0,5378.4400711188655,1030.135260906362,0.0,0.0,1.3322144191801353,0.0,225.5630944941302,1344.801194947535,0.0,0.0,1648.771843269161,812.0797180646695,6314.352313677997,581.1761568389984,0.0,292.408799320432,159.44276201339866,0.0,6341.014052946433,867.8656142802637,0.0,360.0519998918403,200.06258985947983,0.0,603.8686895390202,2279.384657904514,0.0,0.0
88,4.234296150943806,0.6319118771318785,0.7300897259800662,0.0,2.933292642169874,0.0064322291960132,0.0938308914366611,1.7763568394002547e-18,1455.5455300694518,19.386351452376992,5365.691753506154,874.8548505712332,0.0,0.0,0.0,0.0,5415.264865224504,1055.2902988575336,0.0,0.0,0.0,0.0,226.12992105459304,1327.8396221970595,0.0,0.0,1635.4770536277997,789.1617389336741,6404.00139706215,626.0220999439891,0.0,280.008184205822,135.6402171532867,0.0,6421.559872394568,912.2362266195244,0.0,328.4589171294409,157.0765398177302,0.0,587.8401707760936,2228.1229032015376,0.0,0.0
89,3.78320066672676,0.6024364038177146,0.5058389386046506,0.0,2.444014097773212,0.0014893637199273,0.0770755516146186,1.7763568394002547e-18,1525.781648065349,19.06241559324763,5385.547621116919,878.9799048445772,0.0,0.0,0.0,0.0,5409.930607642702,1047.0401903108454,0.0,0.0,0.0,0.0,201.7899869604363,1311.7497966495907,0.0,0.0,1606.5544171272925,756.0350841612858,6459.162387187502,664.406888105372,0.0,256.9283557212748,101.62057416174947,0.0,6498.522649195396,946.3081198308258,0.0,297.3041997887985,125.69252034679356,0.0,583.5605733845026,2184.1840239390544,0.0,0.0
90,3.203523380027362,0.5471302034997061,0.2748561618925151,0.0,1.8591089363814743,1.953992523340273e-17,0.0592145632823929,1.7763568394002547e-18,1590.4495258916097,18.7115362629253,5400.966661996269,880.2776483872389,0.0,0.0,0.0,0.0,5409.710094436747,1034.4516362327638,0.0,0.0,0.0,0.0,179.44829474966835,1298.0231541340272,0.0,0.0,1579.7327636875414,733.5308984204686,6465.403730534146,660.3094307176395,0.0,234.8363898394117,82.69541499716644,0.0,6521.478427914895,930.1493947614996,0.0,280.2681427285682,115.26814272856824,0.0,584.2018652670728,2166.3281267372863,0.0,0.0
91,2.6140835127324924,0.4878314315210617,0.1300206806527575,0.0,1.323546564895415,1.953992523340273e-17,0.0418687957674428,1.7763568394002547e-18,1635.970041087447,18.34869379025388,5404.308577347992,874.4387243864691,0.0,0.0,0.0,0.0,5422.263491327697,1012.2919608017044,0.0,0.0,0.0,0.0,163.99417651587183,1291.3743955865034,0.0,0.0,1581.0,741.0,6457.929863998971,624.1829149082175,0.0,233.4481694544519,97.29877963630123,0.0,6487.631084362669,884.7225418167781,0.0,284.7469490907531,121.53962690856063,0.0,579.9420676359582,2178.884135271916,0.0,0.0
92,1.979316451354312,0.4246559624240749,0.0584616904936485,0.0,0.8753286178276362,1.953992523340273e-17,0.0245230282524926,1.7763568394002547e-18,1665.7294929302911,15.434054659075118,5413.246545878849,869.2525922139457,0.0,0.0,0.0,0.0,5437.38853145985,991.3603221811536,0.0,0.0,0.0,0.0,148.36253452014034,1267.254462530167,0.0,0.0,1580.4957705070858,735.0702611633305,6509.007814377858,670.3570796147018,0.0,240.15804362894767,100.91820047796396,0.0,6547.796197121328,947.0290437930292,0.0,296.1048722724563,136.84502780994825,0.0,596.2981597175277,2205.3237045432043,0.0,0.0
93,1.387277727728797,0.3783218409616913,0.0665590423784663,0.0,0.6742349447197811,1.953992523340273e-17,0.0080465020253584,1.7763568394002547e-18,1609.129759622965,1.7306450241178617,5443.328403315238,869.3954351757646,0.0,0.0,0.0,0.0,5460.770119445592,992.8116632317668,0.0,0.0,0.0,0.0,122.45975755940076,1168.0089497673853,0.0,0.0,1506.0656797624818,675.3440969109488,6337.9412786999055,759.333501501373,0.0,249.7658228170192,106.29276503578404,0.0,6421.027125885655,1043.5661733590234,0.0,317.6273727561309,147.06916053662562,0.0,602.1915926552969,2143.1998225710427,0.0,0.0
94,0.963268684703524,0.3414402868879733,0.1202000694219269,0.0,0.7058519430817293,1.953992523340273e-17,0.0002693480531569,1.7763568394002547e-18,1597.407708095085,0.0,5449.592291904915,872.2642710545643,0.0,0.0,0.0,0.0,5476.353230170715,1002.5126046601816,0.0,0.0,0.0,0.0,113.6719791496489,1148.7994787412226,0.0,0.0,1292.4906518544078,578.268680873284,5445.917927167294,657.7195653795005,0.0,215.40417461405627,91.7283114483024,0.0,5519.648092989879,902.59612507157,0.0,274.38174685511785,126.95421729498146,0.0,518.4551190573981,1841.254145564644,0.0,0.0
95,0.807504034504578,0.3231889689657607,0.1750803530232555,0.0,0.9610116811539792,0.0042458249936945,8.544276397515233e-16,1.7763568394002547e-18,1553.6626955541644,0.0,5449.2749564846445,878.0408390033388,0.0,0.0,0.0,0.0,5489.284673125734,995.1562777413905,0.0,0.0,0.0,0.0,69.41425062365964,1074.266112247073,0.0,0.0,595.4823139576083,265.138486936883,2534.108640681798,309.8283374652306,0.0,98.75985014750296,39.976718242903246,0.0,2572.8752020139345,425.4958143618164,0.0,125.7051354389241,56.54180794164505,0.0,242.23676552295876,855.4329015094986,0.0,0.0
96,0.723708868415486,0.3173798057118449,0.2294062903255809,0.0,1.3128365187532758,0.0159590780730897,8.544276397515233e-16,1.7763568394002547e-18,1529.611250053321,0.0,5446.341574078025,885.1213425708692,0.0,0.0,0.0,0.0,5485.0,999.7797684928454,0.0,0.0,0.0,0.0,69.29212960988109,1055.3910185461664,0.0,0.0,923.5017804875216,403.09465887120894,4083.275766707194,522.2982069467355,0.0,150.08382140448668,47.819819630761465,0.0,4173.122147724375,719.0560761486895,0.0,190.58695317305043,75.699464409799,0.0,396.1148984692828,1370.3134732313365,0.0,0.0
97,0.7147799290177855,0.3162886015391828,0.280150013192104,0.0,1.651109590121562,0.0280673850498339,8.544276397515233e-16,1.7763568394002547e-18,1523.861999509998,0.0,5448.560501102505,888.1380004900022,0.0,0.0,0.0,0.0,5487.425024853696,1004.0389175445872,0.0,0.0,0.0,0.0,72.02284567851386,1053.8602741799425,0.0,0.0,1314.320514449654,568.6615693214563,5901.414735905176,768.2708851163518,0.0,212.38429353153109,58.30499444299511,0.0,6046.485978368481,1057.7831318609026,0.0,268.08569748901465,100.0239468154088,0.0,573.1064282754418,1971.479827958362,0.0,0.0
98,0.770742663406008,0.3175250033297803,0.3151537427039419,0.0,1.950834999450394,0.0406600243056478,8.544276397515233e-16,1.7763568394002547e-18,1509.8249691657484,0.0,5480.131567544486,902.1750308342514,0.0,0.0,0.0,0.0,5517.281103792182,1029.1748840048388,0.0,0.0,0.0,0.0,84.62271656056434,1064.471573034444,0.0,0.0,1524.6297307662064,664.617769457624,6721.262841642309,861.6237157511481,0.0,257.41825847309576,62.15106161935568,0.0,6853.793882865027,1178.57036400109,0.0,302.5796344745208,109.67975928819908,0.0,624.2947976049854,2203.5875861786017,0.0,0.0
99,0.8495835017213238,0.3049407098073081,0.3325345352081288,0.0,2.151703808372102,0.0532526635614616,8.544276397515233e-16,1.7763568394002547e-18,1491.8351340416805,0.0,5520.57141327117,920.1648659583196,0.0,0.0,0.0,0.0,5555.486587083873,1061.4165055221315,0.0,0.0,0.0,0.0,100.72223827109728,1078.0231846037896,0.0,0.0,1568.704680116636,706.0216713482122,6715.9303691726345,836.6101210478791,0.0,275.9906885859394,75.05042866871699,0.0,6795.349916786221,1138.7719017869606,0.0,307.6359606302313,106.9663714774842,0.0,616.0597400827776,2192.37307880592,0.0,0.0
100,0.926289236106314,0.2893233733687706,0.333716471999999,0.0,2.227401959986719,0.064876638259136,8.544276397515233e-16,1.7763568394002547e-18,1473.7405969729282,0.0,5559.160546835814,937.3409349793644,0.0,0.0,0.0,0.0,5593.111499027473,1092.0440706662305,0.0,0.0,0.0,0.0,116.4413359635904,1091.8052372010527,0.0,0.0,1567.4568242194205,716.3693556730378,6715.369355673038,832.7798367152259,0.0,274.1751488836773,76.21543386200348,0.0,6792.049007740435,1138.389253969545,0.0,308.4355971467775,104.21543386200348,0.0,619.0087227621085,2197.824851116323,0.0,0.0
101,1.0042932989394333,0.2813372095767957,0.3285490571622787,0.0,2.2188210853524195,0.0726208224748274,8.544276397515233e-16,1.7763568394002547e-18,1455.6384222038705,0.0,5578.896208315851,945.9560861624948,0.0,0.0,0.0,0.0,5623.717841922806,1106.2962837810474,0.0,0.0,0.0,0.0,127.86086734844844,1106.8215994406262,0.0,0.0,1555.3167249559992,715.6359489160997,6714.6359489161005,832.5603851475224,0.0,267.48712161087934,73.01296870437093,0.0,6798.998099295373,1148.060294832272,0.0,305.4525835568486,101.01296870437092,0.0,622.471852674574,2204.5128783891205,0.0,0.0
102,1.0888624633449289,0.2742154730443626,0.3058829838444398,0.0,2.1262684820965427,0.0728920079999999,8.544276397515233e-16,1.7763568394002547e-18,1445.0010451794928,0.0,5603.738489552164,955.735354013686,0.0,0.0,0.0,0.0,5659.73744437267,1108.7332636547003,0.0,0.0,0.0,0.0,126.99790964101456,1105.329501008527,0.0,0.0,1542.0389130133276,714.8332636547005,6713.833263654701,832.2933054618802,0.0,260.2060674304242,69.47970734974204,0.0,6806.573953473166,1158.607530681714,0.0,302.18640188786185,97.47970734974204,0.0,626.2736399193179,2211.793932569576,0.0,0.0
103,1.0961196316368709,0.240528635162791,0.270320931964459,0.0,1.9582802801739927,0.0728920079999999,8.544276397515233e-16,1.7763568394002547e-18,1503.7667638217386,0.0,5683.382244987854,1010.0799693949594,0.0,0.0,0.0,0.0,5728.430369598974,1103.6072634614918,0.0,0.0,0.0,0.0,72.65965350787442,1019.5056888283438,0.0,0.0,1532.9904265480525,715.6381740318149,6673.601911638732,817.4706572258632,0.0,262.2078881783724,67.30313006612597,0.0,6768.546875433104,1135.2086811189872,0.0,308.350689541055,113.32821610058376,0.0,630.8205646495221,2229.0942543809724,0.0,0.0
104,1.054125501302328,0.1945714782392028,0.2179511729700992,0.0,1.6842190380022128,0.0728920079999999,8.544276397515233e-16,1.7763568394002547e-18,1553.2855049316515,0.0,5695.399219335232,1008.4446801966108,0.0,0.0,0.0,0.0,5707.552574493496,1082.2317294215989,0.0,0.0,0.0,0.0,64.77240475076158,989.8294536781524,0.0,0.0,1557.0963528509535,729.94208125086,6626.773661150039,791.4789330928813,0.0,264.0184205035724,88.30481073246098,0.0,6705.852133032539,1113.6457600990334,0.0,323.4890157681846,132.31739889382197,0.0,631.9815794964277,2234.031059249055,0.0,0.0
105,1.0048465680996703,0.1494766377807308,0.1636252356677739,0.0,1.350923285226214,0.0696239070561762,8.544276397515233e-16,1.7763568394002547e-18,1575.580278100006,0.0,5678.249355271994,1008.9432111240004,0.0,0.0,0.0,0.0,5747.103767324013,1081.9432111240003,0.0,0.0,0.0,0.0,56.567888759997565,980.5678887599976,0.0,0.0,1568.517119639166,745.4838693196459,6626.0,791.0,0.0,264.0,93.94597485454908,0.0,6709.945974854549,1102.482880360834,0.0,328.9459748545491,143.5171196391661,0.0,632.0,2234.530848817668,0.0,0.0
106,0.944578698037656,0.1053216783388703,0.1092992983654485,0.0,0.991303339800666,0.0580226775548171,8.544276397515233e-16,1.7763568394002547e-18,1582.7354575790157,0.0,5695.483691136603,1007.5149624509088,0.0,0.0,0.0,0.0,5749.368463917983,1087.632057078045,0.0,0.0,0.0,0.0,63.20788996841301,994.2043497618928,0.0,0.0,1580.459689797172,760.840408222884,6628.291083291771,792.2448647787946,0.0,269.6342203675996,99.44814418463336,0.0,6711.924723794867,1095.808750938027,0.0,333.19347566334403,153.04341204710212,0.0,626.5318240325122,2233.150594031581,0.0,0.0
107,0.8152367219126029,0.0575622324119601,0.0548683558734986,0.0,0.6309552594479955,0.0451878721594683,8.544276397515233e-16,1.7763568394002547e-18,1591.659440679193,0.0,5703.25088334589,993.0771599307132,0.0,0.0,0.0,0.0,5740.025300318608,1079.935624343691,0.0,0.0,0.0,0.0,78.83316409436965,1022.146416918098,0.0,0.0,1593.326434247608,765.0,6641.908042809509,803.1869704349085,0.0,277.8605361873007,101.86053618730064,0.0,6714.884289498405,1091.3946381269934,0.0,334.72107237460136,155.7210723746013,0.0,630.90804280951,2235.1632171238043,0.0,0.0
108,0.6602157986898596,0.0128008724182137,0.0195726574977526,0.0,0.3310739959147947,0.0327163159734219,8.544276397515233e-16,1.7763568394002547e-18,1595.944628762428,0.0,5695.202215075437,979.4048287396834,0.0,0.0,0.0,0.0,5730.924784431422,1067.0716282692867,0.0,0.0,0.0,0.0,88.74201509818117,1038.7223466345197,0.0,0.0,1547.9553178954598,742.4344345127442,6448.023688590885,781.254319406617,0.0,269.7998543793868,98.98905211240428,0.0,6517.900584311171,1057.8501351928885,0.0,325.1179146253269,151.4008598200461,0.0,614.32771145165,2170.04590341457,0.0,0.0
109,0.5468815456247743,0.0001060545331911,0.0147662443199399,0.0,0.1266870820630616,0.0201236767176079,8.544276397515233e-16,1.7763568394002547e-18,1600.8788398139543,0.0,5685.836451385175,963.5881498547149,0.0,0.0,0.0,0.0,5720.706287082204,1052.7465995010514,0.0,0.0,0.0,0.0,100.7121795399072,1059.2213131216051,0.0,0.0,1091.3267448851418,523.8823614054543,4540.523597483842,549.5474716121737,0.0,190.5690759361021,70.39921568614427,0.0,4589.173173445035,744.1466197966876,0.0,229.50148891424712,107.16341879404908,0.0,432.5992251132728,1529.1677816620372,0.0,0.0
110,0.4611261363653142,0.0046246403452436,0.0678905358936877,0.0,0.0349630179643383,0.0077732036013289,8.544276397515233e-16,1.7763568394002547e-18,1602.4478547916572,0.0,5680.895709583315,956.4478547916572,0.0,0.0,0.0,0.0,5720.969306875086,1054.8343233334851,0.0,0.0,0.0,0.0,113.83432333348512,1088.0858083337127,0.0,0.0,976.032894040132,476.5161579083712,3971.743563901984,470.9055572463514,0.0,176.51723017274074,73.62463028314801,0.0,4004.8422401848848,637.8415205348462,0.0,210.3203574671659,102.6207148886224,0.0,378.65388319817214,1355.6823819835531,0.0,0.0
111,0.4010368096809293,0.0181923151828597,0.1342603134821344,0.0,0.0904332684428791,0.0001528877578141,8.544276397515233e-16,1.7763568394002547e-18,1602.0,0.0,5680.0,956.0,0.0,0.0,0.0,0.0,5725.0,1062.0,0.0,0.0,0.0,0.0,121.0,1106.0,0.0,0.0,1331.959074877261,659.9878813291014,5311.750868724915,617.6085630460645,0.0,248.2889558774117,113.47373287891708,0.0,5344.260975162028,836.7599543085026,0.0,293.1781170490753,148.24514189851214,0.0,506.705838775422,1835.526948626389,0.0,0.0
112,0.4394059792887725,0.0521064928704318,0.2366869247043191,0.0,0.3324024653477757,2.842170943040408e-17,8.544276397515233e-16,1.7763568394002547e-18,1625.226334550521,0.9091887850467288,5662.167435576278,950.1172154946398,0.0,0.0,0.0,0.0,5713.236054540682,1054.043812519919,0.0,0.0,0.0,0.0,125.93900024752176,1120.3263628126017,0.0,0.0,1658.7498320417849,832.8739082716006,6515.005374662889,734.7538630389513,0.0,315.8745801044618,156.74848837606254,0.0,6553.378947018059,992.3809625166422,0.0,376.1234043969549,197.1234043969549,0.0,624.7498320417848,2285.8725646058783,0.0,0.0
113,0.7427074122682235,0.0900742553759577,0.3428594793089705,0.0,0.7816990520686162,2.842170943040408e-17,1.6137685267652178e-05,1.7763568394002547e-18,1691.0013565508957,55.87699866488652,5611.775887717717,933.4178556321378,0.0,0.0,0.0,0.0,5679.910171635003,1031.497634234738,0.0,0.0,0.0,0.0,139.8981034438749,1160.8149498616465,0.0,0.0,1660.2531998403072,841.2531998403073,6464.112406866791,696.1252062280196,0.0,318.4936003193856,167.7468001596928,0.0,6507.795210220339,943.4424028744704,0.0,386.9872006387712,214.57039648675828,0.0,622.9616019163137,2300.4552022356997,0.0,0.0
114,1.2769726313190064,0.1306460435253915,0.4479595838671104,0.0016867411222455,1.3508488532093033,2.842170943040408e-17,0.0025328601328912,1.7763568394002547e-18,1741.582318991053,52.50102764318833,5563.185666854311,916.6107031120396,0.0,0.0,0.0,0.0,5649.630919653906,1012.5119541287062,0.0,0.0,0.0,0.0,156.49205743573947,1200.5268452782705,0.0,0.0,1660.7658885095937,839.2827468370176,6437.5519910464245,670.9383246286419,0.0,317.693963132865,162.0420879932019,0.0,6469.565371736748,929.2477234821616,0.0,374.7781391192688,218.6258623453853,0.0,607.102511346624,2271.606506268661,0.0,0.0
115,1.8583128277146783,0.1749820911323042,0.5443954251944508,0.0061011040664451,1.9388681003462964,2.842170943040408e-17,0.0069808096345523,1.7763568394002547e-18,1715.6994269048391,36.43067398829432,5538.328518822307,904.6888578232316,0.0,0.0,0.0,0.0,5641.465377637951,1013.598312360703,0.0,0.0,0.0,0.0,177.92574091973844,1223.5240532804414,0.0,0.0,1659.160171076886,830.0374793296012,6449.787538083574,678.4312510098762,0.0,317.4617735658567,144.46068100876786,0.0,6492.59251464385,920.3329299223458,0.0,341.4421499749755,175.55184702471408,0.0,578.8820605985647,2203.57150553921,0.0,0.0
116,2.513355351596476,0.2183662040416562,0.6006387452890376,0.0106824920531561,2.540744899555583,2.842170943040408e-17,0.0115621976212633,1.7763568394002547e-18,1693.2039564933743,22.527920781387717,5524.842498992246,900.4919568280828,0.0,0.0,0.0,0.0,5640.753421871403,1022.0000293501042,0.0,0.0,0.0,0.0,197.069279369612,1243.906231540229,0.0,0.0,1653.8842860966083,830.0,6417.725294270916,650.2239399430837,0.0,301.65285828982604,140.5773087569103,0.0,6447.183775572607,884.820925989069,0.0,330.76857219321744,165.2868951544606,0.0,552.4352855646285,2174.049240244025,0.0,0.0
117,3.214034624409619,0.2563988350001954,0.6416535880500305,0.015263880039867,3.05998911556615,2.842170943040408e-17,0.0161435856079743,1.7763568394002547e-18,1721.15078086448,39.531584676383794,5593.582814792296,943.5523272387068,0.0,0.0,0.0,0.0,5679.365698556424,1066.1534566504715,0.0,0.0,0.0,0.0,191.45129098039212,1246.0003105882354,0.0,0.0,1649.7468784074845,830.9997662604661,6387.063029593059,624.3204618904969,0.0,287.94501976246164,137.52029505657933,0.0,6404.370112124508,851.9680300302041,0.0,321.718427878281,156.74607388010872,0.0,529.5497620563712,2149.2681728681014,0.0,0.0
118,3.828447945402706,0.2751278988998371,0.6456149280000011,0.0196228705514949,3.39920429202912,2.842170943040408e-17,0.0205025761196022,1.7763568394002547e-18,1762.2890327678022,56.32949711642773,5577.5636812880775,925.3400035675432,0.0,0.0,0.0,0.0,5649.361480169008,1046.0050109980068,0.0,0.0,0.0,0.0,189.76036404257323,1248.8092867757805,0.0,0.0,1655.250172432993,841.0472672177999,6364.986858143947,616.3122490440921,0.0,291.32823469401586,141.32823469401583,0.0,6380.06492040497,837.627828406708,0.0,324.843875477954,160.32823469401583,0.0,534.6844206373842,2160.453564172839,0.0,0.0
119,4.226408164401658,0.293964545502474,0.6343645743364307,0.0238929020730896,3.5318910574468743,2.842170943040408e-17,0.0247672620329522,1.7763568394002547e-18,1789.0504830659756,59.4274823198063,5553.824554097019,923.3206603915518,0.0,0.0,0.0,0.0,5640.268681423683,1033.2836439936711,0.0,0.0,0.0,0.0,179.18300286882138,1242.7389594433107,0.0,0.0,1658.6712084830824,848.0600392428091,6349.879324605284,612.018509813303,0.0,294.7578886645605,144.75788866456045,0.0,6365.937643971225,831.0413217593226,0.0,328.27154220014125,165.08285118882878,0.0,543.2486773355172,2174.172848982043,0.0,0.0
120,4.430124945963712,0.3069547216997186,0.5805867299800681,0.0267213417561972,3.53665026546256,2.842170943040408e-17,0.0267766560000009,1.7763568394002547e-18,1753.8447782966953,66.69527031273323,5329.1402008273,886.3121948461693,0.0,0.0,0.0,0.0,5394.277827261109,966.328542395068,0.0,0.0,0.0,0.0,142.91747620902646,1151.455002329521,0.0,0.0,1644.2520137484496,837.7185862590902,6381.407238074046,634.0548790755554,0.0,293.8070239956244,142.3722753064521,0.0,6418.429700602895,874.6888580245987,0.0,335.38656238229487,174.6789795691198,0.0,576.5497588143943,2215.7204318942213,0.0,0.0
121,4.576758631672301,0.308000068359935,0.5150918828215172,0.0267766559999999,3.458264158502017,2.842170943040408e-17,0.0267766560000009,1.7763568394002547e-18,1204.1247585823733,48.02072870878506,3642.594710994075,605.5980450673358,0.0,0.0,0.0,0.0,3679.30682114175,653.6034683423828,0.0,0.0,0.0,0.0,89.68931605938198,774.245050123917,0.0,0.0,1624.332582600628,798.6850351711128,6440.3639953539005,663.0525464949118,0.0,288.37903389217115,128.94235317543794,0.0,6489.269302493527,920.4619417334924,0.0,332.4317580380458,167.3916361339785,0.0,591.4910457555037,2222.2164652813635,0.0,0.0
122,4.604837741222593,0.2864056286669594,0.4121453534352154,0.0267766559999999,3.21670099067837,2.842170943040408e-17,0.0267766560000009,1.7763568394002547e-18,1219.6428782525495,52.07089322542328,3690.103531222505,615.3645893276635,0.0,0.0,0.0,0.0,3711.6458813799622,641.0200212115168,0.0,0.0,0.0,0.0,62.34547929824943,748.3555337566423,0.0,0.0,1583.0425942745196,778.1931219121107,6515.480029544503,715.4782347619827,0.0,269.0506483631081,105.84654164395693,0.0,6570.752944403011,979.8394804669016,0.0,326.0515640262477,160.00612753674943,0.0,610.995538037663,2228.01098736825,0.0,0.0
123,4.368561452379136,0.2547777722134068,0.3006105485980065,0.0267766559999999,2.7475388166519443,2.842170943040408e-17,0.0267438051311324,1.7763568394002547e-18,1661.3804185086346,74.65087472251274,5027.940583717817,840.4931358089339,0.0,0.0,0.0,0.0,5040.193715705121,850.2036643687736,0.0,0.0,0.0,0.0,53.485798151475166,980.0937610892596,0.0,0.0,1563.844628668784,776.3229913184355,6569.277571977559,754.2167578367042,0.0,258.5974171520195,91.45114833283183,0.0,6623.432943308775,1016.393480335952,0.0,321.45114833283185,147.1159083583932,0.0,612.1062334817311,2213.603373520073,0.0,0.0
124,3.874603651151261,0.2167689695365139,0.1890757437607974,0.0247531187219957,2.142815322617942,2.842170943040408e-17,0.0238879599069776,1.7763568394002547e-18,1317.1487676281522,59.92260770091315,3986.30196373334,666.7397904913041,0.0,0.0,0.0,0.0,3992.72831621007,669.6301611266002,0.0,0.0,0.0,0.0,36.36050664478023,769.4456832381026,0.0,0.0,1569.6409126643994,776.7893672021786,6595.29985387067,769.6388895057912,0.0,260.9889625704569,87.60080926344325,0.0,6643.658941206269,1026.0401034009562,0.0,317.60080926344324,130.7402495302874,0.0,597.1504776963873,2179.8596380966533,0.0,0.0
125,3.382022016159472,0.1749700956506882,0.0979225104205029,0.0205421134485049,1.584160886423353,2.842170943040408e-17,0.0196624078803996,1.7763568394002547e-18,506.7389300125763,21.884789036670902,1542.3046346087738,257.1583415191662,0.0,0.0,0.0,0.0,1544.7076706257333,259.21658807942686,0.0,0.0,0.0,0.0,15.312025408567449,298.8639534490201,0.0,0.0,1577.890912781304,781.0306245345765,6613.751201028032,781.1157926785008,0.0,264.945456390652,83.05454360934799,0.0,6664.866993706532,1036.2009608224253,0.0,312.27942350654484,118.2641112392566,0.0,586.349279383181,2155.458366601877,0.0,0.0
126,2.855919103413028,0.1350196673779227,0.0495100295462922,0.0163165614219268,1.0411981503065268,2.842170943040408e-17,0.0154368558538214,1.7763568394002547e-18,944.511180715075,25.91007538845681,2985.53499067498,487.7891581990413,0.0,0.0,0.0,0.0,2988.939035875625,503.7543088948824,0.0,0.0,0.0,0.0,45.14718671267953,593.3223509028928,0.0,0.0,1329.4044930995178,663.0629146862045,5496.0268861629,668.019537622005,0.0,232.01422956099307,55.32580895905642,0.0,5561.264638790537,883.5245665120422,0.0,241.1284253764065,71.83500963001237,0.0,463.2294090657986,1732.390097615597,0.0,0.0
127,2.216055178296997,0.0955546370804238,0.0223846866314798,0.011601734950166,0.5985797891538913,0.0054640464213627,0.0107220293820606,1.7763568394002547e-18,1749.74754938427,44.95605803345086,5553.6054505027205,908.0776296734964,0.0,0.0,0.0,0.0,5563.409315504762,943.3743911486772,0.0,0.0,0.0,0.0,89.99808012448433,1107.6649811288069,0.0,0.0,619.01167134815,308.7308551127541,2559.239653386015,311.04507878272915,0.0,108.02324185229595,25.796916087137877,0.0,2589.566204433821,411.3863859678944,0.0,112.2981241103489,33.45503948485846,0.0,215.71672989210492,806.6422603732697,0.0,0.0
128,1.6341200865647878,0.0759983138446842,0.0367870134617939,0.0071093059534883,0.3780670245299027,0.0188255344186046,0.0062296003853829,1.7763568394002547e-18,1757.100876627064,42.39785622833436,5533.686801789595,904.3965884941972,0.0,0.0,0.0,0.0,5547.268067455251,933.0435996284832,0.0,0.0,0.0,0.0,88.10200462909454,1108.711061388573,0.0,0.0,371.6737370860405,183.9936058481051,1578.8017421504362,204.13334359107208,0.0,63.9734175000191,16.92809610597406,0.0,1590.8204709869049,265.9242287709987,0.0,67.01021073876622,19.34430498632567,0.0,138.80288471650476,493.6857719946108,0.0,0.0
129,1.2569869378620635,0.0567449628757474,0.0551916400664451,0.0027503154418604,0.3845933539415306,0.0337564113057807,0.0018864248053164,1.7763568394002547e-18,1751.6320323429711,34.304871024458244,5483.448403992987,891.2401777615439,0.0,0.0,0.0,0.0,5496.211838986834,908.502720272878,0.0,0.0,0.0,0.0,88.80809012154432,1117.7757593891383,0.0,0.0,1574.4839059452972,779.5135891247871,6661.257196660266,873.5790591306495,0.0,284.01602344329103,78.21985565620882,0.0,6716.417023931143,1145.897532906652,0.0,308.05576268982145,96.99545226465256,0.0,610.3452929533797,2121.9577854797985,0.0,0.0
130,1.0692489725724947,0.0397825756600664,0.0762606707920266,3.291482631229399e-05,0.5431045184850521,0.0518416751362126,8.544276397515233e-16,1.7763568394002547e-18,1777.0819013024302,40.25453503482247,5483.439974479411,896.2732417033085,0.0,0.0,0.0,0.0,5489.194877715121,907.5413188521028,0.0,0.0,0.0,0.0,93.8145605554113,1118.458681147897,0.0,0.0,1568.9335355411538,777.5834006223652,6498.448430233715,849.0588514632452,0.0,298.08665264961286,102.40776618422694,0.0,6512.889903789069,1117.5559917259382,0.0,324.13122978305904,115.22352817515846,0.0,613.1967876998657,2109.324023546408,0.0,0.0
131,0.9119100841155352,0.0259389588438538,0.1045795297275747,1.7763568394002547e-18,0.7102610831313323,0.0697817381262458,8.544276397515233e-16,1.7763568394002547e-18,1806.9971172584317,48.72849188112541,5497.938235037276,905.0944292652651,0.0,0.0,0.0,0.0,5493.477123247596,915.4742874254327,0.0,0.0,0.0,0.0,102.83784546994968,1124.192788482676,0.0,0.0,880.027796108537,436.2792075415263,3624.9172059529888,472.6300560336618,0.0,168.94564495208158,60.94437661968135,0.0,3626.494032688324,622.3351944684892,0.0,183.3724845775532,66.8229478213022,0.0,343.76986110578395,1181.0287048407074,0.0,0.0
132,0.7756155932305099,0.0162683139633844,0.1309629154879479,1.7763568394002547e-18,0.8942194832012456,0.0871781628438537,8.544276397515233e-16,1.7763568394002547e-18,1819.6070592479948,57.79113161353366,5562.513125273808,920.134480323684,0.0,0.0,0.0,0.0,5544.826427853508,956.7715857021292,0.0,0.0,0.0,0.0,121.2141184959896,1150.005250109523,0.0,0.0,464.310790908035,230.22791240981627,1912.6324905502197,249.38411989001253,0.0,89.12427878226936,32.133375059142544,0.0,1913.403390804974,328.3818916852296,0.0,96.77489947816626,35.288125422282896,0.0,181.41421616163288,623.1806439845773,0.0,0.0
133,0.6719425180420823,0.0132478881129567,0.1456802305116276,1.7763568394002547e-18,1.0392846798338904,0.100785578287929,8.544276397515233e-16,1.7763568394002547e-18,1843.8205254059797,74.3526629062409,5550.986792795576,916.4989686966082,0.0,0.0,0.0,0.0,5510.203540784971,952.4604824050036,0.0,0.0,0.0,0.0,134.09913972730106,1178.8770327412192,0.0,0.0,332.43177143317746,173.189897864637,1295.2917758210597,145.98680245312983,0.0,62.627260069227134,27.8888721141621,0.0,1292.7115572714144,191.1382619584413,0.0,67.20361405749954,31.22095539605553,0.0,110.0328813570534,426.3877010996254,0.0,0.0
134,0.5952191659295686,0.0129270426889035,0.1565595855149498,1.7763568394002547e-18,1.14805077338871,0.1060349976478403,8.544276397515233e-16,1.7763568394002547e-18,1883.2482325037051,100.72697326947656,5510.392222833017,902.6031391245448,0.0,0.0,0.0,0.0,5470.377440706254,924.028283008682,0.0,0.0,0.0,0.0,141.7978740305821,1211.16062477727,0.0,0.0,1266.5984679581495,675.0343788732107,4797.8569956791935,497.207785795241,0.0,237.10847873248588,112.06400030301,0.0,4778.57363536826,647.2871801248751,0.0,251.79858651663787,133.0919397359734,0.0,386.2587215308998,1584.331216264644,0.0,0.0
135,0.518378307012269,0.0175858744186045,0.1672297221528235,1.7763568394002547e-18,1.2425986404832678,0.1090435571093788,8.544276397515233e-16,1.7763568394002547e-18,1896.4756351788456,114.3825488608195,5501.667638437021,899.4770928343763,0.0,0.0,0.0,0.0,5477.097459284618,915.8581840396648,0.0,0.0,0.0,0.0,144.09600162908757,1218.713452768268,0.0,0.0,1714.0,914.0,6485.0,672.0,0.0,322.0,146.0,0.0,6451.0,872.0,0.0,340.0,187.0,0.0,528.0,2135.0,0.0,0.0
136,0.4311671598928234,0.0225099192558138,0.1732458961690014,1.7763568394002547e-18,1.296610048444322,0.1090900799999998,8.544276397515233e-16,1.7763568394002547e-18,1553.5516211135405,109.1592300099817,4531.34488379798,747.8938216561124,0.0,0.0,0.0,0.0,4522.981671502103,762.6909952821422,0.0,0.0,0.0,0.0,125.69663970480606,993.8299654842282,0.0,0.0,1692.910668213092,907.8489448954851,6511.80102581253,684.7414712879236,0.0,312.3340562643338,136.33405626433384,0.0,6478.240386891423,890.4531653135446,0.0,335.60638921106084,171.6223622387129,0.0,538.9840269723479,2141.151055104515,0.0,0.0
137,0.3793742052593342,0.0300634871807698,0.1589639493289032,1.7763568394002547e-18,1.2700935197553307,0.104118826170803,8.544276397515233e-16,1.7763568394002547e-18,1176.159678369684,78.70998601478027,3448.5492039130336,574.1213069891088,0.0,0.0,0.0,0.0,3439.732153417574,587.3541862701733,0.0,0.0,0.0,0.0,90.86726146326484,744.1642003743439,0.0,0.0,1666.015186113449,895.7866914466006,6531.36210074217,704.0385690744481,0.0,298.4585690473291,122.47502067023244,0.0,6503.769131416331,912.4497104811504,0.0,328.8493052006768,155.83016545677637,0.0,552.9860793960048,2153.997311879003,0.0,0.0
138,0.3666148244252518,0.0417226061708031,0.1398081134750825,1.7763568394002547e-18,1.173234654850113,0.0906648610365447,0.0095837806925941,0.0003475344131326,1580.2815215517758,95.9856117838892,4676.753233107719,790.3648438444367,0.0,0.0,0.0,0.0,4658.737370356727,813.1582276205044,0.0,0.0,0.0,0.0,111.4104022953053,979.7415274868116,0.0,0.0,1671.3244751745874,894.3048303536631,6497.490874552699,696.2383499859033,0.0,294.6720590450321,124.42878100529596,0.0,6487.379637161229,905.6798432986388,0.0,327.88760512538147,157.11701623270042,0.0,548.150527986042,2162.002311155403,0.0,0.0
139,0.3714244283237459,0.0569675075642892,0.1214034868704312,1.7763568394002547e-18,1.0430641020581088,0.0758750083336396,0.0793082890713234,0.0022701016345514,1868.140994892932,105.4887634432636,5599.158982881458,951.6145056065494,0.0,0.0,0.0,0.0,5575.016226227241,985.4868408277212,0.0,0.0,0.0,0.0,129.52153400931545,1158.0337450640536,0.0,0.0,1677.6743711718589,893.7870922960464,6533.385308898274,717.7832548839322,0.0,294.23975608868244,126.85060977829382,0.0,6538.774455208663,941.1768943218384,0.0,329.0,150.6743711718588,0.0,553.3530909098713,2162.669878044341,0.0,0.0
140,0.4007849920130405,0.0794117352941765,0.1016447222922328,1.7763568394002547e-18,0.8841914541723856,0.0578464069634551,0.2367659527379185,0.0044819851739484,1784.2365620922326,86.58346487558605,5609.035359626223,946.808026612089,0.0,0.0,0.0,0.0,5589.383061676154,1002.6103946902882,0.0,0.0,0.0,0.0,144.4670700074331,1167.504315811619,0.0,0.0,1618.7746358409677,847.9684263954847,6407.089935116523,769.7486022298265,0.0,286.5965755786952,116.03371788624132,0.0,6421.274686683722,992.4940094689348,0.0,317.56931418286376,144.81630743847035,0.0,557.1851916753428,2088.7976166119843,0.0,0.0
141,0.4792542356904458,0.1239280293054523,0.1125593998569473,1.7763568394002547e-18,0.7264414221856583,0.0405611809833887,0.5037321061113943,0.0084906413820598,1773.150095608573,84.14703007186431,5609.359506169721,946.032117407833,0.0,0.0,0.0,0.0,5590.304309332256,1004.6316980941436,0.0,0.0,0.0,0.0,146.3828278414186,1168.5531795849804,0.0,0.0,1580.040149538376,827.2304684441189,6257.030530583376,753.7474635310759,0.0,279.82795256198136,113.05651994897508,0.0,6271.159484698839,971.3955744723846,0.0,309.97386917918084,141.32687169253697,0.0,544.576725059045,2038.8804804425529,0.0,0.0
142,0.5941571710546262,0.2265742567417136,0.1870920387369234,1.7763568394002547e-18,0.5927064345879653,0.0255790044119601,0.809715435308971,0.014302628730897,1620.6694429878623,50.72883508474117,5612.425350853248,935.1771787574838,0.0,0.0,0.0,0.0,5602.266448129751,1032.5813025217603,0.0,0.0,0.0,0.0,173.6564358158873,1186.0996852892065,0.0,0.0,852.2943097783243,446.2088125301789,3375.124315869997,406.58733410841216,0.0,150.94445577247117,60.97481983556794,0.0,3382.735322025296,523.9939496776155,0.0,167.19199915960385,76.23591185463584,0.0,293.74559999714154,1099.7938765664644,0.0,0.0
143,0.7509231289950759,0.362840685306908,0.3982990087705352,1.7763568394002547e-18,0.6199100545700564,0.0142622961108947,1.1967722375124306,0.0207916928372093,1590.7418650873976,46.570401190955465,5561.605187878617,907.9604596951287,0.0,0.0,0.0,0.0,5542.04458460875,1000.4529043808286,0.0,0.0,0.0,0.0,189.71052067297632,1234.3375600693562,0.0,0.0,578.5797059213644,302.9157717859084,2291.329166733184,276.00933382062306,0.0,102.45101840797174,41.40520593120862,0.0,2296.5151909733486,355.6943895201936,0.0,113.48687884113424,51.752207853252656,0.0,199.4304951816512,746.6144457239368,0.0,0.0
144,0.9231358167215684,0.5229682234709832,0.6497811740332223,1.7763568394002547e-18,0.7560075667027663,0.0111709428039867,1.6385756654623609,0.02727071488259,1543.4118179852371,23.318330667451807,5467.770502421635,857.7040891554208,0.0,0.0,0.0,0.0,5442.3407353245975,955.352122985238,0.0,0.0,0.0,0.0,210.95179959104624,1277.5301271973656,0.0,0.0,373.0761656111546,194.45361105348684,1487.0451183875678,178.8344115361464,0.0,65.86498599606207,26.276466156335182,0.0,1490.7492119414023,231.28286628492936,0.0,74.24603074620148,33.220077872525835,0.0,131.22713019311135,486.1651705046718,0.0,0.0
145,1.114629945299773,0.7075265358760531,0.887323917169434,1.7763568394002547e-18,0.9006219397559435,0.0103848532670585,2.014041592927425,0.033181703282392,1544.8103995775211,19.27013319250704,5358.5549564826615,811.6354892526901,0.0,0.0,0.0,0.0,5334.70386786369,905.9601562714226,0.0,0.0,0.0,0.0,218.0675332981268,1309.7160220227183,0.0,0.0,745.0894270420898,381.6098543219229,3042.6441840266043,363.607099223568,0.0,130.03373543833453,49.339872384693685,0.0,3052.7131358815427,476.42414427635447,0.0,156.09816199376976,65.15993533426622,0.0,282.4369674780736,1006.8636630859507,0.0,0.0
146,1.3533547163395516,0.9073366304907438,1.1307714897750336,1.7763568394002547e-18,1.0723510855187486,0.0124802133817886,2.3439664255813994,0.039563098769815,1593.0746906183883,35.20810458458425,5290.971267994196,775.4408280581649,0.0,0.0245847826169043,5.640017215091469,0.0,5267.849855469908,851.3612356100905,0.0,0.0,4.758270266741801,0.0,217.52583077633915,1325.8649394848778,0.0,0.0,1332.3335855549,679.2330738415014,5474.549844213813,652.614782003619,0.0,232.05506420784224,87.34726284986017,0.0,5494.02842198357,858.4848372006246,0.0,283.98426274459933,117.05987757430364,0.0,515.6946758403936,1819.646307061026,0.0,0.0
147,1.5770024417785635,1.0885105062303877,1.3377866577424884,1.7763568394002547e-18,1.231858118387146,0.013140396,2.604823299432644,0.0441753500795987,1824.5115557175056,116.31144513371802,4984.8654956156615,600.9526077857424,0.0,4.4262195029192135,55.87485718774073,0.0,5040.756770608506,629.5427839488411,0.0,0.0,51.85155974409606,0.0,201.22607265882,1383.508166279773,0.0,0.0,1639.2752017800046,844.5003912199729,6641.210101740649,779.7351540417591,0.0,295.35639885083384,127.85215045543448,0.0,6668.128214492058,1033.4177215314353,0.0,373.9490331411623,175.5296919164819,0.0,640.4479517434269,2261.3666075970605,0.0,0.0
148,1.7847835110128156,1.1954344381850976,1.4739972973412403,1.7763568394002547e-18,1.3905307208599915,0.013140396,2.8068120491219792,0.0461464366559089,1905.587075359852,146.87031758396543,4865.511938696021,537.2593648320692,0.0,11.488061303977783,87.80547637594816,0.0,4959.112595992106,557.2184010160963,0.0,0.0,85.08192763194569,0.0,187.9590361840272,1400.399342703916,0.0,0.0,1662.6099232063152,870.953953858304,6579.964096709023,755.0371742816899,0.0,314.49592541913034,160.59730541348128,0.0,6611.050449370608,1011.1323988032808,0.0,414.0106241038544,224.92565143662029,0.0,654.0290251199506,2319.12600188539,0.0,0.0
149,2.0312693906815893,1.2865741332107017,1.506685191730719,1.7763568394002547e-18,1.4870811071907692,0.013140396,2.931259819484529,0.0463278651428571,1956.3733553505203,159.80054100405275,4869.031531340909,522.829481922588,0.0,18.793600178201046,106.18368505461912,0.0,4933.838766264403,540.0430091795358,0.0,0.0,106.99227248824484,0.0,185.4072656286544,1428.3935942932162,0.0,0.0,1698.8956145579396,907.9410471185846,6491.869307218054,713.4958821654075,0.0,339.406488602,204.12884734625325,0.0,6514.246712364737,967.8580876744307,0.0,458.7769253034161,283.79093920585115,0.0,663.7618971572076,2382.8370269901725,0.0,0.0
150,2.2529111871411245,1.3658582116943534,1.5069604385286692,1.7763568394002547e-18,1.5120076793907289,0.0131261604128268,2.949157711648419,0.0462265328311424,1956.4855303540403,160.155421488194,4930.683516024464,558.8377095377017,0.0,20.542366750128227,114.95682250943769,0.0,4968.288161899754,614.9191803453068,0.0,0.0,121.62706613706234,0.0,213.3611506276548,1440.214490017636,0.0,0.0,1746.2608695652175,937.891304347826,6429.083689501344,663.8695652173913,0.0,348.0,220.715254296282,0.0,6386.273188115744,899.8510931073514,0.0,441.6119626725687,285.11145917470026,0.0,641.2413904594405,2358.6120856891607,0.0,0.0
151,2.4227677786608943,1.3958713834364016,1.4701425499584688,1.7763568394002547e-18,1.517044353558853,0.0116779266777409,2.858452330989085,0.0439890879916941,1881.629261735045,133.34358309025868,4991.942523853082,606.5712551112529,0.0,2.9654756018392385,76.77182304671116,0.0,5034.74152761907,698.5238689253557,0.0,0.0,96.82972749218332,0.0,217.1430662439605,1424.8675031047746,0.0,0.0,1670.9010719499831,897.4456294694154,6130.204830294417,630.4045883068604,0.0,331.8875667117269,201.7635186728358,0.0,6122.209750883679,852.8685539570193,0.0,416.06105247003046,260.306619648919,0.0,590.9442610758643,2215.89477074526,0.0,0.0
152,2.544585712709011,1.3340264465499294,1.3527431725597012,1.7763568394002547e-18,1.4820913529654114,0.0093423413421927,2.658667105918312,0.0399302311096345,1810.1099631810685,107.09580711489434,5047.909497497128,654.667091429023,0.0,0.0,32.36654826627656,0.0,5105.800973359033,773.0783224473789,0.0,0.0,72.00086645899495,0.0,216.1149207227974,1406.8598675094272,0.0,0.0,1002.763158676983,537.9473750319704,3706.8369933279055,383.763842333418,0.0,198.12957704122948,118.12465167190686,0.0,3707.974336637804,519.1990646931247,0.0,248.9677267228432,152.88159788667582,0.0,355.1209471268984,1332.9037837319595,0.0,0.0
153,2.6274229901661146,1.236610780413523,1.1222530296736368,1.7763568394002547e-18,1.323636430595274,0.0071350342888411,2.3656903466148136,0.0358134067375415,1771.6299174484527,86.00967253199735,5069.65616268703,681.1415382565743,0.0,0.0,21.209570676113813,0.0,5123.059078230058,792.2929925839439,0.0,0.0,60.91490779628465,0.0,223.18904239382965,1404.0,0.0,0.0,1167.692943760098,620.2543171572012,4590.370250537661,500.61810223051776,0.0,220.2349266258304,117.17890615217372,0.0,4608.622446038173,678.8924680317101,0.0,284.0776212988906,155.97116935396363,0.0,438.6763329980377,1613.3339038676831,0.0,0.0
154,2.6911976889525717,1.1257747044645507,0.8770129112691047,1.7763568394002547e-18,1.122089057797699,0.0279486679106524,2.019548674173746,0.0321250611572771,1745.283676345418,73.31971751988954,5037.134715598337,684.0759147579657,0.0,0.0,24.434256376268785,0.0,5098.428096729464,787.6414743709192,0.0,0.0,60.82858227196711,0.0,231.95759433874196,1407.817069606317,0.0,0.0,1533.506695616944,806.8538491394182,6272.698951688355,707.2974772044158,0.0,278.48060484812646,133.6887884789034,0.0,6310.555130163005,958.706061698433,0.0,363.8921086799408,181.90401746526115,0.0,595.4185778592953,2165.8393444494377,0.0,0.0
155,2.679544478497831,0.980979834162534,0.6330810561681586,1.7763568394002547e-18,0.963033593464864,0.0810025144385382,1.6930496146406848,0.0285788992425248,1737.5586554349177,71.38131990918247,4989.981665522923,672.7265951875831,0.0,0.0,27.99964191206653,0.0,5069.550605792252,780.6079493231107,0.0,0.0,68.87804706308192,0.0,238.7561261766112,1409.9032394592637,0.0,0.0,1610.281336019566,834.9283003938276,6581.132509345738,752.2343232237764,0.0,284.9283003938275,129.04801587236295,0.0,6613.532634534058,1009.916787508236,0.0,359.85597776867013,173.15591517451014,0.0,606.718663980434,2230.04871565814,0.0,0.0
156,2.6420189157233738,0.8176390723951448,0.4083955605424105,1.7763568394002547e-18,0.8575189740988586,0.1355014191497729,1.3897964841971673,0.0246101045125771,1227.890277182193,47.36816454824957,3530.4212265188,480.1322345665775,0.0,0.0,20.20218081063103,0.0,3579.203878687708,556.8165792138062,0.0,0.0,49.461431048864135,0.0,167.9672372106071,997.956327507186,0.0,0.0,1629.8850283155352,830.5895149507847,6613.305711433512,765.2693007417121,0.0,280.5895149507847,119.48179465409986,0.0,6634.393035592673,1015.1077202966848,0.0,337.2124939123877,156.1688318328073,0.0,587.1149716844649,2192.624413863869,0.0,0.0
157,2.5741100099792216,0.6590074095225839,0.2341380112942678,1.7763568394002547e-18,0.7943414781579168,0.1886910784983388,1.1405112098140957,0.0215511215044886,617.971329452139,17.779939175752794,1838.7691096552212,260.8051058254193,0.0,0.0,7.19620929622921,0.0,1861.3535299383416,299.9208381258948,0.0,0.0,17.662613400714125,0.0,83.54314037578388,506.0717719403468,0.0,0.0,1628.598046427466,817.7786804808695,6647.356620732793,783.38970844011,0.0,270.0032136691038,102.98059113001796,0.0,6661.951019470303,1030.766347586876,0.0,319.30425579784844,132.04172903056974,0.0,576.1059489578713,2162.0322196656125,0.0,0.0
158,2.453540775694853,0.5588145144943273,0.1223575425098733,1.7763568394002547e-18,0.7811739286817551,0.2447846638803984,0.9140261298496856,0.0192110233754153,1623.196932100357,4.462526115503521,5250.126767936971,826.0759299741885,0.0,0.0,0.0,0.0,5308.7140975790535,942.1746592841668,0.0,0.0,0.0,0.0,192.81905227115027,1308.2423364032811,0.0,0.0,1565.4561063647309,731.5438936352695,6775.843684711241,867.9871604984543,0.0,231.76873694224824,31.53747388449648,0.0,6773.231263057752,1119.149895537986,0.0,269.93147198178,37.69378917325528,0.0,576.0064197507729,2101.2376828085244,0.0,0.0
159,2.2621151600085065,0.4728104918934223,0.1243113256201999,1.7763568394002547e-18,0.8918545820579437,0.3025597059651823,0.718946558149636,0.0170475901594684,1667.0824994743462,6.5672784194559135,5273.576449538818,834.0635976353243,0.0,0.0,0.0,0.0,5333.183069342036,944.283639209728,0.0,0.0,0.0,0.0,171.100569867691,1272.2647373707064,0.0,0.0,1560.054463506072,745.1536872427574,6768.557758330005,845.0478178375731,0.0,230.78676039356455,29.78952475420365,0.0,6773.997235639361,1110.430067280219,0.0,282.953005869136,45.39180609494432,0.0,586.3960712458412,2115.20135845717,0.0,0.0
160,2.0462679659960124,0.4024769279728896,0.1551646591295686,1.7763568394002547e-18,1.0465989758551526,0.3370428792717602,0.5532617571237209,0.0152389715226578,1711.3169044716144,15.616419796949708,5316.885219073042,849.002590672641,0.0,0.0,0.0,0.0,5365.890298217651,949.8738749305298,0.0,0.0,0.0,0.0,148.8628826801749,1233.3049973905927,0.0,0.0,1567.679502916717,763.5737798060228,6769.46188182884,837.6498369550629,0.0,229.51537435707567,38.63676690395777,0.0,6778.305305967296,1101.3538063704298,0.0,279.763985710856,68.78385599712733,0.0,584.2172709011887,2129.2363017188136,0.0,0.0
161,1.8366097413031064,0.3958438930764109,0.1865114378846984,1.7763568394002547e-18,1.1551951671065095,0.3376833839999995,0.3885816383873369,0.0176856383404338,1710.133547807893,21.7516790930808,5411.769360861783,904.7283822268448,0.0,0.0,0.0,0.0,5505.702078762602,1015.6390074468022,0.0,0.0,0.0,0.0,125.03590834182532,1144.0444814762095,0.0,0.0,1556.339008136795,760.1363047892683,6779.820881799991,840.0358658091299,0.0,219.0101115017078,30.730073767005187,0.0,6793.891004839493,1105.097351037757,0.0,269.9799092856789,51.00205283646599,0.0,574.7678405641044,2110.3649067259485,0.0,0.0
162,1.6615279233225613,0.4099982069030491,0.2169446184717612,1.7763568394002547e-18,1.2317659754134729,0.3376833839999995,0.2564941530280882,0.0204049683388704,1663.0523879812013,18.43197401240784,5484.5444260721,933.850616361812,0.0,0.0,0.0,0.0,5566.7259113864,1042.635239286354,0.0,0.0,0.0,0.0,111.88759682414512,1105.0535166005347,0.0,0.0,1534.6717037126357,739.9427381425932,6801.3282962873645,860.6927790723857,0.0,208.47136907129652,18.508996583512538,0.0,6825.22141000109,1126.9222794026334,0.0,259.76836062893085,30.655525591442643,0.0,576.5005347602054,2098.538860298683,0.0,0.0
163,1.5016889312550352,0.431214394515535,0.2479320000000005,1.7763568394002547e-18,1.3016863327832722,0.3376833839999995,0.1603565903662301,0.023104626578073,1581.5715133232177,14.948159339630534,5635.708630518837,999.971243189686,0.0,0.0,0.0,0.0,5623.216894825932,1066.5998603534897,0.0,0.0,0.0,0.0,30.411181354673616,967.1192085111318,0.0,0.0,1484.7545952467462,692.4829035219136,6851.057419622151,910.556157685064,0.0,185.77536998202356,0.0,0.0,6899.566646448519,1179.6426663065092,0.0,236.7821345787239,0.0,0.0,580.498920978891,2072.8836110883817,0.0,0.0
164,1.329465961377633,0.4532106353621246,0.2821812111627913,1.7763568394002547e-18,1.3419423529545969,0.3167531122148389,0.0863831605116278,0.0260884593687707,1600.449695486494,12.972390816006056,5670.862322837582,1017.4365875357388,0.0,0.0,0.0,0.0,5629.487537365058,1049.6252145274764,0.0,0.0,0.0,0.0,4.978127615118517,905.589998243922,0.0,0.0,1503.8889503907294,707.1884985379282,6868.146159427039,919.7440811025637,0.0,199.6873104145148,0.0,0.0,6911.474493469792,1181.0109496969808,0.0,229.85447213785756,0.0,0.0,560.099214066785,2044.150581170884,0.0,0.0
165,1.2407074702545275,0.4752541418935505,0.3121899933703987,1.7763568394002547e-18,1.318102312696186,0.2600576045581393,0.0344945544091124,0.0290154572491694,1629.324445667608,10.81731274570752,5700.714879648868,1029.157603577565,0.0,0.0,0.0,0.0,5637.66005876878,1027.2524643553747,0.0,0.0,0.0,0.0,0.0,856.3876912568221,0.0,0.0,1534.8613507329774,746.2606138155019,6849.671764140919,920.4875132009644,0.0,218.3574585863244,0.0,0.0,6859.145498760382,1155.5872828546565,0.0,220.24779332218355,0.0,0.0,529.4158775213463,1976.8186751350747,0.0,0.0
166,1.186387710336573,0.4959536559621756,0.317935723754154,1.7763568394002547e-18,1.2352932794336842,0.2034030833222591,0.0077800941213902,0.0316583597794531,1664.1946640528097,7.877589524808351,5720.522623119405,1021.616490505953,0.0,0.0,0.0,0.0,5647.305449965181,996.616490505953,0.0,0.0,0.0,0.0,0.0,806.8324011903884,0.0,0.0,1106.777237439735,554.5840373560935,4872.099646032873,659.4360871683771,0.0,160.19986870851946,0.0,0.0,4852.956762032286,813.8260217764237,0.0,154.63072559548226,0.0,0.0,368.2859038092438,1376.9273296942304,0.0,0.0
167,1.1742770038748194,0.4807236741129552,0.3180400034591377,1.7763568394002547e-18,1.1203366214248531,0.1461876262325583,0.0005248086195348,0.0315074291944186,1670.8387727604145,6.381087098343659,5733.691283157514,1021.7528744829568,0.0,0.0,0.0,0.0,5667.893007857575,994.8512552179672,0.0,0.0,0.0,0.0,0.0,790.9523550801038,0.0,0.0,938.7979615113952,467.0548108034016,4181.413080520445,581.6019204400635,0.0,133.68928014426712,0.0,0.0,4174.498296390667,720.1336932090068,0.0,130.05884347207189,0.0,0.0,322.1095137851504,1182.8545514148673,0.0,0.0
168,1.1886425385015194,0.4548662610099646,0.3011562461063126,1.7763568394002547e-18,0.957422115084504,0.0923377842657807,-3.5527136788005095e-18,0.0317928113534595,1649.4707704385685,3.253713720258343,5763.854342402236,1043.9385031169586,0.0,0.0,0.0,0.0,5728.753970127458,1015.3454331797664,0.0,0.0,0.0,0.0,0.0,780.0280201146275,0.0,0.0,1156.748417000461,570.8199997417925,5219.93309781917,747.5196260654976,0.0,161.66433691119678,0.0,0.0,5224.374228659062,928.790863624417,0.0,158.63990288868655,0.0,0.0,410.4787182003234,1478.136763874362,0.0,0.0
169,1.2463860705000978,0.431558415047951,0.2808133035063004,1.7763568394002547e-18,0.7577232883101628,0.0368064091325769,1.7623950855634888e-05,0.0410478755556948,1609.7080447025432,0.0,5786.060739939193,1047.4141114900672,0.0,0.0,0.0,0.0,5747.250667306231,1026.083928610902,0.0,0.0,0.0,0.0,0.0,766.3953358563252,0.0,0.0,1393.706922214402,683.681384403413,6349.154255633079,927.926192594609,0.0,192.13115058970803,0.0,0.0,6365.958745803431,1155.6432178238613,0.0,189.71141251631192,0.0,0.0,506.51524783726495,1799.2377921355735,0.0,0.0
170,1.3473519476669964,0.4090263136392393,0.3354065151510662,1.7763568394002547e-18,0.5899549611663095,0.0006279458119992,0.0348956981731483,0.0612467626069962,1541.7954332805118,0.0,5788.83487868972,1038.1874466003223,0.0,0.0,0.0,0.0,5737.573779314941,1015.8878198118804,0.0,0.0,0.0,0.0,0.0,749.296477816542,0.0,0.0,1533.0,750.0,7013.0,1034.0,0.0,210.0,0.0,0.0,7037.0,1289.0,0.0,208.0,0.0,0.0,563.0,1988.0,0.0,0.0
171,1.4499963932491728,0.3508073868673032,0.4580367413257778,1.7763568394002547e-18,0.5099264329974614,4.618527782440642e-17,0.1537343138870432,0.0808233609169434,1479.8097245993335,0.0,5775.443792402322,1018.1111429687812,0.0,0.0,0.0,0.0,5717.119859712897,1002.3465288585376,0.0,0.0,0.0,0.0,0.0,754.7762963054406,0.0,0.0,1546.6704298231425,758.5440186394641,7049.952880615681,1051.9424391428745,0.0,221.53442516327647,1.9224041938794076,0.0,7078.6520908673865,1304.1656330850485,0.0,224.87443681294144,5.980813047624824,0.0,571.9712195714372,2005.3016377449144,0.0,0.0
172,1.5707377058039187,0.2960835244385377,0.5789330847037547,1.7763568394002547e-18,0.4829124928878237,4.618527782440643e-17,0.2740908852358805,0.0984207670564782,1426.9318379746635,0.0,5698.165480595048,952.9940552310576,0.0,0.0,0.0,0.0,5651.994055231057,973.1452951436012,0.0,0.0,0.0,0.0,0.0,846.5223933075699,0.0,0.0,1597.9045202604614,791.0053731871046,7177.365693988634,1111.18395044064,0.0,263.23148334666416,9.594043982296103,0.0,7217.261512463427,1351.4332538812748,0.0,284.609955023255,27.069941899666237,0.0,602.4043715729036,2065.067024168932,0.0,0.0
173,1.716167927217227,0.2418963796345508,0.7026463210825473,1.7763568394002547e-18,0.4722703524211623,4.618527782440642e-17,0.3963481946634293,0.1161977385647837,1384.1107846051625,0.0,5634.165527779197,899.1393462611807,0.0,0.0,0.0,0.0,5598.13934626118,949.062316340404,0.0,0.0,0.0,0.0,0.0,922.8026649220548,0.0,0.0,1604.3671300441554,797.3671300441554,7136.264097935816,1077.3482809612378,0.0,260.59343136546687,12.974330073622005,0.0,7144.451186092498,1308.0068208434604,0.0,274.0412705247743,22.89014704820028,0.0,589.7702247684189,2046.4030947242636,0.0,0.0
174,1.8941386020630575,0.1866145450365436,0.8226556735813978,1.7763568394002547e-18,0.4960756894485065,4.618527782440642e-17,0.5351882946480435,0.1339308021210926,1612.365117087051,36.88822285095214,5361.381108122671,771.3468861027865,0.0,0.0,0.0,0.0,5364.65589887589,833.1091730145428,0.0,0.0,0.0,0.0,98.5987245509037,1141.4630239248163,0.0,0.0,1600.9618927025854,791.8393462996121,7084.621053108104,1031.4705634339468,0.0,250.7687263122575,5.140593569561242,0.0,7060.981406069156,1257.642890145032,0.0,250.62283929976343,6.421736242476474,0.0,572.2078565447916,2015.3246167032328,0.0,0.0
175,2.0583947132110016,0.1331964065373563,0.935144211325938,1.7763568394002547e-18,0.530873253219483,4.618527782440643e-17,0.6818857129333425,0.1423821408001694,1720.8786233289989,55.0,5268.114665111143,735.7386409384922,0.0,0.0,0.0,0.0,5276.471226016441,796.2165785147911,0.0,0.0,0.0,0.0,130.84487076088757,1214.0590698474753,0.0,0.0,1570.8263829218452,753.5119775442594,7040.08056622158,982.5943273915134,0.0,225.9384956106813,0.0,0.0,7005.493966259318,1221.5020607298486,0.0,208.2723462311904,0.0,0.0,552.526852134036,1969.3582499272409,0.0,0.0
176,2.199759290049172,0.085854632454484,0.9840487707720964,1.7763568394002547e-18,0.5466415535548198,4.618527782440642e-17,0.8163286393063119,0.1413591482445181,1726.6005384593814,55.0,5292.37762554462,760.5225580521522,0.0,0.0,0.0,0.0,5296.028438046373,810.5728320945235,0.0,0.0,0.0,0.0,119.8705222554359,1187.4303710665545,0.0,0.0,1543.5094782420508,714.4447831887093,7046.5852608535,977.1797247661688,0.0,207.15169742968493,0.0,0.0,7024.099208896466,1228.690387052548,0.0,200.5856535192272,0.0,0.0,549.0389582804804,1954.384767189986,0.0,0.0
177,2.327735357952576,0.0839755539928964,0.9616160067453344,1.7763568394002547e-18,0.5384215888669976,4.618527782440642e-17,0.8780627097209305,0.1395857159999998,1737.420761041164,60.2056559890954,5309.265967254351,780.881811492081,0.0,0.0,0.0,0.0,5300.223946605937,815.2898183719503,0.0,0.0,0.0,0.0,95.77897524586884,1152.830059902686,0.0,0.0,1511.5759280148563,682.4863154701934,7029.067765890518,975.2127446761012,0.0,201.72068314836932,0.0,0.0,7027.246201734479,1248.3856581145928,0.0,226.34645499867685,0.0,0.0,583.5248908426373,2008.2367558645965,0.0,0.0
178,2.4627514191891224,0.0955180681594677,0.9500952237472589,1.7763568394002547e-18,0.5320723448672999,4.618527782440642e-17,0.9330578986843856,0.1389402504559642,1772.4673821837164,70.56218714397343,5259.9329313490925,754.2384399216442,0.0,0.0,0.0,0.0,5249.848540557577,775.1305309319099,0.0,0.0,0.0,0.0,81.21103931629484,1154.2662561508955,0.0,0.0,1488.835019190486,670.0584914600641,6987.353387646352,966.3119450696632,0.0,207.9242632438184,0.0,0.0,6998.849493415128,1259.3551917903374,0.0,259.48143513139144,0.0,0.0,629.9845588478677,2086.904378802719,0.0,0.0
179,2.547945557027325,0.1031214394334523,0.938808512398942,1.7763568394002547e-18,0.5378362702691729,4.618527782440642e-17,0.9828465744831516,0.1288944827006574,1751.1618556714905,81.39379081883489,5031.648324412531,712.3711573751268,0.0,0.0,0.0,0.0,5040.640309202847,713.7666275227705,0.0,0.0,0.0,0.0,85.96319174317634,1131.7111633559246,0.0,0.0,1465.0865784714165,657.1334216986838,6943.909551055648,957.0650628086712,0.0,214.41104799190785,2.635534583075934,0.0,6969.234981415032,1270.733954253698,0.0,293.97478875150324,14.560153135121858,0.0,678.3635266176567,2168.817937894651,0.0,0.0
180,2.5757688259673204,0.1074912892624575,0.8506678374894562,1.7763568394002547e-18,0.5162165965071549,4.618527782440642e-17,0.9803711544237584,0.1090991406378736,1538.1627959024763,63.06011143890604,4527.211149442502,665.1263011383405,0.0,0.0,0.0,0.0,4541.213728001932,664.2993514553026,0.0,0.0,0.0,0.0,69.49945542853764,983.3074497271334,0.0,0.0,1453.8130128753194,650.0170945079724,6920.008323643006,952.9795918367348,0.0,217.9923166372252,20.504185755091864,0.0,6947.505258788511,1271.5153102139402,0.0,305.4744938874096,60.84686653889951,0.0,695.8616244342204,2197.336758601861,0.0,0.0
181,2.5648956490078456,0.1120390210979389,0.7006530314392024,1.7763568394002547e-18,0.4670684526689726,4.618527782440643e-17,0.8830338204534232,0.0861440145847176,1591.382056623461,35.91590371656236,5001.754359384679,782.545275907471,0.0,0.0,0.0,0.0,5012.37317874312,794.9472256623933,0.0,0.0,0.0,0.0,53.54855116956654,998.8484792455232,0.0,0.0,1461.6534884904102,637.65348849041,6923.34651150959,964.0,0.0,214.9109124526862,5.904937320843511,0.0,6965.920751132351,1274.7425760377237,0.0,285.74257603772384,37.65348849041005,0.0,659.3960645281338,2141.3960645281336,0.0,0.0
182,2.502713025203175,0.1119968973687693,0.5626657386823417,1.7763568394002547e-18,0.4025830857009994,4.618527782440642e-17,0.7757344950605691,0.0659853308571429,1276.6039561992577,5.311255313413639,4251.019972892406,698.5674359112347,0.0,0.0,0.0,0.0,4256.720601840241,718.4968852801981,0.0,0.0,0.0,0.0,29.25927489765173,787.4794058397326,0.0,0.0,1445.841591953038,622.317263129786,6942.488106284198,963.0486576465038,0.0,198.88830211871397,14.715286879109916,0.0,6978.674167350226,1266.3912086528587,0.0,277.86687982960683,20.890249599541843,0.0,641.8921970803698,2128.64890884785,0.0,0.0
183,2.4005510773051286,0.1088734483853807,0.4109836842846657,1.7763568394002547e-18,0.3329127197216322,0.0016014496807134,0.6575644931792289,0.0482686768966602,853.1123069097206,0.0733363275421413,2866.535877921185,472.90146168291074,0.0,0.0,0.0,0.0,2871.423345293027,487.4813920250934,0.0,0.0,0.0,0.0,20.83517327889472,529.748885093192,0.0,0.0,1440.1043845066392,617.0970508738852,6949.938301866949,962.0146672655084,0.0,192.56751723029657,19.480512589109228,0.0,6972.608489955804,1258.1173381240676,0.0,270.1100044913132,13.110004491313212,0.0,634.3342372203875,2126.373017257383,0.0,0.0
184,2.2092150022414248,0.1052619604983375,0.2583425508881509,1.7763568394002547e-18,0.2807895643012206,0.0089082544186047,0.506725172713177,0.0398492344983388,1067.215975255312,0.0,3675.525463499608,604.2338739325401,0.0,0.0,0.0,0.0,3692.7834039870495,628.1843527594385,0.0,0.0,0.0,0.0,45.32461233487534,701.2694449806507,0.0,0.0,1447.5569502532196,624.5569502532197,6928.279921490699,962.0,0.0,203.3600392546507,26.101588746274597,0.0,6961.6399607453495,1258.0,0.0,270.0,13.0,0.0,635.9015445007155,2128.852316751073,0.0,0.0
185,2.020823281906593,0.102861755533319,0.1795326471088532,1.7763568394002547e-18,0.2629021280226727,0.0163462144186047,0.3456551948454167,0.0427992877451631,1168.78177327829,0.0,4055.746638490823,666.0410792047762,0.0,0.0,0.0,0.0,4078.426733099154,694.1911524634403,0.0,0.0,0.0,0.0,56.19018963528456,781.1613948449628,0.0,0.0,1448.0,625.0,6927.0,962.0,0.0,204.0,28.91004897864965,0.0,6961.0,1258.0,0.0,270.0,13.0,0.0,636.0,2129.0,0.0,0.0
186,1.824928315808643,0.1008657664584706,0.1869118986976747,1.7763568394002547e-18,0.2751350551096375,0.0231466349900333,0.2121310035906976,0.0556051346312291,1533.1354022193557,0.0,5415.083464137938,887.2243579248909,0.0,0.0,0.0,0.0,5453.764703824007,929.338845543846,0.0,0.0,0.0,0.0,95.147732011054,1067.8187036444028,0.0,0.0,1477.2453363311322,646.7588064865226,6931.423275108157,968.3679950106592,0.0,220.28775435958048,39.86289733906339,0.0,6953.584227970556,1252.191272406316,0.0,281.30521183444824,27.90230187405364,0.0,643.7081217948429,2140.305211834448,0.0,0.0
187,1.6319826736422225,0.121264567649884,0.2607128534152827,1.7763568394002547e-18,0.312824462694866,0.0300178932757476,0.1575509016677739,0.0718644492956809,1584.0658613595222,0.0,5495.74306187981,906.0541219416016,0.0,0.0,0.0,0.0,5524.520783185454,939.5920178000356,0.0,0.0,0.0,0.0,93.66564604784728,1089.957793780297,0.0,0.0,1541.6966357627653,696.7776587491468,6921.422075722296,979.2213226824956,0.0,252.31668485231572,50.09678821373339,0.0,6922.014441115773,1231.923433481141,0.0,308.04286758353834,66.75441478457695,0.0,657.5518099044456,2162.258027583365,0.0,0.0
188,1.4285236666914245,0.1652759191495006,0.3433537443728756,1.7763568394002547e-18,0.3772935856275186,0.0373141778471762,0.1065193299269101,0.0885071694547584,1640.1543784231212,0.0,5550.713190419612,923.0062484750932,0.0,0.0,0.0,0.0,5578.443306640719,948.6767898811258,0.0,0.0,0.0,0.0,81.58365679764238,1090.3785839978482,0.0,0.0,1578.0416514891272,731.9430362863832,6883.621483531141,966.6214835311416,0.0,265.1036526053493,57.08282686078571,0.0,6868.437600766389,1196.414178320443,0.0,318.8963473946507,87.29521349060417,0.0,644.2769844474227,2159.401462797336,0.0,0.0
189,1.24465583545281,0.2089646675880387,0.4298677188532356,1.7763568394002547e-18,0.4414210496470611,0.0424382673558727,0.0565770293632988,0.1000865031487197,1647.2436510289897,0.0,5613.48104611899,951.9192203988608,0.0,0.0,0.0,0.0,5627.450594621166,972.8803157486848,0.0,0.0,0.0,0.0,67.68062498365435,1063.4381742798705,0.0,0.0,1590.666113507173,749.3898600841375,6861.782209385997,944.782209385997,0.0,268.98420645921675,54.651149705630296,0.0,6830.131889419607,1166.8137964675634,0.0,315.01579354078325,83.88556359965722,0.0,619.5375430445282,2144.854806257332,0.0,0.0
190,1.0995049008977216,0.2517182951065229,0.5038111082621063,1.7763568394002547e-18,0.4836451252005397,0.0426443040000001,0.0220258673833321,0.1009083239999997,1633.7497670299156,1.5957446808510638,5667.482620839515,974.175144295551,0.0,0.0,0.0,0.0,5666.777234255283,998.9525504571352,0.0,0.0,0.0,0.0,61.76812984186924,1033.47975749859,0.0,0.0,1566.2829787234043,730.772340425532,6868.54255319149,940.5489361702128,0.0,257.768085106383,53.9063829787234,0.0,6837.497872340426,1174.1744680851064,0.0,305.0191489361702,82.2872340425532,0.0,622.4446808510638,2139.606382978724,0.0,0.0
191,0.9377122495168164,0.3004370620935531,0.520774741184054,1.7763568394002547e-18,0.4999651741794046,0.0426443040000001,0.0025204223481727,0.1032233334506309,1651.1173195554538,13.828396431341172,5719.287170892851,984.8156270728996,0.0,0.0,0.0,0.0,5689.884432675808,1014.442216337904,0.0,0.0,0.0,0.0,68.25696729517276,1018.8292725469722,0.0,0.0,1383.2809964260186,566.8947505360971,6951.961794138671,956.181661186562,0.0,183.2198670478913,51.46936562170961,0.0,6962.923588277341,1282.7342859185133,0.0,257.79541529664044,63.48868681465945,0.0,681.1816611865619,2132.5984717655465,0.0,0.0
192,0.7921957615105273,0.3539190860930219,0.5287553510232562,1.7763568394002547e-18,0.5069896396146208,0.0426443040000001,6.424815946844558e-05,0.1143690455813952,1668.637418593315,10.893763567780825,5723.694644447935,993.9658113005868,0.0,0.0,0.0,0.0,5688.411591984283,1013.7057959921416,0.0,0.0,0.0,0.0,68.64710200392916,1023.91826885658,0.0,0.0,1362.0,542.0,6962.0,961.0,0.0,178.0,48.84086557170999,0.0,6983.0,1300.0,0.0,259.0,43.59170818075245,0.0,686.0,2133.0,0.0,0.0
193,0.6697962034567762,0.4296140623547512,0.535211055508306,1.7763568394002547e-18,0.5042072201831319,0.0408861585404749,7.105427357601019e-18,0.1213659183719309,1695.0161478369253,8.0,5723.706596268131,997.847915521757,0.0,0.0,0.0,0.0,5677.125171416701,1008.277255894944,0.0,0.0,0.0,0.0,53.973086938458,1017.4078099239532,0.0,0.0,1367.023282366287,529.892601476129,6919.924643427683,940.262859975072,0.0,184.35423752316632,44.96904484312056,0.0,6975.357741357273,1298.7978469550767,0.0,285.49030102563256,38.66930883762984,0.0,710.0430608984672,2190.359873857772,0.0,0.0
194,0.5871362767859577,0.5086152004186032,0.5281512153424305,1.7763568394002547e-18,0.4695182096903204,0.0341610758671097,7.105427357601019e-18,0.1177088058538208,1721.8221608300566,20.01836711705182,5707.858726407106,979.309046109128,0.0,0.0,0.0,0.0,5641.406526054069,961.1836140331312,0.0,0.0,0.0,0.0,8.618655512679437,964.2084009625114,0.0,0.0,1378.0537851115091,516.0999736586348,6856.6757230466965,911.7002816472116,0.0,195.09997365863484,42.22746902086031,0.0,6962.037720699742,1299.3081862001716,0.0,327.02455860051526,68.51320667415209,0.0,745.5458542171838,2281.343709714378,0.0,0.0
195,0.479020468003133,0.5956918792730095,0.4585535045511045,1.7763568394002547e-18,0.4007879649919898,0.0265814404385382,7.105427357601019e-18,0.112905432239203,1717.4563676187106,16.257575900573116,5718.65726853043,978.176702536955,0.0,0.0,0.0,0.0,5645.181323819477,957.9910965120982,0.0,0.0,0.0,0.0,0.1187694520608468,939.8842546572776,0.0,0.0,1396.009804399621,525.6470453819497,6826.24996036625,907.6991149417807,0.0,204.64704538194968,38.46274316417111,0.0,6948.814378121643,1308.1237479189049,0.0,353.4491545755317,110.80983610662167,0.0,760.2322168044471,2342.945465911729,0.0,0.0
196,0.3742746670913682,0.6727862708770743,0.3771251643588038,1.7763568394002547e-18,0.321370117355484,0.0195685067242525,7.105427357601019e-18,0.1084611893621266,1712.9034046244924,12.297494512984,5729.150353606031,977.5351556053772,0.0,0.0,0.0,0.0,5649.4141731781965,956.3595292336232,0.0,0.0,0.0,0.0,0.0,918.3052028994448,0.0,0.0,1411.4679492156713,535.5308349131624,6806.622894000014,912.9424928473554,0.0,215.32490874811276,41.86957177837316,0.0,6938.737044828114,1316.7420753625072,0.0,375.3418219662778,144.66948505449116,0.0,768.3029095020512,2383.4286467173,0.0,0.0
197,0.2700284246910359,0.7198640579228965,0.291688850865918,1.7763568394002547e-18,0.2399240435083078,0.0124138975813953,7.105427357601019e-18,0.1014502993423184,1710.5346965565857,10.392594403116796,5734.576586877064,975.6388322297088,0.0,0.0,0.0,0.0,5649.697914187489,952.4856680430572,0.0,0.0,0.0,0.0,0.0,901.0837647687798,0.0,0.0,1422.584403076122,546.5844030761219,6808.950205956143,932.5257318034112,0.0,226.24668762861089,57.36921353461244,0.0,6937.538622261329,1322.5839036446723,0.0,386.6868581873856,160.80938409338722,0.0,763.3372160160617,2383.324335378498,0.0,0.0
198,0.1916297797026627,0.7581253473164434,0.2246616220938543,1.7763568394002547e-18,0.1660031383006666,0.0052592884385382,7.105427357601019e-18,0.0861222553255815,1647.297340580436,26.414749530934916,5355.716686874365,899.210735850737,0.0,0.0,0.0,0.0,5272.89061934774,859.9716623075668,0.0,0.0,0.0,0.0,0.0,854.9155203786723,0.0,0.0,1434.6460571085452,560.0694809358483,6820.552550509889,936.0533506620204,0.0,227.11440029233663,61.5986386144956,0.0,6949.604964700428,1317.636932325804,0.0,387.0,164.48423832215897,0.0,757.5225320334675,2378.5643179187928,0.0,0.0
199,0.1824961556451889,0.7487790378267097,0.2373044648340206,1.7763568394002547e-18,0.1226039884409326,0.0002459221857807,7.105427357601019e-18,0.0748225004531561,978.6933792155114,16.775799586523775,3196.476412782068,535.6623197986403,0.0,0.0,0.0,0.0,3146.562519913124,510.76311578722897,0.0,0.0,0.0,0.0,0.0,510.5192475716234,0.0,0.0,1445.4801290183525,578.3048471100814,6848.199162915961,948.937214348346,0.0,228.19950549671597,52.33054190646219,0.0,6964.860299591272,1321.2733371443123,0.0,385.7179988567064,154.23786983835407,0.0,754.6253267885982,2358.4517344171404,0.0,0.0
200,0.2196676037350226,0.7213659790963436,0.2864361526038543,1.7763568394002547e-18,0.1263226389631918,4.618527782440643e-17,7.105427357601019e-18,0.073883736,977.454483332366,2.940403257574321,3631.215048712056,618.1693379502208,0.0,0.0,0.0,0.0,3575.80619972627,606.5110326332012,0.0,0.0,0.0,0.0,0.0,551.0067309178821,0.0,0.0,1445.5211237113056,569.5901805819565,6917.620190185741,979.3590549948104,0.0,231.23229721368773,38.44576444763244,0.0,7018.016798576053,1364.1212274207137,0.0,370.40765800651707,126.07782276027672,0.0,743.9400754267939,2336.922825572873,0.0,0.0
201,0.3535493341810353,0.6886140425447141,0.4390335275644456,1.7763568394002547e-18,0.3932482920886864,4.618527782440642e-17,0.0030346580942436,0.0715214814585395,1098.7025469001364,0.0,4491.872490084432,772.6066183225988,0.0,0.0,0.0,0.0,4424.3939038100925,771.8557457407794,0.0,0.0,0.0,0.0,0.0,657.8241981527821,0.0,0.0,1437.4184985949437,556.0304805912916,6979.843272350002,1015.7722819092484,0.0,228.12377061493072,26.32983203505058,0.0,7051.97222230592,1389.5753397613262,0.0,356.36301552355394,105.77297720491389,0.0,740.7028603020822,2318.387676237384,0.0,0.0
202,0.5841304003654547,0.6680225032325576,0.6196298422724259,1.7763568394002547e-18,0.9046174658945204,4.618527782440642e-17,0.0338744302325581,0.0604764630299002,1242.996194154796,0.0,5516.590548861993,956.471469007925,0.0,0.0,0.0,0.0,5434.772187441219,968.685297918697,0.0,0.0,0.0,0.0,0.0,784.9664757824504,0.0,0.0,1403.7113894682063,511.6974754307086,7035.1006501859165,1041.9324418754495,0.0,211.82675368189632,21.20781847039202,0.0,7126.8944596606525,1420.1056881935535,0.0,337.4609090054162,79.69243742307152,0.0,748.5230291271915,2290.5141530973306,0.0,0.0
203,0.939065683025998,0.6296296693672052,0.8075927749634558,1.7763568394002547e-18,1.466600149435219,4.618527782440642e-17,0.074565754923588,0.0483261476411959,1285.0,0.0,5815.0,1010.0,0.0,0.0,0.0,0.0,5729.0,1026.0,0.0,0.0,0.0,0.0,0.0,822.0,0.0,0.0,1385.4918715373092,484.7576644244015,7063.123699134265,1051.2194408414025,0.0,203.5728188189396,20.19684423798176,0.0,7172.215840648348,1437.646622022463,0.0,327.8498059384835,63.23474153620303,0.0,753.4959216916534,2276.284637466944,0.0,0.0
204,1.368792299229716,0.5830055084451807,0.9918605559553876,1.7763568394002547e-18,2.0665060420920787,4.618527782440642e-17,0.1185452674684385,0.0351939885847176,1276.5274800603954,0.0,5826.022470314755,1017.2017585188734,0.0,0.0,0.0,0.0,5775.193621390245,1038.7581794094392,0.0,0.0,0.0,0.0,0.0,804.1714162081681,0.0,0.0,1305.322751802643,388.8359770752317,7175.195786522062,1098.9097802419026,0.0,172.41479171149473,16.481111304535794,0.0,7342.400456525371,1526.266504996065,0.0,287.4155671605208,20.295821948486143,0.0,769.2164013775284,2226.6750427173984,0.0,0.0
205,1.748989468766725,0.5355353582998688,1.0880238863174931,1.7763568394002547e-18,2.6197389007436143,4.618527782440642e-17,0.1604696626046513,0.022675481820598,1284.0,0.0,5820.0,1007.0,0.0,0.0,0.0,0.0,5813.0,1042.0,0.0,0.0,0.0,0.0,0.0,784.0,0.0,0.0,1241.7977547565838,332.7128346847202,7243.980246464222,1138.310584488848,0.0,148.33033802462643,14.356002441610794,0.0,7437.6499084395955,1605.3971592112528,0.0,258.99633436221023,31.49136545813069,0.0,774.7509164094474,2211.027084811358,0.0,0.0
206,2.1481413949024875,0.4873263272855183,1.1564488945139737,1.7763568394002547e-18,3.129062525002157,4.618527782440642e-17,0.2003389403322264,0.0107706273488372,1334.18389187497,0.0,5778.991139852956,982.2909967622232,0.0,0.0,0.0,0.0,5753.8035795214055,1009.7302767261,0.0,0.0,0.0,0.0,0.0,819.456776684505,0.0,0.0,1221.2882138723298,320.12639835385505,7219.85024038397,1132.5716512716251,0.0,140.49378663738733,11.766638706482622,0.0,7442.287477327585,1622.0948949705794,0.0,267.4283487283747,51.0846165807345,0.0,792.5362341070053,2241.045239885465,0.0,0.0
207,2.5846170828255204,0.4547790482519597,1.18124895055814,1.7763568394002547e-18,3.419773850272433,4.618527782440643e-17,0.2385872205225257,0.0008426393222591,1447.895807559561,0.0,5656.457460830268,920.2082064156212,0.0,0.0,0.0,0.0,5642.23495703394,922.182905430036,0.0,0.0,0.0,0.0,0.0,876.5331643332848,0.0,0.0,1267.4516594048378,389.8384686201428,7068.60616838347,1071.6616509928565,0.0,167.97925647632783,9.452327550823451,0.0,7313.617305100998,1552.8466336939268,0.0,328.3383490071435,68.98423922599845,0.0,824.9419083654902,2325.0400559083787,0.0,0.0
208,2.894611865860472,0.4137756962425241,1.173528234591363,1.7763568394002547e-18,3.454159794697682,4.618527782440642e-17,0.2474361360000008,2.1316282072802932e-17,1508.2938164167072,0.0,5633.645085385699,915.075999246504,0.0,0.0,0.0,0.0,5625.16806301708,904.7134802700498,0.0,0.0,0.0,0.0,0.0,893.1864819440539,0.0,0.0,1294.4345836595014,421.9889051572527,7006.157967215169,1040.6806922520118,0.0,183.41895532067807,9.46807235301202,0.0,7231.333262838008,1519.4148598884117,0.0,372.0225711858509,74.07292439111913,0.0,837.067067174151,2376.6863327471133,0.0,0.0
209,3.135574096387317,0.3976811743281518,1.0861772317397915,1.7763568394002547e-18,3.428042824876014,4.618527782440642e-17,0.2474361360000008,2.1316282072802932e-17,1498.4169112765148,0.0,5665.438697083726,924.4034655700614,0.0,0.0,0.0,0.0,5658.785696700391,930.8072998631868,0.0,0.0,0.0,0.0,0.0,915.4606816838934,0.0,0.0,1305.4466315714242,415.6248051732541,7024.658630476351,1034.0608394940828,0.0,187.62764232303624,16.76103966669452,0.0,7231.254943570576,1519.9750911466408,0.0,367.2341307266023,78.24400554216673,0.0,821.5100666676834,2362.770133667812,0.0,0.0
210,3.3582983070077552,0.3983534152026562,0.9413091195747508,1.7763568394002547e-18,3.3705104604872766,4.618527782440642e-17,0.2474361360000008,2.1316282072802938e-17,1494.3463339394889,0.0,5691.777224501927,934.2039267437956,0.0,0.0,0.0,0.0,5682.491939048776,953.3992293665514,0.0,0.0,0.0,0.0,0.9493330983679906,938.5123941463462,0.0,0.0,1320.2033548139025,440.3882187316914,7003.601923278892,1022.259995257302,0.0,204.08814416937625,24.40129964503473,0.0,7165.015278728006,1486.828640655956,0.0,368.9901420105835,82.90328025158725,0.0,805.2599952573021,2341.476854644949,0.0,0.0
211,3.481025147603145,0.3950182954910889,0.7723103702781646,1.7763568394002547e-18,3.0888539516402984,4.618527782440643e-17,0.2446622329471466,2.1316282072802932e-17,1543.615805874094,0.0,5666.484754546782,937.219031027724,0.0,0.0,0.0,0.0,5639.8825974032425,945.361986686068,0.0,0.0,0.0,0.0,6.801488579114971,955.8801831831412,0.0,0.0,1339.216003654743,470.6596725591582,6973.377724636684,1009.0818692861874,0.0,221.5663804384696,32.33894166939428,0.0,7092.336222432338,1446.3750961940991,0.0,368.57020964124666,83.49722708270741,0.0,787.9767860379071,2318.572758400365,0.0,0.0
212,3.4501562982353207,0.3753668877449994,0.5840923731428586,1.7763568394002547e-18,2.572252444963833,0.0001152550436908,0.2131506822857147,2.1316282072802932e-17,1594.1067568131284,0.0,5649.792141557179,932.5312802762104,0.0,0.0,0.0,0.0,5603.125369945932,930.5357464818786,0.0,0.0,0.0,0.0,7.53128027621043,962.995533794332,0.0,0.0,1368.6064299842585,486.1373775867896,6927.6973168279055,993.8770863937892,0.0,215.63967040507725,26.319308595695947,0.0,7070.559573009251,1411.9995037054457,0.0,348.8559230037258,73.37085767238769,0.0,764.3121415432117,2299.1405322274127,0.0,0.0
213,3.233156494984566,0.3309042664256382,0.3795690655016611,1.7763568394002547e-18,1.9890884542818092,0.0053004731561462,0.1704042401860466,2.1316282072802932e-17,1627.92548497428,0.0,5635.548443414773,933.194615726752,0.0,0.0,0.0,0.0,5606.400508984475,927.971194878516,0.0,0.0,0.0,0.0,13.842416791834758,979.6587520188737,0.0,0.0,1375.7296594612644,516.2679518926635,6865.724557313907,943.282429449934,0.0,224.91537100299303,35.986181910753174,0.0,6975.8241817437865,1360.4911650244558,0.0,365.017970576515,94.01797057651498,0.0,762.7749700160098,2330.3388062853346,0.0,0.0
214,2.968090789034157,0.3074645587239851,0.1986272210990032,1.7763568394002547e-18,1.4649966636398724,0.0131622239003322,0.1288908685315614,2.1316282072802932e-17,1643.5983088019848,0.0,5656.452429352013,933.8491498928856,0.0,0.0,0.0,0.0,5648.171531432414,937.6291311539368,0.0,0.0,0.0,0.0,24.491063140116594,1000.1520149023644,0.0,0.0,1410.979165395061,563.1925806307747,6811.343540335602,895.5998963549636,0.0,242.9256362085841,55.095843993626296,0.0,6888.230731184611,1297.547825987282,0.0,376.4098928988249,105.4857959674151,0.0,745.9695359858862,2337.504367495483,0.0,0.0
215,2.6818757117951977,0.304329221731482,0.0979094466742233,1.7763568394002547e-18,1.0039087920797372,0.0302163874637483,0.0873774968770763,0.0003864095563807,1631.7813370743363,0.0,5686.334140698576,944.6928666374756,0.0,0.0,0.0,0.0,5659.051592576376,963.9115295631394,0.0,0.0,0.0,0.0,47.38573327495168,1020.0392999562138,0.0,0.0,1441.3490525854204,585.2628595725256,6797.011804312769,886.0273149789174,0.0,250.09923285558912,65.90937868197241,0.0,6853.040103964467,1268.0154468238,0.0,381.5875123894061,111.2926716470436,0.0,730.9803500218931,2316.74873736803,0.0,0.0
216,2.326591416916949,0.3049818945249163,0.0403948451545192,1.7763568394002547e-18,0.6318291422599516,0.0684638271627906,0.0466919548566004,0.0024463722259136,1612.9125298986426,0.0,5646.490212711176,937.8833349241668,0.0,0.0,0.0,0.0,5636.358478502304,966.1806901434276,0.0,0.0,0.0,0.0,67.79611886332461,1047.0110543178478,0.0,0.0,1468.7240930075973,603.2287834653328,6787.471606322699,891.9123856950114,0.0,261.0211704646296,74.25467601304219,0.0,6836.5345619701975,1252.6072839659982,0.0,388.9531931008205,119.55615892526396,0.0,727.0695729797435,2303.882853359352,0.0,0.0
217,1.947303557558833,0.2967621708777025,0.0542145676093527,1.7763568394002547e-18,0.5777799370801754,0.1088339110564782,0.0162862867691343,0.0047568348837209,1609.1322374454458,3.5283018867924527,5553.872872271082,911.4512240692288,0.0,0.0,0.0,0.0,5581.098253068134,946.378653149797,0.0,0.0,0.0,0.0,87.09525812943842,1087.1597078116931,0.0,0.0,1500.9665873557983,632.5755337330087,6733.635370336214,865.8467057285186,0.0,275.3399361824437,98.7944539862516,0.0,6780.484212318278,1213.9241728271302,0.0,406.93969957135147,150.61800631123435,0.0,728.3598515328725,2327.5765612318314,0.0,0.0
218,1.6496744012332285,0.3023238328504978,0.0879820885315617,1.7763568394002547e-18,0.795008830259138,0.1480139762631228,0.0276242374883721,0.0069766911627907,1650.3004393357212,17.244444444444444,5526.924670498209,899.5126323324727,0.0,0.0,0.0,0.0,5549.203042442723,937.5060190828684,0.0,0.0,0.0,0.0,98.32672008372896,1109.1221448067147,0.0,0.0,1508.9363262577522,662.5251483102365,6495.888756036936,782.9498569904991,0.0,283.8998234911673,129.79042811407848,0.0,6535.958880590955,1107.0541026255228,0.0,417.4310767570584,193.37645502087565,0.0,708.2432915731949,2304.163606436098,0.0,0.0
219,1.4067420996510358,0.3179255099441855,0.1231167711229239,1.7763568394002547e-18,1.0887233475061815,0.1828692068172755,0.0517618262057142,0.0091285926578073,1680.0664006895704,23.57304075852728,5518.734397241718,898.4136791035587,0.0,0.0,0.0,0.0,5525.867198620859,928.4269592414728,0.0,0.0,0.0,0.0,112.0,1125.0796808274845,0.0,0.0,1017.1488217930852,453.2273353838674,4324.062726099379,504.9678949285712,0.0,191.88785085007544,92.33740945706636,0.0,4348.93850871748,717.2024941916821,0.0,280.9909140469104,138.20693593126586,0.0,470.9384095228801,1542.414129141588,0.0,0.0
220,1.1755584581262497,0.3213103917442481,0.1612101638272431,1.7763568394002547e-18,1.3842849537152913,0.2179931813820594,0.085251277550304,0.011461706910299,1691.9223586696182,29.55378869356945,5487.647331781826,888.1234791450139,0.0,0.0,0.0,0.0,5493.571557910437,915.5238526368124,0.0,0.0,0.0,0.0,112.27689434678472,1131.2768943467847,0.0,0.0,757.2434274954812,348.65038258194585,3043.9531942690046,328.8913551628796,0.0,149.17525378512406,84.140347954311,0.0,3054.023459878633,470.2207068414038,0.0,212.5059814722564,114.95538733352288,0.0,329.21703213188624,1113.3160154200289,0.0,0.0
221,0.9807153034168488,0.3068920094258345,0.199673395295682,1.7763568394002547e-18,1.642466969056089,0.2442657525894074,0.133041464372093,0.0134310632010943,1717.7603060494964,31.43112811386092,5453.257590747529,878.2155640569305,0.0,0.0,0.0,0.0,5443.83812633415,899.0178967970263,0.0,0.0,0.0,0.0,118.38910142326152,1137.8202295371225,0.0,0.0,1251.318587183024,608.8014313137855,4519.615061727044,406.20372117349206,0.0,264.8705626321445,183.81616868214925,0.0,4511.464870446109,591.3813007103604,0.0,360.7440197492143,225.14005782793825,0.0,481.6158476851039,1737.914205331006,0.0,0.0
222,0.8594448586010306,0.2974855458275435,0.2223010279625502,1.7763568394002547e-18,1.816274894534282,0.2477238299728174,0.181064043203866,0.0136362599999999,1747.1794032638156,49.40057317948133,5386.705086409235,839.461261627925,0.0,0.0,0.0,0.0,5389.892361349601,881.4767462640368,0.0,0.0,0.0,0.0,158.27385776572453,1221.8937129611822,0.0,0.0,1773.5838650448045,906.5720298216554,6054.84502201264,479.76826118657897,0.0,395.188259058318,289.18005557185484,0.0,6043.705355058387,700.7335713218716,0.0,512.4293958578268,346.6299526455022,0.0,629.9727896866491,2380.814035233125,0.0,0.0
223,0.7822932012336699,0.2980876033045394,0.2226429360000011,1.7763568394002547e-18,1.917593872462903,0.2449811149833886,0.2284773919003324,0.0136362599999999,1753.546813849902,56.0,5347.659238950254,829.0395952834891,0.0,0.0,0.0,0.0,5369.374553778096,881.5424965610591,0.0,0.0,0.0,0.0,167.46330599408088,1253.0395952834892,0.0,0.0,1819.150788552627,941.5222348237926,6136.794982998126,472.6910259260323,0.0,404.7873621899165,291.6954804177003,0.0,6097.062559827573,686.0256656534659,0.0,494.0007105701158,340.3093731742128,0.0,612.6024403963758,2394.9264745429105,0.0,0.0
224,0.7051331709161509,0.2750870941331548,0.2226429360000011,1.7763568394002547e-18,1.9477467411763476,0.2388268661573425,0.2701911043255815,0.0136362599999999,1762.0357173179905,55.01437379632761,5341.2181718022985,838.9073133285289,0.0,0.0,0.0,0.0,5388.067665801009,895.5897140011547,0.0,0.0,0.0,0.0,165.02765381621597,1249.6999221993187,0.0,0.0,1790.4326195366914,921.6407296975748,6153.215509731559,491.2356564302386,0.0,385.72355216219097,262.55486704945434,0.0,6120.987227362565,697.7630695812735,0.0,471.72040098732367,310.05438523846,0.0,609.349889443011,2357.767282552749,0.0,0.0
225,0.6762252836271306,0.2343665777142841,0.2226429360000011,1.7763568394002547e-18,1.8735689068845056,0.2219304565362523,0.3072530136642565,0.0132498504436193,1789.7612801813511,46.52221116406212,5434.782254450785,874.2645030903086,0.0,0.0,0.0,0.0,5436.8248402136505,919.9862179499864,0.0,0.0,0.0,0.0,143.34065356402334,1184.3213161102783,0.0,0.0,1733.778743697692,878.7015502820387,6210.65365827874,523.8451027302888,0.0,354.99618847457134,218.506294305062,0.0,6169.984110302851,750.9679976938501,0.0,447.84004741619736,277.4076454397645,0.0,623.9833769525936,2351.901861573107,0.0,0.0
226,0.6548904975234373,0.1948531359468422,0.2090481937004322,1.7763568394002547e-18,1.7294359348399002,0.1844745871096353,0.3526454589241539,0.0112351909634551,1751.7675916594137,37.45390480306944,5336.7161002165885,859.9983105511005,0.0,0.0,0.0,0.0,5331.76394467786,914.3650157459464,0.0,0.0,0.0,0.0,140.6904785527715,1147.5916162432031,0.0,0.0,1687.637948988402,847.546151120036,6243.08368893044,544.3837214757295,0.0,329.51675581282694,188.5229793224475,0.0,6188.220926789803,793.7934282973298,0.0,434.9448677321916,259.85193281503655,0.0,633.9725089112208,2358.1387624915974,0.0,0.0
227,0.5985525581294378,0.1531973804866429,0.1734939177009973,1.7763568394002547e-18,1.5138517383723644,0.1460834288970106,0.3881716963678409,0.0090379862790697,1199.4312205449612,24.03234183550039,3661.162937352112,589.0547891732256,0.0,0.0,0.0,0.0,3659.8075875336176,636.4751743565342,0.0,0.0,0.0,0.0,100.85434014968078,790.0597305740349,0.0,0.0,1690.3794797239989,852.50597766717,6214.589457268517,544.5518445364181,0.0,329.107206010965,192.03408168845556,0.0,6192.080407327346,785.6442607911337,0.0,436.2099634390034,267.0103411733229,0.0,632.5944041086008,2360.594404108601,0.0,0.0
228,0.5314521185615263,0.1024041529435199,0.1354005249966779,1.7763568394002547e-18,1.2474358611812215,0.1049711419971164,0.4109074962379487,0.006704872026578,639.5616597045808,12.790080517485364,1952.2857885918493,314.1132692848742,0.0,0.0,0.0,0.0,1951.5603072361168,339.37469463519767,0.0,0.0,0.0,0.0,53.76968358004371,421.2929899750362,0.0,0.0,1706.272490061059,869.7723036804625,6224.590146624832,545.7726764416556,0.0,340.86338220827747,203.272490061059,0.0,6197.318402086159,777.0,0.0,442.090705766622,271.0,0.0,632.4091078527815,2360.4091078527817,0.0,0.0
229,0.4651278927699999,0.050692669035777,0.0965674547641197,1.7763568394002547e-18,0.9247694425852296,0.0665495614883721,0.4296619424865832,0.0043264545847176,561.0232581845892,13.519887134254873,1680.6179225073893,269.07891111334743,0.0,0.0,0.0,0.0,1690.1498159846956,286.0076704201942,0.0,0.0,0.0,0.0,50.28581567832679,375.6106479080593,0.0,0.0,1723.548377616528,887.2561803022279,6250.758762801126,551.4448023508281,0.0,355.1176911692644,217.0863222011289,0.0,6198.303607375675,781.3772384194593,0.0,451.3458694513238,278.7943259170189,0.0,628.5250005612671,2361.996593073381,0.0,0.0
230,0.3973969413209328,0.0254216787906966,0.0606930946445183,1.7763568394002547e-18,0.648265814381398,0.0334716436943521,0.4407448999495024,0.0021292499003322,1796.2416508308722,47.0,5340.822125295143,851.0,0.0,0.0,0.0,0.0,5376.0,897.0,0.0,0.0,0.0,0.0,163.4422542762738,1217.3199895423668,0.0,0.0,1760.9927048984148,906.0,6281.009947865798,575.058003474643,0.0,376.0,231.71840477942857,0.0,6221.1475137181615,791.5547373521391,0.0,455.2811004242059,291.7624125127907,0.0,614.2162966443433,2353.2083383517047,0.0,0.0
231,0.3190997573070181,0.0164862424584707,0.0251947106195039,1.7763568394002547e-18,0.412908175159666,0.0085669865428962,0.4410824628157136,0.000266489349228,1796.6855936407449,47.0,5364.279682037245,851.0,0.0,0.0,0.0,0.0,5376.0,897.0,0.0,0.0,0.0,0.0,158.39558867995507,1227.8944162808348,0.0,0.0,1756.9169399036125,906.0,6286.567809222347,583.5457526221223,0.0,376.0,220.9169399036122,0.0,6221.825434659367,791.4847491259592,0.0,448.855936407449,285.1135618444694,0.0,612.4542473778777,2347.0,0.0,0.0
232,0.2679017391221744,0.0069959935851553,0.0379045024938259,1.7763568394002547e-18,0.2431200708431044,0.0042898001860465,0.4192312229531761,2.1316282072802932e-17,1794.4060783003565,37.00415420187787,5409.255446966882,865.8273514180413,0.0,0.0,0.0,0.0,5388.727426475633,911.9885136169931,0.0,0.0,0.0,0.0,155.0,1236.0544148253884,0.0,0.0,1756.8666147034212,890.9701737451849,6316.282485513008,587.5143323516173,0.0,366.0721809648061,215.67556040011172,0.0,6271.058090334938,818.1130045577519,0.0,462.1926268305493,285.24911358060234,0.0,631.9435132499469,2355.8572002450787,0.0,0.0
233,0.2592628571789306,0.006599674490744,0.1208036020408166,1.7763568394002547e-18,0.1983945117551044,0.0020987732093023,0.3913081220673947,2.1316282072802932e-17,1789.8985243124127,39.65187737872959,5404.8985243124125,865.5900803382285,0.0,0.0,0.0,0.0,5379.797048624825,915.0343171250582,0.0,0.0,0.0,0.0,155.0,1239.034317125058,0.0,0.0,1737.8706342456298,879.0978520071096,6343.801606764569,605.1206427058275,0.0,360.74530232307706,211.91621564306536,0.0,6296.853221989335,844.8210528571676,0.0,453.2962452425408,279.5938350956876,0.0,635.1876701913752,2355.611936577681,0.0,0.0
234,0.3007038466922195,0.0402851551224479,0.2358628185049837,1.7763568394002547e-18,0.4193823761397746,0.0002471083056478,0.373122303983863,2.1316282072802932e-17,1785.5923802951104,42.26192410278991,5400.592380295109,865.2654962967142,0.0,0.2439236189030769,0.0,0.0,5371.18476059022,917.9091451969082,0.0,0.0,0.0,0.0,155.0,1241.9091451969084,0.0,0.0,1705.0278433589665,865.7517894820536,6337.639222819803,602.6581283641102,0.0,340.0789188017367,197.98661478191408,0.0,6312.640240988952,868.6278739400135,0.0,449.4787126031129,284.4161674166231,0.0,645.3567706138878,2378.0680381358875,0.0,0.0
235,0.5179343151342096,0.115057900995423,0.3713897805847175,1.7763568394002547e-18,0.9567038012416494,1.953992523340273e-17,0.3719822188621569,2.1316282072802932e-17,1692.963467134089,54.31687985836261,4982.213180112624,784.4575663499775,0.0,1.7801381930553777,0.0,0.0,4938.497346843904,826.2312951149031,0.0,0.0,0.0,0.0,142.6748883847324,1151.6945396789172,0.0,0.0,1674.286225882464,839.7727690647548,6334.210262742964,601.3258355841793,0.0,326.2140316694833,192.8056333129229,0.0,6316.457158660615,874.5096878911895,0.0,454.8422664876106,289.8422664876106,0.0,660.5231763569786,2399.032864248168,0.0,0.0
236,0.9385501851861938,0.2035348744186036,0.4944830764186041,1.7763568394002547e-18,1.5507347795542408,0.000145417865954,0.3652315730119891,2.1316282072802932e-17,1005.5234892644438,42.02749767868147,2860.648431256001,442.68742752522814,0.0,0.928514425380743,0.0,0.0,2862.10592965705,460.04210752957584,0.0,0.0,0.0,0.0,74.1218393835153,663.0644610516795,0.0,0.0,1649.1213814560815,819.8710943232952,6330.200407365198,600.2918018931191,0.0,316.3904737935612,190.18752080522123,0.0,6315.189826192843,877.8423251480218,0.0,459.46037651873,294.46037651873,0.0,672.9016075179571,2414.622971603214,0.0,0.0
237,1.4495716471316042,0.2904114810791229,0.6126029057541519,1.7763568394002547e-18,2.128839767785206,0.00485567820598,0.3578169450498346,0.0044393595462743,576.7143227637788,18.560359439094363,1705.5744526947703,266.2060332528633,0.0,0.3962245615790231,0.0,0.0,1705.2299240773405,279.15000561319806,0.0,0.0,0.0,0.0,45.107955170519055,389.11019611219,0.0,0.0,1648.1727876396562,825.6898543848748,6321.654551207366,600.1469717766107,0.0,323.58244743936035,197.86808679840152,0.0,6293.351378419825,870.3045692477888,0.0,460.7797387817067,295.9548588015673,0.0,673.0365789241083,2408.055766893,0.0,0.0
238,1.927596745100948,0.3794472220986443,0.699314371826219,1.7763568394002547e-18,2.6468958216233065,0.0111618821661129,0.3527964646123184,0.017102365833887,491.34930651306615,9.322193485574113,1525.567166113237,241.0847193553563,0.0,0.3623481467581525,0.0,0.0,1520.0608725153452,256.40698599700306,0.0,0.0,0.0,0.0,42.94162553337304,342.8299136268822,0.0,0.0,1651.3866760763326,830.7887373642601,6313.900700149848,599.0284139273933,0.0,328.42303994756696,202.46278966677272,0.0,6282.258962298787,864.6530736428732,0.0,461.18284870834657,296.7790944964333,0.0,671.2589622987869,2403.8171512916533,0.0,0.0
239,2.517198537180649,0.4885618980872078,0.737445509598213,1.7763568394002547e-18,3.208490972151576,0.0185430072558139,0.3438666515780728,0.0325857604186046,1281.2918817092311,16.24366328863742,4058.4074391324975,645.513360089521,0.0,2.493071871108576,0.0,0.0,4046.099011417804,696.2783255503023,0.0,0.0,0.0,0.0,122.06118552356224,912.717483360138,0.0,0.0,1679.1886454941523,845.4423349778211,6255.676630715341,582.8576608020488,0.0,340.07691889741886,214.4616643216092,0.0,6267.973023047587,837.2306922898958,0.0,462.7000042201301,303.1807825460705,0.0,656.9730230475869,2402.2999957798697,0.0,0.0
240,3.172410312431503,0.5851104755129947,0.7485067079999986,1.7763568394002547e-18,3.587083551531753,0.0267840692491695,0.3275661885354694,0.0498730456345515,1710.0,20.0,5433.0,865.0,0.0,4.441115634665112,0.0,0.0,5417.0,935.0,0.0,0.0,0.0,0.0,165.0,1222.0,0.0,0.0,1704.7227559264563,858.8760621184657,6202.23691640893,568.0298607917575,0.0,350.7526167182139,225.4937816010073,0.0,6254.865102764327,812.0831177356387,0.0,464.0940770897768,309.05276446259865,0.0,643.8651027643276,2400.905922910223,0.0,0.0
241,3.5766527546312283,0.6341108008305637,0.7485067079999986,1.7763568394002547e-18,3.67561473463787,0.0330186118006645,0.294609843720931,0.0629512527109635,1742.0614877286412,30.610689140963515,5411.319781106572,854.5613760883493,0.0,6.832391375877531,0.0,0.0,5392.910867896191,920.948006272778,0.0,0.0,0.0,0.0,160.58365911430167,1228.825254096079,0.0,0.0,1723.7206522931292,881.7652183450338,6110.939126619865,494.3358651542189,0.0,352.2644923562359,242.17681223002248,0.0,6163.982240694174,745.6746342636292,0.0,481.63297216691575,322.75036299439887,0.0,651.0594214025393,2417.7800736956688,0.0,0.0
242,3.833644802865857,0.6677849450552799,0.7199786347499583,1.7763568394002547e-18,3.660114021466802,0.0398809714867383,0.2652338889117153,0.0775327019800665,1785.2524813939408,44.921773358110826,5382.151712279536,840.5393869863271,0.0,8.247931951446743,0.0,0.0,5360.52510639723,902.043978894246,0.0,0.0,0.0,0.0,154.654819813325,1238.0054950077013,0.0,0.0,1729.834810333141,892.7648639675043,6065.84895579098,458.7419044279101,0.0,353.7144555469632,249.87161319608276,0.0,6107.950369245447,720.7419044279101,0.0,495.2416083202315,330.81383373992975,0.0,663.8058017221902,2441.870291231828,0.0,0.0
243,4.008168177669104,0.6974194453687709,0.630460160005316,1.7763568394002547e-18,3.5935552739109613,0.0431401680000001,0.2439980357740857,0.0897984444039868,1835.6612333174169,61.61994844968975,5348.166216052814,824.1769950742134,0.0,9.912587683039236,0.0,0.0,5322.738264750041,880.0350681200528,0.0,0.0,0.0,0.0,147.7379844422589,1248.6855224160704,0.0,0.0,1733.6069766633884,899.2497673287436,6142.593909372416,490.90655597009606,0.0,351.51353263348443,249.86549272713015,0.0,6145.200886035805,754.8131119401921,0.0,498.2585160637418,319.51353263348443,0.0,666.4864673665155,2465.606976663388,0.0,0.0
244,4.124113309310832,0.6900569613974759,0.5201040892425248,1.7763568394002547e-18,3.3189858844911613,0.0431401680000001,0.2240340404435877,0.09049518,1870.0980939018607,74.17712682232866,5324.509530490696,812.8038121962786,0.0,10.901906098139277,0.0,0.0,5295.136215864646,864.8038121962786,0.0,0.0,0.0,0.0,142.01906098139278,1255.0190609813928,0.0,0.0,1724.12377990764,885.9573942287732,6163.834233470077,496.1714898627615,0.0,347.37475798001657,241.120980799488,0.0,6156.958013377717,765.422467935138,0.0,498.9972008918477,315.3747579800166,0.0,670.6252420199834,2456.1237799076403,0.0,0.0
245,4.0464924649748495,0.6343770453210736,0.3883072270365446,1.7763568394002547e-18,2.7886366890149508,0.0431401680000001,0.1902406093718558,0.09049518,1869.0530758810544,81.32755813883203,5325.197982848739,813.8553408020628,0.0,8.831401811458132,0.0,0.0,5286.842540920391,865.8553408020628,0.0,0.0,0.0,0.0,134.8419439234104,1246.612132486244,0.0,0.0,1711.2153813383886,872.270239582169,6179.22803712147,499.0564348966791,0.0,340.7077450124716,229.9542564848218,0.0,6164.362664208523,771.5425928354668,0.0,491.9935493710286,308.7077450124716,0.0,669.2301577883272,2439.1160098811674,0.0,0.0
246,3.7205852026327952,0.5496267241758834,0.2552669982059804,1.7763568394002547e-18,2.14859458830487,0.0470025192698848,0.1903607554027753,0.09049518,1856.086640291044,73.93866109897115,5355.853674052723,831.9403143437678,0.0,0.354179360878628,0.0,0.0,5321.318131814145,883.9403143437678,0.0,0.0,0.0,0.0,131.8331923555942,1234.3474793698265,0.0,0.0,1693.1744251227997,867.9729514743589,6155.7452968054295,488.4375693487245,0.0,327.2820112098832,213.4153135437879,0.0,6145.644559981209,749.3466058346772,0.0,443.3076828297542,290.9263833223275,0.0,638.0077167680151,2386.592358597277,0.0,0.0
247,3.2796997456872097,0.4567520548343261,0.1260499156281578,1.7763568394002547e-18,1.5612281925350724,0.0785483171162791,0.2161217478139532,0.0850163381631041,1839.3530269253947,61.58878049758604,5395.908108552751,855.2611354781454,0.0,0.0,0.0,0.0,5369.747752722877,907.2611354781454,0.0,0.0,0.0,0.0,130.47101173896465,1221.3081287342447,0.0,0.0,1719.0389248765405,877.3078558387789,6185.69285279593,501.9617837581684,0.0,340.0194624382702,216.71160659949123,0.0,6167.327318277048,759.1924984785754,0.0,432.6344654811193,281.6344654811193,0.0,644.4232131989824,2362.6150030428494,0.0,0.0
248,2.868286294840233,0.3594607020108731,0.0501363470223499,1.7763568394002547e-18,1.1044163513367584,0.1134052649483539,0.2440213987411652,0.0708373024385382,1824.1521004352296,51.18259088208533,5426.611558547885,872.9390450721036,0.0,0.0,0.0,0.0,5407.154275539591,924.531160180418,0.0,0.0,0.0,0.0,128.2962431777811,1209.2616878689948,0.0,0.0,1717.877918113024,875.5325481860997,6194.042739136083,506.4745750032474,0.0,340.09358912958766,215.38860289704465,0.0,6176.1505746443645,764.985259787268,0.0,432.4532054352061,279.43895905651203,0.0,646.9135340597594,2362.4603286245533,0.0,0.0
249,2.454117375454372,0.2650018702841498,0.0536341309517299,1.7763568394002547e-18,0.8677466405229645,0.1584564890044946,0.2831452727230795,0.0565565016079734,1775.5988993417895,25.618559863413648,5471.918352500505,896.2512497420308,0.0,0.0,0.0,0.0,5466.052702183834,942.8011460463972,0.0,0.0,0.0,0.0,112.07441721725964,1168.2367481710555,0.0,0.0,1679.4808529811132,845.5485405444156,6266.85633338712,548.6368579561231,0.0,329.0947327070983,195.83508036817477,0.0,6263.090035943633,825.735027727072,0.0,438.6781302254368,261.2646569550073,0.0,670.8161623724262,2381.9304354597784,0.0,0.0
250,1.9745754869855223,0.18443483220109,0.1031916047441863,1.7763568394002547e-18,0.8710251817366027,0.2200035240090262,0.3360199876507236,0.0409227828039867,1754.5711480478349,15.266736437688408,5493.263241341655,904.951922693676,0.0,0.0,0.0,0.0,5495.761841865799,948.7439250323332,0.0,0.0,0.0,0.0,95.18479458759404,1141.1284117194864,0.0,0.0,1654.3113552101606,825.0132664341018,6300.269622824386,571.9420691863463,0.0,323.0579308136536,188.81893446508695,0.0,6313.291874805223,862.7427687551808,0.0,455.5431331851762,265.23961475332834,0.0,693.1512300187835,2416.3485621092195,0.0,0.0
251,1.656222670411784,0.1378409755280592,0.1558627400930237,1.7763568394002547e-18,1.0698644254161815,0.2812421996013286,0.3997935223363557,0.0273936030697674,1762.39299830119,19.17614478990952,5496.821261641124,904.6336215076632,0.0,0.0,0.0,0.0,5501.879688396763,949.0,0.0,0.0,0.0,0.0,85.60700169881018,1135.1203116032366,0.0,0.0,1659.6867756104712,818.4832320036173,6291.522040649215,569.842437767349,0.0,325.15756223265106,202.27441574393137,0.0,6305.881246412947,862.6796028818658,0.0,473.1575622326511,285.4779593507852,0.0,699.1628348854831,2434.320397118134,0.0,0.0
252,1.4789031858587276,0.10849537267774,0.2132157541395356,1.7763568394002547e-18,1.3995667282792883,0.3464942939500025,0.4422035537214741,0.0126618295813953,1767.78011169241,21.624089353928024,5517.509066212696,912.6906671372402,0.0,0.0,0.0,0.0,5506.543791507502,955.2390319991132,0.0,0.0,0.0,0.0,89.3384735370629,1131.4160595692854,0.0,0.0,1667.6313745225038,825.8914117533072,6278.281042462493,563.4844988927648,0.0,331.5155011072352,214.9789947683097,0.0,6278.874129601952,855.7965435697288,0.0,479.5155011072352,298.7189575375064,0.0,699.687955323036,2441.2034564302708,0.0,0.0
253,1.402884793490421,0.0763079476797844,0.3085262671625361,1.7763568394002547e-18,1.7751430172070028,0.393968890166113,0.4680554292197795,0.0005328985652951,1781.4849540681937,26.411860499335948,5531.855500992494,916.9544587547492,0.0,0.0,0.0,0.0,5510.52375035829,958.3792513507844,0.0,0.0,0.0,0.0,101.0969982909249,1140.398928402637,0.0,0.0,1697.9100289958665,850.6470543560811,6248.733568831677,560.8096884061208,0.0,345.9307934826312,228.0726630459062,0.0,6269.262974639786,841.8788949234896,0.0,488.2629746397854,311.2629746397854,0.0,695.1418695632751,2434.878894923489,0.0,0.0
254,1.396763416566906,0.0574001223532896,0.4298836814106182,1.7763568394002547e-18,2.070585810232844,0.4270565520890651,0.4962771090057252,1.2434497875801712e-17,1814.4535960940657,42.89497249926846,5512.953737757945,905.4223640361786,0.0,0.0,0.0,0.0,5494.272529310705,948.8424638456366,0.0,0.0,0.0,0.0,107.02525878060165,1167.9159759607212,0.0,0.0,1740.5552272547166,885.5552272547164,6241.59552131622,545.0919437360665,0.0,363.0073785249376,245.89895978085943,0.0,6232.358266211386,805.2988257620805,0.0,490.6312371546211,301.328339861831,0.0,679.415258645533,2410.83961377414,0.0,0.0
255,1.4016083116374,0.0444531367973415,0.5196435348340914,1.7763568394002547e-18,2.1968284241673386,0.4486493354315551,0.5285110920276628,1.2434497875801717e-17,1662.506016186254,54.3863221914779,4982.172912634934,815.3968913684166,0.0,0.0,0.0,0.0,4936.881871141595,853.4909138116927,0.0,0.0,0.0,0.0,106.10783152301792,1083.8269784176766,0.0,0.0,1751.7358435814888,896.7358435814889,6218.557457588124,530.7149211415664,0.0,366.1276153049903,238.39177172350145,0.0,6193.448877562948,781.910455254641,0.0,479.8425364465567,290.44065525177007,0.0,655.7339564213821,2385.380958754864,0.0,0.0
256,1.4274763467769,0.0348117785650388,0.5972055872292361,1.7763568394002547e-18,2.2934870933828315,0.4555967353378486,0.522078247000511,1.2434497875801717e-17,803.8618706275515,26.3014807118227,2408.867338885063,394.2389731559053,0.0,0.0,0.0,0.0,2386.949091917938,412.6679832712151,0.0,0.0,0.0,0.0,51.32710743943202,524.0383466687537,0.0,0.0,1766.341369314787,914.6482286593748,6192.975365275451,516.3619856068218,0.0,371.0701667013308,231.3742848622144,0.0,6149.847911692238,758.9170649291452,0.0,467.62132186525287,282.9164843650893,0.0,631.776901036757,2353.5442264317217,0.0,0.0
257,1.4704953354231023,0.0322204519734211,0.6725413994668747,1.7763568394002547e-18,2.342432900508113,0.4215437059933559,0.4967966965714286,1.2434497875801712e-17,359.7774977832857,11.79483707865259,1078.0781456810814,176.4112679126273,0.0,0.0,0.0,0.0,1068.2432265943562,184.67232382755563,0.0,0.0,0.0,0.0,22.93807779128665,234.5212565704544,0.0,0.0,1790.5612930601824,962.5168385233376,6147.231252931706,485.00314331034207,0.0,379.25639866869807,229.67130668492248,0.0,6072.579703984436,723.3767401000639,0.0,452.2590930412404,288.3601256727542,0.0,618.3524922386708,2310.4310735057343,0.0,0.0
258,1.4911747312636334,0.0291322441876092,0.737594986653898,1.7763568394002547e-18,2.291112252426815,0.3774943570881381,0.483430091491108,1.2434497875801712e-17,1479.5229090289629,49.05331681285965,4365.079822924818,712.2556507369223,0.0,6.176470588235294,0.0,0.0,4335.415252334925,744.5158797721456,0.0,0.0,0.0,0.0,93.58424819150858,930.0645162141656,0.0,0.0,1785.6337085186665,969.1745346372146,6100.355546780683,458.4777069629429,0.0,384.2404768942753,245.04012217952507,0.0,6004.652581334803,676.0013400335009,0.0,478.64039370606497,300.7698886589812,0.0,612.5215102354443,2339.827211231859,0.0,0.0
259,1.4586207243138496,0.0237644057541521,0.744344159828656,1.7763568394002547e-18,2.0525895607727445,0.3235957394950171,0.4914212730710399,1.2434497875801712e-17,1870.0,62.0,5507.955456776694,900.0,0.0,9.0,0.0,0.0,5472.961755505888,940.5123491345852,0.0,0.0,0.0,0.0,115.5123491345851,1170.0,0.0,0.0,1805.7420106204493,985.112353147132,6072.904368984488,435.6435632005955,0.0,390.6360938978264,255.3136081964432,0.0,5966.652440705536,655.8476346542484,0.0,499.3397146677843,314.51183269545515,0.0,607.8881536876488,2360.851678874109,0.0,0.0
260,1.4035949805569876,0.0192830966312286,0.6935436431162796,1.7763568394002547e-18,1.7660286429186822,0.2623303384333386,0.5206033017391309,1.2434497875801717e-17,1863.500152920385,61.96155022464502,5489.9104572199285,893.3844977535498,0.0,8.880546194035228,0.0,0.0,5457.675091698657,932.5623778766064,0.0,0.0,0.0,0.0,114.67788012305672,1163.9613973042597,0.0,0.0,1693.7024912483655,945.8781987461844,5583.984258526342,382.7935758149712,0.0,375.4539960737056,259.1862746923067,0.0,5472.438808607721,578.0551590095276,0.0,484.855991064274,319.7674450282531,0.0,564.7378181398383,2213.533127169004,0.0,0.0
261,1.3878870449959,0.0175737128137575,0.6396350523611497,1.7763568394002547e-18,1.4502046264115775,0.1894653511893692,0.5671356397006064,0.0034986659871018,1788.2780115123817,47.21589003715791,5406.053521736589,887.2775324285421,0.0,8.940003908214,0.0,0.0,5382.381228007901,921.9130832799486,0.0,0.0,0.0,0.0,121.47131870318492,1152.214099812055,0.0,0.0,1658.76451314552,949.1799606563004,5279.85264931694,304.6949084109073,0.0,370.2891912008899,272.855825280702,0.0,5149.913125673734,475.3062396887513,0.0,472.2579487365168,324.3621188329676,0.0,519.3541702110027,2129.5713113754077,0.0,0.0
262,1.422562186893105,0.0324987153066243,0.5944657052491693,1.7763568394002547e-18,1.0984503140566786,0.1139115345131912,0.6995493197693965,0.0166216836513582,1420.4592327406258,28.48025653299661,4365.6622637595765,722.4575054070134,0.0,7.928831631730124,0.0,0.0,4353.035327118163,754.1084259183268,0.0,0.0,0.0,0.0,110.68161276618582,935.1024908419836,0.0,0.0,1764.6358736231027,1022.5242487419516,5489.932353480921,273.5614580779513,0.0,393.51688386421256,300.40488212900453,0.0,5338.148615219541,441.6902897096814,0.0,496.2399717234442,347.5524778486053,0.0,526.3654147955135,2233.998384648393,0.0,0.0
263,1.4567313430707731,0.0940526071171559,0.5511905860675743,1.7763568394002547e-18,0.7721036240554164,0.0683608653687707,0.9235201708252988,0.0379241157442487,872.6898560670564,17.629348183514406,2681.1638798031418,443.6994682288779,0.0,4.867314496053181,0.0,0.0,2673.467207515987,463.3972325740141,0.0,0.0,0.0,0.0,68.06586817562251,575.7861891351235,0.0,0.0,1872.5632022658383,1111.0606754737246,5742.003343199036,251.30295599363797,0.0,416.9081352709685,328.2914405914961,0.0,5568.46069505782,411.4975279007671,0.0,515.8557612518678,369.68395087086304,0.0,529.6808669486053,2351.316670075877,0.0,0.0
264,1.4590747265430906,0.2009700583068676,0.5429072689028418,1.7763568394002547e-18,0.5424512952436126,0.0342691311180419,1.148846336057224,0.0706111983388704,889.3517581745934,20.62113371678996,2711.1124981126127,448.7317117715727,0.0,4.460773217591451,0.0,0.0,2704.9665753035365,473.5796777246284,0.0,0.0,0.0,0.0,71.04149012639154,613.0138089704311,0.0,0.0,1846.395548939406,1108.688524801207,5843.843001581392,290.1686439798109,0.0,401.24175840863296,308.3333721744471,0.0,5699.409148251346,441.8542740862591,0.0,504.9277749356428,349.36645506325664,0.0,537.3518715114392,2380.4935434687363,0.0,0.0
265,1.495517461711687,0.3545088273739702,0.6890069136885746,1.7763568394002547e-18,0.5692199986098541,0.0123762225179835,1.3417213707482307,0.1021072111295681,1350.1539097337268,34.167205925294354,4093.539880580134,677.6399824459262,0.0,6.202518284077797,0.0,0.0,4085.94660540129,720.3525597708916,0.0,0.0,0.0,0.0,109.68985638657097,958.162491952967,0.0,0.0,1778.1882668015348,1036.589983245383,5895.021778143929,334.0066684394622,0.0,373.19663758942175,267.3966798756924,0.0,5759.216713384926,494.0150392273489,0.0,491.8083989787338,324.7832161379559,0.0,565.8066966303094,2394.1966375894217,0.0,0.0
266,1.566236703806259,0.5432493152816924,0.9282781737681404,7.658912397290014e-07,0.7199696437601018,0.0016350766413709,1.5982242959412485,0.1362555197342192,1790.85197639877,46.16042494851549,5456.047631047311,882.7302771135578,0.0,6.63945437393374,0.0,0.0,5382.092004322533,925.6602089567097,0.0,0.0,0.0,0.0,162.7707602973415,1306.499328435763,0.0,0.0,1641.6287999914955,923.9502110354732,5560.335660384951,348.9788707855976,0.0,349.72975636662886,222.2137695696513,0.0,5448.728985092709,520.581137425583,0.0,462.8339733649511,288.34480594352635,0.0,546.695044240966,2239.662251717778,0.0,0.0
267,1.6312322550587408,0.7424678892469073,1.2236987312504397,0.0010913950166112,0.9189195882140432,9.059419880941263e-17,1.889556508767938,0.1665122843720929,1789.498829479602,44.8004682081592,5443.104447977512,872.4626687865075,0.0,5.680280924895519,0.0,0.0,5357.664541619144,911.28355838201,0.0,0.0,0.0,0.0,158.0227624281393,1304.0612641620298,0.0,0.0,1471.6343192571496,827.643921681134,4986.794396271898,313.62285231397004,0.0,313.62285231397004,198.72814682197009,0.0,4887.018304132588,467.9071778062008,0.0,415.06901468450536,258.2685861864795,0.0,490.5521048583561,2008.3003156764687,0.0,0.0
268,1.6884158428612344,0.9784770230332228,1.511367842433423,0.0032523571495016,1.1306423100613383,9.059419880941263e-17,2.140220305242016,0.1862145939077433,1799.5796792830797,36.30843343593584,5364.468150234513,824.5615845196056,0.0,1.0885739963328904,0.0,0.0,5265.964808108289,851.4915112123855,0.0,0.0,0.0,0.0,114.08180875946177,1271.0864684356357,0.0,0.0,397.000356781927,222.2385010156302,1350.9876993521614,86.78644514704435,0.0,84.4127365974078,53.50828831317723,0.0,1325.331288335128,129.29972696926666,0.0,111.89203544501729,69.69956316997308,0.0,133.70140467183032,543.1120492566638,0.0,0.0
269,1.7760302484148107,1.2211327213839591,1.7835017249302267,0.0053041797807309,1.3363431249852908,9.059419880941263e-17,2.34772162852112,0.19848176452112,1763.4996022222383,25.286446136134195,5332.293181936298,810.110367222318,0.0,2.163919657112805,0.0,0.0,5254.256908703458,835.4586454652583,0.0,0.0,0.0,0.0,117.25800119863018,1221.9989486635277,0.0,0.0,479.2011131532713,253.7116160589729,1707.4193623585272,133.95317548608674,0.0,98.6726051401673,63.57233899735885,0.0,1693.3704618325175,197.5132939179228,0.0,134.2659806236567,84.65766668277107,0.0,179.60848810459817,673.4426776216096,0.0,0.0
270,1.9536304834819684,1.464205890585904,2.0440271731715645,0.007443314013289,1.5442532578789805,9.059419880941263e-17,2.562640596269104,0.1995852599999999,1772.0557097030196,25.09370026440703,5334.752513195991,797.4234216339463,0.0,5.510462464404729,0.0,0.0,5231.822936687327,809.9062782914883,0.0,0.0,0.0,0.0,108.66758815121464,1211.248815075305,0.0,0.0,1533.649717440538,805.513066528785,5489.231631605975,436.5824965793078,0.0,313.89823838746867,203.1863538567925,0.0,5448.099151187693,644.7252671024835,0.0,429.8190670086014,271.4073426869612,0.0,580.1524563976029,2161.514425435435,0.0,0.0
271,2.1354548879458988,1.6747011734950146,2.1824289413080145,0.0095824482458471,1.679284110811589,9.059419880941263e-17,2.7792359585296644,0.1964189592985286,1798.3473577152731,37.52060518804621,5309.899655709063,781.8122090971689,0.0,9.10491924402542,0.0,0.0,5204.004752572645,789.5107257239715,0.0,0.0,0.0,0.0,108.1320636928268,1224.8396236101228,0.0,0.0,1698.511308568015,892.0760362761989,6139.65062539979,488.0596667497261,0.0,341.182771400762,226.8611009835756,0.0,6097.680587188776,731.8793998916395,0.0,487.8340617606208,311.5294168761381,0.0,654.113754879161,2420.15299607852,0.0,0.0
272,2.2632306508305686,1.892317124539952,2.239389814910996,0.0117434103787375,1.730320896186755,9.059419880941263e-17,2.916692828218921,0.1840482458031126,1809.630551926264,43.094826565057794,5297.462303001495,775.510702102673,0.0,10.521661701457028,0.0,0.0,5194.082930015963,781.8972201604458,0.0,0.0,0.0,0.0,108.59631422151276,1231.8001287480554,0.0,0.0,1691.3905590690483,902.3435498876472,6143.815906548993,489.3823793098189,0.0,339.3435498876473,227.6380212199164,0.0,6108.408987961485,735.7955060192576,0.0,495.8997735152668,319.4498867576333,0.0,658.9857098555174,2426.030649662942,0.0,0.0
273,2.3523227689712582,2.1046172670116974,2.2240006076706598,0.0131347017651306,1.7289072990819077,9.059419880941263e-17,2.950826373154705,0.1711049892029468,1850.8139444520336,63.36041428832075,5252.052679910366,752.4797820174867,0.0,15.521909587982371,0.0,0.0,5157.796550627994,754.2233129214101,0.0,0.0,0.0,0.0,110.23541060618668,1257.3115090017832,0.0,0.0,1703.9166681001393,907.4754811347468,6156.20942753124,498.3781513289404,0.0,343.3095621976735,234.17134376428945,0.0,6109.021860093011,731.984646016516,0.0,503.8501681155015,324.5026763173205,0.0,650.8712295381032,2434.813571845153,0.0,0.0
274,2.3920589970384456,2.241391091300899,2.108431054999049,0.0131403959999999,1.6660191261378794,9.059419880941263e-17,2.987303426850501,0.1482748677209299,1876.888185390002,73.57816738675275,5220.19339684992,733.6473060066264,0.0,17.046371065272776,0.0,0.0,5131.405376363482,740.183355155861,0.0,0.0,0.0,0.0,111.83651796558782,1277.235583024234,0.0,0.0,1723.4917671870214,930.3165313295236,6146.280354802257,486.7371639746866,0.0,355.7828559569375,250.2924540927658,0.0,6087.401748545369,711.5714435721729,0.0,515.1064842676088,339.75323788948515,0.0,645.643557072813,2444.7500413404223,0.0,0.0
275,2.392912508203247,2.2886704347461397,1.8455624267641184,0.0131403959999999,1.5115275726707098,0.0036311515708423,3.01672311614071,0.1230681731561459,1872.2032043027768,74.0,5197.1853839710775,723.5460499507765,0.0,19.48113406554392,4.705882352941177,0.0,5110.129831770465,735.8710752670767,0.0,0.0,0.0,0.0,116.4539500492235,1294.3890341639908,0.0,0.0,1745.4935722021314,962.0115099866714,6121.18601152955,462.8322354453229,0.0,372.1720219168103,270.59758020878536,0.0,6053.771733040248,682.8473419648233,0.0,526.6746074630574,359.3516388480398,0.0,642.9891508426329,2453.333278185592,0.0,0.0
276,2.3407768710885315,2.2939844261801827,1.5309299030971262,0.0131395400039085,1.3086943243314486,0.0203724324119602,2.9766951884205617,0.0990393615149499,1858.683055010132,71.28344349968681,5180.060633113414,723.549479307829,0.0,21.62985357468666,11.176470588235292,0.0,5105.122668082056,742.9567335148946,0.0,0.0,0.0,0.0,122.71615056815928,1304.042519983952,0.0,0.0,1761.418350549865,975.4105449093028,6086.261138864463,452.7864903876067,0.0,378.1278603069858,278.0094930018675,0.0,6039.2416446820525,671.0637464582966,0.0,524.0118651790467,360.04714234802407,0.0,640.8455099243288,2443.0847916941807,0.0,0.0
277,2.3124935550969155,2.273422174315401,1.2150734070790976,0.0120490009833886,1.1302825207727485,0.0376469503654485,2.8998098679341227,0.0801759371561461,1853.795950893871,59.37661497307072,5216.5377532852535,754.0425734164036,0.0,12.7685985082838,0.0,0.0,5173.720515683181,795.0425734164036,0.0,0.0,0.0,0.0,123.9889098227846,1274.5423690477237,0.0,0.0,1760.4827215241917,955.3976973125924,6103.287097620209,458.108991858488,0.0,372.3513609062114,261.14112350148906,0.0,6053.45058988119,681.254557239848,0.0,506.286688882849,342.7897625952775,0.0,639.4969262875716,2425.438401689066,0.0,0.0
278,2.304415965088938,2.1661230690552,0.909539048888833,0.0098880388504983,0.973757555360598,0.0550977389102991,2.8115090575461297,0.0692218318903655,1843.3050147296883,54.15250736484427,5273.830412670572,782.2780589666125,0.0,6.313635785090857,0.0,0.0,5227.386368457576,823.2780589666125,0.0,0.0,0.0,0.0,121.95940420916614,1253.5374589331116,0.0,0.0,1748.598745256911,930.0274294737349,6154.730408427904,469.4435747450033,0.0,360.29466946320576,235.2946694632057,0.0,6078.034484221609,695.1520378968527,0.0,484.12774103817327,317.7264862950843,0.0,630.6340105109508,2410.127741038173,0.0,0.0
279,2.2784006577311025,2.015291416889005,0.6263341259458941,0.0076834209169435,0.8310677277982289,0.0729010686378738,2.690556265320495,0.0587140092676114,1824.106992147212,45.62678272096895,5333.718291074321,814.8314750005514,0.0,0.7697197152615247,0.0,0.0,5287.840582957862,857.6654405339096,0.0,0.0,0.0,0.0,122.59385700129393,1234.4826155590604,0.0,0.0,1740.780433847772,932.1543638719792,6164.730553100508,478.6830218999894,0.0,345.9565425281132,220.95654252811315,0.0,6092.67879785196,696.1194887431316,0.0,463.0674015075963,288.84783535536826,0.0,608.5933780018742,2387.8169704621246,0.0,0.0
280,2.2251120449005444,1.8850634488564304,0.4241018027191625,0.0055879424850498,0.7481835218819567,0.0898230454086378,2.498464163929594,0.0577681560000001,1776.5135812498354,26.73523861388258,5388.79544137375,855.6840340840275,0.0,0.0,0.0,0.0,5359.328435792178,906.9091630942684,0.0,0.0,0.0,0.0,133.1114072897226,1227.3101798389832,0.0,0.0,1653.056971492508,892.9482831362754,5862.605640214386,452.2635131825966,0.0,323.0518203283697,204.30033437580408,0.0,5792.333217074535,655.5929824786346,0.0,427.6291502156872,261.37671641367047,0.0,566.3265148213118,2251.74756913719,0.0,0.0
281,2.1205477633120955,1.7651637852663624,0.3470552652827831,0.0034488082524916,0.7446772237498551,0.1043038666843852,2.2393064483720924,0.0577681560000001,1743.1710802159114,10.205423540925576,5430.884805640829,879.3569708560988,0.0,0.0,0.0,0.0,5416.694944489367,937.4752286774572,0.0,0.0,0.0,0.0,133.4430990830351,1221.480326410987,0.0,0.0,1075.952519398442,581.2738956012366,3816.0321681133832,294.37789773534604,0.0,210.23576162010767,132.93604375774007,0.0,3770.2522484906,426.6685592013245,0.0,278.24582621598864,170.0716924057984,0.0,368.5646650706264,1465.535194144302,0.0,0.0
282,2.024420662008989,1.7109567991190102,0.3298712568028145,0.0012223624186046,0.7897728744436222,0.121705701943326,1.9779678537385184,0.0778519562204417,1740.1609893711327,11.907139483141874,5436.50318855832,880.7953024540137,0.0,0.0,0.0,0.0,5422.40830599697,937.1822989110578,0.0,0.0,0.0,0.0,128.43817084354075,1214.927516073578,0.0,0.0,584.7154010971033,315.8759668863165,2073.7897068843063,159.99122737667994,0.0,114.27953724603434,72.26384859047418,0.0,2048.89185387359,231.91262934280505,0.0,151.20634211401605,92.4057761818262,0.0,200.262098839263,796.4120702887982,0.0,0.0
283,1.8854666352336664,1.6670829922214796,0.3316952023277966,2.4253222591379963e-06,0.8423815364341131,0.1929376347308968,1.7162483928859356,0.1748571318538205,1702.6846047165077,33.249194811561566,5483.853344025678,912.3118290417092,0.0,0.0,0.0,0.0,5466.5705600508,952.5971149542958,0.0,0.0,0.0,0.0,103.65093260055018,1159.278699103798,0.0,0.0,320.5319618122492,174.32103965063803,1127.6257890926447,86.85901374055713,0.0,63.54192204927658,41.08457250188152,0.0,1112.7107450456297,125.14323507032694,0.0,83.18881609724977,51.5990034555544,0.0,108.88339761256292,432.8465333510056,0.0,0.0
284,1.7368753529541572,1.6501080694455106,0.3317330160000004,1.7763568394002547e-18,0.8668547006711013,0.2620414724053153,1.4508991142102994,0.2686989820066442,1780.1914136483076,50.76860877387719,5456.301704877483,884.4402091333819,0.0,0.6506238089254676,0.0,0.0,5413.984369602763,908.666926707294,0.0,0.0,0.0,0.0,88.28447465642077,1161.134421544706,0.0,0.0,678.3964166763737,378.44774683837545,2314.002808013457,176.967314910732,0.0,142.0344709432987,98.97572564468246,0.0,2271.9697358841167,248.863683467536,0.0,178.7287877333627,116.44939579857324,0.0,223.11965062875703,886.7006633215491,0.0,0.0
285,1.6135910461440703,1.6550815041192948,0.3317330160000004,1.7763568394002547e-18,0.8867066144134745,0.3224215444756866,1.22231192988493,0.3525576566112957,1815.6365128677728,67.81435790781465,5192.293630246236,827.518969070759,0.0,3.2743725778862127,0.0,0.0,5109.763629093429,815.9553588981508,0.0,0.0,0.0,0.0,47.12604035844109,1093.9601563405415,0.0,0.0,1192.534549426464,671.1067215511645,4023.4647339625126,306.8615363275972,0.0,254.2948036838682,181.33158991954292,0.0,3943.120126031769,427.7063465456535,0.0,315.77847343670146,209.16071327377173,0.0,387.7528437488879,1540.7634226635655,0.0,0.0
286,1.4813108414962668,1.6413775759902354,0.3304804986459722,1.7763568394002547e-18,0.8696993162460592,0.3869014124414451,0.9530363864022012,0.4619489127290287,1221.900853497006,52.72594135265458,3408.378379091873,534.3620207697959,0.0,3.126711162134736,0.0,0.0,3332.969375088201,519.1497137192582,0.0,0.0,0.0,0.0,10.868059935404329,698.5827044122833,0.0,0.0,1692.4759805361932,957.5910754934316,5701.624851063726,441.8306564184337,0.0,364.5390355946659,258.2357455899839,0.0,5586.290074352912,606.2070772259922,0.0,449.9745446163829,295.9037038626079,0.0,549.2603388194152,2181.370100028525,0.0,0.0
287,1.3346508197236435,1.6314385860231824,0.2932810304809825,1.7763568394002547e-18,0.7942834711910008,0.4549189774485052,0.6833900384826094,0.5797144376611306,455.1254000451346,19.93574277619318,1275.551901859308,198.3643742444873,0.0,1.5064053167612088,0.0,0.0,1243.7424711273457,193.65759683362847,0.0,0.0,0.0,0.0,1.760187713192808,255.9662820027078,0.0,0.0,1826.5055657027465,1030.6978427385843,6225.915397232569,509.96758801948914,0.0,390.8317145254199,262.3585608031845,0.0,6112.155890903928,687.1806144759186,0.0,482.83984892503327,302.6537519977656,0.0,596.4662007180798,2365.647531004344,0.0,0.0
288,1.1744872352162183,1.5523993806931962,0.2392897988571436,1.7763568394002547e-18,0.6938822403303316,0.4988481605874301,0.4723658324325718,0.6623950948614837,1088.020003291445,39.30393861290003,3091.4384677031003,488.1314508894799,0.0,8.340152534328341,0.0325657078242643,0.0,3005.651164958191,478.6456245497979,0.0,0.0,0.0,0.0,8.011689007485181,606.0603402681907,0.0,0.0,1788.0526655217525,974.328335832028,6309.514615629368,570.0926780314535,0.0,353.14030122599013,202.97355473275692,0.0,6201.86827008968,758.4177505783367,0.0,425.3038610541119,224.1286268333673,0.0,576.9958501681532,2283.099965035874,0.0,0.0
289,1.0112527110509637,1.4678901169563054,0.1830825436544854,1.7763568394002547e-18,0.570174829292299,0.4911376418073094,0.2838544918442925,0.6749262780184309,1997.035823922961,96.17356336253796,5380.530344609357,811.6818261482346,0.0,21.166692312887587,11.982324200467025,0.0,5275.093811954204,819.743665595088,0.0,0.0,0.0,0.0,74.03582392296096,1165.9891952501173,0.0,0.0,1758.6779747326243,932.8828563851556,6375.5046288580015,606.1900066493093,0.0,323.83227141259493,156.10116994512163,0.0,6253.5046288580015,786.7378174211906,0.0,372.6206738063463,153.49537114199734,0.0,557.6057988031242,2199.6563837756853,0.0,0.0
290,0.8958673234426431,1.4166963363939753,0.125773185408638,1.7763568394002547e-18,0.4331742702458503,0.4775170320000007,0.1503539691709983,0.6817438096744195,2003.8653025593428,102.94470919554696,5375.89398643579,806.1400009019195,0.0,26.90837875538317,19.47761678157848,0.0,5275.3156397201765,818.8168197190869,0.0,0.0,0.0,0.0,81.4049757323382,1175.404238397665,0.0,0.0,1738.2879019645234,908.1323854785836,6398.794423194254,611.5521737531079,0.0,311.2099846021741,131.84480175281897,0.0,6276.794423194254,800.7991492294426,0.0,361.9315347080263,130.20557680574507,0.0,556.639224947074,2186.561625823483,0.0,0.0
291,0.8520884693023263,1.3946668236022726,0.0745253939003323,1.7763568394002547e-18,0.3137440020313277,0.4680548627413393,0.0739242146938774,0.6879486992292361,1974.8682026342808,94.60358861238336,5408.813379410412,825.9835027497254,0.0,12.09360241302954,0.0,0.0,5311.7135791636965,838.3781973384972,0.0,0.0,0.0,0.0,70.32549661926505,1153.541149139004,0.0,0.0,1689.1889433885035,868.0509361846106,6456.7898524004295,635.8371706131389,0.0,289.99176736526204,102.10145327406693,0.0,6346.908444835908,848.534756381358,0.0,340.98713524643324,115.51197035465282,0.0,570.7689388311517,2190.326978574996,0.0,0.0
292,0.8697565571534288,1.3083496317372336,0.0271996230498341,1.7763568394002547e-18,0.2354931107831511,0.4606510664451835,0.0278919194324974,0.6811050347043183,1954.4489645069168,80.0737938029038,5428.329654084372,843.3296540843719,0.0,4.0,0.0,0.0,5330.806895774552,841.5510354930833,0.0,0.0,0.0,0.0,69.0,1144.119310422545,0.0,0.0,1679.381811369145,838.0416931036217,6500.253354429568,660.4576309919958,0.0,280.1141561562724,90.56312066318908,0.0,6406.397450875081,887.1515667704333,0.0,325.7105526203903,108.94828860253428,0.0,581.6461824870859,2192.8457717290603,0.0,0.0
293,0.9744156983894556,1.187522618591356,0.0003600075734651,1.7763568394002547e-18,0.1623167706185871,0.3918301677807311,0.0027871956922083,0.5820520822325566,1927.2025220265407,80.27078742973538,5422.000416033987,835.9168742792634,0.0,3.437121166377698,0.0,0.0,5327.970627390617,853.9656207075118,0.0,0.0,0.0,0.0,70.19611752144739,1143.2968803528704,0.0,0.0,1643.7354864949696,801.1730865562456,6546.86445184804,708.7895253429234,0.0,269.73811327346874,69.06711388328834,0.0,6447.963439397387,941.9811925127688,0.0,324.43855785107274,98.17475554494813,0.0,585.7989532320522,2188.496490436123,0.0,0.0
294,1.2538606359890567,1.100929488698841,0.0028546823615403,1.7763568394002547e-18,0.1210671127082312,0.3092543002243499,-3.979039320256548e-16,0.4607721495149504,1797.8301446644184,37.64592439015656,5442.736170303184,850.0775661526542,0.0,0.0789496343446312,0.0,0.0,5353.464790637848,873.9713811200643,0.0,0.0,0.0,0.0,77.33875046436967,1132.5222237383598,0.0,0.0,1571.5939382047586,715.8453258578354,6808.558156747329,863.6250981485009,0.0,247.80641673045184,43.51385386877987,0.0,6784.7991484686245,1133.1123116370422,0.0,312.7594764360336,64.93291903727489,0.0,615.6946589699547,2168.546153173334,0.0,0.0
295,1.6043225286073384,1.0271443685343846,0.0240831404176154,1.7763568394002547e-18,0.0986971427997491,0.2459707837475089,-3.979039320256548e-16,0.3551480000947211,1659.5909557499435,31.584109783065863,5114.381816105716,783.6949960670094,0.0,0.0,0.0,0.0,5030.334441141371,806.3587680252115,0.0,0.0,0.0,0.0,65.07152027078646,1067.4608711004591,0.0,0.0,1531.445692581671,692.0953521697911,6856.997604381735,894.8035007298809,0.0,234.3322002292429,33.332200229242844,0.0,6874.770705956119,1196.5988109109596,0.0,320.9350469857065,69.93920168900465,0.0,644.2690062999822,2193.0625573960283,0.0,0.0
296,1.987254202922793,0.9995737381259758,0.0583724017028575,1.7763568394002547e-18,0.110106749464987,0.1848828594522264,-3.9790393202565493e-16,0.2472647911008642,1034.5701250623893,18.61146602750822,3222.6619178048545,489.2169038404159,0.0,0.0,0.0,0.0,3169.9776652651994,504.8842648311898,0.0,0.0,0.0,0.0,39.77002427711238,673.7763742605842,0.0,0.0,1493.099427974705,675.9079346424414,6892.873773927771,912.0524636116892,0.0,217.3779147787094,17.213026982675245,0.0,6937.32878903531,1250.5943657417724,0.0,327.2023650760618,81.21950047234326,0.0,676.9069331070579,2221.836296647744,0.0,0.0
297,2.406821068449021,1.0726616250781964,0.1053661103130595,1.7763568394002547e-18,0.1940422722182506,0.1178405969501663,0.0022847538898539,0.1310110577940197,1135.2557718054504,9.251185850806776,3782.648036362336,558.9538266026125,0.0,0.0,0.0,0.0,3725.608483336376,593.1431002697992,0.0,0.0,0.0,0.0,51.84867270512805,793.9591516299062,0.0,0.0,1439.3539894820328,635.7010566547148,6919.220086586859,953.9496834082744,0.0,197.69365038679368,7.004387431429235,0.0,7039.699143774798,1304.433855737431,0.0,322.60413224325407,76.83864576975948,0.0,702.3134118647636,2238.5886429507445,0.0,0.0
298,2.809336383250908,1.2626868949001833,0.1601480994921281,1.7763568394002547e-18,0.3427949983663187,0.067739978891232,0.0067621187840527,0.0381841960534448,1396.5720306349476,2.085213364282579,5021.726247383542,737.2002183427525,0.0,0.0,0.0,0.0,4958.323523608165,797.4428409564385,0.0,0.0,0.0,0.0,87.36791396159629,1060.9502168126717,0.0,0.0,1424.1958842914896,619.1320533655932,6961.012293233704,968.1905889357768,0.0,193.68912583303407,14.582204382221349,0.0,7062.1835150354855,1309.2621914321471,0.0,316.3425083387634,61.81786394590108,0.0,699.983009281999,2225.6017095830803,0.0,0.0
299,3.225152040647444,1.4712876457283672,0.2164347516677743,1.7763568394002547e-18,0.5132624839534915,0.0697141951893687,0.0111507622923584,0.0244227022803984,1390.690548176661,0.0,5396.209394365661,799.8843194828519,0.0,0.0,0.0,0.0,5352.127219851286,884.6558769496708,0.0,0.0,0.0,0.0,124.03186727879918,1149.0198811858484,0.0,0.0,1457.536085454034,648.745466750803,6967.064073090821,961.4991921148752,0.0,209.6695746422928,26.505316385455817,0.0,7045.596645131545,1291.2895045177322,0.0,326.12583224170083,65.17783751107008,0.0,675.6528803586266,2206.839938268725,0.0,0.0
300,3.540091806045563,1.6380902541186455,0.2692219690849551,1.7763568394002547e-18,0.6818640494380662,0.0768302279800665,0.0153565456544846,0.0184441639335546,1363.526603647406,0.0,5401.227716665196,800.6276598508789,0.0,0.0,0.0,0.0,5369.924196891643,900.8136711167602,0.0,0.0,0.0,0.0,133.35162948525553,1152.497081915388,0.0,0.0,1478.0,663.1298058036003,6980.021539610072,967.0477120114872,0.0,222.02617240141467,32.0,0.0,7048.731122810115,1285.8178493935702,0.0,331.91790620788686,61.95228798851282,0.0,668.2165323870557,2199.4463950049726,0.0,0.0
301,3.85961229321856,1.8098399843201156,0.3093710675510209,1.7763568394002547e-18,0.9024314276618444,0.0774970624905078,0.01983661923588,0.0119056781661127,1363.5125693728094,0.0,5401.233325833197,800.6302259884669,0.0,0.0,0.0,0.0,5369.941137941561,900.826433677154,0.0,0.0,0.0,0.0,133.35896455110446,1152.5006699661749,0.0,0.0,1478.0,663.1273986302876,6980.016066697163,967.0450777463526,0.0,222.02901104918905,32.0,0.0,7048.719314035373,1285.8145792713342,0.0,331.9176791160649,61.95492225364743,0.0,668.2226638662484,2199.4531623412668,0.0,0.0
302,4.103838599418785,1.9493135800874213,0.3367391412568638,1.7763568394002547e-18,1.156242637707994,0.073998215064172,0.0250000773393945,0.00613253450883,1347.1851630167448,0.0,5407.928360035429,803.7359828617593,0.0,0.0,0.0,0.0,5390.080060297782,915.9244040221436,0.0,0.0,0.0,0.0,142.03354755596217,1156.772362693659,0.0,0.0,1478.0,660.2616992825432,6973.501102429406,963.9108154572812,0.0,225.40971302787443,32.0,0.0,7034.659380237978,1281.9188746617078,0.0,331.649116174738,65.08918454271875,0.0,675.5211937062729,2207.5131345018463,0.0,0.0
303,4.218270181872946,1.9626436307535375,0.350463001873755,1.7763568394002547e-18,1.3490091066586225,0.073883736,0.027755759623296,0.0038227654883719,1319.5823270864892,0.0,5425.433250293268,813.7722743269143,0.0,0.0,0.0,0.0,5441.161921161055,952.0122948413496,0.0,0.0,0.0,0.0,163.83758059855188,1170.483821807672,0.0,0.0,1487.5420574518569,662.2239888701281,6937.809862235711,941.050776658758,0.0,238.24091442304743,37.51318874996165,0.0,6977.689405024187,1256.626685216453,0.0,336.40716588938545,78.61921161053783,0.0,694.4240914423048,2232.3469372836234,0.0,0.0
304,4.225924159919321,1.921636719058372,0.35125117930992,1.7763568394002547e-18,1.4531411602268658,0.0737925412681537,0.0361079951390598,0.0019113827441858,1328.8125185265376,0.0,5425.737238634107,815.4303925496774,0.0,0.0,0.0,0.0,5441.894256709442,951.376682855957,0.0,0.0,0.0,0.0,164.92917509520436,1174.242223112602,0.0,0.0,1499.977944122581,674.2453459851615,6912.799912375699,921.56788754129,0.0,243.76797516559157,44.698367715269,0.0,6949.915924792903,1236.5910900247306,0.0,343.4541683361292,85.94256709440879,0.0,694.976797516559,2238.012174544732,0.0,0.0
305,4.139668885498855,1.869650998486576,0.3329206248530542,1.7763568394002547e-18,1.54353706695426,0.0662225548305647,0.0980253937674414,0.0002423562228467,1381.911947312199,0.0,5424.675314611429,823.5708098969961,0.0,0.0,0.0,0.0,5441.509479275176,946.5578320177392,0.0,0.0,0.0,0.0,172.8562493419211,1200.2031393974162,0.0,0.0,1582.928976228375,745.3821187979496,6749.316752695187,807.1852845005457,0.0,285.99335370099266,97.7429895435912,0.0,6744.014172299228,1104.424881813423,0.0,383.3124799348368,139.32962326274594,0.0,678.0185736977334,2263.022137937065,0.0,0.0
306,4.007769360117389,1.7721688499180437,0.296123931222591,1.7763568394002547e-18,1.6100469937253663,0.0564036605448504,0.2273375361993351,0.0011291019136211,1393.2555908276788,0.0,5413.110856685813,819.6740449884742,0.0,0.0,0.0,0.0,5422.726051635777,940.87273006943,0.0,0.0,0.0,0.0,181.55256748257355,1223.233455862256,0.0,0.0,1611.576712600305,776.4535218248612,6658.056213190411,753.9455238328511,0.0,300.1887498071694,123.70121829479292,0.0,6641.294733313811,1040.8590103567533,0.0,403.5006903897825,173.55378577736647,0.0,682.5373676891284,2295.1042464833804,0.0,0.0
307,3.749174369790703,1.5769986995941658,0.2476890576869414,1.7763568394002547e-18,1.5565865397700025,0.0671607426976744,0.3985522740276002,0.0104390903720928,1417.586341750638,0.0,5380.321021619574,804.584263227363,0.0,0.0,0.0,0.0,5384.826436470709,924.9163280860536,0.0,0.0,0.0,0.0,192.27550018205525,1258.189187737007,0.0,0.0,1641.2170618810271,810.8515924519294,6559.050359141896,694.6577246228082,0.0,314.0121019254174,150.59169257059173,0.0,6534.721507117592,972.7522226182824,0.0,426.39782489506985,209.9444504821219,0.0,691.8577923196422,2333.001321427472,0.0,0.0
308,3.5264870229368834,1.3702144565581325,0.1917347320913627,1.7763568394002547e-18,1.4710388495357172,0.083082548601329,0.5821677426478402,0.0208588239269101,1545.1299198103798,0.0,5172.889239546066,694.4662483183309,0.0,0.0,0.0,0.0,5196.764258113391,824.0239491955575,0.0,0.0,0.0,0.0,213.11540175445296,1376.8126021202822,0.0,0.0,1671.5886863708038,846.2130419528752,6457.48891222948,633.8235478849007,0.0,328.20262882397714,178.13481972571728,0.0,6425.475553150761,902.9434333899782,0.0,449.8799814393745,247.2964706757248,0.0,701.3755113623806,2371.960464212404,0.0,0.0
309,3.338036493696572,1.1532800274905812,0.1399629680132892,1.7763568394002547e-18,1.4736843479645647,0.1018967572225914,0.7772790838936863,0.0314869521528238,1567.361064591331,18.542456212981364,4838.426240452824,615.5107855532638,0.0,0.4390867580735872,32.238156024838155,0.0,4908.984317360208,735.9763808802787,0.0,0.0,34.441990846363645,0.0,225.3179159021413,1367.4865412179695,0.0,0.0,1703.293235215607,876.3898052356276,6362.956711092165,569.7425471348904,0.0,339.60219673966566,203.8060701769049,0.0,6318.509719819447,832.0793181688671,0.0,471.3182320307199,279.3028214223375,0.0,708.4030782418411,2406.86862027908,0.0,0.0
310,3.200008436772501,0.94417283027242,0.108136474723386,1.7763568394002547e-18,1.572276625163083,0.1206365199901778,0.9578197445798038,0.0419066857076411,1019.427636136258,24.263266013057223,2942.676549905953,361.7016977073242,0.0,0.6612959151978284,42.13521252512871,0.0,3016.4389503583584,433.544709098781,0.0,0.0,45.42785665613014,0.0,152.62508821217318,868.6705194040934,0.0,0.0,1744.1261562304385,911.1261562304384,6267.234411113936,513.7853402314131,0.0,357.1119893428789,222.203027852985,0.0,6222.153068544608,781.6943017213069,0.0,487.1877423178863,297.4255145109714,0.0,698.8806277147748,2417.209736094845,0.0,0.0
311,2.999822442367016,0.7366922660965364,0.0963628070947823,1.7763568394002547e-18,1.6429376215485672,0.1470104968903657,1.0761487571702135,0.0520138272558139,1133.1904725759298,18.8894599897699,3389.9803410685786,456.2544030261426,0.0,1.4223249551220394,32.238757252519214,0.0,3451.6880365469733,545.3864421242424,0.0,0.0,39.25294632886244,0.0,169.59883134953645,960.3551904881527,0.0,0.0,1752.5481445497026,923.2032522844802,6208.366302191232,498.3783167330915,0.0,358.845798853649,230.117626062406,0.0,6175.776215547361,754.6434519033431,0.0,482.9114592107709,298.3138544856687,0.0,681.2924772784073,2402.189844954015,0.0,0.0
312,2.798732502746927,0.5579946512503385,0.0983138806011337,1.7763568394002547e-18,1.7232513417736988,0.1747039247043194,1.1430353873081849,0.061345945097518,1524.977995488195,17.415359056807866,4677.957173383104,666.7238140327776,0.0,2.538404672088202,29.180175555319497,0.0,4741.171042227572,795.8077329587546,0.0,0.0,41.92934153531012,0.0,228.08031688272305,1287.0904183598886,0.0,0.0,1766.3226250044447,938.6687218318352,6189.829418511442,490.711843483694,0.0,365.32920917427725,240.3292091742773,0.0,6137.887358822525,731.5532157979757,0.0,483.8244846611687,309.59591877550724,0.0,674.9038718873292,2406.3077622592014,0.0,0.0
313,2.630295954281194,0.4674152795159356,0.1106351728759456,1.7763568394002547e-18,1.835476049907968,0.1853357683175236,1.1721875152781471,0.0635191198651304,1677.88547757408,13.724238281703729,5191.411974316635,751.1952336963501,0.0,2.4445902963345434,27.444590296334543,0.0,5252.884282398291,900.0289129611116,0.0,0.0,43.0,0.0,248.41567733522288,1409.9951018056222,0.0,0.0,1786.3993179876163,950.7956149690276,6181.226023845635,487.52270209972295,0.0,378.4127368619892,253.4127368619892,0.0,6118.145022926769,723.8839413920996,0.0,500.3776791729545,329.9844545555049,0.0,676.2022584608501,2423.507156655228,0.0,0.0
314,2.4377289990381783,0.4429090786347339,0.1332217291039932,1.7763568394002547e-18,1.9657636669717289,0.2328817831668029,1.168537707086314,0.0889516078668588,1668.5177494301192,8.708746399522655,5177.814676656176,749.7445248980994,0.0,1.6179558139623391,26.651588810419742,0.0,5235.326340951991,904.5099240817912,0.0,0.0,43.05834295303835,0.0,242.83725179130485,1394.6468694351868,0.0,0.0,1806.483894631836,963.6300277572068,6173.841551664845,485.0229311098789,0.0,390.7240132715363,266.46157192325546,0.0,6099.663260931407,716.7238907979563,0.0,515.8922883892596,349.0539119193824,0.0,676.6533014297027,2439.1789086125746,0.0,0.0
315,2.194523155497365,0.4341535620762101,0.1518572436654294,1.7763568394002547e-18,2.023624068816103,0.2986913407574751,1.0961417572014829,0.143144899295681,1673.1384325914917,15.83862096924531,5132.681439418224,726.7171824425013,0.0,4.722562395932917,34.241122158705345,0.0,5170.783592931982,874.5787498510098,0.0,0.0,50.83147236438973,0.0,239.82525196314663,1398.451345193109,0.0,0.0,1837.7687741853968,994.9131605669628,6180.401990578111,491.288772763132,0.0,398.5566089074888,286.5152083930872,0.0,6090.0,713.0,0.0,524.0,359.0,0.0,665.0414005144015,2440.2718745485904,0.0,0.0
316,1.9302774127692583,0.4421902788619686,0.1527261120000005,1.7763568394002547e-18,1.995471285675931,0.356197655555119,0.9752246846040457,0.1928259492648748,1657.7870140825814,11.954360160553197,5123.304265596312,725.8010506383712,0.0,0.0,23.580458081044924,0.0,5210.518428237757,875.1673460779716,0.0,0.0,27.580458081044924,0.0,243.35868879969263,1402.9695734403688,0.0,0.0,1849.2598024808915,1003.542424881506,6199.396721999233,507.7325908792009,0.0,395.6337045603996,287.5728514411371,0.0,6096.717377599386,716.694557679662,0.0,506.1989493616289,345.9011136811986,0.0,647.6260979204917,2415.198949361629,0.0,0.0
317,1.758166720543347,0.4509117199666457,0.1527261120000005,1.7763568394002547e-18,1.9980393530909584,0.3954515399999999,0.8161320609365007,0.235786626777409,1460.4915807885516,0.0,4743.445426638716,693.7793274056509,0.0,0.0,0.7217687392618001,0.0,4794.492910197575,837.839941242667,0.0,0.0,3.608843696309001,0.0,227.90843789738693,1271.7713746190511,0.0,0.0,1804.9591865335624,956.2537431808754,6227.129250429528,537.7986379939572,0.0,368.914968052017,244.6367367912788,0.0,6132.258500859056,745.4238070768414,0.0,457.08843696309,295.2374177943002,0.0,635.608843696309,2364.4190493986607,0.0,0.0
318,1.5601779490201304,0.4689554398475604,0.1527261120000005,1.7763568394002547e-18,1.9664001163689693,0.4325481171803796,0.6210821446222395,0.2805033457674424,931.9687602981631,0.0,3026.99124417991,442.7348180762969,0.0,0.0,0.0,0.0,3059.574459580817,534.648950384966,0.0,0.0,0.0,0.0,145.44920047493218,811.5652359776573,0.0,0.0,1707.3291159200835,866.1870181171068,6327.405684902332,603.9203464216155,0.0,296.2087398711401,156.36532170224393,0.0,6259.764770126952,832.8456765130953,0.0,385.0282856527987,194.15557629466383,0.0,628.5170275744781,2282.386473051974,0.0,0.0
319,1.3110454088642922,0.4852200350845544,0.1445402064454338,1.7763568394002547e-18,1.8343127874764649,0.4627723436058434,0.4174204008562648,0.3240555474403568,378.8630745200557,0.0,1230.5723243214177,179.952860846194,0.0,0.0,0.0,0.0,1243.8168513844698,217.36390312444155,0.0,0.0,0.0,0.0,59.13609931202265,329.9227173354892,0.0,0.0,1674.59012993581,828.0057923690042,6414.884743685265,641.3868808768201,0.0,267.1719958867488,107.6808001811152,0.0,6354.406444818352,877.1492381810989,0.0,355.1372918721325,137.37869578811376,0.0,618.4498245882057,2233.835932123701,0.0,0.0
320,1.0526856034933594,0.4566811685531506,0.1197528033887044,1.7763568394002547e-18,1.5947348837117952,0.4505913731237561,0.2314195366046507,0.3412970169244196,1214.1356091395803,0.0,5054.730374938605,852.2968501572371,0.0,0.0,0.0,0.0,5111.724074906148,1040.623927132081,0.0,0.0,0.0,0.0,219.66099555883812,1158.204519859222,0.0,0.0,1588.719330812215,754.5918237837558,6604.756837197098,725.5815162870441,0.0,229.4383303545426,38.22832631880733,0.0,6538.321522052583,1000.2295070627492,0.0,283.87399264068466,52.99349193688949,0.0,600.0629992708415,2120.2546598611866,0.0,0.0
321,0.8209403721182507,0.4278663838405271,0.0951441109235881,1.7763568394002547e-18,1.3154067813337873,0.4211310351229254,0.1092780840333579,0.3320723780730906,1305.5364508339987,0.0,5480.313508227067,925.9106386583092,0.0,0.0,0.0,0.0,5548.855069005097,1127.733598665537,0.0,0.0,0.0,0.0,228.6122021929443,1230.2626793024235,0.0,0.0,1508.6051549507092,669.0113839087927,6733.750420479825,827.9899219769811,0.0,185.0868219211456,1.5374709551517214,0.0,6752.817333327579,1101.7835321750538,0.0,221.42330369263263,2.1056667429251856,0.0,573.4752159431004,2032.78794773756,0.0,0.0
322,0.6062106335049263,0.4001181104158424,0.0692669291561462,1.7763568394002547e-18,1.0069457531561483,0.3938428649302337,0.0391603100114082,0.322896547321257,1301.868863899697,0.0,5502.199768660004,930.8720796403928,0.0,0.0,0.0,0.0,5577.7987484259065,1130.7930219225136,0.0,0.0,0.0,0.0,219.9721516805856,1210.5672140712966,0.0,0.0,1467.5378829912056,632.4068502878278,6830.420860475712,863.3310843054163,0.0,165.3103270337799,0.0,0.0,6869.5036315520665,1145.0690188986605,0.0,193.88271947431585,0.0,0.0,553.8344578472919,1992.668915694584,0.0,0.0
323,0.4248019185353199,0.3634725020973517,0.0441508409700997,1.7763568394002547e-18,0.7136225896492853,0.3828385053557717,0.0076894911861904,0.3206381574851951,1225.5225190338426,0.0,5581.071632207031,951.2881913467216,0.0,0.0,0.0,0.0,5648.1198851553245,1154.1495014144698,0.0,0.0,0.0,0.0,172.04436976764043,1121.4613823023487,0.0,0.0,1406.4632750190026,553.0184956196124,6977.888903130142,961.7138597880504,0.0,150.8515210881789,0.0,0.0,7071.602162439411,1272.4237502073065,0.0,168.98637530690314,0.0,0.0,573.2742394203403,1972.2814541428104,0.0,0.0
324,0.2853635630550679,0.2935402366856524,0.0205569399468443,1.7763568394002547e-18,0.4830863274469533,0.338418382243303,8.841570226855605e-05,0.297485539852973,1122.7285206758472,0.0,5463.231115473101,949.473129723496,0.0,0.0,0.0,0.0,5523.289678600703,1132.2645122568144,0.0,0.0,0.0,0.0,138.26192943263035,1030.9347006326498,0.0,0.0,1382.3472768818892,517.3472768818892,7100.919806889686,1041.9496153119123,0.0,145.21802644866753,0.0,0.0,7226.405566361163,1362.6739774979176,0.0,164.45595104925005,0.0,0.0,596.1484460969009,1979.5142405285235,0.0,0.0
325,0.1950344984669321,0.2377491459645974,0.0014751916559351,1.7763568394002547e-18,0.3086507040507418,0.2739544365223799,-4.760636329592677e-16,0.2444944389194809,762.2555797586605,0.0,3729.928420847963,651.6840399520488,0.0,0.0,0.0,0.0,3772.337253401504,772.2073772660807,0.0,0.0,0.0,0.0,94.01269297707611,701.3469164646748,0.0,0.0,1392.78139334785,527.7813933478502,7137.287173494155,1054.084102992123,0.0,146.47703223320457,0.0,0.0,7246.050889944709,1371.443819185791,0.0,171.96678695258646,0.0,0.0,607.4327481699866,1996.2362835494455,0.0,0.0
326,0.1851884727084757,0.2226212797026527,0.0001434600996681,1.7763568394002547e-18,0.232203762269105,0.2365496251519933,-4.760636329592677e-16,0.2172677640622924,275.4452783198488,0.0,1524.7112849905598,266.5226687209931,0.0,0.0,0.0,0.0,1542.083677937335,317.0501800757676,0.0,0.0,0.0,0.0,32.03693957635393,268.0764033407003,0.0,0.0,1353.1539524286975,498.31860120447976,7208.206839099708,1097.4949538909125,0.0,142.21139429973277,0.0,0.0,7323.294888415302,1436.3523969440987,0.0,173.34375731128344,0.0,0.0,627.2943229487148,2008.4594009623545,0.0,0.0
327,0.2137417578646974,0.2320643519999952,0.0021902032823924,1.7763568394002547e-18,0.192202075674421,0.2387646937076414,0.0018333189839922,0.2186760239999998,697.1203899590141,0.0,4396.900352770185,769.0087964558606,0.0,0.0,0.0,0.0,4446.976290730115,918.0090335954952,0.0,0.0,0.0,0.0,75.40582333073819,723.0667468531983,0.0,0.0,1237.2217077116234,399.9146603834389,7380.764397253724,1213.9861049653475,0.0,120.74869372495664,0.0,0.0,7511.29459311149,1579.190993956641,0.0,153.89755550435328,0.0,0.0,660.5229272736055,2000.9621508089904,0.0,0.0
328,0.2929624178359674,0.2446026274285668,0.0088161036129572,1.7763568394002547e-18,0.1446745897992136,0.2422003228504989,0.0224662763253732,0.2205178045714283,900.1741041626387,0.0,5767.206611326237,1008.8804407550824,0.0,0.0,0.0,0.0,5830.2176302032985,1203.3261705711543,0.0,0.0,0.0,0.0,97.11955924491754,943.0,0.0,0.0,1209.8960869700031,374.6536628170496,7438.6121237173,1244.5082106873042,0.0,112.90121178122344,0.0,0.0,7600.051849574015,1622.053665769583,0.0,147.7272724588606,0.0,0.0,668.5585678412353,1995.5903027976792,0.0,0.0
329,0.4878376150922952,0.2727845897588782,0.0691024136604542,1.7763568394002547e-18,0.089468396126811,0.2483361547084865,0.0788184050982595,0.2292406998389546,824.3691826057856,0.0,5751.410295768023,978.5027481477238,0.0,0.0,0.0,0.0,5798.532027084221,1173.3002742110464,0.0,0.0,0.0,0.0,89.38905139006705,930.5926789192808,0.0,0.0,1138.4857041343532,308.6413791438332,7589.6998177841,1324.1855219184536,0.0,92.40615970837742,0.0,0.0,7831.884658208183,1734.0900307346649,0.0,131.5329749715603,0.0,0.0,689.5604696055761,1981.5906944641545,0.0,0.0
330,0.7582975292407798,0.4029784300884724,0.1573575285805214,1.7763568394002547e-18,0.0728268494415129,0.2961748389054039,0.1748633023360722,0.2767415914642417,639.5138594998904,0.0,5765.156664129716,919.5689473186768,0.0,0.0,0.0,0.0,5850.242982704861,1149.271051885417,0.0,0.0,0.0,0.0,43.015087619809975,849.0103502305192,0.0,0.0,1095.4263483203445,268.78289237399576,7680.961689622688,1372.3880379430325,0.0,80.0758062863051,0.0,0.0,7972.00234163563,1801.7761794479736,0.0,121.75592924752944,0.0,0.0,702.3106498739435,1973.184964409865,0.0,0.0
331,1.0056799637408664,0.5617846022092977,0.2412518388039871,1.7763568394002547e-18,0.1859907109667796,0.3583593477807321,0.2857351777275741,0.34431796744186,636.0083510653244,0.0,5726.141968110514,919.0027836884416,0.0,0.0,0.0,0.0,5854.986081557793,1138.041755326622,0.0,0.0,0.0,0.0,41.00556737688293,838.0361879497391,0.0,0.0,1041.0801222737682,218.58528473524845,7795.98721447529,1433.0673367490572,0.0,64.48170834728721,0.0,0.0,8148.493499414937,1887.048818520991,0.0,109.47031724104517,0.0,0.0,718.2835269394087,1962.5037027453336,0.0,0.0
332,1.2377297143109396,0.7049569958060838,0.3202276532890371,1.7763568394002547e-18,0.4480724299933581,0.4026336840683451,0.4150656693053081,0.3953390132654409,601.068800453147,0.0,5259.462741654349,831.8992369452932,0.0,0.0,0.0,0.0,5337.799063770895,1032.804677390989,0.0,0.0,0.0,0.0,57.615269130319554,798.4064081611873,0.0,0.0,1082.4054239628904,252.86048890834587,7746.043524381685,1421.5495225367845,0.0,90.13243441141306,0.0,0.0,8099.16353990719,1858.760766329793,0.0,145.23070660083,0.0,0.0,737.1277072162076,2002.93127776532,0.0,0.0
333,1.5322814214701916,0.8628746890407366,0.4161852274138842,1.7763568394002547e-18,0.790983802046515,0.4078481400000015,0.599463810324182,0.4205215013023243,408.6906456202829,0.0,3538.99931270024,558.3104608086359,0.0,0.0,0.0,0.0,3587.65492188407,693.013817841313,0.0,0.0,0.0,0.0,41.10031165058066,541.5753312145772,0.0,0.0,1212.623765477243,344.5842844275832,7578.73286505341,1365.8905265488845,0.0,139.22465243589556,2.3128191860938783,0.0,7859.367605957512,1742.9899601533757,0.0,210.0498266197327,3.998433169179248,0.0,751.7705987238305,2073.933636925548,0.0,0.0
334,1.83398495253832,1.0640927220859375,0.5090462558769138,1.7763568394002547e-18,1.1761931483825534,0.4078481400000014,0.8043062074919659,0.4458166687424418,382.5246242960182,0.0,3286.9911095741527,518.2646602361426,0.0,0.0,0.0,0.0,3332.047820867504,642.8575339640352,0.0,0.0,0.0,0.0,38.60904060863551,504.7072235945064,0.0,0.0,1232.7556269143363,361.8191878272898,7544.796829611699,1346.919165596285,0.0,147.13452475051875,4.760412755656555,0.0,7816.016825165498,1718.190533297105,0.0,219.34479917992292,8.229866119948623,0.0,752.0317804564767,2084.684663076771,0.0,0.0
335,2.0836204181740907,1.243828167986706,0.5415996289036553,1.7763568394002547e-18,1.5067165354684406,0.4078154484863802,0.9757078587189368,0.4593923516491682,264.8764498574239,0.0,1668.3456907805871,256.5927642111872,0.0,0.0,0.0,0.0,1688.0381651788866,306.9671795673838,0.0,0.0,0.0,0.0,30.12840219782744,297.2231125330627,0.0,0.0,1511.8173172782317,623.5918049855817,7021.008941075884,1014.9956095549348,0.0,259.5731358697503,56.670702298940455,0.0,7173.17068712803,1328.281993051325,0.0,343.5195410660146,93.05117788279404,0.0,742.0580152631635,2233.2211319615244,0.0,0.0
336,2.2358706092679355,1.3596663074387292,0.5571291745983984,1.7763568394002547e-18,1.786335104294705,0.3799524225436792,1.1067013572874735,0.4340815938010544,573.70534675483,0.0,2999.508569777553,452.4747651764307,0.0,0.0,0.0,0.0,3030.6462522770908,525.3294571891897,0.0,0.0,0.0,0.0,68.65372820081481,591.0880281735894,0.0,0.0,1603.4084541103994,726.9691849182358,6853.69103353308,907.4893082169816,0.0,300.55765868140304,106.34930627449592,0.0,6961.679509924934,1199.1895443785793,0.0,385.929905211325,139.9344127081518,0.0,736.5876150481483,2290.501676789365,0.0,0.0
337,2.3311509582830023,1.4241397913603104,0.5559978061794029,1.7763568394002547e-18,1.9724421020123863,0.3164193024518281,1.2362003526786478,0.3832981919184527,907.818616724614,0.0,4612.998921359915,693.6723637396234,0.0,0.0,0.0,0.0,4659.923422657226,801.3559237224406,0.0,0.0,0.0,0.0,109.44104180096434,923.5710205078155,0.0,0.0,1631.8389140906404,764.4253349643557,6771.635869915795,843.6360297384149,0.0,315.5502737776247,133.82099717885677,0.0,6862.523376846211,1132.295571152972,0.0,408.8341725050727,179.02603080447622,0.0,732.0842899162187,2321.4236023050457,0.0,0.0
338,2.37164978785037,1.4718085665105614,0.5442047105573431,1.7763568394002547e-18,2.0129032048808035,0.2527353736146185,1.3371101585796683,0.3313421730298995,1111.0308501935692,0.0,5556.251864569275,835.0795280349726,0.0,0.0,0.0,0.0,5613.268056127261,963.468331761506,0.0,0.0,0.0,0.0,135.0412195642999,1120.2002756342454,0.0,0.0,1649.2135045148784,786.0721213415936,6705.945654722516,793.0133320480822,0.0,323.22974765658785,150.99407464529676,0.0,6780.888295183956,1082.8881404327822,0.0,426.0485746739544,208.6229438154241,0.0,729.0530186899819,2342.9337008456605,0.0,0.0
339,2.3372836756317064,1.5077701287978134,0.4792319636411966,1.7763568394002547e-18,2.02790107635976,0.1809454098224967,1.4452881759439955,0.2645083193194117,1154.658517989699,0.0,5543.049710861038,835.5161229803006,0.0,0.0,0.0,0.0,5604.977998340806,965.839177025698,0.0,0.0,0.0,0.0,144.93255651414847,1130.8155461902757,0.0,0.0,1673.5691345309729,809.7826385134757,6625.4901887413225,750.5861264852975,0.0,323.8536497132178,169.44963644238996,0.0,6657.941345514628,1044.3648224133929,0.0,439.8716963977091,225.2844172118508,0.0,728.8462665600306,2356.108000547162,0.0,0.0
340,2.234839932074471,1.4609860352277286,0.3954117073844421,1.7763568394002547e-18,2.011145107303957,0.1119828945647842,1.564017594605151,0.1891243417275756,1195.05471009818,0.0,5567.240776052063,862.3142124216915,0.0,0.0,0.0,0.0,5632.78327319748,1019.2901621892036,0.0,0.0,0.0,0.0,168.92182179437447,1135.1955543463314,0.0,0.0,1698.8884009511423,834.635214809261,6521.776801902284,695.0277904458385,0.0,312.9726505766017,183.39169734863376,0.0,6505.588424310894,988.3087670335584,0.0,443.4194877944723,235.7481331685026,0.0,716.9726505766017,2356.1684992509186,0.0,0.0
341,2.0683466920023137,1.3656785209807851,0.3050749719867111,1.7763568394002547e-18,1.8839049273219697,0.0538900955516396,1.6622686532587012,0.1242184085997398,1127.0886101064068,0.0,5654.263251381489,915.2673978358422,0.0,0.0,0.0,0.0,5721.911389893593,1106.5096849034232,0.0,0.0,0.0,0.0,190.3791461692005,1127.8342617100147,0.0,0.0,1485.5444681004335,728.3134828713362,5708.993872557819,604.7356065675136,0.0,263.8154673350242,153.365362813105,0.0,5696.736084927436,857.1372672539809,0.0,376.8495211418109,198.0725957467245,0.0,617.8893815191128,2050.81874981315,0.0,0.0
342,1.91270140721826,1.2733083619456835,0.2201251888678318,1.7763568394002547e-18,1.679944364080891,0.0340081194071936,1.7301306105396506,0.0859684065301166,1064.5027713207855,0.0,5702.467319597245,945.3253321188458,0.0,0.0,0.0,0.0,5775.820492005322,1148.3383291302137,0.0,0.0,0.0,0.0,207.80199247087415,1141.2335609908057,0.0,0.0,914.0991826829676,449.3074185557519,3489.706852170196,369.2152149223643,0.0,165.61740222034533,95.9441027386022,0.0,3478.2751472571604,517.473796055853,0.0,230.8490355898046,122.50332995853226,0.0,374.2693804862138,1253.5867947555314,0.0,0.0
343,1.7760832688357884,1.1713129315116215,0.1530223919167064,1.7763568394002547e-18,1.4758965403996245,0.0577681560000002,1.752964536491934,0.0736218011960132,1077.7539363501485,0.0,5651.015659698003,933.0137420233992,0.0,0.0,0.0,0.0,5734.802387261755,1149.9665171473737,0.0,0.0,0.0,0.0,243.6003637225477,1184.9972650044658,0.0,0.0,1294.0884703463018,641.2885198132728,4831.4209257701805,509.0376961512238,0.0,249.90660419394263,143.04760121018845,0.0,4797.118679391603,685.972513694903,0.0,322.1329178427796,176.10800076030483,0.0,502.01739683737,1735.6458168104375,0.0,0.0
344,1.6764431659183148,1.0470993830947777,0.1128953379456716,1.7763568394002547e-18,1.2716828622341232,0.0838562035215947,1.747198123147941,0.0609388947297245,951.1915608479658,0.0,4850.044325761413,796.9997084297024,0.0,0.0,0.0,0.0,4978.494395314452,984.4062783059178,0.0,0.0,0.0,0.0,231.27271010068367,1037.605143747446,0.0,0.0,1679.0059236822476,837.1648092186779,6177.096625291626,647.476927577478,0.0,336.24465558494074,192.2244704729856,0.0,6119.124799900439,855.396412570736,0.0,416.2090265182432,233.47700890557925,0.0,632.0838526510117,2223.6974148383542,0.0,0.0
345,1.5913974185452446,0.94054899504553,0.125446178750831,1.7763568394002547e-18,1.10765178751378,0.1086713041008402,1.707820720155564,0.0588670773218684,989.2727403267768,0.0,4746.491076284327,773.4618772886253,0.0,0.0,0.0,0.0,4863.206521204556,934.6405598882972,0.0,0.0,0.0,0.0,216.9466002067156,1042.2918775303615,0.0,0.0,1780.3236121918658,899.9934777346225,6400.184428140933,654.3944287534883,0.0,371.1938663655569,220.27468441536183,0.0,6324.305503469876,880.1533226751724,0.0,453.2507504935695,273.81613512262555,0.0,663.7996113690656,2342.3480598633014,0.0,0.0
346,1.5572413862167274,0.8692645236508036,0.1488586391862588,1.7763568394002547e-18,0.9896254763525864,0.1278760770897008,1.6312898085109242,0.0625447595481728,1195.7025194746925,0.0,5404.522995276243,876.775020747235,0.0,0.0,0.0,0.0,5519.58228609267,1029.3107512296235,0.0,0.0,0.0,0.0,237.5793527085076,1216.2093423439826,0.0,0.0,1816.02673080784,919.7978991058004,6376.151397660684,632.302150989559,0.0,402.8486239498869,252.4051853071128,0.0,6260.890620020281,869.1570041759753,0.0,468.7554517752003,300.9301591182551,0.0,651.4537449084385,2360.679982767593,0.0,0.0
347,1.5374398570612655,0.8245811744467705,0.1861631605315615,1.7763568394002547e-18,0.97010767064452,0.1427953728342856,1.5182280923609293,0.0629652884627243,1238.5181014764414,0.0,5514.751124201607,890.3729589944918,0.0,0.0,0.0,0.0,5628.038807889229,1039.6006275465456,0.0,0.0,0.0,0.0,247.5236925249592,1256.4454562552228,0.0,0.0,1825.8761387446336,929.903069959926,6387.788747397664,637.7618161823729,0.0,409.424603764671,255.3889762882852,0.0,6276.9225610421145,867.1681849928453,0.0,469.13255751645966,304.13255751645966,0.0,645.7079537517886,2359.6723262754026,0.0,0.0
348,1.5240496003244128,0.7728139283322188,0.2255819097502441,1.7763568394002547e-18,1.039717418159861,0.1467757439999999,1.384049872931794,0.0650166662990034,1247.2555351278943,0.0,5466.205626560528,873.6164271496546,0.0,0.0,0.0,0.0,5577.367838814223,1021.1178991656942,0.0,0.0,0.0,0.0,246.67816804360055,1267.3737908219791,0.0,0.0,1821.9505695175687,940.1497327474666,6420.40866737973,657.7682722618372,0.0,403.55152981468143,239.78794027123516,0.0,6334.087320112046,870.4692680508458,0.0,460.8772194261471,296.0107955484611,0.0,641.2263995059386,2345.184621378924,0.0,0.0
349,1.5044087717240433,0.7190198171748011,0.2406866092242875,1.7763568394002547e-18,1.0817194295647152,0.1467646328889517,1.234537287095215,0.0671980718246979,993.0740617647148,0.0,4168.212342911506,660.1079155201219,0.0,0.0,0.0,0.0,4260.287683912008,771.5076269006483,0.0,0.0,0.0,0.0,184.39539021656603,990.5614263116146,0.0,0.0,1781.6484899783402,924.9098513817028,6475.318390119697,685.6951578694785,0.0,384.1559052337788,195.20477169771607,0.0,6370.53393329097,879.9579407266748,0.0,427.6567186227858,263.0003664706045,0.0,608.7356567568384,2285.068027728364,0.0,0.0
350,1.4500838091851198,0.6784460834399944,0.2409899039999997,1.7763568394002547e-18,1.1108540214083735,0.1424436059242524,1.0426291150293687,0.0640627458697675,844.8027943271223,0.0,3444.1425049763097,544.4167678957288,0.0,0.0,0.0,0.0,3505.2375804896456,633.491334019086,0.0,0.0,0.0,0.0,149.69295690573662,817.1786339254279,0.0,0.0,1758.7910750899186,896.8607167266126,6492.449402727822,692.1550597272177,0.0,357.03155290766045,173.52366468074533,0.0,6379.406693682561,877.3101194544354,0.0,403.6787244079631,222.62485922509947,0.0,593.550597272177,2252.22932168014,0.0,0.0
351,1.4170435578459288,0.6208028607369089,0.2409899039999997,1.7763568394002547e-18,1.1144615978351424,0.1330673097250674,0.8132686973301567,0.0560042533983577,1178.0421929722734,0.0,4614.321042676243,727.4265553845158,0.0,0.0,0.0,0.0,4667.673975228574,841.1754299110291,0.0,0.0,0.0,0.0,195.5502020938885,1092.2900728325085,0.0,0.0,1703.5926242057894,856.8562945777151,6552.302142381675,721.0944422764774,0.0,311.129864985439,122.88092615061878,0.0,6451.238147698762,920.3400275508376,0.0,366.1052334125352,154.18248169170653,0.0,584.9621148308378,2200.1431185816973,0.0,0.0
352,1.3453987940505283,0.5596655461741304,0.2393337810272673,1.7763568394002547e-18,1.0370908838971993,0.1111946190697674,0.5706227480644389,0.0459786187375415,1405.8426553065267,0.0,5467.642385116516,873.8765354067457,0.0,0.0,0.0,0.0,5527.0273124810665,997.5333896602092,0.0,0.0,0.0,0.0,218.2378193423494,1264.8152817010211,0.0,0.0,1595.4825389476612,776.7082243065393,6687.813135238304,811.6253106360814,0.0,267.93159555143467,46.23164815016797,0.0,6619.469988827087,1031.51733614474,0.0,329.7297613577151,96.05989743822713,0.0,593.510643617989,2154.509433962264,0.0,0.0
353,1.2465473906409568,0.5135004211256722,0.215142535950085,1.7763568394002547e-18,0.932968799063611,0.0882761474152825,0.385413197020339,0.0369583418870431,1382.5036976797255,0.0,5470.624017749757,888.0078285570843,0.0,0.0,0.0,0.0,5555.241882001731,1019.0438525451488,0.0,0.0,0.0,0.0,219.67867466268817,1253.7924080373043,0.0,0.0,1463.8609748679255,707.4502760100521,6200.140437775963,762.8528296096949,0.0,239.51665204468904,41.61185739394613,0.0,6132.683484365778,966.293320310206,0.0,305.1632228532649,80.49094093223741,0.0,556.642263016052,1990.9035046580989,0.0,0.0
354,1.1111091036854948,0.4582474958183762,0.1773232727441861,1.7763568394002547e-18,0.8148532135769673,0.0651138622325582,0.2270218934728683,0.0278421046445182,1360.6125239345129,0.0,5480.207694221467,901.1038123818416,0.0,0.0,0.0,0.0,5578.42677512352,1039.5666061380225,0.0,0.0,0.0,0.0,221.9620101789407,1247.032535527943,0.0,0.0,1172.1741491801938,566.4878312632051,4964.705586536748,610.8689083746801,0.0,191.75216648929188,33.338636634670415,0.0,4910.713407512471,773.799304389958,0.0,244.3898263907233,64.4572499095927,0.0,445.74155952842847,1594.188173986752,0.0,0.0
355,0.9384474707031916,0.3737113087213621,0.1344895190431896,1.7763568394002547e-18,0.6575832224782813,0.0390627721669905,0.0922468670589856,0.0170886893993605,1311.2351208683913,0.0,5554.599344314763,934.1168717073934,0.0,0.0,0.0,0.0,5622.908855930175,1087.0211258321358,0.0,0.0,0.0,0.0,220.05454954792808,1216.3323974246025,0.0,0.0,754.6236359850724,364.66045398395465,3196.4187330426653,393.2633635820385,0.0,123.48748099562856,21.43855258639492,0.0,3161.616566762164,498.1523185222831,0.0,157.32146415505244,41.44731967179456,0.0,286.9924961620564,1026.3768362431515,0.0,0.0
356,0.7742500394352156,0.2877695654950098,0.0964595508039869,1.7763568394002547e-18,0.5110278011760814,0.0200297755614618,0.0340537014247743,0.0110313266112956,1315.6885144623009,0.0,5566.322192618487,936.8527418153056,0.0,0.0,0.0,0.0,5611.547274172772,1060.8195264901417,0.0,0.0,0.0,0.0,189.1784269832825,1166.78442889037,0.0,0.0,479.0217997540024,230.6364366340215,2035.8654872796517,255.8215275042205,0.0,78.96533865371288,14.829738670719502,0.0,2018.27566864632,325.6627996934572,0.0,102.2086785064106,28.046065044766017,0.0,186.00228613573296,654.4540990691921,0.0,0.0
357,0.6051176715818708,0.1979511533671039,0.0572286361993356,1.7763568394002547e-18,0.3680518033490769,0.0048696663011392,0.0080837952074035,0.0088114703322258,1319.3443150360313,0.0,5591.569391950239,943.4386889198672,0.0,0.0,0.0,0.0,5615.483935572312,1052.3301611248146,0.0,0.0,0.0,0.0,166.64785961973934,1134.451175520958,0.0,0.0,807.9490429556034,384.2866107757753,3473.502366011686,466.8018413870701,0.0,136.5947338856175,32.01701046167357,0.0,3469.439873199037,603.07093768489,0.0,185.84562986625528,57.02444940471296,0.0,335.65857828331366,1120.746264793844,0.0,0.0
358,0.42891081273767,0.1260029650500788,0.0148828670070836,1.7763568394002547e-18,0.2690497048452349,1.6697754290362308e-16,-2.753353101070388e-16,0.0063424465116277,1305.9319660145998,0.0,5633.008717836728,951.4646108508492,0.0,0.0,0.0,0.0,5635.92160408835,1040.090309326112,0.0,0.0,0.0,0.0,113.0063533294434,1074.727409702852,0.0,0.0,1384.171248233825,654.7184706014452,5977.619914681259,826.2495153692096,0.0,236.5771448133005,60.69692248408872,0.0,5990.640867532575,1073.6134561345546,0.0,328.8459566026657,105.4879528969241,0.0,591.2048371335476,1933.4673213705987,0.0,0.0
359,0.2852581393216843,0.0913061429024928,0.0002479678127982,1.7763568394002547e-18,0.223304720692765,1.669775429036231e-16,-2.753353101070388e-16,0.0040999386378736,1276.4754497638305,0.0,5649.585116611065,944.448766863762,0.0,0.0,0.0,0.0,5641.481904048438,1035.1489101282657,0.0,0.0,0.0,0.0,83.45698233746317,1033.1003568951292,0.0,0.0,1601.9417000179642,753.6041521179617,6906.927515373922,978.4153257159392,0.0,275.83425788093666,81.81168588186738,0.0,6947.465246527681,1276.7163710685916,0.0,393.804593559846,134.64620195093192,0.0,694.1358196098448,2257.1266617828005,0.0,0.0
360,0.215428298029971,0.0816450548685274,0.0071498686978103,1.7763568394002547e-18,0.2093831547492051,1.669775429036231e-16,-2.753353101070388e-16,0.001948037142857,1252.7698607534326,0.0,5655.256229388395,937.9210791494784,0.0,0.0,0.0,0.0,5642.770282154714,1035.2825302308622,0.0,0.0,0.0,0.0,73.51284353183253,1012.5130359093542,0.0,0.0,1605.2751007695404,750.9738915350541,6919.628526933919,994.702821547135,0.0,277.5502015390811,87.55020153908107,0.0,6979.63255771554,1299.6285269339187,0.0,404.22691462127017,141.65060461724323,0.0,701.576310004027,2272.851410773568,0.0,0.0
361,0.2101647902591385,0.1271347210899457,0.0754191955208428,1.7763568394002547e-18,0.222082886006145,1.6697754290362308e-16,-2.753353101070388e-16,0.000146166894001,1202.8666122660989,0.0,5667.211457163909,924.1386310186988,0.0,0.0,0.0,0.0,5645.4748677260895,1035.575016224784,0.0,0.0,0.0,0.0,52.60161478521864,969.1536888156668,0.0,0.0,1595.5366901055925,729.1734833538186,6995.448101276607,1057.6006188558022,0.0,282.73689639085984,82.64727613553828,0.0,7085.942859832952,1373.5796530811776,0.0,412.0209657746242,144.50524144365605,0.0,725.5738959243535,2284.8684481954297,0.0,0.0
362,0.2368190617522946,0.2183688189544127,0.1894429302291033,1.7763568394002547e-18,0.3973230888853177,1.6697754290362308e-16,9.0606378710008e-07,-9.592326932761331e-17,1172.67438324522,0.0,5674.463917327329,915.8245479817538,0.0,0.0,0.0,0.0,5647.0673020363765,1035.758412754547,0.0,0.0,0.0,0.0,39.97840921808342,942.9231674179788,0.0,0.0,1578.0,706.0,7080.0,1129.0,0.0,289.0,72.0,0.0,7173.0,1455.0,0.0,402.0,142.0,0.0,750.0,2288.0,0.0,0.0
363,0.2942295845695323,0.3200644441366813,0.3217362494950168,1.7763568394002547e-18,0.7381171765714308,1.6697754290362308e-16,0.0072629641737064,-9.592326932761331e-17,1138.4271379792438,0.0,5688.294474491618,911.4258944679656,0.0,0.0,0.0,0.0,5653.999605219765,1040.474339733692,0.0,0.0,0.0,0.0,27.64565154974132,916.0399510024288,0.0,0.0,1563.6499941054187,695.38099563801,7075.694998231626,1125.268998467409,0.0,281.2509968169262,67.98199834951728,0.0,7175.296000943133,1461.027002475724,0.0,403.7220007073497,139.70399905686702,0.0,753.7310015325911,2292.5920018862657,0.0,0.0
364,0.4525129823967191,0.4312461148235237,0.4759501069282785,1.7763568394002547e-18,1.2752374102302162,1.6697754290362308e-16,0.0275336311096342,8.236943520635451e-07,1141.2115762762292,0.0,5705.649157680727,928.235393554757,0.0,0.0,0.0,0.0,5670.128637614759,1054.780589296853,0.0,0.0,0.0,0.0,35.35743674439488,927.332761068266,0.0,0.0,1534.4974184191008,656.8008666142442,7041.156757389727,1102.9774944748035,0.0,259.8156094095193,55.87472227638582,0.0,7161.454093422172,1474.980484964152,0.0,396.5102688050558,133.2228202525119,0.0,762.8614528804544,2293.127602680428,0.0,0.0
365,0.7473996178619171,0.5488893538727818,0.6868012929966788,1.7763568394002547e-18,1.9290634033601983,1.6697754290362308e-16,0.050889484465116,0.0023944794817274,1148.6608904650382,0.0,5714.967322283632,945.690653121948,0.0,0.0,0.0,0.0,5693.21651026595,1069.4647286025047,0.0,0.0,0.0,0.0,46.52475354548938,943.280811861176,0.0,0.0,1512.0286979084312,631.5053308889961,7048.769386843436,1092.8421893277362,0.0,246.23061315656372,43.238235650449255,0.0,7179.950064997357,1466.282340226318,0.0,386.37317884105664,125.8421893277361,0.0,761.9923775061145,2288.984755012229,0.0,0.0
366,1.070211342167679,0.6747844806964954,0.8922162901512625,1.7763568394002547e-18,2.555834615760803,1.6697754290362308e-16,0.0742453378205978,0.0068473711495015,1180.9197719814929,0.0,5667.555479345652,950.1340254711534,0.0,0.0,0.0,0.0,5737.057061953584,1074.2922935044714,0.0,0.0,0.0,0.0,74.35856590079162,982.4794954827852,0.0,0.0,1491.125970189827,613.1051176403826,7055.198221530639,1080.7801580927298,0.0,233.52198451888347,30.110200208991067,0.0,7192.158875347848,1446.669791818078,0.0,377.4596938177447,118.90865648562064,0.0,755.713337429382,2284.067090831846,0.0,0.0
367,1.3776074755606167,0.7904741455474599,1.0248774915756014,1.7763568394002547e-18,3.1194563265588524,1.6697754290362308e-16,0.0958384852624584,0.0109641955215945,1186.0709015466514,0.0,5527.150749041116,922.3632881558702,0.0,0.0,0.0,0.0,5596.440564466811,1053.8739288986217,0.0,0.0,0.0,0.0,109.37972733847316,1020.365574579321,0.0,0.0,1534.756934790711,670.5090510697801,6955.152322089543,1011.8011355058828,0.0,247.1909738560433,56.55505444530064,0.0,7018.883174267011,1334.3770593007612,0.0,375.8808372533924,128.95699089333831,0.0,713.2727995662934,2260.694310207896,0.0,0.0
368,1.6822317779892697,0.9063898013759212,1.1077653504901623,1.7763568394002547e-18,3.5043528561482296,1.6697754290362308e-16,0.114787573833887,0.014576918950166,1151.0319314859369,0.0,5335.944257018743,889.6041147916903,0.0,0.0,0.0,0.0,5402.601662861896,1018.475351113424,0.0,0.0,0.0,0.0,112.1117870542106,996.0265114508416,0.0,0.0,1548.4297853904511,687.8921035529846,6919.533513979807,985.4133569865706,0.0,253.5071519852953,74.91854655641592,0.0,6957.028405418882,1305.8471482168425,0.0,379.8228296467011,134.05501044015273,0.0,708.3849110632293,2258.877799582394,0.0,0.0
369,2.0397522289015204,1.0552912429057846,1.1651334441022791,1.7763568394002547e-18,3.7409615487465615,1.6697754290362308e-16,0.130837949600617,0.0242125543170383,823.1620835298247,0.0,3752.167014183974,623.4059098041454,0.0,0.0,0.0,0.0,3799.7585973892046,717.4094661489844,0.0,0.0,0.0,0.0,93.91705955080714,726.3030631122678,0.0,0.0,1585.7518110063145,723.5333396262295,6848.462217951102,920.6785388054752,0.0,271.1723986758471,86.1407310490198,0.0,6874.989568472657,1227.960225368574,0.0,394.7946889118607,150.83026241401495,0.0,694.971475980721,2259.6926996297493,0.0,0.0
370,2.4103795195151667,1.247520780910507,1.1978750217755891,1.7763568394002547e-18,3.7634182970136094,1.6697754290362308e-16,0.1326436200000001,0.0491084447094629,995.1096442641368,0.0,4312.620288546682,702.4223755303121,0.0,0.0,0.0,0.0,4397.089240791318,803.7276556222882,0.0,0.0,0.0,0.0,162.72851988596562,937.828405463984,0.0,0.0,1638.5955651216425,775.8327185157697,6706.033408066363,817.6518093292883,0.0,291.1924323706522,124.89082689532776,0.0,6716.373968384892,1107.323741663803,0.0,427.5800284577946,199.65551480366503,0.0,681.2373096551299,2290.7531985537325,0.0,0.0
371,2.623034032869483,1.412676861388699,1.1333307081271964,1.7763568394002547e-18,3.7125954862410975,1.6697754290362308e-16,0.13264362,0.069101366591362,1294.644789468651,0.0,5440.19903290066,853.266322003873,0.0,0.0,0.0,0.0,5550.643763731084,988.2898056806685,0.0,0.0,0.0,0.0,233.7521910743388,1254.156228018103,0.0,0.0,1669.7788272072412,803.7635837753081,6647.498783596984,785.8504295505293,0.0,301.6419882835602,149.64198828356015,0.0,6633.919519987674,1062.253489703254,0.0,443.2300504617971,222.2148070298639,0.0,674.7465102967459,2304.501216403016,0.0,0.0
372,2.793002267138718,1.5216687792979309,1.0288288254685638,1.7763568394002547e-18,3.533778339439852,1.6697754290362308e-16,0.13264362,0.0856905708438539,1296.5470079157526,0.0,5409.802701161328,829.3498709726489,0.0,0.0,0.0,0.0,5496.46893610648,975.7735849056604,0.0,0.0,0.0,0.0,241.7023420564575,1276.8096920169664,0.0,0.0,1683.999669913455,814.3779788902757,6655.299804834571,798.9681227129537,0.0,307.21600085857995,155.21600085857995,0.0,6620.544315080902,1066.1679100958136,0.0,443.5082717811328,218.86587118296524,0.0,670.8320899041864,2296.7001951654297,0.0,0.0
373,2.902804407594056,1.6004232686646958,0.8768818039944825,1.7763568394002547e-18,3.119429354950163,1.6697754290362308e-16,0.1237831553952235,0.1042006303255816,1197.9320150170895,0.0,5009.472785796902,764.3425944738984,0.0,0.0,0.0,0.0,5059.497770235202,903.3226601571548,0.0,0.0,0.0,0.0,232.5439824407328,1183.1145386949115,0.0,0.0,1701.5748489378475,827.4827629844117,6664.940531005913,815.1653833018189,0.0,314.0865026491278,162.08650264912777,0.0,6604.008063429686,1070.9537363066568,0.0,443.86165035322097,214.7344673150583,0.0,666.0462636933431,2287.059468994088,0.0,0.0
374,2.866231648559799,1.6146951600622872,0.7046488619750823,1.7763568394002547e-18,2.519823985706808,1.6697754290362308e-16,0.1018049153023255,0.1217819915855485,1022.1042135627008,0.0,4257.707893269224,666.6934376126424,0.0,0.0,0.0,0.0,4296.310657721479,776.1851442558794,0.0,0.0,0.0,0.0,176.60972255938324,963.542144362545,0.0,0.0,1691.786459597687,821.5243063984581,6680.917066432371,825.9723554774569,0.0,309.93803470674345,152.64156073680107,0.0,6630.10296231214,1077.855101139114,0.0,426.7864595976872,195.7864595976872,0.0,657.379407537572,2270.2001879059726,0.0,0.0
375,2.72024321770525,1.6028598700106256,0.5083049147561461,1.7763568394002547e-18,1.9144257182312292,1.6697754290362308e-16,0.080211767860465,0.1277054735154819,1219.0848497275238,0.0,5044.768569338343,824.6246832060119,0.0,0.0,0.0,0.0,5082.483853385424,936.6934162788962,0.0,0.0,0.0,0.0,166.43895408963098,1056.262600741533,0.0,0.0,1652.489968895414,792.6503159728271,6704.313705825267,835.7832280090577,0.0,293.05642491352927,126.0384358125762,0.0,6679.80121711001,1094.1928311145396,0.0,397.31266927115735,166.31266927115732,0.0,649.9965058352204,2247.3376467016697,0.0,0.0
376,2.5206245017751097,1.5726809730015268,0.3120948912627143,1.7763568394002547e-18,1.316122311169436,1.1690123690430204e-05,0.0577372674617939,0.1234388356146178,1187.7714004546726,0.0,4962.084232442186,827.9960168678874,0.0,0.0,0.0,0.0,4970.325320510732,917.1655232390176,0.0,0.0,0.0,0.0,120.862670891429,976.287863284202,0.0,0.0,1586.667141094715,738.6557126366132,6735.535079108553,853.7943499998889,0.0,263.2170784582127,84.8318556489358,0.0,6709.179572809167,1132.589666400688,0.0,368.4142129260463,137.4142129260463,0.0,653.7918866039558,2222.2156625274115,0.0,0.0
377,2.340620363393453,1.517233935639291,0.1853019488628386,1.7763568394002547e-18,0.7815181418927369,0.0038289235842431,0.037025472976744,0.1214752659496911,804.9388611187933,0.0,3414.7272408682607,572.2694171394146,0.0,0.0,0.0,0.0,3421.7613149466765,638.8775156486246,0.0,0.0,0.0,0.0,88.62013602214226,671.1609237009895,0.0,0.0,1544.4156586020847,697.2619773681954,6762.295600467131,871.8757319011505,0.0,242.02963830969367,55.14334568518191,0.0,6751.327254685205,1168.3275033174057,0.0,348.20670875952544,114.95839773648038,0.0,656.2252212040343,2201.4918309334234,0.0,0.0
378,2.109319822870184,1.4366339313240073,0.1001696411215447,1.7763568394002547e-18,0.4307173143245807,0.0118875568903656,0.0160933402524913,0.1221730815991972,1259.5986394743345,0.0,5575.033235167816,945.731236336296,0.0,0.0,0.0,0.0,5605.739584068583,1086.5426142818742,0.0,0.0,0.0,0.0,178.5499360971903,1100.3796889284731,0.0,0.0,1563.6504032833564,681.2825906792871,6784.602333734818,897.541154309405,0.0,241.01602318284617,52.052439507496565,0.0,6852.193750297341,1209.26876020102,0.0,348.9839768171538,105.17334170533589,0.0,655.0218497947902,2187.2534576195667,0.0,0.0
379,1.8349405669040315,1.3075205565275454,0.0461347165879775,1.7763568394002547e-18,0.3344924542453478,0.0208806518272427,0.0004884352094274,0.1145520127905721,1249.5495069581764,0.0,5705.2854421367165,966.3544212044744,0.0,0.0,0.0,0.0,5759.478188122606,1138.8043431275987,0.0,0.0,0.0,0.0,196.81592461406396,1139.8169233656313,0.0,0.0,1564.543538529104,681.0801942092121,6790.8274458694095,900.9939171439172,0.0,241.2940454337776,51.75050690467357,0.0,6857.163216030031,1211.791004005736,0.0,348.5812080185592,104.04657995714544,0.0,655.4989861906528,2187.0,0.0,0.0
380,1.602793266085315,1.1586942552773376,0.0226981169413958,1.7763568394002547e-18,0.5336143240066469,0.0329901778716281,-2.6112445539183715e-16,0.0974057449801992,1087.2823407102037,0.0,5467.452237161787,930.3586662830376,0.0,0.0,0.0,0.0,5509.934753706206,1132.5181236289495,0.0,0.0,0.0,0.0,220.65690975649747,1130.5886384681344,0.0,0.0,1570.347775300855,681.9491967725521,6853.087519563364,932.992956554234,0.0,244.4181500054522,49.0703747045972,0.0,6890.973385077085,1230.8875371174693,0.0,344.14412851194635,93.82420585863804,0.0,660.8592505908056,2187.0,0.0,0.0
381,1.4319022149338103,0.9670239807538912,0.0354550996943526,1.7763568394002547e-18,0.787073249748533,0.0541752012358806,-2.6112445539183715e-16,0.0830086220332225,621.3847014998391,0.0,3164.503611919261,538.8352698895577,0.0,0.0,0.0,0.0,3187.973637786956,658.2479792195235,0.0,0.0,0.0,0.0,129.98390492573483,657.1053852992543,0.0,0.0,1575.8699195795828,682.8206221554893,6912.766431004372,963.7038376576756,0.0,247.3901153286637,46.52019574908093,0.0,6923.363019753106,1249.233065265276,0.0,339.87895143810226,84.00903185851948,0.0,665.9596085018381,2187.0,0.0,0.0
382,1.3047402340153134,0.7733650335730116,0.0494200137408643,1.7763568394002547e-18,1.0163700341799822,0.0777966602071359,-2.6112445539183715e-16,0.0707388709634552,701.37263571209,0.0,3387.142774176439,574.3414985917033,0.0,0.0,0.0,0.0,3418.5326701759805,678.8859557274053,0.0,0.0,0.0,0.0,125.71566336449057,693.5697411357428,0.0,0.0,1578.0692587236656,689.7769446248839,6928.347480160071,970.6493917832826,0.0,257.2611812569388,48.83281965752682,0.0,6938.432147766004,1262.197733891111,0.0,344.4781610583186,93.78249176682333,0.0,669.5213105098845,2196.894899942055,0.0,0.0
383,1.2110611393134962,0.6090744795560835,0.0626692775986433,1.7763568394002547e-18,1.2375110164860403,0.1031325791574188,-2.6112445539183715e-16,0.0573211002717185,1200.0499917574405,0.0,5688.802997951282,961.5370798904332,0.0,0.0,0.0,0.0,5740.343271094735,1129.100953032117,0.0,0.0,0.0,0.0,204.901498975641,1163.659180913024,0.0,0.0,1587.097086632584,703.4239475237449,6924.922330693933,964.249191585094,0.0,272.07766930606715,64.82847772097328,0.0,6942.288026238128,1264.5954698027715,0.0,370.9255643535573,125.92556435355726,0.0,686.84789504749,2228.944981680074,0.0,0.0
384,1.1360608762191493,0.4758595343195359,0.0732440849186353,1.7763568394002547e-18,1.443675447656177,0.1263102341262461,-2.6112445539183715e-16,0.0395599430576864,1229.4014133265666,0.0,5676.640926059035,950.3942953498369,0.0,0.0,0.0,0.0,5725.716510791233,1111.4179634139246,0.0,0.0,0.0,0.0,198.37219311339615,1163.1043786311184,0.0,0.0,1499.8192639504769,667.268843003809,6518.88740573974,903.952441492395,0.0,260.0934154364068,68.990862317554,0.0,6536.583936930251,1187.4178109172317,0.0,361.8714237271942,131.17541405418305,0.0,655.6441798639055,2113.073675566872,0.0,0.0
385,1.0825312066368862,0.3747574286553987,0.0799592880161169,1.7763568394002547e-18,1.5983518311297116,0.1494568691162795,-2.6112445539183715e-16,0.0297712231053932,1249.933355046658,0.0,5683.826244890217,949.8492694870896,0.0,0.0,0.0,0.0,5728.610609626955,1107.3839242949307,0.0,0.0,0.0,0.0,196.48836978903188,1162.0378005407592,0.0,0.0,1346.2786092754975,614.9456640294759,5766.634803474299,782.9064758800095,0.0,238.88369039868363,75.49123871558233,0.0,5771.437085155251,1031.7910057390177,0.0,331.3693370558209,130.62618830475247,0.0,584.7464591285601,1892.4831288970531,0.0,0.0
386,1.0633426600980402,0.2837412105587595,0.0846577513746635,1.7763568394002547e-18,1.6612521019218975,0.1691387969986843,-2.6112445539183715e-16,0.0297518399999998,1262.8251950429903,0.0,5700.799444634453,962.0371843225796,0.0,0.0,0.0,0.0,5728.478395050197,1102.8996694408677,0.0,0.0,0.0,0.0,197.2948603476538,1169.1398859748738,0.0,0.0,1464.259528082302,695.8122115697896,6128.133584164534,803.2372231684071,0.0,269.0452504336346,105.05039008598077,0.0,6114.565218067766,1064.5671470967422,0.0,371.43765948025737,163.8777314157183,0.0,629.628413215004,2050.9658453726324,0.0,0.0
387,1.0192251139933572,0.2221199869915906,0.0857135373804968,1.7763568394002547e-18,1.6926356240578462,0.1759729954379525,-2.6112445539183715e-16,0.0275125542247409,1278.328814510165,0.0,5659.441704722725,943.91670701422,0.0,0.0,0.0,0.0,5706.835028345071,1082.2026328876098,0.0,0.0,0.0,0.0,197.9444087947762,1180.7855184449982,0.0,0.0,1587.9687995823897,780.3970498782539,6506.861283191109,824.8816826978544,0.0,300.40661540343314,135.52626521946803,0.0,6475.651426177861,1099.2732663779195,0.0,413.5260144483252,198.51938157907057,0.0,676.3680180881158,2216.6813335808706,0.0,0.0
388,0.9380398374674902,0.1666633566403089,0.0812426213421931,1.7763568394002547e-18,1.6572360543494469,0.1746487539928135,-2.6112445539183715e-16,0.0225807569700995,1296.0286900646563,0.0,5612.266547683201,923.3126440046756,0.0,0.0,0.0,0.0,5682.142980787947,1058.6601005229872,0.0,0.0,0.0,0.0,198.67807982336032,1194.0199869362475,0.0,0.0,1653.087256453968,814.358241678077,6724.790014095809,856.7006363788865,0.0,304.9607479620244,125.31898964010136,0.0,6747.349489300061,1139.7006363788864,0.0,436.7753614131175,205.54362822698383,0.0,692.456371773016,2287.0,0.0,0.0
389,0.835708328972593,0.1143184799003265,0.0737375302524922,1.7763568394002547e-18,1.5454698789518293,0.1667190316544854,-2.6112445539183715e-16,0.0177868558405314,1327.1859358641784,0.0,5561.508647321763,907.3049420349666,0.0,0.0,0.0,0.0,5643.38878654861,1035.8487705320742,0.0,0.0,0.0,0.0,202.69649918532733,1203.9858336281163,0.0,0.0,1644.0073887328624,809.391537632161,6761.661343647161,867.3495715375517,0.0,301.14926599063125,116.54080362279228,0.0,6759.111466562689,1150.3495715375518,0.0,432.620017767368,200.9907695441049,0.0,697.0092304558951,2287.0,0.0,0.0
390,0.7367246663561474,0.0627227598976684,0.0643722407856481,1.7763568394002547e-18,1.3426099163473788,0.1553940250588709,-2.6112445539183715e-16,0.0129435330498338,1372.8485917473715,0.0,5485.343580123898,879.1793667206131,0.0,0.0,0.0,0.0,5535.157798364406,988.7557223016876,0.0,0.0,0.0,0.0,218.19754165299912,1264.6156562574606,0.0,0.0,1638.224095446833,808.0563745070232,6782.574672271299,871.3559495222298,0.0,300.2931657417941,113.03037777004408,0.0,6758.843755833417,1152.9488428782051,0.0,431.421655054117,202.060668999647,0.0,703.6564315011763,2292.804314906602,0.0,0.0
391,0.6381078087572248,0.0264347606782364,0.0507568696744188,1.7763568394002547e-18,1.088570677467562,0.1341468621926913,-2.6112445539183715e-16,0.0078531019534883,1413.230061365325,0.0,5410.479230695256,847.3853572020181,0.0,0.0,0.0,0.0,5435.082312557901,944.233318224988,0.0,0.0,0.0,0.0,231.01663080101216,1318.0940959950171,0.0,0.0,1656.3227374843684,826.3227374843684,6697.938344323651,837.267501328167,0.0,315.19043366822217,139.90874650932415,0.0,6698.509474253299,1112.0353240698987,0.0,446.8344014702362,230.11185884155464,0.0,712.5860090249558,2320.552714311338,0.0,0.0
392,0.5279985868597366,0.0157303522145634,0.0373619521196016,1.7763568394002547e-18,0.8781632305670551,0.1119918547521271,-2.6112445539183715e-16,0.0032074658073088,1446.3458235770415,0.0,5299.3123733866905,775.0958135570575,0.0,0.0,0.0,0.0,5330.545501061944,890.8095409084025,0.0,0.0,0.0,0.0,233.92641924513933,1353.1207462725756,0.0,0.0,1677.0299309921031,842.005685417402,6635.273266237219,803.3000913511285,0.0,327.3025369785162,167.07715026795242,0.0,6633.950501087709,1066.256029327479,0.0,463.158879155383,252.26090408503373,0.0,714.7959345587942,2347.6822077277643,0.0,0.0
393,0.4251799047109642,0.0168572099889198,0.023830026737542,1.7763568394002547e-18,0.6641151794175004,0.085804011860465,-2.6112445539183715e-16,0.0001325232691029,1467.0768359840115,0.0,5216.602452416999,723.7651887743615,0.0,0.0,0.0,0.0,5256.034436839563,854.3205872562088,0.0,0.0,0.0,0.0,235.7102002752443,1376.409400814705,0.0,0.0,1677.6045611434745,834.2303524275043,6306.726740559154,727.8346289855023,0.0,350.38697268714816,197.2018928079479,0.0,6282.505600140483,968.7029867270164,0.0,462.6335173895914,262.1910255637583,0.0,671.3620067164476,2266.493827851537,0.0,0.0
394,0.3119312272681548,0.0487252716812945,0.0123428980700052,1.7763568394002547e-18,0.4651024136860491,0.0606935064916945,-2.6112445539183715e-16,-7.28306304154102e-17,1462.8990774143915,0.0,5167.412480795084,706.9965657766634,0.0,0.0,0.0,0.0,5225.638903901593,847.3452868026168,0.0,0.0,0.0,0.0,235.94731289469576,1378.6828223673945,0.0,0.0,1288.4552948402545,638.8537059403521,4717.872209162703,533.4034629309651,0.0,279.3459737542528,160.9662306715642,0.0,4704.21199091113,713.9215119664246,0.0,353.6883303125849,206.45978484193188,0.0,502.3730434292492,1709.2931478515147,0.0,0.0
395,0.2363578588106329,0.1211636030506585,0.0435386473031566,1.7763568394002547e-18,0.367584449960136,0.0370930159136213,-2.6112445539183715e-16,-7.283063041541019e-17,1460.9661645682584,0.0,5160.399148523976,711.0729458516912,0.0,0.0,0.0,0.0,5228.180595772778,849.2411790400387,0.0,0.0,0.0,0.0,235.3715609990766,1368.2743974564137,0.0,0.0,867.4791888876554,430.1852646624138,3176.1170840786917,359.01945315867056,0.0,188.08877744015265,108.43580715191248,0.0,3166.7059166965423,480.4915494705838,0.0,238.0931447341919,139.0154420646987,0.0,338.1488414725357,1150.759828499102,0.0,0.0
396,0.1959442956222133,0.1958465113355422,0.1073249030033228,1.7763568394002547e-18,0.3515221159164716,0.0216995216839108,-2.6112445539183715e-16,-7.283063041541019e-17,1459.9496440217763,0.0,5204.728820370753,734.5737796568121,0.0,0.0,0.0,0.0,5257.8374778857415,867.1934783543518,0.0,0.0,0.0,0.0,233.03113715801803,1348.373000820067,0.0,0.0,531.2234159671973,264.9260434291228,1935.828604603404,216.7131967748604,0.0,115.7068717662463,68.20251742815795,0.0,1923.678099145476,289.1051528978017,0.0,144.6846242023293,85.28233885328372,0.0,204.450690379712,702.7940528426711,0.0,0.0
397,0.1679981909667275,0.3011091878143563,0.1961938949244064,1.7763568394002547e-18,0.4753341025723512,0.0118208376478407,-2.6112445539183715e-16,-7.283063041541019e-17,1454.3279766088292,0.0,5247.539424847663,767.5469759100832,0.0,0.0,0.0,0.0,5302.034606427505,898.2960965824026,0.0,0.0,0.0,0.0,228.355156232136,1325.1816491563573,0.0,0.0,1165.2104286118222,586.7593187175777,4209.59911993463,462.5915731324602,0.0,255.65059705239528,155.93633038504842,0.0,4159.266829377157,614.4609059621878,0.0,312.81207125001544,187.65254933751407,0.0,438.0774721162196,1533.870999817433,0.0,0.0
398,0.2316254876491707,0.4868622700006581,0.3660151749368772,1.7763568394002547e-18,0.9726641845335572,0.0012149491694353,-2.6112445539183715e-16,-7.283063041541019e-17,1443.1678141281675,0.0,5274.6841362539535,800.2851445855624,0.0,0.0,0.0,0.0,5343.83165879726,929.7366267962934,0.0,0.0,0.0,0.0,226.64891362724617,1302.447357277762,0.0,0.0,1798.7796458881398,907.9245784046112,6476.511127616918,702.0197031399698,0.0,393.2136472961655,234.24967137894475,0.0,6405.381722271208,943.5324507619182,0.0,481.6994464612315,290.75097101041143,0.0,671.9197346843213,2364.8730538554314,0.0,0.0
399,0.3954147238042252,0.6951624525683366,0.5326518371561457,1.7763568394002547e-18,1.5673888024129117,1.5987211554602222e-16,0.0057962930296627,-7.28306304154102e-17,1434.6036567014798,0.0,5274.752189412585,805.3255420594187,0.0,0.0,0.0,0.0,5346.680683397374,932.751484636475,0.0,0.0,0.0,0.0,232.39634329851995,1305.3963432985202,0.0,0.0,1785.036016791156,895.6798109667003,6497.031249082672,716.3723138383508,0.0,381.265225569004,217.28387477699852,0.0,6441.180247918755,963.7940720083526,0.0,476.5631007612213,286.10822535866293,0.0,670.92540579613,2352.116037161264,0.0,0.0
400,0.7053144720016976,0.9263148212601894,0.6806137010232548,1.7763568394002547e-18,2.1873958341078694,1.5987211554602222e-16,0.0250823167176077,-7.283063041541019e-17,1430.397343081608,0.0,5306.076050877461,814.7099869227756,0.0,0.0,0.0,0.0,5356.702412029719,937.5950820253342,0.0,0.0,0.0,0.0,236.6026569183916,1309.602656918392,0.0,0.0,1770.08268307284,883.6786507376383,6523.367439371496,733.0612398952494,0.0,370.58711127015954,208.6717165953716,0.0,6469.1458452204615,979.954550641656,0.0,470.3964574421445,278.0675332867255,0.0,670.167929148843,2339.922969567845,0.0,0.0
401,1.1410910946823425,1.1785012962826409,0.7877487583186797,1.7763568394002547e-18,2.802486959063893,1.5987211554602224e-16,0.0444494301727572,-7.283063041541019e-17,1422.8701336523434,0.0,5341.817953684907,825.9269255975819,0.0,0.0,0.0,0.0,5372.718884921967,948.4662383586196,0.0,0.0,0.0,0.0,244.1298663476564,1317.1298663476566,0.0,0.0,1742.6338802400385,870.4611659039196,6538.66380869794,738.370668316238,0.0,354.1979953440816,198.6070032905536,0.0,6490.876960152862,989.9009385467403,0.0,458.7124739002722,256.73627106331406,0.0,674.5129743553803,2327.742553048085,0.0,0.0
402,1.6059136027712766,1.4076010561471948,0.830395105714284,1.7763568394002547e-18,3.369683666134424,1.5987211554602222e-16,0.0622515243588037,-7.283063041541019e-17,1408.5401193728108,0.0,5338.0579873675,827.1302729050253,0.0,0.0,0.0,0.0,5391.613214786409,970.5657168981696,0.0,0.0,0.0,0.0,259.09292120308294,1332.3927825285064,0.0,0.0,1700.0788017663883,852.1992403378655,6557.476398438699,754.1344011611936,0.0,323.94573839825574,164.74331127297495,0.0,6536.093557545635,1011.3999568679582,0.0,442.54077536678216,237.59773188909887,0.0,692.5212413656534,2316.13333826485,0.0,0.0
403,2.1176068506074506,1.625713071835628,0.8617186412428729,1.7763568394002547e-18,3.794667236460214,1.5987211554602222e-16,0.0810317555880397,-7.283063041541019e-17,1400.4417372957987,0.0,5337.010501784632,829.4049197405744,0.0,0.0,0.0,0.0,5394.000058052679,971.4057447717934,0.0,0.0,0.0,0.0,267.4476918830149,1341.4026106411193,0.0,0.0,1697.5972120975573,843.7622401417774,6579.686589177105,760.6909442806212,0.0,322.4956864466,171.30065330343058,0.0,6538.58985008374,1012.8984743490428,0.0,450.1362342072655,246.318716594194,0.0,692.8890381650795,2317.412224086406,0.0,0.0
404,2.6578768740146184,1.814581396834543,0.8647868159999983,1.7763568394002547e-18,3.9894572648956697,1.5987211554602222e-16,0.1009857512691028,-7.283063041541019e-17,1354.2998214791849,0.0,5160.274627863608,813.7678789120604,0.0,0.0,0.0,0.0,5216.921872955062,936.4616316909973,0.0,0.0,0.0,0.0,251.08320887459857,1295.523380563889,0.0,0.0,1702.9223557493688,848.9223557493686,6572.809179363308,750.1326978574913,0.0,326.9981545898605,175.99815458986046,0.0,6525.853813412822,1012.0757988404918,0.0,444.1638626484694,251.47155049150024,0.0,682.6060937591311,2321.5577688893386,0.0,0.0
405,3.1573110298027256,1.9592766795183791,0.8333351406880499,1.7763568394002547e-18,4.079845608266687,1.5987211554602222e-16,0.1163303817587351,-7.283063041541019e-17,947.0397427199096,0.0,3606.791730812706,566.8540251547697,0.0,0.0,0.0,0.0,3650.801815490852,658.8679410360269,0.0,0.0,0.0,0.0,174.50787863848998,908.4749989503013,0.0,0.0,1708.0214679603985,854.0214679603985,6566.490193857543,739.9874389902312,0.0,331.31517549261133,178.44344780613494,0.0,6514.252757317936,1012.157581849048,0.0,435.423033426725,254.2094170581115,0.0,669.8738271860902,2322.2376880260995,0.0,0.0
406,3.534921425162415,2.001621024796581,0.7276859061152128,1.7763568394002547e-18,4.063958891501277,1.5987211554602224e-16,0.1177676999999999,-7.283063041541019e-17,599.8911785138595,0.0,2339.772927675669,372.4839385119273,0.0,0.0,0.0,0.0,2369.6503324984037,433.886555222243,0.0,0.0,0.0,0.0,111.8117880233858,577.509716335068,0.0,0.0,1686.6986737207285,828.9801532396027,6604.166209280434,768.01461067105,0.0,315.7038319230058,138.2193286341427,0.0,6563.31563810825,1035.1109317633363,0.0,405.2717282080306,208.5955571478781,0.0,652.2324450948375,2266.5488029829094,0.0,0.0
407,3.720399090888062,1.9602544968800495,0.6089691024742016,1.7763568394002547e-18,3.7885019886338,1.5987211554602222e-16,0.1177676999999999,-7.283063041541019e-17,1023.5913036494652,0.0,4386.487559669305,731.832816721352,0.0,0.0,0.0,0.0,4449.754342674922,858.3627233139928,0.0,0.0,0.0,0.0,198.34433858367385,997.9269742216776,0.0,0.0,1574.8173890757328,684.075086968418,6772.861598762765,866.2392941839333,0.0,247.3500554325351,35.72587382353347,0.0,6768.35440638496,1148.2622874496203,0.0,314.3579781112859,78.09327800505893,0.0,626.1464513403293,2130.6201304499955,0.0,0.0
408,3.8138238385194314,1.875008365781878,0.472914227960133,1.7763568394002547e-18,3.303251594039287,1.5987211554602222e-16,0.1177676999999999,-7.283063041541019e-17,1227.3112506933332,0.0,5551.422841881727,952.6542706636028,0.0,0.0,0.0,0.0,5605.662800990104,1110.0736478049082,0.0,0.0,0.0,0.0,218.06075923349317,1175.020467286701,0.0,0.0,1504.2608197084105,592.5546973005565,6888.926845150443,936.4433740923106,0.0,209.54560825752085,0.0,0.0,6901.897765834789,1231.3812368929218,0.0,262.8394858496669,32.35328948413929,0.0,624.4543917424792,2064.706122407854,0.0,0.0
409,3.830360354070748,1.7724981374375548,0.3335715017940203,1.7763568394002547e-18,2.757004534487397,1.5987211554602222e-16,0.1123031986116864,-7.283063041541019e-17,1189.4917436493083,0.0,5607.579062162926,980.769317595852,0.0,0.0,0.0,0.0,5637.679431547389,1131.0651565098424,0.0,0.0,0.0,0.0,193.6985117836182,1117.79323186569,0.0,0.0,1497.57716948399,586.3272247507878,6911.144666342436,962.4731466436476,0.0,204.54795292908588,0.0,0.0,6933.823757598475,1258.6935283772732,0.0,258.45230704463614,32.96483616023802,0.0,629.9149436171721,2064.676535667989,0.0,0.0
410,3.654831249134261,1.621978137326553,0.1870461608770766,1.7763568394002547e-18,2.119542242469417,1.5987211554602222e-16,0.0930766380996677,-7.283063041541019e-17,1177.2670040480368,0.0,5628.896188392046,983.9947134882076,0.0,0.0,0.0,0.0,5653.1093926800495,1126.9112203313507,0.0,0.0,0.0,0.0,193.1854029875288,1108.7631066499907,0.0,0.0,1509.4729069042137,597.6999026216603,6929.622093348138,979.736681683096,0.0,211.4522318120633,0.0,0.0,6962.795239180655,1272.2831818425211,0.0,268.0018797781659,33.53530723696213,0.0,632.5851589990267,2074.03739081109,0.0,0.0
411,3.3322852050880765,1.4319985820006718,0.0772620427399825,1.7763568394002547e-18,1.4943570017142822,1.5987211554602222e-16,0.0735138972358803,-7.283063041541019e-17,1172.3781956610826,0.0,5641.083456405926,967.5451084729336,0.0,0.0,0.0,0.0,5652.570673761595,1116.2436086778346,0.0,0.0,0.0,0.0,192.62180433891731,1116.403760949744,0.0,0.0,1531.8054937375052,618.9382002458814,6944.9639132216535,990.9216566518066,0.0,225.16970233337952,0.0,0.0,6988.53173508016,1277.0448130987124,0.0,285.30940237435976,34.064736962757856,0.0,633.416015227191,2088.58571756057,0.0,0.0
412,2.930434659605344,1.2411697074162802,0.0299857847374164,1.7763568394002547e-18,0.8819181199260321,1.5987211554602224e-16,0.0535599015548171,-7.283063041541019e-17,1164.1309602011563,0.0,5626.501364828005,951.387421291447,0.0,0.0,0.0,0.0,5644.752789481296,1111.7506824140023,0.0,0.0,0.0,0.0,188.8667330178541,1116.1500839330472,0.0,0.0,1558.878772410859,644.832008305433,6964.00202955356,1004.8518330496491,0.0,241.91209279846123,4.433208476872756,0.0,7019.667564949883,1283.0120970780042,0.0,306.3767821939728,34.652091678498884,0.0,634.747606326175,2106.449890229042,0.0,0.0
413,2.5124720664365885,1.0512178548555748,0.0105992666218492,1.7763568394002547e-18,0.606977444798906,1.558558921258903e-05,0.0332146510564781,-7.283063041541019e-17,1139.8077753600778,0.0,5608.705681993903,949.667198315219,0.0,0.0,0.0,0.0,5652.297607581515,1102.836190944302,0.0,0.0,0.0,0.0,180.3360912601985,1100.038483678684,0.0,0.0,1564.0,660.9657030536656,6992.496511056375,1030.230110213985,0.0,252.69930221127507,28.29571358354688,0.0,7031.496511056375,1302.326023165739,0.0,326.45623306382726,43.2564324320344,0.0,661.9224345380106,2139.748956124268,0.0,0.0
414,2.1167255884841043,0.8871922829672463,0.0330607378832467,1.7763568394002547e-18,0.7114468163663975,0.0034385120730898,0.0150213020531557,-7.283063041541019e-17,1114.0028044072149,0.0,5589.735728836853,947.634727229014,0.0,0.0,0.0,0.0,5659.928331109188,1092.9724608174129,0.0,0.0,0.0,0.0,170.9571754841838,1082.7963377358378,0.0,0.0,1564.0,664.2152123589923,7004.242039963497,1040.9732375461776,0.0,254.9924082616711,42.62885010625589,0.0,7043.242039963497,1326.7672855702583,0.0,361.3461212353472,77.51131915317225,0.0,698.4497257348404,2199.0602068726344,0.0,0.0
415,1.7272248992353698,0.7174265974960318,0.0661768397940203,1.7763568394002547e-18,0.8789244048952207,0.0101359708504985,0.0011767107431635,-7.283063041541019e-17,1161.3558703404678,0.0,5584.644574380578,923.8529454704748,0.0,0.0,0.0,0.0,5616.423185858168,1041.772270415307,0.0,0.0,0.0,0.0,135.2671392851134,1072.0786691126789,0.0,0.0,1564.0,666.9466189282957,7014.080997818886,1049.9317654446818,0.0,256.8648209738024,54.57960943779323,0.0,7053.080997818886,1347.163367573086,0.0,390.4613423726633,106.05108479686513,0.0,728.9585820562572,2248.624709945749,0.0,0.0
416,1.4240313354972332,0.581437682513835,0.1068475721262462,0.0094954112093023,1.1613419817231452,0.0176884243654486,-2.717825964282383e-16,-7.283063041541019e-17,1194.8408657531447,0.0,5598.986156674268,930.2470009108146,0.0,0.0,0.0,0.0,5612.530627213697,1049.124492056027,0.0,0.0,0.0,0.0,131.48219690665584,1076.8132343111995,0.0,0.0,1567.7683614474463,675.643124257445,7012.86256773076,1052.893891128515,0.0,261.72500058533944,69.63658656824988,0.0,7052.6301969145,1359.710225343356,0.0,421.0731972943438,139.7606677807874,0.0,759.2570834112705,2300.785619428822,0.0,0.0
417,1.267024994758614,0.4962281130838609,0.1448400622724256,0.0321883278936877,1.460703864000971,0.0244571327043191,-2.7178259642823837e-16,-7.283063041541019e-17,1214.075684766429,0.0,5621.343662606869,941.1971485686644,0.0,0.0,0.0,0.0,5622.814693932478,1064.8439202885324,0.0,0.0,0.0,0.0,135.81822325827494,1085.4971687000427,0.0,0.0,1606.897351419013,734.7950720889152,6902.841978368979,990.0322322094404,0.0,291.0366875663363,100.10000556281872,0.0,6945.7599521110105,1278.1309610287417,0.0,435.1976155100815,188.2403159561168,0.0,754.0619792721909,2323.925493283131,0.0,0.0
418,1.1537520179736644,0.4327515532460794,0.1839503056544853,0.0557183926046511,1.775940990345275,0.0313739883559565,-2.7178259642823837e-16,-7.28306304154102e-17,1246.423575034913,0.0,5686.393391701532,981.6561637171628,0.0,0.0,0.0,0.0,5713.747200756896,1118.0244322951594,0.0,0.0,0.0,0.0,194.3328581231644,1150.3826283506585,0.0,0.0,1670.797693912754,801.4217175510537,6766.25903489237,885.0187842025683,0.0,324.21085877552684,134.133874123357,0.0,6762.080716251271,1144.265534807558,0.0,439.0503092229689,212.9183669811836,0.0,703.6304432204558,2310.789141224473,0.0,0.0
419,1.0154279244736455,0.355556898702935,0.2195125710923339,0.0821593931561462,2.0328695174344613,0.0463939938120731,-2.7178259642823837e-16,0.0102426548105057,1264.5546617180394,0.0,5635.541744737558,966.004617220254,0.0,0.0,0.0,0.0,5690.392275070239,1107.7331499000445,0.0,0.0,0.0,0.0,218.7684486062733,1199.2186468721577,0.0,0.0,1717.1603366129184,842.195299608285,6678.739968044468,808.699060568421,0.0,344.5976498041425,155.32962062527787,0.0,6626.99618445719,1047.9528869175026,0.0,438.2680291788647,218.11356085140895,0.0,657.6672384738881,2290.4023501958573,0.0,0.0
420,0.905905185835454,0.2832977530834412,0.2356214033808875,0.1073875037740864,2.138952196106313,0.0722444227305063,0.0034137285636112,0.0534989481727573,1276.7867827957612,0.0,5580.369751953278,946.5790203007532,0.0,0.0,0.0,0.0,5662.6524451809855,1088.4785497267044,0.0,0.0,0.0,0.0,231.63913281387525,1240.2489201019166,0.0,0.0,1734.2675200527478,857.3719802638208,6645.968136939402,780.7324799472522,0.0,351.9821653298168,162.97197408971215,0.0,6577.006354089794,1012.4267427441116,0.0,438.0484083904972,219.9337569393196,0.0,640.6076372559698,2282.7044540369643,0.0,0.0
421,0.8201300619588063,0.2278146382724184,0.240456973754153,0.1306749904983389,2.217106695800668,0.093753714857143,0.0185257096744183,0.0960806514019932,1356.1987070399805,0.0,5436.08855255613,892.5179034294323,0.0,0.0,0.0,0.0,5557.28466348193,1020.7151002012248,0.0,0.0,0.0,0.0,271.2486623246415,1348.2321541015108,0.0,0.0,1742.206518653044,868.418626951301,6615.193749337873,772.5832499020122,0.0,351.4755442542808,162.2684614276204,0.0,6547.33265039748,995.2809194109584,0.0,439.5607413883529,218.12209652973056,0.0,629.1415337964381,2274.208281759076,0.0,0.0
422,0.7374730475880418,0.1747951351255749,0.2423241241116281,0.1455162604225914,2.2664958850684407,0.1139177525980069,0.0338711354551492,0.1360009981794018,1386.8513345672554,0.0,5387.614310255069,873.4095401700458,0.0,0.0,0.0,0.0,5511.987394296927,995.321181290604,0.0,0.0,0.0,0.0,283.9396934466973,1383.883588794419,0.0,0.0,1747.814162261173,876.3005562882056,6592.370983091346,765.6925726762591,0.0,351.38274841421406,162.51290169086542,0.0,6525.150506082843,982.251902751254,0.0,441.0217375788096,217.68036337170255,0.0,621.9304373686506,2269.585133456725,0.0,0.0
423,0.6244059771669171,0.1269539654640792,0.2350620313767902,0.1460319480000001,2.2027682284756573,0.1369935498737545,0.0514331227375413,0.1816876172691031,1391.3863585247802,0.0,5372.608072804081,863.3327427266252,0.0,0.0,0.0,0.0,5468.288106002519,982.1376454440122,0.0,0.0,0.0,0.0,281.8486759270191,1393.3404483564566,0.0,0.0,1755.977157468198,888.2293409201269,6553.19872028879,749.9477972907938,0.0,352.85467154499383,166.7122510737728,0.0,6486.30606450794,958.2923707466796,0.0,445.0944997577404,221.29102123900287,0.0,615.7993435590735,2269.625573434944,0.0,0.0
424,0.5107199182145084,0.0876157465830817,0.2078552600855011,0.1460319480000001,1.9534927658381505,0.1580267561115781,0.0703591478671093,0.2309227116279074,1449.2194177237875,0.0,5319.643800250636,830.1783075040611,0.0,0.0,0.0,0.0,5374.414147428157,935.6262363473484,0.0,0.0,0.0,0.0,287.37020306504286,1426.6336704370915,0.0,0.0,1768.1513069848006,906.6765196493736,6485.668470162913,717.3614133101457,0.0,357.47464216776774,179.0657147543738,0.0,6418.176754495672,914.8699500598824,0.0,454.3374974565424,233.43685437590744,0.0,613.6245695839383,2280.572474350844,0.0,0.0
425,0.423462090139539,0.0648132137940135,0.17350091910299,0.1460319480000001,1.6905764781084258,0.1660962251226217,0.0868981067641191,0.2648670061177897,1498.1683106416067,0.0,5264.044442548177,798.22010413085,0.0,0.0,0.0,0.0,5307.497324990345,901.3953836099046,0.0,0.0,0.0,0.0,283.60078585862334,1433.9003785898296,0.0,0.0,1772.3074075525944,913.9444304281876,6449.434179966515,693.1369823320074,0.0,362.5904564445014,192.04218336485204,0.0,6380.199896482509,888.9590309554543,0.0,462.06412092786746,247.281564364212,0.0,622.8544663119376,2299.9917113083934,0.0,0.0
426,0.339453503162795,0.0465494059758074,0.1374657408980732,0.1374786893732891,1.393106828084251,0.1603638178803987,0.1006231445413948,0.2670227640000005,1527.9792017074824,0.0,5226.99480042687,773.6649334756236,0.0,0.0,0.0,0.0,5276.041596585035,881.6961309144001,0.0,0.0,0.0,0.0,273.9792017074822,1438.3506652437648,0.0,0.0,1776.4072794023814,921.079492280386,6413.702538598071,669.2903501954632,0.0,367.6423459267577,204.8228781217696,0.0,6342.83292550663,863.4207371040231,0.0,469.64702554257417,260.9579446461461,0.0,631.9831319815765,2319.1678238350923,0.0,0.0
427,0.2434931733018283,0.0397338033187423,0.0962725721860467,0.1128733081594685,1.052528516821161,0.1530251130498336,0.1026438479999994,0.2670227640000005,1507.4877134902931,0.0,5257.486774508257,788.5564185667158,0.0,0.0,0.0,0.0,5313.189995303651,906.5451018086036,0.0,0.0,0.0,0.0,264.43349537539206,1418.987050277793,0.0,0.0,1781.6411881745075,930.2073431883898,6367.909102406485,638.6727349376565,0.0,374.0605583970295,221.18300275369376,0.0,6294.870361961441,830.6339944926124,0.0,479.4186690645957,278.5542606222502,0.0,643.701746571537,2343.7742572494512,0.0,0.0
428,0.1485580703130939,0.0386599791013888,0.0547431384916945,0.0878877755282392,0.725340172554418,0.1456667878198004,0.1026438479999994,0.2670227640000005,1493.6521282017743,0.0,5252.311328151874,802.0366971208066,0.0,0.0,0.0,0.0,5317.25677930539,929.744848610972,0.0,0.0,0.0,0.0,259.32850629007675,1370.2041561779388,0.0,0.0,1785.8664533535975,937.5029662223238,6331.419632226104,614.3298845158652,0.0,379.1795883861624,234.2233873223257,0.0,6256.642973065588,804.5532253553487,0.0,487.1941880315501,292.53652235489045,0.0,652.9788471920665,2363.332138002586,0.0,0.0
429,0.1028565714478023,0.0334288115880334,0.0234133717568393,0.0643577108172757,0.4999134566893333,0.1320515590149148,0.1026438479999994,0.2579494026773173,1495.051020209606,0.0,5262.76353515506,802.3635122501217,0.0,0.0,0.0,0.0,5313.050928385827,926.0509283858278,0.0,0.0,0.0,0.0,255.76390969898733,1372.5783732398754,0.0,0.0,1821.4239746027424,982.8428992820571,6202.345885089433,530.1813145160528,0.0,399.5695273514994,270.0532805050366,0.0,6128.028206521108,707.2511998856446,0.0,516.084222112146,320.122888697538,0.0,639.3166686705356,2383.0841825253674,0.0,0.0
430,0.0756472656079775,0.026814957787369,0.0077423608239207,0.0398573341594684,0.3969831996478402,0.1066636137209302,0.0996175949501655,0.2157416128704322,1495.9516723787806,0.0,5273.9944660103165,802.6808122975098,0.0,0.0,0.0,0.0,5309.054227178531,922.0542271785312,0.0,0.0,0.0,0.0,252.32508725980205,1376.3235327012212,0.0,0.0,1822.1369524808767,978.7772572804008,6240.485119682377,568.6074281878062,0.0,416.91243628841454,263.2234775504662,0.0,6180.721057797283,721.0475277280431,0.0,496.8405813418726,310.49393794333804,0.0,630.5613768331402,2365.236874668652,0.0,0.0
431,0.0491770239069808,0.0200046528837145,0.0022017350033227,0.0146292235415282,0.3123086887351492,0.0833413945514951,0.08360662413289,0.1696114343720931,1496.2618676971144,0.0,5285.127199871215,802.8920073619232,0.0,0.0,0.0,0.0,5304.832111185459,918.4607790988038,0.0,0.0,0.0,0.0,249.11004739548105,1380.0906560612066,0.0,0.0,1811.072613932293,973.4003013386844,6303.945750169056,604.9374701486521,0.0,410.27315836291416,253.30231472148816,0.0,6214.375726400958,753.5860957735304,0.0,491.5625336469705,296.85731738583286,0.0,624.5158478122506,2362.7820587833035,0.0,0.0
432,0.0232158253156187,0.0133253153820533,0.0002566124712501,0.0001792960840787,0.2342875664175821,0.0604888184451828,0.0662151415813952,0.1243683746910297,1490.3675034427072,0.0,5286.598693034432,802.4277551040927,0.0,0.0,0.0,0.0,5302.085058686922,923.1188622097842,0.0,0.0,0.0,0.0,251.63167600079944,1381.0,0.0,0.0,1811.2301993955805,968.5369142899584,6310.237412782026,620.026562168423,0.0,410.5793166106956,245.02732430476803,0.0,6248.582741662614,775.6459334602753,0.0,492.9484611663894,295.9151953585257,0.0,629.3241405499278,2355.329089874537,0.0,0.0
433,0.0099953160866715,0.0069079126843789,0.0019606074349275,-3.5527136788005095e-18,0.1760312007144298,0.0385324217940199,0.0495056779534882,0.0808995526445181,1483.9926003114906,0.0,5285.263182417071,801.8891073781353,0.0,0.0,0.0,0.0,5300.233117738673,928.9773350101112,0.0,0.0,0.0,0.0,255.09956012692032,1381.0,0.0,0.0,1812.8910737813528,965.8910737813528,6320.461836746551,628.4923673493103,0.0,409.8910737813529,236.19172056533156,0.0,6273.4923673493095,787.0,0.0,491.6993532160213,292.0,0.0,634.1917205653316,2351.191720565332,0.0,0.0
434,0.0411834578401446,0.0012464110635073,0.0563311323728751,-3.5527136788005095e-18,0.14107237124956,0.0168116501801838,0.0329667190564781,0.0378742900066444,1490.620663636231,0.0,5276.393233411624,800.9529131691587,0.0,0.0,0.0,0.0,5292.560995505347,926.8854012708036,0.0,0.0,0.0,0.0,253.85225341102188,1380.9979070604973,0.0,0.0,1426.2795318622736,756.6813684987807,5038.098357287995,505.1019991051284,0.0,317.0884295041234,187.35915096140212,0.0,4967.991921705798,622.2197528911765,0.0,381.16142873879073,230.87849390084784,0.0,502.05837310074446,1859.5123274115476,0.0,0.0
435,0.094418129332816,0.0028124316865286,0.1424658844338483,-3.5527136788005095e-18,0.1557029756904432,0.0011400737377371,0.015575236504983,0.002678815541919,1523.7269106362708,0.0,5257.6750828165,791.9966775787161,0.0,0.0,0.0,0.0,5272.433886744838,906.5561459913106,0.0,0.0,0.0,0.0,243.6784052377837,1380.6398671031486,0.0,0.0,1167.6685739943975,621.544652561153,4124.8336303219785,413.698672007616,0.0,259.51966834354937,153.5709637950112,0.0,4069.227783055745,510.2872436593028,0.0,317.40405393964414,194.242458982202,0.0,415.8922933492025,1532.0720965418625,0.0,0.0
436,0.193890184672938,0.0284027863798621,0.2407296165847182,-3.5527136788005095e-18,0.3255829985093654,1.5987211554602222e-16,0.0061634594814445,-7.81597009336109e-17,1557.0,0.0,5239.764711786145,780.7654950765466,0.0,0.0,0.0,0.0,5248.111377783715,888.3458827071686,0.0,0.0,0.0,0.0,231.58038763062208,1370.8148925540754,0.0,0.0,1568.4534845491307,840.0138079464938,5539.883671115151,556.0204458420131,0.0,348.481994357212,206.66158866098584,0.0,5470.195430507621,687.456537419163,0.0,439.780046167655,273.9615986974326,0.0,570.6322152709292,2081.656677929417,0.0,0.0
437,0.383738746184922,0.0743732280248165,0.3465743408372102,-3.5527136788005095e-18,0.5956571040127874,0.0001657646030215,0.0213979318803983,7.010726835070225e-05,1553.6688267493066,0.0,5258.018645102146,793.5650602166737,0.0,0.0,0.0,0.0,5263.651628062326,892.7521544709994,0.0,0.0,0.0,0.0,220.956901993268,1344.6341219098513,0.0,0.0,1799.5564784622195,954.0840642989432,6373.226415094339,642.7831441792897,0.0,401.0,237.11320754716985,0.0,6294.379506640773,802.3592066161068,0.0,491.44423758784944,312.77333428293,0.0,657.7255737329053,2383.54788586139,0.0,0.0
438,0.740254550359199,0.1626875323267475,0.4566528540598019,-3.5527136788005095e-18,1.1289618748141488,0.0068348703763925,0.0393445844252489,0.0034757802048074,1540.2791975374075,0.0,5286.588582984628,808.1488399774539,0.0,0.0,0.0,0.0,5286.587571808518,907.8220155489186,0.0,0.0,0.0,0.0,212.51550319581952,1310.4561708123804,0.0,0.0,1773.0682115205336,924.6843210457278,6371.506425831682,662.592993621874,0.0,389.5242569096364,200.09163773960435,0.0,6298.677694788761,817.8396255481579,0.0,466.43799943519457,279.160374451842,0.0,635.6615154581583,2346.1364230410672,0.0,0.0
439,1.164633182162795,0.2697237888230075,0.5561606168562376,-3.5527136788005095e-18,1.697068069458774,0.0394281894019935,0.0557381612691027,0.0312312324971307,1493.1647082215293,0.0,5341.409036787479,835.0775745298129,0.0,0.0,0.0,0.0,5350.397207534616,948.3196330048036,0.0,0.0,0.0,0.0,215.33124232001944,1283.0549760530585,0.0,0.0,1720.1501482639678,875.026258041446,6482.052565853795,695.0789878598653,0.0,351.0387572254068,147.56181600098787,0.0,6422.83261507576,873.7237767722843,0.0,409.9008745803962,216.9685126966934,0.0,628.2242796818969,2278.669042100311,0.0,0.0
440,1.5975880971631713,0.3874378176478336,0.6085009078803991,-3.5527136788005095e-18,2.2598560113330417,0.0963252886245848,0.0724768660465114,0.0808200661395348,1330.233060301175,0.0,5471.448858569997,911.3431484959492,0.0,0.0,0.0,0.0,5527.142780846657,1071.432524968091,0.0,0.0,0.0,0.0,240.08758023413665,1254.6003034890334,0.0,0.0,1635.4467612650333,796.7583174868282,6598.074458096588,767.7700018840101,0.0,295.8835075562707,71.83027933909067,0.0,6574.897998195196,971.9806425640109,0.0,355.23817254612527,126.94585866542728,0.0,618.8110225084306,2190.5365500070443,0.0,0.0
441,2.064390705012316,0.5166387828766783,0.6310841359335551,-3.5527136788005095e-18,2.835680653435217,0.1577465290764121,0.090423518591362,0.1341888706046511,1238.7903112177144,0.0,5228.534396782393,879.6246474091985,0.0,0.0,0.0,0.0,5294.010435092801,1042.8127968676686,0.0,0.0,0.0,0.0,237.7628912357944,1198.9726929722578,0.0,0.0,1627.639361585103,797.7902631044844,6619.774184151117,778.721276829794,0.0,300.19365794214724,79.98392104663176,0.0,6606.049309720482,991.8984082011004,0.0,361.606756060894,131.60675606089396,0.0,625.721276829794,2209.5216908328352,0.0,0.0
442,2.4880053596186307,0.6534428062566215,0.6371852400000002,-3.5527136788005095e-18,3.274658223385698,0.2191677695282396,0.1032633283184353,0.1875576750697672,769.3685952303728,0.0,3272.989498146418,550.1843227344632,0.0,0.0,0.0,0.0,3317.950002504354,655.8276528227849,0.0,0.0,0.0,0.0,153.7798548310344,756.2716766149745,0.0,0.0,1628.7258826282807,808.4706328983032,6620.917547498085,779.1429999969287,0.0,307.2896001592688,96.12143395010452,0.0,6624.758624320208,1001.0138740501844,0.0,374.4196604116581,146.1950261114145,0.0,634.3369955342656,2239.4119220280822,0.0,0.0
443,2.803167204710264,0.7879805257338628,0.6365979025745765,-3.5527136788005095e-18,3.575365876713764,0.2729113549235886,0.1038835079999999,0.2342553789767437,975.5477333455444,0.0,4262.111264956059,711.2976726533432,0.0,0.0,0.0,0.0,4338.084326589811,863.5644690770306,0.0,0.0,0.0,0.0,225.08420445888572,1023.4022705350318,0.0,0.0,1659.7154578865648,840.7154578865648,6516.360682437714,732.9268131701529,0.0,304.1690186991362,115.29012146362793,0.0,6580.926813170153,955.9268131701529,0.0,392.32392520345513,174.884476585701,0.0,637.8985887805183,2266.053495284837,0.0,0.0
444,2.9971010905347097,0.9006380837761797,0.5890017070879537,-3.5527136788005095e-18,3.64613683563001,0.3239127751159302,0.1038835079999999,0.2805419726973241,1159.245957932919,0.0,5126.461134285875,853.1287145978464,0.0,0.0,0.0,0.0,5225.58184297625,1042.4951288703546,0.0,0.0,0.0,0.0,281.0835830159854,1245.9619393802964,0.0,0.0,1605.9752560929871,815.7684206493354,6344.168732125282,714.9150659135169,0.0,294.8455174103558,112.12081446585242,0.0,6384.01701669255,931.6929845920588,0.0,381.7086779212067,165.83573558364623,0.0,629.1709939392777,2205.01562452128,0.0,0.0
445,3.0975099197110234,0.9982847867583174,0.4945260657756574,-3.5527136788005095e-18,3.5849001415987978,0.3549332060991855,0.1038835079999999,0.3085720187757166,1208.7545615872696,0.0,5455.64599612378,905.0578586502764,0.0,0.0,0.0,0.0,5567.1024900046,1109.9628422748326,0.0,0.0,0.0,0.0,302.7749116448715,1325.0997554212952,0.0,0.0,1152.645684118442,583.5362855682831,4610.647335029046,526.3418652135796,0.0,209.7453200611063,77.6600725255731,0.0,4613.200328510334,683.7258712064357,0.0,276.7627465125111,115.86585069949572,0.0,460.6514473179834,1592.5462775810167,0.0,0.0
446,3.106109178704608,1.0523953273364106,0.3932802816877076,-3.5527136788005095e-18,3.3901133329071262,0.355534488000001,0.0988548539800663,0.3089232719999993,1188.7309186449238,0.0,5464.929906932811,904.0,0.0,0.0,0.0,0.0,5577.608255777343,1109.3391744222658,0.0,0.0,0.0,0.0,295.40926748945543,1320.0175232667973,0.0,0.0,1120.7242038934437,563.6375000126725,4486.359847885294,533.2243945390529,0.0,209.6358696382355,77.70899067589087,0.0,4488.15169300463,686.883873263946,0.0,271.18724071991426,115.59064026508896,0.0,449.4288036810071,1541.9297340480389,0.0,0.0
447,3.0136312786941533,1.0814557826352929,0.2927277936478403,-3.5527136788005095e-18,3.118496798462811,0.3554476807013366,0.082830704053156,0.3088887440775639,1178.9045262993188,0.0,5488.575109251608,907.6674313301036,0.0,0.0,0.0,0.0,5600.339210422058,1116.168233892873,0.0,0.0,0.0,0.0,276.58242607778726,1287.552489222277,0.0,0.0,1530.4999187767671,771.8943803032646,6136.144236497073,747.2232650491735,0.0,294.55303601572456,109.93516890417791,0.0,6144.327263559763,962.0249914437034,0.0,369.4673123685132,157.34191868605947,0.0,617.2793351794116,2100.0289382553,0.0,0.0
448,2.7556455058476845,1.0472195736004464,0.1847661749102992,-3.5527136788005095e-18,2.590594641753148,0.3491541670895765,0.0652291794418603,0.3057199246644513,1156.9740659997417,0.0,5572.016516039062,939.3845686473968,0.0,0.0,0.0,0.0,5665.4359600682055,1148.8820529671716,0.0,0.0,0.0,0.0,235.19788829532845,1208.6443467841946,0.0,0.0,1635.3518028942392,810.4510955225531,6699.555225850351,830.0401642548009,0.0,300.9033090537941,92.8832269263937,0.0,6712.212718680687,1067.0896242341764,0.0,370.4246920222485,146.44812117088233,0.0,646.6541458091024,2228.0092957245747,0.0,0.0
449,2.407555481725536,0.958249196500888,0.0878017205888067,-3.5527136788005095e-18,2.039453192022487,0.3201265289670337,0.0493532944983387,0.2812200865760283,1149.9263981364827,0.0,5641.773738232282,971.5326365906072,0.0,0.0,0.0,0.0,5714.072877193277,1179.1242924376827,0.0,0.0,0.0,0.0,221.73962462431805,1181.2631160695043,0.0,0.0,1607.5093994828856,759.0472146047214,6742.267562779022,852.809483624738,0.0,274.48846746304355,50.75795977716849,0.0,6746.562937915076,1088.0988263408333,0.0,337.83206834433446,103.69915097207192,0.0,619.6292299400459,2177.401327669281,0.0,0.0
450,1.9955717335113108,0.8449394621667501,0.0296363766513774,-3.5527136788005095e-18,1.4618708020291498,0.2609809659269107,0.0319243338538203,0.2296426906046511,1138.7097165303314,0.0,5684.690561413639,987.8154765033688,0.0,0.0,0.0,0.0,5744.985811271904,1193.1703347685343,0.0,0.0,0.0,0.0,225.6451417348344,1181.0596084069005,0.0,0.0,1592.2112619364243,736.7417384136672,6799.598952194212,890.2995257434875,0.0,258.83692922663727,22.449238968849688,0.0,6763.63962059479,1115.4016435623646,0.0,305.83692922663727,59.76202296757473,0.0,602.319810297395,2106.319810297395,0.0,0.0
451,1.5660322758737584,0.7184400623147801,0.0200571633986715,-3.5527136788005095e-18,0.9760825435514948,0.1960600197757476,0.0129422975083053,0.1731949166511629,1051.5682157608308,0.0,5530.975730937338,963.496039020234,0.0,0.0,0.0,0.0,5603.00519900518,1169.1837749143444,0.0,0.0,0.0,0.0,248.9933932744108,1178.1863035610063,0.0,0.0,1643.1634301686236,779.1125000000001,6809.287270894324,926.3835583659494,0.0,294.2752250326162,55.60427850413138,0.0,6846.232291327245,1143.6633169734723,0.0,343.2500013576868,87.17823649804302,0.0,612.3582228535553,2128.336569831376,0.0,0.0
452,1.2653112753544231,0.5989179818918222,0.0580741913996017,-3.5527136788005095e-18,0.789948253506976,0.1459775841727576,0.0006573904624581,0.1229050816744186,1013.129446598852,0.0,5337.595664405193,928.5801596664973,0.0,0.0,0.0,0.0,5408.511480649002,1127.8876718172123,0.0,0.0,0.0,0.0,241.48000031950545,1139.0919824119871,0.0,0.0,1643.8821870070328,781.0,6808.361901620223,927.0364501172152,0.0,295.0364501172154,55.75128368151394,0.0,6855.366529311453,1143.5970205713318,0.0,344.5338827541875,89.11781299296709,0.0,611.7825990726735,2130.1178129929667,0.0,0.0
453,1.0180675488637947,0.4588706430275494,0.1194406232292362,-3.5527136788005095e-18,0.697676820243892,0.1010009007848349,-2.8244073746463973e-16,0.0711336143685753,564.855350157768,0.0,2923.573519059454,502.3167219738548,0.0,0.0,0.0,0.0,2964.258619883746,604.4583876153382,0.0,0.0,0.0,0.0,126.0349315917639,626.3267395351808,0.0,0.0,1640.4066204167675,782.3116736591671,6852.194828781921,912.1705977267734,0.0,283.15167422488065,54.2790123507832,0.0,6853.279026696916,1153.276548920929,0.0,337.26305236225426,92.95110876300504,0.0,606.5802553110925,2137.409157500809,0.0,0.0
454,0.8987154873819256,0.3488895704070057,0.181071905740864,-3.5527136788005095e-18,0.8517146464279344,0.0647988429563865,-2.824407374646397e-16,0.0237111109770269,906.2960611181022,0.0,4286.318761615328,734.4463368880637,0.0,0.0,0.0,0.0,4333.697090807302,864.1989647887385,0.0,0.0,0.0,0.0,174.53476128061556,926.3810217789654,0.0,0.0,1622.2081875090742,791.3959062454629,6849.274588070244,903.5491761404882,0.0,295.1762357892676,55.89016477190235,0.0,6821.141786947905,1143.659011368586,0.0,357.6270596487794,113.62705964877934,0.0,629.4623068066329,2182.0344488413634,0.0,0.0
455,0.8792021820673297,0.2647422496255188,0.2439609695282394,-3.5527136788005095e-18,1.1229364025276731,0.0549985070529681,-2.824407374646397e-16,0.0003645080629348,1188.097874170266,0.0,5418.891858633086,927.492214640744,0.0,0.0,0.0,0.0,5471.336389789476,1081.6085792662916,0.0,0.0,0.0,0.0,217.01708465633243,1177.450267081717,0.0,0.0,1629.9918533226946,800.8942690005015,6811.787427271394,900.210638349671,0.0,297.51185501248983,64.77721648099893,0.0,6821.856246071163,1131.3283310601564,0.0,360.8871793286172,131.10568110174646,0.0,630.7853631583043,2186.942775994533,0.0,0.0
456,0.8809476991893758,0.1831121966511576,0.3093586994457697,-3.5527136788005095e-18,1.4043105736275132,0.0712503851561462,-2.8244073746463973e-16,-5.32907051820077e-17,1278.8611382660818,0.0,5670.916412102171,969.2123817759648,0.0,0.0,0.0,0.0,5703.904771079659,1127.6650390990792,0.0,0.0,0.0,0.0,239.91380351186808,1249.2657770833612,0.0,0.0,1662.0702777303004,831.7176359480213,6746.091492530984,859.7110445640176,0.0,309.49895824233937,87.76465323605818,0.0,6753.187266958973,1066.6071198315822,0.0,377.4522846177072,159.3419944729432,0.0,621.6943755057578,2197.7282832573574,0.0,0.0
457,0.8556543741551315,0.1050654460342389,0.3586668550587796,-3.5527136788005095e-18,1.5676757309095328,0.0878464799286993,-2.824407374646397e-16,-5.3290705182007697e-17,1313.301537706005,0.0,5599.008447585152,951.1505526325344,0.0,0.0,0.0,0.0,5662.964332744681,1101.566116954616,0.0,0.0,0.0,0.0,246.93804444385356,1271.0378248734596,0.0,0.0,1691.771195048506,860.0756848921754,6702.500563866332,816.1160198917743,0.0,322.0890031444616,110.91042401222153,0.0,6678.186466757242,1003.5788227016498,0.0,396.00323206834304,178.93838008197352,0.0,617.2023777282087,2215.3422000722303,0.0,0.0
458,0.796545093443197,0.058424695311622,0.3767700971800677,-3.5527136788005095e-18,1.617402935122927,0.0957264628305649,-2.824407374646397e-16,-5.3290705182007685e-17,1344.7913942864177,0.0,5513.6966554149685,913.2086057135822,0.0,0.0,0.0,0.0,5621.956160705397,1057.346715800588,0.0,0.0,0.0,0.0,248.8622501575628,1296.6353631507218,0.0,0.0,1708.084171126667,876.3811737164384,6689.63943407374,814.1484298422073,0.0,328.3525286685547,125.71267948038296,0.0,6654.529015591521,989.3819405481698,0.0,410.5451437550895,201.2141862619616,0.0,632.6449882345854,2246.3386332845607,0.0,0.0
459,0.7573155538159141,0.0451975465303832,0.3785921640000013,-3.5527136788005095e-18,1.6620355888364315,0.0975250236748096,-2.8244073746463973e-16,-5.32907051820077e-17,1383.6697437582638,0.0,5479.725712075576,874.6956129278541,0.0,0.0,0.0,0.0,5550.568080417316,1010.6630384139464,0.0,0.0,0.0,0.0,244.7521233732432,1319.1877288956011,0.0,0.0,1719.844333798848,893.4628607873858,6659.998822747712,798.5529458668834,0.0,341.92880741671024,139.46286078738578,0.0,6603.405120353787,973.0316133085385,0.0,418.9446140709794,213.94461407097936,0.0,631.2506314049241,2256.0,0.0,0.0
460,0.7329203041004393,0.0362203751086065,0.3785786205640187,-3.5527136788005095e-18,1.6807157579739365,0.0976852080000001,-2.824407374646397e-16,-5.3290705182007697e-17,1404.4353728369244,0.0,5477.684162315203,878.4586896682166,0.0,0.0,0.0,0.0,5535.071740351438,998.7671331817584,0.0,0.0,0.0,0.0,249.4665226838669,1334.2631685235283,0.0,0.0,1725.9107009991558,903.9107009991556,6634.762164047256,781.1114027139246,0.0,351.9186583358647,150.0150305248946,0.0,6567.252866477638,959.1114027139246,0.0,421.9257315240503,217.02210371308027,0.0,626.0,2255.9849694751056,0.0,0.0
461,0.6760699101076467,0.0331801108066387,0.3652016943946855,-3.5527136788005095e-18,1.57031057179535,0.0976767880132891,0.0012387264797339,-5.3290705182007685e-17,1396.2923353863646,0.0,5510.237765439796,904.5801543237368,0.0,0.0,0.0,0.0,5565.868401241716,1013.9022695508074,0.0,0.0,0.0,0.0,249.0198456762633,1320.862127565052,0.0,0.0,1721.4861034960911,899.4861034960912,6622.984330653507,786.6268851874944,0.0,347.8835794221822,150.75745452706053,0.0,6579.775346095777,964.6268851874944,0.0,418.2457802453741,218.1196553502524,0.0,626.0,2255.24254547294,0.0,0.0
462,0.5912107074324862,0.0476964413843991,0.3231301583756114,-3.5527136788005095e-18,1.3506333198538192,0.0905338936345516,0.0233009888512797,-5.32907051820077e-17,1346.2754264802454,0.0,5552.821298112113,889.1172530673814,0.0,0.0,0.0,0.0,5559.27792703346,993.433603848671,0.0,0.0,0.0,0.0,218.09580593825405,1244.6262670282852,0.0,0.0,1715.492705814881,892.8138722668833,6604.689278687507,795.3998151431439,0.0,342.04625932749855,152.99549853148324,0.0,6600.016172782559,974.047792620778,0.0,413.2601327458957,220.8082430351545,0.0,625.9876575718546,2255.312535531709,0.0,0.0
463,0.5381462903322313,0.0763060838073032,0.271262166294574,-3.5527136788005095e-18,1.1033739120531536,0.0754506772225914,0.0861096634795124,-5.32907051820077e-17,1349.325111481949,0.0,5551.815377408586,889.21731847768,0.0,0.0,0.0,0.0,5551.284385263571,990.1846225914146,0.0,0.0,0.0,0.0,217.9395183559872,1245.776096380442,0.0,0.0,1716.6764486198483,893.4182890122273,6605.893767097528,794.9934723139033,0.0,342.8529259675873,153.85292596758725,0.0,6599.421581583167,974.1944428484504,0.0,414.25324947910303,221.5097915291452,0.0,625.9771243707705,2256.4248166983243,0.0,0.0
464,0.5130303335867722,0.1078916047176023,0.2461407451906418,-3.5527136788005095e-18,0.8469688350282012,0.0592129158936878,0.1686759191302748,-5.3290705182007697e-17,1396.1313950922265,0.0,5534.164782428001,891.4239725181833,0.0,0.0,0.0,0.0,5487.387684912998,1008.4044820055146,0.0,0.0,0.0,0.0,242.64993841561815,1293.066023313194,0.0,0.0,1737.3550610246468,904.42341023203,6630.101736197175,788.7280696644177,0.0,358.5727305567285,169.57273055672846,0.0,6587.0848303285575,976.0745275868788,0.0,433.134698439522,233.4193562394719,0.0,628.3461895921079,2276.5416627351906,0.0,0.0
465,0.5623755538775561,0.1453709921176973,0.2421423196390272,-3.5527136788005095e-18,0.5848823968871086,0.0436362505311547,0.2675008765462065,5.244747711655979e-06,1385.5391011990416,0.0,5529.268621665674,894.5072101331399,0.0,0.0,0.0,0.0,5505.435801536058,1016.5785592014496,0.0,0.0,0.0,0.0,254.73398872484324,1309.5422080631502,0.0,0.0,1674.8200173674495,872.0992672821671,6398.330900326068,766.7824975487675,0.0,352.4099978883838,170.28671756210994,0.0,6346.71672639725,942.38011731481,0.0,424.6678570203504,226.4076105441105,0.0,617.212373812278,2200.7135147087274,0.0,0.0
466,0.6714930021029955,0.2149696396594626,0.2659391940797348,-3.5527136788005095e-18,0.3520760699800648,0.0313007457483389,0.4257888207607971,0.0033833245514949,1370.6564823875224,0.0,5521.392383762223,896.7178743389154,0.0,0.0,0.0,0.0,5521.636769966422,1024.0306759239,0.0,0.0,0.0,0.0,266.5679913507693,1325.8942858485989,0.0,0.0,1270.022115070295,661.3615691882685,4852.182402205358,581.6435403664377,0.0,267.4318255555041,129.36677367115465,0.0,4812.748346157188,714.647103565966,0.0,322.23377052116103,171.75166810423093,0.0,468.4028609067503,1669.02307602838,0.0,0.0
467,0.8402481993318995,0.3140808547783995,0.3058563284491702,-3.5527136788005095e-18,0.2338478150112937,0.023989727344186,0.6242495732312296,0.0094691902724251,1366.826981211149,0.0,5517.90019231342,896.6936547208264,0.0,0.0,0.0,0.0,5521.89737675135,1025.4322277084495,0.0,0.0,0.0,0.0,269.2698942276191,1330.078457599571,0.0,0.0,1167.7405857900806,608.1067439465947,4461.424312543345,534.7982972603847,0.0,245.8927071943089,118.95133917364794,0.0,4425.169635966014,657.0955573259926,0.0,296.2797076367999,157.9192076219084,0.0,430.6783754834428,1534.6155482421616,0.0,0.0
468,1.118212212101667,0.4402930074996619,0.4494509236764127,-3.5527136788005095e-18,0.2860580521853803,0.0244281523913622,0.8478022933714296,0.0163882228305647,1350.9248485709688,0.0,5498.557929813887,894.6741493558892,0.0,0.0,0.0,0.0,5510.227321968458,1029.6344821649193,0.0,0.0,0.0,0.0,279.4615303299946,1347.5284311097262,0.0,0.0,764.6295070775233,398.2022876914848,2921.3337321266326,350.18546990888353,0.0,161.01291883434186,77.88773949302822,0.0,2897.5979666005437,430.29128543922656,0.0,193.99963291813552,103.3804375278872,0.0,281.99396570398136,1004.8925967070944,0.0,0.0
469,1.4577260630786326,0.5959165208217,0.694068122868218,-3.5527136788005095e-18,0.5094916112093012,0.0352290871162791,1.106494325570322,0.0242759199468438,1325.7427470733194,0.0,5455.646617838835,886.72976772936,0.0,0.0,0.0,0.0,5465.215523040268,1032.217637702025,0.0,0.0,0.0,0.0,294.04129887814054,1377.137773993966,0.0,0.0,249.88730602290883,130.127759487255,954.6379937378292,114.44234125027688,0.0,52.61418074077387,25.44271221629608,0.0,946.8811131719872,140.63253043024022,0.0,63.38858261725349,33.77541264051079,0.0,92.14606053365036,328.392405382383,0.0,0.0
470,1.826770965835222,0.7573445200776022,0.9003306440499672,-3.5527136788005095e-18,0.7568353945985368,0.0472318696943522,1.3472250099069782,0.0314717138073089,1337.997365786752,0.0,5388.903739017792,858.0400252426745,0.0,0.0,0.0,0.0,5409.560213243184,999.4987514459648,0.0,0.0,0.0,0.0,297.88852147874354,1411.289958427502,0.0,0.0,151.05100776023474,78.62604428083068,576.988897098015,69.14773944884905,0.0,31.81437382293645,15.392826042084687,0.0,572.2986270338058,84.98272763837726,0.0,38.31321932792651,20.425258253737283,0.0,55.70565099498886,198.45820762525588,0.0,0.0
