Time,r-biceps,l-biceps,r-lats,l-lats,r-quat,l-quat,r-hamstring,l-hamstring,L1,L2,L3,L4,L5,L6,L7,L8,L9,L10,L11,L12,L13,L14,L15,L16,L17,L18,R1,R2,R3,R4,R5,R6,R7,R8,R9,R10,R11,R12,R13,R14,R15,R16,R17,R18
0,0.217490052397874,0.0018117157275747,0.028264248,0.0,2.806589745783388,22.789817103863143,-4.618527782440643e-17,0.0,0.0,0.0,2267.4807969339035,183.22365638099825,0.0,0.0,0.0,0.0,2254.0107736528253,3.617389451312548,0.0,0.0,0.0,0.0,0.0,0.0,0.0,0.0,0.0,0.0,7662.717152829021,2318.908196872702,0.0,0.0,0.0,0.0,9333.279921506311,3969.539079039038,0.0,0.0,0.0,0.0,1292.308044887905,794.395722114016,0.0,0.0
1,0.1773076225514953,0.0040381615614617,0.028264248,0.0,3.0131167564653705,22.6113444797005,-4.618527782440642e-17,0.0,0.0,0.0,3211.527979333301,920.617495185732,0.0,0.0,0.0,0.0,3473.407922911917,152.66468710466677,0.0,0.0,0.0,0.0,0.0,0.0,0.0,0.0,0.0,0.0,6314.381532164703,1139.568636654639,0.0,0.0,0.0,0.0,7349.961048612647,1872.5241874841508,0.0,0.0,0.0,0.0,277.5897904419045,116.15053914806452,0.0,0.0
2,0.1416284779933556,0.0061772957940199,0.026784284125957,0.0,3.1910724990610992,21.683842958652047,-4.618527782440642e-17,0.0,0.0,0.0,4031.56181808389,1695.3215928614015,0.0,0.0,0.0,0.0,4520.425668735758,772.9335455181111,0.0,0.0,0.0,0.0,0.0913013252719295,0.0,0.0,0.0,0.0,0.0,5593.574408755637,690.1669145089321,0.0,0.0,0.0,0.0,6292.836022357273,1096.882684559425,0.0,0.0,0.0,0.0,24.30689708591724,0.0,0.0,0.0
3,0.1103288826854697,0.0082509463255814,0.0223904835747508,0.0,3.300525652129908,20.047649224601017,-4.618527782440642e-17,0.0,0.0,0.0,4715.412015725513,2421.588896730192,0.0,0.0,0.0,0.0,5443.716752521356,1588.5844861914068,0.0,0.0,0.0,0.0,21.444859763775924,0.0,0.0,0.0,0.0,0.0,4896.09865540194,350.0658208072311,0.0,0.0,0.0,0.0,5453.471729357494,544.6764081175993,0.0,0.0,0.0,0.0,0.0,0.0,0.0,0.0
4,0.0914240062639914,0.0104555642591362,0.0176484751893688,0.0,3.340857009134936,17.615115473064684,-4.618527782440642e-17,0.0,0.0,0.0,4326.336068268016,2400.733316639113,0.0,0.0,0.0,0.0,5042.456704512302,1836.6221530681707,0.0,0.0,0.0,0.0,253.11624671788388,0.0,0.0,0.0,0.0,0.0,4214.664562870757,98.37714674705823,0.0,0.0,0.0,0.0,4550.431299231742,142.50219050860645,0.0,0.0,0.0,0.0,0.0,0.0,0.0,0.0
5,0.0791518751151063,0.0126011184623802,0.0128125656478405,0.0,3.335445750641391,14.695480610767268,-4.618527782440642e-17,0.0,0.0,0.0,5230.479238742942,3196.0461326087257,0.0,0.0,0.0,0.0,6016.996141348828,2747.4018787406253,0.0,0.0,0.0,0.0,994.75433537087,0.0,0.0,0.0,0.0,0.0,3238.323291977539,0.0,0.0,0.0,0.0,0.0,3028.895569259756,0.0,0.0,0.0,0.0,0.0,0.0,0.0,0.0,0.0
6,0.0698386205573728,0.0131403959999999,0.0079766561063122,0.0,3.282699356588293,11.660813096991586,-4.618527782440642e-17,0.0,0.0,0.0,5119.168505721948,3194.672431116037,0.0,0.0,0.0,0.0,5912.904347329983,2764.533638886064,70.00341241243673,0.0,0.0,0.0,1484.4234655621854,109.43235481340956,0.0,0.0,0.0,0.0,2200.26151558288,0.0,0.0,0.0,0.0,0.0,2003.172197695812,0.0,0.0,0.0,0.0,0.0,0.0,0.0,0.0,0.0
7,0.0696688919999999,0.0131403959999999,0.0033754994551495,0.0,3.1661368715637708,9.011000512142736,-4.618527782440642e-17,0.0,0.0,0.0,5015.935115365146,3191.44568949832,0.0,0.0,0.0,0.0,5866.500638676352,2846.4062067651867,265.933726111183,0.0,0.0,0.0,2095.444939849888,589.2861467029769,0.0,0.0,0.0,0.0,1150.2339570788704,0.0,0.0,0.0,0.0,0.0,1060.1773341322194,0.0,0.0,0.0,0.0,0.0,0.0,0.0,0.0,0.0
8,0.0696688919999999,0.0131403959999999,0.0001896262069292,0.0,3.0068997038414795,6.796984981509276,-4.618527782440642e-17,0.0,0.0,0.0,5000.236829266531,3222.717134150305,0.0,0.0,0.0,0.0,6109.355487835707,3234.1779878537645,725.8320000577829,0.0,0.0,0.0,3198.908902577316,1277.0427317932867,0.0,0.0,0.0,0.0,1231.0733179735607,0.0,0.0,0.0,0.0,0.0,1167.8504810545971,0.0,0.0,0.0,0.0,0.0,0.0,0.0,0.0,0.0
9,0.069152840736779,0.0130308986639071,1.7763568394002547e-18,0.0,2.786255427464516,4.71549194928143,-4.618527782440642e-17,0.0,0.0,0.0,4994.801239808405,3223.4875958357948,0.0,0.0,0.0,0.0,6153.072762190017,3306.5913653962493,828.7296758691775,0.0,0.0,0.0,3434.064472371024,1426.645738330029,0.0,0.0,0.0,0.0,1342.0236397193958,0.0,0.0,0.0,0.0,0.0,1298.267641092879,0.0,0.0,0.0,0.0,0.0,0.0,0.0,0.0,0.0
10,0.0604805815016611,0.0113505081727574,1.7763568394002547e-18,0.0,2.558960343047713,3.0702474414533305,-4.618527782440643e-17,0.0,31.40757241214284,0.0,4761.782304472395,2533.2752216464214,0.0,22.720371532188437,0.0,0.0,4783.029731693293,1461.5699301412214,482.1449855011486,63.59355834685024,0.0,0.0,1427.2386043549573,541.2448008302493,0.0,0.0,0.0,0.0,1574.052835794605,0.0,0.0,0.0,0.0,0.0,1574.8911601247987,0.0,0.0,0.0,0.0,0.0,0.0,0.0,0.0,0.0
11,0.0549585170393723,0.0092986855415282,2.6813879974570677e-06,0.0,2.3729498288524766,2.040108418186489,-4.618527782440643e-17,0.0,431.31366797713446,0.0,4706.799584850047,2338.659628778565,0.0,314.1518685006884,29.538114679053862,0.0,4345.628671022857,870.1907914525243,391.1462853824758,273.687875630718,0.0,0.0,789.6924948562254,262.359617276962,0.0,0.0,0.0,0.0,1516.9697715641405,0.0,0.0,0.0,0.0,0.0,1557.6305065211602,0.0,0.0,0.0,0.0,0.0,0.0,0.0,0.0,0.0
12,0.0884128806777408,0.0070285839069767,0.0045291917761846,0.0,2.22234786778038,1.3030861992096714,0.0049852727840531,5.059217415632104e-05,578.2309442027499,0.0,5039.676433708828,2867.0475664728647,0.0,423.3017535536595,228.08472488191208,0.0,4709.208365897304,1355.7129318966147,816.25316929997,450.77646350784,58.30678253197339,0.0,1462.8608158534737,635.2057963349233,0.0,0.0,0.0,0.0,1386.0354780325868,0.0,0.0,0.0,0.0,0.0,1478.407428161821,0.0,0.0,0.0,0.0,0.0,0.0,0.0,0.0,0.0
13,0.131863898254025,0.0046493427707641,0.0163289168372092,0.0,2.1526225285399936,0.7862981692034429,0.0323937445928954,0.002944295461794,44.797146935432174,0.0,5195.815520487296,3202.8688604808845,0.0,11.744072054629594,110.4721795714943,0.0,5101.360691580271,2025.631404213902,1258.8407753575923,508.444773722266,190.718579423925,0.0,2579.505637580601,1300.5816021619498,0.0,0.0,0.0,0.0,1233.4734608653114,0.0,0.0,0.0,0.0,0.0,1363.6618204356555,0.0,0.0,0.0,0.0,0.0,0.0,0.0,0.0,0.0
14,0.1840643873222591,0.0025756922392026,0.0272841283436606,0.0,2.250560692854514,0.5677863473463838,0.0664004153435833,0.0070524710431893,20.64427182800151,0.0,4909.302524073901,2929.766019228841,0.0,5.397195249150721,154.4220280777881,0.0,4893.1749081625885,2016.1632578143403,1312.2587702634476,608.9822007166604,233.9617476027032,0.0,3143.8835602603963,1687.67967664276,0.0,0.0,0.0,0.0,1157.453678526968,0.0,0.0,0.0,0.0,0.0,1214.2665803304085,0.0,0.0,0.0,0.0,0.0,0.0,0.0,0.0,0.0
15,0.2444798969700996,0.0005790571295681,0.0415380824850497,0.0,2.6277131067139714,0.514274128261286,0.1139799337508931,0.011203890578073,0.0703977713153813,0.0,4573.9939249776135,2614.7284456532966,0.0,0.0184046460955245,227.546705967534,0.0,4720.160058222335,2064.147436002232,1470.621238328551,760.5106305031992,277.82656878564006,0.0,4138.954488688578,2328.39035522256,0.0,0.0,0.0,0.0,1146.6900271305071,0.0,0.0,0.0,0.0,0.0,1148.660611326235,0.0,0.0,0.0,0.0,0.0,0.0,0.0,0.0,0.0
16,0.3473696177342192,0.0,0.0580608310772092,0.0,3.292065806830564,0.5850229665480585,0.1814594539335546,0.0165371302955481,0.0,0.0,4341.167934696566,2404.3525771279155,0.0,0.0,318.7770656662396,0.0,4731.249979506472,2207.409836223015,1758.7936713818094,928.8175787693492,295.6712027356058,0.0,5452.213462020916,3122.5617242714525,0.0,0.0,0.0,0.0,1130.535157130948,0.0,0.0,0.0,0.0,0.0,1109.927510087313,0.0,0.0,0.0,0.0,0.0,0.0,0.0,0.0,0.0
17,0.454990151364567,0.0,0.0773602640889551,0.0,4.228737824180891,0.7613287041076873,0.2543386274307408,0.0294275229564038,0.0,0.0,4267.235619790286,2439.8804747807344,0.0,0.0,425.0602021116666,0.0,4432.888085103437,1968.3172626022988,2023.3806540833928,1148.7888018312,689.903278309667,0.0,5221.0059602687925,3038.561770214336,0.0,0.0,0.0,0.0,1016.5195170334608,0.0,0.0,0.0,0.0,0.0,970.0784164723308,0.0,0.0,0.0,0.0,0.0,0.0,0.0,0.0,0.0
18,0.5260861694750831,0.0037367298057455,0.0939239773249951,0.0,5.580155472454953,0.9855064427477224,0.3290154868235291,0.0566019340042994,0.0,0.0,3995.191096464063,2115.669306313483,0.0,0.0,575.2256469995176,0.0,4145.900634425434,1744.224442078404,2226.131049998202,1347.195408767722,901.1975262280188,0.0,5988.982973910779,3526.204308606638,0.0,0.0,0.0,0.0,965.2648687973718,0.0,0.0,0.0,0.0,0.0,900.943038962659,0.0,0.0,0.0,0.0,0.0,0.0,0.0,0.0,0.0
19,0.5927834209149384,0.0326331228438538,0.1044642125182725,0.0,7.535899154522911,1.2541651487517258,0.3855048867485736,0.1237047490177396,0.0,0.0,3818.294510909494,1889.542713720924,0.0,0.0,597.4604749978921,0.0,4012.38825663528,1598.8917319748612,2178.6974809246376,1367.356142355317,982.4714984603596,0.0,6267.917761276968,3750.950276081133,0.0,0.0,0.0,0.0,1023.7964227776324,0.0,0.0,0.0,0.0,0.0,640.9766027575474,0.0,0.0,0.0,0.0,0.0,0.0,0.0,0.0,0.0
20,0.6408646826710976,0.0639932260664452,0.1136832056312294,0.0,9.809157068211722,1.5488991400637455,0.4285910289468435,0.2341214724835397,0.0,0.0,3284.7128170862225,1242.8228481613462,0.0,0.0,570.8145872928388,0.0,3670.876068193983,1201.2246002035222,1965.723237348016,1343.364610945387,1178.4830963973136,0.0,7170.19418709782,4434.553738782572,69.67989676766919,0.0,0.0,0.0,901.129166274223,0.0,0.0,0.0,0.0,0.0,486.16635609405984,0.0,0.0,0.0,0.0,0.0,0.0,0.0,0.0,0.0
21,0.6743450962876699,0.0947067292225912,0.1196353542646083,0.0,12.469329804816107,1.9200893226953488,0.4576554354442051,0.3569561844518275,0.0,0.0,3383.761471292958,1509.5006354671868,0.0,0.0,181.8588850796725,0.0,3965.695226623406,1597.602730009828,2004.1623312288211,1156.469761985638,902.7924602987764,0.0,7583.476702534477,4458.496013929665,49.88735952574672,0.0,0.0,0.0,751.4979543430643,0.0,0.0,0.0,0.0,0.0,411.3713550221499,0.0,0.0,0.0,0.0,0.0,0.0,0.0,0.0,0.0
22,0.6431067786976753,0.128006632644518,0.1202303560296449,0.0,15.70415908574751,2.386832493445457,0.468010648759519,0.4894337191579356,0.0,0.0,3575.9342565183897,1857.188610451888,0.0,0.0,0.0,0.0,4331.913046911639,2129.379175898488,2036.1808146843416,957.8817544332388,532.5322111554441,0.0,7602.530178678613,4261.028452188755,0.0,0.0,0.0,0.0,598.8170372381918,0.0,0.0,0.0,0.0,0.0,339.180484987492,0.0,0.0,0.0,0.0,0.0,0.0,0.0,0.0,0.0
23,0.58981497381421,0.1616298360996673,0.1105710824451828,0.0,19.080834269543068,2.8534317736131047,0.4478711159256315,0.6196501811868141,0.0,0.0,3856.535325709949,2365.350987718735,0.0,0.0,0.0,0.0,4851.546293810126,2817.231141489537,1945.019467566293,634.7669209521011,169.37518616892353,0.0,7444.344109723111,3929.767534348311,0.0,0.0,0.0,0.0,552.1154268339609,0.0,0.0,0.0,0.0,0.0,368.7388956267415,0.0,0.0,0.0,0.0,0.0,0.0,0.0,0.0,0.0
24,0.5229050618870447,0.1903938900654954,0.098848667867381,0.0021880347809343,22.116648387775992,3.2520279407222388,0.4120179497720508,0.7587026992726296,0.0,0.0,4033.0,2746.500197664098,0.0,0.0,0.0,0.0,5204.333596885464,3338.292935011297,1817.87445642373,391.0829050611207,0.0,0.0,7369.582312068826,3675.457954477145,0.0,0.0,0.0,0.0,592.1548370773995,0.0,0.0,0.0,0.0,0.0,447.3992319565199,0.0,0.0,0.0,0.0,0.0,0.0,0.0,0.0,0.0
25,0.4502583467030994,0.1946266199999995,0.0842713454750833,0.0139361687946301,24.45927283034675,3.589864784023075,0.3634737248485982,0.861866197548309,0.0,0.0,4050.567036383337,2775.4520786273783,0.0,0.0,0.0,0.0,5290.820856003511,3452.113539095204,1608.631170056667,183.7981495839647,0.0,0.0,6841.419457346842,3414.45444429922,0.0,0.0,0.0,0.0,677.3343623201512,0.0,0.0,0.0,0.0,0.0,613.3407646534429,0.0,0.0,0.0,0.0,0.0,0.0,0.0,0.0,0.0
26,0.344780746385382,0.1946266199999994,0.0680212815318173,0.0340276373820597,26.21138334789447,3.862490888872755,0.296605334810631,0.9214938635911066,0.0,0.0,4094.7817213875,2801.951048601819,0.0,0.0,0.0,0.0,5446.82035837156,3441.098969027676,1209.122566427361,0.0,0.0,0.0,5750.625822900065,2845.8530032756835,0.0,0.0,0.0,0.0,787.4215170758191,0.0,0.0,0.0,0.0,0.0,799.4233627756416,0.0,0.0,0.0,0.0,0.0,0.0,0.0,0.0,0.0
27,0.2366780013488369,0.1946266199999994,0.0484636531171098,0.0543728878803985,27.18577561519437,3.976136707492548,0.2228590699659469,0.9573281557325576,0.0,0.0,4074.475085870625,2792.3957166216046,0.0,0.0,0.0,0.0,5566.19075546911,3386.967983028933,800.9359660578649,0.0,0.0,0.0,4700.123115922679,2288.945436513456,0.0,0.0,0.0,0.0,1231.6891694007577,0.0,0.0,0.0,0.0,0.0,1286.93701687487,0.0,0.0,0.0,0.0,0.0,0.0,0.0,0.0,0.0
28,0.1690208455215945,0.1912751621237536,0.0326053231594684,0.0739043283588038,27.38712020052908,3.946554102361318,0.1519693084933555,0.9780275433214272,0.0,0.0,3569.2545578616373,2146.358673494607,0.0,0.0,0.0,0.0,4960.161904670243,2478.1929074924838,327.6777333148923,0.0,0.0,0.0,3510.84367695468,1701.5768245467443,0.0,0.0,0.0,0.0,1942.853935191126,0.0,0.0,0.0,0.0,0.0,1923.2377802516348,0.0,0.0,0.0,0.0,0.0,0.0,0.0,0.0,0.0
29,0.1061383237682084,0.1636099973222587,0.0224629686777408,0.0942495788571426,26.80079249383747,3.824527798278837,0.1020502811776129,0.9578665746340392,0.0,0.0,2841.6101696086425,1019.94455982895,0.0,0.0,0.0,0.0,4092.727391272588,1181.0876936501888,0.2745454760828319,0.0,0.0,0.0,2639.7304760532184,1301.3356241325598,0.0,0.0,0.0,0.0,2669.767125384616,0.0,0.0,0.0,0.0,0.0,2573.7153391237784,0.0,0.0,0.0,0.0,0.0,0.0,0.0,0.0,0.0
30,0.0604987027774085,0.130310093900332,0.0127411788039867,0.1132248802900134,25.413095378720342,3.62148049469926,0.0612115375602891,0.855725548242328,0.0,0.0,1844.454694896533,99.44956605593056,0.0,0.0,0.0,0.0,2732.6246247811605,113.12852459016392,0.0,0.0,0.0,0.0,1170.9468493512802,595.9498539662437,0.0,0.0,0.0,0.0,3945.826979879467,886.6642936759889,0.0,0.0,0.0,0.0,4125.183198151029,954.0565923966172,0.0,0.0,0.0,0.0,424.01498049703935,414.5010818269677,0.0,0.0
31,0.0250574349316116,0.0966868904451826,0.0062839642126245,0.1225120240544095,23.278600973785245,3.272072242737812,0.0348580300788566,0.7283761930651269,0.0,0.0,1113.2916267496412,0.0,0.0,0.0,0.0,0.0,1539.881233111462,0.0,0.0,0.0,0.0,0.0,67.62168194648363,34.50768435686181,0.0,0.0,0.0,0.0,6257.331548923263,2134.465631688006,0.0,0.0,0.0,0.0,7530.289878627994,2725.003331384596,0.0,0.0,0.0,0.0,1102.30089192418,744.0004759120851,0.0,0.0
32,0.0219018926206263,0.0672276547197286,0.0013350683415565,0.1271981766378734,20.667357822139543,2.814232844233002,0.026219014923588,0.600223112624018,0.0,0.0,481.0919625618014,0.0,0.0,0.0,0.0,0.0,504.0836146569639,0.0,0.0,0.0,0.0,0.0,0.0,0.0,0.0,0.0,0.0,0.0,6450.360379202356,2337.4592589941662,0.0,0.0,0.0,0.0,7829.792113868937,3059.1144316511813,6.391498357732946,0.0,0.0,0.0,1457.9505790674505,1041.9422014270272,0.0,0.0
33,0.0345756515307309,0.0488932612026578,1.5987211554602278e-17,0.1320106108903651,17.77317952839368,2.351033465718459,0.0249870770581394,0.4793446210041541,0.0,0.0,361.0459833458772,0.0,0.0,0.0,0.0,0.0,302.94333388091314,0.0,0.0,0.0,0.0,0.0,0.0,0.0,0.0,0.0,0.0,0.0,6262.658299705094,2249.75576550268,0.0,0.0,0.0,0.0,7425.271254495688,2943.308738007898,53.8063415053682,0.0,0.0,0.0,1963.72874768464,1509.7758949154031,0.0,0.0
34,0.0572245177275747,0.0339885613219933,1.5987211554602278e-17,0.1370433174865112,14.634369703784436,1.893173679094505,0.0282228161740863,0.3392871498514284,0.0,0.0,301.1983557909947,0.0,0.0,0.0,0.0,0.0,187.88478781281225,0.0,0.0,0.0,0.0,0.0,0.0,0.0,0.0,0.0,161.41028462630698,0.0,6373.323813446578,2203.735150766914,0.0,61.24248741448302,0.0,0.0,7040.887741262458,2387.100573955905,71.76928822214747,5.190041306312121,0.0,0.0,1555.4748144867815,1288.864412089618,0.0,0.0
35,0.0819098137674419,0.0426492461661129,1.5987211554602278e-17,0.1375949620680395,11.601371272635731,1.4328717766852035,0.0307354628475747,0.2280364371962789,0.0,0.0,225.15431451662664,0.0,0.0,0.0,0.0,0.0,117.73444182583695,0.0,0.0,0.0,0.0,0.0,0.0,0.0,0.0,0.0,537.4579490561897,0.0,6748.974676796,2337.7506451648824,0.0,184.5102658241167,0.0,0.0,6427.37024428627,1585.9841795015498,77.94796817387706,6.6,0.0,0.0,1029.722414340952,834.9337346582034,0.0,0.0
36,0.1022492984053158,0.0563489306312292,1.5987211554602278e-17,0.1302532589900331,8.988012961255393,1.022151940971203,0.0495946369435215,0.1628610322199475,0.0,0.0,132.41919653759638,0.0,0.0,0.0,0.0,0.0,59.3470893621121,0.0,0.0,0.0,0.0,0.0,0.0,0.0,0.0,0.0,882.47651535666,0.0,7247.407803218703,2797.9018658082155,0.0,171.07172579805325,0.0,0.0,5544.314352901046,771.1601901106195,99.79217320605268,0.0,0.0,0.0,642.8750139618298,486.0072667863778,0.0,0.0
37,0.1222716607176082,0.0706021377009967,1.5987211554602278e-17,0.1216434107308973,6.772653468730884,0.7208249034285906,0.0729681997275746,0.1123222566378737,0.0,0.0,111.8014753043082,0.0,0.0,0.0,0.0,0.0,28.0812829985036,0.0,0.0,0.0,0.0,0.0,0.0,0.0,0.0,0.0,822.628634156431,0.0,7105.633470719792,2729.011670393567,0.0,181.52992660650477,0.0,0.0,5519.021000042828,725.3802253818945,163.83665821517573,0.0,0.0,0.0,529.9670309006342,608.9510329387825,0.0,0.0
38,0.1414477863486341,0.0822745926948268,1.5987211554602278e-17,0.1092770586179406,5.035029397409163,0.5621523327081345,0.0951199212057765,0.062096669820598,0.0,0.0,74.09392625047099,0.0,0.0,0.0,0.0,0.0,0.0,0.0,0.0,0.0,0.0,0.0,0.0,0.0,0.0,0.0,1100.314257395362,0.0,6966.025420260223,2538.5453279405306,0.0,409.7212924756847,0.0,0.0,5230.366324170702,505.114109795766,189.90028530462803,0.0,0.0,0.0,374.6612288343055,624.816213846316,0.0,0.0
39,0.1524029055684087,0.083305152,0.002983664307762,0.0971353920199338,3.8216174456484295,0.5274236244590944,0.1119952499800664,0.0214559461712473,0.0,0.0,39.97208754980235,0.0,0.0,0.0,0.0,0.0,0.0,0.0,0.0,0.0,0.0,0.0,0.0,0.0,0.0,0.0,1316.067474547498,0.0,7049.948286547528,2612.8310168264525,0.0,544.641776095064,0.0,0.0,5248.438692547543,470.9480288749617,120.86914513535808,0.0,0.0,0.0,255.5560553294929,538.3967324069843,0.0,0.0
40,0.1503192771029905,0.083305152,0.0199474061262458,0.0842684777984497,2.869674275291235,0.7064726547397746,0.1295926561196015,0.0085869373532669,0.0,0.0,5.585055616902526,0.0,0.0,0.0,0.0,0.0,0.0,0.0,0.0,0.0,0.0,0.0,0.0,0.0,0.0,0.0,1536.6554718182724,27.14730826488764,7135.788845223679,2688.8175318687136,0.0,682.5983869695193,0.0,0.0,5266.830238268001,435.961681376122,60.61203141462808,0.0,0.0,0.0,133.8309079824435,450.0397511883515,0.0,0.0
41,0.1432470373953493,0.083305152,0.0397671396279069,0.0745940931773574,2.1341614313513757,1.2933736472737216,0.1462928531860468,0.0067983454952722,0.0,0.0,0.4811496076683982,0.0,0.0,0.0,0.0,0.0,0.0,0.0,0.0,0.0,0.0,0.0,0.0,0.0,0.0,0.0,1464.4703476501063,0.0,7515.670579915693,2855.203429047898,0.0,649.7243927893303,0.0,0.0,5796.19597840242,756.0902568657843,81.977199756484,37.785017566704056,0.0,0.0,266.08252969643604,450.6458904164932,0.0,0.0
42,0.1354260595215951,0.080488052712136,0.0591643179269103,0.0715795560304864,1.667336950290388,2.257458766091088,0.1451316500730901,0.0193420392300176,0.0,0.0,0.0,0.0,0.0,0.0,0.0,0.0,0.0,0.0,0.0,0.0,0.0,0.0,0.0,0.0,0.0,0.0,557.4828669593958,0.0,7394.99043342455,2684.675131396106,0.0,187.0357824491369,0.0,0.0,6388.346921492493,1433.868914918241,262.1136393878648,179.1109857441621,0.0,0.0,1112.8104847164698,1059.8989618627725,0.0,0.0
43,0.1224665432962469,0.0685695229210434,0.0792410440664452,0.1098650887583232,1.5422394234554149,3.6599010483537344,0.1404901323986714,0.0361033471495017,0.0,0.0,0.0,0.0,0.0,0.0,0.0,0.0,0.0,0.0,0.0,0.0,0.0,0.0,0.0,0.0,0.0,0.0,214.50289504031372,0.0,7342.556869508202,2717.1974361305824,0.0,57.47750070794847,0.0,0.0,6574.703502278884,1686.305585072762,576.8921456982379,344.5528896477789,0.0,0.0,1629.8131700842328,1216.7397845634475,0.0,0.0
44,0.0991810369435217,0.0735563718899266,0.1002452500465117,0.2113999587937065,1.721997353514431,5.768896555874152,0.1368835167414283,0.0565449388042375,0.0,0.0,0.0,0.0,0.0,0.0,0.0,0.0,0.0,0.0,0.0,0.0,0.0,0.0,0.0,0.0,0.0,0.0,482.57499607963473,0.0,7617.704052929871,3077.8384486060577,0.0,223.38772355224705,0.0,0.0,6621.426915897612,1472.0298377731356,476.5448079312979,126.70060098153336,0.0,0.0,902.650690592008,536.4914326942123,0.0,0.0
45,0.0743718263845515,0.1101566097433554,0.1178412662018274,0.3777222741229235,2.1063821030406804,8.35998399802826,0.1340823223081398,0.0810684099867111,0.0,0.0,0.0,0.0,0.0,0.0,0.0,0.0,0.0,0.0,0.0,0.0,0.0,0.0,0.0,0.0,0.0,0.0,556.3615648411205,0.0,7758.3598100552545,3193.135202558065,0.0,257.8932840601008,0.0,0.0,6698.707679161981,1454.24695873197,408.8932840601008,51.76027180079488,0.0,0.0,714.8511017075416,364.769278258356,0.0,0.0
46,0.0549395895946843,0.1489669637562734,0.121279109023256,0.5804423030618504,2.577355909014473,10.94189883402363,0.1155280750564786,0.1036705216710258,0.0,0.0,0.0,0.0,0.0,0.0,0.0,0.0,0.0,0.0,0.0,0.0,0.0,0.0,0.0,0.0,0.0,0.0,449.6432833032984,0.0,8380.773353241393,3477.519953988487,0.0,87.10812410909043,0.0,0.0,7275.447813234444,1867.3872868092812,253.66358844051567,17.482968571190685,0.0,0.0,492.5054941657572,237.1090537341497,0.0,0.0
47,0.0355004028837209,0.1920649305647844,0.1235854532093025,0.8069554531145232,3.1525851662553586,13.571394551550949,0.0928352956544851,0.1225730862262898,0.0,0.0,0.0,0.0,0.0,0.0,0.0,0.0,0.0,0.0,0.0,0.0,0.0,0.0,0.0,0.0,0.0,0.0,349.4696147884895,0.0,8711.055690734804,3673.902435675192,0.0,0.0,0.0,0.0,7720.277790494433,2230.27814390724,190.21737348421885,0.0,0.0,0.0,427.11838723956095,154.58493893901186,0.0,0.0
48,0.0160966996333789,0.2444738403939813,0.1258755173187416,1.0481987889427389,3.799892885187397,16.155768322006658,0.0692348050764118,0.1351434031518468,0.0,0.0,0.0,0.0,0.0,0.0,0.0,0.0,0.0,0.0,0.0,0.0,0.0,0.0,0.0,0.0,0.0,0.0,250.6341044453985,0.0,8785.435155614623,3804.279102462981,0.0,0.0,0.0,0.0,8038.026962458201,2424.787234855654,187.0554437464509,0.0,0.0,0.0,463.6328361991461,123.520068375688,0.0,0.0
49,0.0029351621450068,0.387798078946258,0.1223394943701389,1.2590046556708996,4.48769352939455,18.27642657341804,0.0460881700863786,0.1433789092460426,0.0,0.0,0.0,0.0,0.0,0.0,0.0,0.0,0.0,0.0,0.0,0.0,0.0,0.0,0.0,0.0,0.0,0.0,171.26115056968231,0.0,8845.168712158893,3909.004618803908,0.0,0.0,0.0,0.0,8293.30344459745,2580.994457895707,184.5167590350716,0.0,0.0,0.0,492.936460855445,98.51755076425628,0.0,0.0
50,4.0856207306205655e-17,0.6162371460964137,0.1048151063122925,1.441191044590956,5.182579027468148,19.58835989302084,0.0233953906843853,0.1487405408014102,0.0,0.0,0.0,0.0,0.0,0.0,0.0,0.0,0.0,0.0,0.0,0.0,0.0,0.0,0.0,0.0,0.0,0.0,73.5717583925595,0.0,9071.921227559633,4019.78112521652,0.0,0.0,0.0,0.0,8450.227541963548,2633.726505202556,95.04468763811413,0.0,0.0,0.0,445.3630187576152,41.26434911230157,0.0,0.0
51,4.085620730620567e-17,0.849088780395349,0.0866781803720931,1.55929363237874,5.780168430700145,20.09857984895682,0.0034964795631227,0.1489079283114616,0.0,0.0,379.2228811196337,0.0,0.0,0.0,0.0,0.0,509.5153761300043,0.0,0.0,0.0,0.0,0.0,0.0,0.0,0.0,0.0,0.0,0.0,8309.987309709231,3216.3094257523576,0.0,0.0,0.0,0.0,7628.124788796814,1922.500331052127,0.0,0.0,0.0,0.0,202.63639665596995,0.0,0.0,0.0
52,4.085620730620567e-17,1.1213937162544971,0.0681015259790635,1.6309859969008995,6.3226257523936376,19.944409153199025,-1.3500311979441908e-16,0.1454571025906098,0.0,0.0,1730.4423934017846,60.21987084416837,0.0,0.0,0.0,0.0,2027.306398654992,0.0,0.0,0.0,0.0,0.0,0.0,0.0,0.0,0.0,0.0,0.0,6682.417248778793,1609.9102971797772,0.0,0.0,0.0,0.0,5922.584565936539,621.2712495616652,0.0,0.0,0.0,0.0,0.0,0.0,0.0,0.0
53,4.085620730620567e-17,1.4235559505899475,0.0515879772757475,1.6471238252457785,6.76691631294294,19.092376548185765,-1.3500311979441908e-16,0.1375273038139534,0.0,0.0,2886.028379600115,683.7976559026988,0.0,0.0,0.0,0.0,3131.5244225157107,0.0,0.0,0.0,0.0,0.0,0.0,0.0,0.0,0.0,0.0,0.0,5881.227451413448,1001.7688897112064,0.0,0.0,0.0,0.0,5225.967320244372,274.90002411471045,0.0,0.0,0.0,0.0,0.0,0.0,0.0,0.0
54,4.085620730620567e-17,1.7090961543318346,0.0357260951362126,1.596539467820988,7.069657732713681,17.380758907025985,-1.3500311979441908e-16,0.1265303058760993,0.0,0.0,3270.388766136616,1006.8608642483848,0.0,0.0,0.0,0.0,3469.066387760813,0.0,0.0,0.0,0.0,0.0,0.0,0.0,0.0,0.0,0.0,0.0,4626.504875552007,247.70896186839596,0.0,0.0,0.0,0.0,4203.389782555276,3.0304586380512086,0.0,0.0,0.0,0.0,0.0,0.0,0.0,0.0
55,0.0050694744111934,1.8976900611229204,0.0228456222251469,1.457864934191666,7.185844852392259,14.957267135483256,-1.3500311979441908e-16,0.1104869547393305,0.0,0.0,3533.526321631308,1277.6025840546974,0.0,0.0,0.0,0.0,3774.657150091778,201.2863107512833,0.0,0.0,0.0,0.0,24.228118076145904,0.0,0.0,0.0,0.0,0.0,4071.2360125228047,12.323682829199909,0.0,0.0,0.0,0.0,3869.577966205991,0.0,0.0,0.0,0.0,0.0,0.0,0.0,0.0,0.0
56,0.0218493163853821,1.9701466012999769,0.0240139851428572,1.227881849100644,7.108117556348622,12.254062777174902,-1.3500311979441908e-16,0.0952786799695134,0.0,0.0,4108.33154279822,1841.807485537748,0.0,0.0,0.0,0.0,4615.347397298728,901.4431772428468,0.0,0.0,0.0,0.0,337.11606008426594,10.848836518892716,0.0,0.0,32.05782465082955,0.0,3459.150271174832,0.0,0.0,0.0,0.0,0.0,3374.3409697776847,0.0,0.0,0.0,0.0,0.0,0.0,0.0,0.0,0.0
57,0.0379805465780731,1.9934142999787356,0.0264257622059801,0.998872340419934,6.920034536558121,9.752483507572078,-1.3500311979441908e-16,0.0825490921063124,55.4859194307619,0.0,5223.341371993873,2977.013300932696,0.0,21.68320477011944,0.0,0.0,5925.280521574025,2109.643414588184,0.0,0.0,0.0,0.0,873.064654853312,101.25471246962782,0.0,0.0,9.39259512805248,0.0,2807.635867507682,0.0,0.0,0.0,0.0,0.0,2698.629650104242,0.0,0.0,0.0,0.0,0.0,0.0,0.0,0.0,0.0
58,0.054111776770764,1.980385332058629,0.0286122669392222,0.7677014674496773,6.58473546237559,7.356968379323028,-1.3500311979441908e-16,0.0730258502567911,680.2430931009643,0.0,5912.388798457965,3384.1367144373,0.0,278.5652207299204,0.0,0.0,6069.557807586443,1995.6579457963965,0.0,0.0,0.0,0.0,445.34592058225934,152.70395395785422,0.0,0.0,0.0,0.0,2297.3517564628987,0.0,0.0,0.0,0.0,0.0,2081.2368371267257,0.0,0.0,0.0,0.0,0.0,0.0,0.0,0.0,0.0
59,0.0714192424983388,1.8519186965566083,0.029008044,0.5463032404600047,6.026235556326324,5.1012019454582,-1.3500311979441908e-16,0.0668618525297725,1289.1721354392416,0.0,5915.534559756531,3475.323229138517,0.0,645.2177478072431,282.82832895032766,0.0,5670.7172204251565,1699.6396316735425,61.66302380142175,5.2785479031669365,0.0,0.0,463.0359837776793,178.67202593454977,0.0,0.0,0.0,0.0,1981.8021846598149,0.0,0.0,0.0,0.0,0.0,1705.6641445850585,0.0,0.0,0.0,0.0,0.0,0.0,0.0,0.0,0.0
60,0.0887267082259137,1.6174049216798898,0.029008044,0.3530208312511235,5.365265147697454,3.4413310620293,-1.3500311979441908e-16,0.0626899720171975,2002.184745872299,0.0,5754.833625499167,3427.781597108569,0.0,1107.0542356772064,892.7495617512492,0.0,5110.26338527662,1267.1460886551563,322.3990007362741,52.59126929284554,0.0,0.0,532.8064551272881,209.37576437936784,0.0,0.0,0.0,0.0,1757.125848024954,0.0,0.0,0.0,0.0,0.0,1493.0721521005453,0.0,0.0,0.0,0.0,0.0,0.0,0.0,0.0,0.0
61,0.1006582013235316,1.3820435778839295,0.0296266559838835,0.2335181374807378,4.7546174634740686,2.341099425948101,-1.3500311979441908e-16,0.0590892215375698,2218.805485083468,0.0,5482.480196399303,3263.329863053418,0.0,1257.8622594421893,1001.9652340174816,0.0,4714.406727763452,1035.2839347300471,433.4222365729197,54.08510638297872,0.0,0.0,542.9758306397458,212.93563740104435,0.0,0.0,0.0,0.0,1604.9725087880695,0.0,0.0,0.0,0.0,0.0,1394.145501982782,0.0,0.0,0.0,0.0,0.0,0.0,0.0,0.0,0.0
62,0.1011562560000001,1.1122256717454992,0.0313170146831317,0.161052232091268,4.17314072794381,1.5608439468904731,-1.3500311979441908e-16,0.0571266535136964,2063.242287589066,0.0,5249.342861251489,3061.187448323745,0.0,1157.7630149800598,748.8338473691347,0.0,4372.898046621461,908.0732359300176,323.842358860094,0.0,0.0,0.0,432.8450661977299,89.78495745804794,0.0,0.0,0.0,0.0,1506.003346871439,0.0,0.0,0.0,0.0,0.0,1316.4162068299854,0.0,0.0,0.0,0.0,0.0,0.0,0.0,0.0,0.0
63,0.1011562560000001,0.8094108086019645,0.0303031894535944,0.1015958459028767,3.667178037446784,1.0152403027061376,0.000689870308051,0.0692352957879408,2174.10829290409,0.0549255476036374,5799.316510360414,3272.4027492060736,0.0069323506684202,1198.8641989756572,463.61761216175336,0.0,4587.241378290701,859.3961573580985,200.33452209259312,0.0,0.0,0.0,327.6424023353346,0.0,0.0,0.0,0.0,0.0,1453.703721259498,0.0,0.0,0.0,0.0,0.0,1232.4607682933686,0.0,0.0,0.0,0.0,0.0,0.0,0.0,0.0,0.0
64,0.1011562560000001,0.5147696043737525,0.0375604624584717,0.0481243425249167,3.395767999111269,0.7238756728255624,0.0282643509617938,0.1110663286744186,2534.590093468018,38.17691575849226,5863.862227157122,3356.333698649611,4.818445678256305,1506.2126568787962,574.8858590996575,0.0,4583.228764466218,773.4766797997851,276.94971647149254,0.0,0.0,0.0,220.00191239970505,0.0,0.0,0.0,0.0,0.0,1394.2981418876695,0.0,0.0,0.0,0.0,0.0,1150.661250531157,0.0,0.0,0.0,0.0,0.0,0.0,0.0,0.0,0.0
65,0.0966708672588229,0.2742715540442537,0.0484587624318936,0.0043386157324636,3.686405079709872,0.6068972216009361,0.0748622848903652,0.2078632949907856,2746.7945432185143,252.2982503439409,4830.766899498415,2944.006328792526,150.32879842806645,1806.022207220936,981.349440283051,0.0,3904.861395681261,607.849841336444,495.5888124969146,0.0,0.0,0.0,155.64908239129642,0.0,0.0,0.0,0.0,0.0,1291.6030388068414,0.0,0.0,0.0,0.0,0.0,1024.143138136559,0.0,0.0,0.0,0.0,0.0,0.0,0.0,0.0,0.0
66,0.0799790742059801,0.1408711798663266,0.0630535280930231,-5.098144129078727e-16,4.671937659745139,0.6274612213062181,0.123048404491694,0.3877002046761778,1840.9829683690089,173.71295457563298,3236.157371638188,1972.4268376335565,140.7924146506439,1210.5857620324923,658.0539916552557,0.0,2616.035359963031,407.1760931200368,332.3462864926616,0.0,0.0,0.0,183.91812269687517,0.0,0.0,0.0,0.0,0.0,1223.444853263935,0.0,0.0,0.0,0.0,0.0,946.08855994489,0.0,0.0,0.0,0.0,0.0,0.0,0.0,0.0,0.0
67,0.0633329083209812,0.0574724338872966,0.0945374600332225,-5.098144129078727e-16,6.293458699817764,0.6952354162739429,0.1707711960199331,0.6130886636580637,1109.2439142813628,126.25677875381736,1928.304631284174,1167.5455223117365,124.59742059847112,724.7354347162944,391.9495969131556,0.0,1555.7487611331924,234.2265551003792,195.55666842773476,0.0,0.0,0.0,214.41148463385767,0.0,0.0,0.0,0.0,0.0,1071.2067593401548,0.0,0.0,0.0,0.0,0.0,797.9160330431399,0.0,0.0,0.0,0.0,0.0,0.0,0.0,0.0,0.0
68,0.0624090427595956,0.0108641955221581,0.1266143525963101,-5.098144129078727e-16,8.450396341978912,0.7708334516522071,0.217561758321057,0.8461263884854753,1993.8312810492127,373.7946866267778,3319.7472958433623,1956.871462577296,108.78904931965673,1270.7328941566764,673.6752970295732,0.0,2657.110160214037,345.4554948691904,319.56121526278343,0.0,0.0,0.0,244.05352182739932,0.0,0.0,0.0,0.0,0.0,977.5493140841684,0.0,0.0,0.0,0.0,0.0,668.1872669423554,0.0,0.0,0.0,0.0,0.0,0.0,0.0,0.0,0.0
69,0.0749776020996678,1.9247551696432384e-05,0.1604794796965217,-5.098144129078727e-16,11.051982243273963,0.8668635343727552,0.2660920734325035,1.100666032746628,2786.645939986457,601.7660606715478,4544.336946865364,2635.9729045285026,94.46184427601946,1763.53183575632,936.8428631933638,0.0,3628.8073498208446,438.0000707160933,438.4820688465918,3.890922335627303,0.0,0.0,270.9310266528453,0.0,0.0,0.0,0.0,0.0,880.1532774712219,0.0,0.0,0.0,0.0,0.0,578.2940855307218,0.0,0.0,0.0,0.0,0.0,0.0,0.0,0.0,0.0
70,0.0885866155825679,0.0025437296681629,0.1872512607707641,-5.098144129078727e-16,14.338840967209675,0.9683566579605088,0.2893711422575726,1.3824275503771737,2936.869095454865,836.8657541495292,4682.258768893267,2454.157956523445,83.37087713343524,1894.4311256403591,1175.6452718765388,0.0,3778.277812560824,350.5833846229958,620.7892709196113,141.87946626273407,0.0,0.0,425.7173109503069,33.60407953765406,0.0,0.0,0.0,0.0,718.7980785059351,0.0,0.0,0.0,0.0,0.0,431.665722043024,0.0,0.0,0.0,0.0,0.0,0.0,0.0,0.0,0.0
71,0.1078732260373753,0.0704505436195993,0.2097964959219268,0.0027423702234214,17.837783643944338,1.0554921875556322,0.2946729478604649,1.6173396822607946,2347.2469237691857,890.288696917542,4487.065524309947,2248.108973682285,108.10645409857584,1567.260961564778,1137.6948359718506,0.0,3773.992862816416,393.0737222385365,837.5073453060168,355.9355106311523,0.0,0.0,740.3276544893184,207.6804799376252,0.0,0.0,0.0,0.0,685.8588985112387,0.0,0.0,0.0,0.0,0.0,403.3803671629205,0.0,0.0,0.0,0.0,0.0,0.0,0.0,0.0,0.0
72,0.1422110560125072,0.1831511848504964,0.2281315829384403,0.0183535575548167,21.36105818521946,1.1408359457283412,0.2997695566644515,1.7709493174907156,1490.4411502291966,346.9780174870376,4974.566134942523,2889.7759556116403,50.64820734560245,566.9575449134602,420.3045266291785,0.0,4495.180837391707,1074.6584582211478,935.3508693701194,292.91618345724817,0.0,0.0,1068.8989271702612,359.1764253440938,0.0,0.0,0.0,0.0,659.3643244681423,0.0,0.0,0.0,0.0,0.0,416.5147312899691,0.0,0.0,0.0,0.0,0.0,0.0,0.0,0.0,0.0
73,0.1963595330443176,0.3116239637424918,0.2286964989150626,0.0367285311627901,24.94718703263913,1.2508136763053803,0.3040546011812196,1.8868861518598392,461.93756006091616,0.0,5814.168669209709,3908.669431375115,0.0,0.0,0.0,0.0,5596.788879626542,2128.123763591388,960.933518026896,90.79628458320148,0.0,0.0,1468.2010250162664,444.8523890453298,0.0,0.0,0.0,0.0,729.9404659963222,0.0,0.0,0.0,0.0,0.0,565.7184255368975,0.0,0.0,0.0,0.0,0.0,0.0,0.0,0.0,0.0
74,0.2599880750642954,0.4427546592558122,0.2156250601196011,0.0551035047707635,27.995901817590003,1.3906634602430945,0.277135744087551,1.9590152119757696,0.0,0.0,6486.29890066386,4622.3131025259145,0.0,0.0,0.0,0.0,6421.264880694812,2990.9639250647474,899.8673042494653,0.0,0.0,0.0,1669.0280863172702,426.8720380021833,0.0,0.0,0.0,0.0,899.0988344068128,0.0,0.0,0.0,0.0,0.0,797.5573848086514,0.0,0.0,0.0,0.0,0.0,0.0,0.0,0.0,0.0
75,0.3219944776744189,0.5718160325182708,0.1998599620664452,0.0729484310631224,30.102999666082937,1.5059527072217778,0.230888297677873,1.9288101068635235,0.0,0.0,6319.600940386179,4768.379501402707,0.0,0.0,0.0,0.0,6341.742085548696,3188.8194800663264,956.6831545401354,0.0,0.0,0.0,1790.916846819732,444.40651339495633,0.0,0.0,0.0,0.0,1080.689222529459,0.0,0.0,0.0,0.0,0.0,1043.551483261636,0.0,0.0,0.0,0.0,0.0,0.0,0.0,0.0,0.0
76,0.3803674083720936,0.6914937515906963,0.1819792142219271,0.0897332627242521,31.07952263259802,1.6008822988491538,0.19817926865382,1.795948240807973,0.0,0.0,5777.9178141396405,4395.34869311156,0.0,0.0,0.0,0.0,5905.2520521994265,2879.009734575554,878.3015685180451,0.0,0.0,0.0,1734.395187718652,447.2661228359895,0.0,0.0,0.0,0.0,1291.7246572503163,0.0,0.0,0.0,0.0,0.0,1326.2733941151027,0.0,0.0,0.0,0.0,0.0,0.0,0.0,0.0,0.0
77,0.4384176909120552,0.7490854076773005,0.1470838056877076,0.1041985944018051,31.03927969637486,1.697221932879317,0.1831716891413523,1.6188725457198014,0.0,0.0,5380.058128018874,3576.8820956124405,0.0,0.0,0.0,0.0,5611.963325002225,2322.4499963581707,421.0578002575263,0.0,0.0,0.0,1336.4765089247796,312.5372793111304,0.0,0.0,0.0,0.0,2075.629365145028,0.0,0.0,0.0,0.0,0.0,2366.568572480433,0.0,0.0,0.0,0.0,0.0,0.0,0.0,0.0,0.0
78,0.4808914277047189,0.7635211569161449,0.1091036709568104,0.1063628279999998,29.929363430471767,1.8035907900111463,0.1698982447455145,1.419318479180331,0.0,0.0,4826.054490602237,2693.226783849887,0.0,0.0,0.0,0.0,5122.659745348071,1732.9482041743302,10.884842527033786,0.0,0.0,0.0,920.3590114041112,178.12150030426622,0.0,0.0,0.0,0.0,3463.2641451900568,29.9567675482863,0.0,0.0,0.0,0.0,3869.69511357048,14.30970592708319,0.0,0.0,0.0,0.0,0.0,0.0,0.0,0.0
79,0.4907793004435228,0.7817551305249163,0.0778431146287376,0.1063628279999998,27.940564073728407,1.904551400755798,0.1540673952906973,1.1872899935780714,0.0,0.0,2842.77265092949,1271.3602097960058,0.0,0.0,0.0,0.0,2968.07155570833,817.7933497631512,0.0,0.0,0.0,0.0,432.9949453962767,83.14776344698082,0.0,0.0,0.0,0.0,4705.712175170138,658.9775059272156,0.0,0.0,0.0,0.0,5464.46067801795,663.0908556880148,0.0,0.0,0.0,0.0,0.0,0.0,0.0,0.0
80,0.4808471807449536,0.8812337745739836,0.0628285222524917,0.1063628279999998,25.103628620949387,1.961572405257331,0.1655846619690772,0.9215207603797582,0.0,0.0,1023.5288487785172,118.514137678142,0.0,0.0,0.0,0.0,952.6873101738548,76.21772495559888,0.0,0.0,0.0,0.0,40.356955013111424,7.741485728115459,0.0,0.0,0.0,0.0,5458.762292841905,1234.0980212242907,0.0,0.0,0.0,0.0,6289.916893085931,1210.166594785439,0.0,0.0,0.0,0.0,17.671038651605343,5.70544745702056,0.0,0.0
81,0.4616678928966198,0.9436658221723652,0.050908429435216,0.1029935789314048,21.75697361049753,1.9850610572749496,0.195459374990033,0.6949558024795764,0.0,0.0,660.1981452618701,0.0,0.0,0.0,0.0,0.0,506.3794405171517,0.0,0.0,0.0,0.0,0.0,0.0,0.0,0.0,0.0,0.0,0.0,7217.348394504109,2683.281125128083,0.0,0.0,0.0,0.0,7998.933356026283,2449.4940139179207,0.0,0.0,0.0,0.0,156.4481959752521,123.75571773028511,0.0,0.0
82,0.4449162528877085,0.9646765961727556,0.0423890136637874,0.0876559055681059,18.432222470445165,1.9877579542538049,0.2131951251720928,0.5448606897568088,0.0,0.0,547.4745822361137,0.0,0.0,0.0,0.0,0.0,347.14437322854826,0.0,0.0,0.0,0.0,0.0,0.0,0.0,0.0,0.0,0.0,0.0,7681.275845222111,3141.3978452883616,0.0,0.0,0.0,0.0,8393.92859892613,2901.3997931001563,6.467504665874601,0.0,0.0,0.0,190.10943614846465,547.3530398433297,0.0,0.0
83,0.4133261426011412,0.995622613393843,0.0507527512026579,0.0703410265913617,14.93218670106863,1.934377104510735,0.2150701077058859,0.4152728121005434,0.0,0.0,466.9657917805125,0.0,0.0,0.0,0.0,0.0,263.8553848106078,0.0,0.0,0.0,0.0,0.0,0.0,0.0,0.0,0.0,0.0,0.0,7026.993282057649,2776.996048375241,0.0,0.0,0.0,0.0,7874.88329726138,3164.190428660532,124.63090033495244,0.0,0.0,0.0,1279.9328448872054,983.8702168229056,0.0,0.0
84,0.3855742421238539,1.0448666972108946,0.0628849453156148,0.0521427354219266,11.50353376355002,1.8089780476042363,0.2360435040980731,0.285964093370631,0.0,0.0,366.5092951026215,0.0,0.0,0.0,0.0,0.0,191.2271814923516,0.0,0.0,0.0,0.0,0.0,0.0,0.0,0.0,0.0,0.0,0.0,6865.520386345029,2712.127250371112,0.0,0.0,0.0,0.0,7417.299864528997,3044.4128449639334,221.2718314095447,0.0,0.0,0.0,1714.0900451650991,1200.3907576512204,0.0,0.0
85,0.3623055974856142,1.087874438160343,0.0821085261445498,0.0339444442524913,8.44650550746065,1.6244390721516793,0.2868107930398046,0.2013479037480089,0.0,0.0,258.0291075985943,0.0,0.0,0.0,0.0,0.0,121.34065616978188,0.0,0.0,0.0,0.0,0.0,0.0,0.0,0.0,0.0,0.0,0.0,7013.605363685525,2727.775129230816,0.0,0.0,0.0,0.0,6870.170646895344,2348.0208737172725,272.4405250228148,0.0,0.0,0.0,1328.5515210793883,1175.006120916708,0.0,0.0
86,0.3430844530195799,1.0498616484620042,0.1707321406398531,0.0162762003986705,6.032726569460644,1.436310805056889,0.4293042912982259,0.1556724666976735,0.0,0.0,172.10535506783086,0.0,0.0,0.0,0.0,0.0,40.53876439101562,0.0,0.0,0.0,0.0,0.0,0.0,0.0,0.0,0.0,349.0260799970133,0.0,6713.626236565664,2318.5539769837083,0.0,229.76821306403212,0.0,0.0,5985.560489399532,1439.9628694296794,347.1090968485601,94.76480868757672,0.0,0.0,1114.7466681911303,1073.8435806853554,0.0,0.0
87,0.3530822368575335,1.0491687294195806,0.3146775361407075,0.0019226156740272,4.184075511208111,1.3137372072675266,0.6795270220605829,0.113001319952315,0.0,0.0,109.82281039565532,0.0,0.0,0.0,0.0,0.0,25.84669124444621,0.0,0.0,0.0,0.0,0.0,0.0,0.0,0.0,0.0,1173.8577461862835,0.0,6382.924377858496,1854.987639011924,0.0,781.5820936616745,30.518443384929917,0.0,5192.104021733559,672.9359860198028,438.3670531294941,395.5199094108021,0.0,0.0,1010.8971950892208,1063.9405290138463,0.0,0.0
88,0.3883129599492361,1.0875397975654475,0.512190248067508,-5.169198402654735e-16,2.812577114133669,1.3880831491781922,0.9762359566245848,0.0727831815021921,0.0,0.0,63.08560990975878,0.0,0.0,0.0,0.0,0.0,12.161684868830273,0.0,0.0,0.0,0.0,0.0,0.0,0.0,0.0,0.0,1332.9553108079324,0.0,6415.200771195013,1824.3573225544387,0.0,878.1071368208178,88.66227167230812,0.0,5329.87742208175,728.6515808830012,370.4621987348829,380.1335890414207,0.0,0.0,970.2090832939076,1001.5189359715398,0.0,0.0
89,0.4440460016950595,1.10187889317311,0.7450522215141014,-5.169198402654735e-16,1.9795223687568893,1.685530291905548,1.261460595740723,0.0582810196493948,0.0,0.0,72.07530561456953,0.0,0.0,0.0,0.0,0.0,0.3218406644358692,0.0,0.0,0.0,0.0,0.0,0.0,0.0,0.0,0.0,1304.0527465202156,0.0,6638.399365612141,2053.7660995610627,0.0,879.5461944847109,41.112668354175234,0.0,5608.8124794585065,902.3913402940486,408.8174923520492,327.4076179922372,0.0,0.0,1039.1286321253256,947.883933291826,0.0,0.0
90,0.5293831757037333,1.0249080558936865,0.9870263526378728,-5.169198402654735e-16,1.4042468907484655,2.391392969783061,1.5282196579628708,0.0574650364784048,0.0,0.0,76.34957023296236,0.0,0.0,0.0,0.0,0.0,0.0,0.0,0.0,0.0,0.0,0.0,0.0,0.0,0.0,0.0,1257.483285206276,0.0,6671.03820461364,2059.528175737406,0.0,854.0850045680334,44.13371541372387,0.0,5681.590258418076,962.6714426715484,429.42215870527207,355.8127987143934,0.0,0.0,1082.8548236425945,978.171920027364,0.0,0.0
91,0.6624220071793399,0.9172164224068196,1.2387416118801464,-5.169198402654735e-16,1.0399602154022252,3.65734088462131,1.7873877283868895,0.0575809753438219,0.0,0.0,8.854393163236908,0.0,0.0,0.0,0.0,0.0,0.0,0.0,0.0,0.0,0.0,0.0,0.0,0.0,0.0,0.0,544.9145729512957,0.0,5347.735322239756,1667.0113102013163,0.0,416.1863134863514,110.54207587390408,0.0,4862.893428127372,1287.9994269796382,493.97126258006017,526.864035058661,0.0,0.0,1225.569521227147,1116.5860196107585,0.0,0.0
92,0.8713194228508895,0.8058188280445567,1.4567321618893874,-5.169198402654735e-16,0.9442687664381282,5.480899027101018,1.953043702487398,0.0708434801461789,0.0,0.0,0.0,0.0,0.0,0.0,0.0,0.0,0.0,0.0,0.0,0.0,0.0,0.0,0.0,0.0,0.0,0.0,558.8825908390083,0.0,5726.204843946787,2016.40793161478,0.0,373.5645883365309,33.109028726135904,0.0,5114.585014722011,1388.9917011595437,371.41837470751705,300.55154516353264,0.0,0.0,896.423022423667,707.7354202391939,0.0,0.0
93,1.101044217047442,0.6789233648954138,1.6793505327396665,-5.169198402654735e-16,1.0779128862984526,7.949609575094733,2.0017946486870435,0.0879835711813949,0.0,0.0,0.0,0.0,0.0,0.0,0.0,0.0,0.0,0.0,0.0,0.0,0.0,0.0,0.0,0.0,0.0,0.0,741.5790210924249,0.0,7430.543297871178,2849.0552702520245,0.0,434.5872526292832,0.0,0.0,6508.8795135521,1757.0228617263858,283.24626649316434,81.92267981335159,0.0,0.0,680.492900245576,366.8437195915817,0.0,0.0
94,1.3487435955976526,0.5413678728586955,1.871610557239556,-5.169198402654735e-16,1.314198380230419,10.836017902270427,1.9904200728663308,0.1025487375904428,0.0,0.0,0.0,0.0,0.0,0.0,0.0,0.0,0.0,0.0,0.0,0.0,0.0,0.0,0.0,0.0,0.0,0.0,788.0695015540525,0.0,8035.725368293616,3132.3923227786145,0.0,448.34174129937713,0.0,0.0,7025.4101809302365,1908.270418058713,212.73189415355972,0.0,0.0,0.0,638.9950977328313,301.6960187271052,0.0,0.0
95,1.6089744261364065,0.4075542749267136,2.0202780931506763,-5.169198402654735e-16,1.666970793924547,14.003656833382829,1.9530881658315404,0.1105126001461788,0.0,0.0,0.0,0.0,0.0,0.0,0.0,0.0,0.0,0.0,0.0,0.0,0.0,0.0,0.0,0.0,0.0,0.0,698.6561903249838,0.0,8035.659901645398,3197.6014180790867,0.0,382.8995517054421,0.0,0.0,7164.0774270043685,2062.032250568156,240.0924255453728,0.0,0.0,0.0,739.5048765987633,371.5270308808559,0.0,0.0
96,1.892033356633354,0.3504874161743507,2.108049045562528,-5.169198402654735e-16,2.1694388867856294,17.23592474305115,1.810233127162526,0.1175424195946837,0.0,0.0,0.0,0.0,0.0,0.0,0.0,0.0,0.0,0.0,0.0,0.0,0.0,0.0,0.0,0.0,0.0,0.0,436.7080969878187,0.0,7972.08601324557,3201.3704800289784,0.0,191.7204687906376,0.0,0.0,7415.492221526582,2363.2103475205163,278.1958607604968,0.0,0.0,0.0,963.5390489715472,572.2455533873582,0.0,0.0
97,2.160030362975081,0.3549978339692666,2.1561449795556493,-5.169198402654735e-16,2.7018682111494816,20.0812659652774,1.5423471163804008,0.1243443331121254,0.0,0.0,114.62593612777124,0.0,0.0,0.0,0.0,0.0,130.19242128092534,0.0,0.0,0.0,0.0,0.0,0.0,0.0,0.0,0.0,7.5,0.0,7155.399157942416,3011.550336335502,0.0,0.0,0.0,0.0,7142.957338110475,2617.392441730481,379.6060206927636,0.0,0.0,0.0,1297.7485136196494,867.5270421330014,0.0,0.0
98,2.359282562691797,0.4034551087352391,2.1224653358770755,-5.169198402654735e-16,3.271326133459728,22.50190684820469,1.223014768691289,0.1276752857510852,0.0,0.0,715.3747849646162,0.0,0.0,0.0,0.0,0.0,835.3119186882923,0.0,0.0,0.0,0.0,0.0,0.0,0.0,0.0,0.0,0.0,0.0,4699.134264155104,1982.150698274464,0.0,0.0,0.0,0.0,4697.8899837954405,1726.2248978048613,252.27028424401027,0.0,0.0,0.0,859.4569326768384,575.0525703460476,0.0,0.0
99,2.501245677697089,0.4876012150869629,1.9738625772382248,-5.169198402654735e-16,3.959607462334158,24.163524462162982,0.8862699275669337,0.119017244332225,0.0,0.0,1715.2807582031285,86.9907156673114,0.0,0.0,0.0,0.0,1947.8525556607583,0.0,0.0,0.0,0.0,0.0,0.0,0.0,0.0,0.0,0.0,0.0,3111.583365786124,1068.4370237595044,0.0,0.0,0.0,0.0,3087.8547735716475,890.2270155980565,113.58557012090095,33.77309733179276,0.0,0.0,514.9464585399127,382.9392991174088,0.0,0.0
100,2.562445058223528,0.5901439778411565,1.789512207076535,-5.169198402654735e-16,4.700229364528281,24.72051711711702,0.5683903809560582,0.1067852588714339,0.0,0.0,2471.392868501486,442.4186582638715,0.0,0.0,0.0,0.0,2473.142417952064,46.664288482186926,0.0,0.0,0.0,0.0,0.0,0.0,0.0,0.0,0.0,0.0,5368.076945950531,973.2573606612248,0.0,0.0,0.0,0.0,5246.998875479591,631.3596753832016,7.416433896526112,2.6618878194972706,0.0,0.0,691.0764860639136,664.9712591203352,0.0,0.0
101,2.5667579073696745,0.7018833799489569,1.6246630894648122,-5.169198402654735e-16,5.25058734324915,24.373848856050127,0.2946915745850211,0.0906323251096336,0.0,0.0,2527.8506022773327,500.3442840521355,0.0,0.0,0.0,0.0,2548.476533016093,91.77237760317938,0.0,0.0,0.0,0.0,0.0,0.0,0.0,0.0,0.0,0.0,5515.422870066542,956.8460068241536,0.0,0.0,0.0,0.0,5388.3074974180645,600.9998222059535,0.0,0.0,0.0,0.0,696.3973304746839,680.4101891676363,0.0,0.0
102,2.466037880118817,0.8076851902395931,1.505173788248581,-5.169198402654735e-16,5.5687402800492265,23.23507154788586,0.1200702971842876,0.0744735011561452,0.0,0.0,3418.477983735157,1590.68829303727,0.0,0.0,0.0,0.0,3967.0831685976186,1081.9448574785542,0.0,0.0,0.0,0.0,268.6619941849413,14.554486244515395,0.0,0.0,0.0,0.0,4261.661252130406,346.3145407645092,0.0,0.0,0.0,0.0,4238.330798851481,154.41426762970886,0.0,0.0,0.0,0.0,374.8242162040248,785.911794844223,0.0,0.0
103,2.3804064989820595,0.8848685007795344,1.3714845218623235,0.0008970031495011,5.749284802398909,21.185183424538987,0.0591693259885714,0.0573124553366104,0.0,0.0,3616.390684581428,2057.092739335686,0.0,0.0,0.0,0.0,4632.851764153834,1754.5758332520056,0.0,0.0,0.0,0.0,1461.4746809500573,140.57453614915855,0.0,0.0,0.0,0.0,2159.709212204228,0.0,0.0,0.0,0.0,0.0,2208.495129809107,0.0,0.0,0.0,1.1649926911898745,0.0,59.31055662100975,661.7873581985696,0.0,0.0
104,2.354896470735151,0.9667933057841844,1.2681540257764776,0.003148571661129,5.7769036199784365,18.406002833174732,0.0450888640983388,0.042160531833089,0.0,0.0,3740.1991213634888,2184.901020146797,0.0,0.0,0.0,0.0,4975.142335366118,2263.382365806744,256.15265126189274,0.0,0.0,0.0,3021.9438123733103,811.809600913626,0.0,0.0,0.0,0.0,717.3286429577979,0.0,0.0,0.0,0.0,0.0,721.7643403320875,0.0,0.0,0.0,4.024457170372664,0.0,0.0,174.30346503440668,0.0,0.0
105,2.416788532617549,1.0891609960195392,1.2173526449513363,0.0054363827242519,5.548253515631002,15.23024331813405,0.0403330176478405,0.0337838238538199,0.0,0.0,2431.3075502010497,1123.855642829441,0.0,0.0,0.0,0.0,3558.144937539253,1796.9567496250393,693.2840468775548,2.598202808684946,0.0,0.0,4820.785144180943,2064.116567666005,0.0,0.0,0.0,0.0,1246.793233601264,0.0,0.0,0.0,0.0,0.0,1158.5498413733433,0.0,0.0,0.0,0.0,0.0,0.0,0.0,0.0,0.0
106,2.4964288100308782,1.2591342340981004,1.154792800490912,0.0077468453820592,5.073660388619869,11.978548112025008,0.0364262353355482,0.0266844022325575,51.42768511386717,1.001246966818653,994.3787549779306,465.02655619585386,0.0,25.21321907352426,0.0,0.0,1393.5092174163435,686.5034697060366,262.40874977916405,91.12205144005858,0.0,0.0,1784.4564451912524,759.0693248023297,0.0,0.0,0.0,0.0,1910.235294117647,0.0,0.0,0.0,0.0,0.0,1761.3529411764705,0.0,0.0,0.0,0.0,0.0,0.0,0.0,0.0,0.0
107,2.6330365328328784,1.4139083321955763,1.0778421646176513,0.0099440500664446,4.546415786783738,9.095616394640178,0.032710961960133,0.0199329914750824,442.3915194212408,42.835926164070926,2915.2409501341704,1490.679649920657,0.0,190.3284878667392,0.0,0.0,2625.557709947312,867.9720536725177,269.73284271335723,285.26717291011045,0.0,0.0,805.4145797933512,212.54033655089103,0.0,0.0,0.0,0.0,1686.8111526709222,0.0,0.0,0.0,0.0,0.0,1503.6972133505988,0.0,0.0,0.0,0.0,0.0,0.0,0.0,0.0,0.0
108,2.8827577897228864,1.577541054493647,1.0096578071878044,0.01214125475083,3.9752755178870176,6.468839502810224,0.0313451071401213,0.0134507672620668,272.4509708920442,114.7025609826146,4544.988452688994,2280.1832749189566,0.0,80.18088012610625,0.0,0.0,4354.886979874062,1457.7617421468929,1387.0665459955906,469.7025841652992,117.1337544061882,0.0,4071.022416274667,1689.8375039575733,0.0,0.0,0.0,0.0,1611.9565708996624,0.0,0.0,0.0,0.0,0.0,1424.0873709919151,0.0,0.0,0.0,0.0,0.0,0.0,0.0,0.0,0.0
109,3.125067843755944,1.744354114337082,0.9970551481809344,0.0136118659749547,3.2890614925629698,4.26125874905672,0.0382430833125479,0.0200669526892403,265.4450558274158,193.5998432673827,3493.3290348472847,1193.309047775521,0.0,102.87371344709214,169.72707821397884,0.0,3626.287139579735,915.8996619289438,2091.804096664525,949.0652863558968,781.1795135101967,0.0,7031.627845831765,3532.959792603384,0.0,0.0,0.0,0.0,1542.5715620900176,0.0,0.0,0.0,0.0,0.0,1350.39718109159,0.0,0.0,0.0,0.0,0.0,0.0,0.0,0.0,0.0
110,3.300985479914017,1.8609876055391847,0.9998073917881564,0.0136362599999994,2.665829919702926,2.7565416667140754,0.0530627131835059,0.0529430836920063,258.39253004559123,273.44102843175875,3698.081815552816,1287.6085676447851,0.0,125.8980438046824,260.91018976892207,0.0,3682.639828565949,836.259758891675,1865.8302266112128,965.2733447086456,730.553177112353,0.0,5809.702544567884,2986.963044941403,0.0,0.0,0.0,0.0,1456.3397129489863,0.0,0.0,0.0,0.0,0.0,1264.1604043821403,0.0,0.0,0.0,0.0,0.0,0.0,0.0,0.0,0.0
111,3.3860870285417297,1.9049684424553448,0.9854097313402372,0.0136362599999994,2.445970117711913,1.7421761555880253,0.0807377774586672,0.1034669770717209,251.8939985893384,346.5189128097383,3949.228589344522,1430.673857107068,0.0,146.94758531208024,323.0565219493116,0.0,3773.3949173451183,783.371021279399,1616.10053153617,930.5884873946776,636.8863914645611,0.0,4513.353338476124,2368.8686962257884,0.0,0.0,0.0,0.0,1348.4957324698692,0.0,0.0,0.0,0.0,0.0,1196.9254054967828,0.0,0.0,0.0,0.0,0.0,0.0,0.0,0.0,0.0
112,3.481432297172268,1.9047096106801424,0.9583345546928664,0.0136362599999994,2.786171663178881,1.1164116656110683,0.120005975486817,0.155067647212836,244.9471888712127,372.5272653182807,4144.717079410472,1550.2374885166382,0.0,169.5519597994338,393.8911375199924,0.0,3833.625061970594,761.0451714468503,1437.1595620164992,938.25893247364,596.3110134642343,0.0,3567.9871153189174,1937.1363085145413,0.0,0.0,0.0,0.0,1284.9492867613058,0.0,0.0,0.0,0.0,0.0,1123.271545870048,0.0,0.0,0.0,0.0,0.0,0.0,0.0,0.0,0.0
113,3.464717843008107,1.894272981576873,0.9134106962017252,0.0127392568504977,3.8838695900244256,0.7227930130875606,0.1664585630264453,0.2209787768786705,302.0526971044859,210.94572371252156,3977.222583575459,1550.788894571702,0.0,230.64378257864496,501.60808791202334,0.0,3724.6630229329703,1032.3365742405222,1799.822642056687,1147.242730465385,860.4075565849621,0.0,5001.880380927408,2788.231133675114,0.0,0.0,0.0,0.0,1205.7229305102644,0.0,0.0,0.0,0.0,0.0,1031.9019241249166,0.0,0.0,0.0,0.0,0.0,0.0,0.0,0.0,0.0
114,3.280558764429155,1.8473644115927264,0.8532457275653682,0.0104650367441855,6.340041049554791,0.5512297141395205,0.2387073015923395,0.3436257250177832,212.9255411101373,55.45974951928275,4013.088619040723,1680.496769574048,0.0,56.5228757081508,323.0211188917179,0.0,3859.116768744339,1376.1849339684416,1725.673676952685,881.8162289956099,639.9411194448573,0.0,5379.68799720825,2890.9628082965687,0.0,0.0,0.0,0.0,1153.696601964118,0.0,0.0,0.0,0.0,0.0,976.7071755937924,0.0,0.0,0.0,0.0,0.0,0.0,0.0,0.0,0.0
115,3.002097231533751,1.8031837086955511,0.7556859929225965,0.0082451804651157,9.770340849060837,0.5221938281020571,0.330139991122924,0.4903053074271571,37.20920571902534,0.0,3998.580724271808,1775.68721007739,0.0,0.0,56.45465762861127,0.0,4033.393950785027,1762.3085699176595,1558.982788952298,522.2900901993946,310.25752492289047,0.0,6014.828027643784,2998.5935864700523,0.0,0.0,0.0,0.0,954.1543074989926,0.0,0.0,0.0,0.0,0.0,731.5663580498698,0.0,0.0,0.0,0.0,0.0,0.0,0.0,0.0,0.0
116,2.694270811897449,1.7772296809736083,0.6517641637911347,0.0059800209966772,13.921127340610774,0.6225773936581063,0.4161276669654618,0.6335960928795835,0.0,0.0,3995.740787634256,1982.80024832619,0.0,0.0,0.0,0.0,4290.791924319199,2214.1022733698846,1650.6849048713098,379.324611778677,82.51842473148683,0.0,7055.969113752004,3334.3044103296857,0.0,0.0,0.0,0.0,722.7489172990498,0.0,0.0,0.0,0.0,0.0,497.40101181622816,0.0,0.0,0.0,0.0,0.0,0.0,0.0,0.0,0.0
117,2.308949833863988,1.7586841839216194,0.5462631846045137,0.0036695583388699,18.589021764091108,0.8105544772722071,0.4854798534032147,0.7909466517502206,0.0,0.0,4029.369290158359,2108.9609606904805,0.0,0.0,0.0,0.0,4410.103983207599,2384.690302557107,1722.1896021294096,357.88409824930886,13.982973509866996,0.0,7410.516393623872,3465.0446967874464,0.0,0.0,0.0,0.0,677.0835285566887,0.0,0.0,0.0,0.0,0.0,447.30916401914914,0.0,0.0,0.0,0.0,0.0,0.0,0.0,0.0,0.0
118,1.873685990819487,1.7070877829235858,0.4697874689457345,0.0013364440863782,23.32361572795569,1.0446972364363083,0.5404141954485063,0.9758433289833884,0.0,0.0,3751.393301505768,2091.406917571034,0.0,0.0,0.0,0.0,4455.682677611904,2688.227541626988,1805.7519752296228,307.0074696204089,6.792737774361735,0.0,8518.791555685726,3925.259921897418,0.0,0.0,0.0,0.0,563.0349821834258,0.0,0.0,0.0,0.0,0.0,381.7599333174731,0.0,0.0,0.0,0.0,0.0,0.0,0.0,0.0,0.0
119,1.5394788318910275,1.673647640962125,0.4041100502910279,3.020212624067828e-06,27.6745961292837,1.279978575540185,0.5853422286485064,1.1283852629262447,0.0,0.0,3407.530105217884,2025.24242301574,0.0,0.0,0.0,0.0,4480.105469622171,2975.1031078333085,1907.5438806328884,270.53719058447,0.0,0.0,9791.092484843502,4466.454152896417,0.0,0.0,0.0,0.0,477.0,0.0,0.0,0.0,0.0,0.0,368.0,0.0,0.0,0.0,0.0,0.0,0.0,0.0,0.0,0.0
120,1.346765477288253,1.680797052755128,0.345554494173147,-5.169198402654735e-16,31.03107415288644,1.5074980437490575,0.5990756641242928,1.2042079851217482,0.0,0.0,3232.502213502236,1837.853050421633,0.0,0.0,0.0,0.0,4402.606003201509,2836.8988440833004,1925.021875351597,275.9370778019256,0.0,0.0,10051.18477181817,4616.77689790626,0.0,0.0,0.0,0.0,443.2090983629715,0.0,0.0,0.0,0.0,0.0,341.91598309951473,0.0,0.0,0.0,0.0,0.0,0.0,0.0,0.0,0.0
121,1.2430129799623877,1.6803293759842015,0.2976098300730885,-5.169198402654735e-16,33.571143236806094,1.7333783850024302,0.572254626448694,1.2541985938506834,0.0,0.0,3134.337282147643,1797.7391855729431,0.0,0.0,0.0,0.0,4552.330494059141,3069.95188379813,1717.5748034104106,104.52648734775612,0.0,0.0,10039.701716649295,4530.198322605044,0.0,0.0,0.0,0.0,398.8421666294449,0.0,0.0,0.0,0.0,0.0,343.7735349749092,0.0,0.0,0.0,0.0,0.0,0.0,0.0,0.0,0.0
122,1.158132450513606,1.6668357774651867,0.2535250423798674,-5.169198402654735e-16,35.15006729159056,1.9240282751345024,0.5370123874294215,1.3172047769887585,0.0,0.0,3318.882281157179,2106.178616269622,0.0,0.0,0.0,0.0,4960.090568918589,3731.6112883221153,1354.1557955597984,0.0,0.0,0.0,9367.609733878891,4004.423426304786,0.0,0.0,0.0,0.0,619.6095358850074,0.0,0.0,0.0,0.0,0.0,614.726040015758,0.0,0.0,0.0,0.0,0.0,0.0,0.0,0.0,0.0
123,1.1682431462152814,1.6575112983731577,0.2125390892292346,-5.169198402654735e-16,35.66040376539585,2.0671262792324105,0.5100914419104331,1.345787070202524,0.0,0.0,3494.082230799101,2444.6711654610453,0.0,0.0,0.0,0.0,5205.185712796716,4115.836772980811,1293.6662149046963,0.0,0.0,0.0,8440.350085966704,3434.1682775037502,0.0,0.0,0.0,0.0,905.6528600377828,0.0,0.0,0.0,0.0,0.0,965.5004225223388,0.0,0.0,0.0,0.0,0.0,0.0,0.0,0.0,0.0
124,1.2311904327602314,1.6538696247301452,0.17011356932815,-5.169198402654735e-16,34.69683747681461,2.177198112138392,0.4583066458221024,1.2910049719004564,0.0,0.0,3570.292166573575,2476.6990615174664,0.0,0.0,0.0,0.0,5260.474608392871,3953.0940013654144,856.8879463189697,0.0,0.0,0.0,6850.186669116976,2672.886266942583,0.0,0.0,0.0,0.0,1299.6103454738816,0.0,0.0,0.0,0.0,0.0,1477.905342879532,0.0,0.0,0.0,0.0,0.0,0.0,0.0,0.0,0.0
125,1.294411567630562,1.5911444926963432,0.1532384498870416,-5.169198402654735e-16,32.47681448511624,2.237009549214603,0.382651329767441,1.2087316499003309,0.0,0.0,3061.908735276941,1715.367407836438,0.0,0.0,0.0,0.0,4528.876473045175,2361.2263564705445,137.65050830373508,0.0,0.0,0.0,2927.715132229474,819.7603344611225,0.0,0.0,0.0,0.0,2629.4253075779548,0.0,0.0,0.0,0.0,0.0,3336.4428713387565,9.425656923771596,0.0,0.0,0.0,0.0,0.0,0.0,0.0,0.0
126,1.3892112644890358,1.463425137185378,0.1462567671364771,-5.169198402654735e-16,29.440672375050863,2.2208943810617803,0.3152769537025904,1.1330461099614613,0.0,0.0,1997.0478330096491,807.7244223536859,0.0,0.0,0.0,0.0,3094.3965894983808,1033.122426105084,0.0,0.0,0.0,0.0,1096.188102674393,47.95715297892613,0.0,0.0,0.0,0.0,4836.177122328118,803.5078038841664,0.0,0.0,0.0,0.0,6418.117207818275,1239.920859102248,0.0,0.0,0.0,0.0,171.65045722765225,40.71030515627883,0.0,0.0
127,1.4768580037377288,1.3126406095377643,0.1367023816909662,0.0001858751783358,25.528375976438987,2.1424919681897925,0.260605687671786,1.0187673834155315,0.0,0.0,1157.8200786140762,209.84112217355383,0.0,0.0,0.0,0.0,1955.0486937118387,268.3966476462302,0.0,0.0,0.0,0.0,284.7780779266323,0.0,0.0,0.0,0.0,0.0,6647.569006620371,2177.221529930458,0.0,0.0,0.0,0.0,7571.589034968465,2025.0625837579607,0.0,0.0,0.0,0.0,272.3043940473659,64.56435222342452,0.0,0.0
128,1.541863250457688,1.1444293688676936,0.1288711483197175,0.0105277021184282,21.314394462742182,1.9772499960351608,0.2298799468798129,0.8449478145108451,0.0,0.0,698.3455280219223,0.0,0.0,0.0,0.0,0.0,1215.0369541801608,0.0,0.0,0.0,0.0,0.0,0.0,0.0,0.0,0.0,24.61275766624321,0.0,8247.505934408127,3304.2867718599045,0.0,8.038270567299083,0.0,0.0,7837.365157675463,1867.8646440534144,0.0,0.0,0.0,0.0,219.04037307543064,51.932942591648256,0.0,0.0
129,1.60135066653195,0.9857405657541504,0.1440196626976732,0.0275402206644513,17.01866718209885,1.7483331255125876,0.2070003019159665,0.6981241670314632,0.0,0.0,483.7731083279609,0.0,0.0,0.0,0.0,0.0,772.5347557981231,0.0,0.0,0.0,0.0,0.0,0.0,0.0,0.0,0.0,246.4530287914936,0.0,8803.10041735033,3730.2475384494087,0.0,82.31359567391416,0.0,0.0,7701.704976950869,1643.0505707353393,0.0,0.0,0.0,0.0,170.97182016810382,40.56113098428089,0.0,0.0
130,1.6553853393946405,0.8544936684942374,0.1642086916756897,0.0438864350830559,13.49569168673948,1.4925227395444778,0.2066901495497277,0.6086154364461718,0.0,0.0,282.63101621576175,0.0,0.0,0.0,0.0,0.0,344.29514422159974,0.0,0.0,0.0,0.0,0.0,0.0,0.0,0.0,0.0,524.7223560709073,0.0,8797.35630811951,3763.569767965278,0.0,259.535038175037,0.0,0.0,7217.831024774457,1364.749143901954,0.0,0.0,0.0,0.0,125.12220948375328,29.684313873071,0.0,0.0
131,1.704478663337141,0.7936004648427887,0.1827085864186035,0.0600658513953483,10.688333808818829,1.2407433722336023,0.2327883793355479,0.5378948493942848,0.0,0.0,159.24959979340878,0.0,0.0,0.0,0.0,0.0,76.09369303069391,0.0,0.0,0.0,0.0,0.0,0.0,0.0,0.0,0.0,1230.080334387805,0.0,7690.145089164544,3195.5343420256936,0.0,925.8962721034728,0.0,0.0,5283.937190858519,544.3683964723588,10.211719173859432,0.0,0.0,0.0,75.00718668417612,19.60352581523867,0.0,0.0
132,1.7352707728220205,0.7744813210422379,0.2031831401201427,0.0765788639202652,8.258988423363439,1.0100748671394486,0.2556828629932874,0.4476777459179596,0.0,0.0,153.40684959492265,0.0,0.0,0.0,0.0,0.0,54.71735094518046,0.0,0.0,0.0,0.0,0.0,0.0,0.0,0.0,0.0,658.6077205722614,0.0,6582.416831304227,2080.622620056462,0.0,502.786112283936,0.0,0.0,4877.150158450418,509.9616806034947,299.1715816980367,11.453109991952442,0.0,0.0,650.5787701032436,460.1631324434359,0.0,0.0
133,1.7606589491057003,0.7727359631402797,0.2326513771116677,0.0928507945563762,6.274414670127555,0.8192669613964157,0.2632674573980605,0.3747903270722081,0.0,0.0,86.7361967269436,0.0,0.0,0.0,0.0,0.0,31.260404229820804,0.0,0.0,0.0,0.0,0.0,0.0,0.0,0.0,0.0,281.9174770631297,0.0,6104.142269906952,1630.0900795008786,0.0,151.37206924746076,0.0,0.0,4943.9003580802455,563.923482192754,614.4449456359398,547.9630546291304,0.0,0.0,1467.3043581623235,1091.5845301821223,0.0,0.0
134,1.844573470314297,0.783107994103428,0.2619463046248348,0.1003965145206539,4.560920658493029,0.6738811652995501,0.2556975261483109,0.3241125066818788,0.0,0.0,28.01526978181668,0.0,0.0,0.0,0.0,0.0,8.549698777856381,0.0,0.0,0.0,0.0,0.0,0.0,0.0,0.0,0.0,578.5421690404136,0.0,5906.013001064083,1425.0819762404185,0.0,442.90222564605136,79.91235669845126,0.0,4825.153710073158,0.0,501.4932936532493,570.241178414472,0.0,0.0,1226.099951099342,1000.033431017949,0.0,0.0
135,1.962316336676176,0.7816878621528219,0.2676986455931199,0.1004124599999995,3.2971767979839286,0.6992416941551525,0.2320832969701006,0.2575698053515728,0.0,0.0,15.02929368988973,0.0,0.0,0.0,0.0,0.0,0.0510899291676099,0.0,0.0,0.0,0.0,0.0,0.0,0.0,0.0,0.0,890.82714991979,0.0,5702.267570198323,1214.0024517906131,0.0,749.808859146353,416.3241649598464,0.0,4700.753225809618,0.0,381.4223982039089,579.6026327931779,0.0,0.0,968.7114799541038,900.152299295157,0.0,0.0
136,2.0511594584324238,0.7663684870788009,0.2684386945913607,0.1004124599999995,2.4915595544347693,0.9915673137057638,0.2090006136095691,0.210364486717873,0.0,0.0,9.6287469616171,0.0,0.0,0.0,0.0,0.0,0.0,0.0,0.0,0.0,0.0,0.0,0.0,0.0,0.0,0.0,1123.994754309413,0.0,5571.714770699684,1077.1633497691796,0.0,972.6460994834576,417.7090711323837,0.0,4612.432439451743,0.0,290.57533978169124,561.0931412296361,0.0,0.0,767.6545802741767,800.1981016277931,0.0,0.0
137,2.1909675867003835,0.7278914874752157,0.2699436850332887,0.1002114113377173,1.9078580383824892,1.7583868638806524,0.1907409175390879,0.2317158788587692,0.0,0.0,0.2487729947646688,0.0,0.0,0.0,0.0,0.0,0.0,0.0,0.0,0.0,0.0,0.0,0.0,0.0,0.0,0.0,1929.1865213048527,62.76337869523671,5673.095873700935,1137.857362415172,0.0,1582.8716838967844,380.2063126490861,0.0,4424.864229205564,0.0,12.93619572776278,36.88059647386216,0.0,0.0,37.12936946862683,47.01809601052243,0.0,0.0
138,2.370843673152888,0.6992432802364889,0.2642607319262307,0.090218317837141,1.5717656284287298,3.164980207357498,0.1682084055239,0.2975833709932867,0.0,0.0,0.0,0.0,0.0,0.0,0.0,0.0,0.0,0.0,0.0,0.0,0.0,0.0,0.0,0.0,0.0,0.0,2787.2500212613554,540.0576566362535,6115.275387806844,1519.9934827290224,0.0,2149.1591887460804,302.33063300718254,0.0,4313.800143279643,0.0,0.0,0.0,0.0,0.0,0.0,0.0,0.0,0.0
139,2.5645247654191143,0.6539057918211066,0.2328363120107323,0.0733726336544846,1.593726427060267,5.216512929532058,0.1465039248637877,0.3800830507774072,0.0,0.0,0.0,0.0,0.0,0.0,0.0,0.0,0.0,0.0,0.0,0.0,0.0,0.0,0.0,0.0,0.0,0.0,2406.651764399337,186.57975542693123,7497.791431914795,2577.450565668524,0.0,1759.4363866286487,60.73200566608088,0.0,5208.043357435953,305.6065970420726,0.0,0.0,0.0,0.0,0.0,0.0,0.0,0.0
140,2.7213832303171013,0.6105627375217328,0.2057311414934603,0.0568596211295678,1.7630125031743376,7.609438705654895,0.128237678910299,0.4622811575681044,0.0,0.0,0.0,0.0,0.0,0.0,0.0,0.0,0.0,0.0,0.0,0.0,0.0,0.0,0.0,0.0,0.0,0.0,2071.317223762256,0.0,8300.78088657197,3266.913243957232,0.0,1332.2163378015778,0.0,0.0,5879.41258586572,733.4895016501071,0.0,0.0,0.0,0.0,0.0,0.0,0.0,0.0
141,2.8586672333070164,0.5576217438209863,0.1829407067172157,0.0405134067109632,1.9783578649387856,10.38839516643892,0.1101559404916942,0.5436489804518254,0.0,0.0,0.0,0.0,0.0,0.0,0.0,0.0,0.0,0.0,0.0,0.0,0.0,0.0,0.0,0.0,0.0,0.0,2168.039356485278,0.0,8165.152532328472,3281.573654220194,0.0,1354.9092105049135,0.0,0.0,5860.963386882392,757.6004050700603,0.0,0.0,0.0,0.0,0.0,0.0,0.0,0.0
142,2.991872728706617,0.5197291182289782,0.1562301077740846,0.0233332017607968,2.2119204591949453,13.366743643911311,0.0911508407043188,0.6141130067863518,0.0,0.0,0.0,0.0,0.0,0.0,0.0,0.0,0.0,0.0,0.0,0.0,0.0,0.0,0.0,0.0,0.0,0.0,2213.0884733318803,0.0,7741.233604314048,3240.217580952306,0.0,1345.111449980782,0.0,0.0,5868.244724032005,728.3572210503723,0.0,0.0,0.0,0.0,0.0,0.0,0.0,0.0
143,3.0385321361063102,0.5033472631893664,0.1313957596651146,0.0097113930205974,2.432049718692314,15.879588566198,0.0693911788730895,0.635420648741527,0.0,0.0,0.0,0.0,0.0,0.0,0.0,0.0,0.0,0.0,0.0,0.0,0.0,0.0,0.0,0.0,0.0,0.0,2090.719032108969,0.0,7547.85464588932,3259.58863221864,0.0,1222.563007053944,0.0,0.0,5989.362657856316,783.6447619759293,0.0,0.0,0.0,0.0,0.0,0.0,0.0,0.0
144,3.003104799756886,0.5182108762266922,0.1187529515012687,0.0137462474223172,2.595970059820163,17.8869662792691,0.0542674550033221,0.6476153424131311,0.0,0.0,0.0,0.0,0.0,0.0,0.0,0.0,0.0,0.0,0.0,0.0,0.0,0.0,0.0,0.0,0.0,0.0,1414.8838007104985,0.0,8020.689421491208,3604.419743914795,0.0,711.381512084571,0.0,0.0,6469.488035878757,1116.773582501792,0.0,0.0,0.0,0.0,0.0,0.0,0.0,0.0
145,2.8981063813787964,0.5697028368871021,0.1312253737396086,0.0273843714764616,2.7165524434864468,19.48812181739334,0.0540491759999998,0.65766860694565,0.0,0.0,1105.4150626147266,0.0,0.0,0.0,0.0,0.0,1304.2843843847786,0.0,0.0,0.0,0.0,0.0,0.0,0.0,0.0,0.0,368.7520193258815,0.0,7906.169300795028,3275.1328830757034,0.0,0.0,0.0,0.0,6375.019857240729,1052.4617274616708,0.0,0.0,0.0,0.0,0.0,0.0,0.0,0.0
146,2.7626059144959907,0.6641915290646827,0.1395000517873738,0.0449893618205975,2.832977062459208,20.52654793482352,0.0540458327699823,0.6551170337447706,0.0,0.0,2021.8256364688375,0.0,0.0,0.0,0.0,0.0,2008.1719192184812,0.0,0.0,0.0,0.0,0.0,0.0,0.0,0.0,0.0,176.60032391301328,0.0,6992.70253828796,2274.0538006699057,0.0,0.0,0.0,0.0,5581.631185779349,564.6464317259797,0.0,0.0,0.0,0.0,0.0,0.0,0.0,0.0
147,2.552837834494881,0.8318244460496979,0.1431605494883705,0.062626305289036,2.9362635852182946,20.577382805122912,0.0495630400281726,0.6065123120276408,0.0,0.0,3261.6034571280093,381.0581951005163,0.0,0.0,0.0,0.0,3226.0020749006503,15.937795232340989,0.0,0.0,0.0,0.0,0.0,0.0,0.0,0.0,96.08425505197138,0.0,5933.66146592432,1280.360039939265,0.0,0.0,0.0,0.0,4719.197895127296,158.90540605915282,0.0,0.0,0.0,0.0,0.0,0.0,0.0,0.0
148,2.338752097126243,1.0204958856154465,0.1481200989842178,0.079739379149501,2.994287891628694,19.758489252533227,0.0407695756544849,0.546305755103821,0.0,0.0,4449.849016636746,2029.2497809257604,0.0,0.0,0.0,0.0,4487.787213413588,682.7028118917143,0.0,0.0,0.0,0.0,0.0,0.0,0.0,0.0,78.61436591472646,0.0,4750.106989054376,481.50419148472207,0.0,0.0,0.0,0.0,3846.059153345519,0.225464403177107,0.0,0.0,0.0,0.0,0.0,0.0,0.0,0.0
149,2.13102692585535,1.209448285107079,0.1762457538093523,0.0944312193020693,2.9558813881486894,18.1976303606412,0.0317913072159468,0.459514843447482,0.0,0.0,5054.000584092459,2841.1006080111383,0.0,0.0,0.0,0.0,5185.10507576646,1621.3285014840635,0.0,0.0,0.0,0.0,50.84028456474418,0.0,0.0,0.0,60.42986305006574,0.0,3796.322077589261,110.98430550052254,0.0,0.0,0.0,0.0,3096.799610783638,0.0,0.0,0.0,0.0,0.0,0.0,0.0,0.0,0.0
150,1.934222982037374,1.3738756235107974,0.2176218153513278,0.1005492275830558,2.8897874537192223,16.127774245754154,0.0228130387774086,0.3677349457823902,0.0,0.0,5588.542174898271,3524.4405332323336,0.0,0.0,0.0,0.0,5808.074113720465,2449.044212685391,0.0,0.0,0.0,0.0,352.0365618723431,0.0,0.0,0.0,38.62576377299166,0.0,2148.7549139117514,3.5930022526138896,0.0,0.0,0.0,0.0,1741.191874635094,0.0,0.0,0.0,0.0,0.0,0.0,0.0,0.0,0.0
151,1.7817975184759112,1.5569923333205975,0.2781168801453477,0.1109323238995009,2.801171927070552,13.592012580867118,0.0141939010764119,0.2745355257433541,0.0,0.0,5380.006716017033,3426.846598168904,0.0,0.0,0.0,0.0,5578.783803968873,2354.345201450192,0.0,0.0,0.0,0.0,421.5395012837728,0.0,0.0,0.0,21.40456802989928,0.0,2142.4858103084066,0.0,0.0,0.0,0.0,0.0,1635.3895094652364,0.0,0.0,0.0,0.0,0.0,0.0,0.0,0.0,0.0
152,1.6621625812609204,1.7452762876851506,0.3622675715581379,0.1207214679468431,2.6428132861686238,10.779115946823678,0.0052156326378737,0.1856049492052131,0.0,0.0,5757.767002078805,3666.8111399182794,0.0,0.0,0.0,0.0,5908.347317415005,2600.686001433892,24.03869196916585,0.0,0.0,0.0,586.2912269650895,0.0,0.0,0.0,4.786645344069971,0.0,2353.5952572142683,0.0,0.0,0.0,0.0,0.0,1713.442614923228,0.0,0.0,0.0,0.0,0.0,0.0,0.0,0.0,0.0
153,1.5934449773468782,1.9215963926441235,0.4575294102083234,0.1273988027406677,2.4038702110751946,8.11234573187572,2.48077357827261e-05,0.1415150181340627,13.195150791814392,0.0,4882.221625402475,3109.2088548681463,0.0,0.0,0.0,0.0,4986.666485800628,2248.194811004681,67.74579967559414,0.0,0.0,0.0,546.9267207877907,0.0,0.0,0.0,0.0,0.0,2117.1576202253086,0.0,0.0,0.0,0.0,0.0,1568.0788101126543,0.0,0.0,0.0,0.0,0.0,0.0,0.0,0.0,0.0
154,1.5344870486406297,2.1120979885059805,0.5479834000055148,0.1248613557607969,2.14705357197062,5.9225250949732455,4.085620730620567e-17,0.1098548413524727,135.4184932122539,0.0,3169.5864898765444,2018.3467018118336,0.0,0.0,0.0,0.0,3237.1674811145394,1459.2792540680275,44.68691241179934,0.0,0.0,0.0,356.8563552538888,0.0,0.0,0.0,0.0,0.0,2040.597780462997,0.0,0.0,0.0,0.0,0.0,1529.6041852326944,0.0,0.0,0.0,0.0,0.0,0.0,0.0,0.0,0.0
155,1.507154951168727,2.329323961591288,0.612409600462571,0.1232433045957444,1.9119384574671223,4.242376877516941,4.085620730620567e-17,0.0989179805131828,148.37910911407803,0.0,2464.877180417451,1484.1898078694996,0.0,0.0,0.0,0.0,2429.1462190279467,1028.7875450493896,320.96203098628786,0.0,0.0,0.0,1007.317414617118,0.0,0.0,0.0,0.0,0.0,1877.8200789176071,0.0,0.0,0.0,0.0,0.0,1368.7120546452772,0.0,0.0,0.0,0.0,0.0,0.0,0.0,0.0,0.0
156,1.5008561389161097,2.50794849250664,0.6705265855440201,0.1331111695066442,1.653456860611252,2.929021354215959,4.085620730620567e-17,0.0862482119202656,0.0,0.0,3829.538573354645,2179.2439146436013,0.0,0.0,0.0,0.0,3654.6840105593815,1454.6187780878315,941.514578995776,55.374757947772,7.644744944888764,0.0,2711.5617637135665,650.1963823134047,0.0,0.0,0.0,0.0,1691.3983374624358,0.0,0.0,0.0,0.0,0.0,1183.038933756855,0.0,0.0,0.0,0.0,0.0,0.0,0.0,0.0,0.0
157,1.5400382667906936,2.584405132701967,0.7290601564924757,0.1516673740418209,1.366941595879574,2.023119144178239,4.085620730620567e-17,0.0747177346069959,0.0,0.0,4200.122851542823,2382.4445069473045,0.0,0.0,0.0,0.0,4386.095157389569,2075.381464579784,1810.9238182600284,287.9564484123716,115.92859382430946,0.0,5781.688375224602,2643.555727352051,0.0,0.0,0.0,0.0,1564.4460187329578,0.0,0.0,0.0,0.0,0.0,1129.0880523874337,0.0,0.0,0.0,0.0,0.0,0.0,0.0,0.0,0.0
158,1.5630277946906197,2.5886717290324706,0.7758426020348489,0.1737303179800658,1.1523690918903904,1.3940812245464844,0.0026282237667638,0.0772858458257501,0.0,0.0,3468.9881203816626,1767.3555214951602,0.0,0.0,0.0,0.0,4317.75541292752,2511.2070030600357,2388.050520396941,571.9961851087461,0.0,0.0,9567.544551365836,4344.285911830242,0.0,0.0,0.0,0.0,1410.8819882540429,0.0,0.0,0.0,0.0,0.0,1047.5236855839787,0.0,0.0,0.0,0.0,0.0,0.0,0.0,0.0,0.0
159,1.558092936351765,2.5392307788203947,0.7961577492898178,0.1983100842376386,1.120116592636268,0.9374450886144328,0.0282729210170021,0.103902178405315,0.0,0.0,2917.141228294175,1479.4679494042102,0.0,0.0,0.0,0.0,4258.160860966294,2638.490204806064,2514.1540020486777,584.2092662817689,0.0,0.0,11828.455488895272,5270.23493508465,0.0,0.0,0.0,0.0,1304.0183690371418,0.0,0.0,0.0,0.0,0.0,965.9685200302029,0.0,0.0,0.0,0.0,0.0,0.0,0.0,0.0,0.0
160,1.5569755052190764,2.441638143643696,0.7916739335823985,0.2328970759072268,1.438226443334754,0.6243662712941862,0.0698846999202657,0.1572159766652036,0.0,0.0,2978.044068682915,1902.7909548008536,0.0,0.0,0.0,0.0,4465.158390796343,3074.571138706513,2878.08231995042,653.3894476836975,0.0,0.0,11695.131668971057,5042.496801006232,0.0,0.0,0.0,0.0,798.9622593082231,0.0,0.0,0.0,0.0,0.0,587.3362343088637,0.0,0.0,0.0,0.0,0.0,0.0,0.0,0.0,0.0
161,1.5276206955324858,2.304812114551489,0.7598724050966106,0.2600511138466439,2.2090263127797587,0.4934227841007398,0.1140092815144187,0.2406318605390028,0.0,0.0,3124.9879062520217,1939.857459458312,0.0,0.0,0.0,0.0,4503.6562097158885,2741.326328390373,2551.6846129097457,563.5419634202967,0.0,0.0,9095.93369769181,3902.920336252288,0.0,0.0,0.0,0.0,969.754533720291,0.0,0.0,0.0,0.0,0.0,686.3737118382451,0.0,0.0,0.0,0.0,0.0,0.0,0.0,0.0,0.0
162,1.5119202153860407,2.214217505491023,0.7121453797793996,0.2712612754843849,3.366841768552782,0.5001247878405407,0.1625631092571431,0.3546218346578071,0.0,0.0,3487.727404013542,2072.4633672902105,0.0,31.44135238866709,0.0,0.0,4309.62804127314,2206.855939400166,1455.3851881748053,101.4061021107938,0.0,0.0,4198.769789141584,1899.0506989592948,0.0,0.0,0.0,0.0,1117.0086385191628,0.0,0.0,0.0,0.0,0.0,786.0784976418425,0.0,0.0,0.0,0.0,0.0,0.0,0.0,0.0,0.0
163,1.5266495269435167,2.179832051762325,0.6412121232849448,0.2686952595417832,5.032298613997404,0.6177487461359668,0.2391627281630466,0.4756202539902892,408.2286149236752,0.0,4245.339120297741,2604.4115220632307,0.0,298.3343582713129,3.45395437555886,0.0,4322.0580107428,1791.4797182100774,883.5515976257445,0.0,0.0,0.0,2250.493432292418,1237.0494205851458,0.0,0.0,0.0,0.0,969.8476938033124,0.0,0.0,0.0,0.0,0.0,698.4680066157829,0.0,0.0,0.0,0.0,0.0,0.0,0.0,0.0,0.0
164,1.5701211188641735,2.16101434865194,0.5577494971999201,0.2592339102059793,7.435696714032401,0.7747604634442148,0.3354834255923398,0.5896315561524333,971.584626026968,0.0,5454.5602205019,3464.649041506492,0.0,494.05443463127466,50.63955148912923,0.0,4909.409178977204,1758.894427467808,599.9685549311993,0.0,0.0,0.0,1185.0402031438882,724.9231047511287,0.0,0.0,0.0,0.0,882.1364578456896,0.0,0.0,0.0,0.0,0.0,631.8081464849099,0.0,0.0,0.0,0.0,0.0,0.0,0.0,0.0,0.0
165,1.63062960906859,2.1229144148454138,0.4924665030603862,0.2486742778182521,10.434685319301115,0.998657498321682,0.417833415161228,0.6774112742872775,529.7862102785106,0.0,5639.343531250423,3733.711378940552,0.0,224.5971177648697,38.15847945290959,0.0,5308.582903931153,2342.027851464699,812.4546587000845,0.0,0.0,0.0,1615.7775929189509,493.9148512752869,0.0,0.0,0.0,0.0,778.0098950916121,0.0,0.0,0.0,0.0,0.0,534.2643467608835,0.0,0.0,0.0,0.0,0.0,0.0,0.0,0.0,0.0
166,1.7170294505076642,2.1112582775808253,0.4448654899483973,0.224080457898635,13.571623477407185,1.2595428600347869,0.4841386232699518,0.7408770024700638,122.76284275378056,0.0,4245.702778055415,2864.013584925104,0.0,0.9059988395112956,0.0,0.0,4195.773350144077,2133.6804736218933,672.2387176613491,0.0,0.0,0.0,1514.370393073788,342.0626724326217,0.0,0.0,0.0,0.0,648.1020382961273,0.0,0.0,0.0,0.0,0.0,340.9749564816736,0.0,0.0,0.0,0.0,0.0,0.0,0.0,0.0,0.0
167,1.8016991237641145,2.12867106628654,0.4044951548571406,0.1919837451901986,16.76826694462372,1.5398566936669529,0.5489886820514956,0.7795768364900325,0.0,0.0,1798.6268800953865,1252.5059383351693,0.0,0.0,0.0,0.0,1792.4239650737427,972.6214590463754,286.93862783307594,0.0,0.0,0.0,650.7360399611645,143.11188746990555,0.0,0.0,0.0,0.0,652.5517255479227,0.0,0.0,0.0,0.0,0.0,296.398266274125,0.0,0.0,0.0,0.0,0.0,0.0,0.0,0.0,0.0
168,1.8627774884906865,2.159161132960067,0.3621019584837939,0.1575957930099659,20.1044417604721,1.81472598852104,0.6077062604102055,0.7680400911537637,0.0,0.0,6276.219312717801,4842.936316944471,0.0,0.0,0.0,0.0,6431.931738103312,4208.45684603802,1051.4591512472132,0.0,0.0,0.0,2427.042079974993,498.7069429956642,0.0,0.0,0.0,0.0,431.97454386046616,0.0,0.0,0.0,0.0,0.0,230.0752055975285,0.0,0.0,0.0,0.0,0.0,0.0,0.0,0.0,0.0
169,1.8616558429600565,2.2362692828325423,0.3202383613156128,0.1247315625613903,23.184502620383373,2.0469363186035285,0.6168191342616801,0.7260756355716405,0.0,0.0,6065.6642648512125,4737.612466661577,0.0,0.0,0.0,0.0,6253.124238774475,4143.385959629419,1109.8598388439452,0.0,0.0,0.0,2565.221842634291,572.1606558821185,0.0,0.0,0.0,0.0,406.4319476384454,0.0,0.0,0.0,0.0,0.0,221.610126140195,0.0,0.0,0.0,0.0,0.0,0.0,0.0,0.0,0.0
170,1.8410806618636488,2.359281193458337,0.2793786734990016,0.0980200397541519,25.53005474416822,2.287018949212232,0.5934106626099658,0.6729466222022589,0.0,0.0,6056.2541807840935,4728.654346141574,0.0,0.0,0.0,0.0,6250.234581744331,4141.057818648677,1109.0412590971937,0.0,0.0,0.0,2573.8447571802626,576.6426075330082,0.0,0.0,0.0,0.0,403.0305944259589,0.0,0.0,0.0,0.0,0.0,220.1013671746408,0.0,0.0,0.0,0.0,0.0,0.0,0.0,0.0,0.0
171,1.8199310491195968,2.502261218290822,0.2393098843271126,0.0725484957745969,27.178700373754392,2.470272620437267,0.5577125477372856,0.5979276345302833,0.0,0.0,5682.891299287011,4356.101516034194,0.0,0.0,0.0,0.0,6136.037146553736,4020.954382417307,1046.601122336206,0.0,0.0,0.0,2866.757271690496,738.3265533725553,0.0,0.0,0.0,0.0,257.85988792443345,0.0,0.0,0.0,0.0,0.0,157.95368918661072,0.0,0.0,0.0,0.0,0.0,0.0,0.0,0.0,0.0
172,1.7625952155606763,2.593775221238222,0.1983239901364063,0.0613677972241541,28.22554791602812,2.546465673936298,0.5149147744467459,0.4860084970764117,0.0,0.0,5552.690891292843,4180.092039539731,0.0,0.0,0.0,0.0,6071.818970357906,3868.035079159153,924.540175903678,0.0,0.0,0.0,2762.540175903678,724.7859921999653,0.0,0.0,0.0,0.0,239.85424341671336,0.0,0.0,0.0,0.0,0.0,160.1585647126516,0.0,0.0,0.0,0.0,0.0,0.0,0.0,0.0,0.0
173,1.6596712307265953,2.625671832124288,0.1725440043025194,0.0663284237811211,28.520676245733803,2.519600042795395,0.4470597381645494,0.369415659787375,0.0,0.0,5483.059471928797,3952.5892980542826,0.0,0.0,0.0,0.0,6057.701889519104,3659.4364939253055,659.4672896610776,0.0,0.0,0.0,2414.2161127283166,571.1456580805988,0.0,0.0,0.0,0.0,652.9231800987507,0.0,0.0,0.0,0.0,0.0,647.2262619230466,0.0,0.0,0.0,0.0,0.0,0.0,0.0,0.0,0.0
174,1.545710699285783,2.5805315486740623,0.1578635287252406,0.074522852715628,27.97586298585789,2.455537017309402,0.3678736221748787,0.2746009798702194,0.0,0.0,5405.329963689688,3669.4038335637456,0.0,0.0,0.0,0.0,5982.352891538802,3240.4245239945258,260.7856580244674,0.0,0.0,0.0,1848.2124099435025,268.60360871120247,0.0,0.0,0.0,0.0,1583.2501534466974,0.0,0.0,0.0,0.0,0.0,1619.5037128692495,0.0,0.0,0.0,0.0,0.0,0.0,0.0,0.0,0.0
175,1.424486624923586,2.4772857800221457,0.1442585188062,0.0804755788571422,26.486082624691008,2.3183737539446394,0.2993517910919165,0.1993908376256918,0.0,0.0,5016.302347177679,3139.00729873339,0.0,0.0,0.0,0.0,5630.389882607568,2626.7967832635595,33.567359181606086,0.0,0.0,0.0,1419.0519559497343,88.16316112492295,0.0,0.0,0.0,0.0,2321.617807995822,18.166666666666668,0.0,0.0,0.0,0.0,2489.728344162237,20.166666666666668,0.0,0.0,0.0,0.0,0.0,0.0,0.0,0.0
176,1.2742865332777231,2.297264410423122,0.1302950921478741,0.080234419455149,24.472784929957715,2.084326416534398,0.2440024697032586,0.1367995961419378,0.0,0.0,3786.921262256398,1766.6624191480234,0.0,0.0,0.0,0.0,4350.782779017612,1198.0183659683598,0.0,0.0,0.0,0.0,913.4055395363512,0.0,0.0,0.0,0.0,0.0,4044.39121337193,432.37720078438247,0.0,0.0,0.0,0.0,4835.085161083282,396.1515775732141,0.0,0.0,0.0,0.0,0.4526882091612868,0.7048183509726363,0.0,0.0
177,1.1094282539683384,2.1233400710150416,0.1135971255337093,0.0778711434535856,22.07684762434472,1.804594276167295,0.1871045947234705,0.0955047759937459,0.0,0.0,3254.242043154757,1268.4667436453756,0.0,0.0,0.0,0.0,3763.288493331036,792.0309824955018,0.0,0.0,0.0,0.0,709.4371917852135,0.0,0.0,0.0,0.0,0.0,4508.788279566577,860.0552366238493,0.0,0.0,0.0,0.0,5292.309924560537,746.2778083331269,0.0,0.0,0.0,0.0,30.950227385912253,48.18832871477477,0.0,0.0
178,0.934163264824429,1.9323062439598704,0.1067837833347796,0.0721576844850491,19.164316895995377,1.518139338660886,0.1328097686549962,0.0875199959999996,0.0,0.0,2420.0771242477185,695.5990376386316,0.0,0.0,0.0,0.0,2798.634266767069,434.3322298072607,0.0,0.0,0.0,0.0,389.0396262598516,0.0,0.0,0.0,0.0,0.0,4953.495519976798,1273.735509380952,0.0,0.0,0.0,0.0,5697.513046922763,1005.883271244328,0.0,0.0,0.0,0.0,103.16227600052352,186.7533727241331,0.0,0.0
179,0.8219584506328877,1.72429876200996,0.1008030112450148,0.0653522359460127,16.138749972996646,1.2719539323737674,0.1016562899526575,0.0850466821046507,0.0,0.0,951.3992524565184,0.0,0.0,0.0,0.0,0.0,1100.2364372453828,0.0,0.0,0.0,0.0,0.0,0.0,0.0,0.0,0.0,0.0,0.0,6584.233651228675,2525.306531972988,0.0,98.19217245788208,0.0,0.0,6858.753090598472,1499.0292251438514,0.0,0.0,0.0,0.0,339.6108402106339,466.0665466266677,0.0,0.0
180,0.7592057197009935,1.509645531570314,0.0973675365448487,0.0527924929833883,13.267921991736396,0.9894183762901544,0.0943877612115167,0.0728498623056473,0.0,0.0,684.5213753148038,0.0,0.0,0.0,0.0,0.0,791.5806379723857,0.0,0.0,0.0,0.0,0.0,0.0,0.0,0.0,0.0,0.0,0.0,7540.406616303428,3304.9866167449927,0.0,268.4654671970406,0.0,0.0,7436.805322289241,1811.186689861241,0.0,0.0,0.0,0.0,894.1903851869104,776.6436125394325,0.0,0.0
181,0.7169412868469758,1.3327414591342528,0.0960992329775239,0.0415496142059797,11.090579694402152,0.7810174395536555,0.1255102330998628,0.0600609092292355,0.0,0.0,359.5780489186552,0.0,0.0,0.0,0.0,0.0,410.96826130115886,0.0,0.0,0.0,0.0,0.0,0.0,0.0,0.0,0.0,0.0,0.0,7513.046058507496,3292.239947602493,0.0,267.4686086721537,0.0,0.0,7440.012302421553,1893.8002116053149,43.78780841932661,12.686187485973132,0.0,0.0,1646.6627675342438,1197.8930211596544,0.0,0.0
182,0.6848588909691464,1.152665207208347,0.1149487695111516,0.0301241498471756,8.827866922745104,0.6067044043493232,0.1770602004575223,0.0459588500730894,0.0,0.0,257.74734571848296,0.0,0.0,0.0,0.0,0.0,214.22170196049416,0.0,0.0,0.0,0.0,0.0,0.0,0.0,0.0,0.0,0.0,0.0,6985.8469480926615,2974.5884891250657,0.0,226.2410948274681,0.0,0.0,7362.651168932329,2925.313056136284,634.9408780931464,194.20009952790505,0.0,0.0,2372.40201961718,1620.662058606894,0.0,0.0
183,0.6876150700688332,0.9469885470458402,0.1428899164720249,0.0171250339024579,6.434938886849669,0.4584762497732997,0.2930789839718272,0.0295306780664448,0.0,0.0,216.8780890915598,0.0,0.0,0.0,0.0,0.0,98.3097006903435,0.0,0.0,0.0,0.0,0.0,0.0,0.0,0.0,0.0,0.0,0.0,6118.8490262284895,1993.9639115939465,0.0,166.34850041488792,0.0,0.0,6204.4822606934185,2027.5783271430705,871.3614232018643,639.4875399974464,0.0,0.0,2801.16397545349,2270.41484771345,0.0,0.0
184,0.7161234391096314,0.79268430187624,0.1766147411586362,0.008954381302325,4.623219510308934,0.3664434788397115,0.5365401035058139,0.0152832368571423,0.0,0.0,151.45159509738022,0.0,0.0,0.0,0.0,0.0,93.87194104073338,0.0,0.0,0.0,0.0,0.0,0.0,0.0,0.0,0.0,0.0,0.0,5852.811835166154,1454.0554950500425,0.0,121.51664611538996,73.70404707880222,0.0,5382.298096406936,1172.6438089481592,931.5700703590704,1052.4861819623377,136.52426283655333,0.0,2808.027665094716,2676.735909162791,51.403153460630165,0.0
185,0.7330376473120943,0.6875738375446486,0.2186666241938621,0.0018843704146956,3.144118543349581,0.3017781757193774,0.9033432541371892,0.0030833302231771,0.0,0.0,113.86244352910398,0.0,0.0,0.0,0.0,0.0,73.78698877362659,0.0,0.0,0.0,0.0,0.0,0.0,0.0,0.0,0.0,0.0,0.0,5796.830838780555,1287.153292134659,0.0,72.4278428325059,299.3465078199256,0.0,5228.530903005516,1060.7841511828583,1010.8479671063286,1234.6772649340155,437.8960842834479,0.0,3103.569426179047,3004.899156267875,321.73496510120367,0.0
186,0.7046925248988869,0.6249547465138777,0.2583762268057404,-5.04485342389672e-16,1.9099115949902468,0.463234917920903,1.3488955475308724,8.734268412965416e-06,0.0,0.0,82.20310201038876,0.0,0.0,0.0,0.0,0.0,37.090496160830575,0.0,0.0,0.0,0.0,0.0,0.0,0.0,0.0,0.0,0.0,0.0,5750.525353179679,1264.6559314469246,0.0,19.15514350978508,340.4258749998187,0.0,5387.769637115935,1345.4752559549495,1130.8735100179556,1322.4194319081753,512.4059497371626,0.0,3739.975509242965,3426.082372824727,598.1345983918063,0.0
187,0.6646447198976104,0.5583523926460233,0.3123976896587119,-5.04485342389672e-16,1.0689198610011712,0.8273239051612912,1.7389453829746315,0.0067666865436419,0.0,0.0,50.62367314896709,0.0,0.0,0.0,0.0,0.0,8.217819391645625,0.0,0.0,0.0,0.0,0.0,0.0,0.0,0.0,0.0,0.0,0.0,5586.552353412125,1226.5461094657164,0.0,0.0,171.27617670606284,0.0,5554.180835801425,1647.8342939763622,1191.8342939763622,1291.5461094657164,408.43563878329127,0.0,4123.9848702222125,3779.533621572898,729.5674831899133,0.0
188,0.653264064582208,0.5205315788405882,0.3787699731902446,-5.04485342389672e-16,0.6770050649836037,1.4932677047870726,2.1129212787816725,0.0274050881664885,0.0,0.0,18.022072020674,0.0,0.0,0.0,0.0,0.0,0.0,0.0,0.0,0.0,0.0,0.0,0.0,0.0,0.0,0.0,0.0,0.0,5535.296853752309,1206.1489292401789,0.0,0.0,140.05896885924227,0.0,5607.998718581339,1676.25123285251,1208.384896907352,1256.920004473544,389.383799949099,0.0,4057.947797350684,3807.278205462009,725.1279948031691,0.0
189,0.6334065017822929,0.5187904017314764,0.4670158819112743,-5.04485342389672e-16,0.6531037147867526,2.575315374810251,2.464913731138558,0.0570683549689265,0.0,0.0,0.0,0.0,0.0,0.0,0.0,0.0,0.0,0.0,0.0,0.0,0.0,0.0,0.0,0.0,0.0,0.0,0.0,0.0,6160.032769143313,1753.745880203866,0.0,0.0,76.82295732289509,0.0,6347.097633559354,2365.1201244825047,1099.8521678875222,848.3525824195563,213.57871823102752,0.0,3718.446657400224,3288.384124982905,397.735878338393,0.0
190,0.6012497047344716,0.5245874417610463,0.5483390960930214,-5.04485342389672e-16,0.9517881696830712,4.194562617494516,2.6600064959854355,0.093349280930232,0.0,0.0,0.0,0.0,0.0,0.0,0.0,0.0,0.0,0.0,0.0,0.0,0.0,0.0,0.0,0.0,0.0,0.0,0.0,0.0,7034.970669980256,2494.7675043871004,0.0,0.0,0.0,0.0,7379.525977177096,3315.2646876807166,903.0564248110568,291.3086827103329,0.0,0.0,3181.911383121126,2552.080121418033,0.0,0.0
191,0.5945338557336501,0.5140165936582957,0.619599908869158,-5.04485342389672e-16,1.3966369882465173,6.221816438703342,2.6893185266778854,0.1289032239468432,0.0,0.0,0.0,0.0,0.0,0.0,0.0,0.0,0.0,0.0,0.0,0.0,0.0,0.0,0.0,0.0,0.0,0.0,0.0,0.0,7826.374529563054,3116.1155281831675,0.0,0.0,0.0,0.0,8209.688135124408,4060.0325241480223,585.8931752456471,183.88616820992695,0.0,0.0,2565.0726539619145,1933.788091177057,0.0,0.0
192,0.6067051088348614,0.5606332672776952,0.678919830116082,-5.04485342389672e-16,1.9947019151408651,8.541387043030692,2.6371744330365448,0.1640980362259129,0.0,0.0,0.0,0.0,0.0,0.0,0.0,0.0,0.0,0.0,0.0,0.0,0.0,0.0,0.0,0.0,0.0,0.0,0.0,0.0,8289.411386655494,3594.0601025756955,0.0,0.0,0.0,0.0,8410.64174190154,3956.043233254276,190.60781849817852,151.07636493308522,0.0,0.0,1630.5709674804953,1157.0274020421457,0.0,0.0
193,0.6078880278014928,0.6572110515323851,0.7161566099676065,-5.04485342389672e-16,2.738591885947637,11.142031338149511,2.5243861541586363,0.1931139568031555,0.0,0.0,0.0,0.0,0.0,0.0,0.0,0.0,0.0,0.0,0.0,0.0,0.0,0.0,0.0,0.0,0.0,0.0,0.0,0.0,7944.332260828182,3328.4395156166006,0.0,0.0,0.0,0.0,7956.607034971977,3631.8220047840928,280.28060612171925,115.01437772277905,0.0,0.0,1678.7683000550985,1282.6167829724689,0.0,0.0
194,0.6138022383510717,0.7671205025398271,0.7116521179811504,-5.04485342389672e-16,3.553835939187163,13.752365249456105,2.2781632992769665,0.2076034874559624,0.0,0.0,0.0,0.0,0.0,0.0,0.0,0.0,0.0,0.0,0.0,0.0,0.0,0.0,0.0,0.0,0.0,0.0,0.0,0.0,7722.404655355504,3164.0972407961613,0.0,0.0,0.0,0.0,7673.881938430357,3436.880226899001,333.67083468477546,94.52065827832674,0.0,0.0,1708.2380082885295,1356.486829972246,0.0,0.0
195,0.653992432540157,0.8717118082290355,0.6828755980160244,-5.04485342389672e-16,4.48002621089463,16.336829648927893,1.9005046489505544,0.2161943298221607,0.0,0.0,0.0,0.0,0.0,0.0,0.0,0.0,0.0,0.0,0.0,0.0,0.0,0.0,0.0,0.0,0.0,0.0,0.0,0.0,5536.187600910701,2204.0187424847245,0.0,0.0,0.0,0.0,5446.920295820626,2379.594116271297,294.414773805631,51.06044034357147,0.0,0.0,1293.5048633441186,1071.3674902857315,0.0,0.0
196,0.7467150935826703,1.0098790237858375,0.6489133169915664,-5.04485342389672e-16,5.54805464251875,18.563594038840787,1.4481179846795291,0.2235934792823913,0.0,0.0,0.0,0.0,0.0,0.0,0.0,0.0,0.0,0.0,0.0,0.0,0.0,0.0,0.0,0.0,0.0,0.0,0.0,0.0,4376.609125424835,1742.387546767622,0.0,0.0,0.0,0.0,4306.044607791496,1881.1696400426567,232.73381140579852,32.669498711741454,0.0,0.0,1022.5752991896912,846.9683793179422,0.0,0.0
197,0.840453364170709,1.168969996288011,0.5947494098724763,-5.04485342389672e-16,6.679793194721153,20.233132454539227,1.021504455788907,0.2235124562706356,0.0,0.0,0.0,0.0,0.0,0.0,0.0,0.0,0.0,0.0,0.0,0.0,0.0,0.0,0.0,0.0,0.0,0.0,0.0,0.0,2249.4489011701803,897.0965330892608,0.0,0.0,0.0,0.0,2223.386996452411,971.5367330131852,110.000199451873,0.0,0.0,0.0,501.92237743430974,412.4812189506304,0.0,0.0
198,0.9189805338849116,1.263853468142189,0.5186256073020588,-5.04485342389672e-16,7.688568841905615,21.1062239521499,0.6226554034190004,0.2095239890009294,0.0,0.0,0.0,0.0,0.0,0.0,0.0,0.0,0.0,0.0,0.0,0.0,0.0,0.0,0.0,0.0,0.0,0.0,0.0,0.0,3630.263800428908,1466.4529197360357,0.0,0.0,0.0,0.0,3732.4177309435936,1627.1349945368922,44.28677321835182,0.0,0.0,0.0,477.2361005827877,344.5309767939045,0.0,0.0
199,1.0060276634312233,1.3135062670591322,0.4320468340252473,-5.04485342389672e-16,8.5253209643694,21.185680342867776,0.3012753797661108,0.2081577399920256,0.0,0.0,1.378972029079238,0.0,0.0,0.0,0.0,0.0,4.782625211965294,0.0,0.0,0.0,0.0,0.0,0.0,0.0,0.0,0.0,0.0,0.0,6983.492950373785,2710.9846762636853,0.0,0.0,0.0,0.0,7393.791739714237,2966.7247438568616,0.0,0.0,0.0,0.0,500.53744185960863,286.18473588103126,0.0,0.0
200,1.085197229477585,1.3511951312066666,0.3462473341794004,-5.04485342389672e-16,9.216091424250946,20.41937425576481,0.1066875656129864,0.2153738333421917,0.0,0.0,199.77921563200783,20.566037735849054,0.0,0.0,0.0,0.0,414.60928951216073,0.7169811320754716,0.0,0.0,0.0,0.0,0.0,0.0,0.0,0.0,0.0,0.0,7910.657507169429,2815.851744826248,0.0,0.0,0.0,0.0,8429.071968048844,3034.655623683908,0.0,0.0,0.0,0.0,376.7370178021964,166.62093491387972,0.0,0.0
201,1.1207020946088988,1.3742090721448477,0.2579538562349484,-5.04485342389672e-16,9.687119568073305,18.875452602689705,0.0279684593581382,0.221330725001461,0.0,0.0,2332.818112784538,587.9370182068018,0.0,0.0,0.0,0.0,3326.804780415484,71.38915872642788,0.0,0.0,0.0,0.0,7.684777522645501,0.0,0.0,0.0,0.0,0.0,7225.543585817914,2187.8153979674385,0.0,0.0,0.0,0.0,7638.779568131373,2349.2769785243604,0.0,0.0,0.0,0.0,226.14519114538496,56.71637754353067,0.0,0.0
202,1.1214089801785674,1.3131919327101278,0.1672589118214266,-5.04485342389672e-16,9.779829660127024,16.836148128154488,0.0167901856744172,0.2216170246843844,0.0,0.0,3380.3172534255605,1798.1024888490938,0.0,0.0,0.0,0.0,4808.621406990839,1532.088155865713,0.0,0.0,0.0,0.0,294.9926793679219,0.0,0.0,0.0,0.0,0.0,5703.222255384769,996.4326119606832,0.0,0.0,0.0,0.0,6028.574786777918,1083.4106500644486,0.0,0.0,0.0,0.0,116.44024045900456,46.15530550559356,0.0,0.0
203,1.128074965958175,1.2168148209919822,0.0944091817510239,-5.04485342389672e-16,9.544574666478736,14.350999632598011,0.0125498071495002,0.2274827217502433,0.0,0.0,4316.228761063681,2480.3646513342173,0.0,0.0,0.0,0.0,5210.11663939799,1870.0973393766983,0.0,0.0,0.0,0.0,252.9173012603172,0.0,0.0,0.0,0.0,0.0,3818.286209521012,3.4651580480237865,0.0,0.0,0.0,0.0,4169.428374528769,3.767629730623109,0.0,0.0,0.0,0.0,15.25258914509829,151.43847922562765,0.0,0.0
204,1.1409091737713473,1.112159107612267,0.0502653179566133,-5.04485342389672e-16,9.107073319839692,11.645387084583165,0.0081809323056464,0.2480821546351367,0.0,0.0,5395.453648759134,3317.901401502548,0.0,0.0,0.0,0.0,6086.359520168421,2503.3071311014687,0.0,0.0,0.0,0.0,156.01420167620165,0.0,0.0,0.0,0.0,0.0,3040.1448518295547,0.0,0.0,0.0,0.0,0.0,3366.052841334294,0.0,0.0,0.0,0.0,0.0,3.272634049406043,192.6080171020837,0.0,0.0
205,1.12334334503972,1.004344204076839,0.0313855661219107,-5.04485342389672e-16,8.487858817193356,9.111001411469031,0.0046463524021363,0.2565543429464094,0.0,0.0,6969.896695995716,4677.510489821295,0.0,0.0,0.0,0.0,7806.002044027622,4143.75030817932,7.0548663376280425,0.0,0.0,0.0,202.27712244337127,0.0,0.0,0.0,0.0,0.0,1638.1878799027672,0.0,0.0,0.0,0.0,0.0,1811.8663207855557,0.0,0.0,0.0,0.0,0.0,0.0,45.13620313642852,0.0,0.0
206,1.0804707227449497,0.8785396921119281,0.0277524011615111,-5.04485342389672e-16,7.629497195929407,6.784283828819847,0.0025056782192676,0.2495060799069756,0.0,0.0,6450.798201075189,4839.025971551959,0.0,0.0,0.0,0.0,8017.47175590772,5259.911588274751,100.78698698659944,0.0,0.0,0.0,1578.1344543008124,0.0,0.0,0.0,0.0,0.0,1508.0354958255798,0.0,0.0,0.0,0.0,0.0,1452.329008616691,0.0,0.0,0.0,0.0,0.0,0.0,0.0,0.0,0.0
207,1.0404688696720703,0.7546727062606935,0.029552715928081,-5.04485342389672e-16,6.591544378304416,4.671396444103205,0.000443438277114,0.2419552737807296,0.0,0.0,5538.932512625999,4329.023523903674,0.0,0.0,0.0,0.0,6987.980715937822,4903.151381188289,464.9729544795856,0.0,0.0,0.0,2407.1923952273664,154.67694292066818,0.0,0.0,0.0,0.0,1692.9233077226854,0.0,0.0,0.0,0.0,0.0,1411.8122841767015,0.0,0.0,0.0,0.0,0.0,0.0,0.0,0.0,0.0
208,1.0013614007351568,0.71376881296533,0.0421303187242507,-5.04485342389672e-16,5.530623972917635,2.993866522429407,-1.4352963262354009e-15,0.2340354992089249,0.0,0.0,5561.895583609649,3998.9669086368926,0.0,0.0,0.0,0.0,6268.231895670129,3908.915658784734,594.0024905339083,0.0,0.0,0.0,2332.9280853282185,372.60693735964895,0.0,0.0,0.0,0.0,1697.2663035861488,0.0,0.0,0.0,0.0,0.0,1341.2202599965044,0.0,0.0,0.0,0.0,0.0,0.0,0.0,0.0,0.0
209,0.9443025007939464,0.7213639286231648,0.0567097087574734,-5.04485342389672e-16,4.557397625823083,1.8375102069241749,-1.4352963262354009e-15,0.2068065708599692,211.9237550901185,8.069440010621701,6158.584281008506,3872.857820847892,0.0,110.21803198459854,0.0,0.0,5816.780143085083,2664.861248797818,529.3272890738103,0.0,0.0,0.0,1922.8652868368229,333.5257691190868,0.0,0.0,0.0,0.0,1603.7170879236808,0.0,0.0,0.0,0.0,0.0,1259.9308020227847,0.0,0.0,0.0,0.0,0.0,0.0,0.0,0.0,0.0
210,0.8735766360914567,0.7316750307414438,0.0709975109900316,-5.04485342389672e-16,3.676221363993685,1.08119590393592,-1.4352963262354005e-15,0.1681844323595851,1123.454094839558,367.61808292190506,6055.855499996941,3423.827446869169,0.0,668.5716966259827,0.0,0.0,4801.503849548805,1299.7055625585022,469.12049277925325,0.0,0.0,0.0,1541.1637008440584,297.1534234854925,0.0,0.0,0.0,0.0,1455.4089493612173,0.0,0.0,0.0,0.0,0.0,1177.528284994194,0.0,0.0,0.0,0.0,0.0,0.0,0.0,0.0,0.0
211,0.822353200094584,0.7720822616353271,0.0820682053460996,-5.04485342389672e-16,2.9569978300581763,0.5866369588071321,9.932784833428882e-06,0.1443057753535273,1418.402973813972,646.1674580176109,5253.727621072372,2696.545056790517,0.0,872.0638981307696,176.90855092194406,0.0,4119.402384678195,691.8581407364462,470.2747210281739,0.0,0.0,0.0,1086.83542628339,253.8864993241089,0.0,0.0,0.0,0.0,1448.5244743766148,0.0,0.0,0.0,0.0,0.0,1227.6932686874768,0.0,0.0,0.0,0.0,0.0,0.0,0.0,0.0,0.0
212,0.7772630417498171,0.8298325403781535,0.0862916707505401,-5.04485342389672e-16,2.8134694129139923,0.3912949992350325,0.0164063261999118,0.1326852165647837,875.1299842773464,410.9750857080758,5166.588194960906,2656.1043018749506,0.0,590.1531870995786,206.0810990527181,0.0,4277.207253134724,815.1802201171514,629.6692940136237,16.933092763656653,0.0,0.0,855.9691367870869,214.7194190283336,0.0,0.0,0.0,0.0,1359.2343325537383,0.0,0.0,0.0,0.0,0.0,1152.412458181664,0.0,0.0,0.0,0.0,0.0,0.0,0.0,0.0,0.0
213,0.7384400970592122,0.8713226530248133,0.0877679279999984,-5.04485342389672e-16,3.421761327838906,0.3772979463623407,0.0582599015282377,0.1245866940715258,893.1020807567586,243.17169050437747,5366.272075554346,2941.381407909727,0.0,691.4630684006346,224.02229240532608,0.0,4477.265302575359,986.8857332565178,750.6476829241236,44.62765819997153,0.0,0.0,863.0818403639961,135.8464238822801,0.0,0.0,0.0,0.0,1262.385740621089,0.0,0.0,0.0,0.0,0.0,1070.365263015888,0.0,0.0,0.0,0.0,0.0,0.0,0.0,0.0,0.0
214,0.7652877153659208,0.8888841959934861,0.0877679279999984,-5.04485342389672e-16,4.902605535700255,0.4326851807116606,0.1017921480398657,0.1209848820386463,1001.1705530660508,322.4232667853254,5849.948744410889,3587.1592045666707,0.0,765.8501742556832,109.32895503046716,0.0,4849.7599673929,1301.0745702533525,702.5878984960808,0.0692745413024131,0.0,0.0,628.4758927998263,0.2089977686750777,0.0,0.0,0.0,0.0,1169.1395427168816,0.0,0.0,0.0,0.0,0.0,991.3223724019348,0.0,0.0,0.0,0.0,0.0,0.0,0.0,0.0,0.0
215,0.8435468986488656,0.8792309554205932,0.0839118403310162,-5.04485342389672e-16,7.088201421536148,0.5352929007744074,0.1476179040819073,0.13816208761051,1101.724360938856,369.13452281512224,6324.58380410604,4191.733371771059,0.0,822.9480727057642,5.068489362520678,0.0,5196.021384503818,1603.0420405469602,616.2971015313491,0.0,0.0,0.0,384.6317825527298,0.0,0.0,0.0,0.0,0.0,1053.608701866017,0.0,0.0,0.0,0.0,0.0,890.9444745287054,0.0,0.0,0.0,0.0,0.0,0.0,0.0,0.0,0.0
216,0.9982123361007283,0.8747077696768051,0.0731820802030549,-5.04485342389672e-16,9.882111331779605,0.6681214536351022,0.1989740787906963,0.1776137732683052,1088.570321782156,237.22286577169555,6352.686822292366,4213.929580599157,0.0,763.1577864189219,0.0,0.0,5139.002931894401,1672.7396885608375,388.8717670485925,0.0,0.0,0.0,218.0562538428148,0.0,0.0,0.0,0.0,0.0,931.1870288080636,0.0,0.0,0.0,0.0,0.0,781.2543016340715,0.0,0.0,0.0,0.0,0.0,0.0,0.0,0.0,0.0
217,1.278356319444685,0.8645437560644604,0.0617293021395332,-5.04485342389672e-16,13.14151136977982,0.8097877802086855,0.2479626869959697,0.2272963008527597,853.281674817278,47.46837921508337,5108.951515943831,3435.1054646663265,0.0,579.0519592589505,0.0,0.0,4167.877511573648,1481.3285523233078,21.951459992056883,0.0,0.0,0.0,12.27878469875328,0.0,0.0,0.0,0.0,0.0,792.5327788507112,0.0,0.0,0.0,0.0,0.0,656.9960861953315,0.0,0.0,0.0,0.0,0.0,0.0,0.0,0.0,0.0
218,1.6137857952905883,0.8444597393536389,0.0501152117740846,-5.04485342389672e-16,16.667537392602462,0.9714163807668252,0.282386048175301,0.3388421992756056,627.2702386014325,27.012323261307756,3762.9587393985657,2532.695128439688,0.0,424.5746167949412,0.0,0.0,3071.8333600205287,1098.6425851449928,0.0,0.0,0.0,0.0,0.0,0.0,0.0,0.0,0.0,0.0,677.7910783314237,0.0,0.0,0.0,0.0,0.0,556.1757594644382,0.0,0.0,0.0,0.0,0.0,0.0,0.0,0.0,0.0
219,2.01128941009302,0.8160866806157206,0.0376362423388685,-5.04485342389672e-16,20.596436685920203,1.128338989607993,0.2920420680996663,0.5152671119490579,384.7808331715939,16.141977634558174,2245.8930830841405,1538.1648944109636,0.0,253.56502698055556,0.0,0.0,1842.3472284362092,662.1829698729462,0.0,0.0,0.0,0.0,0.0,0.0,0.0,0.0,0.0,0.0,552.4753737198688,0.0,0.0,0.0,0.0,0.0,462.2070165878359,0.0,0.0,0.0,0.0,0.0,0.0,0.0,0.0,0.0
220,2.3841590205024894,0.7966397507965062,0.0250337187508288,-5.04485342389672e-16,24.38476077350077,1.2789178391138067,0.3010738766710943,0.7102611892450152,707.7964832262711,22.145423712851457,3857.665498407194,2832.043628652605,0.0,396.4856074335706,0.0,0.0,3248.2120127008343,1150.6040952018582,0.0,0.0,0.0,0.0,0.0,0.0,0.0,0.0,0.0,0.0,823.7158122930022,0.0,0.0,0.0,0.0,0.0,839.2241225843801,0.0,0.0,0.0,0.0,0.0,7.205751313879593,218.9492846577752,0.0,0.0
221,2.7422099018143413,0.7888200054359924,0.0162601141324976,-5.04485342389672e-16,27.90659222447834,1.4127911691686734,0.3094439114340412,0.886383032107093,851.8900710098744,10.100312169959178,5368.061370569684,3263.305996072452,0.0,343.477535644397,0.0,0.0,4358.200878061821,1031.1633648863367,0.0,0.0,0.0,0.0,0.0,0.0,0.0,0.0,0.0,0.0,1546.535313916973,0.0,0.0,0.0,0.0,0.0,1978.1616832446807,0.0,0.0,0.0,0.0,0.0,179.39243869864256,1086.046122090365,0.0,0.0
222,3.129658466623561,0.8191393065517458,0.0140188026654722,-5.04485342389672e-16,31.13008801621588,1.5063666079312754,0.2975649704114469,1.0648909242404794,623.1778909577475,0.0,4498.766836436622,1811.3575216256456,0.0,101.37246640722174,0.0,0.0,3368.375945827522,169.84923179488143,0.0,0.0,0.0,0.0,0.0,0.0,0.0,0.0,0.0,0.0,2032.2641870594775,0.0,0.0,0.0,0.0,0.0,2667.2834811164303,0.0,0.0,0.0,0.0,0.0,474.4073906467905,1488.4382296888546,0.0,0.0
223,3.414332121305585,0.8685626930759057,0.0133883279999981,0.0001898071532622,33.35189409249237,1.561516936259031,0.2766971629559312,1.2210934475188375,356.9741151478427,0.0,3997.9164596802393,1138.912682875313,0.0,0.0,0.0,0.0,2849.502882296589,0.0,0.0,0.0,0.0,0.0,0.0,0.0,0.0,0.0,0.0,0.0,3312.6266515743287,295.9941765767296,0.0,0.0,0.0,0.0,4132.322445072631,467.9308405263958,0.0,0.0,0.0,0.0,935.9278710148682,1575.6815488921602,0.0,0.0
224,3.609741767338569,0.9376666183473218,0.0133883279999981,0.0032890115481722,34.32783685101504,1.589697507579905,0.2669907896828737,1.2923210076523726,135.3517930750855,0.0,3433.640248446693,595.118716928734,0.0,0.0,0.0,0.0,2334.528946463029,0.0,0.0,0.0,0.0,0.0,0.0,0.0,0.0,0.0,0.0,0.0,4730.648206924914,775.6572300717428,0.0,0.0,0.0,0.0,5716.975158933417,1188.4840229106808,0.0,0.0,0.0,0.0,1429.6676692385363,1604.3717494035152,0.0,0.0
225,3.742921225475083,1.0483356514121491,0.0133883279999981,0.0075145635747503,34.29598007588193,1.6322285128622436,0.2693782391315208,1.3124740477521977,0.0,0.0,3093.95188096534,264.5973809565612,0.0,0.0,0.0,0.0,2030.862190504616,0.0,0.0,0.0,0.0,0.0,0.0,0.0,0.0,0.0,0.0,0.0,4895.775181030301,919.1695845915089,0.0,0.0,0.0,0.0,5945.752363203193,1383.9382239017402,0.0,0.0,0.0,0.0,1427.2687071417283,1536.572048777524,0.0,0.0
226,3.788736681344054,1.1537309861150766,0.0133634194827888,0.012006992571428,33.34320468806828,1.6733732134604844,0.2709083773674403,1.3096884675324918,0.0,0.0,3073.853841087876,247.95138335235197,0.0,0.0,0.0,0.0,2098.135953354633,0.0,0.0,0.0,0.0,0.0,0.0,0.0,0.0,0.0,0.0,0.0,5179.272908483131,1165.4844842307002,0.0,0.0,0.0,0.0,6338.531819677682,1719.4562405903278,0.0,0.0,0.0,0.0,1423.1609338012129,1420.1371943681297,0.0,0.0
227,3.7178351801677088,1.2408471906697602,0.0119427444119583,0.0164549420730892,31.337219576734057,1.671521614452379,0.2927353057403307,1.3233226353488377,0.0,0.0,2601.298395591527,25.875642752198715,0.0,0.0,0.0,0.0,1906.7950216610725,0.0,0.0,0.0,0.0,0.0,0.0,0.0,0.0,0.0,0.0,0.0,5444.2820806484415,1395.7544514829838,0.0,0.0,0.0,0.0,6705.657466645659,2033.0929107263887,0.0,0.0,0.0,0.0,1419.2984027848229,1311.2735481985742,0.0,0.0
228,3.56709972519445,1.2861176373804908,0.0096965299136194,0.0215821486996282,28.50696288148209,1.6275317269118816,0.3346902563838171,1.2838691294586688,0.0,0.0,2441.6662360224877,2.720099762019862,0.0,0.0,0.0,0.0,1844.3224314844008,0.0,0.0,0.0,0.0,0.0,0.0,0.0,0.0,0.0,0.0,0.0,5647.2873158621405,1563.1572823157665,0.0,0.0,0.0,0.0,6975.68853391641,2263.229765228744,0.0,0.0,0.0,0.0,1407.8315574704436,1226.4201344627263,0.0,0.0
229,3.372644958212367,1.3013219176054136,0.0074058359202639,0.0371746250155885,25.087506546436217,1.559227604828282,0.3904021193782252,1.1765429471201108,0.0,0.0,2254.7566116411126,0.0,0.0,0.0,0.0,0.0,1766.958265007221,0.0,0.0,0.0,0.0,0.0,0.0,0.0,0.0,0.0,0.0,0.0,5851.9062743021705,1685.9069660736272,0.0,0.0,0.0,0.0,7110.487460655482,2352.946879374268,0.0,0.0,0.0,0.0,1280.213163818005,1088.1358574948677,0.0,0.0
230,3.17382155388704,1.307538802825245,0.0075005607707623,0.0546463544053151,21.669761559898998,1.4603426532677926,0.4423172409461781,1.054852054633887,0.0,0.0,1574.1863146999333,0.0,0.0,0.0,0.0,0.0,1257.225922017612,0.0,0.0,0.0,0.0,0.0,0.0,0.0,0.0,0.0,0.0,0.0,6116.051696989054,1902.9077655120352,0.0,0.0,0.0,0.0,6964.582773554776,2088.6180445399377,0.0,0.0,0.0,0.0,813.8145856392091,697.6756017537238,0.0,0.0
231,3.0151167021926866,1.2656165794426382,0.0118546091162772,0.0705798979534878,18.202890048813742,1.3189741106007633,0.4859933152589398,0.9246488999484076,0.0,0.0,544.4123921427922,0.0,0.0,0.0,0.0,0.0,427.2920366500895,0.0,0.0,0.0,0.0,0.0,0.0,0.0,0.0,0.0,0.0,0.0,6205.310395183364,2033.950157559776,0.0,0.0,0.0,0.0,6816.092940348787,1876.5516509210763,0.0,0.0,0.0,0.0,609.4749403546075,535.7167133695901,0.0,0.0
232,2.9291179820340694,1.187538619292282,0.0163778828376316,0.0868453903255807,14.631784845404388,1.164683712306234,0.5321801406989463,0.7874161715023674,0.0,0.0,421.1497359489716,0.0,0.0,0.0,0.0,0.0,233.4301082609321,0.0,0.0,0.0,0.0,0.0,0.0,0.0,0.0,0.0,5.063221857527331,0.0,6466.194495763276,2479.201530878355,0.0,8.003870359934034,0.0,0.0,6693.401808134568,1486.1627957702883,0.0,0.0,0.0,0.0,338.340414686039,295.27890736236134,0.0,0.0
233,2.911235812364025,1.095388551589459,0.0224827373421909,0.1038253198775503,11.210728167852151,1.0126578675648057,0.5433359765980058,0.6302446295915983,0.0,0.0,581.3476350826323,0.0,0.0,0.0,0.0,0.0,277.89194816549906,0.0,0.0,0.0,0.0,0.0,0.0,0.0,0.0,0.0,458.0,0.0,6756.35733688336,2840.7984517905024,0.0,724.0,0.0,0.0,6618.764065271194,1284.0161935741346,0.0,0.0,0.0,0.0,0.0,0.0,0.0,0.0
234,2.8743439249606064,0.9857704036618036,0.0296612336212607,0.1175235334598949,8.10329186780852,0.8796567347983114,0.5356379645239674,0.5164147706442475,0.0,0.0,449.7994986794023,0.0,0.0,0.0,0.0,0.0,196.09736103954768,0.0,0.0,0.0,0.0,0.0,0.0,0.0,0.0,0.0,745.526605078843,0.0,7170.180661955359,3273.1990353789392,23.002128406307435,882.4591067990069,0.0,0.0,6504.988431975653,1067.0905105127486,6.070006107220018,0.0,0.0,0.0,0.0,0.0,0.0,0.0
235,2.869821908061637,0.8547090382792069,0.0362244302192673,0.1191786884252485,5.794823977045019,0.7368748994432933,0.5145817356109418,0.4629364852896022,0.0,0.0,334.633468847651,0.0,0.0,0.0,0.0,0.0,124.7923042979768,0.0,0.0,0.0,0.0,0.0,0.0,0.0,0.0,0.0,1345.700852873853,0.0,7454.827998740361,3372.2877564118294,54.30933258079554,1233.4032543935095,0.0,0.0,6253.443907315363,938.3474108654874,23.0974929843332,0.0,0.0,0.0,0.0,0.0,0.0,0.0
236,2.902023564546412,0.7097240446316146,0.04093731858667,0.1148196979136206,3.926423271817847,0.570107900393219,0.5393961173046695,0.4286584063373066,0.0,0.0,209.74264069843736,0.0,0.0,0.0,0.0,0.0,48.43105844336672,0.0,0.0,0.0,0.0,0.0,0.0,0.0,0.0,0.0,1743.4778471079294,0.0,7421.608482356763,3146.7221607465767,152.1364558244936,1489.8695869031671,0.0,0.0,5436.129099815403,431.5447847858109,1.9286358763179383,0.0,0.0,0.0,0.0,0.0,0.0,0.0
237,2.8641619132164573,0.582248216530022,0.0421573105545599,0.1102383099269097,2.390502685395332,0.4238641163445134,0.5853344567050834,0.3642815676102726,0.0,0.0,144.20487348019282,0.0,0.0,0.0,0.0,0.0,31.226640523493725,0.0,0.0,0.0,0.0,0.0,0.0,0.0,0.0,0.0,1967.330278575669,0.0,7686.33073253187,2893.1255172396463,13.681591904146089,1682.7255691826686,0.0,0.0,5080.157867506715,199.81545608029103,0.0,0.0,0.0,0.0,0.0,0.0,0.0,0.0
238,2.7578780359681088,0.5164674329169383,0.0443855938604633,0.1054719201887037,1.3568813343840356,0.320217329653176,0.6329297970205966,0.2882266884039866,0.0,0.0,119.21894354056676,0.0,0.0,0.0,0.0,0.0,27.956814998383795,0.0,0.0,0.0,0.0,0.0,0.0,0.0,0.0,0.0,2010.3516706173905,0.0,7765.330888374098,2847.899628272816,0.0,1723.7293190388966,0.0,0.0,5023.806662536365,160.07715871134576,0.0,0.0,0.0,0.0,0.0,0.0,0.0,0.0
239,2.6802076555571146,0.4863875312647486,0.0518778877351839,0.0909406039531253,0.7085044860039714,0.371019747129225,0.6973336630100856,0.2410067822460888,0.0,0.0,33.12464064469052,0.0,0.0,0.0,0.0,0.0,7.177826057145095,0.0,0.0,0.0,0.0,0.0,0.0,0.0,0.0,0.0,2417.978264501748,66.44426008752946,8024.440882154193,2789.5589636879718,0.0,1905.7970915651215,0.0,0.0,4831.149034454584,85.45471258637072,0.0,0.0,0.0,0.0,0.0,0.0,0.0,0.0
240,2.641435500825484,0.4652567130381029,0.0709804556716808,0.0717149487707636,0.4529826819878687,0.6841330724252682,0.7675174121391422,0.2200091167809258,0.0,0.0,0.0,0.0,0.0,0.0,0.0,0.0,0.0,0.0,0.0,0.0,0.0,0.0,0.0,0.0,0.0,0.0,2680.072204307913,127.02838823738922,8352.75831898918,3018.350674646721,0.0,1904.9499503144716,0.0,0.0,5015.353694843744,155.50198600961204,0.0,0.0,0.0,0.0,0.0,0.0,0.0,0.0
241,2.521829107244315,0.5531856027791922,0.0880935090329653,0.0546195843388701,0.4781280072856997,1.2884337780007855,0.8388325554495252,0.2247599255267054,0.0,0.0,0.0,0.0,0.0,0.0,0.0,0.0,0.0,0.0,0.0,0.0,0.0,0.0,0.0,0.0,0.0,0.0,2531.929117423174,62.58986523957943,8582.144235330881,3224.6159270358403,0.0,1778.1807149593926,0.0,0.0,5353.989618074324,258.2560187206262,0.0,0.0,0.0,0.0,0.0,0.0,0.0,0.0
242,2.33446814974618,0.7418427278219215,0.1147735710298987,0.0385200663787373,0.6567857975866963,2.154168210352178,0.8472969477342167,0.2424512109980062,0.0,0.0,0.0,0.0,0.0,0.0,0.0,0.0,0.0,0.0,0.0,0.0,0.0,0.0,0.0,0.0,0.0,0.0,2301.7862544137133,0.0,8853.385265380059,3477.830002221043,0.0,1582.399063753968,0.0,0.0,5823.107785312699,439.26002816856175,0.0,0.0,0.0,0.0,0.0,0.0,0.0,0.0
243,2.173279286762557,0.9818185370209056,0.1449533444721499,0.0225865228305642,0.9010928727144666,3.287716151521614,0.831945653804179,0.2964963891194057,0.0,0.0,0.0,0.0,0.0,0.0,0.0,0.0,0.0,0.0,0.0,0.0,0.0,0.0,0.0,0.0,0.0,0.0,2141.5318328700137,0.0,8943.341617611986,3576.0168182026027,0.0,1447.444779139625,0.0,0.0,6083.48937436503,590.3335664655433,0.0,0.0,0.0,0.0,0.0,0.0,0.0,0.0
244,2.03408084545703,1.2573134950624911,0.1778389986570533,0.0143297640203091,1.1575656631562563,5.029743860809897,0.810032200182281,0.3789201031419799,0.0,0.0,0.0,0.0,0.0,0.0,0.0,0.0,0.0,0.0,0.0,0.0,0.0,0.0,0.0,0.0,0.0,0.0,2003.2903876132943,0.0,9044.97652043538,3749.187407323276,0.0,1293.5810468419882,0.0,0.0,6379.169542865145,778.9984279735116,0.0,0.0,0.0,0.0,0.0,0.0,0.0,0.0
245,1.872650935782568,1.5455758237169683,0.2164282847908372,0.0286555028172752,1.4316458909577852,7.246116871046317,0.7851678189037921,0.4347933028339585,0.0,0.0,0.0,0.0,0.0,0.0,0.0,0.0,0.0,0.0,0.0,0.0,0.0,0.0,0.0,0.0,0.0,0.0,1993.5321195507756,0.0,9123.009786777797,3918.438930602248,0.0,1226.061843204333,0.0,0.0,6510.150817813026,860.9098161308114,0.0,0.0,0.0,0.0,0.0,0.0,0.0,0.0
246,1.7061431519362125,1.8535685766195305,0.272716353522656,0.0533995612122254,1.7423927707287574,9.84617677607683,0.7093396132337523,0.4664183766123598,0.0,0.0,0.0,0.0,0.0,0.0,0.0,0.0,0.0,0.0,0.0,0.0,0.0,0.0,0.0,0.0,0.0,0.0,1951.2647957582676,0.0,9193.892007069557,4170.490275185289,0.0,1177.4492451396811,0.0,0.0,6551.761554153363,860.0263499116305,0.0,0.0,0.0,0.0,0.0,0.0,0.0,0.0
247,1.6040094318357656,2.115607827847548,0.3562551273097206,0.0941326142591356,2.104603100347257,12.88384302841348,0.5889993379783116,0.4842214533258959,0.0,0.0,0.0,0.0,0.0,0.0,0.0,0.0,0.0,0.0,0.0,0.0,0.0,0.0,0.0,0.0,0.0,0.0,1478.330931903186,0.0,8989.839779116659,3829.542283129858,0.0,847.7081464816861,0.0,0.0,6105.86619855791,666.7924993763378,0.0,0.0,0.0,0.0,0.0,0.0,0.0,0.0
248,1.5665738366059776,2.2534386821979995,0.4613803288159453,0.1355430241196006,2.4638619477448365,15.701860438527588,0.4642742782485046,0.4889366938897021,0.0,0.0,820.7453716515067,2.9596392842970443,0.0,0.0,0.0,0.0,1354.586769567773,0.0,0.0,0.0,0.0,0.0,62.77889140132452,0.0,0.0,0.0,733.6756570443894,0.0,5054.346317826809,2099.4927561393683,0.0,412.59857193947545,0.0,0.0,3365.8598895586665,73.7719233678506,0.0,0.0,0.0,0.0,0.0,0.0,0.0,0.0
249,1.5157829886243197,2.305629631196006,0.5729357955683708,0.1756857683720922,2.783815667748823,18.203957824152567,0.3423479651162786,0.4648993359619938,0.0,0.0,1766.523109346333,331.18090005292964,0.0,0.0,0.0,0.0,2739.779006917478,39.04896210741279,0.0,0.0,0.0,0.0,259.66335865488145,0.0,0.0,0.0,201.8011056022906,0.0,1449.39477026575,571.3113655922208,0.0,110.29412586831904,0.0,0.0,954.8711128144394,0.0,0.0,0.0,0.0,0.0,0.0,0.0,0.0,0.0
250,1.4608062678207263,2.3406830089382518,0.713702622130507,0.2119885738860393,3.137126723392953,20.27936753870245,0.2103361186843849,0.4147717417305831,0.0,0.0,2594.079028791002,1099.094869737287,0.0,0.0,0.0,0.0,3476.461564163372,394.79713910678953,0.0,0.0,0.0,0.0,158.8293479337333,0.0,0.0,0.0,234.7944829772657,0.0,3623.2473362834494,497.5254921617722,0.0,36.37077660165944,0.0,0.0,2081.662625339695,0.0,0.0,0.0,0.0,0.0,0.0,0.0,0.0,0.0
251,1.4504581304616004,2.2946387463623155,0.8814925810787552,0.2399421647840522,3.4041572836919944,21.494258541847195,0.0813279948391622,0.3479621689153793,0.0,0.0,2279.1221833372906,1132.5880123070951,0.0,0.0,0.0,0.0,2890.978050935556,540.8823942794555,0.0,0.0,0.0,0.0,113.58690757566436,0.0,0.0,0.0,198.0282946572769,0.0,5451.861810810939,485.5919434036719,0.0,30.167422261343987,0.0,0.0,3163.2202934936977,0.0,0.0,0.0,0.0,0.0,0.0,0.0,0.0,0.0
252,1.4421682120875523,2.1346600863458995,1.0269355714660915,0.2648673012382245,3.540024084295473,21.701281018907192,0.0198894406550702,0.2711535911760795,0.0,0.0,879.8043631311431,453.5406354600586,0.0,0.0,0.0,0.0,1101.1700996283682,244.22443833760525,0.0,0.0,0.0,0.0,56.596713345555806,0.0,0.0,0.0,92.2631090550008,0.0,4933.14266944141,141.56901087212776,0.0,23.55717916284868,0.0,0.0,2986.607046406853,0.0,0.0,0.0,0.0,0.0,0.0,0.0,0.0,0.0
253,1.439828961363685,1.9184209144932447,1.158920182720858,0.275142742923587,3.57436198469441,21.11956684516945,0.0042370486966837,0.1912387651295681,0.0,0.0,1195.9061102485398,822.7536574034254,0.0,0.0,0.0,0.0,1491.7227741632098,702.0609001351723,0.0,0.0,0.0,0.0,177.1081460563052,0.0,0.0,0.0,69.56782361439065,0.0,3898.903665471065,0.0,0.0,17.793323886555797,0.0,0.0,2614.963874551649,0.0,0.0,0.0,0.0,0.0,0.0,0.0,0.0,0.0
254,1.4248630437450036,1.6867904655653438,1.2603368729527975,0.2746776353598684,3.53455623327774,19.787244727367163,-1.0462741784067469e-15,0.1127082273781732,0.0,0.0,3547.654377658706,2547.376000478256,0.0,0.0,0.0,0.0,4422.5996770155225,2274.315240226767,0.0,0.0,0.0,0.0,577.405850163614,0.0,0.0,0.0,45.0039062334151,0.0,3508.0300463672324,0.0,0.0,11.50253840292845,0.0,0.0,2469.321804354062,0.0,0.0,0.0,0.0,0.0,0.0,0.0,0.0,0.0
255,1.4544766727541534,1.4790494658737492,1.3436242815274086,0.2620929533023245,3.4310246914285565,17.732697868235906,-1.0462741784067469e-15,0.061978727085548,0.0,0.0,5739.55187686947,4019.8084369467274,0.0,0.0,0.0,0.0,7322.434360064803,3847.6964269156288,0.0,0.0,0.0,0.0,836.6623869482514,0.0,0.0,0.0,22.33824223475463,0.0,3413.740191543035,0.0,0.0,4.664139183009905,200.47746086208656,0.0,2389.6312987695364,0.0,0.0,0.0,0.0,0.0,0.0,0.0,0.0,0.0
256,1.4799283302220978,1.279639232160876,1.384364433110906,0.2454355401473096,3.230604958948172,15.2821014908682,-1.0462741784067469e-15,0.0371801785489499,0.0,0.0,6490.310647925471,4261.454148068594,0.0,0.0,0.0,0.0,8518.932024522801,4517.959679487917,0.0,0.0,0.0,0.0,655.9819821848758,0.0,0.0,0.0,14.52915037211095,2.601345225353842,3060.5187553414366,0.0,0.0,0.0072469120873804,0.3319553278735556,0.0,2077.643020242719,0.0,0.0,0.0,0.0,0.0,0.0,0.0,0.0,0.0
257,1.4469235367125943,1.1200192190431848,1.3774962202788168,0.2092908505514944,2.951554105087681,12.363630063873158,-1.0462741784067469e-15,0.0264629527830499,0.0,0.0,6559.374165316743,4392.220137254645,0.0,0.0,0.0,0.0,7386.038567117701,3703.739065585012,0.0,0.0,0.0,0.0,337.6590994594312,0.0,0.0,0.0,5.751276409838655,14.408011287598834,2648.3571249448546,0.0,0.0,0.0,0.0,0.0,1716.3856478190391,0.0,0.0,0.0,0.0,0.0,0.0,0.0,0.0,0.0
258,1.4156366616853613,1.041663323387918,1.319186995213599,0.1653451094750826,2.588288641611086,9.3833642280868,-1.0462741784067469e-15,0.0260946370764116,8.093629611562285,0.0,6556.910827211248,4468.019165375037,0.0,0.0,0.0,0.0,6284.972631362604,2913.497402813959,10.72602370852672,0.0,0.0,0.0,86.28515793487303,0.0,0.0,0.0,0.0190838097786499,0.0548986308700886,1925.919631853498,0.0,0.0,0.0,0.0,0.0,1231.29252593847,0.0,0.0,0.0,0.0,0.0,0.0,0.0,0.0,0.0
259,1.3588089562271912,1.0439492398297934,1.2244863778527946,0.1218247748510092,2.188055340965997,6.580989061304911,-1.0462741784067469e-15,0.0329242987973419,17.16462904787151,0.0,6502.179940862895,4433.260059506382,0.0,0.0,0.0,0.0,6146.510504617284,2811.8414244603937,22.747299660528757,0.0,0.0,0.0,103.07394643898088,0.0,0.0,0.0,0.0,0.0,1782.059632068031,0.0,0.0,0.0,0.0,0.0,1145.8441780812884,0.0,0.0,0.0,0.0,0.0,0.0,0.0,0.0,0.0
260,1.311619165383474,1.055372724491124,1.093615679059303,0.0881279350081286,1.7414432779195446,4.3249751420341065,-1.0462741784067469e-15,0.0388577460122991,58.00517459487401,0.0,5126.314101584288,3400.975218639653,0.0,0.0,0.0,0.0,5013.503156130581,2069.62392927346,275.2625180085589,231.0837656904112,131.21635867629428,0.0,1018.6787756043984,1580.2760725602532,0.0,0.0,0.0,0.0,1682.4524103497083,0.0,0.0,0.0,0.0,0.0,955.999033817638,0.0,0.0,0.0,0.0,0.0,0.0,0.0,0.0,0.0
261,1.247728153419757,1.056892124398123,0.934654218338868,0.062382491760797,1.3594098111928798,2.7263617208860635,-1.0462741784067469e-15,0.0403111141021083,0.0,0.0,3881.330219016165,2253.8296733804027,0.0,0.0,0.0,0.0,4183.365351827703,1638.1786726839755,1092.5521190223003,739.1091543989328,298.3428802400497,0.0,4295.824727996198,4116.659138208264,16.730979107332356,0.0,0.0,0.0,1594.8012110040595,0.0,0.0,0.0,0.0,0.0,875.833268427431,0.0,0.0,0.0,0.0,0.0,0.0,0.0,0.0,0.0
262,1.2048829591602357,1.0457538274331666,0.7646881993884477,0.0373923020884228,1.0708265924643354,1.7139973341965569,0.0045293368397638,0.0468647554577048,0.0,0.0,3004.256944081479,1281.6434773351564,0.0,0.0,0.0,0.0,3774.838731988784,1433.718534631896,2121.7003093021344,1138.3932693116028,345.05830805329816,0.0,8475.813426225819,5444.152131123811,181.00659055367825,0.0,0.0,0.0,1351.1744028546348,0.0,0.0,0.0,0.0,0.0,778.5832373748757,0.0,0.0,0.0,0.0,0.0,0.0,0.0,0.0,0.0
263,1.1902268071495017,1.0254832048564324,0.5929252682909453,0.0267478266976739,1.0186507303069068,1.278115730592242,0.0297930247176069,0.0600992110166109,0.0,0.0,2394.596379117052,682.7082279062328,0.0,0.0,0.0,0.0,3412.061515228414,1163.4745434826364,2635.6327653624658,1540.9460603415637,412.9654816171902,0.0,11051.825858806773,6806.917588518265,442.5604499664095,0.0,0.0,0.0,846.7467918932581,0.0,0.0,0.0,0.0,0.0,498.5816726528052,0.0,0.0,0.0,0.0,0.0,0.0,0.0,0.0,0.0
264,1.1529170707914806,1.0263341938346655,0.4550655950431877,0.0190388712558134,1.3301823457627378,1.0890392669150222,0.0579246579269092,0.0738055173382838,0.0,0.0,1910.885257349732,211.095654288736,0.0,0.0,0.0,0.0,3107.6115580439828,847.2056280795557,2556.109064865574,1674.354105044978,249.66420199451875,0.0,13176.62438650027,8633.339695539305,559.5967814616988,0.0,0.0,0.0,725.9941337851385,0.0,0.0,0.0,0.0,0.0,428.95549645906846,0.0,0.0,0.0,0.0,0.0,0.0,0.0,0.0,0.0
265,1.0743494856877085,0.9927442773218644,0.324457436843461,0.011015264571428,1.9895014320187472,1.098810898372517,0.087204521063122,0.0831881874019931,0.0,0.0,1724.0955704064422,160.36507819339425,0.0,0.0,0.0,0.0,3123.67925529389,984.1922435416112,2379.8793459985213,1373.5935076278188,43.9680671906659,0.0,13957.337769151984,8817.517815637884,397.0877004352576,0.0,0.0,0.0,951.8153430386062,0.0,0.0,0.0,0.0,0.0,564.3517507815588,0.0,0.0,0.0,0.0,0.0,0.0,0.0,0.0,0.0
266,1.0017223491411265,0.9529346819731284,0.2211584597134173,0.0033971124786937,3.1362401150769763,1.2243800937330964,0.1150490967906969,0.0922408211154122,0.0,0.0,1951.0041930928185,746.2452080065907,0.0,0.0,0.0,0.0,3697.891280220045,1965.2251412877272,2353.074084379932,670.6030506277955,0.0,0.0,13481.065698194294,7252.040475666637,12.883856750386366,0.0,0.0,0.0,1007.2212904238182,0.0,0.0,0.0,0.0,0.0,596.857329277841,0.0,0.0,0.0,0.0,0.0,0.0,0.0,0.0,0.0
267,0.9582637863649086,0.9023174237407228,0.1529060471907237,1.0422255063450617e-06,4.832718600038227,1.4056152652690015,0.1430376845491892,0.1060551361342463,0.0,0.0,2366.0,1404.0,0.0,0.0,0.0,0.0,4258.0,2901.0,2408.0,358.0,0.0,0.0,12706.0,6083.0,0.0,0.0,0.0,0.0,856.3879580262538,0.0,0.0,0.0,0.0,0.0,530.8743117487106,0.0,0.0,0.0,0.0,0.0,0.0,0.0,0.0,0.0
268,0.9343690802203994,0.846845944857011,0.1075293035338791,-4.689582056016669e-16,7.37744917492834,1.6264713903223549,0.1829526952334979,0.1157765043813701,0.0,0.0,2350.557690747157,1857.7694864830312,0.0,0.0,0.0,0.0,4135.617170844833,3287.242427391899,1925.7707055633784,35.93064226126656,0.0,0.0,9612.987518372163,4303.17083913544,0.0,0.0,0.0,0.0,580.4074233240905,0.0,0.0,0.0,0.0,0.0,459.4230006972234,0.0,0.0,0.0,0.0,0.0,0.0,0.0,0.0,0.0
269,0.9475112634817278,0.7892552713730634,0.0828430594684369,0.0024894142935308,10.62991456054953,1.8413920622591684,0.2064795817275743,0.1180535219401992,0.0,0.0,2223.4700310861795,1821.3754014036183,0.0,0.0,0.0,0.0,3100.7107882598925,2237.200216416324,907.466033104388,0.0,0.0,0.0,4580.095920192153,2123.7367207099364,0.0,0.0,0.0,0.0,247.7773048149208,0.0,0.0,0.0,0.0,0.0,369.639178308178,0.0,0.0,0.0,0.0,0.0,0.0,0.0,0.0,0.0
270,1.0366486783838496,0.7664459156151238,0.0642787312011228,0.021041002941221,14.408622733910544,2.0787229364237487,0.2263081699435211,0.1193555292665473,0.0,0.0,5899.317317364582,4825.485552106062,0.0,0.0,0.0,0.0,6127.123643673797,3625.353830156228,292.5740267779889,0.0,0.0,0.0,1599.8011644072626,1041.463446558813,0.0,0.0,0.0,0.0,58.99197501640031,0.0,0.0,0.0,0.0,0.0,266.60784876753746,0.0,0.0,0.0,0.0,0.0,0.0,0.0,0.0,0.0
271,1.1593550345556494,0.7707394884269053,0.0553297976337192,0.0541076582990028,18.46774645729982,2.326973130608008,0.2505970630764116,0.1249924261245846,0.0,0.0,5901.009186925221,4956.006339380138,0.0,0.0,0.0,0.0,6376.840635808301,4108.382956812828,511.9597053834714,0.0,0.0,0.0,2281.900310863566,979.4364018849304,0.0,0.0,0.0,0.0,144.66273125761475,0.0,0.0,0.0,0.0,0.0,204.1718338738821,0.0,0.0,0.0,0.0,0.0,0.0,0.0,0.0,0.0
272,1.2776677284916953,0.804295146305132,0.0578548023097351,0.087879126737541,22.527415236666226,2.5769499887978853,0.2711492192599026,0.1242005628070532,0.0,0.0,5860.900584466731,4960.475093690267,0.0,0.0,0.0,0.0,6410.975718292053,4213.34149412774,565.4364827645026,0.0,0.0,0.0,2468.865721151676,980.501094181922,0.0,0.0,0.0,0.0,177.96540107461607,0.0,0.0,0.0,0.0,0.0,186.8383711188148,0.0,0.0,0.0,0.0,0.0,0.0,0.0,0.0,0.0
273,1.36681434923422,0.8678540478438487,0.0646194396976727,0.1216505951760792,26.251102898053137,2.843464513582257,0.2696024717491694,0.1113239390830561,0.0,0.0,5565.676404119372,4743.875554630981,0.0,0.0,0.0,0.0,6604.733329229901,4699.128965394849,640.4715742932793,0.0,0.0,0.0,3157.269362073886,976.1298277492878,0.0,0.0,0.0,0.0,346.73489084466206,0.0,0.0,0.0,0.0,0.0,112.44652122093434,0.0,0.0,0.0,0.0,0.0,0.0,3.311721413240184,0.0,0.0
274,1.450552078051495,0.9295861127915224,0.0647102519999983,0.1540712048770761,29.171536260510788,3.133594134999203,0.2523642993089701,0.0973277246511623,0.0,0.0,5312.6146634131865,4428.492729953766,0.0,0.0,0.0,0.0,6978.44613592722,5330.188281108451,620.3702514749325,0.0,0.0,0.0,3687.254068531403,956.6826240928608,0.0,0.0,0.0,0.0,457.94354668464325,0.0,0.0,0.0,0.0,0.0,463.675591243274,0.0,0.0,0.0,0.0,0.0,0.0,18.05648622830829,0.0,0.0
275,1.5150321101201123,1.0005665255236338,0.0647102519999983,0.1855535950304115,31.400486184629436,3.3851952405701864,0.2304540295415282,0.0827483346179398,0.0,0.0,5348.387778210715,4389.239368805902,0.0,0.0,0.0,0.0,7274.455001185775,5721.566582985694,654.4675660651382,0.0,0.0,0.0,3904.475807947983,960.0638523731112,0.0,0.0,0.0,0.0,317.8219961031694,0.0,0.0,0.0,0.0,0.0,377.95735180875386,0.0,0.0,0.0,0.0,0.0,0.0,0.0,0.0,0.0
276,1.5508950105765111,1.0453675091913182,0.0647102519999983,0.202477945357827,32.6081904395083,3.569786002438183,0.2070141109095172,0.066165316148524,0.0,0.0,5165.403632394593,4131.308640088836,0.0,0.0,0.0,0.0,7400.002046276433,5938.059429398125,617.9439919539178,0.0,0.0,0.0,4175.65486350359,1044.516426740373,0.0,0.0,0.0,0.0,286.8573237929889,0.0,0.0,0.0,0.0,0.0,226.28019798512457,0.0,0.0,0.0,0.0,0.0,0.0,0.0,0.0,0.0
277,1.6001294879720953,1.1254978572877017,0.063489158070696,0.2033042400000002,32.71528706385887,3.726147359931464,0.1799674798796008,0.0449245700228568,0.0,0.0,4927.570624636677,3987.50137819729,0.0,0.0,0.0,0.0,7165.300705372417,5643.274562528286,604.8225684113597,0.0,0.0,0.0,4117.827623626272,1075.0486399245526,0.0,0.0,0.0,0.0,365.9615706719781,0.0,0.0,0.0,0.0,0.0,219.38289406526616,0.0,0.0,0.0,0.0,0.0,0.0,0.0,0.0,0.0
278,1.6640486968640542,1.2469705509576017,0.0804123374352143,0.2033042400000002,31.816912496208637,3.8309279534504026,0.1523344618094339,0.0293733853929565,0.0,0.0,4819.25384443779,3870.930982790119,0.0,0.0,0.0,0.0,6940.878057130453,5215.140384172457,482.5719437136604,0.0,0.0,0.0,3857.564280523271,999.1553822129058,0.0,0.0,0.0,0.0,461.9967165966923,0.0,0.0,0.0,0.0,0.0,265.5601777061397,0.0,0.0,0.0,0.0,0.0,0.0,0.0,0.0,0.0
279,1.706436733499617,1.3412954771500063,0.1014914996013274,0.2017709012829033,30.18061170841504,3.874211072126791,0.1439949518671084,0.0216384506312288,0.0,0.0,4476.723426398297,3308.767593871492,0.0,0.0,0.0,0.0,6267.1945546233,3873.865854685402,31.6117497319734,0.0,0.0,0.0,2912.100839121224,640.4416049743479,0.0,0.0,0.0,0.0,855.1059483393054,0.0,0.0,0.0,0.0,0.0,600.9589602969899,0.0,0.0,0.0,0.0,0.0,0.0,0.0,0.0,0.0
280,1.6727979081258184,1.4087720364576073,0.1270202586578058,0.1845737227105347,27.474575731928415,3.836228254427855,0.1411661994662943,0.0142758586644514,0.0,0.0,3867.817017905132,2234.087378110202,0.0,0.0,0.0,0.0,5420.277862753179,2587.978374427228,0.0,0.0,0.0,0.0,2526.766719971516,541.6141467457593,0.0,0.0,0.0,0.0,1995.952182644924,113.97255130402785,0.0,0.0,0.0,0.0,1841.7859464391115,137.0831033015517,0.0,0.0,0.0,0.0,63.99845168545064,290.40790541746225,0.0,0.0
281,1.6144548804603105,1.459832010672221,0.1551222388704302,0.1495342963853818,23.874704561801085,3.7376775813874654,0.1411235183046573,0.0063300910963452,0.0,0.0,2395.391080811294,10.37839893432074,0.0,0.0,0.0,0.0,3641.977343707001,12.022391006890922,0.0,0.0,0.0,0.0,1966.055357066126,599.1941868551927,0.0,0.0,0.0,0.0,4923.975862555362,667.9531980490386,0.0,0.0,0.0,0.0,5145.660062117755,722.1590426880088,0.0,0.0,0.0,0.0,320.2785393180408,435.6016716196583,0.0,0.0
282,1.5506966699865758,1.481817616819846,0.1798726067641178,0.1171136866843849,20.413136260167324,3.602252037613704,0.1438112680265769,0.0005922362392023,0.0,0.0,838.0251169048665,0.0,0.0,0.0,122.27515459296296,0.0,1825.7124541500896,0.0,0.0,0.0,533.621315685187,0.0,75.88206268897326,260.1826411651225,0.0,0.0,0.0,0.0,5600.359485420857,1262.9773834396156,0.0,0.0,0.0,0.0,5465.525673185455,920.5045841991468,0.0,0.0,0.0,0.0,305.47405895864995,456.4531202341536,0.0,0.0
283,1.4634675649326498,1.4515294481853145,0.2077207094011456,0.0819913595083053,16.57461166837257,3.3314556195639144,0.1479189119507083,-3.1974423109204443e-16,0.0,0.0,598.1222482228551,0.0,0.0,0.0,9.861593891594056,0.0,1351.798846873715,0.0,0.0,0.0,43.0370071884438,0.0,0.0,14.767104699207506,0.0,0.0,0.0,0.0,6200.6095770879965,1791.9468404788945,0.0,0.0,0.0,0.0,5724.610890052661,1072.4147093829035,0.0,0.0,0.0,0.0,303.93955593601453,459.35893787162536,0.0,0.0
284,1.3514074662450517,1.3706947307696953,0.2175813342059779,0.0465313176478403,12.893828070794934,2.9695942289135235,0.1561053180797327,-3.1974423109204443e-16,0.0,0.0,508.9273093610926,0.0,0.0,0.0,0.0,0.0,1150.1906823277616,0.0,0.0,0.0,0.0,0.0,0.0,0.0,0.0,0.0,0.0,0.0,6351.618635485452,1894.8198832466653,0.0,0.0,0.0,0.0,5724.079492872727,1011.5135842696988,0.0,0.0,0.0,0.0,354.6320386080593,399.4658885460621,0.0,0.0
285,1.2799854945727578,1.3138490886485006,0.2195026470431871,0.016759178158139,10.03702055779932,2.6377312321143207,0.1670408947986696,-3.1974423109204443e-16,0.0,0.0,204.76992787380328,0.0,0.0,0.0,0.0,0.0,454.07985648119006,0.0,0.0,0.0,0.0,0.0,0.0,0.0,0.0,0.0,819.1828523293372,20.99438448130677,7316.64349498522,2748.9003455502025,0.0,312.94534007354736,0.0,0.0,5365.482509052985,582.4372337134376,0.0,0.0,0.0,0.0,581.5400303666327,167.93868769057326,0.0,0.0
286,1.2499409753770765,1.3294884337425208,0.2220726306229216,0.0011320992458467,7.775801172949329,2.2990431652325936,0.1817105434285701,-3.1974423109204443e-16,0.0,0.0,154.9183230826888,0.0,0.0,0.0,0.0,0.0,199.71251966133767,0.0,0.0,0.0,0.0,0.0,0.0,0.0,0.0,0.0,1844.7758328484576,421.47296585184034,7215.946796508985,2544.969292680035,0.0,1048.1228106394578,0.0,0.0,4538.194722377458,351.9209031925373,0.0,0.0,0.0,0.0,714.0462140021967,95.86155973722552,0.0,0.0
287,1.2278271813434003,1.3693200043650815,0.2240388133779508,-4.3343106881366253e-16,5.780007969736266,1.923580788918426,0.1944941699481716,0.000135010992449,0.0,0.0,178.96344700063256,0.0,0.0,0.0,0.0,0.0,133.3642447433069,0.0,0.0,0.0,0.0,0.0,0.0,0.0,0.0,0.0,1810.1070593287864,590.0558457005434,6978.1009245041305,2139.4334373247134,0.0,983.8655094420368,0.0,0.0,4196.494808209132,327.867267229478,3.634433930364056,2.5552675414846258,0.0,0.0,832.2292280672356,281.36970830592014,0.0,0.0
288,1.173821028323628,1.394874476486999,0.2006025225249156,-4.3343106881366253e-16,4.112100598039469,1.561248137944922,0.1951414289700986,0.0264866348336912,0.0,0.0,179.8549713191096,0.0,0.0,0.0,0.0,0.0,103.62670050578568,0.0,0.0,0.0,0.0,0.0,0.0,0.0,0.0,0.0,947.7967609281242,398.4945648054942,6807.951617718477,2038.635014095576,0.0,582.6379465711632,0.0,0.0,4483.077655227249,369.3050981842943,156.3307047038399,110.04482392492017,0.0,0.0,971.7537313272724,655.5527994328338,0.0,0.0
289,1.1530214823016045,1.4372702379139062,0.1714727866375829,-4.3343106881366253e-16,3.033045519964168,1.3340676744535929,0.1923050374684375,0.0896987033742594,0.0,0.0,162.09473863999537,0.0,0.0,0.0,0.0,0.0,63.86827320920487,0.0,0.0,0.0,0.0,0.0,0.0,0.0,0.0,0.0,487.0104807650186,305.8362685028523,6497.455953169418,1795.0925072497687,0.0,417.82119869972,0.1383953356012668,0.0,4617.0,499.5143046672636,417.3469768266002,377.9167384561816,0.0,0.0,1319.7830911197057,1185.7858966317822,0.0,0.0
290,1.1605414423344416,1.4863354542657785,0.1398733683720911,-4.3343106881366253e-16,2.2882597477408533,1.216438180019966,0.1850808261528227,0.2201472793953485,0.0,0.0,153.4077573365448,0.0,0.0,0.0,0.0,0.0,41.74931367407586,0.0,0.0,0.0,0.0,0.0,0.0,0.0,0.0,0.0,393.8509337759006,300.7862575176853,6129.531313632725,1483.915796373965,0.0,285.07756257317675,24.661905902397663,0.0,4616.439004204611,668.3357068671775,615.487188047508,654.5956442911158,0.0,0.0,1746.5052333389435,1708.067630629652,0.0,0.0
291,1.1760536357142872,1.520651796518269,0.1132893424485036,-4.3343106881366253e-16,1.759222064038198,1.316950106833089,0.1693652527225898,0.3871851837259133,0.0,0.0,149.38747963577495,0.0,0.0,0.0,0.0,0.0,26.030162449315227,0.0,0.0,0.0,0.0,0.0,0.0,0.0,0.0,0.0,311.44166666666666,295.1614633598778,5962.0,1401.0,0.0,167.63333333333333,154.0,0.0,4597.0,621.0,722.0,901.0,0.0,0.0,1601.0,1719.0,0.0,0.0
292,1.1772976624627132,1.5168462760350552,0.1008190145017304,-4.334310688136624e-16,1.4633758592326191,1.7224953284999267,0.145053609414574,0.5537462113796563,0.0,0.0,138.0516766108518,0.0,0.0,0.0,0.0,0.0,9.15438412631007,0.0,0.0,0.0,0.0,0.0,0.0,0.0,0.0,0.0,374.1525083949198,288.89139000225737,5986.62561213696,1429.6094142369318,0.0,212.92298454482847,158.1350857240219,0.0,4592.864914275979,599.7530554668143,708.6029946258316,883.4679089018096,0.0,0.0,1553.0094725931604,1670.7405239281834,0.0,0.0
293,1.1532656833513446,1.5206931677327085,0.0945145286932849,-4.3343106881366253e-16,1.414325677311845,2.7748515870570127,0.1213138129758657,0.7389895569583145,0.0,0.0,87.66116861807484,0.0,0.0,0.0,0.0,0.0,0.0530908266757323,0.0,0.0,0.0,0.0,0.0,0.0,0.0,0.0,0.0,856.5754682005203,283.21578649166474,6174.800793206028,1648.151831612009,0.0,563.8239229200818,189.6978281201886,0.0,4561.302171879811,437.4469897499876,606.1891347334188,749.4913066132301,0.0,0.0,1186.3589473587813,1302.0522258160436,0.0,0.0
294,1.150474413265586,1.547729827745939,0.112812257872189,-4.3343106881366253e-16,1.6027604597928395,4.519419974718033,0.1066848924916936,0.9119930784905204,0.0,0.0,9.038856611755127,0.0,0.0,0.0,0.0,0.0,0.0,0.0,0.0,0.0,0.0,0.0,0.0,0.0,0.0,0.0,1307.234869709477,76.6866956602489,5972.293581285453,1816.3727233178183,0.0,827.6522328199895,190.22817355560883,0.0,4234.328574498964,264.4999756982419,441.1967439089344,487.6258521424978,0.0,0.0,677.2873370874447,770.7846183976227,0.0,0.0
295,1.1270455183639456,1.526793945429694,0.160113298236819,-4.3343106881366253e-16,1.867557790892739,6.687916651332576,0.0922383969944204,1.040139951726445,0.0,0.0,0.0,0.0,0.0,0.0,0.0,0.0,0.0,0.0,0.0,0.0,0.0,0.0,0.0,0.0,0.0,0.0,1005.6409507544084,0.0,6511.848849281582,2274.286633436504,0.0,79.38091950374695,17.811589298116036,0.0,4790.00167239386,702.089149936466,412.6462974190392,43.75774090751487,0.0,0.0,642.3343637197926,625.4916961462038,0.0,0.0
296,1.0859444032527044,1.4396130482909415,0.231861933494308,-4.334310688136624e-16,2.152828554247252,9.02225282314756,0.0757084818712085,1.0994683954650448,0.0,0.0,0.0,0.0,0.0,0.0,0.0,0.0,0.0,0.0,0.0,0.0,0.0,0.0,0.0,0.0,0.0,0.0,679.2474021359806,0.0,7281.365870625434,2807.907328242989,0.0,0.0,0.0,0.0,5537.933677702629,1197.620282807626,407.5137929224462,0.0,0.0,0.0,664.9996368736599,533.093281964395,0.0,0.0
297,1.0283239486738331,1.3105000077092022,0.295394447584911,-4.3343106881366253e-16,2.4533461552776923,11.552348158764158,0.065306073732264,1.1241816534711744,0.0,0.0,0.0,0.0,0.0,0.0,0.0,0.0,0.0,0.0,0.0,0.0,0.0,0.0,0.0,0.0,0.0,0.0,430.9988817877619,0.0,7875.740307943755,3228.7653995849923,0.0,0.0,0.0,0.0,6127.311385185994,1591.867401337896,394.9622449919793,0.0,0.0,0.0,671.260823719273,455.3729797743279,0.0,0.0
298,0.989606789356546,1.156057659077737,0.3454807547936189,-4.3343106881366253e-16,2.825276635968628,14.257542799150604,0.0573223890904974,1.1118838699829892,0.0,0.0,0.0,0.0,0.0,0.0,0.0,0.0,0.0,0.0,0.0,0.0,0.0,0.0,0.0,0.0,0.0,0.0,91.61299778764044,0.0,8945.913304139945,4228.651658811279,0.0,0.0,0.0,0.0,7519.599750296038,2625.380299660928,140.21684012535806,0.0,0.0,0.0,374.72856468069386,145.11219115217855,0.0,0.0
299,0.945677001311939,0.974680243349116,0.3872376599202631,-4.334310688136624e-16,3.2066893088906383,16.45045569036011,0.0482742548970089,1.0521324686384392,0.0,0.0,0.1532551897062684,0.0,0.0,0.0,0.0,0.0,3.992297691848292,0.0,0.0,0.0,0.0,0.0,0.0,0.0,0.0,0.0,0.0,0.0,9382.159697967809,4737.272215292126,0.0,0.0,0.0,0.0,8350.99052344273,3189.609444066367,0.0,0.0,0.0,0.0,108.68115054501943,0.0,0.0,0.0
300,0.9180641735819376,0.7825390690170142,0.428548016132074,-4.3343106881366244e-16,3.6416398743974416,18.15709127231707,0.0389829826046502,0.9276250460787858,0.0,0.0,143.94438716027108,3.020408163265306,0.0,0.0,0.0,0.0,432.9000948764529,0.0,0.0,0.0,0.0,0.0,0.0,0.0,0.0,0.0,0.0,0.0,8819.838231762598,3902.7809109832087,0.0,0.0,0.0,0.0,7928.007319206547,2464.6916339610098,0.0,0.0,0.0,0.0,0.0,0.0,0.0,0.0
301,0.8958639010112448,0.6101396161134643,0.4496997965888037,-4.3343106881366253e-16,4.094159725021203,19.419135012460035,0.030046389932276,0.762728551323283,0.0,0.0,2102.7468901078787,284.2547523834916,0.0,0.0,0.0,0.0,2996.5387843663398,96.55023149839003,0.0,0.0,0.0,0.0,9.190144390581109,0.0,0.0,0.0,0.0,0.0,8151.307692307692,3026.6153846153848,0.0,0.0,0.0,0.0,7402.692307692308,1861.0,0.0,0.0,0.0,0.0,0.0,0.0,0.0,0.0
302,0.888808618163768,0.4938260186640574,0.4270362614422488,-4.3343106881366253e-16,4.5170366877889325,20.14736128961347,0.0273762085831532,0.5837992025569678,0.0,0.0,2587.677817364031,965.3949203917252,0.0,0.0,0.0,0.0,3724.809830133105,768.0273487074245,0.0,0.0,0.0,0.0,351.9964445206222,0.0,0.0,0.0,0.0,0.0,7468.022264977701,2327.843242144662,0.0,0.0,0.0,0.0,6906.724654785121,1413.3084572329994,0.0,0.0,0.0,0.0,0.0,0.0,0.0,0.0
303,0.9505787944975872,0.4184008924219857,0.3979703973289016,-4.3343106881366253e-16,4.897324845164163,19.81921814874196,0.0228624604385372,0.3930915779740497,0.0,0.0,4143.617300963899,2539.773323749828,0.0,0.0,0.0,0.0,5993.090954659802,2640.114222837633,0.0,0.0,0.0,0.0,873.4243568107183,0.0,0.0,0.0,0.0,0.0,5769.8715530585305,1116.542768097014,0.0,0.0,0.0,0.0,5194.076923393179,397.8150100217218,0.0,0.0,0.0,0.0,0.0,0.0,0.0,0.0
304,1.0714510550250689,0.3686224109256983,0.3723792247049217,-4.3343106881366253e-16,5.159510578875561,18.56835025307373,0.0183082543654474,0.2355713243059501,0.0,0.0,5155.079070946857,3563.292135419477,0.0,0.0,0.0,0.0,7459.110464796331,3849.025797140545,0.0,0.0,0.0,0.0,1204.691612085244,0.0,0.0,0.0,0.0,0.0,3789.601739099412,399.516215336432,0.0,0.0,0.0,0.0,3423.615491332258,0.0,0.0,0.0,0.0,0.0,0.0,0.0,0.0,0.0
305,1.2406170085059858,0.3552261931912455,0.3391485031314475,-4.3343106881366253e-16,5.298247036681745,16.771417347904,0.0137540482923577,0.1168489233450758,0.0,0.0,6647.848310802278,4989.011294924155,0.0,0.0,0.0,0.0,8112.83705765503,4218.01762769248,0.0,0.0,0.0,0.0,487.2876778319328,0.0,0.0,0.0,0.0,0.0,2499.6092266571586,2.442940664016572,0.0,0.0,0.0,0.0,2240.780416052873,0.0,0.0,0.0,0.0,0.0,0.0,0.0,0.0,0.0
306,1.4261296394340428,0.3650931379394139,0.2802370502286485,-4.3343106881366253e-16,5.263517204587834,14.48883252701664,0.0088711881727564,0.0550592513879223,0.0,0.0,7215.495851177813,5134.482273266112,0.0,0.0,0.0,0.0,7350.902156735287,3444.4858193289883,0.0,0.0,0.0,0.0,7.635264807683746,0.0,0.0,0.0,0.0,0.0,1704.340234958494,0.0,0.0,0.0,0.0,0.0,1410.4523849443328,0.0,0.0,0.0,0.0,0.0,0.0,0.0,0.0,0.0
307,1.6087727213617022,0.3774552554890749,0.2372368545995603,-4.334310688136624e-16,5.107456280266055,12.039279199356784,0.0042700315215936,0.0315738343815648,191.3113244357608,75.13693220509433,7524.506708335761,5006.815827636717,0.0,108.94117085925268,0.0,0.0,6318.995516268035,2451.850081121312,0.0,0.0,0.0,0.0,0.0,0.0,0.0,0.0,0.0,0.0,1346.717251865629,0.0,0.0,0.0,0.0,0.0,1149.1438963081462,0.0,0.0,0.0,0.0,0.0,0.0,0.0,0.0,0.0
308,1.7994148781578387,0.3824404795546878,0.2101730427440589,-4.3343106881366253e-16,4.792568485354719,9.40227587650451,0.00042950220974,0.0176009184965835,1196.5222522958134,477.64990732232064,7189.611905914656,4588.651647681144,0.0,681.3488010691655,0.0,0.0,5486.12288460673,1676.975372273845,0.0,0.0,0.0,0.0,0.0,0.0,0.0,0.0,0.0,0.0,752.7635574392161,0.0,0.0,0.0,0.0,0.0,642.8773666137037,0.0,0.0,0.0,0.0,0.0,0.0,0.0,0.0,0.0
309,1.9447033156121776,0.3983336633482915,0.1894661748837189,-4.3343106881366244e-16,4.352731897029214,7.096512988404125,-1.0302869668521466e-15,0.0131457416082444,2054.997123094701,874.0942970527719,7089.285569442497,4424.34510785078,0.0,1156.4760161523525,0.0,0.0,5278.931791012883,1425.0936345808148,0.0,0.0,0.0,0.0,0.0,0.0,0.0,0.0,0.0,0.0,394.1710787782809,0.0,0.0,0.0,0.0,0.0,333.181635214321,0.0,0.0,0.0,0.0,0.0,0.0,0.0,0.0,0.0
310,1.992980843360394,0.423298407746639,0.1689589610067869,-4.3343106881366253e-16,3.845618154010392,5.353261345625045,-1.0302869668521466e-15,0.0147615876426402,2121.6671259824666,758.0966897040441,7311.948248402156,4691.207445269216,0.0,1102.1446062207929,0.0,0.0,5712.156690099725,1683.626194952096,0.0,0.0,0.0,0.0,0.0,0.0,0.0,0.0,0.0,0.0,499.65213996865066,0.0,0.0,0.0,0.0,0.0,394.4807019936139,0.0,0.0,0.0,0.0,0.0,0.0,0.0,0.0,0.0
311,2.00105164996101,0.4267993422022158,0.1538182063797385,-4.3343106881366253e-16,3.311776797136329,3.869573396366854,-1.0302869668521466e-15,0.0417820358859146,2045.934093158596,579.9225865086011,7670.394984897199,5052.794870891715,0.0,1034.6269498424692,0.0,0.0,6115.52740445768,1944.0737743901511,0.0,0.0,0.0,0.0,0.0,0.0,0.0,0.0,0.0,0.0,769.6914975179798,0.0,0.0,0.0,0.0,0.0,581.8081826064981,0.0,0.0,0.0,0.0,0.0,0.0,0.0,0.0,0.0
312,1.982995264141488,0.4148870281618099,0.1660610290740649,-4.3343106881366253e-16,2.798466255660727,2.571880278646111,-1.0302869668521466e-15,0.0868775144053154,2042.5507981003088,466.6838030529801,7779.660535653278,5086.962330700159,0.0,1003.463974779642,0.0,0.0,6167.0144588870135,1948.6346003059853,0.0,0.0,0.0,0.0,0.0,0.0,0.0,0.0,0.0,0.0,1034.992290087477,0.0,0.0,0.0,0.0,0.0,763.9551583800255,0.0,0.0,0.0,0.0,0.0,0.0,0.0,0.0,0.0
313,1.93741086794352,0.4145219175647803,0.1757463099069749,-4.334310688136624e-16,2.3683017544833764,1.7952908297531842,-1.0302869668521466e-15,0.1279002113342192,2043.955900604808,415.7778519643818,8003.57037159255,5156.388563682477,0.0,953.112772280418,0.0,0.0,6135.840536707767,1978.03717093106,0.0,0.0,0.0,0.0,0.0,0.0,0.0,0.0,0.0,0.0,1240.0135956149527,0.0,0.0,0.0,0.0,0.0,833.5071445701803,0.0,0.0,0.0,0.0,0.0,0.0,0.0,0.0,0.0
314,1.8223545917490835,0.4218376252678607,0.1833823544377482,-4.3343106881366253e-16,2.0738659904586862,1.4204509701231192,-1.0302869668521466e-15,0.1941714381244439,2001.31389195388,484.8043968854429,7970.231747811199,5169.011018012142,0.0,941.9653054009692,0.0,0.0,6016.268181617463,1951.1021025277996,0.0,0.0,0.0,0.0,0.0,0.0,0.0,0.0,0.0,0.0,1312.802222876403,0.0,0.0,0.0,0.0,0.0,788.1414835768444,0.0,0.0,0.0,0.0,0.0,0.0,0.0,0.0,0.0
315,1.653768992318154,0.4106480709134221,0.1910871892178997,-4.3343106881366253e-16,1.963432377919864,1.301237710077026,0.0005781688317363,0.3203340390674224,2069.9159925010845,558.5749755787169,7732.054033266285,4967.036230556952,0.0,995.9030192836898,0.0,0.0,5805.189003055016,1816.6527005117016,0.0,0.0,0.0,0.0,0.0,0.0,0.0,0.0,0.0,0.0,1285.2744762220482,0.0,0.0,0.0,0.0,0.0,758.3955516405584,0.0,0.0,0.0,0.0,0.0,0.0,0.0,0.0,0.0
316,1.5019125852677715,0.4006226766689656,0.2024558512911616,-4.3343106881366253e-16,2.1247187741748714,1.3837002056348453,0.0087422800066434,0.4779316962107639,2377.315430159312,915.611366043271,6824.92716424235,4182.770223037119,0.0,1241.70547874343,0.0,0.0,5011.171170207392,1270.9525488815548,0.0,0.0,0.0,0.0,0.0,0.0,0.0,0.0,0.0,0.0,1198.588355457768,0.0,0.0,0.0,0.0,0.0,655.8077196756713,0.0,0.0,0.0,0.0,0.0,0.0,0.0,0.0,0.0
317,1.3482859895714985,0.4087839619365187,0.2056344713222581,-4.334310688136624e-16,2.5931392247331457,1.554170320689078,0.0194866630513879,0.6502068137083478,2683.3415188471977,1307.3237897224003,6140.597299614421,3566.8084265751263,0.0,1492.0727206852778,167.630289086726,0.0,4427.8958780250205,804.9872869039596,154.21986595978794,0.0,0.0,0.0,0.0,0.0,0.0,0.0,0.0,0.0,1163.0840952065798,0.0,0.0,0.0,0.0,0.0,611.844386689236,0.0,0.0,0.0,0.0,0.0,0.0,0.0,0.0,0.0
318,1.1654870826789148,0.4282304244424416,0.2043631394668742,-4.3343106881366253e-16,3.630776289235086,1.7330099556302792,0.0518320653687697,0.8861022330873555,2824.667330794238,1609.7081783708818,5755.731448241971,3273.965661192321,0.0,1586.8013747231987,173.50107440437077,0.0,4178.989306026447,657.6318624643073,255.63005616425804,0.0,0.0,0.0,0.0,0.0,0.0,0.0,0.0,0.0,949.9027784828972,0.0,0.0,0.0,0.0,0.0,543.6138253466977,0.0,0.0,0.0,0.0,0.0,0.0,0.0,0.0,0.0
319,0.9979002486472524,0.4466527039476207,0.2078715282775051,-4.3343106881366253e-16,5.263466733120175,1.9038151411553903,0.1165964066312283,1.1526670876310334,2285.574154059509,950.8058437218064,6416.240166892209,3893.538013682988,0.0,1259.651859496082,24.004050437591918,0.0,4986.370629433735,1303.865251806124,207.72689439764375,0.0,0.0,0.0,0.0,0.0,0.0,0.0,0.0,0.0,524.2983286026243,0.0,0.0,0.0,0.0,0.0,302.7957113235111,0.0,0.0,0.0,0.0,0.0,0.0,0.0,0.0,0.0
320,0.8733236464313897,0.479008058650029,0.2469324546743544,-4.3343106881366253e-16,7.398227766362932,2.0517786490591376,0.1844852951362118,1.4313073952352526,1320.094195111882,154.96609051326033,7469.835299371798,4823.8703224240535,0.0,612.1746566636236,0.0,0.0,6397.086422231018,2423.7470551706874,70.1356875162018,0.0,0.0,0.0,3.055700239484724,0.0,0.0,0.0,0.0,0.0,438.5001402875324,0.0,0.0,0.0,0.0,0.0,225.3772491090226,0.0,0.0,0.0,0.0,0.0,0.0,0.0,0.0,0.0
321,0.777242521016609,0.5380533611354097,0.2976763022073075,-4.3343106881366253e-16,9.955137865541255,2.135847675619162,0.2510597486679062,1.6882549652164776,708.3521977932194,0.0,7583.724828094349,5258.403693515676,0.0,275.8249757867048,0.0,0.0,6800.897171733103,2923.1456565733533,214.90296801050687,0.0,0.0,0.0,83.85790677795018,0.0,0.0,0.0,0.0,0.0,420.97932482463614,0.0,0.0,0.0,0.0,0.0,180.9523745723133,0.0,0.0,0.0,0.0,0.0,0.0,0.0,0.0,0.0
322,0.6962854813704297,0.6069256095921872,0.3382412996411946,-4.3343106881366253e-16,12.69536058256395,2.173548542957666,0.3069513477209291,1.9353140681686047,385.3628739612873,0.0,7065.204238570065,5032.383968450518,0.0,84.31371699397319,0.0,0.0,6322.269152368256,2685.678562215257,329.7103470585209,0.0,0.0,0.0,198.34743982301927,0.0,0.0,0.0,0.0,0.0,938.4014029699902,0.0,0.0,0.0,0.0,0.0,802.5718243666762,0.0,0.0,0.0,0.0,0.0,0.0,0.0,0.0,0.0
323,0.6146270831436867,0.6589371373679355,0.3808816224518261,-4.3343106881366253e-16,15.55208542547591,2.18345907896016,0.3589902633338855,2.14503641443854,108.5528652938518,0.0,6471.508942023625,4423.907376895675,0.0,16.886001267932503,0.0,0.0,5743.865716294092,2271.633354312728,277.6249501528851,0.0,0.0,0.0,278.2066098421384,0.0,0.0,0.0,0.0,0.0,1672.3193887900445,0.0,0.0,0.0,0.0,0.0,1692.804482940469,0.0,0.0,0.0,0.0,0.0,0.0,0.0,0.0,0.0
324,0.550796683234346,0.7112353464188564,0.426426138425504,-4.3343106881366253e-16,18.14739793082468,2.146832083966548,0.3911882089151529,2.2629982211806827,0.0,0.0,5400.39771064597,3224.3117428303512,0.0,0.0,0.0,0.0,4784.301742199429,1487.6455605659385,132.27090428531406,0.0,0.0,0.0,305.9387317569714,0.0,0.0,0.0,0.0,0.0,2341.127973572944,0.4398877848209697,0.0,0.0,0.0,0.0,2502.702959005394,0.3350522528696248,0.0,0.0,0.0,0.0,0.0,0.0,0.0,0.0
325,0.4926209952134532,0.7590821197873717,0.4521860282292351,-4.3343106881366253e-16,20.45096214447258,2.050918403593879,0.3924946317184368,2.309876513474252,0.0,0.0,5209.004209129564,3009.028443011789,0.0,0.0,0.0,0.0,4710.852024644172,1432.2449151797211,137.1806146122146,0.0,0.0,0.0,359.29337435419603,0.0,0.0,0.0,0.0,0.0,2887.1899661487246,13.894183009267977,0.0,0.0,0.0,0.0,3123.7691258690083,10.582874723226864,0.0,0.0,0.0,0.0,0.0,0.0,0.0,0.0
326,0.4649507994160622,0.787400844670702,0.435629703109633,-4.3343106881366253e-16,22.38217627804103,1.9118040396208955,0.384545003083055,2.299385745366424,0.0,0.0,4662.833310344403,2371.542771738369,0.0,0.0,0.0,0.0,4384.324121364364,1168.9757641852812,76.28598658204403,0.0,0.0,0.0,422.43155850974847,0.0,0.0,0.0,0.0,0.0,3324.6247762303524,58.83658961747653,0.0,0.0,0.0,0.0,3547.74276695098,44.836544787487696,0.0,0.0,0.0,0.0,0.0,0.0,0.0,0.0
327,0.4922200553874249,0.81262386838589,0.407917520408891,-4.3343106881366253e-16,23.83966479043623,1.7304786186486316,0.372865143891642,2.2278020466378723,0.0,0.0,4194.115467606844,1795.7124098718634,0.0,0.0,0.0,0.0,4131.64163728612,918.250539444487,0.0,0.0,0.0,0.0,335.00431555589563,0.0,0.0,0.0,0.0,0.0,2795.625104136918,145.8867026787498,0.0,0.0,0.0,0.0,2954.367094666678,143.59497963673397,0.0,0.0,0.0,0.0,0.0,0.0,0.0,0.0
328,0.5418641080079718,0.839696353860461,0.3887925752053129,-4.3343106881366253e-16,24.450795767407303,1.5916717302990284,0.3413958293581383,2.059857714721594,0.0,0.0,3604.234823087195,1493.5841216636427,0.0,0.0,0.0,0.0,3626.38980414032,750.245076771646,0.0,0.0,0.0,0.0,124.42115672252277,0.0,0.0,0.0,0.0,0.0,4425.090519131084,593.4304525040512,0.0,0.0,0.0,0.0,4601.952510525845,638.8271295639261,0.0,0.0,0.0,0.0,0.0,0.0,0.0,0.0
329,0.61350325030527,0.8770302088504944,0.3869980270293964,-4.3343106881366253e-16,24.126710527944084,1.4927767207875893,0.2848988119516061,1.8762881584140887,0.0,0.0,1864.8689734560703,608.6267715357226,0.0,0.0,0.0,0.0,1826.737384771184,283.1085336776377,0.0,0.0,0.0,0.0,0.4497970702096884,0.0,0.0,0.0,0.0,0.0,5984.196607507799,1292.6502165311038,0.0,0.0,0.0,0.0,6301.004863689343,1450.0142084425156,0.0,0.0,0.0,0.0,29.679974047132443,0.0,0.0,0.0
330,0.731813537046377,0.9296376067303618,0.388072523567839,-4.3343106881366253e-16,23.08557966756041,1.408372816781687,0.2375307995681053,1.68015737430538,0.0,0.0,1390.3867952514026,9.126339685531637,0.0,0.0,0.0,0.0,1220.595079569947,4.242120718484759,0.0,0.0,0.0,0.0,0.0,0.0,0.0,0.0,0.0,0.0,8008.158963564454,2985.335959228008,0.0,0.0,0.0,0.0,8860.71493180254,3480.0207428064464,0.0,0.0,0.0,0.0,154.03977834098453,0.0,0.0,0.0
331,0.9009474021362738,0.9862961553653824,0.3888486506590598,-4.3343106881366253e-16,21.281754205785,1.3658645525867503,0.1990218064389135,1.4809345603349835,0.0,0.0,768.7505164833422,0.0,0.0,0.0,0.0,0.0,516.1826454903277,0.0,0.0,0.0,0.0,0.0,0.0,0.0,0.0,0.0,0.0,0.0,8811.708216085652,3318.301619520223,0.0,0.0,0.0,0.0,8805.628764075871,2885.980328788248,0.0,0.0,0.0,0.0,42.79245283018868,0.0,0.0,0.0
332,1.1253010802120584,1.046379612028837,0.4011870990282019,-4.334310688136624e-16,18.91724966519432,1.3303392318742049,0.2214731673420505,1.2541204275382754,0.0,0.0,603.0581480692339,0.0,0.0,0.0,0.0,0.0,346.9188749085305,0.0,0.0,0.0,0.0,0.0,0.0,0.0,0.0,0.0,2.369675075891636,0.0,9144.706871939268,3600.5795602959747,0.0,8.237441930480447,0.0,0.0,8098.659197109608,2174.47832605358,0.0,0.0,0.0,0.0,0.0,0.0,0.0,0.0
333,1.3602842215830226,1.1503713809351106,0.4113072360268464,-4.3343106881366244e-16,16.210733591813685,1.297355401935614,0.2661546069629117,1.0490019393887022,0.0,0.0,373.3903865084346,0.0,0.0,0.0,0.0,0.0,213.2913274019552,0.0,0.0,0.0,0.0,0.0,0.0,0.0,0.0,0.0,65.9251782356635,0.0,9106.713076744209,3692.5381746514927,0.0,85.21299688729222,0.0,0.0,7435.737397805445,1767.8212283427567,0.0,0.0,0.0,0.0,0.0,0.0,0.0,0.0
334,1.5919975401359574,1.2472578992668002,0.4198308969491411,-4.3343106881366253e-16,13.45815078028138,1.226752107571197,0.3350479105591609,0.8920678263879351,0.0,0.0,195.6088686648625,0.0,0.0,0.0,0.0,0.0,109.07258360820202,0.0,0.0,0.0,0.0,0.0,0.0,0.0,0.0,0.0,187.37587803368373,0.0,8836.68524083146,3599.1701719605308,0.0,220.5259736787874,0.0,0.0,6827.241544074747,1488.7725080447613,0.0,0.0,0.0,0.0,0.0,0.0,0.0,0.0
335,1.8136985526599283,1.3360210054137251,0.4320355390921026,-4.334310688136624e-16,10.982368181849452,1.111122513870954,0.4278781609172258,0.739795561887323,0.0,0.0,165.18661323668434,0.0,0.0,0.0,0.0,0.0,83.52218587911209,0.0,0.0,0.0,0.0,0.0,0.0,0.0,0.0,0.0,212.3444999565192,0.0,8755.99063058413,3555.272108595457,0.0,257.68431520510325,0.0,0.0,6701.942369676754,1440.3324347296757,0.0,0.0,0.0,0.0,0.0,0.0,0.0,0.0
336,1.9946117632937823,1.4428783740663065,0.453035709577868,-4.3343106881366244e-16,8.818048153601204,1.0285573412654674,0.5068281955215945,0.6013872313038141,0.0,0.0,165.18661323668434,0.0,0.0,0.0,0.0,0.0,83.52218587911209,0.0,0.0,0.0,0.0,0.0,0.0,0.0,0.0,0.0,212.3444999565192,0.0,8755.99063058413,3555.272108595457,0.0,257.68431520510325,0.0,0.0,6701.942369676755,1440.3324347296752,0.0,0.0,0.0,0.0,0.0,0.0,0.0,0.0
337,2.1321073570542635,1.5687763220863746,0.4937127239025446,-4.3343106881366253e-16,6.880372372199344,0.9938686900996936,0.5848416909457365,0.4876200703300079,0.0,0.0,333.0264747911333,0.0,0.0,0.0,0.0,0.0,91.28094173538696,0.0,0.0,0.0,0.0,0.0,0.0,0.0,0.0,0.0,95.67820796257465,0.0,8736.127850274037,3431.683502061638,0.0,130.05539402737864,0.0,0.0,6819.210067169172,1517.083765527832,80.44444444444444,0.0,0.0,0.0,302.44444444444446,155.55555555555554,0.0,0.0
338,2.1748939090794783,1.680274321162274,0.5363595230393534,-4.3343106881366253e-16,5.354392489403794,1.034482314716867,0.6096354518088425,0.4204812986818274,0.0,0.0,373.7469131706775,0.0,0.0,0.0,0.0,0.0,83.2648134632358,0.0,0.0,0.0,0.0,0.0,0.0,0.0,0.0,0.0,0.0,0.0,8358.541451156963,3291.786225110944,0.0,0.0,0.0,0.0,6916.538462888613,1851.055334559527,362.0,0.0,0.0,0.0,1361.0,700.0,0.0,0.0
339,2.1471693215417917,1.712100274229895,0.5520042229562767,-4.3343106881366253e-16,4.633035582983931,1.2741933033448776,0.6033603632196674,0.351409294893287,0.0,0.0,289.6452062125478,0.0,0.0,0.0,0.0,0.0,48.091230511296736,0.0,0.0,0.0,0.0,0.0,0.0,0.0,0.0,0.0,0.0,0.0,7655.784227815523,3032.298093842709,0.0,0.0,0.0,0.0,7169.753049208046,2491.928211534764,451.2249075660321,8.82042679700957,0.0,0.0,1903.3022477808909,1093.2069223615902,0.0806630265018147,0.0
340,2.140645816846817,1.735659839466455,0.5528151914059493,-4.334310688136624e-16,4.555251656680013,1.8197932950019355,0.5839053945249165,0.2789671558006621,0.0,0.0,191.5327213603439,0.0,0.0,0.0,0.0,0.0,21.29399644208017,0.0,0.0,0.0,0.0,0.0,0.0,0.0,0.0,0.0,0.0,0.0,7330.277846061565,2856.3795580302794,0.0,0.0,0.0,0.0,7413.497891806248,2887.9285547608297,670.6489713168372,57.45150114933925,0.0,0.0,2800.8719939464863,1748.904739681106,26.810220984860383,0.0
341,2.130312615809118,1.7978804705073974,0.5550810156451205,-4.3343106881366253e-16,4.868585983206896,2.589186262164327,0.5613849357254602,0.2085458190099649,0.0,0.0,179.0729957121089,0.0,0.0,0.0,0.0,0.0,0.0,0.0,0.0,0.0,0.0,0.0,0.0,0.0,0.0,0.0,0.0,0.0,7289.519654081217,2874.519654081216,0.0,0.0,0.0,0.0,7359.4152264251,3160.389415093848,1079.5494905543917,335.8710628808888,0.0,0.0,3578.8154150764603,2377.8506980969687,186.92671068531732,0.0
342,2.0728554497499543,1.8692459659639773,0.5463737902703261,-4.3343106881366253e-16,5.644292412784762,3.8278923354292966,0.484687146827767,0.1413663264276952,0.0,0.0,178.65677973605608,0.0,0.0,0.0,0.0,0.0,0.0,0.0,0.0,0.0,0.0,0.0,0.0,0.0,0.0,0.0,0.0,0.0,7288.556154641795,2856.8865428783924,0.0,0.0,0.0,0.0,7338.243350881837,3165.1912166719408,1091.3464699641931,359.2803744963513,0.0,0.0,3622.1738089011055,2425.17486913593,181.73234982096545,0.0
