Time,r-biceps,l-biceps,r-lats,l-lats,r-quat,l-quat,r-hamstring,l-hamstring,L1,L2,L3,L4,L5,L6,L7,L8,L9,L10,L11,L12,L13,L14,L15,L16,L17,L18,R1,R2,R3,R4,R5,R6,R7,R8,R9,R10,R11,R12,R13,R14,R15,R16,R17,R18
0,0.0096982206546599,0.0,0.0,0.0119748684916943,3.1591710756593785,0.797477345894036,0.0432554852093022,0.0056439537009966,1544.519904256059,752.848014253182,2065.9695741052847,1406.5690494433218,0.0,1461.6307664725991,161.23384532442697,0.0,1677.9198370426147,429.70489076291415,338.62952002855315,83.1309671193384,0.0,0.0,551.6731999146455,257.59076796473016,0.0,0.0,0.0,0.0,4.829114806140028,0.0,0.0,0.0,0.0,0.0,0.0,0.0,0.0,0.0,0.0,0.0,0.0,0.0,0.0,0.0
1,0.0213575708571428,0.0,0.0,0.0164289957009966,3.0962024634799925,0.5826163128637861,0.0478401321606239,0.0011826818385093,2093.50495072936,781.258859717254,3870.8477696226937,2650.8015439431056,0.0,2025.8149539605345,150.64079835723484,0.0,3027.511829677024,684.5873107836962,406.5723543217841,83.56054476883419,0.0,0.0,339.1880034068224,204.9496222337713,0.0,0.0,0.0,0.0,0.5001693009499609,0.0,0.0,0.0,0.0,0.0,0.0,0.0,0.0,0.0,0.0,0.0,0.0,0.0,0.0,0.0
2,0.0324972132757474,0.0,0.0,0.0206669031428571,3.574099275739073,0.4444948244566825,0.0633581577209301,1.7763568394002547e-18,2261.630423114092,692.5855667653836,5467.5933598797465,3998.620511255175,0.0,2065.523180862648,69.85563682854304,0.0,4404.4460375255385,1214.2667607517662,431.1597195513253,81.2756871803865,0.0,0.0,303.39058793438846,162.57378442406005,0.0,0.0,0.0,0.0,0.0,0.0,0.0,0.0,0.0,0.0,0.0,0.0,0.0,0.0,0.0,0.0,0.0,0.0,0.0,0.0
3,0.0444325444385381,0.0,0.0,0.024971273394095,4.344592132313919,0.3711958860424996,0.0800935677209303,1.7763568394002547e-18,1472.501129985941,393.4714947572008,5883.06157110069,4619.912124685847,0.0,1234.7049487320585,0.0,0.0,5200.516518121547,2089.361950594684,1023.767336820074,61.61726627743908,0.0,0.0,1628.8182059813132,115.34799354139872,0.0,0.0,0.0,0.0,0.0,0.0,0.0,0.0,0.0,0.0,0.0,0.0,0.0,0.0,0.0,0.0,0.0,0.0,0.0,0.0
4,0.0562542057807308,0.0,0.0,0.027020517980848,5.2480900877084204,0.4099248188196208,0.0936625593488374,1.7763568394002547e-18,472.582637523088,126.46113295340632,5456.540699984359,4425.141513139264,0.0,399.974865227056,0.0,0.0,5327.113885500647,2772.718229935656,1971.752850661304,36.61464465309897,0.0,0.0,3557.2878928757445,67.96948220116677,0.0,0.0,0.0,0.0,0.0,0.0,0.0,0.0,0.0,0.0,0.0,0.0,0.0,0.0,0.0,0.0,0.0,0.0,0.0,0.0
5,0.0661605718305647,0.0,0.0051532034700996,0.031477170782392,6.140052419566444,0.515511135214285,0.0963715184700999,0.0051968935913621,199.28085597872476,56.12113311939091,5213.656168612745,4184.103847546133,0.0,229.85837877461788,0.0,0.0,5264.319004866159,2852.839298537697,2249.3755220041985,86.74464420580263,0.0,0.0,4010.927315100374,138.77678215954737,0.0,0.0,0.0,0.0,0.0,0.0,0.0,0.0,0.0,0.0,0.0,0.0,0.0,0.0,0.0,0.0,0.0,0.0,0.0,0.0
6,0.0684292319999999,0.0,0.0406283779686378,0.0459444024741528,6.872581484795484,0.6775841037743513,0.1004742370764119,0.0168383717940199,369.443371201115,106.37778866429676,5090.453035297402,3856.731294119528,0.0,478.5005021927944,0.0,0.0,5019.744735664679,2406.3988106611964,1976.823899626828,213.61033421897983,0.0,0.0,3225.0468386052617,328.8228363853606,0.0,0.0,0.0,0.0,0.0,0.0,0.0,0.0,0.0,0.0,0.0,0.0,0.0,0.0,0.0,0.0,0.0,0.0,0.0,0.0
7,0.0684292319999999,0.0,0.1131665433488372,0.0650162379779402,7.375938764108176,0.9242314041671752,0.1054987726245844,0.0310469016821262,529.069864511718,153.57636667408258,4974.779405678039,3549.638576323058,0.0,711.8081239466273,0.0,0.0,4790.34905312851,1987.513505841369,1721.0255071328183,332.6243843365584,0.0,0.0,2487.680550939014,507.1407095919995,0.0,0.0,0.0,0.0,0.0,0.0,0.0,0.0,0.0,0.0,0.0,0.0,0.0,0.0,0.0,0.0,0.0,0.0,0.0,0.0
8,0.068631500444352,0.0,0.1875115481860465,0.0811380121594684,7.659388450158635,1.2979303006694345,0.1200204182516608,0.0636686904916943,810.8784821000926,264.7388052658255,4989.821809908322,3426.344890975776,0.0,1019.7113950398648,10.22660597817861,0.0,4607.709727693717,1621.7810863263996,1481.2679697440915,368.8019129286725,0.0,0.0,1747.2402493765765,520.022226148967,0.0,0.0,0.0,0.0,0.0,0.0,0.0,0.0,0.0,0.0,0.0,0.0,0.0,0.0,0.0,0.0,0.0,0.0,0.0,0.0
9,0.0708669554352158,0.0,0.2626449767832559,0.0988461557677077,7.857515093666707,1.742370234451294,0.174003784504983,0.1014886496188704,1806.4435017049775,526.735032703879,4905.750717727703,3390.6294360552715,7.139073851731934,1722.093318502254,256.1525727642928,0.0,4201.998413906024,1221.2461919171003,1205.4959845854564,266.60934947372186,0.0,0.0,1174.3694517433353,247.2291955538333,0.0,0.0,0.0,0.0,0.0,0.0,0.0,0.0,0.0,0.0,0.0,0.0,0.0,0.0,0.0,0.0,0.0,0.0,0.0,0.0
10,0.0665586221262457,0.0,0.3422264701993358,0.1228811945382061,7.823959219621514,2.1559371379741874,0.2338237631362121,0.1446507551339126,1928.210992865425,546.119165923671,4756.615898431247,3285.5666930297666,0.0398920099002644,1731.1684075411897,296.89645831918585,0.0,4235.0012173891055,1358.2092271507831,1202.3589949051131,266.9105752320588,0.0,0.0,1275.1891689024783,343.7518924024482,0.0,0.0,0.0,0.0,0.0,0.0,0.0,0.0,0.0,0.0,0.0,0.0,0.0,0.0,0.0,0.0,0.0,0.0,0.0,0.0
11,0.0598043284385381,0.0,0.4160368802416948,0.1435731688779071,7.437221781097172,2.564002643521592,0.2921653133671092,0.1855698946744185,1852.4253657604647,496.6704919473473,4665.133588827542,3259.692367651835,0.0,1624.832800565501,281.5702240987334,0.0,4199.476999025657,1416.9856171789925,1200.7057203446498,265.08586210190475,0.0,0.0,1336.1429203522916,364.7459006935025,0.0,0.0,0.0,0.0,0.0,0.0,0.0,0.0,0.0,0.0,0.0,0.0,0.0,0.0,0.0,0.0,0.0,0.0,0.0,0.0
12,0.0528474059401993,0.0,0.4601303418520091,0.1541045719864695,6.8217818713746885,3.09660881306602,0.3484029422990032,0.2241089621842342,756.3563908058824,84.28289268014318,2870.468748147732,2049.543351344764,0.0,728.6613225855862,264.44847341237295,0.0,2686.174214599179,1214.724188208132,942.2155005589792,157.9959541098399,0.0,0.0,1454.6681819440537,460.1651640693616,0.0,0.0,0.0,0.0,0.0,0.0,0.0,0.0,0.0,0.0,0.0,0.0,0.0,0.0,0.0,0.0,0.0,0.0,0.0,0.0
13,0.0461606551893687,0.0,0.4662731922458479,0.159689792536092,6.209480827136209,3.6506533366671694,0.4014892196013289,0.2638809690969493,693.286406880977,10.170081302142128,3593.803542793563,2457.520926165725,0.0,767.8567425340643,252.3730539610603,0.0,3390.211275065372,1469.5306056463917,1260.9535661026327,297.1721577281346,0.0,0.0,1717.7865487010276,603.7411361703956,0.0,0.0,0.0,0.0,0.0,0.0,0.0,0.0,0.0,0.0,0.0,0.0,0.0,0.0,0.0,0.0,0.0,0.0,0.0,0.0
14,0.0393997253226352,0.0,0.4720407855773843,0.1690016130355422,5.712123049657867,4.054241116489939,0.4476264849793772,0.2842948108704315,808.2790818240331,11.23085741222632,4530.395446199871,3034.2406499353,0.0,946.6787400971208,242.39972491680243,0.0,4263.0832677223,1746.4625912084582,1638.940007253377,471.7638027476975,0.0,0.0,2047.432042430387,764.7752502354678,0.0,0.0,0.0,0.0,0.0,0.0,0.0,0.0,0.0,0.0,0.0,0.0,0.0,0.0,0.0,0.0,0.0,0.0,0.0,0.0
15,0.0301165781952466,0.0,0.4808157377970871,0.1779440531607466,5.390945922155634,4.402858033421416,0.46961336788551,0.2955052434824939,907.4003259518432,49.54152255271069,4606.972734440556,3137.63596050274,0.0,1065.031771675283,233.07994646294404,0.0,4313.041774628678,1773.4561317434286,1862.4235283927007,638.3235901080144,0.0,0.0,2446.6204693752525,946.7185277018386,0.0,0.0,0.0,0.0,0.0,0.0,0.0,0.0,0.0,0.0,0.0,0.0,0.0,0.0,0.0,0.0,0.0,0.0,0.0,0.0
16,0.027768384,0.0,0.4576924614846965,0.17556382655715,5.552629323665227,4.755598746328694,0.5003953354107585,0.2956024869368769,1012.425632546306,96.86528816766167,4560.344871827464,3186.244615430569,0.0,1176.7140445770654,221.8410130469861,0.0,4250.398811522285,1780.06894758533,2101.813526464817,826.4281887089477,0.0,0.0,2945.104144383654,1171.0251920434396,0.0,0.0,0.0,0.0,0.0,0.0,0.0,0.0,0.0,0.0,0.0,0.0,0.0,0.0,0.0,0.0,0.0,0.0,0.0,0.0
17,0.027768384,0.0,0.3985469833754153,0.174054029860465,6.167328930850108,4.99716202063397,0.5438664357607975,0.2903593009153798,999.7689602555528,100.6782520894701,4475.202980271672,3333.432986922884,0.0,962.4759325921538,190.0664267849893,0.0,4355.4965519518855,2138.603866919906,2585.010857403013,1031.577078218772,0.0,0.0,4319.28263162864,1764.113258639409,0.0,0.0,0.0,0.0,0.0,0.0,0.0,0.0,0.0,0.0,0.0,0.0,0.0,0.0,0.0,0.0,0.0,0.0,0.0,0.0
18,0.0282219703033478,0.0,0.3333470450830561,0.1721451181993355,7.1032192007119885,4.997866590209311,0.5766110266268849,0.2613709535221052,903.3200277576648,74.42635649993312,4343.3640134005445,3345.723621990398,0.0,496.6487933139541,140.44832826026487,0.0,4412.156269070456,2430.706002747632,2971.212149140781,1185.887318213572,0.0,0.0,5441.809874912677,2273.0519360825224,0.0,0.0,0.0,0.0,0.0,0.0,0.0,0.0,0.0,0.0,0.0,0.0,0.0,0.0,0.0,0.0,0.0,0.0,0.0,0.0
19,0.0285764281594684,0.0,0.2724192837487441,0.1678968571110251,7.96917200027289,4.843895315739481,0.5596574801860457,0.2252163870243374,803.5627775366852,47.23575421125527,4349.814573364746,3204.8336008163865,0.0,378.7524784936344,89.16405203948942,0.0,4277.376369562422,2182.624566925131,2727.065153307184,1119.253548211242,0.0,0.0,4569.651079639959,1920.7530005643928,0.0,0.0,0.0,0.0,0.0,0.0,0.0,0.0,0.0,0.0,0.0,0.0,0.0,0.0,0.0,0.0,0.0,0.0,0.0,0.0
20,0.0283392041860464,0.0,0.2064467272019056,0.1562795760594243,8.75273278122184,4.723066818849625,0.5357812384968336,0.1845281272425252,739.8071173481874,37.84008185102478,4726.500317592176,3443.8821507645284,0.0,1018.2480203281906,54.6782558794031,0.0,4295.392368165535,1832.7701173459484,2061.3089443041267,809.8667534626361,0.0,0.0,2440.6282330978447,916.3770434703298,0.0,0.0,0.0,0.0,0.0,0.0,0.0,0.0,0.0,0.0,0.0,0.0,0.0,0.0,0.0,0.0,0.0,0.0,0.0,0.0
21,0.0280797404651161,0.0,0.1296423312251473,0.1423365224904163,9.392652814986455,4.561708708936627,0.5067855851791456,0.1415008053687711,849.8852000557325,118.7731285321399,4813.53583719686,3501.9984701567764,0.0,1145.157238665912,100.3093069275307,0.0,4314.875673598043,1803.6536662976807,1974.1845360366292,761.73208140157,0.0,0.0,2251.7154057755783,817.2633901285462,0.0,0.0,0.0,0.0,0.0,0.0,0.0,0.0,0.0,0.0,0.0,0.0,0.0,0.0,0.0,0.0,0.0,0.0,0.0,0.0
22,0.0278252189102989,0.0,0.0863760945061559,0.1335880421027943,9.642864805301544,4.264490642743801,0.4650663750392797,0.1029729381199925,929.9279618348731,180.8663505641682,4870.007424067499,3548.9432399153966,0.0,1215.330307152123,135.10917347141356,0.0,4340.031035151401,1811.7808686494927,1932.993531586949,733.2660370376186,0.0,0.0,2214.306444398748,792.654605462828,0.0,0.0,0.0,0.0,0.0,0.0,0.0,0.0,0.0,0.0,0.0,0.0,0.0,0.0,0.0,0.0,0.0,0.0,0.0,0.0
23,0.027578110604651,0.0,0.0875282329435216,0.1240574300730894,9.624439763668049,3.917077314988141,0.412742313309376,0.0631135289033832,801.5538414809794,129.80353900553604,4825.046196128543,3589.016774224662,0.0,1076.704872589659,92.30944275586651,0.0,4412.288337029591,1984.052315011984,2025.1021711448311,753.8573664084774,0.0,0.0,2650.166928879865,1011.5435921509984,0.0,0.0,0.0,0.0,0.0,0.0,0.0,0.0,0.0,0.0,0.0,0.0,0.0,0.0,0.0,0.0,0.0,0.0,0.0,0.0
24,0.0269300312503897,0.0,0.0889849111901825,0.1127476527455418,9.40169339519154,3.640539620464037,0.3755644820926166,0.0424029615548171,646.4172827699034,104.16127218364782,4759.43197213285,3615.678998899264,0.0,911.861158620962,39.57178876755103,0.0,4479.933677052378,2165.191663274154,2141.9909005228856,783.8038935487378,0.0,0.0,3138.106608560752,1253.6166570097407,0.0,0.0,0.0,0.0,0.0,0.0,0.0,0.0,0.0,0.0,0.0,0.0,0.0,0.0,0.0,0.0,0.0,0.0,0.0,0.0
25,0.0262807919999999,0.0,0.0829074558928906,0.0997916580406644,8.962480968946444,3.3546740732132942,0.3830767843742196,0.0268244632201993,474.1036674297991,92.8646447948837,4625.066143557815,3612.190601697697,0.0,695.9804506311374,3.540011634838441,0.0,4551.977738019841,2456.9130741058343,2454.813787405451,830.1705051681081,0.0,0.0,4155.600745596572,1678.376016475392,0.0,0.0,0.0,0.0,0.0,0.0,0.0,0.0,0.0,0.0,0.0,0.0,0.0,0.0,0.0,0.0,0.0,0.0,0.0,0.0
26,0.0262807919999999,0.0,0.0778679455813956,0.0878923562774426,8.243429627125366,2.973022928601537,0.3782108271351279,0.0149121625514949,348.5810708953225,83.0514597229743,4477.579419051187,3582.901493524692,0.0,511.7507174412936,0.0,0.0,4602.033496871821,2743.121418640092,2831.584467872412,874.3596205092483,0.0,0.0,5282.341663499742,2113.914579051509,0.0,0.0,0.0,0.0,0.0,0.0,0.0,0.0,0.0,0.0,0.0,0.0,0.0,0.0,0.0,0.0,0.0,0.0,0.0,0.0
27,0.0270601917681198,0.0,0.0729035397209302,0.0705189445714286,7.378453714436235,2.6051534663871485,0.3496977898205984,0.0060421847051325,222.484483163782,73.15636748601881,4464.424911320339,3599.4840640990974,0.0,326.64609543602234,0.0,0.0,4650.487345547976,2890.4581229084174,2940.0532475615787,852.0745550623406,0.0,0.0,5472.090975730322,2180.874214251698,0.0,0.0,0.0,0.0,0.0,0.0,0.0,0.0,0.0,0.0,0.0,0.0,0.0,0.0,0.0,0.0,0.0,0.0,0.0,0.0
28,0.0306620222591362,0.0,0.066510288363317,0.0522032769568106,6.424575039557951,2.322536416245476,0.3158437654500103,0.0006015144567165,173.70473464177104,62.4869265959939,3663.432866432024,2852.425783647526,0.0,240.38393394310427,0.0,0.0,3735.773731746565,2207.556176647572,2219.6460500552566,649.9012496821583,0.0,0.0,3833.875034299897,1534.1270254417057,0.0,0.0,0.0,0.0,0.0,0.0,0.0,0.0,0.0,0.0,0.0,0.0,0.0,0.0,0.0,0.0,0.0,0.0,0.0,0.0
29,0.0313514544318937,0.0,0.0541297079631993,0.0333498478121645,5.455346290836183,2.1405668588004123,0.2792815535987735,-3.375077994860477e-17,377.2695025353477,52.58235287064864,3929.36890581952,2756.322004082029,0.0,484.0610943471812,0.0,0.0,3870.4530832929513,1921.781283172449,2138.45115196812,720.019684112938,0.0,0.0,3400.522010909658,1390.2947517511698,0.0,0.0,0.0,0.0,0.0,0.0,0.0,0.0,0.0,0.0,0.0,0.0,0.0,0.0,0.0,0.0,0.0,0.0,0.0,0.0
30,0.0314815981395349,0.0,0.0510094692757474,0.0204672792912513,4.744313997395341,2.008210303322261,0.2480113187153924,-3.3750779948604764e-17,572.4926211612565,40.79093337828387,4217.8409383472,2750.468484034952,0.0,710.9815928564583,0.0,0.0,4054.0070997453545,1737.0734691888856,2080.379341311404,781.1391789195981,0.0,0.0,3058.128769135183,1276.1364505629508,0.0,0.0,0.0,0.0,0.0,0.0,0.0,0.0,0.0,0.0,0.0,0.0,0.0,0.0,0.0,0.0,0.0,0.0,0.0,0.0
31,0.0316364526777408,0.0,0.0735468450099667,0.0090909301556007,4.15247547416135,1.8857460442875995,0.2062003493421924,-3.375077994860477e-17,807.7496640168861,5.3566301324331,4642.976249667886,3326.9788734443428,0.0,921.628746026075,2.8656716417910446,0.0,4525.32380825523,2144.0495145175687,2002.5831749679903,745.7106473724438,0.0,0.0,2950.783474739585,1210.458542344229,0.0,0.0,0.0,0.0,0.0,0.0,0.0,0.0,0.0,0.0,0.0,0.0,0.0,0.0,0.0,0.0,0.0,0.0,0.0,0.0
32,0.0318357867109634,0.0,0.1028216744584717,0.0003738199534883,4.049730409652268,1.7853338499734237,0.1689369202192696,-3.3750779948604764e-17,752.9392951556553,0.0,5020.257238555007,3934.5132658564808,0.0,830.5210231396751,0.0,0.0,4997.586572998152,2648.198956217729,1982.8954319960048,620.2523935408736,0.0,0.0,3009.8515688363545,1177.5967527884145,0.0,0.0,0.0,0.0,0.0,0.0,0.0,0.0,0.0,0.0,0.0,0.0,0.0,0.0,0.0,0.0,0.0,0.0,0.0,0.0
33,0.03113457570897,0.0,0.1268971163521594,-5.3290705182007346e-18,4.460429130051826,1.715767262642394,0.1528896976983397,-3.375077994860477e-17,670.0962230569442,0.0,5373.874837858277,4285.659641895679,0.0,789.259501225195,0.0,0.0,5323.4075798687945,2861.951018704708,1780.6461586425078,452.5899554840476,0.0,0.0,2693.582533679439,945.308441674694,0.0,0.0,0.0,0.0,0.0,0.0,0.0,0.0,0.0,0.0,0.0,0.0,0.0,0.0,0.0,0.0,0.0,0.0,0.0,0.0
34,0.0277657376628259,0.0,0.1498678925980064,-5.3290705182007346e-18,5.1637540366949874,1.619896065147381,0.1368327191701425,-3.375077994860477e-17,626.43426868334,0.0,5553.645057827106,4445.729973023448,0.0,736.5595651180325,0.0,0.0,5453.706660776078,2910.1486086820623,1669.3976885274303,364.6388916284786,0.0,0.0,2495.7759429476937,795.262347753908,0.0,0.0,0.0,0.0,0.0,0.0,0.0,0.0,0.0,0.0,0.0,0.0,0.0,0.0,0.0,0.0,0.0,0.0,0.0,0.0
35,0.0272725199999999,0.0,0.173312293096345,-5.329070518200733e-18,6.071549770527215,1.5196370209166852,0.1238245621755687,-3.375077994860477e-17,611.5953353663983,0.0,5599.398051788927,4486.953742533261,0.0,683.7002361535289,3.5213075782890297,0.0,5456.935919948585,2882.2864014208053,1660.2664378544248,351.4583377920398,0.0,0.0,2452.129411650182,737.5198182053082,0.0,0.0,0.0,0.0,0.0,0.0,0.0,0.0,0.0,0.0,0.0,0.0,0.0,0.0,0.0,0.0,0.0,0.0,0.0,0.0
36,0.0272725199999999,0.0,0.1882368440108964,-5.3290705182007346e-18,7.120329965693819,1.5040969238463786,0.1432320132103656,-3.375077994860477e-17,651.5788753429823,0.0,5302.797927150065,4195.247062167965,0.0,687.247460890395,82.69135997528466,0.0,5106.130653389391,2253.472345250884,1485.4633063456258,318.80395498605026,0.0,0.0,2011.1106639115285,551.8920691327602,0.0,0.0,0.0,0.0,0.0,0.0,0.0,0.0,0.0,0.0,0.0,0.0,0.0,0.0,0.0,0.0,0.0,0.0,0.0,0.0
37,0.0270180899667773,0.0,0.1874946624518267,-5.329070518200735e-18,8.055382921045398,1.5608235683698806,0.1847319915946846,-3.3750779948604764e-17,655.6234269504182,0.0,4833.459274398251,3514.1716009281777,0.0,602.2526762617252,106.8538611381358,0.0,4559.026868108522,1411.5334387392063,1072.0582109951692,218.62924931130695,0.0,0.0,1409.912072133305,329.7056619317547,0.0,0.0,0.0,0.0,40.859747103234064,0.0,0.0,0.0,0.0,0.0,0.0,0.0,0.0,0.0,0.0,0.0,0.0,0.0,0.0,0.0
38,0.0320285311893687,0.0,0.1871121113382054,-5.329070518200735e-18,8.671373541336875,1.693030303936215,0.225824702543522,-3.375077994860477e-17,610.1546413999492,0.0,4476.741661216557,2839.410513490597,0.0,431.8730864870072,66.95917506881362,0.0,4107.710042395344,778.2695169200551,632.728198982209,93.718445087058,0.0,0.0,930.6873740510227,141.34585160671045,0.0,0.0,0.0,0.0,187.1710534490764,0.0,0.0,0.0,0.0,0.0,14.209603013643882,0.0,0.0,0.0,0.0,0.0,0.0,6.264903038729236,0.0,0.0
39,0.039499027116279,0.0,0.1876818628336309,-5.329070518200733e-18,9.059512659748275,1.8477120895001296,0.2676321077372866,-3.375077994860477e-17,468.8796984521892,0.0,2792.642565219702,567.8859817716695,0.0,48.28769669661863,11.495847909416682,0.0,2252.214489393857,17.48076923076923,18.78846153846154,0.0,0.0,0.0,58.86538461538461,0.0,0.0,0.0,0.0,0.0,850.0371295766337,0.0,0.0,0.0,0.0,0.0,1120.261956602115,0.0,0.0,0.0,0.0,0.0,0.0,493.9243251383065,0.0,0.0
40,0.0474316155747507,0.0,0.1773439135555986,-5.3290705182007346e-18,9.29209220740747,2.044169541645497,0.3151508212249373,-3.375077994860477e-17,429.4317738525747,0.0,2125.4446791691653,0.0,0.0,0.0,0.0,0.0,1570.3449034953287,0.0,0.0,0.0,0.0,0.0,0.0,0.0,0.0,0.0,0.0,0.0,380.51505849156894,183.02771125939904,0.0,0.0,0.0,0.0,496.2470893218686,0.0,0.0,0.0,0.0,0.0,88.77003251652354,215.9282402485128,0.0,0.0
41,0.0551331577674417,0.0,0.1528364870431894,-5.3290705182007346e-18,9.282334586664591,2.2201478836805224,0.3563820526782841,-3.375077994860477e-17,23.06603257614445,0.0,1155.1376870628123,0.0,0.0,0.0,0.0,0.0,372.595888710307,0.0,0.0,0.0,0.0,0.0,0.0,0.0,0.0,0.0,0.0,0.0,3952.330970797874,1064.0495224959366,0.0,0.0,0.0,0.0,5004.469841857086,1444.3769524624995,0.0,0.0,0.0,0.0,1848.16346005878,1484.3931945514305,0.0,0.0
42,0.0626806691162789,0.0,0.1279474527268292,-5.3290705182007346e-18,8.958287277753612,2.320901067370808,0.3657672429368778,-3.375077994860477e-17,0.0,0.0,686.6632702898725,0.0,0.0,0.0,0.0,0.0,0.6337959667367719,0.0,0.0,0.0,0.0,0.0,0.0,0.0,0.0,0.0,0.0,0.0,4522.845046234217,851.2511231997521,0.0,0.0,0.0,0.0,4953.615099445022,1013.228263275599,0.0,0.0,0.0,0.0,1187.6397378266056,1467.74550312066,0.0,0.0
43,0.0708383514832318,0.0,0.097301366431894,-5.3290705182007346e-18,8.396957510267159,2.356552817193257,0.3635407971029906,-3.375077994860477e-17,0.0,0.0,399.6386467123655,0.0,0.0,0.0,0.0,0.0,0.0,0.0,0.0,0.0,0.0,0.0,0.0,0.0,0.0,0.0,0.0,0.0,5461.496225694026,1191.9856329155173,0.0,0.0,0.0,0.0,5260.197117464211,1007.739054353032,0.0,0.0,0.0,0.0,680.520467638607,1001.1220571379862,0.0,0.0
44,0.0744737518457314,7.449061967355195e-06,0.0664363035149502,0.0015256968169868,7.585609003264476,2.336228211083637,0.3571981357145749,-3.375077994860477e-17,0.0,0.0,172.06292638806192,0.0,0.0,0.0,0.0,0.0,0.0,0.0,0.0,0.0,0.0,0.0,0.0,0.0,0.0,0.0,40.83380579480704,0.0,6466.773543676921,1954.3427434683483,0.0,0.0,0.0,0.0,5926.228836730601,1628.4125897898814,0.0,0.0,0.0,0.0,596.2006306118843,639.6197201885931,0.0,0.0
45,0.0807780577275745,0.0066357825615295,0.036818313847176,0.0120704170365448,6.639122440406531,2.2968991518717217,0.3408394277456099,-3.375077994860477e-17,0.0,0.0,38.44167820586146,0.0,0.0,0.0,0.0,0.0,0.0,0.0,0.0,0.0,0.0,0.0,0.0,0.0,0.0,0.0,50.3340067314024,0.0,4306.921587424359,1389.3400582384163,0.0,9.225852722279509,0.0,0.0,3884.260619176972,1129.1855277862746,0.0,0.0,0.0,0.0,399.03311856170063,385.6711347642635,0.0,0.0
46,0.0885496139401991,0.020284297116279,0.0141315023438851,0.0251446688259261,5.469461434658054,2.1789123133336687,0.2911817193488374,1.5246116216351885e-05,0.0,0.0,0.0,0.0,0.0,0.0,0.0,0.0,0.0,0.0,0.0,0.0,0.0,0.0,0.0,0.0,0.0,0.0,95.45537911731668,0.0,1416.9059130790697,439.3938163228253,0.0,160.8012654555413,0.0,0.0,1244.3273990328823,332.73662409828574,0.0,0.0,0.0,0.0,134.1955896631209,145.08389947046837,0.0,0.0
47,0.0958284266871964,0.034338582,0.0068832018538205,0.0442372655159724,4.317191112109632,2.0154767536138527,0.2288138323225153,0.0026477654950165,0.0,0.0,0.0,0.0,0.0,0.0,0.0,0.0,0.0,0.0,0.0,0.0,0.0,0.0,0.0,0.0,0.0,0.0,618.6010598355667,0.0,1715.5533585688422,419.0944780204624,0.0,386.1547757486188,0.0,0.0,1292.6671011609922,155.71552420018344,0.0,0.0,0.0,0.0,181.14078901725077,291.5670517656608,0.0,0.0
48,0.0940345946312291,0.0478574655548172,0.0010811072422537,0.0735871051726897,3.4200344234592106,1.804129351300562,0.1923336734547432,0.0070985979269102,0.0,0.0,0.0,0.0,0.0,0.0,0.0,0.0,0.0,0.0,0.0,0.0,0.0,0.0,0.0,0.0,0.0,0.0,1337.6019057916883,76.99256620785714,3258.153439834244,759.3736805275613,0.0,622.8546043596062,0.1790189992889287,0.0,2385.8628493891074,215.78726766710085,0.4212211747974794,0.8687686730198013,0.0,0.0,350.10635394194946,591.1647413169942,0.0,0.0
49,0.0926310537757473,0.0643085122400331,6.774886046510207e-05,0.1642053395755814,2.795377460387035,1.563703400215115,0.2775892695921928,0.0114334953787375,0.0,0.0,0.0,0.0,0.0,0.0,0.0,0.0,0.0,0.0,0.0,0.0,0.0,0.0,0.0,0.0,0.0,0.0,2009.6983200972245,955.4560464691835,4701.370592465618,1075.913156512244,0.0,843.6287733353744,14.519248665757289,0.0,3410.0540375148544,271.94081676956864,33.29461446383475,68.64611788978503,0.0,0.0,510.7987722578296,874.3888444220419,0.0,0.0
50,0.1003008251889778,0.0947028368630057,0.0044446547242524,0.3076290059097128,2.417239691010351,1.3320667807809254,0.43724910235685,0.0192529671838968,0.0,0.0,0.0,0.0,0.0,0.0,0.0,0.0,0.0,0.0,0.0,0.0,0.0,0.0,0.0,0.0,0.0,0.0,1969.7014900411623,2079.961440886913,4833.965650433116,703.4569658730503,0.0,719.5910988071939,143.61039634580354,0.0,3917.603625566499,266.0869780423058,260.59482449414696,446.1514391031026,57.55172100495931,0.0,1374.7336912250862,1819.554218870784,75.41969887923055,0.0
51,0.1062270153371114,0.1211545535165137,0.0115440763455149,0.5004392183545047,2.2517325398600683,1.1592105317154584,0.7500448360711359,0.0338987857439906,0.0,0.0,0.0,0.0,0.0,0.0,0.0,0.0,0.0,0.0,0.0,0.0,0.0,0.0,0.0,0.0,0.0,0.0,1323.4071561853425,978.1220590472612,2932.921370657258,122.20906837979426,0.0,409.1163576557329,58.3877940952739,0.0,3759.8450359478593,182.24564785008357,668.5071745442715,1025.4622150841906,1038.4622150841906,0.0,4287.108092397609,5418.188633934801,1278.247177605645,0.0
52,0.1281445313468578,0.1403281800687074,0.0183650892757475,0.7106903920554184,2.263778501043606,1.1386894783137065,1.2471511671500672,0.0622983522589948,0.0,0.0,0.0,0.0,0.0,0.0,0.0,0.0,0.0,0.0,0.0,0.0,0.0,0.0,0.0,0.0,0.0,0.0,1004.331928716854,255.36005991926447,3594.976456269293,97.21032308441708,0.0,322.1834759357001,74.00312347478312,0.0,3870.103536240799,484.28706499168896,856.8164712491096,981.4917737378304,656.5270425219647,0.0,4114.67530248872,4891.9082824364805,928.5082262621696,0.0
53,0.1652519835606799,0.1621509842861053,0.02518610220598,0.920894016565176,2.423920934314631,1.2374896622872775,1.809403181454757,0.1225618595434826,0.0,0.0,0.0,0.0,0.0,0.0,0.0,0.0,0.0,0.0,0.0,0.0,0.0,0.0,0.0,0.0,0.0,0.0,974.5012038423578,244.36201416971983,3597.6046657315005,94.87240283394398,0.0,314.055020160827,75.46490925298731,0.0,3868.850082497284,483.1549132233536,856.6951692739307,979.8339800770532,659.5191579097086,0.0,4113.138810803122,4883.255408207059,930.1660199229468,0.0
54,0.2229253077487619,0.1878358195569485,0.0324247281727575,1.1325811174041256,2.810165384316422,1.5028099862771889,2.4193309464469346,0.2119695978331348,0.0,0.0,0.0,0.0,0.0,0.0,0.0,0.0,0.0,0.0,0.0,0.0,0.0,0.0,0.0,0.0,0.0,0.0,299.44874787931644,2.050406637850164,4252.421585927936,316.7642259665849,0.0,132.72307289149927,116.05288759097444,0.0,4137.758109151075,794.5593998196438,950.4497511563072,908.9453916176884,569.5863274353817,0.0,3731.936769726344,3943.252033737715,769.7377965093912,0.0
55,0.2837754150533516,0.2017388654117646,0.0395346640101622,1.2784086980895062,3.336577732793424,1.910752892571428,2.943740356404141,0.3274228495673246,0.0,0.0,0.0,0.0,0.0,0.0,0.0,0.0,0.0,0.0,0.0,0.0,0.0,0.0,0.0,0.0,0.0,0.0,261.948673864728,0.0,4237.243839014056,282.2710266407315,0.0,140.27307835210092,185.68777103901408,0.0,4088.024824360785,781.6052768642318,992.8029003371548,999.0562442653008,628.5290931811647,0.0,3802.719319798631,4007.039886963141,846.9212313194159,0.0
56,0.3293307114219268,0.1960347254950165,0.041900508,1.3651872752038643,3.912542874905154,2.3246570081715494,3.4123773745152493,0.4533357994630018,0.0,0.0,0.0,0.0,0.0,0.0,0.0,0.0,0.0,0.0,0.0,0.0,0.0,0.0,0.0,0.0,0.0,0.0,189.26932338867945,0.0,3994.285675178493,217.9007514668879,0.0,153.55420858804908,309.1465680733228,0.0,3951.614641770354,634.1441631678764,997.9630969110208,1170.5515350052012,838.2571482126335,0.0,3848.4665749356673,4276.406827173472,945.3263406753864,0.0
57,0.3716787325634548,0.1883307122192691,0.041900508,1.3978663811593324,4.4857734474689615,2.734506902167177,3.761030272107106,0.5800237348903657,0.0,0.0,0.0,0.0,0.0,0.0,0.0,0.0,0.0,0.0,0.0,0.0,0.0,0.0,0.0,0.0,0.0,0.0,207.26504324295777,0.0,3917.711944813988,206.0792486614677,0.0,201.88372208823623,371.8638235375481,0.0,3874.618290551432,576.545225922135,968.7343084270328,1216.5237279227033,898.0740157480316,0.0,3692.302895354305,4188.1272245792015,938.2938971976952,0.0
58,0.4001833284739754,0.1798011741594687,0.041900508,1.3959877765692128,5.083961816157249,3.152411205576966,3.959961316223696,0.7237541893488382,0.0,0.0,0.0,0.0,0.0,0.0,0.0,0.0,0.0,0.0,0.0,0.0,0.0,0.0,0.0,0.0,0.0,0.0,137.31514851369786,0.0,3605.396354418275,362.19434349547896,0.0,150.89365235635572,239.94809845499623,0.0,3655.175824562885,810.6012284048394,875.9243369469073,956.6092817155104,562.5624294898379,0.0,3308.697081992691,3508.725912252331,613.4507436799323,0.0
59,0.4091634285895992,0.1649912571054312,0.0418144571553326,1.3238569944522376,5.567882669859643,3.5250018123661246,3.973674412960605,0.8427303152699174,0.0,0.0,0.0,0.0,0.0,0.0,0.0,0.0,0.0,0.0,0.0,0.0,0.0,0.0,0.0,0.0,0.0,0.0,70.58861441332716,0.0,4219.141312053058,714.8840234956148,0.0,118.8352084612822,108.17890714071018,0.0,4426.982264124084,1420.2457006874529,998.4469333314996,845.0357656155314,214.1284523341968,0.0,3718.003559427652,3521.480695579285,296.2584056082178,0.0
60,0.3986619811930308,0.1359582165033562,0.0374558532757475,1.2014303615258,5.848303713432227,3.802841296978503,3.881065044899859,0.9358367072267956,0.0,0.0,0.0,0.0,0.0,0.0,0.0,0.0,0.0,0.0,0.0,0.0,0.0,0.0,0.0,0.0,0.0,0.0,51.98348261560593,0.0,4865.817767827887,915.486191186058,0.0,208.91850521874647,71.70330838601315,0.0,5062.315269634679,1729.2544868568111,1134.7002474203234,930.9317669554288,194.36310461845835,0.0,4011.170328537829,3784.319561716165,231.20702957816587,0.0
61,0.3808591451001806,0.1139036072315358,0.0304260338272425,1.0276472989826209,5.988128445943004,3.9807030036562696,3.612808490853569,1.0098446187063632,0.0,0.0,0.0,0.0,0.0,0.0,0.0,0.0,0.0,0.0,0.0,0.0,0.0,0.0,0.0,0.0,0.0,0.0,33.31091695454541,0.0,4842.12001539331,948.6745943061802,0.0,317.11690199848795,100.96313447325647,0.0,5002.418131630693,1700.5511510035908,1207.1546441597052,1030.326203699679,335.20850369533184,0.0,3893.1673336248346,3817.933529627858,271.3076923076923,0.0
62,0.3467564473906845,0.0988125301106945,0.0235354187242525,0.8404858697651792,6.019432913734921,4.009114961555945,3.130023396250233,1.0475115082720017,0.0,0.0,0.0,0.0,0.0,0.0,0.0,0.0,0.0,0.0,0.0,0.0,0.0,0.0,0.0,0.0,0.0,0.0,74.30921002599503,0.0,5051.583120052358,997.7985076518628,0.0,256.6936358829732,0.0,0.0,5205.754860950167,1849.2153875995048,1161.4336211079774,877.751177836035,82.80135356083082,0.0,3805.492000266204,3596.027790502734,110.81338337702626,0.0
63,0.300884838817276,0.082248907244547,0.0170624166578073,0.6644921223796052,5.929798203258696,3.911901322001444,2.6534465149634543,1.0450342036943523,0.0,0.0,0.0,0.0,0.0,0.0,0.0,0.0,0.0,0.0,0.0,0.0,0.0,0.0,0.0,0.0,0.0,0.0,35.84528635884922,0.0,5010.916961137536,1012.3797286461248,0.0,164.77425163215773,0.0,0.0,5235.341412755899,1904.4627675085885,1141.545073008184,840.6277451892137,0.0,0.0,4037.492696140919,3735.657673821544,82.95032002599783,0.0
64,0.241836539765227,0.061822379601329,0.0101021993820597,0.4814869489590254,5.674763027262452,3.6740525982990015,2.119998943302323,1.0182622610564782,0.0,0.0,0.0,0.0,0.0,0.0,0.0,0.0,0.0,0.0,0.0,0.0,0.0,0.0,0.0,0.0,0.0,0.0,37.79546277412469,0.0,4974.3880129543895,1025.51083142302,0.0,82.12844168342527,0.0,0.0,5261.983606016832,1954.12281846863,1123.6839970543044,807.2705798699465,0.0,0.0,4246.100801270666,3861.248562671983,57.93888206897255,0.0
65,0.1713016094219267,0.0432524649966776,0.0026836877209302,0.338606638593576,5.26653902332669,3.2980478565559226,1.6265908642812863,0.9877777449302322,0.0,0.0,0.0,0.0,0.0,0.0,0.0,0.0,0.0,0.0,0.0,0.0,0.0,0.0,0.0,0.0,0.0,0.0,147.9531257000629,0.0,4977.192681198223,1021.8597273167552,0.0,90.12108687828528,0.0,0.0,5255.191131268311,1946.1367174811817,1112.3086629445324,806.6079387737423,0.0,0.0,4214.882284420584,3838.003371298869,55.24955559974209,0.0
66,0.1137950221395347,0.0385903997903585,-1.0658141036401469e-17,0.2553133436208551,4.798654804155129,2.8847217845841704,1.2005588760911252,0.9733693994185368,0.0,0.0,0.0,0.0,0.0,0.0,0.0,0.0,0.0,0.0,0.0,0.0,0.0,0.0,0.0,0.0,0.0,0.0,272.54362190995374,0.0,5018.5671966659775,981.0689961876016,0.0,199.84313231577767,0.0,0.0,5178.14697685659,1848.841211655489,1006.8248068113764,812.6669448142102,0.0,0.0,3828.99885531444,3561.832578641605,37.999361092575626,0.0
67,0.0631384887333886,0.0337080439734217,-1.0658141036401469e-17,0.2219741819875412,4.362252856071425,2.4812007687707607,0.9535892526254148,0.974937299516612,0.0,0.0,0.0,0.0,0.0,0.0,0.0,0.0,0.0,0.0,0.0,0.0,0.0,0.0,0.0,0.0,0.0,0.0,388.3126604750672,0.0,5066.604416975061,933.8123325801844,0.0,326.99326665624136,0.0,0.0,5088.8081372791285,1736.030175361533,884.5584618778921,819.6575336200757,0.0,0.0,3381.6917492271946,3241.608384690438,62.5349635443905,0.0
68,0.0294034008151494,0.0357400485185381,-1.0658141036401469e-17,0.197766411079335,3.9296362557312943,2.1717855755210618,0.8972138340430562,0.9880039954644534,0.0,0.0,0.0,0.0,0.0,0.0,0.0,0.0,0.0,0.0,0.0,0.0,0.0,0.0,0.0,0.0,0.0,0.0,471.7805814731024,0.0,4673.0926985810975,794.4743613125211,0.0,411.8031486045527,0.0,0.0,5049.894597542976,1775.8976877165958,1172.8987115381483,929.2537086849017,168.2909995598849,0.0,4353.360525784783,4194.307843598359,329.92752589969183,0.0
69,0.0100062389900332,0.0580204081928265,-1.0658141036401469e-17,0.1771148780730889,3.538456859608652,2.074011561839039,0.8874541113073429,1.0541112986450625,0.0,0.0,0.0,0.0,0.0,0.0,0.0,0.0,0.0,0.0,0.0,0.0,0.0,0.0,0.0,0.0,0.0,0.0,445.5677214024664,0.0,4383.247947325469,763.1322935963856,0.0,359.9555320671555,0.0,0.0,5164.929372020826,2003.8475756482665,1508.219441520568,1030.2143935523527,290.373614666873,0.0,5389.590971774072,5200.688437154648,416.4674322676791,0.0
70,0.0004984863738558,0.0826866247818834,-1.0658141036401469e-17,0.1573529880870562,3.3038201773872133,2.190775363334733,0.9088826375493936,1.1333752716726562,0.0,0.0,0.0,0.0,0.0,0.0,0.0,0.0,0.0,0.0,0.0,0.0,0.0,0.0,0.0,0.0,0.0,0.0,402.4985469446554,0.0,4619.951767036647,906.32891270684,0.0,285.3902053249673,0.0,0.0,5361.329251480858,2161.1854157172097,1461.905653959749,1005.1924876053076,235.8396009642869,0.0,5140.983077347584,4944.742590600865,415.6195692191856,0.0
71,-3.375077994860477e-17,0.1049609002126245,-1.0658141036401466e-17,0.1404240150866343,3.168436016688731,2.4722358325645266,0.9868019117671862,1.1989048865175054,0.0,0.0,0.0,0.0,0.0,0.0,0.0,0.0,0.0,0.0,0.0,0.0,0.0,0.0,0.0,0.0,0.0,0.0,357.8357980666679,0.0,5417.044736824779,1323.1955198623882,0.0,208.085836389337,0.0,0.0,5618.475805863024,2076.6941893151748,976.2067853357804,714.4865869175975,125.98801789951882,0.0,3210.371849101301,3100.593247807972,264.32969748303026,0.0
72,-3.375077994860477e-17,0.1274436375548171,-1.0658141036401469e-17,0.1144309141794018,3.1010625536822354,2.9249334600891124,1.1169070756685562,1.2490528289607168,0.0,0.0,0.0,0.0,0.0,0.0,0.0,0.0,0.0,0.0,0.0,0.0,0.0,0.0,0.0,0.0,0.0,0.0,315.6717556847493,0.0,6011.942858812051,1651.9913345786022,0.0,135.0764987217139,0.0,0.0,5730.868405566761,1917.8412317734087,717.5030380708209,489.4285871687149,90.17127612238656,0.0,2356.2997100015127,2232.2897803943056,202.2382607295827,0.0
73,-3.375077994860477e-17,0.1499263748970098,-1.0658141036401466e-17,0.0883163341955019,3.010022041742651,3.526223118658571,1.1846712897094294,1.281449435984664,0.0,0.0,0.0,0.0,0.0,0.0,0.0,0.0,0.0,0.0,0.0,0.0,0.0,0.0,0.0,0.0,0.0,0.0,295.54211733824474,0.0,6201.348916478504,1846.8272436665552,0.0,97.6295588202452,0.0,0.0,5977.140177674285,2207.493609024192,930.0523753667026,444.1435814858996,53.02942831447853,0.0,3011.668309712266,2538.038760120245,137.89185274682,0.0
74,-3.375077994860477e-17,0.1644181238511625,-1.0658141036401469e-17,0.0652341216079732,2.8874831573289037,4.156340998811956,1.2049523571694336,1.307327516071761,0.0,0.0,0.0,0.0,0.0,0.0,0.0,0.0,0.0,0.0,0.0,0.0,0.0,0.0,0.0,0.0,0.0,0.0,310.73597512188786,0.0,5172.355555555556,1439.9555555555555,0.0,117.70996823758156,0.0,0.0,6157.488888888889,3003.2444444444445,1954.0666666666664,778.8666666666667,15.577777777777778,0.0,6698.8,5412.755555555556,79.00405146924292,0.0
75,-3.375077994860477e-17,0.161991445690967,-1.0658141036401469e-17,0.0426070512573182,2.8002606928527567,4.706476464533312,1.1986085343802384,1.2876026635253544,0.0,0.0,0.0,0.0,0.0,0.0,0.0,0.0,0.0,0.0,0.0,0.0,0.0,0.0,0.0,0.0,0.0,0.0,329.7344245094633,0.0,5102.12145420212,1489.480301249677,0.0,142.7937514217963,0.0,0.0,6094.25216889692,2890.447688458956,1473.782610888839,725.6430875704813,4.245283018867925,0.0,6101.667752550274,5172.332811652671,91.5986530910926,0.0
76,-3.375077994860477e-17,0.1652241233105333,-1.0658141036401469e-17,0.0218917124182134,2.6940795511659195,5.180921705649403,1.158622866172362,1.229562863915576,0.0,0.0,0.0,0.0,0.0,0.0,0.0,0.0,0.0,0.0,0.0,0.0,0.0,0.0,0.0,0.0,0.0,0.0,346.2383726600063,0.0,7333.317399168191,2969.6264165659877,0.0,164.59689839335667,0.0,0.0,7031.17390966703,3414.5240573941137,102.5860164812916,566.56619834094,0.0,0.0,1760.0736736270378,1263.6966209172692,0.4723572806850291,0.0
77,-3.375077994860477e-17,0.1722888528637873,-1.0658141036401469e-17,0.0092830525091359,2.568572705710962,5.540164025511628,1.0677065108596322,1.1522417817333916,0.0,0.0,0.0,0.0,0.0,0.0,0.0,0.0,0.0,0.0,0.0,0.0,0.0,0.0,0.0,0.0,0.0,0.0,363.1813955795071,0.0,3439.141729344792,1403.3619741135544,0.0,186.95492395266228,0.0,0.0,3274.093761134223,1592.0484393372417,24.497281323054946,405.6545017936589,0.0,0.0,735.0352941480202,510.8336811587579,0.0,0.0
78,-3.375077994860477e-17,0.1725240764366398,-1.0658141036401469e-17,0.0124122501926907,2.4530904115305416,5.725215872472165,0.9229391161497053,1.0523130898238526,0.0,0.0,0.0,0.0,0.0,0.0,0.0,0.0,0.0,0.0,0.0,0.0,0.0,0.0,0.0,0.0,0.0,0.0,379.5048079282199,0.0,2815.2446207747407,1036.9468069379527,0.0,208.50941060428863,0.0,0.0,2445.000356762405,887.4107569976536,56.477644336489,250.43372592472235,0.0,0.0,470.36861071709313,405.9171537214944,0.0,0.0
79,-3.375077994860477e-17,0.1543677348438539,-1.0658141036401469e-17,0.016949158684385,2.3700631918299986,5.656067136636366,0.7731563986858911,0.9105639715321252,0.0,0.0,0.0,0.0,0.0,0.0,0.0,0.0,0.0,0.0,0.0,0.0,0.0,0.0,0.0,0.0,0.0,0.0,411.4551778171709,0.0,6575.767480857554,2340.6979336412783,0.0,233.08959827398604,0.0,0.0,5531.301144140852,1760.3712273832734,155.38860706208072,128.06742401803498,0.0,0.0,992.049537863997,930.556069706284,0.0,0.0
80,-3.375077994860477e-17,0.1357345330564786,-1.0658141036401469e-17,0.0213526286910296,2.3306565813280344,5.348939797393612,0.6303451388484765,0.760528025690596,0.0,0.0,0.0,0.0,0.0,0.0,0.0,0.0,0.0,0.0,0.0,0.0,0.0,0.0,0.0,0.0,0.0,0.0,608.6108043200051,0.0,7416.687456517552,2606.775547449703,0.0,315.50491096453004,0.0,0.0,6084.285870616509,1766.6162266229385,154.6687232761726,85.47274392336553,0.0,0.0,970.7186208683692,959.789840428788,0.0,0.0
81,-3.375077994860477e-17,0.1171673781080754,-1.0658141036401469e-17,0.0267952983885006,2.2987568347871687,4.883347696227537,0.4736629829363338,0.6361868888250047,0.0,0.0,0.0,0.0,0.0,0.0,0.0,0.0,0.0,0.0,0.0,0.0,0.0,0.0,0.0,0.0,0.0,0.0,838.4678784343995,0.0,7430.343249852533,2580.668840895873,0.0,408.6248921406941,0.0,0.0,5929.62523963872,1541.2908129747248,127.3403553458106,66.6502281507301,0.0,0.0,805.7181649692081,855.1395476397315,0.0,0.0
82,-3.375077994860477e-17,0.0916483520930235,-1.0658141036401469e-17,0.0323851908438535,2.244525614088884,4.251821753099223,0.311544003224722,0.523763755478468,0.0,0.0,0.0,0.0,0.0,0.0,0.0,0.0,0.0,0.0,0.0,0.0,0.0,0.0,0.0,0.0,0.0,0.0,1225.2300000194864,0.0,7471.631380139986,2611.334431441409,0.0,541.2620325165187,0.0,0.0,5729.381164806647,1282.951801027997,96.5421517938886,46.08721842471152,0.0,0.0,629.1763578608656,696.6459358833546,0.0,0.0
83,-3.375077994860477e-17,0.0639269186710966,-1.0658141036401469e-17,0.0369253941129564,2.310007248078979,3.5208839793886963,0.1778479194223028,0.4310050944815394,0.0,0.0,0.0,0.0,0.0,0.0,0.0,0.0,0.0,0.0,0.0,0.0,0.0,0.0,0.0,0.0,0.0,0.0,1480.1917553270227,0.0,7344.088572350819,2614.225266248424,0.0,525.0642563941343,0.0,0.0,5547.425551507438,1218.8467723685685,62.33114793948157,27.56335424560216,0.0,0.0,723.0820656596766,612.1105929566236,0.0,0.0
84,-3.375077994860477e-17,0.0448942745445848,-1.0658141036401469e-17,0.0463816523840528,2.504049726113219,2.8610530588297576,0.0998545388675079,0.3465671417485718,0.0,0.0,0.0,0.0,0.0,0.0,0.0,0.0,0.0,0.0,0.0,0.0,0.0,0.0,0.0,0.0,0.0,0.0,1444.798541286557,0.0,7861.484530589612,2766.1597864288224,0.0,561.5120822605385,0.0,0.0,6002.316366054932,1366.0019083571667,118.50895641035746,32.864978046548075,0.0,0.0,1118.7184985956155,339.35052419606103,0.0,0.0
85,-3.375077994860477e-17,0.043067322530731,-1.0658141036401469e-17,0.0811967518629564,2.7257695217690987,2.416069094147832,0.0556412227400324,0.2898310665348843,0.0,0.0,0.0,0.0,0.0,0.0,0.0,0.0,0.0,0.0,0.0,0.0,0.0,0.0,0.0,0.0,0.0,0.0,1540.7123483043613,0.0,8594.464709239217,3127.349462455704,0.0,660.4377239767903,0.0,0.0,6535.68775859592,1493.7328198827538,246.0743590173355,56.39586608183284,0.0,0.0,1528.474705473015,283.5157001394742,0.0,0.0
86,-3.375077994860477e-17,0.0365374340730897,-1.0658141036401469e-17,0.1238012126769588,2.993460340247016,2.2211285315247125,0.0189716674871988,0.2318547944662889,0.0,0.0,0.0,0.0,0.0,0.0,0.0,0.0,0.0,0.0,0.0,0.0,0.0,0.0,0.0,0.0,0.0,0.0,845.2352864945665,0.0,8637.69146304556,3485.451588458033,0.0,344.8607454026286,0.0,0.0,7329.624098382922,2619.6451718050403,388.18289223459067,82.63160604635041,0.0,0.0,1985.0655912196107,881.6046219176118,0.0,0.0
87,-3.375077994860477e-17,0.0292065543388704,-1.0658141036401469e-17,0.1746235724797611,3.4056357250707148,2.2673550845695214,0.0061662599707091,0.1784556675674282,0.0,0.0,0.0,0.0,0.0,0.0,0.0,0.0,0.0,0.0,0.0,0.0,0.0,0.0,0.0,0.0,0.0,0.0,0.0,0.0,6873.282863488781,3069.986758132256,0.0,0.0,0.0,0.0,6687.275469620338,3358.85331788149,390.8342045812573,107.96713889724404,0.0,0.0,1862.9838598241288,1025.80790507282,0.0,0.0
88,-3.375077994860477e-17,0.0222422185913621,-1.0658141036401469e-17,0.2212278291029899,3.8931850703356905,2.5640747466213973,0.0090738169833879,0.1403390202978478,0.0,0.0,0.0,0.0,0.0,0.0,0.0,0.0,0.0,0.0,0.0,0.0,0.0,0.0,0.0,0.0,0.0,0.0,0.0,0.0,2864.248614972424,1278.3457891931723,0.0,0.0,0.0,0.0,2785.444635767313,1397.271556926827,163.25857301883983,133.54372778035403,0.0,0.0,776.0844541015339,428.1870411934758,0.0,0.0
89,-3.375077994860477e-17,0.014984647654485,-1.0658141036401469e-17,0.2697475449169436,4.400434288880332,3.073990520217128,0.0132326497674411,0.1080493810395535,0.0,0.0,0.0,0.0,0.0,0.0,0.0,0.0,0.0,0.0,0.0,0.0,0.0,0.0,0.0,0.0,0.0,0.0,0.0,0.0,3630.643766330457,1438.066156381794,0.0,0.0,0.0,0.0,3291.349520511771,1320.992545679357,264.92902868687224,156.33685931690587,0.0,0.0,905.8788020849116,638.7267947390011,0.0,0.0
90,-3.375077994860477e-17,0.0072872239335548,-1.0658141036401466e-17,0.3170250662867366,4.831782468497567,3.771793998798098,0.0176435330232551,0.0902240578359312,0.0,0.0,0.0,0.0,0.0,0.0,0.0,0.0,0.0,0.0,0.0,0.0,0.0,0.0,0.0,0.0,0.0,0.0,0.0,0.0,7013.746304605334,2675.9000666294382,0.0,0.0,0.0,0.0,6245.326376145641,2328.8837115249344,564.2062213728834,182.99815681667684,0.0,0.0,1771.8916057459085,1324.5545847897458,0.0,0.0
91,-3.375077994860477e-17,0.0008154089560289,-1.0658141036401469e-17,0.3346935673120969,5.16476681443267,4.552201410997839,0.0219703994551487,0.0831505720265777,0.0,0.0,0.0,0.0,0.0,0.0,0.0,0.0,0.0,0.0,0.0,0.0,0.0,0.0,0.0,0.0,0.0,0.0,0.0,0.0,6907.960485817923,2606.0112132493487,0.0,0.0,0.0,0.0,6583.262518309118,2835.7398468629085,901.6787138013316,229.39123619914653,0.0,0.0,2935.877419813273,2067.4668170589152,0.0,0.0
92,-3.375077994860477e-17,0.0011546177606617,-1.0658141036401469e-17,0.3407826432655767,5.3967032156175945,5.306313317203865,0.0251193157230991,0.0906364351763506,0.0,0.0,0.0,0.0,0.0,0.0,0.0,0.0,0.0,0.0,0.0,0.0,0.0,0.0,0.0,0.0,0.0,0.0,0.0,0.0,6622.968802752202,2545.176433412814,0.0,0.0,0.0,0.0,6849.472296279803,3400.330413285268,1253.7651669942732,279.10521453772947,0.0,0.0,4061.649264414622,2752.8579343033152,0.0,0.0
93,-3.375077994860477e-17,0.0052362249966777,-1.0658141036401469e-17,0.3374947579933547,5.406459126819761,5.9579487508479945,0.0252890639999992,0.0965739928380395,0.0,0.0,0.0,0.0,0.0,0.0,0.0,0.0,0.0,0.0,0.0,0.0,0.0,0.0,0.0,0.0,0.0,0.0,0.0,0.0,6508.6451420555095,2501.20750003847,0.0,0.0,0.0,0.0,6910.999880744156,3534.503295564709,1378.5427102621577,307.269318164332,0.0,0.0,4435.677130832637,2980.893255761468,0.0,0.0
94,0.0040506704100058,0.0205146246683604,-1.0658141036401469e-17,0.3289895808286101,5.224286467642753,6.427179125940185,0.0252890639999992,0.0970534667336326,0.0,0.0,0.0,0.0,0.0,0.0,0.0,0.0,0.0,0.0,0.0,0.0,0.0,0.0,0.0,0.0,0.0,0.0,0.0,0.0,6453.308724201287,2264.5949839647888,0.0,0.0,0.0,0.0,6519.249323678052,2846.963299931116,1162.8231806924066,418.9577176738015,0.0,0.0,3493.207920773758,2484.992547612741,0.0,0.0
95,0.0132828951229235,0.0552649488637874,-1.0658141036401469e-17,0.2941988109002648,4.9469072808377454,6.718473977186773,0.0252890639999992,0.097011913512509,0.0,0.0,0.0,0.0,0.0,0.0,0.0,0.0,0.0,0.0,0.0,0.0,0.0,0.0,0.0,0.0,0.0,0.0,0.0,0.0,6525.40820277076,2165.9288908806225,0.0,0.0,0.0,0.0,6234.014060667389,2414.4355183230964,1055.9718786652245,526.0586600168682,0.0,0.0,2883.0875871340827,2190.348736971453,0.0,0.0
96,0.0223641253554817,0.0898139847707642,-1.0658141036401469e-17,0.249047836885755,4.661678719963651,6.767882055764573,0.0251704015830218,0.0981757432018439,0.0,0.0,0.0,0.0,0.0,0.0,0.0,0.0,0.0,0.0,0.0,0.0,0.0,0.0,0.0,0.0,0.0,0.0,0.0,0.0,6003.542921407091,2006.2361184328383,0.0,1.0894667866260022,0.0,0.0,5658.588306398597,2223.671385142517,994.247378147506,502.43778775350273,0.0,0.0,2671.80417068221,2047.1551731351567,0.0,0.0
97,0.0316306868172757,0.1250681030431895,-1.0658141036401469e-17,0.1937910547586473,4.275756698019146,6.579511059815497,0.0274603223122916,0.0957379945514948,0.0,0.0,0.0,0.0,0.0,0.0,0.0,0.0,0.0,0.0,0.0,0.0,0.0,0.0,0.0,0.0,0.0,0.0,0.0,0.0,4788.149080095257,1362.669754108928,0.0,4.351175119858152,0.0,0.0,5062.608613997552,2197.952736304459,1249.111376703773,566.3332425878455,0.0,0.0,4072.2492719824986,3325.8871529467715,0.0,0.0
98,0.0410825795083056,0.1600377075958569,-1.0658141036401469e-17,0.1391779872956808,3.831962714150472,6.119507530187198,0.0305689447973415,0.0872622281203829,0.0,0.0,0.0,0.0,0.0,0.0,0.0,0.0,0.0,0.0,0.0,0.0,0.0,0.0,0.0,0.0,0.0,0.0,0.0,0.0,4695.0,1004.0,0.0,0.0,0.0,0.0,5733.0,2749.0,1863.0,787.0,0.0,0.0,6709.0,5630.0,0.0,0.0
99,0.0501638097408638,0.1905583935946841,-1.0658141036401469e-17,0.0867893791096344,3.4181931457598016,5.499040697960536,0.0335556605182717,0.084099999524422,0.0,0.0,0.0,0.0,0.0,0.0,0.0,0.0,0.0,0.0,0.0,0.0,0.0,0.0,0.0,0.0,0.0,0.0,0.0,0.0,4633.869712611408,788.3295410528948,0.0,0.0,0.0,0.0,5328.059026961489,2056.879211720794,1637.7181629627464,914.73781292247,53.62868548751285,0.0,5411.074667104122,4910.2068605161685,50.5393983700376,0.0
100,0.0556904199444518,0.2113422942833219,-1.0658141036401469e-17,0.0380675287016609,3.0931185310540807,4.800530024027622,0.036511899548172,0.0889469146740199,0.0,0.0,0.0,0.0,0.0,0.0,0.0,0.0,0.0,0.0,0.0,0.0,0.0,0.0,0.0,0.0,0.0,0.0,0.0,0.0,4243.0706100334655,668.992605609539,0.0,0.0,0.0,0.0,4764.407306879986,1758.1433881969635,1420.1087304163177,839.4854184358036,115.10148818811577,0.0,4686.642142658624,4323.798709774796,77.57961580538885,0.0
101,0.0557847,0.2122297919999996,-1.0658141036401469e-17,0.0134682263521591,2.816888955088525,4.068010322830543,0.0395900453421919,0.0936541447457495,0.0,0.0,0.0,0.0,0.0,0.0,0.0,0.0,0.0,0.0,0.0,0.0,0.0,0.0,0.0,0.0,0.0,0.0,0.0,0.0,1894.6340065417137,298.5410095911716,0.0,0.0,0.0,0.0,2127.0204855866136,784.7029094809683,633.8445907854951,374.82674715445984,51.64629533608666,0.0,2091.915257012095,1930.1175143815128,34.69298587425842,0.0
102,0.0557847,0.2114747846046509,-1.0658141036401469e-17,0.0011803540066442,2.534477853344404,3.344940516713157,0.0428584187707634,0.1002040195681064,0.0,0.0,0.0,0.0,0.0,0.0,0.0,0.0,0.0,0.0,0.0,0.0,0.0,0.0,0.0,0.0,0.0,0.0,0.0,0.0,679.8518577328521,152.12153991793872,0.0,0.0,0.0,0.0,826.7952019525583,365.2145895639171,229.9814911013515,99.39685718268936,1.750200683572808,0.0,799.8003907520475,687.9429497082456,4.061180998414434,0.0
103,0.0557847,0.2092854965382062,-1.0658141036401469e-17,-2.8421709430403993e-16,2.422055300313155,2.7645114021727366,0.0436360319999993,0.1295911877948868,0.0,0.0,0.0,0.0,0.0,0.0,0.0,0.0,0.0,0.0,0.0,0.0,0.0,0.0,0.0,0.0,0.0,0.0,0.0,0.0,4667.722779669124,1196.0288811467783,0.0,0.0,0.0,0.0,5890.180929320635,2788.9293994377645,1587.5444112815285,563.968363530088,0.0,0.0,5656.391865864033,4707.061634881409,0.150797628085098,0.0
104,0.0518119270978789,0.1964005883498601,-1.0658141036401466e-17,-2.8421709430404003e-16,2.4439333936590817,2.3971868541811707,0.0436360319999993,0.2002493794117046,0.0,0.0,0.0,0.0,0.0,0.0,0.0,0.0,0.0,0.0,0.0,0.0,0.0,0.0,0.0,0.0,0.0,0.0,0.0,0.0,5054.140976723363,1321.9731875349376,0.0,0.0,0.0,0.0,6354.985607827493,3028.137493919161,1673.4645957633595,576.4530461718542,0.0,0.0,5985.183282539834,4944.719787955375,0.0,0.0
105,0.0424091392624585,0.1632698115548179,-1.0658141036401469e-17,-2.8421709430403993e-16,2.5838667796401302,2.188901795893933,0.0436360319999993,0.309640001403588,0.0,0.0,0.0,0.0,0.0,0.0,0.0,0.0,0.0,0.0,0.0,0.0,0.0,0.0,0.0,0.0,0.0,0.0,0.0,0.0,5901.805900730717,1945.0499099440049,0.0,0.0,0.0,0.0,7028.996065197716,3621.3878630614367,1235.1536062987282,162.4986534573378,0.0,0.0,4784.250811475264,3402.140400652526,0.0,0.0
106,0.0335132402591362,0.131521336445183,-1.0658141036401469e-17,-2.8421709430403993e-16,2.7534490437720622,2.084651238230514,0.0429071699367319,0.4135960940661559,0.0,0.0,0.0,0.0,0.0,0.0,0.0,0.0,0.0,0.0,0.0,0.0,0.0,0.0,0.0,0.0,0.0,0.0,0.0,0.0,6417.185965791309,2338.1675686369795,0.0,0.0,0.0,0.0,7482.39605565592,3990.830024097019,977.941440343036,9.72442516818398,0.0,0.0,4302.136634944777,2719.66365909304,0.0,0.0
107,0.0255242287375415,0.1000614711643244,-1.0658141036401466e-17,-2.8421709430404003e-16,3.000442207142343,2.0117438341709457,0.0367672447973414,0.5358477712425245,0.0,0.0,0.0,0.0,0.0,0.0,0.0,0.0,0.0,0.0,0.0,0.0,0.0,0.0,0.0,0.0,0.0,0.0,0.0,0.0,6892.756830612222,2687.180572538148,0.0,0.0,0.0,0.0,7847.635327311632,4182.525413748227,753.0417001999947,0.0,0.0,0.0,3938.875676246484,2331.917619282255,0.0,0.0
108,0.0180430247840531,0.0686779721529493,-1.0658141036401469e-17,-2.8421709430403993e-16,3.416452108529804,2.0074066383847304,0.029156308983388,0.6715151110436912,0.0,0.0,0.0,0.0,0.0,0.0,0.0,0.0,0.0,0.0,0.0,0.0,0.0,0.0,0.0,0.0,0.0,0.0,0.0,0.0,7800.220809467588,3246.2884441766446,0.0,0.0,0.0,0.0,8164.317898292424,3886.6958143685342,340.43353237258026,0.0,0.0,0.0,2606.306381947395,1583.9923784577857,0.0,0.0
109,0.0106338940863786,0.040873361142857,-1.0658141036401469e-17,-2.8421709430403993e-16,3.907264803372287,2.06053172927416,0.0216178582724246,0.7894996501817475,0.0,0.0,0.0,0.0,0.0,0.0,0.0,0.0,0.0,0.0,0.0,0.0,0.0,0.0,0.0,0.0,0.0,0.0,0.0,0.0,8506.96149609018,3693.494165797416,0.0,0.0,0.0,0.0,8367.04318540526,3156.7466759850035,0.0,0.0,0.0,0.0,1020.2093849702744,659.0913349207576,0.0,0.0
110,0.0077232608274459,0.0257128967694081,-1.0658141036401469e-17,-2.8421709430403993e-16,4.440020182764933,2.12701143528481,0.0143693479734212,0.8747970557911727,0.0,0.0,0.0,0.0,0.0,0.0,0.0,0.0,0.0,0.0,0.0,0.0,0.0,0.0,0.0,0.0,0.0,0.0,0.0,0.0,7669.590881313825,2965.580738710816,0.0,0.0,0.0,0.0,7617.839023521515,2051.1757377225176,0.0,0.0,0.0,0.0,620.3008635244445,343.10614576556543,0.0,0.0
111,0.0127009550631228,0.0295925581046512,-1.0658141036401469e-17,-2.8421709430403993e-16,4.971492377541527,2.136518573982534,0.0073382929833879,0.9179280062591364,0.0,0.0,0.0,0.0,0.0,0.0,252.3613493865541,0.0,0.0,0.0,0.0,0.0,0.0,0.0,0.0,0.0,0.0,0.0,0.0,0.0,6501.481726044932,1927.4223312782412,0.0,0.0,0.0,0.0,6434.258854362149,1123.2646995072012,0.0,0.0,0.0,0.0,349.47581788564713,201.91936144504052,0.0,0.0
112,0.0230345641055305,0.0363991987797538,-1.0658141036401469e-17,-2.8421709430403993e-16,5.581965355058824,2.179140324302496,0.0010147914418597,0.9545991049294514,197.0396046461209,0.0,392.56932726430216,0.0,0.0,0.0,875.1505361649789,0.0,374.4507429290266,0.0,0.0,0.0,289.8973493644078,0.0,0.0,19.628466363215104,0.0,0.0,121.0422092398265,0.0,4600.458403641419,438.5348552712301,0.0,0.0,0.0,0.0,4357.250191639078,0.0,0.0,0.0,0.0,0.0,0.0,0.0,0.0,0.0
113,0.0340721673073428,0.0431168187866296,-1.0658141036401469e-17,-2.8421709430403993e-16,6.106980772635976,2.2265915941671737,-7.052136652418989e-16,0.9559979040626486,751.5996355087156,0.0,1610.9235543211814,0.6305956901080212,0.0,0.0,1366.4596973575058,0.0,1546.7306777762517,0.0,0.0,0.0,1103.8610499895306,0.0,0.0,74.35845750687412,0.0,0.0,511.66099825582273,0.0,3844.1432153417063,5.802392467137826,0.0,0.0,0.0,0.0,3263.679063394448,0.0,0.0,0.0,0.0,0.0,0.0,0.0,0.0,0.0
114,0.0493730631627907,0.0496453529814903,-1.0658141036401469e-17,-2.8421709430403993e-16,6.451500365886499,2.253095691387052,-7.052136652418989e-16,0.9161555897175396,626.0562496684208,0.0,2046.580154886772,52.56793075866531,0.0,0.0,1043.5946340588662,0.0,2003.6000118142665,0.0,0.0,0.0,902.5733121393408,0.0,0.0,55.91261662621354,0.0,0.0,754.1463667483811,0.0,3397.7949591783104,0.0,0.0,0.0,0.0,0.0,2680.763449439421,0.0,0.0,0.0,0.0,0.0,0.0,0.0,0.0,0.0
115,0.0657563438272425,0.0548769888239203,-1.0658141036401469e-17,-2.8421709430403993e-16,6.593399993467053,2.193560380826153,-7.052136652418989e-16,0.8272439930337865,533.1878297356708,0.0,2362.721575013937,307.2648667921809,0.0,0.0,893.7261188920554,0.0,2240.741080663188,0.0,0.0,0.0,783.9417566853399,0.0,0.0,39.51119149404943,0.0,0.0,912.15892637354,0.0,3018.3454792795155,0.0,0.0,0.0,0.0,0.0,2196.060776784617,0.0,0.0,0.0,0.0,0.0,0.0,0.0,0.0,0.0
116,0.0855430820339892,0.0605920812044467,-1.0658141036401466e-17,-2.8421709430404003e-16,6.527183049381798,2.120766624678484,0.0104901594219262,0.713514049323281,47.91960333939672,0.0,1524.9642002419978,278.6175462970149,0.0,0.0,707.1836932280975,0.0,1451.7324568129736,0.0,341.1130435358734,0.0,643.7867466259171,0.0,894.0826864650795,76.80885443797408,0.0,0.0,578.1429279245826,0.0,2502.230418648008,0.0,0.0,0.0,0.0,0.0,1644.5408871365178,0.0,0.0,0.0,0.0,0.0,0.0,0.0,0.0,0.0
117,0.1725881607801444,0.0901089158014462,0.0037010525346882,-2.8421709430403993e-16,6.24216472831424,2.095590567381648,0.0926667936314239,0.5832110686386546,0.0,0.0,1916.8049113176876,647.6302473056118,0.0,0.0,551.7350948768075,0.0,2034.478107822372,0.0,848.0852850630482,0.0,530.1305067113935,0.0,2248.4470729320446,669.0039463608974,0.0,0.0,87.04170445315957,0.0,2187.810647821824,0.0,0.0,0.0,0.0,0.0,1391.970567254103,0.0,0.0,0.0,0.0,0.0,0.0,0.0,0.0,0.0
118,0.2874726236810628,0.1289236332624585,0.0277362599202657,-2.8421709430403993e-16,5.743806360010622,2.032886520419914,0.2224702347508297,0.4553086763986719,0.0,0.0,2536.334819663277,1095.8424226752788,0.0,0.0,395.05120909744994,0.0,2860.510785739624,88.31750082874652,1221.9080214459002,37.02967315311864,415.55293348902114,0.0,3259.1020722357,1345.1325339129642,0.0,0.0,0.0,0.0,1897.0343740192327,0.0,0.0,0.0,0.0,0.0,1267.5912474432084,0.0,0.0,0.0,0.0,0.0,0.0,0.0,0.0,0.0
119,0.4024741521229236,0.1659065680580117,0.0560602257607973,-2.8421709430404003e-16,5.107432163614354,1.938322238223336,0.3920165286279059,0.3333476153329924,0.0,0.0,3155.0548470626936,1536.664021491008,0.0,1.1734173732496276,234.3248150656621,0.0,3656.713279935878,868.069739874796,1576.6127895877023,421.5753577985149,297.9536880348614,0.0,4169.925832374073,1985.5752807696128,0.0,0.0,0.0,0.0,1662.971610199451,0.0,0.0,0.0,0.0,0.0,1204.861090168503,0.0,0.0,0.0,0.0,0.0,0.0,0.0,0.0,0.0
120,0.5190264305405512,0.2035974751893685,0.0861361894883722,-2.8421709430403993e-16,4.2967970657963575,1.791447629780707,0.6257856008817655,0.2237899869134252,9.291078381269491,0.0,3595.795778221838,1769.795663149461,0.0,22.06476368498584,84.04205498164565,0.0,3858.3250358914343,1139.8987481190616,1604.033411544734,814.6825278133742,194.27513719315425,0.0,3615.4413822147726,2017.7124333283691,0.0,0.0,0.0,0.0,1436.554644057312,0.0,0.0,0.0,0.0,0.0,1141.4469517017992,0.0,0.0,0.0,0.0,0.0,0.0,0.0,0.0,0.0
121,0.6308460333528237,0.2385815315401989,0.1141681556810633,-2.8421709430403993e-16,3.501762354306969,1.6950647557687477,0.8517545070033216,0.1623485094219268,217.3521635852071,0.0,3746.8810482228246,1905.803766039505,0.0,155.47269980285267,226.9451985465392,0.0,3617.82893284251,1048.2141477108794,1692.9697709890736,1032.2263797964404,370.06633970141934,0.0,3500.270520327069,2099.6022796674856,0.0,0.0,0.0,0.0,1135.3955744602524,0.0,0.0,0.0,0.0,0.0,966.3004832634044,0.0,0.0,0.0,0.0,0.0,0.0,0.0,0.0,0.0
122,0.7543747376475901,0.2713421394757092,0.1427841211694354,-2.8421709430403993e-16,2.691913149999116,1.5766320695319778,1.0812547951871117,0.1068589562038486,421.618409599373,0.0,3540.2706777167464,1842.397544700684,0.0,282.48966259069084,315.76483004404906,0.0,3210.574228836841,1028.5795180954992,2167.579405907454,1322.6149790082234,777.5117040151008,0.0,5050.434045038478,3023.837218317065,0.0,0.0,0.0,0.0,876.3400357740668,0.0,0.0,0.0,0.0,0.0,758.8632371424499,0.0,0.0,0.0,0.0,0.0,0.0,0.0,0.0,0.0
123,0.8227951887549685,0.2817190875484229,0.172685080929982,-2.8421709430403993e-16,1.9364116451019808,1.4308990759576017,1.26354813086241,0.0652438660675733,387.957841906822,0.0,3410.46157736345,1876.796149221049,0.0,269.6431590561656,148.01476551904253,0.0,3082.1206890320973,1280.2317175749242,2761.661341012325,1357.219084627416,711.2135112682217,0.0,6151.59371758743,3772.961358042917,0.0,0.0,0.0,0.0,807.788616948942,0.0,0.0,0.0,0.0,0.0,684.4847112431346,0.0,0.0,0.0,0.0,0.0,0.0,0.0,0.0,0.0
124,0.8388716694110545,0.2731966901353065,0.1841973577991542,-2.8421709430403993e-16,1.4026115472893326,1.2949423774874411,1.3779177335010582,0.0374864797293866,356.4983798926723,168.64885377887222,5057.613119247225,2964.18049568328,0.0,257.6148166390854,183.1502877834495,0.0,3696.701313637727,1272.0467216156976,1326.65540769247,498.567702704232,0.0,0.0,1622.3577001347255,963.9599954319882,0.0,0.0,0.0,0.0,771.8824916291701,0.0,0.0,0.0,0.0,0.0,602.7316987602067,0.0,0.0,0.0,0.0,0.0,0.0,0.0,0.0,0.0
125,0.8679499153683812,0.2662904997209308,0.2016657342739888,-2.8421709430403993e-16,1.0580862705882297,1.2106344807590148,1.4609583437998823,0.0234148686331832,334.1808370053899,355.0,5692.0,3512.0,0.0,249.07000142144125,217.08247444849292,0.0,4002.0,1315.0,1024.0,186.0,0.0,0.0,947.0,319.0,0.0,0.0,0.0,0.0,732.7946834087494,0.0,0.0,0.0,0.0,0.0,558.2161964036944,0.0,0.0,0.0,0.0,0.0,0.0,0.0,0.0,0.0
126,0.9032285070840606,0.2585477261864234,0.2457821577408641,-2.8421709430403993e-16,0.8777677882893434,1.1559351213326408,1.4883517570207492,0.0358035224053153,1240.9689040540202,716.4659073506792,5864.200290209388,4047.8943545851225,0.0,920.362994449657,253.50551659283607,0.0,4209.27665647107,1314.8067620938225,984.2551965121336,95.91400515071268,0.0,0.0,698.9884733663478,327.24768432843024,0.0,0.0,0.0,0.0,677.3468208197799,0.0,0.0,0.0,0.0,0.0,492.0700456328588,0.0,0.0,0.0,0.0,0.0,0.0,0.0,0.0,0.0
127,0.86830127753762,0.2268901140410403,0.2998543002775065,-2.8421709430403993e-16,0.8559062118702292,1.151226381605604,1.435434236193864,0.0521327784107872,1381.886602071256,770.2442629721463,5457.217148796431,3859.8491650091146,0.0,1068.6044613950462,289.1705340214335,0.0,4122.003246132755,1381.6643454454295,1172.684315392913,312.33474747866023,0.0,0.0,1035.8131857199735,350.12123584908926,0.0,0.0,0.0,0.0,607.2794055575627,0.0,0.0,0.0,0.0,0.0,360.77473471578907,0.0,0.0,0.0,0.0,0.0,0.0,0.0,0.0,0.0
128,0.780787238180232,0.1823745783588041,0.3315407348496678,-2.8421709430403993e-16,0.9269443534011572,1.222956799881205,1.320935809360465,0.0760643466752488,1430.9491308024496,775.7924047419929,5048.196491809098,3589.4259447331483,0.0,1157.8017066602629,323.5399185288469,0.0,4008.2197417881,1423.7855680805158,1359.1621667496968,525.185332431011,0.0,0.0,1368.3798188554863,411.3788362762977,0.0,0.0,0.0,0.0,573.7951005320003,0.0,0.0,0.0,0.0,0.0,310.00954296998947,0.0,0.0,0.0,0.0,0.0,0.0,0.0,0.0,0.0
129,0.6970048397318273,0.1406757107362125,0.3746702916071764,-2.8421709430403993e-16,1.0160105259755436,1.3596724647962557,1.164484217039202,0.1092073081801991,1378.9114832284893,711.3926937909638,4457.243776015174,3009.225674913938,0.0,1205.608151187344,359.38822502567825,0.0,3726.370288926362,1307.7818507339855,1520.7971789829387,667.7754129285469,0.0,0.0,1489.7122222618816,556.0435988741178,0.0,0.0,0.0,0.0,514.6997223474204,0.0,0.0,0.0,0.0,0.0,249.62807515441855,0.0,0.0,0.0,0.0,0.0,0.0,0.0,0.0,0.0
130,0.614035969188039,0.0997642125448503,0.4192215304018614,-2.8421709430403993e-16,1.1823751219502951,1.5603020868653592,0.9473012708435872,0.1405937202003986,855.3900244345855,429.439721932776,2639.394948972324,1780.5824550563732,0.0,743.9823848741921,225.11538765532043,0.0,2230.757843726144,774.5581794810685,930.3653914730012,402.8475772806803,0.0,0.0,859.3736743893662,316.84277147594963,0.0,0.0,0.0,0.0,457.5581339923668,0.0,0.0,0.0,0.0,0.0,193.34326657568897,0.0,0.0,0.0,0.0,0.0,0.0,0.0,0.0,0.0
131,0.5157006192358792,0.060056687795681,0.4517282944136225,-2.8421709430403993e-16,1.4724328149443475,1.7552026243629346,0.7338566861760789,0.1737711766519934,128.3237159221338,64.42407963443392,744.0347245364779,526.5981277693841,0.0,111.61255679427734,33.755248598287594,0.0,693.1379876818896,308.498435349083,329.5236418322715,121.20814393280708,0.0,0.0,441.26605058444375,171.21024312100238,0.0,0.0,0.0,0.0,419.28062818337,0.0,0.0,0.0,0.0,0.0,144.80071798961356,0.0,0.0,0.0,0.0,0.0,0.0,0.0,0.0,0.0
132,0.4104363029716939,0.0255180180821262,0.4606032921727587,-2.8421709430403993e-16,1.7959948948560749,1.9897100970553931,0.5412370057020577,0.2016094888704321,0.0,0.0,1200.6252392206638,937.47088015934,0.0,0.0,0.0,0.0,1347.30095329698,818.3997880938982,770.9201041285975,222.76346940844283,0.0,0.0,1420.0820610589262,567.63327797807,0.0,0.0,0.0,0.0,345.4401488188004,0.0,0.0,0.0,0.0,0.0,60.787994288746496,0.0,0.0,0.0,0.0,0.0,0.0,0.0,0.0,0.0
133,0.3635421435264506,0.0132125801377459,0.4572409559869675,-2.8421709430404003e-16,2.157124065695369,2.2422718853222365,0.428906202918475,0.2281747247066193,0.0,0.0,1765.5208781375804,1406.2102168310232,0.0,0.0,0.0,0.0,2053.467897699557,1304.6629085186423,1209.1217492702945,336.1200386138973,0.0,0.0,2311.7496751859767,926.6771508907988,0.0,0.0,0.0,0.0,295.35656638512364,0.0,0.0,0.0,0.0,0.0,13.700568591632036,0.0,0.0,0.0,0.0,0.0,0.0,0.0,0.0,0.0
134,0.3630121407429321,0.0209053626578072,0.4689228848748207,-2.8421709430403993e-16,2.735275373563338,2.4577928724375124,0.3847253921461774,0.2459897131762053,0.0,0.0,3023.8486284591245,2450.436734812225,0.0,0.0,0.0,0.0,3626.5240351822863,2387.974317041238,2185.289460857418,588.6972739104486,0.0,0.0,4298.171126066647,1726.5857364790436,0.0,0.0,0.0,0.0,253.8024745420571,0.0,0.0,0.0,0.0,0.0,0.0809228903967229,0.0,0.0,0.0,0.0,0.0,0.0,0.0,0.0,0.0
135,0.3436528897496282,0.0283186118272424,0.4559855564820818,0.0005530669439454,3.549741182169784,2.6301370864236726,0.3809413753431808,0.249332017517495,0.0,0.0,3649.356745266943,2969.30385925328,0.0,0.0,0.0,0.0,4408.24657013544,2926.5655461476363,2670.290380244325,714.2800161459014,0.0,0.0,5285.5934454667,2124.4249591866937,0.0,0.0,0.0,0.0,221.70551651966213,0.0,0.0,0.0,0.0,0.0,0.0,0.0,0.0,0.0,0.0,0.0,0.0,0.0,0.0,0.0
136,0.3185781195473419,0.035361198538206,0.4194991421686056,0.0169313977749166,4.549247982219265,2.8629848170265557,0.4288660055780722,0.242112067432724,0.0,0.0,4292.751726094881,3488.118971585822,0.0,0.0,0.0,0.0,5192.669641311509,3489.382046803615,3140.1165377854973,844.1986225688701,0.0,0.0,6301.458254208838,2556.259631639968,0.0,0.0,0.0,0.0,156.32654745703712,0.0,0.0,0.0,0.0,0.0,0.0,0.0,0.0,0.0,0.0,0.0,0.0,0.0,0.0,0.0
137,0.2916039792648408,0.0486791861488122,0.4034372567441873,0.0628487027641192,5.65267135565047,3.205731029296282,0.4923301647324006,0.2258149829501654,0.0,0.0,4342.8592896103855,3496.390542606513,0.0,0.0,0.0,0.0,5188.64037482341,3539.2967356801028,3142.4844454089807,876.0000958760584,0.0,0.0,6482.562937434517,2700.515938095253,0.0,0.0,0.0,0.0,76.54791347197578,0.0,0.0,0.0,0.0,0.0,0.0,0.0,0.0,0.0,0.0,0.0,0.0,0.0,0.0,0.0
138,0.2655827781715372,0.0818809844651162,0.3915433288301583,0.1126286709368767,6.851271846561796,3.616346490204597,0.5415583265154238,0.2006801515150846,0.0,0.0,4301.272657211558,3456.263090291854,0.0,0.0,0.0,0.0,5066.798837795267,3471.4448617662265,3176.7751773869613,922.6938585694788,0.0,0.0,6695.603229723246,2853.0002568909536,0.0,0.0,0.0,0.0,35.94332509078294,0.0,0.0,0.0,0.0,0.0,0.0,0.0,0.0,0.0,0.0,0.0,0.0,0.0,0.0,0.0
139,0.2330598454598954,0.114896301488372,0.3638899594578613,0.1604564834950164,8.086800884905005,4.058517200594997,0.5679309520306448,0.1697279535027454,0.0,0.0,3610.859351650352,2805.83003252203,0.0,0.0,0.0,0.0,4434.239027669221,2931.8118958782893,3524.2579704062487,1278.5285057152964,220.519651435924,0.0,8160.80825773193,3753.197616877007,0.0,0.0,0.0,0.0,0.7010200903751023,0.0,0.0,0.0,0.0,0.0,0.0,0.0,0.0,0.0,0.0,0.0,0.0,0.0,0.0,0.0
140,0.2010778426187218,0.1485854004916944,0.3349029794879805,0.2092603738604653,9.131559071885082,4.4842458517029264,0.5875325083783454,0.1554957923345707,0.0,0.0,3603.012157702316,2850.375743263158,0.0,0.0,0.0,0.0,4505.104557799723,3113.9502779911613,3501.967151943876,1164.0301175494196,28.63703121986168,0.0,8394.338793682666,3869.999792218554,0.0,0.0,0.0,0.0,0.0,0.0,0.0,0.0,0.0,0.0,0.0,0.0,0.0,0.0,0.0,0.0,0.0,0.0,0.0,0.0
141,0.1790940096777409,0.1828891338844879,0.3172302295415276,0.2589460607104527,9.802240613298489,4.9162015720671866,0.5946214679631981,0.1414695525042162,0.0,0.0,4031.996485639093,3397.0789791775915,0.0,0.0,0.0,0.0,4951.453864505069,3583.6590207799777,3179.165719619637,710.0889640644887,0.0,0.0,7500.227261737023,3349.6447414341483,0.0,0.0,0.0,0.0,0.0,0.0,0.0,0.0,0.0,0.0,0.0,0.0,0.0,0.0,0.0,0.0,0.0,0.0,0.0,0.0
142,0.1508143174086379,0.2099185056478408,0.3198691777629108,0.2904286380670494,10.103777505557233,5.207399962586505,0.5791970078453632,0.1335834552558135,0.0,0.0,4558.718452757858,3894.077049270438,0.0,0.0,0.0,0.0,5180.351541894227,3593.146075188069,2629.380964386079,358.030980830728,0.0,0.0,5696.597494958241,2476.2493298160025,0.0,0.0,0.0,0.0,0.0,0.0,0.0,0.0,0.0,0.0,0.0,0.0,0.0,0.0,0.0,0.0,0.0,0.0,0.0,0.0
143,0.1199537214495272,0.230385092660363,0.3013316930033216,0.2937994200000001,10.197904064510862,5.395925312917175,0.5206275470033218,0.1278110052358803,0.0,0.0,4938.890588292108,4115.789661074131,0.0,0.0,0.0,0.0,5158.637770452066,3301.4971770765114,2131.081367398409,223.86329198322449,0.0,0.0,4064.397980673989,1753.7257665123084,0.0,0.0,0.0,0.0,0.0,0.0,0.0,0.0,0.0,0.0,0.0,0.0,0.0,0.0,0.0,0.0,0.0,0.0,0.0,0.0
144,0.0864604343474692,0.2270680158702361,0.2763501819386352,0.2937994200000001,10.054425125785418,5.52425264499431,0.4426286340199331,0.1258692669321869,4.384783924750754,1.0698872776391837,5359.066265395457,4358.3662717677125,0.0,3.3289279556707725,0.0,0.0,5133.270388251022,2959.359019209436,1594.1643186969443,87.54838756826611,0.0,0.0,2353.2843465576148,825.67368031737,0.0,0.0,0.0,0.0,0.0,0.0,0.0,0.0,0.0,0.0,0.0,0.0,0.0,0.0,0.0,0.0,0.0,0.0,0.0,0.0
145,0.058321266757475,0.2227129500199333,0.2697500159999993,0.2932170997735754,9.527684720920265,5.563239257817509,0.3596546071495002,0.1316295572108357,595.6208517019421,149.32461436989885,5934.193355832434,4662.11483388072,0.0,445.02611383865417,4.140452506497983,0.0,5083.562296225473,2268.554043587173,1014.7610406261392,35.9806459714123,0.0,0.0,1055.8728498950254,0.0,0.0,0.0,0.0,0.0,0.0,0.0,0.0,0.0,0.0,0.0,0.0,0.0,0.0,0.0,0.0,0.0,0.0,0.0,0.0,0.0
146,0.0321472440366126,0.2199675767441861,0.2637313486091254,0.2757517052011664,8.79915095777395,5.536885000557032,0.27854394500454,0.1242501073111397,1784.8333523199292,560.2247336424325,6173.480003162191,4673.900506990781,0.0,1248.781375149757,173.22016401221114,0.0,4877.21611056452,1513.2785041663717,635.5468669177526,27.527034985353342,0.0,0.0,320.2883491767447,0.0,0.0,0.0,0.0,0.0,0.0,0.0,0.0,0.0,0.0,0.0,0.0,0.0,0.0,0.0,0.0,0.0,0.0,0.0,0.0,0.0
147,0.0103988281921594,0.2119295718825252,0.2245588490631224,0.2304626783322261,8.06808166555694,5.383389112564762,0.2117616864996657,0.120742884,1960.0300644330796,674.5726469804201,5872.368059064103,4379.6382783017725,0.0,1395.6641020159138,230.688877406586,0.0,4863.192700670184,1502.4758554774553,758.3068818744754,25.702908724720626,0.0,0.0,427.74607471512513,0.0,0.0,0.0,0.0,0.0,0.0,0.0,0.0,0.0,0.0,0.0,0.0,0.0,0.0,0.0,0.0,0.0,0.0,0.0,0.0,0.0
148,0.002335173488372,0.1953531184186046,0.1788536968504979,0.1806827101594683,7.238942360450286,5.113823271453847,0.1670155774615372,0.121714463168924,1702.2625282583622,634.2967754413983,5603.6208843935765,4234.649567562772,0.0,1214.7970279478309,109.87109555496409,0.0,4932.764805252417,1758.7779669949427,1101.0138365717328,36.06142199354869,0.0,0.0,807.8066501641381,0.0,0.0,0.0,0.0,0.0,0.0,0.0,0.0,0.0,0.0,0.0,0.0,0.0,0.0,0.0,0.0,0.0,0.0,0.0,0.0,0.0
149,0.0003393978858875,0.1833255334883716,0.1349409035481725,0.1328548976013287,6.391159401673832,4.767123202213752,0.1486107559526201,0.1442653384914053,1676.407766189203,569.7383425257204,5609.979883769542,4278.422132223004,0.0,1173.193049727675,117.52231969877236,0.0,4988.472299475077,1916.6999535359992,1149.8322123982146,74.28272959515381,0.0,0.0,918.529557238081,7.6189243710937555,0.0,0.0,0.0,0.0,0.0,0.0,0.0,0.0,0.0,0.0,0.0,0.0,0.0,0.0,0.0,0.0,0.0,0.0,0.0,0.0
150,-8.171241461241131e-17,0.1716183320409514,0.0923723794285713,0.0864912017541527,5.679503323820457,4.429268971068656,0.1524620759349089,0.1677898343122919,1419.853986210631,319.7637031182716,5098.893102394313,3915.0718514289993,0.0,1059.6372774784309,147.14586165977803,0.0,4700.993166043677,1925.0858298460305,1209.8804141876535,177.91190908363035,0.0,0.0,1073.3459311934644,44.67813413147872,0.0,0.0,0.0,0.0,0.0,0.0,0.0,0.0,0.0,0.0,0.0,0.0,0.0,0.0,0.0,0.0,0.0,0.0,0.0,0.0
151,-8.171241461241135e-17,0.1565184007973421,0.048011496398671,0.0384231505012622,5.207710263225245,4.073337791196257,0.1713926075130879,0.1896033199933547,1312.0215700672416,281.27565199455466,4742.87703642589,3643.3437741842336,0.0,985.7848974877274,140.20207045913946,0.0,4386.649218266573,1804.042507734829,1139.2009719070995,174.58931809743822,0.0,0.0,1017.5319141124542,46.391674848397344,0.0,0.0,0.0,0.0,0.0,0.0,0.0,0.0,0.0,0.0,0.0,0.0,0.0,0.0,0.0,0.0,0.0,0.0,0.0,0.0
152,-8.171241461241134e-17,0.1385322109235882,0.0066261356718082,0.003979841059563,4.94314845672472,3.7009594650135047,0.195423985550544,0.2133882592710005,770.7822753475846,50.82941782594292,4187.983521917554,3281.579506120553,0.0,553.7666141194919,14.978439126760634,0.0,3774.3107654733726,1705.0944940360855,830.5856658496468,23.038211369360575,0.0,0.0,738.5410324457753,27.286780725046796,0.0,0.0,0.0,0.0,0.0,0.0,0.0,0.0,0.0,0.0,0.0,0.0,0.0,0.0,0.0,0.0,0.0,0.0,0.0,0.0
153,-8.171241461241135e-17,0.126832390449967,-7.105427357600997e-17,-2.7178259642823837e-16,4.834101120578065,3.389761327483832,0.2242981498006627,0.2405914336201986,737.0465281453571,7.761096826528354,5911.006298550762,4638.288042522573,0.0,526.9720003814177,0.0,0.0,5378.07365916632,2625.554300495314,1317.0694169328374,52.91003054489656,0.0,0.0,1473.1668486769563,154.53091906807657,0.0,0.0,0.0,0.0,0.0,0.0,0.0,0.0,0.0,0.0,0.0,0.0,0.0,0.0,0.0,0.0,0.0,0.0,0.0,0.0
154,-8.171241461241134e-17,0.1287836853039869,-7.105427357600997e-17,-2.7178259642823837e-16,4.795787475436038,3.210634765405294,0.2534791696146162,0.2681038799975076,175.41044564820882,0.0,5353.888580636079,4308.299464368164,0.0,125.79235146086693,0.0,0.0,5280.1594122841625,3119.206849525157,2048.129129638473,221.29978941104608,0.0,0.0,3343.2459821021707,972.404795512366,0.0,0.0,0.0,0.0,0.0,0.0,0.0,0.0,0.0,0.0,0.0,0.0,0.0,0.0,0.0,0.0,0.0,0.0,0.0,0.0
155,-8.171241461241135e-17,0.125457710471761,-7.105427357600997e-17,-2.7178259642823837e-16,4.893971492829762,3.0824064683736667,0.2825773422506296,0.2753924211556143,0.0,0.0,4899.592847762292,4000.33368312476,0.0,0.0,0.0,0.0,5195.397894368321,3272.5391836845174,2576.5594810513967,420.12698828234,0.0,0.0,4580.490871291566,1595.4394695743226,0.0,0.0,0.0,0.0,0.0,0.0,0.0,0.0,0.0,0.0,0.0,0.0,0.0,0.0,0.0,0.0,0.0,0.0,0.0,0.0
156,-8.171241461241135e-17,0.120762652664452,-7.105427357600997e-17,-2.7178259642823837e-16,5.154718331874014,2.9014103425132025,0.2979095230261778,0.2860439258272422,0.0,0.0,4501.251477757386,3697.1004981587366,0.0,0.0,0.0,0.0,5109.043206726512,3247.5831902700515,2982.829635012899,633.0994907175256,0.0,0.0,5467.157221490013,2097.1825280344533,0.0,0.0,0.0,0.0,0.0,0.0,0.0,0.0,0.0,0.0,0.0,0.0,0.0,0.0,0.0,0.0,0.0,0.0,0.0,0.0
157,-8.171241461241134e-17,0.1157527720116281,0.0118951932234218,-2.7178259642823837e-16,5.694231849809797,2.69687432389533,0.2904831922176064,0.2996455906644509,0.0,0.0,4271.863240857348,3415.6682594342856,0.0,0.0,0.0,0.0,5057.739215304692,3283.2788475554044,3200.987204761705,854.4906315831819,0.0,0.0,6307.87402172838,2637.5640822982173,0.0,0.0,0.0,0.0,0.0,0.0,0.0,0.0,0.0,0.0,0.0,0.0,0.0,0.0,0.0,0.0,0.0,0.0,0.0,0.0
158,-8.171241461241135e-17,0.0996464242524918,0.0558332979667773,-2.7178259642823837e-16,6.714345467113351,2.571893262007157,0.2848698154237861,0.3122152488478391,0.0,0.0,3996.198078029433,3144.6687925861543,0.0,0.0,0.0,0.0,4734.930350483951,3066.531353581125,3260.017225996895,1085.533639624464,58.17487801005842,0.0,7071.71543281068,3026.9961163956527,0.0,0.0,0.0,0.0,0.0,0.0,0.0,0.0,0.0,0.0,0.0,0.0,0.0,0.0,0.0,0.0,0.0,0.0,0.0,0.0
159,-8.171241461241134e-17,0.0805861369435215,0.0973993860598006,-2.7178259642823837e-16,7.945728009657036,2.5478680340700017,0.2781195743122909,0.3024638820107321,0.0,0.0,3855.268361726345,2935.4077319046683,0.0,0.0,0.0,0.0,4488.483347639716,2806.5130008691463,3376.770187471914,1137.900661681408,164.78946207104397,0.0,7170.83542457666,3194.67826246068,0.0,0.0,0.0,0.0,0.0,0.0,0.0,0.0,0.0,0.0,0.0,0.0,0.0,0.0,0.0,0.0,0.0,0.0,0.0,0.0
160,0.0020041495142506,0.0600483153761146,0.1422347170365448,-2.7178259642823837e-16,9.40406505188109,2.571203292843483,0.2601769824360884,0.273161425638747,0.0,0.0,4549.785237744411,3502.945263655715,0.0,2.8836200070568694,0.0,0.0,4754.424396656402,2786.62714047006,2525.406357771278,725.1613478616863,43.9529462379087,0.0,4115.296718697158,1778.6205069500031,0.0,0.0,0.0,0.0,0.0,0.0,0.0,0.0,0.0,0.0,0.0,0.0,0.0,0.0,0.0,0.0,0.0,0.0,0.0,0.0
161,0.0093192779003321,0.0394195406112956,0.1936085337807306,-2.7178259642823837e-16,11.01388903294326,2.6528100323502564,0.2260993595398968,0.2472853222265402,0.0,0.0,5078.490486107999,4007.795447024983,0.0,28.0384898888294,0.0,0.0,4957.886850119212,2719.465206317487,2045.087862374048,469.67830132574,43.72369376047811,0.0,2710.587480660311,1130.6076794074015,0.0,0.0,0.0,0.0,0.0,0.0,0.0,0.0,0.0,0.0,0.0,0.0,0.0,0.0,0.0,0.0,0.0,0.0,0.0,0.0
162,0.016488301694352,0.0221969154019933,0.2417131076411956,-2.7178259642823837e-16,12.466946051126897,2.814841054534461,0.1924475695391349,0.2286029906455814,0.0,0.0,5165.8854098652655,4180.246634670656,0.0,41.65197642277508,0.0,0.0,5025.290728442389,2910.78956525703,2266.028626244928,565.4085630310841,67.30183363970852,0.0,3285.8385067594263,1378.194538782163,0.0,0.0,0.0,0.0,0.0,0.0,0.0,0.0,0.0,0.0,0.0,0.0,0.0,0.0,0.0,0.0,0.0,0.0,0.0,0.0
163,0.023657325488372,0.0054146558430388,0.2784230046619442,-2.7178259642823837e-16,13.629585278294982,3.027771056359284,0.1695395320717095,0.2093805555288658,0.0,0.0,4746.835026888388,4024.587724197958,0.0,54.75605702487383,0.0,0.0,4735.799931438613,2965.242748945468,2732.7677995284525,734.125846733844,154.25061272739876,0.0,4493.032756537461,1878.8610039068592,0.0,0.0,0.0,0.0,0.0,0.0,0.0,0.0,0.0,0.0,0.0,0.0,0.0,0.0,0.0,0.0,0.0,0.0,0.0,0.0
164,0.0303391340730896,-6.750155989720954e-17,0.2811548879999998,-2.7178259642823837e-16,14.261040575457612,3.1864184052646007,0.1416770759601315,0.188608115236962,0.0,0.0,2842.246627840921,2452.498436902916,0.0,67.76785911035256,0.0,0.0,2852.3162471123287,1805.1697006855309,1827.2782397930312,514.9469180711096,158.38734095520024,0.0,3060.973497567724,1300.3049372772434,0.0,0.0,0.0,0.0,0.0,0.0,0.0,0.0,0.0,0.0,0.0,0.0,0.0,0.0,0.0,0.0,0.0,0.0,0.0,0.0
165,0.0370209426578072,-6.750155989720954e-17,0.2811548879999998,-2.7178259642823837e-16,14.47858139178059,3.3136159512106595,0.1131048595208409,0.1871524640727136,0.0,0.0,3150.6880366853466,2585.0485899507235,0.0,77.79118279363867,4.298857669294085,0.0,3003.392485958892,1766.250382731136,1849.5981952853624,573.467184193044,159.32535426263377,0.0,2805.0338833955007,1254.531418643377,0.0,0.0,0.0,0.0,0.0,0.0,0.0,0.0,0.0,0.0,0.0,0.0,0.0,0.0,0.0,0.0,0.0,0.0,0.0,0.0
166,0.0449391323053922,-6.750155989720954e-17,0.2811548879999998,-2.7178259642823837e-16,14.410628255415007,3.4690348118019214,0.091526318606694,0.196103820778942,6.59592715309926,0.0,4452.996343172023,3477.475412310617,0.0,96.9388418704756,17.92154999350603,0.0,4041.524288343348,2181.8284619948126,2383.031003486653,815.83064446507,200.92403182958083,0.0,3195.403854178867,1528.2744296250098,0.0,0.0,0.0,0.0,0.0,0.0,0.0,0.0,0.0,0.0,0.0,0.0,0.0,0.0,0.0,0.0,0.0,0.0,0.0,0.0
167,0.0523284784983389,-6.750155989720954e-17,0.2701558115441044,-2.7178259642823837e-16,13.998581477310442,3.6696456336616494,0.0822725754841666,0.1962312438383617,181.8613945445015,48.27338906229264,4738.054203674773,3515.0205523943723,0.0,263.551966398989,60.02360908293304,0.0,4236.067583217343,1923.3566361323765,2346.922648366284,901.9049580219588,151.03380177053336,0.0,2848.2756435675838,1430.8590015890695,0.0,0.0,0.0,0.0,0.0,0.0,0.0,0.0,0.0,0.0,0.0,0.0,0.0,0.0,0.0,0.0,0.0,0.0,0.0,0.0
168,0.0594320185913622,-6.750155989720954e-17,0.2267226941262454,-2.7178259642823837e-16,13.014921714780645,3.788297477093205,0.0746473006644498,0.1860671917344901,811.3697661643771,356.5341039005094,4238.422490258898,2848.291794103237,0.0,803.9319991346746,346.26960914644127,0.0,3991.160708486985,1252.4281690229527,2019.0741454099216,936.5912779418852,136.61610221409674,0.0,2245.442480201488,1155.8928831381916,0.0,0.0,0.0,0.0,0.0,0.0,0.0,0.0,0.0,0.0,0.0,0.0,0.0,0.0,0.0,0.0,0.0,0.0,0.0,0.0
169,0.0668254990963455,-6.750155989720954e-17,0.179085154963455,-2.7178259642823837e-16,11.55801519662883,3.784587363939301,0.0688773683517814,0.1752449986452699,528.1162544837804,165.000645995473,3349.861470986526,2317.7269137537555,0.0,515.5556516744365,370.2627581938677,0.0,3327.618052006657,1234.7623749885174,1731.3518647413946,811.2500593328825,124.73553022624309,0.0,2072.9964747865147,1064.7078586210969,0.0,0.0,0.0,0.0,0.0,0.0,0.0,0.0,0.0,0.0,0.0,0.0,0.0,0.0,0.0,0.0,0.0,0.0,0.0,0.0
170,0.0714160586028623,-6.750155989720954e-17,0.1300465117076412,-2.7178259642823837e-16,9.960212771266278,3.703167983049304,0.0653288464584698,0.1615984406726292,0.0,0.0,2312.399274100564,1603.8100430905022,0.0,0.0,130.2788767891779,0.0,2460.221777190991,1101.9347210993446,1502.2723392193914,671.4184175764676,106.94008581920502,0.0,2544.0113913217497,1291.059305988341,0.0,0.0,0.0,0.0,0.0,0.0,0.0,0.0,0.0,0.0,0.0,0.0,0.0,0.0,0.0,0.0,0.0,0.0,0.0,0.0
171,0.071742663663084,-6.750155989720954e-17,0.081941937847176,-2.7178259642823837e-16,8.380561560616753,3.530528212786377,0.0618503852093004,0.1420061014766461,0.0,0.0,3087.5636983060817,2149.5172519695625,0.0,0.0,0.0,0.0,3627.294502199041,1994.9373214047384,2650.0242058694103,1130.2315765484973,186.4863207507504,0.0,5731.679152520851,2890.3870858098644,0.0,0.0,0.0,0.0,0.0,0.0,0.0,0.0,0.0,0.0,0.0,0.0,0.0,0.0,0.0,0.0,0.0,0.0,0.0,0.0
172,0.0685579736747015,-6.750155989720954e-17,0.036172537475083,-2.7178259642823837e-16,6.947091373263012,3.28816966244318,0.0591433224836341,0.1175568342458465,0.0,0.0,3457.005137267803,2373.5076931627577,0.0,0.0,0.0,0.0,4397.173610460754,2652.327758366476,3483.471190642783,1475.5240877303947,156.991383928855,0.0,8575.63626598692,4329.435720851944,0.0,0.0,0.0,0.0,0.0,0.0,0.0,0.0,0.0,0.0,0.0,0.0,0.0,0.0,0.0,0.0,0.0,0.0,0.0,0.0
173,0.0618096123388705,-6.750155989720954e-17,0.0022895572951494,-2.7178259642823837e-16,5.773271803314808,2.9830974458017065,0.0587209232571409,0.0915099714418599,0.0,0.0,2979.027810013234,1947.0318868675683,0.0,0.0,0.0,0.0,4358.429272252197,2831.676575335258,3421.726999180637,1269.593033485991,0.0,0.0,9718.488051621389,4925.923333983545,0.0,0.0,0.0,0.0,0.0,0.0,0.0,0.0,0.0,0.0,0.0,0.0,0.0,0.0,0.0,0.0,0.0,0.0,0.0,0.0
174,0.0574926544655072,-6.750155989720954e-17,-8.526512829121174e-17,-2.7178259642823837e-16,5.085239657710366,2.735939649690036,0.0665742723189349,0.0643890112026576,0.0,0.0,3927.5488410750418,3128.609896793986,0.0,0.0,0.0,0.0,5315.32820520403,3727.987291908737,3125.2407146404867,579.0552575392545,0.0,0.0,6956.857316105228,2970.9059764048834,0.0,0.0,0.0,0.0,0.0,0.0,0.0,0.0,0.0,0.0,0.0,0.0,0.0,0.0,0.0,0.0,0.0,0.0,0.0,0.0
175,0.0642951100465116,-6.750155989720954e-17,-8.526512829121174e-17,-2.7178259642823837e-16,4.96317120146653,2.6111092332273205,0.0750772691162771,0.0394162458338868,0.0,0.0,4310.013216843422,3479.3913709619305,0.0,0.0,0.0,0.0,5484.1815380590815,3683.474410026719,2821.2132638658286,417.52303572984914,0.0,0.0,5789.307398938759,2349.440741230563,0.0,0.0,0.0,0.0,0.0,0.0,0.0,0.0,0.0,0.0,0.0,0.0,0.0,0.0,0.0,0.0,0.0,0.0,0.0,0.0
176,0.0724466982408637,-6.750155989720954e-17,-8.526512829121174e-17,-2.7178259642823837e-16,5.05118526698955,2.576458686797324,0.0839945400462724,0.0179753935942093,0.0,0.0,4762.665644304661,3867.2906444583537,0.0,0.0,0.0,0.0,5637.294394699803,3543.059250838286,2420.929255632647,251.1016377975655,0.0,0.0,4395.076478788339,1649.626560754975,0.0,0.0,0.0,0.0,0.0,0.0,0.0,0.0,0.0,0.0,0.0,0.0,0.0,0.0,0.0,0.0,0.0,0.0,0.0,0.0
177,0.0817286010099669,-6.750155989720954e-17,-8.526512829121174e-17,-2.7178259642823837e-16,5.306571633715532,2.701234883441089,0.0898807817203015,0.0028945085776966,0.0,0.0,5161.2532555355065,4208.9281472775365,0.0,0.0,0.0,0.0,5772.125517891165,3419.3856078555423,2068.4397133755338,104.52087225413028,0.0,0.0,3167.2228017524685,1033.3344780014784,0.0,0.0,0.0,0.0,0.0,0.0,0.0,0.0,0.0,0.0,0.0,0.0,0.0,0.0,0.0,0.0,0.0,0.0,0.0,0.0
178,0.0906805112292361,-6.750155989720954e-17,-8.526512829121174e-17,-2.7178259642823837e-16,5.723363747763142,3.0171725463904435,0.0898411666843834,0.0002979189415669,0.0,0.0,5177.221497347517,4189.962371525954,0.0,0.0,0.0,0.0,5736.184966910607,3388.9108083967003,2126.7329267162863,173.39176235572432,0.0,0.0,3334.77640164806,1094.5412236486402,0.0,0.0,0.0,0.0,0.0,0.0,0.0,0.0,0.0,0.0,0.0,0.0,0.0,0.0,0.0,0.0,0.0,0.0,0.0,0.0
179,0.0988577369102993,-6.750155989720954e-17,-8.526512829121174e-17,-2.7178259642823837e-16,6.123356955622472,3.397757698340058,0.0876725853787355,0.0037243340132886,0.0,0.0,4541.9158744689685,3643.2872031242487,0.0,0.0,0.0,0.0,5291.658823563454,3455.990121781622,3046.0144153560555,690.0122537820066,0.0,0.0,5876.987049031906,2296.731781267757,0.0,0.0,0.0,0.0,0.0,0.0,0.0,0.0,0.0,0.0,0.0,0.0,0.0,0.0,0.0,0.0,0.0,0.0,0.0,0.0
180,0.104936686706952,-6.750155989720954e-17,-8.526512829121174e-17,-2.7178259642823837e-16,6.4227564156768,3.832853397434193,0.0795318081727554,0.0082385909102986,0.0,0.0,4130.654300199959,3336.54228684407,0.0,0.0,0.0,0.0,4998.15071400653,3488.7738640217044,3566.7616544076086,972.4963270788206,0.0,0.0,7291.997549358476,2985.4847437652543,0.0,0.0,0.0,0.0,0.0,0.0,0.0,0.0,0.0,0.0,0.0,0.0,0.0,0.0,0.0,0.0,0.0,0.0,0.0,0.0
181,0.0994503849966779,-6.750155989720954e-17,-8.526512829121174e-17,-2.7178259642823837e-16,6.546249696244786,4.315118787725961,0.0699448296079714,0.0130320801926906,0.0,0.0,4592.1608748454055,3758.6148843310193,0.0,0.0,0.0,0.0,5333.476757095064,3683.0805659497214,2975.181008473068,654.557514256555,0.0,0.0,5573.7200092707935,2245.422640479964,0.0,0.0,0.0,0.0,0.0,0.0,0.0,0.0,0.0,0.0,0.0,0.0,0.0,0.0,0.0,0.0,0.0,0.0,0.0,0.0
182,0.09547131526804,-6.750155989720954e-17,-8.526512829121174e-17,-2.7178259642823837e-16,6.607996905499536,4.770620034712009,0.0606851048093004,0.0188228162272421,0.0845434683570347,0.0,4097.336549824962,3381.8488566631195,0.0,0.0,0.0,0.0,4584.2260041852605,3136.3955716378077,1911.488128321659,263.92390479380424,0.0,0.0,3026.4856563486974,1172.7262699539292,0.0,0.0,0.0,0.0,0.0,0.0,0.0,0.0,0.0,0.0,0.0,0.0,0.0,0.0,0.0,0.0,0.0,0.0,0.0,0.0
183,0.0954538200000001,-6.750155989720954e-17,-8.526512829121174e-17,-2.7178259642823837e-16,6.59403614287256,5.12134050696636,0.0531312180661775,0.0276707762192687,24.52669997109784,0.0,1700.2678160891949,1400.603574942318,0.0,0.0,0.0,0.0,1888.089896251047,1276.5363514061637,781.12901208992,108.96787463321202,0.0,0.0,1233.4972359150963,477.1477592989023,0.0,0.0,0.0,0.0,0.0,0.0,0.0,0.0,0.0,0.0,0.0,0.0,0.0,0.0,0.0,0.0,0.0,0.0,0.0,0.0
184,0.0927409584248584,-6.750155989720954e-17,-8.526512829121174e-17,-2.7178259642823837e-16,6.492806698883719,5.258913334590559,0.0495921658604632,0.0365729175337108,254.67274095504425,0.0,4954.025857324821,3855.149118098377,0.0,193.2773910386736,0.0,0.0,4680.393828536747,2248.210485297516,1543.0697074993957,288.6034601295283,0.0,0.0,2161.2352038012327,780.3549662685656,0.0,0.0,0.0,0.0,0.0,0.0,0.0,0.0,0.0,0.0,0.0,0.0,0.0,0.0,0.0,0.0,0.0,0.0,0.0,0.0
185,0.0786726949634551,-6.750155989720954e-17,-8.526512829121174e-17,-2.7178259642823837e-16,6.194651577307696,5.253586300470191,0.0475741146976726,0.0420347701794017,880.5351047577345,0.0,5397.620975010039,3947.873960029016,0.0,759.056357477256,69.32661904688122,0.0,4824.238366003582,1911.2389697874337,1348.8001923192685,318.7681369844644,0.0,0.0,1482.0955617078398,463.2934362991111,0.0,0.0,0.0,0.0,0.0,0.0,0.0,0.0,0.0,0.0,0.0,0.0,0.0,0.0,0.0,0.0,0.0,0.0,0.0,0.0
186,0.0632922621727574,-6.750155989720954e-17,-8.526512829121174e-17,-2.7178259642823837e-16,5.794712682618739,5.131322315181908,0.0455766558936858,0.0462693828438535,1104.8080412499148,0.0,5332.538487945374,3940.300909887797,0.0,896.7384187570635,251.68336030500143,0.0,4885.85748883231,2276.8641687705526,1719.306300203653,503.288841329751,25.502757348612693,0.0,2356.771827628262,814.9228023563671,0.0,0.0,0.0,0.0,0.0,0.0,0.0,0.0,0.0,0.0,0.0,0.0,0.0,0.0,0.0,0.0,0.0,0.0,0.0,0.0
187,0.0472775847308969,-6.750155989720954e-17,-8.526512829121174e-17,-2.7178259642823837e-16,5.261613533883917,4.8330556990119,0.0434968276544832,0.0506786187109632,894.1730940764214,0.0,4018.80182400702,2983.745157155196,0.0,728.6662683118948,198.06523421401403,0.0,4453.721898312233,2781.5186016227944,3102.254524163663,1113.156690193376,230.8661232543095,0.0,6713.619422666167,2930.2005563228336,0.0,0.0,0.0,0.0,0.0,0.0,0.0,0.0,0.0,0.0,0.0,0.0,0.0,0.0,0.0,0.0,0.0,0.0,0.0,0.0
188,0.0307872238006644,-6.750155989720954e-17,-8.526512829121174e-17,-2.7178259642823837e-16,4.609097903953362,4.341150333234102,0.0413552223388686,0.0538301665507425,698.2684693659937,0.0,3712.762145879255,2635.820925113724,0.0,578.320779784203,141.9221247611984,0.0,4286.678697779878,2703.651629597188,3410.6330324143064,1345.2741816535645,273.3944796469908,0.0,7470.660358793508,3413.6124739789807,0.0,0.0,0.0,0.0,0.0,0.0,0.0,0.0,0.0,0.0,0.0,0.0,0.0,0.0,0.0,0.0,0.0,0.0,0.0,0.0
189,0.0154067910099667,-6.750155989720954e-17,-8.526512829121174e-17,-2.7178259642823837e-16,4.04606893364089,3.8030474998432258,0.0411983834460869,0.0506658514485047,487.9332776249467,0.0,3721.473690772476,2668.4324491076773,0.0,417.01044752998536,89.47972134800615,0.0,4156.29459340551,2288.240384963898,2986.6699833802263,1170.1841228861167,359.3250515149552,0.0,5534.4884497279545,2571.2151883952374,0.0,0.0,0.0,0.0,0.0,0.0,0.0,0.0,0.0,0.0,0.0,0.0,0.0,0.0,0.0,0.0,0.0,0.0,0.0,0.0
190,0.0020961800974528,-6.750155989720953e-17,-8.526512829121174e-17,-2.717825964282383e-16,3.589996679404205,3.276777292228105,0.0426443039999981,0.0461050558205977,295.5506045100044,0.0,3947.4081102754594,2778.24213844565,0.0,269.4782821474969,97.58352399203956,0.0,4203.454519541194,2092.89019205978,2645.140696237931,1010.9935714307288,269.9496820039531,0.0,4269.082193250839,1921.7504827789303,0.0,0.0,0.0,0.0,0.0,0.0,0.0,0.0,0.0,0.0,0.0,0.0,0.0,0.0,0.0,0.0,0.0,0.0,0.0,0.0
191,-7.283063041541019e-17,-6.750155989720954e-17,-8.526512829121174e-17,-2.7178259642823837e-16,3.34355130683838,2.762369772630816,0.0426443039999981,0.0412184890764117,122.37515090311354,0.0,3963.355334477007,2724.0506002308152,0.0,135.42101874004953,118.5140017511634,0.0,4024.483495679509,1815.0846039766384,2173.410287562972,803.0192395784705,135.54293014250948,0.0,2943.5360008289304,1230.9124640433845,0.0,0.0,0.0,0.0,0.0,0.0,0.0,0.0,0.0,0.0,0.0,0.0,0.0,0.0,0.0,0.0,0.0,0.0,0.0,0.0
192,-7.283063041541019e-17,-6.750155989720954e-17,-8.526512829121174e-17,-2.7178259642823837e-16,3.237465826417272,2.30455849906044,0.0426443039999981,0.0353173779986708,337.440081344401,0.0,4009.8458671541794,2710.157722454797,0.0,320.8887467800308,223.50886414545025,0.0,3937.450405695176,1585.8682032922443,1853.6889017165863,677.8845904067828,95.50979194397796,0.0,2252.499743588289,885.4271238842463,0.0,0.0,0.0,0.0,0.0,0.0,0.0,0.0,0.0,0.0,0.0,0.0,0.0,0.0,0.0,0.0,0.0,0.0,0.0,0.0
193,-7.283063041541019e-17,-6.750155989720954e-17,-8.526512829121174e-17,-2.7178259642823837e-16,3.4391213265037077,2.0477223157949846,0.042971065302041,0.026716526312292,676.9970581833555,0.0,4380.769942194356,2925.1223056228514,0.0,612.1546184899181,366.4817773909803,0.0,4189.228182649688,1499.118893780969,1721.6693921483316,626.7398510174094,87.69662419951572,0.0,1909.5943004323333,700.8337737274518,0.0,0.0,0.0,0.0,0.0,0.0,0.0,0.0,0.0,0.0,0.0,0.0,0.0,0.0,0.0,0.0,0.0,0.0,0.0,0.0
194,-7.283063041541019e-17,-6.750155989720954e-17,-8.526512829121174e-17,-2.7178259642823837e-16,4.0420755309110765,2.0193324597326328,0.0496445431307388,0.0180338187883521,836.199996569405,7.034089768242862,4714.389606153602,3297.444855672732,0.0,738.1541717263223,416.6788653279627,0.0,4498.025737917542,1595.9419409154586,1611.743798178166,536.4582285538539,62.79650727117926,0.0,1649.7179876649395,513.8609817369362,0.0,0.0,0.0,0.0,0.0,0.0,0.0,0.0,0.0,0.0,0.0,0.0,0.0,0.0,0.0,0.0,0.0,0.0,0.0,0.0
195,-7.283063041541019e-17,-6.750155989720954e-17,-8.526512829121174e-17,-2.7178259642823837e-16,5.12347219015673,2.11208507908538,0.0653321412358785,0.0122623378205976,688.2985365667723,31.18340243460844,5554.572726440993,4461.64568132641,0.0,522.3092463223586,246.75770242889092,0.0,5283.527654089762,2290.840910181048,1479.7791219400635,369.2951865734428,0.0,0.0,1417.8808560989091,251.04395568678817,0.0,0.0,0.0,0.0,0.0,0.0,0.0,0.0,0.0,0.0,0.0,0.0,0.0,0.0,0.0,0.0,0.0,0.0,0.0,0.0
196,-7.283063041541019e-17,-6.750155989720954e-17,-8.526512829121174e-17,-2.7178259642823837e-16,6.551989039657492,2.25437839726695,0.0832787937807291,0.0077221345514946,436.9406678294108,0.0,5801.013886824498,4807.618133639423,0.0,264.0588257826253,109.7280847912174,0.0,5617.690846246546,2540.222935469895,1328.9644006976464,208.14163762746827,0.0,0.0,1436.1240911702737,193.37441914110187,0.0,0.0,0.0,0.0,0.0,0.0,0.0,0.0,0.0,0.0,0.0,0.0,0.0,0.0,0.0,0.0,0.0,0.0,0.0,0.0
197,-7.283063041541019e-17,-6.750155989720954e-17,-8.526512829121174e-17,-2.7178259642823837e-16,8.183853640629566,2.3932390151935,0.1007077544252473,0.0033128986843849,213.4756933218532,0.0,6075.031183012122,5179.24744356683,0.0,124.03392587171425,57.857941534816526,0.0,5899.949888387637,2694.039748022741,1110.6879988541757,78.7862598111794,0.0,0.0,1296.6049558966015,111.6883131292878,0.0,0.0,0.0,0.0,0.0,0.0,0.0,0.0,0.0,0.0,0.0,0.0,0.0,0.0,0.0,0.0,0.0,0.0,0.0,0.0
198,-7.283063041541019e-17,-6.750155989720954e-17,1.7665615041973122e-05,-2.7178259642823837e-16,9.9130718682327,2.5763803569695134,0.1171013312691011,0.000182439536297,43.48946494063152,0.0,6375.198705700002,5605.59692938946,0.0,168.5975915981238,154.30271704349977,0.0,6089.695873227632,2639.362475565879,750.851600174531,0.1185840937128667,0.0,0.0,859.1678771298971,0.1683470616102304,0.0,0.0,0.0,0.0,0.0,0.0,0.0,0.0,0.0,0.0,0.0,0.0,0.0,0.0,0.0,0.0,0.0,0.0,0.0,0.0
199,-7.283063041541019e-17,-6.750155989720954e-17,0.0143588211596012,-2.7178259642823837e-16,11.745058179289035,2.76565699627772,0.1335762891149483,1.7989484650784427e-05,132.28057906977162,0.0,5837.548154632895,5095.727459986795,0.0,214.68034596296783,253.48128325315423,0.0,5635.132218935863,2064.470812802631,533.8057068809995,0.0,0.0,0.0,642.1101985239526,0.0,0.0,0.0,0.0,0.0,15.82872481962736,0.0,0.0,0.0,0.0,0.0,10.009340694764358,0.0,0.0,0.0,0.0,0.0,0.0,106.61111716749016,0.0,0.0
200,-7.283063041541019e-17,-6.750155989720954e-17,0.0456573779401992,-2.7178259642823837e-16,13.55802882136018,2.8790770711330627,0.1444951119984347,0.0057869373500093,690.9095846530029,0.0,4180.372377375516,2975.0130557747407,0.0,240.6343514072334,319.2694350613882,0.0,4063.6683051052864,601.8645927218384,146.03679208954756,0.0,0.0,0.0,246.7592916094929,0.0,0.0,0.0,0.0,0.0,296.50495535601624,0.0,0.0,0.0,0.0,0.0,474.85852466021737,0.0,0.0,0.0,69.2651814063093,0.0,86.22859454190657,1218.61490059969,0.0,0.0
201,-7.283063041541019e-17,-6.750155989720954e-17,0.0767518397342192,-2.7178259642823837e-16,15.010450233078329,2.955789595365631,0.1465278119999981,0.0176114089435212,784.2649240091541,74.16652367310174,2809.1399498559754,1658.6734398840651,0.0,156.02454859272592,210.2504893055573,0.0,2454.382997247103,78.98901022040177,17.952047777364044,0.0,0.0,0.0,40.69130829535848,0.0,0.0,0.0,0.0,0.0,1098.3653034246306,0.0,0.0,0.0,0.0,0.0,1558.8308381288998,0.0,0.0,0.0,34.5078251720442,0.0,630.8198483493015,1766.0745923463226,0.0,0.0
202,-7.283063041541019e-17,-6.750155989720954e-17,0.1056696892026578,-2.7178259642823837e-16,16.052161768752363,3.0155608044907667,0.1465278119999981,0.0287955308571424,766.4659710980471,311.7381483116458,1693.798948040699,690.6824251292121,0.0,64.98083838481561,87.5613180796587,0.0,1082.8369606180909,0.0,0.0,0.0,0.0,0.0,0.0,0.0,0.0,0.0,0.0,0.0,1844.4720506913316,176.274424258698,0.0,0.0,0.0,0.0,2376.0551964397814,177.52846976542068,0.0,0.0,0.0,0.0,864.2120145759365,1731.1079647215545,0.0,0.0
203,-7.283063041541019e-17,-6.750155989720954e-17,0.1386298187043189,-2.717825964282383e-16,16.717745941044925,3.044026992272617,0.1457706641802575,0.0415430246511623,229.6148789867281,0.8899801511113491,645.9960805147733,0.0,0.0,0.0,0.0,0.0,31.74262538963812,0.0,0.0,0.0,0.0,0.0,0.0,0.0,0.0,0.0,0.0,0.0,4345.369344986675,932.0157073037152,0.0,0.0,0.0,0.0,4723.925295813389,781.2573402489209,0.0,0.0,0.0,0.0,920.2200053363364,1309.1453698726082,0.0,0.0
204,-7.283063041541019e-17,-6.750155989720954e-17,0.1709670587698149,-2.7178259642823837e-16,16.753038373124852,2.9683610062809445,0.1450147639221623,0.0540499996943517,0.0,0.0,237.911443984358,0.0,0.0,0.0,0.0,0.0,0.0,0.0,0.0,0.0,0.0,0.0,0.0,0.0,0.0,0.0,0.0,0.0,4075.7680646094136,839.5260506343215,0.0,0.0,0.0,0.0,4261.806246692364,625.1423426451022,0.0,0.0,0.0,0.0,728.0783587307487,1181.3540680532597,0.0,0.0
205,-7.283063041541019e-17,-6.750155989720954e-17,0.186946866854134,-2.7178259642823837e-16,16.003299052410988,2.8145585814557514,0.217629652427504,0.0654576691468684,0.0,0.0,56.74248426625087,0.0,0.0,0.0,0.0,0.0,0.0,0.0,0.0,0.0,0.0,0.0,0.0,0.0,0.0,0.0,32.517274847919424,0.0,3020.7396930100117,622.2283981292276,0.0,9.893938914765837,0.0,0.0,3158.632702565876,463.3183893068165,0.0,0.0,0.0,0.0,539.6133639304858,875.5302141120958,0.0,0.0
206,-7.283063041541019e-17,-6.750155989720954e-17,0.18718866,-2.7178259642823837e-16,14.47495890835106,2.5919481114463507,0.3524810530365432,0.0722022805405876,0.0,0.0,10.526193174401072,0.0,0.0,0.0,0.0,0.0,0.0,0.0,0.0,0.0,0.0,0.0,0.0,0.0,0.0,0.0,467.85944567026206,0.0,1427.866965991781,294.0856286489243,0.0,142.35818609523997,0.0,0.0,1493.0404823573176,218.98781241585496,0.0,0.0,0.0,0.0,255.08795236863517,413.8422776648829,0.0,0.0
207,-7.283063041541019e-17,-6.750155989720954e-17,0.18718866,-2.7178259642823837e-16,12.556350791595776,2.331588671708148,0.5494547406713601,0.0723961439999996,0.0,0.0,0.0,0.0,0.0,0.0,0.0,0.0,0.0,0.0,0.0,0.0,0.0,0.0,0.0,0.0,0.0,0.0,292.1783726840215,0.0,891.6299019270929,183.66085609186285,0.0,88.88676839318455,0.0,0.0,932.3369891398628,136.7325298929963,0.0,0.0,0.0,0.0,159.25445972161435,258.42067997122444,0.0,0.0
208,-7.283063041541019e-17,-6.750155989720954e-17,0.1871706103498484,0.0001886439130432,10.580946064382813,2.035847437397057,0.8000056367537173,0.0723961439999996,0.0,0.0,0.0,0.0,0.0,0.0,0.0,0.0,0.0,0.0,0.0,0.0,0.0,0.0,0.0,0.0,0.0,0.0,202.1565983690925,0.0,942.9269151760022,282.7459075061072,0.0,74.05398160665878,0.0,0.0,885.4016859423024,185.15399290486425,336.5501781378005,213.8044220909147,0.0,0.0,135.46268588161993,199.6354623611089,0.0,0.0
209,0.0055776385349463,-6.750155989720954e-17,0.1719030530789193,0.0053910795348834,8.462130398747847,1.70987361392463,1.2046377283756011,0.0725136836299124,0.0,0.0,0.0,0.0,0.0,0.0,0.0,0.0,0.0,0.0,0.0,0.0,0.0,0.0,0.0,0.0,0.0,0.0,464.93479375216606,0.0,4613.074973456285,1817.3896055578307,0.0,264.14303869419507,0.0,0.0,3837.686813137256,1104.6527661358275,294.3968612467788,113.91975264205604,0.0,0.0,500.7714512308735,614.8424085359258,0.0,0.0
210,0.0221392567973421,-6.750155989720954e-17,0.1402875035880399,0.0127845600398668,6.412266812097929,1.404497478412886,1.6944190294533854,0.0697335940318661,0.0,0.0,0.0,0.0,0.0,0.0,0.0,0.0,0.0,0.0,0.0,0.0,0.0,0.0,0.0,0.0,0.0,0.0,1029.48239269247,0.0,7495.208940044596,2956.545849323829,0.0,565.8488820118777,0.0,0.0,5755.782940654658,1399.7293823463674,298.8883314738684,49.589743288915926,0.0,0.0,362.4999934349398,480.22566253114536,0.0,0.0
211,0.0382787239335547,-6.750155989720954e-17,0.1101258756478405,0.0199410224950163,4.809974478072282,1.121226377436854,2.102633847570598,0.0628536277699331,0.0,0.0,0.0,0.0,0.0,0.0,0.0,0.0,0.0,0.0,0.0,0.0,0.0,0.0,0.0,0.0,0.0,0.0,384.4812671369288,0.0,6516.326944132823,2232.3783001043166,0.0,595.532522615635,0.0,0.0,5561.573396686093,1914.751670075676,638.8920472538636,205.933132859384,0.0,0.0,1976.1689795422756,1577.3955748483584,0.0,0.0
212,0.0544181910697672,-6.750155989720954e-17,0.0799642477076412,0.0434064566169907,3.5675290340975225,0.9181726658951574,2.4867369641990664,0.0593416475538677,0.0,0.0,0.0,0.0,0.0,0.0,0.0,0.0,0.0,0.0,0.0,0.0,0.0,0.0,0.0,0.0,0.0,0.0,142.0303893567055,0.0,5118.869905633776,1255.362294174608,0.0,525.51679250747,0.0,0.0,5018.903168088904,1893.3308889199636,832.4668324854712,481.8828467236939,0.0,0.0,3363.834793064927,2819.790201960778,45.90614418808861,0.0
213,0.0729280675083055,0.0042297162591361,0.0479369520598006,0.0887188831295678,2.5563962685338004,0.7275606792469327,2.905997823397565,0.0747955198870428,0.0,0.0,0.0,0.0,0.0,0.0,0.0,0.0,0.0,0.0,0.0,0.0,0.0,0.0,0.0,0.0,0.0,0.0,199.13423614151904,0.0,4692.540266528179,849.195536657762,0.0,454.101804113917,0.0,0.0,4713.565140201534,1360.8943825662816,820.7544853038072,733.299875610398,0.0,0.0,3025.378138736057,2904.5867029598,174.17320272786426,0.0
214,0.0952866100465116,0.0169442165182723,0.0150741610541783,0.1437091616074622,1.7705306773210034,0.5999162227796865,3.388058227895222,0.1440062776644514,0.0,0.0,0.0,0.0,0.0,0.0,0.0,0.0,0.0,0.0,0.0,0.0,0.0,0.0,0.0,0.0,0.0,0.0,258.31361659154754,0.0,5283.437518875587,1131.677326725331,0.0,380.1351241594167,0.0,0.0,4851.70895023437,1210.5538081369373,764.1433090572408,701.5194737417422,0.0,0.0,2114.117282374756,2161.4452229065955,199.92653956793828,0.0
215,0.1117204543119903,0.0288932509598307,2.057363847770187e-05,0.1924471247441858,1.385860861503193,0.6246958059024246,3.705691207974328,0.2268102490918148,0.0,0.0,0.0,0.0,0.0,0.0,0.0,0.0,0.0,0.0,0.0,0.0,0.0,0.0,0.0,0.0,0.0,0.0,321.9155918668632,0.0,5679.575734375198,1447.281514314765,0.0,327.31173890389977,0.0,0.0,5120.405032086256,1330.041273715335,707.6050305465154,619.4198801052827,0.0,0.0,1717.9689403766424,1797.1612288150102,221.38015371735685,0.0
216,0.131156883374904,0.0552815969938665,2.2382309992233773e-05,0.245279545783286,1.3656448273363369,0.85644030528927,3.955772515984154,0.3493146769051878,0.0,0.0,0.0,0.0,0.0,0.0,0.0,0.0,0.0,0.0,0.0,0.0,0.0,0.0,0.0,0.0,0.0,0.0,342.51724708925093,0.0,5773.185434089107,1761.0266461952997,0.0,264.13360045238267,0.0,0.0,5396.819126910461,1732.4402260111024,872.5676219721,640.3270672626343,0.0,0.0,2206.5236363185786,2091.213908514166,247.75662390634884,0.0
217,0.1767213621340629,0.0972830190439709,0.0055632316544849,0.3101785014383419,1.6158880158514974,1.2998828943763705,4.230901549925344,0.4961017084995117,0.0,0.0,0.0,0.0,0.0,0.0,0.0,0.0,0.0,0.0,0.0,0.0,0.0,0.0,0.0,0.0,0.0,0.0,315.5053758139189,0.0,5560.957885348839,1550.927658589166,0.0,204.05830319378077,0.0,0.0,5244.330466232576,1626.4265834263822,844.2321987132035,683.166308279072,0.0,0.0,2287.428733751949,2248.667383441856,272.94232968371665,0.0
218,0.2732828578865007,0.1420872757475082,0.0153240097275746,0.3688201231674004,1.9709915712916344,1.8546167720612703,4.451904159106378,0.6358480142444911,0.0,0.0,0.0,0.0,0.0,0.0,0.0,0.0,0.0,0.0,0.0,0.0,0.0,0.0,0.0,0.0,0.0,0.0,148.7594494879863,0.0,5587.122854932914,1588.563604001488,0.0,0.0,0.0,0.0,5803.32075968223,2407.2966445145444,1120.354718602573,626.5267262893458,0.0,0.0,3742.618975144016,3402.195071797564,296.8863421443001,0.0
219,0.3842203027694355,0.1828994364000001,0.0249871800199334,0.4256605962609963,2.383993457251317,2.5686828473740646,4.492825061870032,0.7613697661116287,0.0,0.0,0.0,0.0,0.0,0.0,0.0,0.0,0.0,0.0,0.0,0.0,0.0,0.0,0.0,0.0,0.0,0.0,123.6326405555533,0.0,5203.738609464167,1469.7599121872045,0.0,0.0,0.0,0.0,5672.383686699955,2480.007677102899,1185.5520654344573,598.3633871781077,4.158909697237593,0.0,4258.901932467371,3926.0791593749577,348.2069270861052,0.0
220,0.4890483410830567,0.216773290046512,0.0349431736544849,0.4786967365553284,2.8887964886925848,3.4109050223007698,4.350070883891132,0.8376647786220306,0.0,0.0,0.0,0.0,0.0,0.0,0.0,0.0,0.0,0.0,0.0,0.0,0.0,0.0,0.0,0.0,0.0,0.0,111.79975965275652,0.0,5297.961422335078,1511.0557242264315,0.0,0.0,0.0,0.0,5779.164470767667,2577.1674311848574,1144.8695241937107,585.3629885328579,0.5872086617172533,0.0,4112.979839187875,3836.527429117027,312.36357096222383,0.0
221,0.5891112830338591,0.2492353298208812,0.0446063439468437,0.5287469475883227,3.4532389569882183,4.217622373626045,4.183076597445681,0.8928013268825918,0.0,0.0,0.0,0.0,0.0,0.0,0.0,0.0,0.0,0.0,0.0,0.0,0.0,0.0,0.0,0.0,0.0,0.0,97.4840703526851,0.0,5780.018091805431,1709.5928926847348,0.0,0.0,0.0,0.0,5983.04307821921,2571.333484202961,946.233527828526,481.16708962484336,0.0,0.0,3218.787613158588,3029.3663196443345,125.0717819074638,0.0
222,0.6783756352154725,0.2675031101867588,0.0545694713628379,0.5682899146672998,4.028966411358591,4.878380148981699,4.019280162915524,0.9064717661298056,0.0,0.0,0.0,0.0,0.0,0.0,0.0,0.0,0.0,0.0,0.0,0.0,0.0,0.0,0.0,0.0,0.0,0.0,82.3744209549817,0.0,6551.319437011222,2024.507824262124,0.0,0.0,0.0,0.0,6177.749172585014,2373.001276354335,576.1462612312343,363.9519841012413,0.0,0.0,2165.960220928107,2169.1940892310654,20.63157924331497,0.0
223,0.7401201632797345,0.2672524099853824,0.0587598839999997,0.5837621266205991,4.590160606126271,5.4328458356172495,3.7778030522046535,0.8893308393063115,0.0,0.0,0.0,0.0,0.0,0.0,0.0,0.0,0.0,0.0,0.0,0.0,0.0,0.0,0.0,0.0,0.0,0.0,65.55340984414042,0.0,6848.670803632194,2299.546821491031,0.0,0.0,0.0,0.0,6431.003362415198,2740.361954351538,572.261202835328,286.2100296819751,0.0,0.0,2292.402365602758,2168.8180377416165,0.0,0.0
224,0.7446263003808634,0.2560215022325585,0.0587598839999997,0.5834638449305001,5.088504722364144,5.841902033210604,3.440214797580597,0.8245241583237192,0.0,0.0,0.0,0.0,0.0,0.0,0.0,0.0,0.0,0.0,0.0,0.0,0.0,0.0,0.0,0.0,0.0,0.0,200.96741648654609,0.0,7166.232660527174,2554.025929271953,0.0,0.0,0.0,0.0,6557.67041580273,2858.8199389544966,558.0208295275565,215.3067991574191,0.0,0.0,2220.8904466238887,1993.2943704358463,0.0,0.0
225,0.7329702766511619,0.2443080194152828,0.0587598839999997,0.5631048607016623,5.549892784754846,6.076932279768745,3.10730574556279,0.7381937435375407,0.0,0.0,0.0,0.0,0.0,0.0,0.0,0.0,0.0,0.0,0.0,0.0,0.0,0.0,0.0,0.0,0.0,0.0,360.5604580750918,0.0,7225.721587909552,2596.295365558502,0.0,0.0,0.0,0.0,6507.660697106934,2766.355216341199,545.8473692131103,210.1536217687827,0.0,0.0,2083.745549792355,1872.076804250752,0.0,0.0
226,0.7132689138520073,0.2180324641145275,0.0587387225432797,0.534134546895078,5.893795024505015,6.051232129053919,2.7934890518511626,0.610142890154515,0.0,0.0,0.0,0.0,0.0,0.0,0.0,0.0,0.0,0.0,0.0,0.0,0.0,0.0,0.0,0.0,0.0,0.0,517.7319297211259,0.0,7229.789235292908,2613.738964313312,0.0,26.5877827121048,0.0,0.0,6406.676388282483,2515.278285428912,539.9100468250166,221.7245365504401,0.0,0.0,1779.3313679609644,1618.1604006328646,0.0,0.0
227,0.6669912338659367,0.1749463169560293,0.0531966523455147,0.4923523487137002,6.084713291777248,5.8082987486230016,2.388221956488567,0.4599240835004875,0.0,0.0,0.0,0.0,0.0,0.0,0.0,0.0,0.0,0.0,0.0,0.0,0.0,0.0,0.0,0.0,0.0,0.0,797.3128545782208,0.0,7392.548831097821,2728.29114123978,0.0,383.9688759298248,0.0,0.0,5958.156622939881,1707.114303608042,384.9356351658994,95.72963613753492,0.0,0.0,1017.6545798763804,978.5235875581328,0.0,0.0
228,0.5692887240853156,0.1296898520531564,0.0443974715330231,0.4441393883051169,6.140315756023687,5.457849022764099,1.946128511252092,0.318780554103388,0.0,0.0,0.0,0.0,0.0,0.0,0.0,0.0,0.0,0.0,0.0,0.0,0.0,0.0,0.0,0.0,0.0,0.0,1147.1956707032573,0.0,7263.279646822294,2674.550337203077,0.0,572.2429710336305,0.0,0.0,5563.235203088722,1328.7365591699222,271.93325312787834,42.5600911376563,0.0,0.0,745.0844163632988,777.2635049032764,0.0,0.0
229,0.4553006984417895,0.0896269711020005,0.0372038028039866,0.3913034678187603,6.084539362718347,4.948771931356168,1.5397989748186862,0.1951765148444191,0.0,0.0,0.0,0.0,0.0,0.0,0.0,0.0,0.0,0.0,0.0,0.0,0.0,0.0,0.0,0.0,0.0,0.0,919.4416449415644,0.0,5927.572840651423,1923.921562522043,0.0,458.0874820091983,0.0,0.0,4743.885693802319,1092.643354367405,416.1422188771848,245.1950222647587,0.0,0.0,1426.283780311607,1466.09371160893,0.0,0.0
230,0.3398254011627905,0.0596682047099003,0.0300129511096345,0.3400788848627236,5.979713017359497,4.326810865472667,1.245235092853154,0.1189632429304979,0.0,0.0,0.0,0.0,0.0,0.0,0.0,0.0,0.0,0.0,0.0,0.0,0.0,0.0,0.0,0.0,0.0,0.0,580.6989462691632,0.0,5192.062015445495,1264.7662352947616,0.0,293.2726325537609,0.0,0.0,4775.198951195082,1304.147394243242,802.5263629745988,639.1347849398217,0.0,0.0,2886.318073024022,2862.5738547510496,90.58950801009269,0.0
231,0.2175548081971207,0.0381068006179401,0.0223031719734219,0.2860184828239199,5.781632122217083,3.670766439173841,1.0296028848970111,0.0653986926888145,0.0,0.0,0.0,0.0,0.0,0.0,0.0,0.0,0.0,0.0,0.0,0.0,0.0,0.0,0.0,0.0,0.0,0.0,569.3363462329778,0.0,3902.72461855576,441.1264552649748,0.0,303.3970955557828,0.0,0.0,4383.45979254832,1359.971358293648,1073.3643589330973,987.6802164371765,23.68809260325613,0.0,4505.0723115510045,4382.061003647278,474.6871921435348,0.0
232,0.1076719317699975,0.0428249781880909,0.0145181673664706,0.2236120282455911,5.5393768324355,3.239834001536648,0.8234651275254294,0.1009124583120361,0.0,0.0,0.0,0.0,0.0,0.0,0.0,0.0,0.0,0.0,0.0,0.0,0.0,0.0,0.0,0.0,0.0,0.0,557.6864320188918,0.0,2120.5311561553485,223.93197238185232,0.0,313.7852368007143,0.0,0.0,2385.6592880555586,710.7212922445835,568.5602261677911,548.9059461746026,24.867339815427208,0.0,2428.655080979409,2378.2655385529306,265.70446704960284,0.0
233,0.0316651862016534,0.0734713716204898,0.0127705572358802,0.171148419299698,5.317399040676226,3.0229643639322927,0.7005205162580554,0.1942685619806838,0.0,0.0,0.0,0.0,0.0,0.0,0.0,0.0,0.0,0.0,0.0,0.0,0.0,0.0,0.0,0.0,0.0,0.0,546.9398971234743,0.0,3317.5127065447405,410.302138426871,0.0,323.36433827724375,0.0,0.0,3415.1937827085144,742.5097091175325,624.0782399106666,774.3777776888586,107.10409383709175,0.0,2391.541427842816,2533.056756878786,241.63428184303356,0.0
234,0.0056979945108463,0.112426865820598,0.0141063472120381,0.1279967563877272,5.128151177848769,3.049348260454928,0.6152588839663874,0.3362345863888993,0.0,0.0,0.0,0.0,0.0,0.0,0.0,0.0,0.0,0.0,0.0,0.0,0.0,0.0,0.0,0.0,0.0,0.0,543.3937043100292,0.0,4468.188205203889,597.4671320093563,0.0,337.51490653734163,151.1585914134079,0.0,4424.389570157609,811.4321264725087,732.640708362639,1027.9268819828148,206.2638623040345,0.0,2537.0715211754195,2848.53461587974,268.27642053371187,0.0
235,1.2868281577306913e-05,0.1569294242790696,0.0141321239999998,0.1058726832362567,4.9483795658246414,3.307266340112303,0.5684149052897882,0.5496058758410326,0.0,0.0,0.0,0.0,0.0,0.0,0.0,0.0,0.0,0.0,0.0,0.0,0.0,0.0,0.0,0.0,0.0,0.0,556.6468718100413,0.0,4777.347897857162,695.750592123922,0.0,365.5998907105924,364.2927002305064,0.0,4653.700507572688,823.1767196817023,868.0210125441882,1211.3622584781183,344.6430828933067,0.0,2724.2785238943384,3118.61817134118,404.7844365760347,0.0
236,0.0063837657099466,0.1981372893793473,0.0141321239999998,0.0851131611029898,4.745406208635193,3.759640377317486,0.5400064863559556,0.8049029422211674,0.0,0.0,0.0,0.0,0.0,0.0,0.0,0.0,0.0,0.0,0.0,0.0,0.0,0.0,0.0,0.0,0.0,0.0,556.5495348674987,0.0,4586.394068064179,550.2268491758339,0.0,387.7063985910909,456.8675759436715,0.0,4466.287117006563,606.6213581052783,853.7671200648315,1291.5317859269444,502.2610189406157,0.0,2778.757027529052,3304.1350233091143,516.7703318034337,0.0
237,0.018614668664452,0.2285615917674412,0.0141321239999998,0.0667489614171427,4.545803978850527,4.288540856225355,0.5429943411285045,1.0709435589631895,0.0,0.0,0.0,0.0,0.0,0.0,0.0,0.0,0.0,0.0,0.0,0.0,0.0,0.0,0.0,0.0,0.0,0.0,638.1644810770129,19.19055128222077,4476.842971820743,398.7176977442755,0.0,427.4972614479711,527.0075529862912,0.0,4281.157028179257,380.8224888326381,771.2243712427357,1280.9308979608604,573.5888056279491,0.0,2679.452360525332,3332.069202127676,540.7439747430091,0.0
238,0.0312171922524918,0.2502779448760535,0.0130703186189623,0.064023116667263,4.403073429494535,4.793062687918961,0.5808725519202649,1.3003133197114731,0.0,0.0,0.0,0.0,0.0,0.0,0.0,0.0,0.0,0.0,0.0,0.0,0.0,0.0,0.0,0.0,0.0,0.0,731.0164429444957,68.58609331010635,4518.291524792764,394.3360897628549,0.0,454.8090419101399,517.8678596469225,0.0,4258.559100679012,358.20817829510247,727.6554857830047,1225.9510213577908,519.1877969402184,0.0,2592.0554340955377,3247.352569535753,521.0163161212288,0.0
239,0.0441607728231537,0.2567003055801168,0.0106343059335547,0.0692498374983389,4.255818121138542,5.293041278812137,0.6261032561860449,1.4807653320912324,0.0,0.0,0.0,0.0,0.0,0.0,0.0,0.0,0.0,0.0,0.0,0.0,0.0,0.0,0.0,0.0,0.0,0.0,648.5260185371349,20.46957488767892,4853.436575102473,609.4701836041501,0.0,366.13617581694,352.58045459194494,0.0,4518.336989806073,609.7099585237979,749.6789727416144,1119.2797770013574,355.548729778848,0.0,2543.9469033249525,3011.2233861672366,387.628187371913,0.0
240,0.0619401678936878,0.2542403197240563,0.0082163511627906,0.0731580612757475,3.996879696372904,5.638416359186215,0.6707377187969493,1.6223085033652511,0.0,0.0,0.0,0.0,0.0,0.0,0.0,0.0,0.0,0.0,0.0,0.0,0.0,0.0,0.0,0.0,0.0,0.0,395.8025411264232,0.0,5327.957330729487,1027.3058160473156,0.0,294.37417390469807,142.61368235189434,0.0,4985.79542939593,1107.4626020055537,851.1501527540487,982.114990377928,176.111871357783,0.0,2697.288556928589,2883.4383145187385,243.94094530096345,0.0
241,0.0812707367760799,0.2423127571295674,0.0059627234152822,0.0751456357475083,3.6872501220784337,5.828175798330873,0.6989832199441841,1.7072519909687698,0.0,0.0,0.0,0.0,0.0,0.0,0.0,0.0,0.0,0.0,0.0,0.0,0.0,0.0,0.0,0.0,0.0,0.0,159.96955126824125,0.0,5453.803344435473,1182.8757229473797,0.0,347.66163277472907,84.93596849180905,0.0,5226.100265600554,1469.9384656927064,982.523431181655,951.6470403700548,223.1015201991457,0.0,3148.383261633464,3237.922019582262,310.30382960746664,0.0
242,0.0944636909360956,0.2209935122861046,0.0037090956677739,0.0786315102458471,3.3626719014946542,5.826432832010134,0.7120229432667555,1.7089077705882327,0.0,0.0,0.0,0.0,0.0,0.0,0.0,0.0,0.0,0.0,0.0,0.0,0.0,0.0,0.0,0.0,0.0,0.0,100.4318049423614,0.0,5463.55510428261,1173.4202312583684,0.0,390.7983721253944,139.226586696903,0.0,5177.21870586531,1306.54485477354,921.5178801282532,986.5247132016978,260.05685169675786,0.0,2624.247789227132,2804.8184991963594,291.40747618793847,0.0
243,0.1024894053089705,0.183213178410682,0.0012911408970098,0.082473790954255,2.971181479059573,5.644701061058746,0.6967921510787088,1.6332902092248878,0.0,0.0,0.0,0.0,0.0,0.0,0.0,0.0,0.0,0.0,0.0,0.0,0.0,0.0,0.0,0.0,0.0,0.0,382.3887707130227,0.0,5558.462923571007,1208.8921720778826,0.0,439.9151594009723,221.87734150628555,0.0,5167.557984103123,1109.1132362474464,780.202888454233,945.0963424942546,235.8679192600177,0.0,2240.719057209095,2377.152932821843,164.39351026114733,0.0
244,0.1101954778205984,0.1417512084518273,9.989484695478423e-07,0.0799154569613346,2.53521123697804,5.256857190742599,0.6699208339263419,1.5058577552419563,0.0,0.0,0.0,0.0,0.0,0.0,0.0,0.0,0.0,0.0,0.0,0.0,0.0,0.0,0.0,0.0,0.0,0.0,512.4504567371338,0.0,5490.845619147815,1186.4163691593403,0.0,443.34070419458254,349.14071760850646,0.0,5146.87427557631,1045.4587628878094,797.2509579095849,1033.7911482929064,363.7340333833507,0.0,2325.385033758025,2428.124359761309,193.524813400712,0.0
245,0.1177824780457303,0.0998161052890368,-9.237055564881284e-17,0.0716601488700411,2.081864169378178,4.7033961459901965,0.6269447810982987,1.3284045872386143,0.0,0.0,0.0,0.0,0.0,0.0,0.0,0.0,0.0,0.0,0.0,0.0,0.0,0.0,0.0,0.0,0.0,0.0,134.6815513779775,0.0,5014.532827967551,917.7169873099472,0.0,398.3330837648565,482.2718818217998,0.0,4866.827628424726,1057.401845518243,1013.8928323431892,1304.8894970115432,750.4146731969591,0.0,3056.1296285661037,3373.7648319546,487.3341835657705,0.0
246,0.1157197016639776,0.0617060033564309,-9.237055564881284e-17,0.0667847262259137,1.7427447792558408,4.072569529905046,0.5639746387916469,1.10470576044803,0.0,0.0,0.0,0.0,0.0,0.0,0.0,0.0,0.0,0.0,0.0,0.0,0.0,0.0,0.0,0.0,0.0,0.0,213.5786414244673,2.36755058723938,4797.664106925456,705.4974711858637,0.0,369.458026795899,559.1333369630273,0.0,4636.6892674846185,810.6194923546199,955.2105513531072,1381.0079970153456,821.7814081694926,0.0,2882.9896270753443,3474.747596854554,493.7509380774543,0.0
247,0.1044773916279072,0.0335062388571428,-9.237055564881284e-17,0.0623248331561462,1.4618692525185706,3.4074695712801906,0.4779537076772664,0.8624674776152957,0.0,0.0,0.0,0.0,0.0,0.0,0.0,0.0,0.0,0.0,0.0,0.0,0.0,0.0,0.0,0.0,0.0,0.0,592.4064752691797,149.23396270381204,4579.57846837238,399.73771754609993,0.0,452.46130867265913,638.0523113804238,0.0,4324.830345154061,333.00012343250955,708.9868910537941,1373.915905335946,725.1015964788277,0.0,2241.593843384177,3123.6609599514945,393.28083679787176,0.0
248,0.0913806514285715,0.0088092376870082,-9.237055564881284e-17,0.0541689151474034,1.1165827084028943,2.707150404071309,0.3649197481531737,0.6317954321335891,0.0,0.0,0.0,0.0,0.0,0.0,0.0,0.0,0.0,0.0,0.0,0.0,0.0,0.0,0.0,0.0,0.0,0.0,1110.8033102942431,379.16523967790187,4723.9108586349375,344.5302587062983,0.0,666.0442549885266,558.67610726722,0.0,4229.524933890362,94.80241409304703,443.1383478544423,1109.6687189859592,347.6765757649312,0.0,1575.5224661002346,2322.9783686821143,297.2613991698456,0.0
249,0.0781414780018604,0.0011562691837873,-9.237055564881286e-17,0.0403593758671096,0.8208092473738472,2.061515125040497,0.2614167002392024,0.4686536689235897,0.0,0.0,0.0,0.0,0.0,0.0,0.0,0.0,0.0,0.0,0.0,0.0,0.0,0.0,0.0,0.0,0.0,0.0,1313.1447643607712,427.5205360378072,4942.3962993115465,468.7946564285219,0.0,746.9219714596296,456.84086461441206,0.0,4333.271042085868,130.70533516818156,385.38192828672976,953.523614342654,140.64887156833268,0.0,1378.6745353131191,1975.4096498369447,224.65092601244305,0.0
250,0.0605069397209301,1.5987211554602278e-17,-9.237055564881284e-17,0.0292092051370583,0.6541656691172714,1.6422146907102049,0.1599996925598304,0.3561418203102394,0.0,0.0,0.0,0.0,0.0,0.0,0.0,0.0,0.0,0.0,0.0,0.0,0.0,0.0,0.0,0.0,0.0,0.0,515.340661116725,137.39762603189345,3988.982705927086,524.5804957809135,0.0,294.30969750020074,282.0710647415352,0.0,3552.8283345101627,253.0808534235311,372.6931887005433,728.4456040852181,84.57457244056327,0.0,1209.994867914196,1610.630443878356,118.1944301472517,0.0
251,0.0399719766404185,1.5987211554602278e-17,-9.237055564881286e-17,0.0208468803588039,0.6193439677560153,1.5003512708706817,0.0784271989956877,0.3238645442604086,0.0,0.0,0.0,0.0,0.0,0.0,0.0,0.0,0.0,0.0,0.0,0.0,0.0,0.0,0.0,0.0,0.0,0.0,0.0,0.0,3758.045092777264,698.6858563331022,0.0,0.0,163.05640787169338,0.0,3610.181941927169,744.8911380667199,537.7442784267528,645.5593347447624,112.47839997126889,0.0,1801.5510436460952,1975.714870818044,139.62824431513917,0.0
252,0.026692688597741,1.5987211554602278e-17,-9.237055564881286e-17,0.0128969943189368,0.6629872019992272,1.613566380991064,0.0254335729371421,0.3615781146745515,0.0,0.0,0.0,0.0,0.0,0.0,0.0,0.0,0.0,0.0,0.0,0.0,0.0,0.0,0.0,0.0,0.0,0.0,0.0,0.0,4995.021506979605,1261.0108910633394,0.0,0.0,49.81162412270746,0.0,5226.082628597733,1813.253319545152,1018.1056880824676,791.8747009581416,202.84104035641485,0.0,3469.9957112341617,3371.083714386756,231.56641498236704,0.0
253,0.018827181807309,1.5987211554602278e-17,-9.237055564881284e-17,0.0046192779269102,0.7587539987195868,1.9293825169411445,0.0028031126347463,0.4410795556591756,0.0,0.0,0.0,0.0,0.0,0.0,0.0,0.0,0.0,0.0,0.0,0.0,0.0,0.0,0.0,0.0,0.0,0.0,0.0,0.0,5643.677238912013,1587.313745813599,0.0,0.0,0.0,0.0,6101.775810666956,2439.675066731261,1331.8709608750803,871.1075870293287,219.33519790919,0.0,4377.3806008325,4078.079291840104,288.1551621333911,0.0
254,0.0111989484119603,1.5987211554602278e-17,-9.237055564881286e-17,2.1976866332027672e-05,0.940458284201622,2.4082157242015656,0.0043268664318931,0.5109159101847748,0.0,0.0,0.0,0.0,0.0,0.0,0.0,0.0,0.0,0.0,0.0,0.0,0.0,0.0,0.0,0.0,0.0,0.0,0.0,0.0,5670.239736747233,1648.012033846784,0.0,0.0,0.0,0.0,6158.052146669399,2519.584707021718,1328.0811658336831,818.2085866775955,176.36809777959922,0.0,4203.515324506374,3851.014854412147,270.79235351085873,0.0
255,0.0039599105980068,1.5987211554602278e-17,-9.237055564881284e-17,-5.684341886080815e-17,1.1762177717359774,2.971721027785898,0.0062802575880392,0.5699472490972124,0.0,0.0,0.0,0.0,0.0,0.0,0.0,0.0,0.0,0.0,0.0,0.0,0.0,0.0,0.0,0.0,0.0,0.0,27.61170239906868,0.0,6412.507656090786,2060.76459980374,0.0,0.0,0.0,0.0,6309.639154348603,1971.639332881044,616.6148167800566,465.1742675352143,6.913043478260869,0.0,2125.8677637424,1855.9006645720904,9.043478260869565,0.0
256,1.5973786900979067e-05,1.5987211554602278e-17,-9.237055564881284e-17,-5.684341886080815e-17,1.451094515103016,3.634011191332192,0.008422686598006,0.647575217596345,0.0,0.0,0.0,0.0,0.0,0.0,0.0,0.0,0.0,0.0,0.0,0.0,0.0,0.0,0.0,0.0,0.0,0.0,131.90952631182424,0.0,7153.409490605855,2685.569974209927,0.0,0.0,0.0,0.0,6260.217533653127,1555.9135926785052,232.19975096319573,183.5853992774128,0.0,0.0,958.704033445624,606.1665335139613,0.0,0.0
257,1.7230661342182366e-16,1.5987211554602278e-17,-9.237055564881284e-17,-5.684341886080815e-17,1.7933979618707714,4.247896709638529,0.0107121450498332,0.7021225518959435,0.0,0.0,0.0,0.0,0.0,0.0,0.0,0.0,0.0,0.0,0.0,0.0,0.0,0.0,0.0,0.0,0.0,0.0,58.07779910340852,0.0,3149.5945948298368,1182.5230182628693,0.0,23.04056380488367,0.0,0.0,2756.12876408978,684.874052730362,102.10313565831164,214.60794849892545,0.0,0.0,421.7147764675343,266.51607900354423,0.0,0.0
258,1.7230661342182366e-16,1.5987211554602278e-17,-9.237055564881286e-17,-5.684341886080815e-17,2.165618065215972,4.711267519099499,0.0124849000345508,0.711078860332226,0.0,0.0,0.0,0.0,0.0,0.0,0.0,0.0,0.0,0.0,0.0,0.0,0.0,0.0,0.0,0.0,0.0,0.0,94.86611232365787,0.0,2288.7392006450955,788.1615538160659,0.0,93.9032026782308,0.0,0.0,1981.739054404414,468.7427697189303,129.75171884810896,244.12255593730865,0.0,0.0,429.9894811626039,321.8214881599873,0.0,0.0
259,1.7230661342182366e-16,1.5987211554602278e-17,-9.237055564881284e-17,-5.684341886080815e-17,2.5511062162386486,5.079680219754696,0.0126445319999993,0.6996496893488376,0.0,0.0,0.0,0.0,0.0,0.0,0.0,0.0,0.0,0.0,0.0,0.0,0.0,0.0,0.0,0.0,0.0,0.0,231.01336057678583,0.0,5756.703818803575,1845.4870154505472,0.0,88.7769861677839,0.0,0.0,5081.208509701456,1169.9845100620444,417.4420772232547,284.9933338893117,0.0,0.0,1331.944383854007,1048.90774137751,0.0,0.0
260,1.7230661342182366e-16,1.5987211554602278e-17,-9.237055564881284e-17,-5.684341886080815e-17,2.86822589442783,5.339099083089409,0.0126445319999993,0.6864963360030666,0.0,0.0,0.0,0.0,0.0,0.0,0.0,0.0,0.0,0.0,0.0,0.0,0.0,0.0,0.0,0.0,0.0,0.0,377.3352982440944,0.0,6247.628388305661,1819.8725273009013,0.0,229.55097890888172,0.0,0.0,5663.7247638311055,1272.772351590185,719.107859635639,548.4004145101735,0.0,0.0,2058.190256821403,1807.2352768221435,0.0,0.0
261,1.7230661342182366e-16,1.5987211554602278e-17,-9.237055564881286e-17,-5.684341886080815e-17,3.1336876030293928,5.4293734806888665,0.0126445319999993,0.6372290770134212,0.0,0.0,0.0,0.0,0.0,0.0,0.0,0.0,0.0,0.0,0.0,0.0,0.0,0.0,0.0,0.0,0.0,0.0,414.9867558797019,0.0,5628.01664746286,1430.701181774622,0.0,285.67759211281475,61.1442104181971,0.0,5383.488765962026,1523.9062678736968,1176.5298033560032,961.4945827305362,186.0011259417165,0.0,3597.222399798063,3380.8890587819646,194.191921707323,0.0
262,1.7230661342182366e-16,1.5987211554602278e-17,-9.237055564881284e-17,-5.684341886080815e-17,3.3171085862192906,5.367466742609524,0.0123477334372375,0.5628774804726264,0.0,0.0,0.0,0.0,0.0,0.0,0.0,0.0,0.0,0.0,0.0,0.0,0.0,0.0,0.0,0.0,0.0,0.0,342.8024806343707,0.0,5309.0311201041695,1250.5876909529095,0.0,235.98083943600403,150.1068804511044,0.0,5285.136165675913,1692.1507413140048,1365.7002043817477,1124.327512606449,467.0721085833152,0.0,4278.486833182242,4126.568625626263,517.640212113805,0.0
263,1.7230661342182366e-16,1.5987211554602278e-17,-9.237055564881284e-17,-5.684341886080815e-17,3.416651467246455,5.160123649369518,0.0105021029900326,0.4697596239491891,0.0,0.0,0.0,0.0,0.0,0.0,0.0,0.0,0.0,0.0,0.0,0.0,0.0,0.0,0.0,0.0,0.0,0.0,277.61614608144924,0.0,4059.3567447242954,951.2997871892532,0.0,191.14770599479596,121.56152505503766,0.0,4121.74575374257,1339.6259831381255,1058.1342883078985,890.4889360542535,357.1365934005192,0.0,3258.5909055482725,3248.4248776357317,388.32619594887234,0.0
264,1.7230661342182366e-16,1.5987211554602278e-17,-9.237055564881284e-17,-5.684341886080815e-17,3.3921807301262668,4.765118472748581,0.0082966613621256,0.3786381993621268,0.0,0.0,0.0,0.0,0.0,0.0,0.0,0.0,0.0,0.0,0.0,0.0,0.0,0.0,0.0,0.0,0.0,0.0,208.42231310519543,0.0,2294.684152085942,537.7541487013733,0.0,143.49981569469017,91.2934312290725,0.0,2329.9905582345373,757.2538668226641,598.0927807397437,503.3864504815701,201.8965150469932,0.0,1842.0331197269556,1836.3105464260288,219.4997181212909,0.0
265,1.7230661342182366e-16,1.5987211554602278e-17,-9.237055564881284e-17,-5.684341886080815e-17,3.3165529181781865,4.287105249683036,0.0062592533820592,0.300843654099668,0.0,0.0,0.0,0.0,0.0,0.0,0.0,0.0,0.0,0.0,0.0,0.0,0.0,0.0,0.0,0.0,0.0,0.0,132.96006776425477,0.0,1463.3492610716244,342.90256708955053,0.0,91.4989184475,58.1781427905395,0.0,1485.8319685472854,482.9008411640737,381.4572143577277,321.0302588386778,128.72836350256406,0.0,1174.654649942716,1171.033344905814,139.9982740745232,0.0
266,1.7230661342182366e-16,1.5987211554602278e-17,-9.237055564881284e-17,-5.684341886080815e-17,3.289637571421822,3.7843485081185606,0.0042428496079728,0.2233745319987468,0.0,0.0,0.0,0.0,0.0,0.0,0.0,0.0,0.0,0.0,0.0,0.0,0.0,0.0,0.0,0.0,0.0,0.0,92.07047496789288,154.16179747500016,1083.650589517039,173.37669884264733,0.0,50.45029000564153,116.077767105763,0.0,1080.484631961249,244.1541952920239,234.2226165960637,287.2824157220408,183.76012927928423,0.0,788.9371278166601,883.1539755965223,132.1561819978985,0.0
267,1.7230661342182366e-16,1.5987211554602278e-17,-9.237055564881284e-17,-5.684341886080815e-17,3.24504839863304,3.336819797989995,0.0026751374919493,0.1785471875098395,0.0,0.0,0.0,0.0,0.0,0.0,0.0,0.0,0.0,0.0,0.0,0.0,0.0,0.0,0.0,0.0,0.0,0.0,187.1202004606244,204.86520586609717,2508.1012533406138,80.33478433481538,0.0,46.55473223732388,564.8053582760754,0.0,2420.208283972141,111.66797185905672,346.26421930719334,866.0268498914918,784.055685483613,0.0,1497.494442019755,2108.754933762721,421.4821651046055,0.0
268,1.7230661342182366e-16,1.5987211554602278e-17,-9.237055564881284e-17,0.0024117770631228,3.1860069543482727,3.043750950465468,0.0112796866093408,0.1990464508376005,0.0,0.0,0.0,0.0,0.0,0.0,0.0,0.0,0.0,0.0,0.0,0.0,0.0,0.0,0.0,0.0,0.0,0.0,293.3682952726805,137.92505336831312,4141.896333577366,96.02948060792812,0.0,49.1005893327365,1017.8681019541776,0.0,3947.232288815327,110.79109121711898,509.0143405235367,1490.573435147545,1400.9906059438297,0.0,2345.410036076046,3465.437477098912,723.3223803185332,0.0
