Time,r-biceps,l-biceps,r-lats,l-lats,r-quat,l-quat,r-hamstring,l-hamstring,L1,L2,L3,L4,L5,L6,L7,L8,L9,L10,L11,L12,L13,L14,L15,L16,L17,L18,R1,R2,R3,R4,R5,R6,R7,R8,R9,R10,R11,R12,R13,R14,R15,R16,R17,R18
0,5.3290705182007346e-18,0.0,0.0,0.0,9.399003490838275,8.298169068742345,0.4170030908770751,0.0236933538793354,0.0,0.0,3768.2800091609274,2704.490691036075,0.0,0.0,0.0,0.0,4939.752514389544,1839.4765304624996,191.1624466581182,0.0,0.0,0.0,859.6030741062343,129.36963197666464,0.0,0.0,0.0,0.0,2239.302685084344,0.0,0.0,0.0,0.0,0.0,2117.40450576204,0.0,0.0,0.0,0.0,0.0,0.0,0.0,0.0,0.0
1,5.3290705182007346e-18,0.0,0.0,0.0,9.485837975127628,6.170043552870057,0.3396888859370711,0.0237899402790696,0.0,0.0,4740.188428912475,3886.9794779644567,0.0,0.0,0.0,0.0,6406.819451786175,3628.66463189337,390.4466804787338,0.0,0.0,0.0,1869.513332774867,353.1147265269016,0.0,0.0,0.0,0.0,1999.5471425405344,0.0,0.0,0.0,0.0,0.0,1894.576963097699,0.0,0.0,0.0,0.0,0.0,0.0,0.0,0.0,0.0
2,5.3290705182007346e-18,0.0,0.0,0.0,9.41413251563882,4.2101970953645385,0.2720441036140852,0.0220836574285713,0.0,0.0,4863.545339045706,3668.6810483659833,0.0,0.0,0.0,0.0,6132.498306866611,3352.9178886001355,494.92257949094136,0.0,0.0,0.0,1954.553065538346,492.38701330203696,0.0,0.0,0.0,0.0,1785.717876892359,0.0,0.0,0.0,0.0,0.0,1738.0485078507431,0.0,0.0,0.0,0.0,0.0,0.0,0.0,0.0,0.0
3,5.3290705182007346e-18,0.0,0.0,0.0015866000611295,9.09260629172972,2.573008758320553,0.2317602275712949,0.0199008673953488,0.0609213822667473,0.0,5079.023399201396,3582.824343093981,0.0,0.0,0.0,0.0,5835.768202814191,3066.8292977188,692.2188630011614,0.0,0.0,0.0,2448.956965189189,800.7735065673515,0.0,0.0,0.0,0.0,1492.8314176458257,0.0,0.0,0.0,0.0,0.0,1539.705410260133,0.0,0.0,0.0,0.0,0.0,0.0,0.0,0.0,0.0
4,5.3290705182007346e-18,0.0,0.0,0.0059717840531561,8.51759792282028,1.457691088132366,0.1935236092120139,0.0177399052624584,10.4840687347894,0.0,4634.722371183532,2914.24362331405,0.0,0.2937488184266127,0.0,0.0,5189.237533206567,2266.2065244701084,587.8301408276269,0.0,0.0,0.0,2163.7039199665337,805.2639202476124,0.0,0.0,0.0,0.0,1154.1564505396846,0.0,0.0,0.0,0.0,0.0,1348.6612387934174,0.0,0.0,0.0,0.0,0.0,0.0,0.0,0.0,0.0
5,5.3290705182007346e-18,0.0,0.0,0.0103711355880398,7.748631689338151,0.7941088311782691,0.1544468095016609,0.0154750315655298,446.55693899499295,0.0,4405.516075690353,2500.68273698418,0.0,82.54013805230642,27.04926543742961,0.0,4596.673533498802,1319.6160545868086,565.7529118988534,21.15296779439318,0.0,0.0,1471.0643672354852,677.0960262444419,0.0,0.0,0.0,0.0,975.3231819040284,0.0,0.0,0.0,0.0,0.0,1237.921154091425,0.0,0.0,0.0,0.0,0.0,0.0,0.0,0.0,0.0
6,0.0006795478405315,0.0,0.0,0.0149051611495016,6.916957054295707,0.4177400755584137,0.1165622233156146,0.0118871767237413,955.0270644618316,0.0,4214.263414441609,2265.0244288622093,0.0,491.93822996976365,534.3309091060624,0.0,4100.76657609499,540.5078589629321,781.3301474736903,474.7902610470818,0.0,0.0,1477.601613951739,917.716503303227,0.0,0.0,0.0,0.0,947.4919054584544,0.0,0.0,0.0,0.0,0.0,1224.6359992772718,0.0,0.0,0.0,0.0,0.0,0.0,0.0,0.0,0.0
7,0.0028994041196013,0.0,0.0,0.0194391867109634,6.056473331059487,0.3258531999427952,0.0801108653023255,0.0094230633887043,876.8564720390278,0.0,3810.2541293042336,1730.8257779487622,0.0,453.8063361886426,908.3747654527796,0.0,3679.994962082929,0.0,898.3164133337875,894.5932306171658,0.0,0.0,1957.3354411031407,1480.4031770405322,0.0,0.0,0.0,0.0,925.1211103715945,0.0,0.0,0.0,0.0,0.0,1213.9746052703615,0.0,0.0,0.0,0.0,0.0,0.0,0.0,0.0,0.0
8,0.0052458295836519,5.221911364633611e-06,0.0,0.0240181036146178,5.278470912356575,0.3545531105743322,0.0433776095530619,0.0099921118548235,762.4030970458194,290.7978673658935,3218.4612799735924,948.3704763093596,0.0,398.00725869506135,1456.212877093673,0.0,3063.607532507164,0.0,1069.701727065851,1509.6358482419578,322.3189964533762,0.0,2660.1369479054447,2304.71331079911,14.833472511756526,0.0,0.0,0.0,838.1796977923407,0.0,0.0,0.0,0.0,0.0,1189.776747619349,0.0,0.0,0.0,0.0,0.0,0.0,0.0,0.0,0.0
9,0.0145728721040011,0.0012223624186046,0.0017588023186479,0.0269750051812797,4.680504865027037,0.4543318087202277,0.0301899916761516,0.0176814229634551,689.9737013154947,1770.824000113343,2758.573351975301,335.01654644406074,0.0,368.3634925953217,1881.6369930417368,0.0,2566.325458764016,0.0,1197.8546776141688,1976.5043126009928,1940.1950173235505,0.0,3110.1101359726067,2890.042479019122,76.78173730189151,0.0,0.0,0.0,801.0127733829391,0.0,0.0,0.0,0.0,0.0,1183.431820060648,0.0,0.0,0.0,0.0,0.0,0.0,0.0,0.0,0.0
10,0.0350770239867109,0.0034595162790697,0.0174664387375415,0.0270245879999999,4.324020535605265,0.6118114808395739,0.0836110333203045,0.032786071579441,823.8783258160345,1917.5315875535932,2750.8766912634023,446.0154927820542,0.0,466.8363498397619,1692.7690804102767,0.0,2460.750287206674,0.0,1075.0648572753264,1685.0649587915773,1563.7216369549974,0.0,2311.6452882313383,2290.89146037635,27.47804876277008,0.0,0.0,0.0,774.7968714022098,0.0,0.0,0.0,0.0,0.0,1174.5830215651167,0.0,0.0,0.0,0.0,0.0,0.0,0.0,0.0,0.0
11,0.0573414823255814,0.0058119873488372,0.0393948297807309,0.0270245879999999,4.264845218936124,0.8446384607535858,0.1562185760531558,0.0627803361328903,993.292127544576,1763.0911779183878,1907.0220433454008,656.1596173659193,14.009440720419365,577.5192742388136,719.4269397619756,0.0,1573.2898921554868,0.0,447.6390267579127,430.6045213595757,152.9307732466123,0.0,472.791938343402,555.7698560808857,0.0,0.0,0.0,0.0,688.1473933404809,0.0,0.0,0.0,0.0,0.0,1105.5784990377542,0.0,0.0,0.0,0.0,0.0,0.0,0.0,0.0,0.0
12,0.0781255691340921,0.0080722046511627,0.0609342618355834,0.0270245879999999,4.64332657731762,1.1616419317415898,0.2264889051335262,0.0936425161196014,634.7020355288097,1061.5108363827871,1203.2306700228658,478.7444480565202,15.073630769080983,364.3437172671035,361.4974488122468,0.0,980.3472383903865,0.0,233.79751194254396,173.9631152127896,0.0,0.0,187.4781886930263,230.39918844576167,0.0,0.0,0.0,0.0,578.9672285834467,0.0,0.0,0.0,0.0,0.0,953.097447663562,0.0,0.0,0.0,0.0,0.0,0.0,0.0,0.0,0.0
13,0.0986289286065319,0.0103785488372093,0.0863923584318936,0.0255277954895003,5.508235090107468,1.596297476903172,0.2999828935016608,0.1256430417009969,689.7720805331821,712.20323198823,2246.583718445741,1272.191289457199,3.493515023000612,330.0225934264193,83.87299592105566,0.0,1822.2800493685693,0.0,192.53510172287548,40.37587034779396,0.0,0.0,178.10025541656103,53.46223399952575,0.0,0.0,0.0,0.0,452.45606794812073,0.0,0.0,0.0,0.0,0.0,768.2550452632784,0.0,0.0,0.0,0.0,0.0,0.0,0.0,0.0,0.0
14,0.1213701676263437,0.0127762423419972,0.1135050817275746,0.0209630212624584,6.844444789580644,2.1190989980027544,0.3768591918374043,0.1566154029204613,967.06650313905,555.2633517387233,4092.628455195655,2538.71326662177,0.0,396.5226880568569,0.0,0.0,3314.967681933495,139.81218308109874,208.18180895455455,0.0,0.0,0.0,223.9689123529307,0.0,0.0,0.0,0.0,0.0,383.6663212802482,0.0,0.0,0.0,0.0,0.0,662.3326425604964,0.0,0.0,0.0,0.0,0.0,0.0,0.0,0.0,0.0
15,0.136060154410148,0.013884192,0.1373894847725762,0.0166983437541527,8.331074451024495,2.641354775475404,0.4342589633856836,0.1890271457940201,1146.9475232153536,406.9489647467164,5709.541995416802,3684.974300566817,0.0,432.7058699316547,0.0,0.0,4666.301386002674,1328.1898816588366,229.3607763803128,0.0,0.0,0.0,289.3724738913045,0.0,0.0,0.0,0.0,0.0,365.4849662750652,0.0,0.0,0.0,0.0,0.0,622.6192022821414,0.0,0.0,0.0,0.0,0.0,0.0,0.0,0.0,0.0
16,0.1385968476181281,0.013884192,0.1560587793488371,0.0123438835614617,10.053378504941046,3.2034184530077288,0.447830869968532,0.2227671739745505,499.05913086470014,146.76815084307896,7051.548341265064,5104.598047541054,0.0,183.74587936478716,0.0,0.0,6345.397546751007,3417.6445320845296,342.05104903609094,0.0,0.0,0.0,663.9385925264663,0.0,0.0,0.0,0.0,0.0,338.38861677337604,0.0,0.0,0.0,0.0,0.0,549.3936748313087,0.0,0.0,0.0,0.0,0.0,0.0,0.0,0.0,0.0
17,0.1387850850897008,0.013884192,0.1722807612780926,0.0099444619136212,11.945021474619535,3.8322339518554034,0.450865577541528,0.2539891737009966,0.0,0.0,7383.901724087843,5788.647181346108,0.0,0.0,0.0,0.0,7171.894375158829,4450.562848300183,478.8339896921959,0.0,0.0,0.0,982.93590890232,0.0,0.0,0.0,0.0,0.0,341.3291491196228,0.0,0.0,0.0,0.0,0.0,542.3694628270617,0.0,0.0,0.0,0.0,0.0,0.0,0.0,0.0,0.0
18,0.1388469255272166,0.0138815308336314,0.2001356937508305,0.0477654810720674,13.526089217169718,4.434891411735261,0.4524537077733198,0.2941344893582926,0.0,0.0,6629.687396391542,5668.0337940354575,0.0,0.0,0.0,0.0,7086.206555926629,4363.803006242705,696.5578685666698,0.0,0.0,0.0,1231.7927627431268,0.0,0.0,0.0,0.0,0.0,371.9301621484618,0.0,0.0,0.0,0.0,0.0,514.6556461870724,0.0,0.0,0.0,0.0,0.0,0.0,0.0,0.0,0.0
19,0.1307010461360087,0.0126387661395348,0.2357343474011797,0.1140533595845141,14.67432381631489,4.938855466824344,0.4357770099179608,0.3290922519069771,0.0,0.0,6252.384961960807,5726.905098154917,0.0,0.0,0.0,0.0,6937.129632079702,3873.393282766452,639.3017803617101,0.0,0.0,0.0,974.4896433984736,0.0,0.0,0.0,0.0,0.0,394.5754185812783,0.0,0.0,0.0,0.0,0.0,475.1345674106614,0.0,0.0,0.0,0.0,0.0,0.0,0.0,0.0,0.0
20,0.1106773390166108,0.0104477391627907,0.2665524882441138,0.1867740910512783,15.35229342192404,5.4083619316527685,0.384695685430305,0.3564127968689882,0.0,0.0,6083.6277133481535,5766.101192256564,0.0,0.0,0.0,0.0,6754.789759729895,3376.450034191189,461.0306389177973,0.0,0.0,0.0,588.2602730552899,0.0,0.0,0.0,0.0,0.0,369.3442591412291,0.0,0.0,0.0,0.0,0.0,385.8279217479072,0.0,0.0,0.0,0.0,0.0,0.0,0.0,0.0,0.0
21,0.0886311596810626,0.0081183315348837,0.2992184901665958,0.2863671959079431,15.5763282893828,5.828679454978692,0.3232011899003326,0.3667260231627908,25.88730985492435,0.0,5712.912878362172,5639.558137792971,0.0,0.0,0.0,0.0,6239.661381918705,2689.90305846081,380.0102930580995,0.0,0.0,0.0,274.4296605072562,0.0,0.0,0.0,0.0,0.0,413.1408262055293,0.0,0.0,0.0,0.0,0.0,448.04601365743486,0.0,0.0,0.0,0.0,0.0,0.0,0.0,0.0,0.0
22,0.0670086571745244,0.0057658604651162,0.3242787223162502,0.4058274950762702,15.206087681273496,6.124905450818141,0.2605505768652011,0.3695697315238559,269.71310124758367,0.0,4543.562609605234,3796.244399708964,0.0,0.0,0.0,0.0,4871.679297959955,1152.8973644195312,32.75980282388791,0.0,0.0,0.0,23.824830575358742,0.0,0.0,0.0,0.0,0.0,2508.205979868193,0.0,0.0,0.0,0.0,0.0,2811.493575655664,0.0,0.0,0.0,0.0,0.0,0.0,0.0,0.0,0.0
23,0.0473504228457523,0.0035517700465116,0.341918853978982,0.5251505199313848,14.289967943541123,6.194649806883466,0.1998661397740856,0.3678350855827503,318.9036629551707,0.0,4018.5730942716,3105.5221829367515,0.0,0.0,17.597790399465875,0.0,4251.886166686039,435.59183673469386,0.0,0.0,0.0,0.0,0.0,0.0,0.0,0.0,0.0,0.0,4178.561042704167,446.7884430310269,0.0,0.0,0.0,0.0,4712.0146949769605,448.3943388123568,0.0,0.0,0.0,0.0,0.0,0.0,0.0,0.0
24,0.0252506354904165,0.0012223624186046,0.348828126987479,0.6130554624395597,12.793586130098902,6.095485029498351,0.1356005084812162,0.358975043468693,761.3235474576312,0.0,2343.729290341801,960.9405161397416,0.0,0.6960758512450477,14.337799820739988,0.0,2035.883844890422,0.0,0.0,0.0,0.0,0.0,0.0,0.0,0.0,0.0,0.0,0.0,5688.661926934501,1633.7932866631136,0.0,0.0,0.0,0.0,6670.447716562003,1967.9442713721364,0.0,0.0,0.0,0.0,42.38679265133032,15.594644153419596,0.0,0.0
25,0.0094032947242525,0.0,0.3420949800682353,0.6733540233296696,10.94747802694684,5.869047983069267,0.083612485035011,0.3450233243720919,464.2692586963944,0.0,1189.629636153159,0.0,0.0,0.0,0.0,0.0,671.6140216123212,0.0,0.0,0.0,0.0,0.0,0.0,0.0,0.0,0.0,0.0,0.0,7079.926826199254,2952.7772544285035,0.0,0.0,0.0,0.0,8591.501717156656,3970.122970438696,0.0,0.0,0.0,0.0,644.1008186112635,297.8261203931974,0.0,0.0
26,0.0061035751495016,0.0,0.3292431333312494,0.7235996443689652,8.884295653285122,5.478238139024447,0.0708822422333396,0.329243779366034,0.0,0.0,670.513244087953,0.0,0.0,0.0,0.0,0.0,368.5970184199755,0.0,0.0,0.0,0.0,0.0,0.0,0.0,0.0,0.0,0.0,0.0,6349.330325287495,2734.963005121511,0.0,0.0,0.0,0.0,8345.467361060153,4289.32650741608,11.788449012347014,0.0,0.0,0.0,1899.5170845566856,1207.6027423188457,0.0,0.0
27,0.0038029968239202,0.0,0.3142802295582105,0.7476559368866886,6.932617118174867,5.005898885116577,0.0661352432292357,0.3111002786473459,0.0,0.0,283.99885082286727,0.0,0.0,0.0,0.0,0.0,156.41002562053106,0.0,0.0,0.0,0.0,0.0,0.0,0.0,0.0,0.0,0.0,0.0,4860.332783918979,1974.0049029357244,0.0,0.0,0.0,0.0,7498.469538997626,3970.597059847024,293.903482174942,0.0,0.0,0.0,3222.182267041184,2341.446305247728,0.0,0.0
28,0.0015258937873754,0.0,0.2877548378400003,0.7151521442208635,5.216517466820716,4.511995674800541,0.0625188790716278,0.2809909563500338,0.0,0.0,89.89614966444957,0.0,0.0,0.0,0.0,0.0,53.31162446870488,0.0,0.0,0.0,0.0,0.0,0.0,0.0,0.0,0.0,79.03825799145609,30.338840060038336,4481.418143317714,1457.402717213194,0.0,3.401193291973633,0.0,0.0,6486.471016609891,2713.0876087446945,257.22332596669474,0.0,0.0,0.0,2535.9484647522245,2133.74776821642,0.0,0.0
29,2.577678796172113e-05,0.0,0.2502994913785422,0.6461501355184687,3.734236353734596,4.0261662459691365,0.0608227538260699,0.2419313866445184,0.0,0.0,0.0,0.0,0.0,0.0,0.0,0.0,29.77648605651968,0.0,0.0,0.0,0.0,0.0,0.0,0.0,0.0,0.0,1247.3360623074789,1536.62438472594,5397.761651536431,1302.190449794149,0.0,260.9612409354317,0.0,0.0,5066.117887278207,527.5208990863468,76.69381760331738,0.0,0.0,0.0,186.0205021353403,514.3900391931497,0.0,0.0
30,2.486899575160343e-17,0.0,0.2028415866552624,0.5709887805075288,2.672015582506524,3.504772465284243,0.0627036799819042,0.1995092347638368,0.0,0.0,0.0,0.0,0.0,0.0,0.0,0.0,43.733179429289976,0.0,0.0,0.0,0.0,0.0,0.0,0.0,0.0,0.0,1567.48577932355,1829.6701575868424,5315.956093622737,1112.3012861409195,0.0,496.0818267750739,38.69525776259949,0.0,4808.865655945016,293.7199350242201,105.21525587642714,0.0,0.0,0.0,141.21818357029568,641.4270192932569,0.0,0.0
31,2.486899575160343e-17,0.0,0.1499394571014266,0.4745646530279461,1.9479032521477293,2.9840081406894767,0.0934670692225913,0.1668920074684387,0.0,0.0,0.0,0.0,0.0,0.0,0.0,0.0,31.59336432955251,0.0,0.0,0.0,0.0,0.0,0.0,0.0,0.0,0.0,2038.4143486155551,2560.3739087194303,5101.449873244282,782.8913245013968,0.0,893.9065814647507,475.5889742429643,0.0,4324.761685347751,105.52757806051214,136.90613908584888,223.69104541452083,37.06153173243408,0.0,450.3232351515334,1304.600407434517,0.0,0.0
32,0.0007569592693585,0.0,0.1019383537873756,0.3540519807285966,1.464278535223089,2.4754442963092385,0.1277426386046511,0.1439632396345517,0.0,0.0,0.0,0.0,0.0,0.0,0.0,0.0,8.178152419374905,0.0,0.0,0.0,0.0,0.0,0.0,0.0,0.0,0.0,1848.035868972466,2144.01688760318,5129.329950461939,773.5831565001556,0.0,800.8094947231738,481.0440973904867,0.0,4230.839962475986,145.37464094019742,167.0337131947279,460.18472605878935,128.51054429858092,0.0,938.6070755763968,1754.9690687344887,17.600698783103446,0.0
33,0.0051842079212687,0.0,0.0559877018043002,0.2248083973690214,1.2362267797745727,2.083932070961966,0.163770330204977,0.1512427628029836,0.0,0.0,0.0,0.0,0.0,0.0,0.0,0.0,0.0,0.0,0.0,0.0,0.0,0.0,0.0,0.0,0.0,0.0,1596.4893949373331,1581.95439745029,5201.672533661366,816.6407452931925,0.0,646.6247443985574,398.3756466838661,0.0,4220.087364657204,186.8594487087232,197.18576115377104,598.0307927822302,204.31987485362447,0.0,1317.5993742681223,2031.9342365505536,190.33027543513728,0.0
34,0.0200759024451827,0.0027306673180455,0.025898597820598,0.1448332115462283,1.2236809724514903,1.8545993248291208,0.2015143521727576,0.1915306944620368,0.0,0.0,0.0,0.0,0.0,0.0,0.0,0.0,0.0,0.0,0.0,0.0,0.0,0.0,0.0,0.0,0.0,0.0,1462.332366586112,1250.8728690047978,5045.591572733667,673.8730496531779,0.0,714.389761799573,567.2182212668771,0.0,4191.177628943123,200.0424322911042,377.4745448171343,823.3973042837172,511.85980727679447,0.0,1679.5190144085557,2485.859699435245,409.8343726924112,0.0
35,0.0512000489164324,0.0189375568504983,0.0081945866235625,0.0906019434602607,1.3152410532542678,1.8055155425819216,0.2406072662928702,0.2359114164717604,0.0,0.0,0.0,0.0,0.0,0.0,0.0,0.0,0.0,0.0,0.0,0.0,0.0,0.0,0.0,0.0,0.0,0.0,1284.1144570292247,686.8111888203904,5016.640100954892,647.9256458496149,0.0,759.5881215593635,728.1375233282772,0.0,4189.355801474311,256.2958326301056,578.4473978974003,1031.348365895583,788.6416897361971,0.0,1891.5707416124148,2748.837107276096,534.9332871212603,0.0
36,0.1092861192558139,0.0401291008787677,0.000483119201933,0.0377308024504983,1.5419936722539282,2.061939005642298,0.2860549258909095,0.2885199884904861,0.0,0.0,0.0,0.0,0.0,0.0,0.0,0.0,0.0,0.0,0.0,0.0,0.0,0.0,0.0,0.0,0.0,0.0,1437.8712125727577,667.147976226464,5198.695868552293,807.2651213899404,0.0,822.9632902796357,723.8467680701668,0.0,4262.994124936765,279.04591782735787,537.1219978341155,938.328393370394,698.9641758401932,0.0,1630.4067851960433,2446.971389271695,417.856585439156,0.0
37,0.1518233429900333,0.0578694704053156,9.592326932761331e-17,0.0131735006682486,1.7581990503616385,2.4886100171390746,0.3016393428438539,0.3257002785647842,0.0,0.0,0.0,0.0,0.0,0.0,0.0,0.0,0.0,0.0,0.0,0.0,0.0,0.0,0.0,0.0,0.0,0.0,1524.3001031294589,613.2492124017349,5434.55253656087,990.4934677826396,0.0,832.0495627593488,673.7491347014576,0.0,4350.417548447086,319.5588498047219,481.2493819296125,830.4989333871027,608.6658849547862,0.0,1394.248209361792,2136.74725576748,332.7495726484749,0.0
38,0.2040930458187779,0.0803620920797341,9.592326932761331e-17,0.0020174418546397,2.150657174937592,3.375403568100138,0.3255767921128655,0.367817237643654,0.0,0.0,0.0,0.0,0.0,0.0,0.0,0.0,0.0,0.0,0.0,0.0,0.0,0.0,0.0,0.0,0.0,0.0,1540.226612281514,491.8110228623544,5826.279289462749,1268.643808185863,0.0,764.525481547232,540.3304959698512,0.0,4486.592850386797,399.3186434401358,385.9503542641794,666.0400399301839,488.1353052026956,0.0,1118.1533120682227,1713.6195729329563,266.85710209123266,0.0
39,0.2714403566207193,0.1109903428704318,9.592326932761331e-17,-1.4210854715202038e-17,2.844436164968395,5.083784152496303,0.3926460220602837,0.4092948018788289,0.0,0.0,0.0,0.0,0.0,0.0,0.0,0.0,0.0,0.0,0.0,0.0,0.0,0.0,0.0,0.0,0.0,0.0,1607.689017921972,0.0,8167.929764286078,2934.75067675264,0.0,371.6593387027649,0.0,0.0,5391.370077834945,912.2783917882192,0.0,0.0,0.0,0.0,0.0,0.0,0.0,0.0
40,0.3138970302234221,0.1326981382699334,9.592326932761331e-17,-1.4210854715202038e-17,3.4705674086661005,6.88628616016198,0.5106746937034885,0.411485557098838,0.0,0.0,0.0,0.0,0.0,0.0,0.0,0.0,0.0,0.0,0.0,0.0,0.0,0.0,0.0,0.0,0.0,0.0,1517.549807685169,0.0,9412.777093261986,3999.619731092373,0.0,317.0123541219907,0.0,0.0,6829.543541867143,1670.941398468144,0.0,0.0,0.0,0.0,0.0,0.0,0.0,0.0
41,0.3356113388319208,0.139343549860465,9.592326932761331e-17,-1.4210854715202038e-17,4.1238027274545965,8.70664613165559,0.5997335051960133,0.4031226055016613,0.0,0.0,0.0,0.0,0.0,0.0,0.0,0.0,0.0,0.0,0.0,0.0,0.0,0.0,0.0,0.0,0.0,0.0,1491.7751728180508,0.0,9346.650685149913,4102.2179604682215,0.0,355.1957239809021,0.0,0.0,6888.35965313944,1673.5304490117055,0.0,0.0,0.0,0.0,0.0,0.0,0.0,0.0
42,0.3361969109810068,0.1435865393410642,9.592326932761331e-17,-1.4210854715202038e-17,4.900350134647015,10.52503046015999,0.6886444722943645,0.3903385117038794,0.0,0.0,0.0,0.0,0.0,0.0,0.0,0.0,5.927677088453353,0.0,0.0,0.0,0.0,0.0,0.0,0.0,0.0,0.0,814.0521820096209,0.0,9389.652846121538,4513.754011389812,0.0,88.93135989628438,0.0,0.0,6893.860295311448,1596.559513523853,0.0,0.0,0.0,0.0,0.0,0.0,0.0,0.0
43,0.3319042959726406,0.1440484919999999,9.592326932761331e-17,0.0001957808418995,5.848645429906577,12.023884297620498,0.7742973857095952,0.3529762548508885,0.0,0.0,121.7800501846388,0.0,0.0,0.0,0.0,0.0,282.85843370001425,0.0,0.0,0.0,0.0,0.0,0.0,0.0,0.0,0.0,503.8176896903764,0.0,9272.32898686902,4526.136343869382,0.0,0.0,0.0,0.0,6770.258900874075,1511.625046690738,0.0,0.0,0.0,0.0,0.0,0.0,0.0,0.0
44,0.3155610953063129,0.1403464306819933,9.592326932761331e-17,0.0037075306485049,6.909635276384046,13.048708127051976,0.8419163492523585,0.2884226068512962,0.0,0.0,809.257267586991,0.0,0.0,0.0,0.0,0.0,1531.9169923274237,0.0,0.0,0.0,0.0,0.0,0.0,0.0,0.0,0.0,395.2851655219056,0.0,8700.874831445493,4081.214990938775,0.0,0.0,0.0,0.0,6313.560149104948,1282.331851175117,0.0,0.0,0.0,0.0,0.0,0.0,0.0,0.0
45,0.2812083766519937,0.1232246750830563,9.592326932761331e-17,0.0127212385365448,7.923543539431885,13.510476415450183,0.884034528094685,0.2242425504318943,0.0,0.0,1901.816519101917,612.830517124072,0.0,0.0,0.0,0.0,2579.325887459289,13.165896904891277,0.0,0.0,0.0,0.0,0.0,0.0,0.0,0.0,304.39762443654024,0.0,5852.22419027385,1728.501715558594,0.0,0.0,0.0,0.0,4018.3424432274464,154.72096469369924,0.0,0.0,0.0,0.0,0.0,0.0,0.0,0.0
46,0.2321310712425245,0.105833172441455,9.592326932761331e-17,0.0393692952558139,8.794210801491605,13.478130714221232,0.8645364731872633,0.1672995553618024,0.0,0.0,2777.462171387839,1353.5589904256706,0.0,0.0,0.0,0.0,3308.001076365228,138.96275452342314,0.0,0.0,0.0,0.0,25.581313126951645,0.0,0.0,0.0,554.1609151696981,0.0,4453.45811281653,656.4198166007588,0.0,0.0,0.0,0.0,2850.2858003818224,11.7278237719173,0.0,0.0,0.0,0.0,0.0,0.0,0.0,0.0
47,0.1756013397009962,0.0821112070365446,9.592326932761331e-17,0.0887428389069767,9.676847668435204,12.837005304496364,0.8742026583348851,0.1157711335315618,0.0,0.0,3455.9352101393256,1883.1851258144009,0.0,0.0,0.0,0.0,3975.2609873444135,504.19659243380863,2.0222395919039,0.0,0.0,0.0,227.1885719935399,0.0,0.0,0.0,621.0320976488925,0.0,3311.318076470971,55.28297252711227,0.0,0.0,0.0,0.0,2003.9687869846084,0.0,0.0,0.0,0.0,0.0,0.0,0.0,0.0,0.0
48,0.1163391160613557,0.056507903641196,9.592326932761331e-17,0.1856185408360783,10.375734413811257,11.66178417870844,0.8820198162530573,0.0767600591523293,51.46619063966803,5.567643332498732,3927.833868776102,2274.6817187566003,0.0,33.40585999499239,6.050785935732092,0.0,4379.398244744288,774.9652348598894,25.870211848954025,0.0,0.0,0.0,362.4257319333808,0.0,0.0,0.0,546.7962207796393,0.0,2619.9468493186423,0.0,0.0,0.0,0.0,0.0,1556.398902921453,0.0,0.0,0.0,0.0,0.0,0.0,0.0,0.0,0.0
49,0.0649764161576795,0.0328188659202658,9.59232693276133e-17,0.293825857420649,10.588427726326854,10.1635767607874,0.8565416513751595,0.0629305336299516,179.8281051578592,19.45391213598656,4163.277949790226,2454.6291659608246,0.0,116.72347281591934,21.142061536216797,0.0,4548.285026343871,874.7428959339802,44.173941268190624,0.0,0.0,0.0,387.06466273538535,0.0,0.0,0.0,492.9119962607901,0.0,2329.665567985241,0.0,0.0,0.0,0.0,0.0,1376.5732545098656,0.0,0.0,0.0,0.0,0.0,0.0,0.0,0.0,0.0
50,0.0227513101536056,0.0113554018862614,9.592326932761331e-17,0.4079060408676957,10.37769662042134,8.260619517488394,0.7581247931397308,0.0835932673636898,1132.0592203330643,121.5098192627455,4563.210427070419,2749.282407877389,0.0,737.0847442700915,130.2819523265097,0.0,4696.702477444571,902.0405143403352,99.47117748203948,0.0,0.0,0.0,209.2269329088657,0.0,0.0,0.0,266.44247098871944,0.0,2000.1338735523636,0.0,0.0,0.0,0.0,0.0,1235.354694639769,0.0,0.0,0.0,0.0,0.0,0.0,0.0,0.0,0.0
51,0.000924666846612,0.0042996845182724,0.0001830932672225,0.5168329269955491,9.867237848360809,6.215105571663281,0.6429731537157922,0.1458202585514953,2332.509584444342,241.0416320279928,5101.402365738182,3163.1659251920373,0.0,1544.458694106178,236.3776688581856,0.0,4864.2568003091255,961.7059947413806,126.21452132761117,0.0,0.0,0.0,0.0,0.0,0.0,0.0,0.0,0.0,1400.2230352817187,0.0,0.0,0.0,0.0,0.0,977.7831396474572,0.0,0.0,0.0,0.0,0.0,0.0,0.0,0.0,0.0
52,1.1013412404281584e-16,0.0002947889764421,0.0018273659202658,0.5983421731132584,9.183376906135305,4.380249220442487,0.5346919970241627,0.217888572199336,2460.0215441127843,312.13552482051006,5262.856063495013,3257.3620374754314,0.0,1648.9483188584709,209.6473619138584,0.0,4927.6572274593045,1033.768319792376,94.12990154238524,0.0,0.0,0.0,0.0,0.0,0.0,0.0,0.0,0.0,1035.544942768958,0.0,0.0,0.0,0.0,0.0,800.743453890568,0.0,0.0,0.0,0.0,0.0,0.0,0.0,0.0,0.0
53,1.1013412404281584e-16,-3.1974423109204555e-17,0.0038227654883721,0.6591530391651355,8.247868325145202,2.9060431929849724,0.4188361096017187,0.2830280174094202,3449.3008237218583,1023.9592287081718,5019.471799236544,3136.851676080552,0.0,2221.984349668711,717.554678189157,0.0,4383.471066476506,696.4555413896243,257.275809183598,0.0,0.0,0.0,0.0,0.0,0.0,0.0,0.0,0.0,615.5599956662373,0.0,0.0,0.0,0.0,0.0,523.3746861882801,0.0,0.0,0.0,0.0,0.0,0.0,0.0,0.0,0.0
54,1.1013412404281584e-16,-3.1974423109204555e-17,0.006007202910299,0.6787473494938873,6.957612894078604,1.6941703007186304,0.2960407700392407,0.344214845053345,4041.816299468518,1613.3280260551417,4462.081447133808,2337.638199878713,0.0,2570.530950103902,975.8567276445496,0.0,3510.401897503102,83.34972812940605,209.6694856029725,0.0,0.0,0.0,0.0,0.0,0.0,0.0,0.0,0.0,583.6750943632079,0.0,0.0,0.0,0.0,0.0,510.6516444592816,0.0,0.0,0.0,0.0,0.0,0.0,0.0,0.0,0.0
55,1.1013412404281584e-16,-3.1974423109204555e-17,0.0081496319202658,0.6741747141715355,5.713882023097426,0.915050275947408,0.2008292906230926,0.4012430694707443,4131.447957009961,2125.7994916459274,4154.34229481272,2014.4294524632855,11.832326937758806,2628.461498364287,1280.437861661479,0.0,3197.332027037969,10.708921000714913,382.289391221179,82.4526361346982,0.0,0.0,75.8514432115275,40.47901320812223,0.0,0.0,0.0,0.0,548.4513023458105,0.0,0.0,0.0,0.0,0.0,497.0753583722855,0.0,0.0,0.0,0.0,0.0,0.0,0.0,0.0,0.0
56,1.1013412404281584e-16,-3.1974423109204555e-17,0.0102080441063123,0.6443931707445933,4.612761025296896,0.5402284467687515,0.1916606143084951,0.4569318006736727,3075.880656030853,2396.4959339946317,3428.1918635306865,1199.9439231724923,78.869455922239,2133.9734656030705,1553.996840002878,0.0,2764.846422216877,0.0,765.3092253031355,771.1130294821471,334.9854950568988,0.0,643.6804576828246,529.0463480835757,0.0,0.0,0.0,0.0,396.4900638730396,0.0,0.0,0.0,0.0,0.0,362.2455509149909,0.0,0.0,0.0,0.0,0.0,0.0,0.0,0.0,0.0
57,1.1013412404281584e-16,-3.1974423109204555e-17,0.0121913258632763,0.592080196643752,3.603214637608991,0.4322106112149461,0.1900793678080754,0.4955054236721181,3250.87962406344,2735.5762776168663,3048.3078500617744,850.73115604769,83.19681056390378,2427.226733539924,2041.034753202082,0.0,2483.1461965072644,0.0,808.1868777478942,1110.5121406347305,627.8956209261594,0.0,680.5883918269718,766.462446810134,0.0,0.0,0.0,0.0,232.35521878283163,0.0,0.0,0.0,0.0,0.0,214.19637694301304,0.0,0.0,0.0,0.0,0.0,0.0,0.0,0.0,0.0
58,1.1013412404281584e-16,-3.1974423109204555e-17,0.012644532,0.4952404149228057,2.860334035356649,0.4297472979691436,0.2016900413328119,0.5248473331694348,3566.583931779455,3120.5115595696634,3092.4469754255747,882.0489677284008,71.66893758865191,2656.876073468956,2302.188939780199,0.0,2361.1300369048654,0.0,848.328772241727,1264.7157963542177,726.5098118227527,0.0,717.6472753570358,825.9112033166289,0.0,0.0,0.0,0.0,238.4338755053219,0.0,0.0,0.0,0.0,0.0,244.5713484726534,0.0,0.0,0.0,0.0,0.0,0.0,0.0,0.0,0.0
59,0.0011078505993356,-3.1974423109204555e-17,0.0126849479362127,0.3901029630936877,2.6126876656398617,0.4600445345329116,0.2257276713488372,0.5517633582538204,3792.731405356879,3547.8520348566094,3220.92959336952,782.2744225448821,70.75035704487053,2702.501734709316,2372.778422238397,0.0,2277.5259498906967,0.0,760.9918810667334,1188.496000306484,667.4748755417219,0.0,590.8066988855888,738.9367712992542,0.0,0.0,0.0,0.0,299.6902538269662,0.0,0.0,0.0,0.0,0.0,322.62020275730055,0.0,0.0,0.0,0.0,0.0,0.0,0.0,0.0,0.0
60,0.0061282859800665,-3.1974423109204555e-17,0.0185875352034396,0.2837217941661133,2.9765581482915726,0.5174909673629295,0.25436070830643,0.5761050251608355,3893.5225769263698,3734.0932879492607,3275.665817688617,719.7636530382895,73.6630074946191,2712.5900766012583,2378.277652732911,0.0,2248.622720881267,0.0,700.9694404456973,1117.7473940928674,615.3104510824006,0.0,499.8845901081096,676.2421678291968,0.0,0.0,0.0,0.0,291.4769280449704,0.0,0.0,0.0,0.0,0.0,298.18744739048014,0.0,0.0,0.0,0.0,0.0,0.0,0.0,0.0,0.0
61,0.011812600704319,-3.1974423109204555e-17,0.0356962678964989,0.1751206823659598,3.862944491016352,0.647521431939199,0.3040617328918993,0.5789808427988749,3714.665741320254,3394.408518550324,3525.0998434151447,1005.849124632915,77.18733424066392,2559.024513144413,2107.667465932271,0.0,2481.9104311202195,0.0,689.5203398132488,652.4801585329122,359.1847878965808,0.0,456.647573828395,394.7534113733526,0.0,0.0,0.0,0.0,281.48366297304364,0.0,0.0,0.0,0.0,0.0,179.37932898006423,0.0,0.0,0.0,0.0,0.0,0.0,0.0,0.0,0.0
62,0.0174969154285715,-3.1974423109204555e-17,0.0535417802790699,0.0881990108618332,5.165568672809064,0.8413730456259748,0.3489757813437559,0.5699691644229038,3270.559913207016,2550.9754741227366,4144.417724488715,1716.1167872703622,80.57963230199373,2177.817819999201,1435.8571493072018,0.0,3061.0845833919416,0.0,661.1037370648413,0.0,0.0,0.0,349.280329181232,0.0,0.0,0.0,0.0,0.0,332.8776736424053,0.0,0.0,0.0,0.0,0.0,30.877673642405263,0.0,0.0,0.0,0.0,0.0,0.0,0.0,0.0,0.0
63,0.0229052925448506,-3.1974423109204555e-17,0.0700897998139536,0.0259816332214603,7.029785221375835,1.0533507301107166,0.3911616697123058,0.549722429418534,2895.9974591176574,1879.547853401608,4648.1414102090375,2379.751988998933,83.59555243683792,1859.345375825769,860.3409691439422,0.0,3568.6403707080303,148.09969720821863,631.7639780877863,0.0,0.0,0.0,245.32990868516907,0.0,0.0,0.0,0.0,0.0,358.94565636592046,0.0,0.0,0.0,0.0,0.0,54.87582410153251,0.0,0.0,0.0,0.0,0.0,0.0,0.0,0.0,0.0
64,0.0284240447043191,-3.1974423109204555e-17,0.0869755340332226,0.0049552053499655,9.41756833718422,1.317957168045906,0.4216936960724619,0.5429084792292359,2569.091097658256,1556.5558095404708,4925.937920655149,3286.498112652373,75.474498068143,1608.0585766293957,345.439089356618,0.0,4092.630741667676,764.9101524194994,561.0157001617445,0.0,0.0,0.0,72.7534239992176,0.0,0.0,0.0,0.0,0.0,450.47533229141294,0.0,0.0,0.0,0.0,0.0,136.15555576021063,0.0,0.0,0.0,0.0,0.0,0.0,0.0,0.0,0.0
65,0.0328891888255815,-3.1974423109204555e-17,0.1039790565448505,0.0001110442948505,11.89789967713953,1.5850588946761002,0.4402649401146168,0.5411734185573095,2388.880145984661,1378.7079104613886,4933.448157015515,3427.4306965128703,27.05195068917475,1492.5522738032437,231.2418621244708,0.0,4218.723647688998,863.7583532849085,484.5348133005992,0.0,0.0,0.0,1.241646715091507,0.0,0.0,0.0,0.0,0.0,488.79380276043,0.0,0.0,0.0,0.0,0.0,162.38609497121263,0.0,0.0,0.0,0.0,0.0,0.0,0.0,0.0,0.0
66,0.0332228880000001,-3.1974423109204555e-17,0.1142305756408718,2.6645352591003848e-17,13.90693132817794,1.836060898117515,0.4430050221586575,0.5358783483840865,1939.1352550680267,1036.4159054806162,4847.809593514192,3294.096628068635,13.317073170731708,1108.572734502441,117.29268292682929,0.0,4133.72905658012,790.036186611823,304.56924121776865,0.0,0.0,0.0,0.0,0.0,0.0,0.0,0.0,0.0,1111.8142721228724,22.249937242064885,0.0,0.0,0.0,0.0,877.333848041805,2.9666582989419847,0.0,0.0,0.0,0.0,0.0,0.0,0.0,0.0
67,0.0332228880000001,-3.1974423109204555e-17,0.1149544429483331,2.6645352591003848e-17,15.882235513363725,2.075376086019495,0.4202991748353767,0.5362750555868954,784.81499466872,251.14829787447536,4139.003969007399,2162.9707542271285,0.0,262.2861666830284,0.0,0.0,3249.019127850221,257.95236042493667,38.80216790066736,0.0,0.0,0.0,0.0,0.0,0.0,0.0,0.0,0.0,3206.36632651572,146.26806301772484,0.0,0.0,0.0,0.0,3505.8075472655214,46.41759127942535,0.0,0.0,0.0,0.0,0.0,0.0,0.0,0.0
68,0.0332228880000001,-3.1974423109204555e-17,0.1178983505964733,2.6645352591003848e-17,17.668967152503434,2.307886854686195,0.3777571280102234,0.5517467196279076,477.4800695733436,18.088129841152124,3549.3246132338504,1319.6562280115554,0.0,30.858610289430324,0.0,0.0,2462.3035212861173,2.323730481594607,0.0,0.0,0.0,0.0,0.0,0.0,0.0,0.0,0.0,0.0,4634.938279353563,765.2496623250133,0.0,0.0,0.0,0.0,5335.437690450042,847.1272040508619,0.0,0.0,0.0,0.0,0.0,0.0,0.0,0.0
69,0.0318696358864165,-3.1974423109204555e-17,0.1248971320702064,2.6645352591003848e-17,18.637714684399658,2.4989054934776136,0.3522614996381879,0.5620772299888424,951.7491515554595,29.26960086284633,2410.8837936685927,335.70811051351507,0.0,54.78470151502701,0.0,0.0,1065.168168381946,0.0,0.0,0.0,0.0,0.0,0.0,0.0,0.0,0.0,0.0,0.0,5979.039269830143,1805.792736014209,0.0,0.0,0.0,0.0,6876.6212829205015,2182.667998876136,0.0,0.0,0.0,0.0,0.0,0.4948611124887325,0.0,0.0
70,0.0265979143255815,-3.1974423109204555e-17,0.1248220758363791,2.6645352591003845e-17,18.819420718878728,2.6028269105207857,0.3700230314102989,0.5548966641129571,992.4534033808656,0.0,1513.6763320933824,0.0,0.0,0.0,0.0,0.0,69.00894562220387,0.0,0.0,0.0,0.0,0.0,0.0,0.0,0.0,0.0,0.0,0.0,6725.971784413664,2269.4413087080206,0.0,0.0,0.0,0.0,7371.654243215719,2646.530701014744,0.0,0.0,0.0,0.0,0.0,17.149339417534843,0.0,0.0
71,0.0213550997740864,-3.1974423109204555e-17,0.1149704339800669,2.6645352591003848e-17,18.52216917321184,2.634976378369711,0.392471834443769,0.5558645779992939,352.93024826767686,0.0,1192.3074679835202,0.0,0.0,0.0,0.0,0.0,0.0,0.0,0.0,0.0,0.0,0.0,0.0,0.0,0.0,0.0,0.1254900496754161,0.0,7318.287458283199,2695.8590843510656,0.0,0.0325948180975106,0.0,0.0,7524.857332926082,2686.65656931422,0.0,0.0,0.0,0.0,0.0,32.86376598316731,0.0,0.0
72,0.0158363476146179,-3.1974423109204555e-17,0.1027797575681068,2.6645352591003848e-17,17.77019087194006,2.6038916018456937,0.4261682679972417,0.5552510728542599,0.0,0.0,783.50053783636,0.0,0.0,0.0,0.0,0.0,0.0,0.0,0.0,0.0,0.0,0.0,0.0,0.0,0.0,0.0,313.3705284442343,0.0,7873.076038598857,3195.680845140705,0.0,81.39494245304785,0.0,0.0,7519.640068867079,2477.2336958793694,0.0,0.0,0.0,0.0,0.0,27.680766338306118,0.0,0.0
73,0.0102624079335548,-3.1974423109204555e-17,0.0904617174169441,2.6645352591003845e-17,16.352339375486693,2.539087433795704,0.4752193709252487,0.5700221635016613,0.0,0.0,554.8321191719641,0.0,0.0,0.0,0.0,0.0,0.0,0.0,0.0,0.0,0.0,0.0,0.0,0.0,0.0,0.0,968.9617483923718,0.0,8105.834035558109,3440.9561514644824,0.0,409.66975915654456,0.0,0.0,7315.311153097278,2182.505787216072,0.0,0.0,0.0,0.0,0.0,22.02748178757946,0.0,0.0
74,0.0056260005261374,-3.1974423109204555e-17,0.0755283174194863,9.531320360729068e-06,14.515755694147378,2.392088044871948,0.5395549169399955,0.5620684335548176,0.0,0.0,184.82087742481784,0.0,0.0,0.0,0.0,0.0,0.0,0.0,0.0,0.0,0.0,0.0,0.0,0.0,0.0,0.0,1710.303216857416,0.0,7671.659361654063,3239.8229143276235,0.0,1024.9081282466288,0.0,0.0,6564.377927992803,1589.675916635022,0.0,0.0,0.0,0.0,0.0,16.661370541927845,0.0,0.0
75,0.0032740266470739,-3.1974423109204555e-17,0.0583379940889342,0.0105084707809864,12.447494537513144,2.1876147278487306,0.5963600966572957,0.5466361080199346,0.0,0.0,77.08012989304186,0.0,0.0,0.0,0.0,0.0,0.0,0.0,0.0,0.0,0.0,0.0,0.0,0.0,0.0,0.0,2364.882106737542,250.60518854003936,7252.631512686847,3081.83660737134,0.0,1143.2823116008522,0.0,0.0,5720.522137057856,1035.0654547475092,0.0,0.0,0.0,0.0,0.0,10.740928571881811,0.0,0.0
76,0.004968524332226,-3.1974423109204555e-17,0.047469926124832,0.0347409566910299,10.467945068740208,1.9518444158815471,0.612927231023962,0.5284757944177582,0.0,0.0,1.5958027647753903,0.0,0.0,0.0,0.0,0.0,0.0,0.0,0.0,0.0,0.0,0.0,0.0,0.0,0.0,0.0,2108.995633773148,809.8585622997789,5895.514159074712,2391.129222824869,0.0,927.3117379737891,0.0,0.0,4608.402861618783,730.1161183335909,0.0,0.0,0.0,0.0,0.0,41.560003353981,0.0,0.0
77,0.0081801086112957,-3.1974423109204555e-17,0.0473095605456478,0.0608277686710964,8.643194172294201,1.7313397809560316,0.6355145736932885,0.491479425541796,0.0,0.0,0.0,0.0,0.0,0.0,0.0,0.0,0.0,0.0,0.0,0.0,0.0,0.0,0.0,0.0,0.0,0.0,2119.364091293409,1224.957378671,5628.18015028095,1814.7273817980608,0.0,1001.0535200198954,45.94696943048776,0.0,4345.804298711479,560.7314344899297,0.0,8.718142917579728,0.0,0.0,15.55128196108816,340.1651121784838,0.0,0.0
78,0.0150491380769983,-3.1974423109204555e-17,0.0460747002610905,0.0879985624186048,6.933902518468615,1.502780794646882,0.7027795583029117,0.4368627735548188,0.0,0.0,0.0,0.0,0.0,0.0,0.0,0.0,0.0,0.0,0.0,0.0,0.0,0.0,0.0,0.0,0.0,0.0,2243.5445919912745,1662.7340535666667,5693.981185723995,1394.5230591266325,0.0,1122.1910907078864,323.6488159266692,0.0,4345.965973751758,420.09006078932407,0.0,61.41028815018851,0.0,0.0,109.54267615979572,627.7357400389579,0.0,0.0
79,0.0294177989924253,-3.1974423109204555e-17,0.0413795213222591,0.1163921304318938,5.673262953547354,1.245314216932643,0.7851340894963456,0.3828112088411972,0.0,0.0,0.0,0.0,0.0,0.0,0.0,0.0,0.0,0.0,0.0,0.0,0.0,0.0,0.0,0.0,0.0,0.0,2376.634428848667,1379.55686647403,6105.394509219086,1633.1106158940574,0.0,1220.4652464134674,272.283871530426,0.0,4520.545884300083,264.29232233637214,1.2741413072499488,72.74413536272672,0.0,0.0,125.4330622102126,574.0360371638878,0.0,0.0
80,0.0536155397770954,-3.1974423109204555e-17,0.036280550225036,0.1462269770646276,4.785195146507849,1.0801233188925152,0.8784174966363693,0.354275727615872,0.0,0.0,0.0,0.0,0.0,0.0,0.0,0.0,0.0,0.0,0.0,0.0,0.0,0.0,0.0,0.0,0.0,0.0,2573.3747055540807,1094.91697305211,6188.291018569726,1786.0568869943606,0.0,1415.7688304146218,317.43852143417064,0.0,4508.527549358683,111.46857730423444,16.61103634838221,66.43881334497296,0.0,0.0,165.8047829603426,551.6849989741494,0.0,0.0
81,0.0813324040265783,-3.1974423109204555e-17,0.0297477215282391,0.1650086741457555,4.045903569830192,0.9712097211114916,1.013413664090478,0.3172668576520817,0.0,0.0,0.0,0.0,0.0,0.0,0.0,0.0,0.0,0.0,0.0,0.0,0.0,0.0,0.0,0.0,0.0,0.0,2421.724735400249,1141.9659579496586,5744.131563803639,1460.7388123886187,0.0,1394.9178389109472,500.4005384519456,0.0,4319.497192989867,67.52695176259036,129.45342320271297,266.62859547917594,63.87234042553192,0.0,442.4331537152581,892.526628832221,14.148936170212766,0.0
82,0.1101617063521598,-3.1974423109204555e-17,0.0229522431229235,0.1695004143606847,3.434694311933034,0.9282938836725588,1.1889686995042943,0.2799044111836023,0.0,0.0,0.0,0.0,0.0,0.0,0.0,0.0,0.0,0.0,0.0,0.0,0.0,0.0,0.0,0.0,0.0,0.0,2135.512329825653,1545.0121934230583,4976.23798669475,708.0256042807605,0.0,1366.7821539152876,1020.0397845818636,0.0,3894.899024144623,143.80375252238292,237.4473889542718,841.5115603822522,465.6179999083525,0.0,652.1633845635342,1630.4051208561525,75.70380218620403,0.0
83,0.138270242499424,-3.1974423109204555e-17,0.0160307394817276,0.1716455475747509,2.970920759754268,0.964872286152302,1.402749481327005,0.245796278215473,0.0,0.0,0.0,0.0,0.0,0.0,0.0,0.0,0.0,0.0,0.0,0.0,0.0,0.0,0.0,0.0,0.0,0.0,1882.4335909144825,1497.4002050269976,5165.195435444824,882.8929960986447,0.0,1248.2555108589352,1083.6772257763907,0.0,3953.67849670623,160.37117866769046,349.66451647799767,922.1421523083836,591.905705397038,0.0,741.0583668557985,1665.3785992197288,99.99364535080338,0.0
84,0.1604826268374985,0.0013249481782463,0.0126364383076701,0.1736388700005779,2.701647693846289,1.1661159125754934,1.5975473888233414,0.232819232060957,0.0,0.0,0.0,0.0,0.0,0.0,0.0,0.0,0.0,0.0,0.0,0.0,0.0,0.0,0.0,0.0,0.0,0.0,1754.0279567941557,1350.1290036190985,5254.739932433082,984.4729415684844,0.0,1122.7835325478743,1040.8358526856257,0.0,3946.614258661101,177.5110030451343,364.8638094797814,847.6019451875827,562.1115635731813,0.0,704.2372373451614,1559.5303882786343,70.84636943386424,0.0
85,0.17521657341942,0.0232092357607973,0.0107508586843854,0.16463805335147,2.556294921031007,1.6939155771255767,1.855189973570863,0.2343743017915132,0.0,0.0,0.0,0.0,0.0,0.0,0.0,0.0,0.0,0.0,0.0,0.0,0.0,0.0,0.0,0.0,0.0,0.0,1498.0794679341989,663.9695706536656,5468.633015236445,1193.9625504203132,0.0,750.2127011774085,624.2383773954193,0.0,4223.932268018003,195.74410406584505,381.5896240377732,532.1673232547353,176.10282427113552,0.0,721.062886657769,1250.8382115642935,0.0,0.0
86,0.1802312529755722,0.0552476512823919,0.0085235891561462,0.1392652988970097,2.558311513130329,2.747422837257007,2.1897210658768795,0.2315371714637487,0.0,0.0,0.0,0.0,0.0,0.0,0.0,0.0,0.0,0.0,0.0,0.0,0.0,0.0,0.0,0.0,0.0,0.0,1147.2975637460745,302.25094468932923,5686.228195616107,1362.4120818954912,0.0,508.8546827069952,392.8158334930408,0.0,4630.495240446169,212.2950848720212,485.6218676508445,486.13467727504167,84.27712439287419,0.0,917.2722247252556,1264.8938121485248,0.0,0.0
87,0.1777931586915412,0.0869780051162791,0.0063177356810631,0.1115648696810632,2.756795952217715,4.177445076676227,2.494096427226423,0.2443469812141583,0.0,0.0,0.0,0.0,0.0,0.0,0.0,0.0,0.0,0.0,0.0,0.0,0.0,0.0,0.0,0.0,0.0,0.0,896.5053172005804,34.38119836644536,4829.794295337986,1237.1925502966787,0.0,416.8573630913112,307.0508192328144,0.0,4029.8820698940535,323.7744645249786,433.247067711266,402.4841993992183,65.00263488644951,0.0,805.9817505297082,1060.230010568255,0.0,0.0
88,0.1708053457153703,0.118092235574751,0.0041547143122923,0.0843783080702424,3.0676343782406725,5.91607474640452,2.719188217203333,0.2573145846948274,0.0,0.0,0.0,0.0,0.0,0.0,0.0,0.0,0.0,0.0,0.0,0.0,0.0,0.0,0.0,0.0,0.0,0.0,469.66105428431297,0.0,5727.163429237666,2082.386163060074,0.0,381.9246369044504,164.36294801033824,0.0,5521.38422895834,1429.053599146389,672.3025274048201,398.0538575533218,28.299800413408377,0.0,1159.510725959757,1148.2498312536227,0.0,0.0
89,0.1563797923158264,0.1476661575946845,0.0020987732093023,0.0572821763322259,3.4219289676804765,7.823717586321921,2.8492306533585903,0.2718171908919211,0.0,0.0,0.0,0.0,0.0,0.0,0.0,0.0,0.0,0.0,0.0,0.0,0.0,0.0,0.0,0.0,0.0,0.0,105.51427699620471,0.0,6822.680513154651,3042.508207090634,0.0,361.8898637687566,57.748013126642704,0.0,7050.575389649684,2513.515534918718,788.192622711571,246.7029394568221,0.3488085617699933,0.0,1347.7969427588484,1068.6543334799433,0.0,0.0
90,0.1330962242062354,0.1765418402484027,0.0002677006644518,0.028595262247636,3.838267241836677,9.802850828250977,2.8891167157122366,0.2745178915560958,0.0,0.0,0.0,0.0,0.0,0.0,0.0,0.0,0.0,0.0,0.0,0.0,0.0,0.0,0.0,0.0,0.0,0.0,79.67200597419512,0.0,7067.36695641963,3420.953958891729,0.0,344.45288267689125,58.38889731719121,0.0,7433.237911493304,2683.436003489076,633.2357104988974,35.75031375301329,0.0,0.0,1062.562937666985,756.0009547190255,0.0,0.0
91,0.1054007529966778,0.1854531359999998,6.039613253960868e-17,0.0096254519551495,4.310549046777389,11.588503759024102,2.7952801271710914,0.2554840931486714,0.0,0.0,0.0,0.0,0.0,0.0,0.0,0.0,0.0,0.0,0.0,0.0,0.0,0.0,0.0,0.0,0.0,0.0,69.72688599168411,0.0,7281.205351137924,3815.408452900768,0.0,322.501351904634,60.9146778059203,0.0,7838.763216837654,2818.2459369260505,459.66899184122167,0.0,0.0,0.0,723.8514443363129,410.6515555916216,0.0,0.0
92,0.077148036717608,0.1854531359999998,6.039613253960868e-17,0.0051068885095016,4.792018114857388,12.85605616599629,2.588900161665648,0.2285142293421925,0.0,0.0,0.0,0.0,0.0,0.0,0.0,0.0,0.0,0.0,0.0,0.0,0.0,0.0,0.0,0.0,0.0,0.0,253.26293564318607,0.0,7082.944673210894,3910.546953882104,0.0,307.00382986917447,62.69968621443997,0.0,7615.688053933545,2481.0211216229304,288.5483242316184,0.0,0.0,0.0,358.40425858674394,184.58670447972744,0.0,0.0
93,0.0489646533266037,0.1854531359999998,6.039613253960868e-17,0.0029615930431894,5.275072386519788,13.73913567043931,2.326717853999997,0.1989403073222589,0.0,0.0,6.741525981904531,0.0,0.0,0.0,0.0,0.0,7.114991199652082,0.0,0.0,0.0,0.0,0.0,0.0,0.0,0.0,0.0,782.1719286494875,0.0,6122.884827963664,3285.839928261239,0.0,293.0030727460268,65.49210412121771,0.0,6417.832991822433,1316.1735980749609,82.21997655537787,0.0,0.0,0.0,11.011536864582716,38.665894475626274,0.0,0.0
94,0.0238698386312292,0.1835171691474571,6.039613253960868e-17,0.0028726815739841,5.625113403440817,14.139801655056488,2.0530714627490383,0.1672735363562485,0.0,0.0,132.52114951294763,0.0,0.0,0.0,0.0,0.0,139.8625200115342,0.0,0.0,0.0,0.0,0.0,0.0,0.0,0.0,0.0,961.400169152614,0.0,5623.903976898496,2548.784688064302,0.0,299.799915423693,78.2356174976443,0.0,5779.974619859636,730.8921325913834,0.0,0.0,0.0,0.0,0.0,0.0,0.0,0.0
95,0.007542165410983,0.1754826065827635,6.039613253960868e-17,0.0205890640265781,5.903165500662086,13.900493185794042,1.7470986499417611,0.1286647402055893,0.0,0.0,1303.069423638481,0.0,0.0,0.0,0.0,0.0,1632.107258270639,0.0,0.0,0.0,0.0,0.0,0.0,0.0,0.0,0.0,1078.112768239096,0.0,5007.249320289191,1425.3001391440364,0.0,283.5702083623645,183.0703844477449,0.0,5076.623395262388,238.3981499830149,0.0,0.0,0.0,0.0,0.0,0.0,0.0,0.0
96,0.0010111122737542,0.1781856807308973,6.039613253960868e-17,0.0419787589634552,6.133566208645825,13.037236519335574,1.4431787300092995,0.1121665417966778,0.0,0.0,3120.0652572357544,704.4496161851848,0.0,0.0,0.0,0.0,4322.58934619029,167.2201711862537,0.0,0.0,0.0,0.0,0.0,0.0,0.0,0.0,1147.954103936083,0.0,3020.6914311971173,0.0,0.0,134.51645636308447,198.54628959191265,0.0,2955.8591273062857,0.0,0.0,0.0,0.0,0.0,0.0,0.0,0.0,0.0
97,1.2256862191861756e-16,0.1811983428239205,6.039613253960868e-17,0.0631456445780732,6.278264033547088,11.777140332980752,1.1737658521076384,0.1155316498899669,0.0,0.0,4307.383858819085,2522.7977394919385,0.0,0.0,0.0,0.0,6214.635313372733,2124.125855645836,0.0,0.0,0.0,0.0,117.08808203181655,0.0,0.0,0.0,614.5123003667286,0.0,1617.050496027598,0.0,0.0,0.0,0.0,0.0,1582.3696393934788,0.0,0.0,0.0,0.0,0.0,0.0,0.0,0.0,0.0
98,1.2256862191861756e-16,0.1844647027774089,6.039613253960868e-17,0.0878108688961325,6.328060332315154,10.046395037726596,0.902713185247663,0.130261495933555,0.0,0.0,2890.753625897351,2679.3751256624023,0.0,0.0,0.0,0.0,6092.662895757963,4302.045044545474,930.7316164447276,0.0,0.0,0.0,6136.864839255928,2189.515769042278,0.0,0.0,29.8484715070126,0.0,417.9502052627988,0.0,0.0,0.0,0.0,0.0,371.3913428532665,0.0,0.0,0.0,0.0,0.0,0.0,0.0,0.0,0.0
99,1.2256862191861756e-16,0.1876359260332229,6.039613253960868e-17,0.1163665959069769,6.244418524099504,8.085340946216467,0.661738815045169,0.1461176122126249,0.0,0.0,1880.5190667462168,1988.670333597228,0.0,0.0,0.0,0.0,5140.487878908049,3747.5485746689383,1580.005539756721,0.0,0.0,0.0,9729.742669556426,4033.851877701289,0.0,0.0,0.0,0.0,1360.2492631704129,0.0,0.0,0.0,0.0,0.0,1207.7237611064745,0.0,0.0,0.0,0.0,0.0,0.0,0.0,0.0,0.0
100,1.2256862191861756e-16,0.1922682246670077,6.039613253960868e-17,0.1433691659233326,6.103703028049808,6.063315313928984,0.4561187833140794,0.1629674998872991,0.0,0.0,1500.6461614909465,1535.9578511696056,0.0,0.0,0.0,0.0,4618.903190161802,3058.706186971925,1896.5092370164984,0.0,0.0,0.0,11320.342988472525,5051.203016049984,0.0,0.0,0.0,0.0,1187.6284385286838,0.0,0.0,0.0,0.0,0.0,1113.4277554182388,0.0,0.0,0.0,0.0,0.0,0.0,0.0,0.0,0.0
101,1.2256862191861756e-16,0.2039352228215286,6.039613253960868e-17,0.1553668760930234,5.8663579962689445,4.182867707506474,0.3179975008305624,0.1886603711728908,0.0,0.0,1018.533850178634,981.6942352343052,0.0,0.0,0.0,0.0,3931.7199839023874,2127.77010701924,2244.197506362252,371.2509834805245,34.623855515247705,0.0,13132.543623306366,6339.001602403516,22.972127423194653,0.0,0.0,0.0,1026.7677720427832,0.0,0.0,0.0,0.0,0.0,1022.3417635138262,0.0,0.0,0.0,0.0,0.0,0.0,0.0,0.0,0.0
102,1.2256862191861756e-16,0.2045439000000004,6.039613253960868e-17,0.1616928487176081,5.509478041506259,2.8776923064535898,0.2891905098780855,0.2089306096172184,0.0,0.0,681.9347691806847,840.1381480591311,0.0,0.0,0.0,0.0,3121.6969028091767,808.7924444782305,1812.86723051978,1251.7040782659035,461.10956548356967,0.0,11738.515385250705,7065.46640455305,299.1352295326161,0.0,0.0,0.0,905.5787739743772,0.0,0.0,0.0,0.0,0.0,994.5420465024052,0.0,0.0,0.0,0.0,0.0,0.0,0.0,0.0,0.0
103,0.0008327714639203,0.2045439000000004,6.039613253960868e-17,0.1680188213421928,5.096445185340576,1.9214274661762405,0.3001349639529553,0.2179259349751499,0.0,120.37583842678464,455.9957253635174,762.5860056977701,0.0,0.0,386.3804709086916,0.0,2058.994960468889,149.01742055756634,1151.0378330835615,1018.9630680775653,453.8754663095765,0.0,7749.333963113737,5054.099596893731,156.93986570113316,0.0,0.0,0.0,783.6113471524759,0.0,0.0,0.0,0.0,0.0,965.9379244279188,0.0,0.0,0.0,0.0,0.0,0.0,0.0,0.0,0.0
104,0.0181229231362127,0.2044167091589046,0.0025664761873002,0.1718065875912995,4.712240972896363,1.2435220852376634,0.3246348687737712,0.2179031344938261,29.70603392472005,385.1969092916843,972.5777573172855,689.899780712507,0.0,0.0033448008735407,1316.9191588090314,0.0,1982.2210831444763,0.0,708.4806118179033,512.7733262413919,618.9101162365698,0.0,3566.176928096894,2335.7090939287955,0.0,0.0,0.0,0.0,670.006350105243,0.0,0.0,0.0,0.0,0.0,911.305565734926,0.0,0.0,0.0,0.0,0.0,0.0,0.0,0.0,0.0
105,0.0429033481030528,0.1893507488845988,0.0103884331694352,0.1541025052624587,4.400885082811989,0.9071780748784856,0.3574388693421905,0.2140362003384946,543.7481775009094,414.127454546386,2130.380757585848,603.7949735910532,0.0,2.5987402599398566,1464.250216445781,0.0,2830.5287142864463,0.0,476.9276402543046,141.490181814456,998.0228484777074,0.0,481.6278874379479,342.6089913370458,0.0,0.0,0.0,0.0,572.0,0.0,0.0,0.0,0.0,0.0,844.0,0.0,0.0,0.0,0.0,0.0,0.0,0.0,0.0,0.0
106,0.0781506240349855,0.1552680327707643,0.0180759725581395,0.1313759543920269,4.160256867537575,0.8250057239984024,0.3918157531295654,0.2035538193887042,1775.1960956121106,1118.346948785047,2755.598165117357,566.183674955615,0.0,736.1684461181007,1910.765853812532,0.0,2379.769642973272,0.0,212.3572157923667,196.8703072003059,903.8302924141072,0.0,253.50086195258265,40.53954536488181,0.0,0.0,0.0,0.0,535.8989399253245,0.0,0.0,0.0,0.0,0.0,807.5069231985119,0.0,0.0,0.0,0.0,0.0,0.0,0.0,0.0,0.0
107,0.1235056893378535,0.1219701885847177,0.0254620398139535,0.1095406408106312,4.064613463355866,0.8558514469081574,0.4291549780090828,0.2059388011702486,2307.035657655291,1609.9711323444894,2835.7329945121364,516.2946127266902,0.0,1209.8334620876262,2442.7102256585185,0.0,2102.2764383001017,0.0,182.608091077856,539.7567391781262,1243.6745680032282,0.0,312.33929660573006,157.83651148857268,0.0,0.0,0.0,0.0,455.6235413692025,0.0,0.0,0.0,0.0,0.0,726.3281764576236,0.0,0.0,0.0,0.0,0.0,0.0,0.0,0.0,0.0
108,0.1891967444611297,0.0883325704784053,0.03292347510299,0.0857602553860464,4.2834446922163245,0.936903579349663,0.4732652864930212,0.2435795990431893,2421.7069829564743,1655.691005140654,2929.248613527856,562.8473910047109,0.0,1372.3389527572706,2699.1157592171558,0.0,2069.8829757522326,0.0,402.95748491871416,839.6741286457736,1385.4087762606814,0.0,375.4213718975972,378.9270230315937,0.0,0.0,0.0,0.0,385.79565235017,0.0,0.0,0.0,0.0,0.0,646.8221471081687,0.0,0.0,0.0,0.0,0.0,0.0,0.0,0.0,0.0
109,0.2578277967064885,0.054694952372093,0.0403849103920265,0.0574337360930231,4.837462659254439,1.0687154163189658,0.5225523862236061,0.2842709237342192,895.4072318673531,308.25106253765966,3237.7526048626028,1088.4616284343213,0.0,325.234981178814,2304.142601852893,0.0,2394.773486339943,32.19301170236255,1387.0262814073476,1534.6145606911575,2059.554255153601,0.0,3118.747659430622,2309.7852051125656,45.36966103464513,0.0,0.0,0.0,331.0089496645428,0.0,0.0,0.0,0.0,0.0,486.0034463629281,0.0,0.0,0.0,0.0,0.0,0.0,0.0,0.0,0.0
110,0.3100385541528237,0.0214782000545121,0.0452498173367685,0.032028884201234,5.564517844810885,1.245659386219026,0.5766190110958006,0.3251307695656655,16.341181321280985,2.459962779547676,3711.478777268609,2079.616908772643,0.0,3.624052309155061,235.6311566514111,0.0,3330.691526733065,702.5646035896896,1330.597063725256,514.6117147464374,631.4809626651635,0.0,4157.773674631023,2298.365735828734,1.3178372033291128,0.0,0.0,0.0,319.24744545796824,0.0,0.0,0.0,0.0,0.0,393.95363645213416,0.0,0.0,0.0,0.0,0.0,0.0,0.0,0.0,0.0
111,0.3583488961872996,0.0007799763858834,0.0453715559999999,0.0246441113222591,6.597856506281683,1.4772333441584942,0.6264580664135875,0.3751765366426377,0.0,0.0,4442.147157930265,3005.6683395865125,0.0,0.0,65.00807974583172,0.0,4024.656651024128,1472.3258381995945,1180.2661851048308,235.00413146805923,291.2752729873683,0.0,3004.091518581736,1451.458409662205,0.0,0.0,0.0,0.0,305.35472129971464,0.0,0.0,0.0,0.0,0.0,312.5363633318287,0.0,0.0,0.0,0.0,0.0,0.0,0.0,0.0,0.0
112,0.3945884181448497,-4.796163466380666e-17,0.0453715559999999,0.0227067822059801,8.106408760483705,1.7307030633913911,0.6438075595481704,0.4304896123960133,0.0,0.0,5312.303360068738,4060.633309860065,0.0,0.0,7.325508673763215,0.0,4790.261931692416,2318.643571818172,1072.1885572165822,26.50644895602033,32.85754220867712,0.0,1665.105914802468,515.8907547426516,0.0,0.0,0.0,0.0,245.1138980029368,0.0,0.0,0.0,0.0,0.0,152.88218657086338,0.0,0.0,0.0,0.0,0.0,0.0,0.0,0.0,0.0
113,0.4180884699831505,-4.796163466380666e-17,0.0453715559999999,0.0207101470963455,10.277606594652568,2.0544031479639586,0.6246408309902687,0.4761727922349313,0.0,0.0,5423.847873772544,4210.547034224956,0.0,0.0,0.0,0.0,4906.25713065723,2461.660362410462,1062.9313899006274,0.0,0.0,0.0,1514.9124087357948,399.9514853485075,0.0,0.0,0.0,0.0,242.88747249768923,0.0,0.0,0.0,0.0,0.0,131.59673321767767,0.0,0.0,0.0,0.0,0.0,0.0,0.0,0.0,0.0
114,0.4068819666150221,0.0029674493091321,0.0429234359348512,0.02164309144575,12.550407723134898,2.419296046521057,0.5719503147877772,0.4883242233420312,0.0,0.0,5473.0730619794285,4721.57965544052,0.0,0.0,0.0,0.0,5483.106233771947,3382.296624506389,1180.9679432664914,0.0,0.0,0.0,1883.797142716312,400.1320109452072,0.0,0.0,0.0,0.0,377.2344692781332,0.0,0.0,0.0,0.0,0.0,79.53527037982695,0.0,0.0,0.0,0.0,0.0,0.0,0.0,0.0,0.0
115,0.3842914063780367,0.0154673325448504,0.0355860670963455,0.0575511342143732,14.768605154738225,2.898883617024685,0.5018831826053486,0.5012717701835994,0.0,0.0,5520.918710136787,5032.0693812406735,0.0,0.0,0.0,0.0,5766.685459557169,3683.567493379323,1201.6012611699623,0.0,0.0,0.0,1739.3095503383456,260.37850068539467,0.0,0.0,0.0,0.0,397.8959192068653,0.0,0.0,0.0,0.0,0.0,62.747158556606685,0.0,0.0,0.0,0.0,0.0,0.0,0.0,0.0,0.0
116,0.3482804754227234,0.02952491220598,0.0275216875415282,0.1470909718285714,17.13447568018285,3.502962828421028,0.4226606355348828,0.5152760377451172,0.0,0.0,5562.808826635562,5193.433324516719,0.0,0.0,0.0,0.0,5887.655179697179,3757.097238370157,1159.628039115319,0.0,0.0,0.0,1561.7816860537027,140.83455338776798,0.0,0.0,0.0,0.0,384.04932743191074,0.0,0.0,0.0,0.0,0.0,51.48123678697221,0.0,0.0,0.0,0.0,0.0,0.0,0.0,0.0,0.0
117,0.304088151102001,0.0422686993754153,0.0202109883189369,0.2368516635747508,18.970733699241677,4.050568256098993,0.3472638781624358,0.5140122824070131,0.0,0.0,5879.814251097323,5761.283046540418,0.0,0.0,0.0,0.0,6336.586626464401,3850.7322658116714,837.9651424732871,0.0,0.0,0.0,837.0496099052465,2.445725668094219,0.0,0.0,0.0,0.0,361.066332097484,0.0,0.0,0.0,0.0,0.0,32.83203784641328,0.0,0.0,0.0,0.0,0.0,0.0,0.0,0.0,0.0
118,0.2384258211887429,0.0554066242923589,0.0126741849966777,0.3293113546046516,20.10922361701447,4.598739636646929,0.2661123175370137,0.4728529171258085,0.0,0.0,6351.61781726462,6605.955861954817,0.0,0.0,0.0,0.0,6876.919729058291,3822.870531370346,273.09526331500894,0.0,0.0,0.0,0.0,0.0,0.0,0.0,0.0,0.0,342.1285955339562,0.0,0.0,0.0,0.0,0.0,18.19921690868893,0.0,0.0,0.0,0.0,0.0,0.0,0.0,0.0,0.0
119,0.1923393015384022,0.0690700662059802,0.0048359095415282,0.4254694332757485,20.404249544416647,5.115086690936127,0.2416879607371496,0.476159583707643,0.0,0.0,6233.220701632132,6537.036248011583,0.0,0.0,0.0,0.0,6737.6258568848125,3336.0704804879438,0.0,0.0,0.0,0.0,0.0,0.0,0.0,0.0,0.0,0.0,994.2234976318985,0.0,0.0,0.0,0.0,0.0,1064.1272548843278,0.0,0.0,0.0,0.0,0.0,0.0,0.0,0.0,0.0
120,0.2120432252292361,0.0786016513255816,8.362369707043399e-05,0.5102169115270324,20.10765737880489,5.489112023654821,0.2491881900480202,0.4935959201606785,0.0,0.0,3995.135796021193,2786.496176194487,0.0,0.0,0.0,0.0,3965.1148738006686,869.2387577596783,0.0,0.0,0.0,0.0,0.0,0.0,0.0,0.0,0.0,0.0,3943.000790150516,208.14978192358743,0.0,0.0,0.0,0.0,5466.481461473866,443.14786905181154,0.0,0.0,0.0,0.0,98.64489665074365,131.52652886765816,0.0,0.0
121,0.2466549629260955,0.0790903080000002,6.217248937900891e-17,0.5655131233355492,19.39182845081025,5.6766669086895565,0.3003428479335531,0.5022869665199029,0.0,0.0,2185.348485686122,96.7082381289724,0.0,0.0,0.0,0.0,1938.0672604871463,0.0,0.0,0.0,0.0,0.0,0.0,0.0,0.0,0.0,0.0,0.0,6050.7926862699605,2239.221971898552,0.0,0.0,0.0,0.0,8536.080459963308,4072.9275308543497,0.0,0.0,0.0,0.0,1148.961741087688,869.4628853698289,0.0,0.0
122,0.2942878707508305,0.0790903080000002,6.217248937900891e-17,0.5737105295282395,17.96426833067968,5.681380918780564,0.365817488292357,0.513303305276529,0.0,0.0,1046.636432094029,0.0,0.0,0.0,0.0,0.0,928.2026413880824,0.0,0.0,0.0,0.0,0.0,0.0,0.0,0.0,0.0,0.0,0.0,6505.121584520831,3003.662509731024,0.0,0.0,0.0,0.0,8803.22397192231,4851.341817449952,0.0,0.0,0.0,0.0,1437.7416572775926,1048.0207666454369,0.0,0.0
123,0.3550862428583961,0.0790903080000002,6.217248937900891e-17,0.5689133336212622,15.840072546975218,5.5216206206549545,0.4360141507924508,0.5374125884733905,0.0,0.0,66.99459082215417,0.0,0.0,0.0,0.0,0.0,59.4136680376791,0.0,0.0,0.0,0.0,0.0,0.0,0.0,0.0,0.0,0.0,0.0,6020.126708008927,2486.402059851532,0.0,0.0,0.0,0.0,7770.44861804792,3540.2301212857574,0.0,0.0,0.0,0.0,863.1861446226981,754.4598586580433,0.0,0.0
124,0.4340330917300654,0.0752579327441862,6.217248937900891e-17,0.5615917890897006,13.512429566362108,5.232645701511658,0.5346345552632873,0.596706754497509,0.0,0.0,0.0,0.0,0.0,0.0,0.0,0.0,0.0,0.0,0.0,0.0,0.0,0.0,0.0,0.0,0.0,0.0,0.0,0.0,6128.49815228496,2508.5266611305333,0.0,0.0,0.0,0.0,7606.278491233647,3304.7671270777787,0.0,0.0,0.0,0.0,778.4325057532941,705.3250831128049,0.0,0.0
125,0.4904623377833294,0.0632288377076413,6.217248937900891e-17,0.5261545361063122,11.254891601497306,4.787587494452433,0.6033541611593229,0.6035365915519294,0.0,0.0,0.0,0.0,0.0,0.0,0.0,0.0,0.0,0.0,0.0,0.0,0.0,0.0,0.0,0.0,0.0,0.0,19.82608695652174,0.0,6456.530751766183,2626.649367388052,0.0,0.0,0.0,0.0,7275.501564926459,2954.7211773140184,0.0,0.0,0.0,0.0,757.1098061937794,720.8942217414022,0.0,0.0
126,0.5008226399999984,0.0499595335415283,6.217248937900891e-17,0.4401239891626697,8.746244537419006,4.180009217034155,0.6501846794319536,0.5897394269298697,0.0,0.0,0.0,0.0,0.0,0.0,0.0,0.0,0.0,0.0,0.0,0.0,0.0,0.0,0.0,0.0,0.0,0.0,91.382922529601,0.0,6656.146004256927,2599.1794117371714,0.0,6.868354483397804,0.0,0.0,6688.498469168946,2441.6960906366785,154.28295591228837,82.93888975922582,0.0,0.0,903.7610373517904,925.013318529386,0.0,0.0
127,0.5008226399999984,0.0364274708770764,6.217248937900891e-17,0.3447502696943521,6.362468273329711,3.53769999131315,0.6590404595282389,0.56815320101661,0.0,0.0,0.0,0.0,0.0,0.0,0.0,0.0,0.0,0.0,0.0,0.0,0.0,0.0,0.0,0.0,0.0,0.0,318.2452988052914,0.0,5927.770758002011,1861.1267715836411,0.0,66.39467370270093,0.0,0.0,5680.110502745796,1707.6459894184493,450.2513981430532,348.4287304999702,9.723932998785834,0.0,1634.4514999326666,1766.2543977146254,11.336604973953929,0.0
128,0.5005929301362789,0.0253428899044002,6.217248937900891e-17,0.2550643693953485,4.573346191510447,2.940793853052573,0.6817067770487479,0.5636566507464912,0.0,0.0,0.0,0.0,0.0,0.0,0.0,0.0,0.0,0.0,0.0,0.0,0.0,0.0,0.0,0.0,0.0,0.0,436.0790276174948,0.0,4974.1294355504015,1043.7180448780964,0.0,112.36852399869308,6.427632947486663,0.0,4863.375576712084,995.5431703693432,659.9250663079249,722.9282143160397,332.91915491596643,0.0,2612.9712530340635,3271.819045138155,370.804581558042,0.0
129,0.476195620335547,0.0171048369169434,6.217248937900891e-17,0.1616800814551493,3.2851864858443376,2.3827113129974715,0.7047692348724742,0.5328410334127277,0.0,0.0,0.0,0.0,0.0,0.0,0.0,0.0,0.0,0.0,0.0,0.0,0.0,0.0,0.0,0.0,0.0,0.0,479.0075434425823,0.0,4255.290870294485,359.3002670967865,0.0,150.05945378465532,137.32338173241013,0.0,4227.832258534454,258.04589795605466,795.4485953254745,1219.9420008452637,885.3886929253229,0.0,3055.509964563784,4513.034884519113,740.4365848861476,0.0
130,0.4034165130945821,0.0123403702528984,6.217248937900891e-17,0.0705160700462404,2.4842089621818144,1.9603532561519013,0.7007040265246431,0.5188578312826636,0.0,0.0,0.0,0.0,0.0,0.0,0.0,0.0,0.0,0.0,0.0,0.0,0.0,0.0,0.0,0.0,0.0,0.0,521.6684108767287,219.7806911591068,4421.91474304392,422.71912931741457,0.0,187.45362100228536,309.63533044863,0.0,4159.301934101969,154.74200191853578,826.6802981895726,1358.497196734032,1055.1142293930386,0.0,2635.2720052169875,4265.586602134753,687.3020093743844,0.0
131,0.3311181281661131,0.0197488957873753,6.217248937900891e-17,0.013471489449016,2.016532824814949,1.8380259983284188,0.6578575129964205,0.5131221549483765,0.0,0.0,0.0,0.0,0.0,0.0,0.0,0.0,0.0,0.0,0.0,0.0,0.0,0.0,0.0,0.0,0.0,0.0,562.6154982666382,764.3806462823003,4426.806220064739,322.97689274741305,0.0,223.4585101580424,505.0801992662836,0.0,3977.783560423374,112.24976953968635,709.0504977372792,1449.5747004482068,1246.7414087957034,0.0,2149.369920493224,4025.262943886773,705.6134546054072,0.0
132,0.2613924012558143,0.0293861197076411,6.217248937900891e-17,0.0077344899667773,1.8130680964185777,2.14151982300501,0.6083139292624575,0.5081943097649494,0.0,0.0,0.0,0.0,0.0,0.0,0.0,0.0,0.0,0.0,0.0,0.0,0.0,0.0,0.0,0.0,0.0,0.0,481.0434704950733,772.7061059143125,3595.5229267832387,166.4417551675611,0.0,201.8351977569803,527.9294046524313,0.0,3158.031867590457,153.82835296698087,431.8615473888951,1197.2684304292195,1123.9986849848858,0.0,1498.9248513005416,3176.642366980297,628.4473979918189,0.0
133,0.1951529606910303,0.0385414824318936,6.217248937900891e-17,0.012273045847176,1.6837405968578223,2.7447821786600946,0.5611989628271707,0.5191496115051956,0.0,0.0,0.0,0.0,0.0,0.0,0.0,0.0,0.0,0.0,0.0,0.0,0.0,0.0,0.0,0.0,0.0,0.0,473.74885141099895,747.2016851307523,3568.98796972666,179.34706450142122,0.0,199.73966269899012,522.2853022968546,0.0,3131.851863789373,157.09144176699033,426.95962622352863,1176.0055697835724,1103.7941446859973,0.0,1477.3143527545765,3115.2804818285585,614.7263461644177,0.0
134,0.1249973568504987,0.0466934481528239,6.217248937900891e-17,0.0170982473621261,1.606594036493883,3.7583588745160825,0.4897137030764104,0.5270894139424147,0.0,0.0,0.0,0.0,0.0,0.0,0.0,0.0,0.0,0.0,0.0,0.0,0.0,0.0,0.0,0.0,0.0,0.0,473.7488514109989,747.2016851307521,3568.9879697266606,179.3470645014212,0.0,199.7396626989901,522.2853022968546,0.0,3131.851863789374,157.09144176699033,426.95962622352863,1176.0055697835724,1103.7941446859973,0.0,1477.3143527545765,3115.280481828559,614.7263461644177,0.0
135,0.0768220465336821,0.0514701889833887,6.217248937900891e-17,0.0219234488770763,1.6944947327942068,5.254027660439693,0.4155522409028046,0.5580618264972079,0.0,0.0,0.0,0.0,0.0,0.0,0.0,0.0,0.0,0.0,0.0,0.0,0.0,0.0,0.0,0.0,0.0,0.0,455.40226491201975,148.03488580743618,4888.9604564111805,788.3142149539126,0.0,229.321362204278,598.4356177429321,0.0,4167.062439090816,333.01047498690167,509.7972201884361,1024.116280071079,940.069224230642,0.0,1551.6272887018208,2547.374905280594,417.876761147341,0.0
136,0.0787721133176206,0.0560192197693225,6.217248937900891e-17,0.0266770045247915,1.960759366330068,7.210329485907876,0.371422153326896,0.5752854331295673,0.0,0.0,0.0,0.0,0.0,0.0,0.0,0.0,0.0,0.0,0.0,0.0,0.0,0.0,0.0,0.0,0.0,0.0,110.55880823017436,0.0,5967.6593671116325,1693.6656450875323,0.0,47.29340407091427,143.81198296753595,0.0,5175.052395902732,1339.676784512415,621.7192954155743,551.9232395396523,325.7802409540026,0.0,1668.823695626784,2010.4584469011916,90.80076876091948,0.0
137,0.0810737640000001,0.0580160880000001,6.217248937900891e-17,0.028760112,2.3464951349407577,9.598093351014288,0.3735833917006043,0.5898117998577284,0.0,0.0,0.0,0.0,0.0,0.0,0.0,0.0,0.0,0.0,0.0,0.0,0.0,0.0,0.0,0.0,0.0,0.0,0.0,0.0,6498.4492606826525,2336.1855753790533,0.0,0.0,0.0,0.0,5948.115302666646,2090.1071013315577,674.6145631535761,309.6451469316924,36.21431859830791,0.0,1743.207130521417,1739.4075091525808,0.0,0.0
138,0.0810737640000001,0.0561871839566073,6.217248937900891e-17,0.028760112,2.7842238620925897,11.909412241572737,0.3586352937937477,0.5827991730099668,0.0,0.0,0.0,0.0,0.0,0.0,0.0,0.0,0.0,0.0,0.0,0.0,0.0,0.0,0.0,0.0,0.0,0.0,0.0,0.0,6912.71921552777,2885.127998016901,0.0,0.0,0.0,0.0,6714.058805613429,2730.278453554707,693.5672246140448,165.4646066736749,0.0,0.0,1790.312194453879,1543.8390413851423,0.0,0.0
139,0.0810737640000001,0.0513256306245847,6.217248937900891e-17,0.028760112,3.322976344539844,14.056914527940222,0.3130211514019931,0.5480550931445182,0.0,0.0,0.0,0.0,0.0,0.0,0.0,0.0,0.0,0.0,0.0,0.0,0.0,0.0,0.0,0.0,0.0,0.0,0.0,0.0,7175.663071140697,3168.020556159338,0.0,0.0,0.0,0.0,7081.02928949871,3003.291527419282,650.8859379009494,120.33185406572174,0.0,0.0,1696.5667920773649,1392.9323713062338,0.0,0.0
140,0.0796422801211648,0.0462872134039476,6.217248937900891e-17,0.0287353042642173,3.864786643368357,15.999488259592754,0.2658061674418603,0.4669984551229236,0.0,0.0,0.0,0.0,0.0,0.0,0.0,0.0,0.0,0.0,0.0,0.0,0.0,0.0,0.0,0.0,0.0,0.0,0.0,0.0,8151.116068265368,4055.988251156005,0.0,0.0,0.0,0.0,8148.457949958597,3686.354977659146,369.6872380463605,68.34553980689016,0.0,0.0,1047.601069213628,791.1514001888498,0.0,0.0
141,0.0692039165382059,0.0392309146046511,6.217248937900891e-17,0.026280792,4.355152762747012,17.367943994887547,0.2214526976611285,0.3895522410498349,0.0,0.0,0.0,0.0,0.0,0.0,0.0,0.0,0.0,0.0,0.0,0.0,0.0,0.0,0.0,0.0,0.0,0.0,0.0,0.0,9603.199869878616,5370.428227823232,0.0,0.0,0.0,0.0,9728.98371547114,4683.9488594902,0.0,0.0,0.0,0.0,107.85241409278926,0.0,0.0,0.0
142,0.0556018398538205,0.0294973184451826,6.217248937900891e-17,0.0214555904850498,4.780431311670905,18.052139478613903,0.1713201743447253,0.3054439870564802,0.0,0.0,0.0,0.0,0.0,0.0,0.0,0.0,0.0,0.0,0.0,0.0,0.0,0.0,0.0,0.0,0.0,0.0,0.0,0.0,9904.979939020892,5601.2976252947765,0.0,0.0,0.0,0.0,9996.211416893164,4747.392181132381,0.0,0.0,0.0,0.0,59.35611546300759,0.0,0.0,0.0
143,0.0411917190099668,0.0191854888504983,6.217248937900891e-17,0.0163437433355481,5.1925036265107725,17.97784993411797,0.109706821146178,0.211666745429402,0.0,0.0,0.0,0.0,0.0,0.0,0.0,0.0,0.0,0.0,0.0,0.0,0.0,0.0,0.0,0.0,0.0,0.0,0.0,0.0,10221.31453237535,5684.268240625926,0.0,0.0,0.0,0.0,9966.451918262848,4137.199691108667,0.0,0.0,0.0,0.0,0.0,0.0,0.0,0.0
144,0.0274549682990033,0.0110948883588039,6.217248937900891e-17,0.0114707675481727,5.571630530214818,17.211412242832804,0.0744616948704306,0.1318298099800664,0.0,0.0,238.92206419129468,0.0,0.0,0.0,0.0,0.0,371.5957962517543,0.0,0.0,0.0,0.0,0.0,0.0,0.0,0.0,0.0,0.0,0.0,9541.0,4920.0,0.0,0.0,0.0,0.0,9035.0,3061.0,0.0,0.0,0.0,0.0,0.0,0.0,0.0,0.0
145,0.013987565641196,0.0064087539069767,6.217248937900891e-17,0.0066933403056478,5.864831334655185,15.850218466350745,0.0733878719999987,0.0775925630717897,0.0,0.0,1766.1327460298223,443.07689079927536,0.0,0.0,0.0,0.0,2627.3487185207605,324.34121461165466,0.0,0.0,0.0,0.0,0.0,0.0,0.0,0.0,0.0,0.0,8542.199551249092,3921.402518216933,0.0,0.0,0.0,0.0,7968.063540144502,2439.7181114353725,0.0,0.0,0.0,0.0,0.0,0.0,0.0,0.0
146,0.0023277602392027,0.0020710701829276,6.217248937900891e-17,0.0021604326150924,6.081138219651479,14.02408940866692,0.0712879052743902,0.057246757475083,0.0,0.0,3752.748034967865,2511.1143958436696,0.0,0.0,0.0,0.0,5339.470897498042,2111.7802547717347,11.378951808997204,0.0,0.0,0.0,285.1634286678996,0.0,0.0,0.0,0.0,0.0,4145.963738022149,57.849013818833946,0.0,0.0,0.0,0.0,3411.8455406438634,35.991022621839576,0.0,0.0,0.0,0.0,0.0,0.0,0.0,0.0
147,8.881784197001243e-17,-4.4408920985006215e-17,6.217248937900891e-17,-6.217248937900891e-17,6.237001467899479,11.77235518703574,0.0613001573820585,0.0371922710830565,0.0,0.0,4015.747240843733,3526.657170741966,0.0,0.0,0.0,0.0,6104.009804380184,3810.970829802789,51.12434044920047,0.0,0.0,0.0,1281.3986916751858,17.326294857059192,0.0,0.0,0.0,0.0,1733.6077554200017,0.0,0.0,0.0,0.0,0.0,1486.49252800238,0.0,0.0,0.0,0.0,0.0,0.0,0.0,0.0,0.0
148,8.881784197001243e-17,-4.4408920985006215e-17,6.217248937900891e-17,-6.217248937900891e-17,6.348217593726838,9.314593550551525,0.0486218539136201,0.0156905537142857,0.0,0.0,2635.4080794596007,2386.602866813292,0.0,0.0,0.0,0.0,4105.931933094448,2675.9346646357626,109.14630638524264,0.0,0.0,0.0,1323.4078409114784,257.6604344612103,0.0,0.0,0.0,0.0,1128.891055406203,0.0,0.0,0.0,0.0,0.0,1109.597401304571,0.0,0.0,0.0,0.0,0.0,0.0,0.0,0.0,0.0
149,8.881784197001243e-17,-4.4408920985006215e-17,6.217248937900891e-17,-6.217248937900891e-17,6.290712288227449,6.851632831023673,0.0355778301528228,0.0004335539448896,0.0,0.0,2024.765161392569,1780.2034526300647,0.0,0.0,0.0,0.0,3572.9286973669864,2229.897697152104,567.677453255058,0.0,0.0,0.0,3631.990819098616,1488.7945455709014,0.0,0.0,0.0,0.0,966.9395379293646,0.0,0.0,0.0,0.0,0.0,1039.167945505409,0.0,0.0,0.0,0.0,0.0,0.0,0.0,0.0,0.0
150,8.881784197001243e-17,-4.4408920985006215e-17,6.217248937900891e-17,-6.217248937900891e-17,6.125914791856902,4.793290544222827,0.0236309672691019,8.881784197001243e-17,0.0,0.0,1639.951884101655,1287.218486454252,0.0,0.0,0.0,0.0,4106.999802551904,2313.0469716281477,1859.7788625388664,486.45271206524,0.0,0.0,10522.360822834014,4885.50245832667,0.0,0.0,0.0,0.0,542.2931814765356,0.0,0.0,0.0,0.0,0.0,654.5575578131995,0.0,0.0,0.0,0.0,0.0,0.0,0.0,0.0,0.0
151,8.881784197001243e-17,-4.4408920985006215e-17,6.217248937900891e-17,-6.217248937900891e-17,5.854767858935254,3.1510391528786976,0.012561421239866,8.881784197001243e-17,0.0,0.0,1559.445911252498,1202.14425512432,0.0,0.0,0.0,0.0,4047.924745313781,2228.821586586839,2046.9401410026437,572.1000580092273,0.7914252840028446,0.0,11026.692262176011,5211.945369094887,0.0,0.0,0.0,0.0,355.70925854647555,0.0,0.0,0.0,0.0,0.0,429.3807098697455,0.0,0.0,0.0,0.0,0.0,0.0,0.0,0.0,0.0
152,8.881784197001243e-17,-4.4408920985006215e-17,6.217248937900891e-17,-6.217248937900891e-17,5.5655991781653045,1.9582600457635584,0.0069173690185644,8.881784197001243e-17,0.0,0.0,1859.2637661246004,1477.3235391726028,0.0,0.0,0.0,0.0,3978.097453922945,2117.237186647603,1891.440282263413,419.9577211982877,6.774812211130144,0.0,8542.958839904737,4022.893460846347,0.0,0.0,0.0,0.0,258.70525933617006,0.0,0.0,0.0,0.0,0.0,312.29616429099315,0.0,0.0,0.0,0.0,0.0,0.0,0.0,0.0,0.0
153,8.881784197001243e-17,-4.4408920985006215e-17,6.217248937900891e-17,-6.217248937900891e-17,5.2959449753095065,1.285705933844092,0.0098744478936865,8.881784197001243e-17,5.532463504901029,21.641264156303507,2275.338496715772,1075.3289425351363,0.0,0.0,208.88512728759912,0.0,3347.145002844152,899.6139547689022,1019.175055744288,252.12136263530653,250.73870228715563,0.0,4357.780282064693,2280.778563564482,0.0,0.0,0.0,0.0,106.7747516027358,0.0,0.0,0.0,0.0,0.0,193.69394576321545,0.0,0.0,0.0,0.0,0.0,0.0,0.0,0.0,0.0
154,0.0008118880664452,-4.440892098500622e-17,6.217248937900891e-17,-6.217248937900891e-17,5.06627353212489,0.9659795525076644,0.015160625376743,8.881784197001243e-17,592.5969627941411,333.8216284521387,2306.8937251138627,187.15608403146757,0.0,111.67257449105904,1372.2531594144605,0.0,2460.067010846389,0.0,226.1752299875786,492.9974570923323,1046.094159000414,0.0,1006.8445146211476,1075.536833720933,0.0,0.0,0.0,0.0,129.88005382409753,0.0,0.0,0.0,0.0,0.0,353.3781540582071,0.0,0.0,0.0,0.0,0.0,0.0,0.0,0.0,0.0
155,0.0191941376411961,-4.4408920985006215e-17,6.217248937900891e-17,-6.217248937900891e-17,4.904588338715288,0.8706601969813519,0.0521691078428216,8.881784197001243e-17,1847.9658077844888,1130.759871639323,2578.951891703417,351.7404144348412,0.0,898.5152890235523,1933.0399017795044,0.0,2255.972918211568,0.0,213.8199113965616,584.2473751370212,577.3545276189836,0.0,373.2968838024242,459.1863158395397,0.0,0.0,0.0,0.0,152.7277928527923,0.0,0.0,0.0,0.0,0.0,574.7595719286027,0.0,0.0,0.0,0.0,0.0,0.0,0.0,0.0,0.0
156,0.0487569708701812,0.0021103049302325,6.217248937900891e-17,-6.217248937900891e-17,4.859381784449795,0.9362131920022816,0.1108594531754516,8.881784197001243e-17,3140.422794813242,2488.668328866582,3460.904861126052,1271.9251491853815,0.0,1777.6757375722389,1893.402852650494,0.0,2299.1507410759746,0.0,248.74082561640648,320.42833381484087,0.0,0.0,0.0,0.0,0.0,0.0,0.0,0.0,102.2869668353992,0.0,0.0,0.0,0.0,0.0,555.2972822279661,0.0,0.0,0.0,0.0,0.0,0.0,0.0,0.0,0.0
157,0.0854591127308972,0.010692376385382,0.0009116649089701,-6.217248937900891e-17,4.954047757552134,1.0597633047521835,0.1868022741315602,8.881784197001243e-17,3985.8076064401216,3507.193725111793,3978.971811932905,1823.7452671028068,0.0,2256.466617830048,1747.056294656011,0.0,2326.827700253905,0.0,192.56353285117777,30.760261120919864,0.0,0.0,0.0,0.0,0.0,0.0,0.0,0.0,43.954656199718286,0.0,0.0,0.0,0.0,0.0,238.4910827158494,0.0,0.0,0.0,0.0,0.0,0.0,0.0,0.0,0.0
158,0.1219631871827245,0.019612986219269,0.0082007009700997,-6.217248937900891e-17,5.263576657231073,1.2069762693751724,0.2708817720398659,8.881784197001243e-17,3527.0258128614896,3794.3630385026463,3847.338088388862,1851.381577181723,0.0,1862.0912263571047,1406.0456518243882,0.0,2203.275532782736,0.0,97.29623430923829,4.96,0.0,0.0,0.0,0.0,0.0,0.0,0.0,0.0,4.185982797063093,0.0,0.0,0.0,0.0,0.0,117.3043090973174,0.0,0.0,0.0,0.0,0.0,0.0,0.0,0.0,0.0
159,0.1615412889568109,0.0292848053023255,0.0172786364252492,-6.217248937900891e-17,5.964031970321296,1.4197510722643003,0.3622550102192678,8.881784197001243e-17,2007.5868715304523,2235.3862892893967,2261.8048287400934,1112.203927880703,0.0,1032.5138900823729,758.5724012921057,0.0,1331.3728187333331,0.0,84.33459666180735,0.0,0.0,0.0,0.0,0.0,0.0,0.0,0.0,0.0,7.724583035162012,0.0,0.0,0.0,0.0,0.0,412.2888218605944,0.0,0.0,0.0,0.0,0.0,0.0,0.0,0.0,0.0
160,0.1989668504525056,0.0388627232292359,0.0262684365847177,-6.217248937900891e-17,7.008553055569575,1.658444111382491,0.4505457319815567,0.000336453927724,2442.995644204537,2604.9502437644555,2999.612185784722,1585.3231044043575,0.0,1150.7153508771523,705.8203325704704,0.0,2146.323407033767,0.0,88.29685675585847,0.0,0.0,0.0,0.0,0.0,0.0,0.0,0.0,0.0,11.592558817095558,0.0,0.0,0.0,0.0,0.0,437.4842716356784,0.0,0.0,0.0,0.0,0.0,0.0,0.0,0.0,0.0
161,0.218017892212625,0.0480650365315615,0.0349056955614618,-6.217248937900891e-17,8.324748061968112,1.8971771600979288,0.5037534957957813,0.0077949222360838,2938.252286815581,3048.1516422560653,3789.7960692302368,2077.4089887012965,0.0,1306.1876505364687,688.976334699317,0.0,2968.897781585314,0.0,90.35891064083286,0.0,0.0,0.0,0.0,0.0,0.0,0.0,0.0,0.0,15.33274731331004,0.0,0.0,0.0,0.0,0.0,431.2515698685626,0.0,0.0,0.0,0.0,0.0,0.0,0.0,0.0,0.0
162,0.2301266902379252,0.0557549994824943,0.0438073604252491,0.0168213276570405,9.890939157513657,2.20557451198239,0.5408006137015059,0.0215463552665474,2406.6212903051087,2479.699006453159,3140.245349046584,1735.4359317681312,0.0,1054.372471179814,532.5395988079661,0.0,2508.6943367138124,27.90978160815937,70.8536963064544,0.0,0.0,0.0,0.0,0.0,0.0,0.0,0.0,0.0,18.943783210415184,0.0,0.0,0.0,0.0,0.0,364.1546366993225,0.0,0.0,0.0,0.0,0.0,0.0,0.0,0.0,0.0
163,0.2313205560000004,0.0565284960000001,0.0517387308676044,0.0713262526636035,11.496229693139163,2.576987805266157,0.5522731479459931,0.0584526460066446,1659.4862370312494,1709.5722443735408,2165.3691880167407,1196.4778129861063,0.0,726.9066510147952,367.0399415338173,0.0,1729.6908967506984,257.93513223451475,48.84577893214756,0.0,0.0,0.0,0.0,0.0,0.0,0.0,0.0,0.0,21.023820911713223,0.0,0.0,0.0,0.0,0.0,339.98920638051334,0.0,0.0,0.0,0.0,0.0,0.0,0.0892285693153522,0.0,0.0
164,0.2298926230052211,0.0565284960000001,0.0530574479999999,0.1591400350092887,12.894244003495,2.967462722763059,0.5467567456223442,0.1083011657216084,952.4841529332668,772.8835647860882,1268.4747678927215,540.8976719231608,0.0,328.6057424308208,89.35208292783197,0.0,858.6101704537588,516.0859258031012,11.90167954872474,0.0,0.0,0.0,0.0,0.0,0.0,0.0,0.0,0.0,755.4685910017809,0.0,0.0,0.0,0.0,0.0,1049.6030112909768,0.0,0.0,0.0,0.0,0.0,0.0,64.09793881007256,0.0,0.0
165,0.2116544414950171,0.0565284960000001,0.0530574479999999,0.2675577534817276,14.024090604536596,3.31877832998833,0.5098861608039837,0.2014605319837875,1015.3970921084132,574.7635152704968,1382.942513776222,402.2218803985833,0.0,244.3802196765432,0.0,0.0,754.8672180534802,383.7896542297881,0.0,0.0,0.0,0.0,0.0,0.0,0.0,0.0,0.0,0.0,1351.0,0.0,0.0,0.0,0.0,0.0,1625.0,0.0,0.0,0.0,0.0,0.0,0.0,116.0,0.0,0.0
166,0.1841753420022154,0.0546898271627908,0.0530574479999999,0.3829902799933552,14.712644910699874,3.655659701712096,0.4552571039800639,0.34222140600443,1083.1784326380734,183.97582077527005,1579.404590828104,128.77881156277533,0.0,78.2364536637693,0.0,0.0,535.1215389061381,122.8385095440559,0.0,0.0,0.0,0.0,0.0,0.0,0.0,0.0,0.0,0.0,1246.3536402670336,0.0,0.0,0.0,0.0,0.0,1499.1400499799277,0.0,0.0,0.0,0.0,0.0,0.0,107.00214960268804,0.0,0.0
167,0.1450929364385386,0.0456483173023256,0.0519369329654093,0.4995313456697278,14.870592296477612,3.9249655589267394,0.3744285667093979,0.4775367037592346,164.08078778808712,0.0,1123.433134199988,0.0,0.0,0.0,0.0,0.0,170.9361627737284,0.0,0.0,0.0,0.0,0.0,0.0,0.0,0.0,0.0,0.0,80.82543786079376,1255.8202014341678,472.0970298805094,0.0,0.0,0.0,0.0,1371.0739293445388,0.0,0.0,0.0,0.0,0.0,0.0,114.18344750785792,0.0,0.0
168,0.1074361017408641,0.0380800208151552,0.046704293461794,0.5922190818245566,14.478732760745867,4.0815141374522055,0.287736205873753,0.5980151035232912,114.29283020572592,0.0,968.4122038365148,0.0,0.0,0.0,0.0,0.0,146.54132998128483,0.0,0.0,0.0,0.0,0.0,0.0,0.0,0.0,0.0,0.0,219.22661169450168,1942.4537820094624,660.6384153238758,0.0,0.0,0.0,0.0,1863.875643010215,0.0,0.0,0.0,0.0,0.0,0.0,188.3888060274311,0.0,0.0
169,0.0701635204584718,0.0376453029767442,0.0423498332691029,0.646550694205715,13.620029003947357,4.123639668584478,0.2016856805980061,0.6942651993687702,0.0,0.0,368.5104605392533,0.0,0.0,0.0,0.0,0.0,17.149265209693613,0.0,0.0,0.0,0.0,0.0,0.0,0.0,0.0,0.0,1311.5747388138482,683.3625868003464,4276.438456099765,1214.2076444370518,0.0,467.4975377202718,100.13952174972256,0.0,3542.180573686001,68.07837024605473,0.0,0.0,0.0,0.0,0.0,440.4230463761163,0.0,0.0
170,0.0330528677951925,0.0379780754950166,0.0378158077076412,0.6667690302012906,12.3401980945163,4.064992339026021,0.114195983629469,0.7789154361704113,0.0,0.0,177.14731440573982,0.0,0.0,0.0,0.0,0.0,0.4158716156792685,0.0,0.0,0.0,0.0,0.0,0.0,0.0,0.0,0.0,2165.4510750035324,964.3669795823104,5493.211330988947,1533.5849104342549,0.0,862.1763507063754,263.5220801401556,0.0,4424.834117482345,132.023242629968,0.0,10.489267443239523,0.0,0.0,18.096868006468195,589.7118096977108,0.0,0.0
171,0.0137127584222803,0.0383009636810631,0.0334164561727576,0.6681767400000009,10.751920198574949,3.9291911975494727,0.0594007182059787,0.8122095642818963,0.0,0.0,40.52296338756015,0.0,0.0,0.0,0.0,0.0,0.0,0.0,0.0,0.0,0.0,0.0,0.0,0.0,0.0,0.0,2033.223988453725,1212.781359133891,5393.327572199906,1548.8439439237154,0.0,798.7122481186768,341.3292668241792,0.0,4493.751439557891,268.4890086978169,118.25877660032046,191.9585588802329,0.0,0.0,369.13862947321593,897.6531598572914,0.0,0.0
172,0.0032833882501917,0.040201369113979,0.0289722132956812,0.652894912927422,8.975232570440825,3.662870130814234,0.0269984198640418,0.7994109556023509,0.0,0.0,0.0,0.0,0.0,0.0,0.0,0.0,0.0,0.0,0.0,0.0,0.0,0.0,0.0,0.0,0.0,0.0,1499.4890181746025,1093.0228947332716,5142.550858575777,1241.1976363038905,0.0,476.7887709967917,278.3020718462345,0.0,4410.740914479669,338.9634406931396,290.037345459125,426.3757813280624,0.0,0.0,844.7710406965163,1279.2497130311915,0.0,0.0
173,0.0041365930365449,0.0492832804784054,0.0252281106179403,0.5965139746890752,7.075799230105129,3.285148357057675,0.0492535144256389,0.7617026468407269,0.0,0.0,0.0,0.0,0.0,0.0,0.0,0.0,0.0,0.0,0.0,0.0,0.0,0.0,0.0,0.0,0.0,0.0,936.5158196591052,324.7830879051342,5023.4253293204765,1092.586935492876,0.0,135.9973260649598,324.554885058856,0.0,4428.836824493009,518.6494275198421,528.8603210970693,709.2497901596064,41.29361896716081,0.0,1529.72230786119,1990.2010390667265,18.76402469296025,0.0
174,0.0064495267774087,0.0576177463030153,0.0260320207642451,0.5004828893918383,5.3011277289522845,2.829179249455048,0.1308612075875373,0.7067097368259256,0.0,0.0,0.0,0.0,0.0,0.0,0.0,0.0,0.0,0.0,0.0,0.0,0.0,0.0,0.0,0.0,0.0,0.0,303.64552334002445,0.0,4869.717621477385,975.7973307226688,0.0,0.0,410.7166900699776,0.0,4461.187870496972,754.5372294615513,823.167099545119,1041.0219532096833,484.1169193888783,0.0,2350.0457355331737,2864.534446462796,230.77670840001107,0.0
175,0.0087179810232558,0.0585119520000002,0.0260328600000001,0.3884097769833888,3.819912866729668,2.3837041979841587,0.2613862235481717,0.606097956113906,0.0,0.0,0.0,0.0,0.0,0.0,0.0,0.0,0.0,0.0,0.0,0.0,0.0,0.0,0.0,0.0,0.0,0.0,116.00976760259962,0.0,3555.458130727516,689.1425772181051,0.0,0.0,326.6642653967307,0.0,3304.0315052719866,621.1914405928844,687.7067458769179,858.7097213581955,564.2020986987472,0.0,1957.8834410363536,2352.498843058305,277.69515595357046,0.0
176,0.0182393326358515,0.0585119520000002,0.0260328600000001,0.2837490417365305,2.7368639400849246,1.9847271931685937,0.3854531261063118,0.4839941883510044,0.0,0.0,0.0,0.0,0.0,0.0,0.0,0.0,0.0,0.0,0.0,0.0,0.0,0.0,0.0,0.0,0.0,0.0,203.41900508643943,0.0,1977.2212122885728,383.23566749949634,0.0,0.0,181.68469777177935,0.0,1837.4171182341888,345.4903579351861,382.4221697663623,477.5352356462066,313.7732051619605,0.0,1088.8076250647737,1308.2374368753103,154.42907752645212,0.0
177,0.0425963432307403,0.0585119520000002,0.0260281043307216,0.1807350147508305,1.9559947141207152,1.7047374755624891,0.5147438982458471,0.3691645625216576,0.0,0.0,0.0,0.0,0.0,0.0,0.0,0.0,0.0,0.0,0.0,0.0,0.0,0.0,0.0,0.0,0.0,0.0,258.0335109823444,0.0,1477.4689318617611,286.3578995098832,0.0,0.0,135.75739337252162,0.0,1373.0478600367444,258.14483214913207,285.79249273653903,356.86174022288145,234.4627703707192,0.0,813.6135466884411,977.572476346162,115.38705470531058,0.0
178,0.0664103571428571,0.0568314642307955,0.0237446370897011,0.091931433988745,1.4836420661896936,1.612365321325674,0.6390376949778285,0.3221681090818358,0.0,0.0,0.0,0.0,0.0,0.0,0.0,0.0,0.0,0.0,0.0,0.0,0.0,0.0,0.0,0.0,0.0,0.0,378.7266098948307,0.0,1865.4909557560263,487.8801328138203,0.0,0.0,401.613728514691,0.0,1550.082543967742,270.1047434257582,460.1421227014103,610.6816614621822,505.0146513452133,0.0,871.4311405570617,1183.6683495630843,210.2286290421688,0.0
179,0.0881249995016612,0.0483986327441861,0.0196364615083057,0.0455768886768741,1.2688593380600777,1.7019871949198575,0.7301086709501665,0.3260928226427847,0.0,0.0,0.0,0.0,0.0,0.0,0.0,0.0,0.0,0.0,0.0,0.0,0.0,0.0,0.0,0.0,0.0,0.0,655.5078187728184,0.0,5707.257444382926,1515.56843009584,0.0,433.6843009583973,741.7082854066599,0.0,4402.734847169245,594.6376089714646,664.4322083589566,997.5877012154136,636.3917272602832,0.0,1249.014557790885,1863.1443479895315,82.46412190502653,0.0
180,0.1112110929568109,0.0385818434551495,0.01526882220598,0.0332415783736635,1.2495236200570112,2.058447799595072,0.7897535321621282,0.345918710085412,0.0,0.0,0.0,0.0,0.0,0.0,0.0,0.0,0.0,0.0,0.0,0.0,0.0,0.0,0.0,0.0,0.0,0.0,641.1614063460473,0.0,5432.397085338828,1435.76638262826,0.0,424.7416339266461,648.7376853684455,0.0,4174.693762364867,550.2460580772718,562.5626371456556,864.682140134736,514.2553156162234,0.0,1079.6676001569235,1628.0093371646217,24.17284278294938,0.0
181,0.1352569114637486,0.0282790744983388,0.0106849631362126,0.0400966173687707,1.4847829599960798,2.689915760064906,0.7990813635630275,0.4118041340121162,0.0,0.0,0.0,0.0,0.0,0.0,0.0,0.0,0.0,0.0,0.0,0.0,0.0,0.0,0.0,0.0,0.0,0.0,394.9958050825112,0.0,3759.723144781109,1037.0142008248283,0.0,325.2519577079197,398.9925157549732,0.0,2956.803979388852,466.55796088678017,408.640629250628,576.0971775239497,315.81462729072626,0.0,781.5159071381064,1119.5465239658367,0.6674453542955863,0.0
182,0.1486590387667778,0.0189482648770764,0.0065335436013289,0.0471503148013289,1.89421422654351,3.540286063245207,0.794443446455815,0.5042039053156143,0.0,0.0,0.0,0.0,0.0,0.0,0.0,0.0,0.0,0.0,0.0,0.0,0.0,0.0,0.0,0.0,0.0,0.0,255.4008835999709,0.0,4700.64646686994,1508.413197903992,0.0,230.2708192562608,254.3041469206291,0.0,4027.144501900852,1003.0821199312902,605.2689133405876,610.6819309179383,198.6969742497113,0.0,1144.7061436077968,1364.7150745053834,0.0,0.0
183,0.1469207142059805,0.0095202593222591,0.0023388801129568,0.04834674,2.4407931064622934,4.522508366064681,0.7609178493733701,0.5936720335001273,0.0,0.0,0.0,0.0,0.0,0.0,0.0,0.0,0.0,0.0,0.0,0.0,0.0,0.0,0.0,0.0,0.0,0.0,245.51647027830143,0.0,5787.38526451037,2043.3601798165496,0.0,133.3877971166657,159.37068210760438,0.0,5398.535309035868,1554.093814513733,837.2245654015692,648.4649155826979,68.72515729441508,0.0,1480.8189217082868,1606.518363019426,0.0,0.0
184,0.144630020212625,0.0010149367996872,2.616440883385144e-06,0.04834674,3.124607097647829,5.529841136608976,0.6860252921625937,0.6245007668993546,0.0,0.0,0.0,0.0,0.0,0.0,0.0,0.0,0.0,0.0,0.0,0.0,0.0,0.0,0.0,0.0,0.0,0.0,636.5042017629459,0.0,5828.227804376154,2330.868822426789,0.0,292.6805955640641,156.54439124768896,0.0,5765.774378656826,1499.1893167358205,622.292875329223,466.7382054980741,8.148399613553755,0.0,1055.553083041228,1154.6567778230549,0.0,0.0
185,0.1423615659667779,-3.9079850466805446e-17,5.5067062021407924e-17,0.04834674,3.886694393600145,6.438225739349644,0.5572300529302306,0.6228492274215358,0.0,0.0,0.0,0.0,0.0,0.0,0.0,0.0,0.0,0.0,0.0,0.0,0.0,0.0,0.0,0.0,0.0,0.0,880.6397820005666,0.0,5839.829328559223,2539.5589515406677,0.0,420.8925240574953,133.3413428815538,0.0,5940.081380370755,1456.2441722264557,440.6898078615409,330.52190622431976,0.0,0.0,747.4985951301422,817.7073882129923,0.0,0.0
186,0.1329311243797276,-3.9079850466805446e-17,5.5067062021407924e-17,0.0475809496082561,4.627870285782138,7.137535991884661,0.447389184290945,0.6157782474817285,0.0,0.0,0.0,0.0,0.0,0.0,0.0,0.0,0.0,0.0,0.0,0.0,0.0,0.0,0.0,0.0,0.0,0.0,1367.123831745344,0.0,5862.645395442893,2954.869012046652,0.0,676.080366713289,87.12921569861994,0.0,6285.792027421064,1369.4852374477225,78.92577456158845,59.18478498812874,0.0,0.0,133.8721652699222,146.4346131803056,0.0,0.0
187,0.10839424476926,-3.907985046680546e-17,5.5067062021407924e-17,0.0406954431627907,5.273184100093518,7.586309544161746,0.3501491743255808,0.6069228338328851,0.0,0.0,332.8693443779528,122.30431557137815,0.0,0.0,0.0,0.0,320.20759105354887,0.2620650526575099,0.0,0.0,0.0,0.0,0.0,0.0,0.0,0.0,1619.4088330239883,40.57519623220676,5484.325422325612,2579.2173082821278,0.0,699.5167197075936,86.25103149731959,0.0,5660.658629050122,1001.3482472084136,0.0,0.0,0.0,0.0,0.0,0.0,0.0,0.0
188,0.0848088060398672,-3.9079850466805446e-17,5.5067062021407924e-17,0.0325841130299003,5.748972963386202,7.69984212186879,0.2605722762458456,0.5497623026511623,0.0,0.0,2739.157866250805,1186.6804372806084,0.0,0.0,0.0,0.0,2782.8888847509825,33.49975573355084,0.0,0.0,0.0,0.0,0.0311342987176155,0.0,0.0,0.0,1919.0056251753056,249.40842073534915,2686.320680109409,0.0,0.0,581.3829205797551,56.34183249760847,0.0,2176.9469332133453,0.0,0.0,0.0,0.0,0.0,0.0,0.0,0.0,0.0
189,0.0630941636810631,-3.9079850466805446e-17,5.5067062021407924e-17,0.0249546440930232,6.03626011307895,7.526586532972381,0.2010614780077744,0.4721490159069766,0.0,0.0,3768.788683701584,2504.939613501698,0.0,0.0,0.0,0.0,4323.625260071489,980.1607307612534,0.0,0.0,0.0,0.0,21.986895952788768,0.0,0.0,0.0,811.8641596393195,105.52736771512603,1617.217606116294,0.0,0.0,245.9484239529588,0.0,0.0,1315.9173655699817,0.0,0.0,0.0,0.0,0.0,0.0,0.0,0.0,0.0
190,0.0402366454086378,-3.907985046680546e-17,5.5067062021407924e-17,0.0169236241594684,6.16075375792515,7.101402108854529,0.1741463613349205,0.3904385361727575,0.0,0.0,5076.0,4234.0,0.0,0.0,0.0,0.0,6192.0,2663.0,0.0,0.0,0.0,0.0,63.0,0.0,0.0,0.0,0.0,0.0,1359.965083483943,0.0,0.0,0.0,0.0,0.0,1119.7073232571834,0.0,0.0,0.0,0.0,0.0,0.0,0.0,0.0,0.0
191,0.0164648264053156,-3.9079850466805446e-17,5.5067062021407924e-17,0.0085713634285714,6.062609906061356,6.442853593388333,0.199338813880007,0.3069554823435607,0.0,0.0,5037.491950074181,4205.776205212264,0.0,0.0,0.0,0.0,6184.425785067223,2693.9569977298383,0.0,0.0,0.0,0.0,156.98280455579544,0.0,0.0,0.0,0.0,0.0,1213.6209244000704,0.0,0.0,0.0,0.0,0.0,1018.3921422477216,0.0,0.0,0.0,0.0,0.0,0.0,0.0,0.0,0.0
192,0.0005198599260328,-3.907985046680546e-17,5.5067062021407924e-17,0.0011786599937315,5.722590790606149,5.507026637244426,0.2104550414991528,0.2293972296877078,0.0,0.0,4657.669617807422,3927.412518859941,0.0,0.0,0.0,0.0,6109.691156301017,2999.2577476716588,0.0,0.0,0.0,0.0,1083.8952666731973,0.0,0.0,0.0,0.0,0.0,943.6118005091616,0.0,0.0,0.0,0.0,0.0,731.8876494233282,0.0,0.0,0.0,0.0,0.0,0.0,0.0,0.0,0.0
193,1.0835776720341561e-16,-3.9079850466805446e-17,5.5067062021407924e-17,0.0,5.243685144944349,4.444230178455169,0.2059338842192681,0.1556175537408639,0.0,0.0,4135.315693072694,3544.6144118839125,0.0,0.0,0.0,0.0,6006.870399726751,3419.144676981196,275.02977502500306,0.0,0.0,0.0,2358.6644879804608,495.3857629006706,0.0,0.0,0.0,0.0,833.666760810864,0.0,0.0,0.0,0.0,0.0,576.4177189783962,0.0,0.0,0.0,0.0,0.0,0.0,0.0,0.0,0.0
194,1.083577672034156e-16,-3.9079850466805446e-17,5.5067062021407924e-17,0.0,4.701890387010952,3.4691619151876907,0.2018608996646629,0.1326633360882167,0.0,0.0,3863.9049376181847,3345.698335251556,0.0,0.0,0.0,0.0,5953.458702176063,3637.3176421743824,511.6306600483472,0.0,0.0,0.0,3021.0287461566286,916.943961043346,0.0,0.0,0.0,0.0,832.0,0.0,0.0,0.0,0.0,0.0,574.0,0.0,0.0,0.0,0.0,0.0,0.0,0.0,0.0,0.0
195,1.0835776720341561e-16,-3.9079850466805446e-17,5.5067062021407924e-17,0.0,4.062707572401793,2.5785206925519035,0.2016990858198153,0.1326436200000001,37.76470588235294,15.294117647058824,3513.6832495159497,2751.0440722914004,0.0,14.392156862745098,11.372549019607844,0.0,5352.444338616329,3140.49142351989,712.0835934331832,0.0,0.0,0.0,3484.91343131567,1157.17621957321,0.0,0.0,0.0,0.0,776.0457709271702,0.0,0.0,0.0,0.0,0.0,519.5478978821457,0.0,0.0,0.0,0.0,0.0,0.0,0.0,0.0,0.0
196,0.0006023017841861,0.0003017192411959,5.5067062021407924e-17,0.0,3.3961825356494297,1.866618036763075,0.191342501196278,0.1326436200000001,684.9608865563689,389.2758662133323,3686.857168957458,1871.4487355223164,0.0,214.8344851300372,654.9185422684369,0.0,3801.36844291252,683.6210025504041,796.3558432955979,341.5066445392709,425.13554057922687,0.0,1895.130456075039,973.6444395831128,0.0,0.0,0.0,0.0,499.410732716157,0.0,0.0,0.0,0.0,0.0,313.7005297795848,0.0,0.0,0.0,0.0,0.0,0.0,0.0,0.0,0.0
197,0.008450280358804,0.0042790921594684,5.5067062021407924e-17,0.0,2.8814454142227897,1.3779979199170287,0.1670147379269091,0.1291596450416979,865.1268130496431,798.928375878937,3465.4048902127674,1309.9604681821993,0.0,448.0474612356334,1466.4044867629957,0.0,3064.579510312134,0.0,931.317407256039,981.5791644980444,1157.309304931161,0.0,1419.5952538764366,1193.5712927158932,0.0,0.0,0.0,0.0,356.7153320614756,0.0,0.0,0.0,0.0,0.0,227.7960246447143,0.0,0.0,0.0,0.0,0.0,0.0,0.0,0.0,0.0
198,0.0198370114712862,0.0089638537873753,5.5067062021407924e-17,0.0,2.554557242326525,1.1636481123588214,0.144691503112481,0.1111818518073091,1251.0,1240.0,3176.0,970.0,0.0,804.0,2087.0,0.0,2737.0,0.0,1051.0,1434.0,1651.0,0.0,1384.0,1500.0,0.0,0.0,0.0,0.0,363.21970209374456,0.0,0.0,0.0,0.0,0.0,237.6385763198598,0.0,0.0,0.0,0.0,0.0,0.0,0.0,0.0,0.0
199,0.0370693679144787,0.0143178670764119,5.5067062021407924e-17,0.0,2.422497471687058,1.1735190971934584,0.1234821061388906,0.0889964681262459,1157.5002445933428,1147.3263705483405,2938.606805931852,897.5074474489882,0.0,743.8993367739474,1931.0097169974767,0.0,2532.415808144601,0.0,972.4295207800797,1326.8101573391025,1527.582683223084,0.0,1280.557228634983,1387.8829061075112,0.0,0.0,0.0,0.0,374.6553832437489,0.0,0.0,0.0,0.0,0.0,254.8748055231776,0.0,0.0,0.0,0.0,0.0,0.0,0.0,0.0,0.0
200,0.0645541619202658,0.0200837275415282,5.5067062021407924e-17,0.0,2.531969076814081,1.2859977165273266,0.1162636341129554,0.1087050028903655,807.2474401344267,800.1560114848606,2049.474150062465,625.9277641760498,0.0,518.7826197563501,1346.743446853865,0.0,1766.18516653068,0.0,678.1961722168858,925.315196810242,1065.3700551253544,0.0,893.0473600418953,967.9347072711712,0.0,0.0,0.0,0.0,331.08460248749435,0.0,0.0,0.0,0.0,0.0,245.2907279968645,0.0,0.0,0.0,0.0,0.0,0.0,0.0,0.0,0.0
201,0.0918246226843854,0.024974412757475,5.5067062021407924e-17,0.0,2.940171187564113,1.3942658008159643,0.1122519497488358,0.1696999815149502,449.4666892811643,395.3626618074287,1162.528373526305,385.64069116426464,0.0,275.4269252160558,666.2423596223342,0.0,984.047793456628,0.0,344.2639289099941,447.69525892671686,505.8606933093868,0.0,462.4891791037526,485.750550939496,0.0,0.0,0.0,0.0,280.3188114624789,0.0,0.0,0.0,0.0,0.0,197.9285272081511,0.0,0.0,0.0,0.0,0.0,0.0,0.0,0.0,0.0
202,0.1193880466633235,0.0297348998708706,5.5067062021407924e-17,0.0,3.745027904077973,1.5414730491037612,0.1198221802111191,0.2351284639072274,848.9569598325152,336.52388212027347,2370.6198158154352,1032.3660499214352,0.0,410.1275814429104,574.2016053113701,0.0,1863.6826720647364,16.272297430576998,376.9238238032405,292.91255625732475,240.49775596313287,0.0,589.0890323467363,482.2218046577671,0.0,0.0,0.0,0.0,198.16005715725044,0.0,0.0,0.0,0.0,0.0,75.25779157066468,0.0,0.0,0.0,0.0,0.0,0.0,0.0,0.0,0.0
203,0.1401005249700997,0.0309914999999999,5.5067062021407924e-17,0.0,4.747627884512951,1.8096962303707829,0.1426465642126237,0.3046683964544851,1408.592873982101,360.05795866591416,4018.03841531768,1859.867808158719,0.0,627.3048089560173,622.082272998468,0.0,3094.711051627294,149.20569814351964,493.33839069998,218.9607013356984,53.48773330227753,0.0,839.9552973623466,589.6972635891556,0.0,0.0,0.0,0.0,175.1563317482507,0.0,0.0,0.0,0.0,0.0,45.55244907012624,0.0,0.0,0.0,0.0,0.0,0.0,0.0,0.0,0.0
204,0.1558175146106689,0.0309914999999999,5.5067062021407924e-17,0.0,5.93185477007208,2.1976310161489545,0.1654086738128245,0.3908017853820599,1430.1831502790983,360.19628577474657,4081.6685608402063,1891.9193271885372,0.0,635.6368814677594,622.6107543585648,0.0,3142.2051124421077,154.91161369877406,497.71569444164857,215.5191072779647,45.89758766104804,0.0,849.514877203095,593.6609261038612,0.0,0.0,0.0,0.0,166.77985007025106,0.0,0.0,0.0,0.0,0.0,35.581332165900605,0.0,0.0,0.0,0.0,0.0,0.0,0.0,0.0,0.0
205,0.1688074853722811,0.0309914999999999,5.5067062021407924e-17,0.0,7.340485890875187,2.665420606385023,0.1846336067438094,0.4858433541295056,1107.4495223763245,76.35627812198302,3241.329603407833,1557.9891333706018,0.0,481.3895598248744,131.98425913605928,0.0,2530.147324694698,177.20052361498395,392.60126305274,45.686858931712834,9.729608846568471,0.0,661.4208043423225,449.5957844043386,0.0,0.0,0.0,0.0,140.00384079414087,0.0,0.0,0.0,0.0,0.0,11.6945141977471,0.0,0.0,0.0,0.0,0.0,0.0,0.0,0.0,0.0
206,0.1721349228804665,0.0306467250783103,0.0027851627559835,0.0,8.866201157327541,3.164830395845973,0.1816542576478397,0.542953765608516,965.3829372352906,0.0,3117.849710258149,1694.8067308965665,0.0,380.5664120517145,0.0,0.0,2556.877388689552,361.6370763473143,368.3412214026386,0.0,0.0,0.0,589.6358520939194,355.4133114534518,0.0,0.0,0.0,0.0,140.23126626782485,0.0,0.0,0.0,0.0,0.0,10.918372071791524,0.0,0.0,0.0,0.0,0.0,0.0,0.0,0.0,0.0
207,0.1644740526976744,0.0267638887375415,0.0180586749767442,0.0003157077200635,10.238551506816398,3.6747610789010734,0.1753541239569538,0.574460091388705,615.0217033351283,0.0,4390.82645431243,3849.178506241949,0.0,1.9645579237675737,0.0,0.0,4518.656589707097,1934.6169270455816,449.4642035212394,0.0,0.0,0.0,483.3196069988264,1.8347127206104268,0.0,0.0,0.0,0.0,183.28408047616173,0.0,0.0,0.0,0.0,0.0,7.285087962653452,0.0,0.0,0.0,0.0,0.0,0.0,0.0,0.0,0.0
208,0.151814080313922,0.0216672799335548,0.035754100744186,0.0055072204385382,11.329440386898252,4.16893391884914,0.1674371843397467,0.6144108837743382,445.0940177565074,0.0,5008.390897438861,4894.260750059174,0.0,0.0,0.0,0.0,5470.334056980199,2697.6397355396853,488.8159132455848,0.0,0.0,0.0,431.7293644475701,0.0,0.0,0.0,0.0,0.0,173.37682712091785,0.0,0.0,0.0,0.0,0.0,5.582769156634356,0.0,0.0,0.0,0.0,0.0,0.0,0.0,0.0,0.0
209,0.1354261099518614,0.0164162284385381,0.0539857515348836,0.0123545915880398,12.099475258659965,4.541188340307839,0.1554079095198306,0.6921147771615713,227.2561165440081,0.0,5413.953849009828,5635.144462557913,0.0,0.0,0.0,0.0,6125.702367607988,3087.7950467877167,421.51570883598646,0.0,0.0,0.0,284.80959502628787,0.0,0.0,0.0,0.0,0.0,104.5906897770042,3.348219629591753,0.0,0.0,0.0,0.0,3.3955821609580066,9.414284205426194,0.0,0.0,0.0,0.0,0.0,0.0,0.0,0.0
210,0.1208123946511628,0.0111136960465116,0.0723961439999998,0.0192690938272425,12.588832948959016,4.76861752635661,0.141625183215946,0.735520205561463,59.99590338126647,0.0,3409.6418867952502,2466.326378425329,0.0,0.0,0.0,0.0,3434.775805531925,788.1567096823217,0.0,0.0,0.0,0.0,0.0,0.0,0.0,0.0,0.0,0.0,627.4345016689185,541.0253990361479,0.0,0.0,0.0,0.0,773.4534430593934,1127.693781278707,0.0,0.0,0.0,0.0,0.0,0.0,0.0,0.0
211,0.107277952425249,0.005811163654485,0.090806536465116,0.0261835960664451,12.683404355410122,4.918783279408794,0.1373059821845539,0.7325360982059819,0.0,0.0,2019.0,309.0,0.0,0.0,0.0,0.0,1693.0,0.0,0.0,0.0,0.0,0.0,0.0,0.0,0.0,0.0,0.0,0.0,1975.607114524351,1059.2257253736886,0.0,0.0,0.0,0.0,2615.499721103498,1645.0994631619487,0.0,0.0,0.0,0.0,208.1612348005885,103.024727078842,0.0,0.0
212,0.095017379663977,0.0010739125242388,0.1057351560935654,0.0327624428571428,12.19961141123004,4.959783304570905,0.1750992979933546,0.7285266230610911,0.0,0.0,1944.1319625809172,263.8159696044989,0.0,0.0,0.0,0.0,1626.730088753265,0.0,0.0,0.0,0.0,0.0,0.0,0.0,0.0,0.0,0.0,0.0,3548.638040062528,1663.8860959480653,0.0,0.0,0.0,0.0,4764.914279507476,2248.814221390335,0.0,0.0,0.0,0.0,918.1526537822876,506.3661490738317,0.0,0.0
213,0.0899622497541529,-3.9079850466805446e-17,0.1076024879999997,0.0389889296778736,11.322405088794415,4.838644997524009,0.2248421999202652,0.7171147607537555,0.0,0.0,1302.4462879618172,3.51105818702594,0.0,0.0,0.0,0.0,1058.6593530166492,0.0,0.0,0.0,0.0,0.0,0.0,0.0,0.0,0.0,0.0,0.0,5051.037182105686,2230.600931514959,0.0,0.0,0.0,0.0,6683.033698362028,2697.7666823450872,0.0,0.0,0.0,0.0,768.7277471223231,713.7977713116035,0.0,0.0
214,0.0896427740161368,-3.907985046680546e-17,0.1076024879999997,0.0404129159999999,10.216989662317989,4.595196029008636,0.2747342745753608,0.7012177596490609,0.0,0.0,425.42792180878433,0.0,0.0,0.0,0.0,0.0,293.4352898627179,0.0,0.0,0.0,0.0,0.0,0.0,0.0,0.0,0.0,0.0,0.0,5368.575224273344,2252.3830937627163,0.0,0.0,0.0,0.0,6262.77209894547,2027.6234773110448,0.0,0.0,0.0,0.0,353.0683307710647,417.68641699383846,0.0,0.0
215,0.0925837326753001,-3.907985046680546e-17,0.1076024879999997,0.0404129159999999,8.99638562943413,4.291475966990872,0.3276116529039256,0.6526426545924464,0.0,0.0,31.77577237551474,0.0,0.0,0.0,0.0,0.0,7.886369883524998,0.0,0.0,0.0,0.0,0.0,0.0,0.0,0.0,0.0,603.0879298508725,852.8754776120805,5668.436229713243,2067.650358810168,0.0,66.57553598404148,0.0,0.0,5665.39021436635,1307.4165469796335,0.0,0.0,0.0,0.0,263.4952527061712,370.30763535474864,0.0,0.0
216,0.096985254297499,-3.907985046680546e-17,0.1048385582892243,0.0404129159999999,7.531192875822725,3.898136738665104,0.4161964376731646,0.6362359244884337,0.0,0.0,3.023306863750132,0.0,0.0,0.0,0.0,0.0,0.0,0.0,0.0,0.0,0.0,0.0,0.0,0.0,0.0,0.0,1155.6653108495082,1539.9614564994538,5893.432126014792,1901.7092646468925,0.0,329.2560526702153,0.0,0.0,5193.750571394466,758.6324875965312,0.0,0.0,0.0,0.0,238.2194847967991,367.4732132482392,0.0,0.0
217,0.1055078332624586,-3.9079850466805446e-17,0.0882926213023253,0.0398514471674808,6.029807231387923,3.40671932844638,0.5593178435481724,0.6466942583169824,0.0,0.0,0.0,0.0,0.0,0.0,0.0,0.0,0.0,0.0,0.0,0.0,0.0,0.0,0.0,0.0,0.0,0.0,1216.0,1607.0,5931.0,1874.0,0.0,375.0,0.0,0.0,5115.0,667.0,0.0,0.0,0.0,0.0,234.0,367.0,0.0,0.0
218,0.1139515240664452,-3.9079850466805446e-17,0.0700609705116277,0.0342343846644517,4.853506350085598,2.8964933291186505,0.689933366544459,0.6457355749962875,0.0,0.0,0.0,0.0,0.0,0.0,0.0,0.0,0.0,0.0,0.0,0.0,0.0,0.0,0.0,0.0,0.0,0.0,1159.394267308358,1281.4123174750614,6091.891921770934,2017.751650596305,0.0,382.6394160243897,0.0,0.0,5076.529606260394,790.339082561868,17.073371290053707,0.0,0.0,0.0,385.8462972380027,534.6764797619599,0.0,0.0
219,0.1214858563056478,-3.9079850466805446e-17,0.0529017697674418,0.0277898000531561,3.9714420626764144,2.488105029743548,0.8528463047149493,0.596334265039204,0.0,0.0,0.0,0.0,0.0,0.0,0.0,0.0,0.0,0.0,0.0,0.0,0.0,0.0,0.0,0.0,0.0,0.0,1048.4960210807362,1097.5152955226467,5615.956603948225,1881.2054350330973,0.0,352.1805499936803,0.0,0.0,4639.712181120283,752.4758115392409,19.61407225076228,0.0,0.0,0.0,388.7268181951033,528.707200250541,0.0,0.0
220,0.1276683160296446,-3.9079850466805446e-17,0.0355638273488372,0.0212780843521594,3.240199801030413,2.224039521719168,1.049661766085611,0.5649513321068242,0.0,0.0,0.0,0.0,0.0,0.0,0.0,0.0,0.0,0.0,0.0,0.0,0.0,0.0,0.0,0.0,0.0,0.0,660.5151084477974,691.411037275975,3537.853042916696,1185.097225871163,0.0,221.8628252739519,11.542369577631607,0.0,2922.8595818031904,474.0297214426423,12.367793005356027,16.517964340855734,12.363216429432542,0.0,244.87247053739264,333.06598177177966,3.80115234449356,0.0
221,0.143547685833887,0.0001007814266171,0.0171534348837209,0.0143635821129568,2.64033767776275,2.047437783175324,1.2593298695821753,0.5561928279304271,0.0,0.0,0.0,0.0,0.0,0.0,0.0,0.0,0.0,0.0,0.0,0.0,0.0,0.0,0.0,0.0,0.0,0.0,474.1829219384647,496.4245586677233,2540.0335767444617,850.8320102907481,0.0,159.26915247321915,268.423726169489,0.0,2098.465897978834,340.3386777208106,8.89665469170346,384.1337350434262,287.51294083143296,0.0,175.79740603708075,239.10967667599348,88.39774789607898,0.0
222,0.155851628981975,0.0016704521461793,0.001946792838623,0.0077847353222591,2.303011553748497,2.0307949762482767,1.3934796100660205,0.5442832952046367,0.0,0.0,0.0,0.0,0.0,0.0,0.0,0.0,0.0,0.0,0.0,0.0,0.0,0.0,0.0,0.0,0.0,0.0,493.964218058513,333.4417392250626,2812.6823889138723,846.2901975852952,0.0,266.5154642902129,759.7699253671856,0.0,2353.9725631677416,284.0103675325357,207.0566025242884,1047.5305111666285,683.3086662155997,0.0,406.2240880543696,529.2471218307987,193.03894775703,0.0
223,0.1632496310431895,0.0037906414086378,5.684341886080815e-17,0.0015421142300025,2.1657761194899026,2.2123420164602865,1.4574294850043452,0.5361218555382066,0.0,0.0,0.0,0.0,0.0,0.0,0.0,0.0,0.0,0.0,0.0,0.0,0.0,0.0,0.0,0.0,0.0,0.0,863.3156842552131,419.0102777435247,5064.19584353434,1443.4407408263737,0.0,555.453873524226,425.86635933059137,0.0,4263.710205919024,433.5357169755013,538.1031024009721,504.4435164205152,87.00587535120147,0.0,908.7238059257032,1174.607893255733,0.0,0.0
224,0.1707370127043191,0.0059536627774086,5.684341886080815e-17,-1.7763568394002547e-18,2.162866867244422,2.625504415505619,1.5000580760970932,0.5262416796067542,0.0,0.0,0.0,0.0,0.0,0.0,0.0,0.0,0.0,0.0,0.0,0.0,0.0,0.0,0.0,0.0,0.0,0.0,616.2948937004217,299.03646380148865,3615.382975067539,1030.4307366007492,0.0,396.575439693032,303.6193576452155,0.0,3043.926629081848,309.50615871431404,384.2402746646862,359.4795538854574,0.0,0.0,648.8078856642694,838.6413807134805,0.0,0.0
225,0.1780761819582952,0.0080096038803986,5.684341886080815e-17,-1.7763568394002547e-18,2.295890400616669,3.280389466202613,1.4941504296860124,0.5475919001631452,0.0,0.0,0.0,0.0,0.0,0.0,0.0,0.0,0.0,0.0,0.0,0.0,0.0,0.0,0.0,0.0,0.0,0.0,391.5156004370857,162.13439715895814,2284.0994270390684,694.6168883921431,0.0,241.6515798033292,164.6498033095189,0.0,1901.795555769649,223.98198113794075,208.35997066275644,194.90912048393875,0.0,0.0,351.8230527830344,454.7755405679086,0.0,0.0
226,0.1847593160707899,0.0101297931428571,3.7351370815288125e-05,-1.7763568394002547e-18,2.6105081996005626,4.178988220524175,1.4386159416746724,0.5424478756836194,0.0,0.0,0.0,0.0,0.0,0.0,0.0,0.0,0.0,0.0,0.0,0.0,0.0,0.0,0.0,0.0,0.0,0.0,795.3548856469683,8.016470829361268,4482.4637613655805,1906.442842310597,0.0,363.100245627328,8.143590287507731,0.0,3467.379847432348,793.5657929621223,10.304621075997586,9.63724392072866,0.0,0.0,17.399475833797005,22.492199125789647,0.0,0.0
227,0.1773014448438544,0.0122024946352736,0.0103180073023256,-1.7763568394002547e-18,3.039066492895275,5.374254664514541,1.320201209788528,0.5061075883082489,0.0,0.0,0.0,0.0,0.0,0.0,0.0,0.0,0.0,0.0,0.0,0.0,0.0,0.0,0.0,0.0,0.0,0.0,1460.7120979286274,0.0,8578.5483734504,3949.029386480974,0.0,608.1722525497481,0.0,0.0,6586.766063437011,1726.285536203639,0.0,0.0,0.0,0.0,0.0,0.0,0.0,0.0
228,0.1686921914750838,0.0128924639999999,0.0328242199335548,-1.7763568394002547e-18,3.561669787502576,6.734965671330988,1.2068184966866746,0.4615642168443117,0.0,0.0,0.0,0.0,0.0,0.0,0.0,0.0,0.0,0.0,0.0,0.0,0.0,0.0,0.0,0.0,0.0,0.0,1169.802673072105,0.0,9187.59525621762,4572.3229415144815,0.0,437.9513760685589,0.0,0.0,7263.4374397020765,2111.390329914875,0.0,0.0,0.0,0.0,0.0,0.0,0.0,0.0
229,0.1599173755415288,0.0128924639999999,0.057861456545681,-1.7763568394002547e-18,4.107586811536546,8.061344138167799,1.0487634627134528,0.4316940400141189,0.0,0.0,0.0,0.0,0.0,0.0,0.0,0.0,0.0,0.0,0.0,0.0,0.0,0.0,0.0,0.0,0.0,0.0,66.15032848995953,0.0,8778.336775171667,4267.6996991149845,0.0,23.72548546331065,0.0,0.0,6938.84273521497,1881.1257121258016,0.0,0.0,0.0,0.0,0.0,0.0,0.0,0.0
230,0.143539150958366,0.0128924639999999,0.0848660527973423,-1.7763568394002547e-18,4.566857983288048,9.049416229934009,0.8606345727707622,0.3842801941115428,0.0,0.0,0.0,0.0,0.0,0.0,0.0,0.0,0.0,0.0,0.0,0.0,0.0,0.0,0.0,0.0,0.0,0.0,0.0,0.0,8673.917009302622,4177.622136353852,0.0,0.0,0.0,0.0,6844.857101703517,1816.0819447783108,0.0,0.0,0.0,0.0,0.0,0.0,0.0,0.0
231,0.113408297641196,0.0128359256196677,0.112590780996678,-1.7763568394002547e-18,5.044820734878939,9.762170281283751,0.6524724964855817,0.3120139214742861,0.0,0.0,1081.4374220974737,244.22707811774973,0.0,0.0,0.0,0.0,1440.6410823891988,0.7403555156213337,0.0,0.0,0.0,0.0,0.0,0.0,0.0,0.0,0.0,0.0,7651.60221281284,3295.763101205016,0.0,0.0,0.0,0.0,5924.67169339478,1179.2804233234906,0.0,0.0,0.0,0.0,0.0,0.0,0.0,0.0
232,0.0856009634135859,0.0113933402790697,0.1403144751967203,-1.7763568394002547e-18,5.500601738961193,10.141310790881777,0.4561747608273149,0.2429470017807311,0.0,0.0,2175.4391380028483,528.4248453508866,0.0,0.0,0.0,0.0,2904.3263955706966,5.845589158101322,0.0,0.0,0.0,0.0,0.0,0.0,0.0,0.0,0.0,0.0,7369.967019769259,3052.81081261493,0.0,0.0,0.0,0.0,5671.168410110715,1003.804974599531,0.0,0.0,0.0,0.0,0.0,0.0,0.0,0.0
233,0.0626880823654485,0.0092731510166112,0.1590542230618452,-1.7763568394002547e-18,5.95422601010248,10.022396451723008,0.3169924036376191,0.1749967322062355,0.0,0.0,2588.049883353614,1231.2404295243289,0.0,0.0,0.0,0.0,3472.1363882964624,297.615714391929,0.0,0.0,0.0,0.0,100.24146399404182,0.0,0.0,0.0,0.0,0.0,5533.958952442228,1875.4731658041403,0.0,0.0,0.0,0.0,4161.589713473953,425.9661618850408,0.0,0.0,0.0,0.0,0.0,0.0,0.0,0.0
234,0.0383281455946844,0.0070030493820597,0.1665180502325582,0.0010406005315614,6.424367994398672,9.516535674657838,0.1927015700310073,0.1142772951827244,0.0,0.0,3442.0899718239784,2300.142499778503,0.0,0.0,0.0,0.0,4413.930233107069,1288.940115936378,0.0,0.0,0.0,0.0,409.2784024585094,0.0,0.0,0.0,0.0,0.0,1733.2718725281254,1.2619239893239649,0.0,0.0,0.0,0.0,1238.290020097877,0.2794335439245295,0.0,0.0,0.0,0.0,0.0,0.0,0.0,0.0
235,0.0141980195481727,0.0047543638006644,0.1718307657478992,0.0057806869634551,6.840378598184874,8.638236152810663,0.1221083269728359,0.0677401389955051,0.0,0.0,4134.888182918303,3263.895640288935,0.0,0.0,0.0,0.0,5142.2780975911,2238.557031876084,0.0,0.0,0.0,0.0,184.76727406926835,0.0,0.0,0.0,0.0,0.0,1513.0287524829837,0.0,0.0,0.0,0.0,0.0,1127.5736361225784,0.0,0.0,0.0,0.0,0.0,0.0,0.0,0.0,0.0
236,0.0001756245565762,0.0025699263787374,0.1719125699026774,0.0107376795747508,7.135111651506742,7.504318722812616,0.0903349633730703,0.0529216837897205,235.46613139602596,0.0,3209.820533055127,2739.0306390879014,0.0,85.36153859774173,0.0,0.0,3926.254531393724,2020.692264932023,0.0,0.0,0.0,0.0,97.36453649217904,0.0,0.0,0.0,0.0,0.0,1066.4735887766028,0.0,0.0,0.0,0.0,0.0,862.8556280836141,0.0,0.0,0.0,0.0,0.0,0.0,0.0,0.0,0.0
237,1.1191048088221603e-16,0.0005422362394853,0.1598196976591506,0.0155002803189368,7.24223050583869,6.152122082280091,0.0753896595806884,0.0828172270115219,845.4697106951153,4.375455099378635,2083.6920367826106,1778.0774923404863,0.0,306.5330406884155,0.0,0.0,2548.7919080802567,1311.820539063874,0.0,0.0,0.0,0.0,214.6160984018269,0.0,0.0,0.0,0.0,0.0,778.7889755087461,0.0,0.0,0.0,0.0,0.0,623.3741104530798,0.0,0.0,0.0,0.0,0.0,0.0,0.0,0.0,0.0
238,1.1191048088221603e-16,-3.9079850466805446e-17,0.1414069042126253,0.0196311074950166,7.210193901891234,4.9666764389753775,0.0657616978405315,0.1275589547641196,669.1822199764869,20.913903305596257,1631.6687436607087,1392.3645991825958,0.0,242.627693572678,0.0,0.0,1995.8833946693376,1027.25750557552,0.0,0.0,0.0,0.0,267.5028706411369,0.0,0.0,0.0,0.0,0.0,774.0,0.0,0.0,0.0,0.0,0.0,606.0,0.0,0.0,0.0,0.0,0.0,0.0,0.0,0.0,0.0
239,1.1191048088221603e-16,0.0039110446037019,0.1179467031646893,0.0245395021395349,7.036062044956805,3.67185431496728,0.0543226425249169,0.1853686223445655,763.2232000259271,569.2498526010593,1132.489898641649,361.5859712858775,0.0,401.5474123980215,896.5405017440146,0.0,1072.5171988122866,31.324385565107026,195.419664731421,593.0333557014252,570.9638961684661,0.0,455.67160709505686,600.4072765975498,0.0,0.0,0.0,0.0,569.7758698228713,0.0,0.0,0.0,0.0,0.0,499.14072695676913,0.0,0.0,0.0,0.0,0.0,0.0,0.0,0.0,0.0
240,1.1191048088221603e-16,0.0375697859775217,0.0871987552026578,0.0289541884096982,6.759711879054493,2.4866684401968238,0.0418684189710892,0.270017208427511,1948.0917382947532,1510.456998927118,2384.5641181633337,505.1377564901296,0.0,1116.1381004835778,1664.1549517280364,0.0,1905.2241581342068,0.0,441.5856842102694,1031.8959531221317,845.6897435791825,0.0,426.230711784272,823.0860674359515,0.0,0.0,0.0,0.0,481.3335469081995,0.0,0.0,0.0,0.0,0.0,466.46505591268766,0.0,0.0,0.0,0.0,0.0,0.0,0.0,0.0,0.0
241,1.1191048088221603e-16,0.0883585168504983,0.0586165611827242,0.0292559760000001,6.422941902320056,1.7414083481206342,0.0430762928342004,0.3549942843776092,2657.5269373382293,2251.822732932898,2926.4873791993136,408.9223342361527,0.0,1600.3469151323395,2038.1750527719205,0.0,2129.869116053764,0.0,556.4014580986764,1294.191467954181,1149.726565137881,0.0,588.070174208255,855.060584007945,0.0,0.0,0.0,0.0,425.9862500898161,0.0,0.0,0.0,0.0,0.0,462.4188147663848,0.0,0.0,0.0,0.0,0.0,0.0,0.0,0.0,0.0
242,0.0086874074270081,0.1434406055681063,0.0289744663419972,0.0292559760000001,6.1367011645854905,1.322158238401436,0.066982776264999,0.4511851709501657,2564.669378457637,2279.5917677774114,2936.466815127027,357.8477026077731,0.0,1591.8490205917071,2267.0716719472043,0.0,2108.2529200655645,0.0,651.5531821012876,1539.8760168021447,1455.588404481209,0.0,775.474692765106,1079.1289368677094,0.0,0.0,0.0,0.0,405.6843718390448,0.0,0.0,0.0,0.0,0.0,461.3058522373391,0.0,0.0,0.0,0.0,0.0,0.0,0.0,0.0,0.0
243,0.0494947640033223,0.2036966367571731,0.0124724922023558,0.0292559760000001,6.007465182068857,1.2713973739562343,0.12787637661492,0.5418435360335241,2518.736319715676,2738.193675739436,2996.773968413452,267.9017067839183,0.0,1716.5552557886328,2869.6375495657267,0.0,2054.90447554437,0.0,958.4151125868684,2186.60136895651,2202.875996386114,0.0,1224.2151228631942,1681.2836898133544,0.0,0.0,0.0,0.0,335.146380660939,0.0,0.0,0.0,0.0,0.0,428.6968403383734,0.0,0.0,0.0,0.0,0.0,0.0,0.0,0.0,0.0
244,0.0973376089833889,0.3245915859667778,0.0057543287441861,0.0283166846932866,6.026987629019995,1.3463558491807466,0.2184387689437723,0.6153582410691405,3010.367469461388,3291.8776316762355,3050.469407919059,300.09789465901133,0.0,1982.047293361032,2677.076546686158,0.0,2030.7910557428404,0.0,810.7426620299998,1873.3866935392757,1811.7205781954333,0.0,866.780108388842,1490.2880630185512,0.0,0.0,0.0,0.0,293.7659101726384,0.0,0.0,0.0,0.0,0.0,409.4885634149075,0.0,0.0,0.0,0.0,0.0,0.0,0.0,0.0,0.0
245,0.1445970724385386,0.4489084797607983,0.0003769970602753,0.0241070626046512,6.280491144612245,1.469807281842457,0.3531194161594686,0.6739886292899857,3278.0,3302.0,3053.0,292.0,0.0,2051.0,2376.0,0.0,2010.0,0.0,534.0,1439.0,1353.0,0.0,476.0,1175.0,0.0,0.0,0.0,0.0,265.5770067189179,0.0,0.0,0.0,0.0,0.0,389.2029188638807,0.0,0.0,0.0,0.0,0.0,0.0,0.0,0.0,0.0
246,0.1982261643189371,0.5558552672003009,8.171241461241134e-17,0.0190528740598006,6.822969337172864,1.613295038534804,0.5086389414154974,0.7370330442362015,3064.476316857548,2771.756439005882,3317.796786373289,656.8326730859267,0.0,1839.398018245716,1894.1494117433497,0.0,2289.2353885501198,0.0,548.4386021768303,1097.2463205710096,919.2339436231574,0.0,392.43342280455374,926.8719580493696,0.0,0.0,0.0,0.0,212.63896442754583,0.0,0.0,0.0,0.0,0.0,323.5431394652481,0.0,0.0,0.0,0.0,0.0,0.0,0.0,0.0,0.0
247,0.2552175765448506,0.6476053854019935,8.171241461241134e-17,0.0137070977142857,7.873687791378739,1.8269513960830852,0.6621293991503332,0.8210936230440197,2526.5716725739203,1624.4186648125817,3950.826999478724,1567.3261426767212,0.0,1355.2132611819084,870.5896702365517,0.0,2992.075539930543,0.0,619.7596168843689,392.7294780434816,69.4529282421876,0.0,279.2024539205617,401.7841258592277,0.0,0.0,0.0,0.0,103.75925587191637,0.0,0.0,0.0,0.0,0.0,186.51257574030635,0.0,0.0,0.0,0.0,0.0,0.0,0.0,0.0,0.0
248,0.2982277985238543,0.7266726299601326,8.171241461241135e-17,0.0089444969700996,9.275018595289833,2.03963421173983,0.7860211424180744,0.9153273835375414,2188.91808886251,1264.441293023939,4282.91293083527,2122.501177333701,0.0,1144.4800740714363,591.6724263671771,0.0,3432.089485140152,0.0,731.2454644661982,249.3973681919753,0.0,0.0,393.96450337149327,263.2079593788517,0.0,0.0,0.0,0.0,67.21416786055396,0.0,0.0,0.0,0.0,0.0,102.91880195610632,0.0,0.0,0.0,0.0,0.0,0.0,0.0,0.0,0.0
249,0.3073565103005369,0.7903649383033476,8.171241461241134e-17,0.0039875043588039,11.184877827432404,2.281117453532613,0.8694084858085881,1.0763452179016104,1828.1515035605105,937.3151935489263,4627.269389355372,2712.955995617151,0.0,934.2480591777008,351.7660540290071,0.0,3902.032820056376,102.89778883057468,861.1364904484492,143.9748774698003,0.0,0.0,546.2763984122337,145.76093179594713,0.0,0.0,0.0,0.0,71.14194224384977,0.0,0.0,0.0,0.0,0.0,50.70568315575433,0.0,0.0,0.0,0.0,0.0,0.0,0.0,0.0,0.0
250,0.3098227462325582,0.7650884464270875,8.171241461241134e-17,0.0002355064830706,13.38907544128564,2.5364755727577872,0.9158707449084628,1.2176518683333566,1777.6351127897854,891.513404470951,4675.488638724704,2795.6323660073613,0.0,904.8113127608289,318.17393833328674,0.0,3967.831278876903,169.06809043502997,879.3212958188658,129.2116282318636,0.0,0.0,567.6026304493049,129.3140354130207,0.0,0.0,0.0,0.0,73.80549381885054,0.0,0.0,0.0,0.0,0.0,45.30799320289462,0.0,0.0,0.0,0.0,0.0,0.0,0.0,0.0,0.0
251,0.31168100069103,0.7161808231495016,8.171241461241131e-17,-1.7763568394002547e-18,15.54514104995782,2.813818057079697,0.9063936181281456,1.3504554130804798,1414.289461759037,243.97306954365365,5032.946556135174,3452.822809746716,0.0,682.8146779606575,55.84045468287164,0.0,4472.0353251802535,1316.6389503036255,916.06654293244,20.644145123975445,0.0,0.0,246.7333678819257,17.6284498024773,0.0,0.0,0.0,0.0,154.46487040521933,0.0,0.0,0.0,0.0,0.0,27.996731235206106,0.0,0.0,0.0,0.0,0.0,0.0,0.0,0.0,0.0
252,0.3039147034500383,0.6626876408372081,8.171241461241134e-17,-1.7763568394002547e-18,17.548201426825447,3.101825248373911,0.8828624559123447,1.4542576598180452,1097.862477962227,0.0,5384.809759913852,4262.968159383496,0.0,450.3610416250716,0.0,0.0,5029.277416837682,1799.7627856019335,590.8072716432735,0.0,0.0,0.0,0.0,0.0,0.0,0.0,0.0,0.0,241.005870985842,0.0,0.0,0.0,0.0,0.0,92.92353605197644,0.0,0.0,0.0,0.0,0.0,0.0,0.0,0.0,0.0
253,0.2599357785483679,0.5946717580441667,8.171241461241134e-17,-1.7763568394002547e-18,19.06621044660386,3.3628785841735684,0.8168900392284553,1.5122815275677182,882.5909220619806,0.0,5627.785935969529,4835.3022533756375,0.0,288.7139726331285,0.0,0.0,5418.906677933014,2082.3897957040745,337.6854230909684,0.0,0.0,0.0,0.0,0.0,0.0,0.0,0.0,0.0,638.0738149573559,0.0,0.0,0.0,0.0,0.0,671.188107811094,0.0,0.0,0.0,0.0,0.0,0.0,0.0,0.0,0.0
254,0.2124385904428376,0.4665833131694365,8.171241461241134e-17,-1.7763568394002547e-18,19.972738022352143,3.565276824989672,0.7249636499144043,1.5445108302177044,462.78053178384334,0.0,4604.576080937473,4322.35650702144,0.0,39.999668013282864,0.0,0.0,4592.29534276398,1898.3924043950856,1.6173242914674006,0.0,0.0,0.0,0.0,0.0,0.0,0.0,0.0,0.0,2006.3868560436483,6.162398975502668,0.0,0.0,0.0,0.0,2680.4238244678336,7.543731946651625,0.0,0.0,0.0,0.0,0.3859156416070259,178.13760212279638,0.0,0.0
255,0.1708339632821095,0.3401973342136145,0.0010476866397116,-1.7763568394002547e-18,20.17807570082645,3.747250855080259,0.6182481563356192,1.497103444040147,235.630529474016,0.0,2514.033529283908,1344.112671923261,0.0,0.0,0.0,0.0,2394.606709542999,590.3533642566834,0.0,0.0,0.0,0.0,0.0,0.0,0.0,0.0,0.0,0.0,4170.492024084917,1076.6578715769376,0.0,0.0,0.0,0.0,5392.659969792159,1317.9961916968175,0.0,0.0,0.0,0.0,67.42489653016607,268.48469954400366,0.0,0.0
256,0.1280787059003324,0.2431261717762124,0.0094481860664452,-1.7763568394002547e-18,19.637854111872944,3.888867388453983,0.5183748417934878,1.435580907409436,86.5176701290066,0.0,1375.329022403535,0.0,0.0,0.0,0.0,0.0,1029.612604648135,0.0,0.0,0.0,0.0,0.0,0.0,0.0,0.0,0.0,0.0,0.0,5694.789698957365,2059.691297665084,0.0,0.0,0.0,0.0,7179.226288119829,2497.2930735718837,0.0,0.0,0.0,0.0,148.48987615644427,175.7788633804885,0.0,0.0
257,0.0834039953222595,0.1593543804518271,0.0198889238272425,-1.7763568394002547e-18,18.404526210845404,3.89124054038932,0.427148558438928,1.3379144938534342,0.0,0.0,603.5653766830729,0.0,0.0,0.0,0.0,0.0,195.39264402588083,0.0,0.0,0.0,0.0,0.0,0.0,0.0,0.0,0.0,0.0,0.0,6078.511457921363,2504.014202014379,0.0,0.0,0.0,0.0,7342.603119652271,2921.8419025055578,0.0,0.0,0.0,0.0,578.019737781341,431.5169936883253,0.0,0.0
258,0.0467156674540188,0.0802871358936877,0.0300195406644518,-1.7763568394002547e-18,16.78010491737781,3.797145456971261,0.3464435662147448,1.2090194113194364,0.0,0.0,196.45298032007932,0.0,0.0,0.0,0.0,0.0,44.31767569510208,0.0,0.0,0.0,0.0,0.0,0.0,0.0,0.0,0.0,0.0,0.0,5840.814466225411,2248.21914481079,0.0,0.0,0.0,0.0,7257.149957911295,2991.467221843214,0.0,0.0,0.0,0.0,988.3949938288454,860.0241694588472,0.0,0.0
259,0.0448834471600328,0.010872283665016,0.0403569047840532,-1.7763568394002547e-18,14.719400604552863,3.594799606347425,0.3077882056413207,1.0023062714055044,0.0,0.0,0.0,0.0,0.0,0.0,0.0,0.0,0.0,0.0,0.0,0.0,0.0,0.0,0.0,0.0,0.0,0.0,11.385908066299686,0.0,5714.796371511661,2089.33933755224,0.0,0.0,0.0,0.0,7207.642368784863,3033.724020457229,0.0,0.0,0.0,0.0,1256.391111180645,1152.4669476683955,0.0,0.0
260,0.0475548790119213,9.059419880941263e-17,0.0511077634684385,-1.7763568394002547e-18,12.184329136338471,3.297188991890589,0.299812404921633,0.7722315764252489,0.0,0.0,0.0,0.0,0.0,0.0,0.0,0.0,0.0,0.0,0.0,0.0,0.0,0.0,0.0,0.0,0.0,0.0,107.19431784314293,0.0,5908.036593068988,2192.293861025756,0.0,0.0,0.0,0.0,7131.998590316771,2904.6361195568834,108.0813333031583,42.12083960728797,12.352152377503804,0.0,1372.7511854145243,1281.3799781636835,33.597854466810354,0.0
261,0.0457947701581398,9.059419880941262e-17,0.0604760182349501,-1.7763568394002547e-18,9.629772995316673,2.9059114038267397,0.3678365937839196,0.5496549972422586,0.0,0.0,0.0,0.0,0.0,0.0,0.0,0.0,0.0,0.0,0.0,0.0,0.0,0.0,0.0,0.0,0.0,0.0,269.90079540767925,0.0,4900.13696403522,1481.4683635699105,0.0,0.0,0.0,0.0,5932.114644523858,2369.145126621499,853.861637874998,358.23710123549967,130.13193395099023,0.0,3744.090562053066,3293.3223705370388,292.9564504035433,0.0
262,0.0456194880000002,9.059419880941263e-17,0.062230932,-1.7763568394002547e-18,7.395925352498469,2.5050529651541966,0.6125497161294966,0.3731475618576376,0.0,0.0,0.0,0.0,0.0,0.0,0.0,0.0,0.0,0.0,0.0,0.0,0.0,0.0,0.0,0.0,0.0,0.0,427.5855429929626,0.0,4635.296120918553,1009.5284095497916,0.0,22.16056943463021,177.20276507551512,0.0,5105.663922998617,1207.2330987667826,649.3864192812773,587.0201473617398,450.1289334452183,0.0,2556.667323081284,2913.567495195054,313.79431807843895,0.0
263,0.0456194880000002,0.0019555162875748,0.062230932,-1.7763568394002547e-18,5.57124033582776,2.1892846325549797,0.9489304559027238,0.2402335878458491,0.0,0.0,0.0,0.0,0.0,0.0,0.0,0.0,0.0,0.0,0.0,0.0,0.0,0.0,0.0,0.0,0.0,0.0,621.3138267514022,0.0,5308.004047286929,1232.6450939414594,0.0,262.38766662168763,457.4859231728402,0.0,4861.612335819042,632.1218874319865,449.4122685817248,609.2722909355423,476.6467734019774,0.0,1367.7056230171554,1963.385156292632,94.78032837503314,0.0
264,0.0430238250581084,0.0165126006777409,0.062230932,-1.7763568394002547e-18,4.030968767092075,2.005118431015888,1.3478356083136722,0.1723735379680324,0.0,0.0,0.0,0.0,0.0,0.0,0.0,0.0,0.0,0.0,0.0,0.0,0.0,0.0,0.0,0.0,0.0,0.0,1304.694777096688,159.2070311332754,5677.347770354421,1483.7958791219608,0.0,789.6778944918699,744.6892417416524,0.0,4712.347786259648,388.92873094685626,548.0617306881851,696.7654037900312,492.1842413321028,0.0,1168.055637586243,1735.5577372532898,38.12974609209224,0.0
265,0.0480671882229305,0.0330639149900333,0.0611365615976676,-1.7763568394002547e-18,2.887574809668714,2.024118882020776,1.717697590020479,0.223986499158995,0.0,0.0,0.0,0.0,0.0,0.0,0.0,0.0,0.0,0.0,0.0,0.0,0.0,0.0,0.0,0.0,0.0,0.0,1777.875737522883,345.0872719662839,5421.047645806772,1300.361422189589,0.0,1228.3644943751283,1182.979745905772,0.0,4424.39576084041,163.6783518430125,648.0482776275863,987.1484590801336,822.133026912673,0.0,1310.7805488147562,2000.9087066893092,108.99205133051552,0.0
266,0.0698295123986712,0.048966158152824,0.0526793722923588,-1.7763568394002547e-18,2.298019493861268,2.24542640775486,2.0670874190139017,0.2936215020199346,0.0,0.0,0.0,0.0,0.0,0.0,0.0,0.0,0.0,0.0,0.0,0.0,0.0,0.0,0.0,0.0,0.0,0.0,1927.538692022464,314.47965011812994,5265.723073688292,1190.4528922654056,0.0,1392.6172201750908,1391.4193067735057,0.0,4304.813235768376,101.39120556115392,694.6106457430323,1152.0103733444005,1021.8524584176264,0.0,1433.258806694488,2216.002027407829,211.386621880629,0.0
267,0.0919994270998009,0.0650306691029901,0.0424453818139535,-1.7763568394002547e-18,2.022929756173544,2.6838657944970383,2.380910204552292,0.3634738142782734,0.0,0.0,0.0,0.0,0.0,0.0,0.0,0.0,0.0,0.0,0.0,0.0,0.0,0.0,0.0,0.0,0.0,0.0,1816.7059168139217,291.208878073882,5300.747743322845,1196.1125437255716,0.0,1252.2378716061626,1214.310962542441,0.0,4373.751956029003,185.27491784058165,543.6401051552255,962.8917409660068,844.4868673857375,0.0,1283.4133459213951,1979.2634182064603,156.7863578301735,0.0
268,0.1154951272823923,0.0810951800531562,0.0322113913355482,-1.7763568394002547e-18,1.8984238299049307,3.3686589929465343,2.513538062068206,0.4227963770021027,0.0,0.0,0.0,0.0,0.0,0.0,0.0,0.0,0.0,0.0,0.0,0.0,0.0,0.0,0.0,0.0,0.0,0.0,1659.9189700101,252.79243026328456,5641.808723056279,1457.5489137253724,0.0,866.8303845978173,613.240787700043,0.0,4555.806095902432,214.74942347475832,231.8928440397119,589.268713453974,590.4408574308563,0.0,651.6177811238456,1028.5819202897078,26.69483612563605,0.0
269,0.1394695750963459,0.0953117075091194,0.0220807744983388,-1.7763568394002547e-18,1.9342828424134415,4.351061041440943,2.539262894000677,0.4842289138336167,0.0,0.0,0.0,0.0,0.0,0.0,0.0,0.0,0.0,0.0,0.0,0.0,0.0,0.0,0.0,0.0,0.0,0.0,1530.4839597579555,215.4822612987731,5939.579527653537,1751.7557286578729,0.0,647.4050251083846,321.75114573157464,0.0,4867.287216137995,333.69224124637987,225.6413166058484,302.7850974342583,502.4178034693447,0.0,485.0446432550506,690.9147839649484,0.0,0.0
270,0.1705365381712245,0.0976852080000001,0.0116400367375415,-1.7763568394002547e-18,2.1948282786585653,5.825672982977543,2.5221159271219045,0.5215289220690018,0.0,0.0,0.0,0.0,0.0,0.0,0.0,0.0,0.0,0.0,0.0,0.0,0.0,0.0,0.0,0.0,0.0,0.0,1401.0,191.0,5988.0,1798.0,0.0,593.0,331.0,0.0,5049.0,461.0,298.0,135.0,426.5100710769921,0.0,608.0,834.0,0.0,0.0
271,0.2025806403519039,0.0976852080000001,0.0019204117015078,-1.7763568394002547e-18,2.8075716084594853,7.610711832450837,2.4757076408977805,0.5256592423562494,0.0,0.0,0.0,0.0,0.0,0.0,0.0,0.0,0.0,0.0,0.0,0.0,0.0,0.0,0.0,0.0,0.0,0.0,1309.030456150605,144.77320295990927,6062.059685310302,1892.1477698879328,0.0,540.9646001904738,313.81621680708673,0.0,5215.029229159698,617.3482245439718,319.5402352699899,140.08252742325607,317.6195630181161,0.0,668.9903290790727,879.016671463125,0.0,0.0
272,0.2147927169767439,0.0976852080000001,7.81597009336109e-17,-1.7763568394002547e-18,3.4944533338519133,9.242045434943558,2.264703769344096,0.5127546763853829,0.0,0.0,0.0,0.0,0.0,0.0,0.0,0.0,0.0,0.0,0.0,0.0,0.0,0.0,0.0,0.0,0.0,0.0,996.2055585481164,0.0,6288.624981223717,2263.117201380258,0.0,370.3709410917282,309.9356583086884,0.0,5819.0930356934505,1145.1452945413591,375.729799340053,164.32260971811473,225.77210431299068,0.0,842.1410666465454,994.3386200358128,0.0,0.0
273,0.2271625469102988,0.0957950206765544,7.81597009336109e-17,-1.7763568394002547e-18,4.196114602479347,10.817718307962068,1.932651753191508,0.4973309702235415,0.0,0.0,0.0,0.0,0.0,0.0,0.0,0.0,0.0,0.0,0.0,0.0,0.0,0.0,0.0,0.0,0.0,0.0,807.5962011819458,0.0,6518.22287208628,2818.428785267469,0.0,303.1708900001541,466.2768331834536,0.0,6438.335871151871,1509.049158130719,294.2308059664697,178.69680212608728,123.37018803795168,0.0,687.4100247202053,794.3759942421653,0.0,0.0
274,0.2394288131193456,0.0810103395348838,7.81597009336109e-17,-1.7763568394002547e-18,4.938344662211341,12.272405504018687,1.509643945196013,0.4421875773749054,0.0,0.0,0.0,0.0,0.0,0.0,0.0,0.0,0.0,0.0,0.0,0.0,0.0,0.0,0.0,0.0,0.0,0.0,56.63463418655919,0.0,8169.3569713694305,4594.315003006986,0.0,6.795789833005292,11.149978528403883,0.0,8202.124200454416,3116.4807163509954,6.55162971924462,4.150721933931371,2.5636811944870264,0.0,15.40243384306888,17.74230159994196,0.0,0.0
275,0.2391793414445182,0.0660817030963456,7.81597009336109e-17,-1.7763568394002547e-18,5.503389518475744,13.10773320356714,1.1435513429900317,0.3677198103986726,0.0,0.0,0.0,0.0,0.0,0.0,0.0,0.0,0.0,0.0,0.0,0.0,0.0,0.0,0.0,0.0,0.0,0.0,119.21886877054844,0.0,4723.805398630503,2629.2548580502807,0.0,0.0,0.0,0.0,4679.70220508391,1714.4360390182214,0.0,0.0,0.0,0.0,0.0,0.0,0.0,0.0
276,0.2174549265405791,0.0505039955083057,7.81597009336109e-17,-1.7763568394002547e-18,5.927389089772418,13.36617927071764,0.7573028517337439,0.2885201275557679,0.0,0.0,0.0,0.0,0.0,0.0,0.0,0.0,0.0,0.0,0.0,0.0,0.0,0.0,0.0,0.0,0.0,0.0,203.4314399672734,0.0,5298.998312075606,2676.2320040458867,0.0,0.0,0.0,0.0,4889.519675267353,1292.2642289567564,0.0,0.0,0.0,0.0,0.0,0.0,0.0,0.0
277,0.1864031749797277,0.033465877833887,7.815970093361092e-17,-1.7763568394002547e-18,6.1557731817107495,13.097453737175709,0.3609924884984761,0.2106936356534014,0.0,0.0,1255.4013844033225,484.7398419128192,0.0,0.0,0.0,0.0,1705.864031861338,61.19099854259721,0.0,0.0,0.0,0.0,0.0,0.0,0.0,0.0,281.78047764183725,0.0,6335.229277473648,2944.146013114328,0.0,0.0,0.0,0.0,5528.936524944738,983.1479612539734,0.0,0.0,0.0,0.0,0.0,0.0,0.0,0.0
278,0.1542112329169439,0.0167522957342192,7.81597009336109e-17,-1.7763568394002547e-18,6.173596979277956,12.404215191568133,0.1632812670077533,0.1462765852225927,0.0,0.0,2553.119234234778,1025.1608923459712,0.0,0.0,0.0,0.0,3468.422523643303,175.20777505344654,0.0,0.0,0.0,0.0,0.0,0.0,0.0,0.0,281.3553440508256,0.0,6266.2265892044015,2837.537830492916,0.0,0.0,0.0,0.0,5422.152225429686,873.5852813643666,0.0,0.0,0.0,0.0,0.0,0.0,0.0,0.0
279,0.1199241318139534,0.0018806185372031,7.815970093361092e-17,-1.7763568394002547e-18,6.078837043774835,11.294307071950382,0.0881169568256772,0.0823936642630237,0.0,0.2651310774789353,2936.6348970725967,1784.0515513301389,0.0,0.0,0.0,0.0,3977.925299831538,983.7810980472872,71.47896313413666,0.0,0.0,0.0,289.10035745270346,1.9301542440466488,0.0,0.0,131.76352207335003,0.0,3656.701496047542,1328.8675209758185,0.0,0.0,0.0,0.0,3200.6810979143484,409.1149357490573,0.0,0.0,0.0,0.0,0.0,0.0,0.0,0.0
280,0.0825786199612175,9.947598300641372e-17,7.815970093361092e-17,-1.7763568394002547e-18,5.895563328178176,9.732389026990338,0.0918270937674436,0.0603845790844138,0.0,5.795889923223508,3312.555207284073,2512.1864159923334,0.0,0.0,0.0,0.0,4495.306165115166,1791.4842215777403,292.6610936468282,0.0,0.0,0.0,1178.1962380594823,42.19407864106714,0.0,0.0,0.0,0.0,1271.0,0.0,0.0,0.0,0.0,0.0,1183.0,0.0,0.0,0.0,0.0,0.0,0.0,0.0,0.0,0.0
281,0.0588787287698975,9.947598300641372e-17,7.81597009336109e-17,-1.7763568394002547e-18,5.548009818669933,8.063364387341073,0.102235080724543,0.06570613428456,0.0,26.957051628078663,2978.823665405729,1853.40266352323,0.0,0.0,6.510645085576408,0.0,4347.128406167591,1620.2053477315285,830.4623005421098,139.38066110222107,107.32710702642544,0.0,3644.004409401891,1363.2403245698174,18.94076159717593,0.0,0.0,0.0,1195.7132719587928,0.0,0.0,0.0,0.0,0.0,1132.1999893333373,0.0,0.0,0.0,0.0,0.0,0.0,0.0,0.0,0.0
282,0.0536937518870434,9.947598300641372e-17,7.81597009336109e-17,-1.7763568394002547e-18,5.108912145312152,6.330205523964953,0.1173847480217955,0.0713915993158816,0.0,0.0,2173.9205533982986,699.9686850038144,0.0,0.0,199.74288797193825,0.0,3255.621280777604,941.6503190413916,1803.4678417133855,1186.2916044310334,1021.8941129856788,0.0,8581.843383528996,5012.079188164852,369.7076096624973,0.0,0.0,0.0,903.934197898804,0.0,0.0,0.0,0.0,0.0,935.3087464811144,0.0,0.0,0.0,0.0,0.0,0.0,0.0,0.0,0.0
283,0.0483877663148482,9.947598300641372e-17,7.81597009336109e-17,-1.7763568394002547e-18,4.612269776959359,4.587138561309773,0.1483032851760813,0.0714044160000012,0.0,0.0,2038.2627555413928,307.56115037297445,0.0,0.0,528.4097239470603,0.0,2745.6792291929937,429.41020753099934,1869.9444229540995,1703.0316819468364,1764.2362146165583,0.0,8705.262637494234,6051.4733353303545,829.0295481932643,0.0,0.0,0.0,523.1923076923077,0.0,0.0,0.0,0.0,0.0,764.0769230769231,0.0,0.0,0.0,0.0,0.0,0.0,0.0,0.0,0.0
284,0.0444621974352161,0.0004526620717337,7.815970093361092e-17,-1.7763568394002547e-18,4.099986916448835,3.0452829108821318,0.1853880641461812,0.0714044160000012,0.0,0.0,1912.7642344963008,0.8204081632653062,0.0,0.0,833.1783811939613,0.0,2288.97781160828,25.12647903656449,1798.8143088377203,2129.9843833503837,2426.743117274456,0.0,8435.925418963685,6877.149970170488,1214.5568774586957,0.0,0.0,0.0,466.0607086570432,0.0,0.0,0.0,0.0,0.0,761.5723758252625,0.0,0.0,0.0,0.0,0.0,0.0,0.0,0.0,0.0
285,0.0429137629350883,0.0029381652749809,7.81597009336109e-17,-1.7763568394002547e-18,3.5825198555803635,1.8208204330963809,0.2203850313779726,0.0713731472951712,0.0,0.0,1783.097074201138,0.0,0.0,0.0,1149.2663964109497,0.0,1905.8867329965267,0.4032981015787943,992.5940392681646,2260.7579840468084,2949.344914665944,0.0,6035.288676085494,6931.767976869895,1374.145898760611,0.0,0.0,0.0,302.48617705401955,0.0,0.0,0.0,0.0,0.0,750.1862111030025,0.0,0.0,0.0,0.0,0.0,0.0,0.0,0.0,0.0
286,0.0668255466171736,0.0071834384451828,7.81597009336109e-17,-1.7763568394002547e-18,3.119424713749288,1.090099424596765,0.256834298474829,0.0727593615287516,0.0,0.0,1771.6678977988645,0.0,0.0,0.0,1171.6599091568678,0.0,1881.0165791328031,0.0,948.819116156791,2203.7669713631435,2923.145518798635,0.0,5894.099876029358,6830.790937289135,1337.6499143521726,0.0,0.0,0.0,278.15900638365343,0.0,0.0,0.0,0.0,0.0,738.1004778781679,0.0,0.0,0.0,0.0,0.0,0.0,0.0,0.0,0.0
287,0.1116167249845969,0.0112162459933555,7.81597009336109e-17,-1.7763568394002547e-18,2.93702122976683,0.7834112803419266,0.3069275916270024,0.0901251914732723,0.0,132.14368340793533,2041.3984218957935,0.0,0.0,0.0,1877.1790601778157,0.0,1957.489016879428,0.0,983.032585315599,1909.744360684151,2941.011283547636,0.0,3807.927633008367,4368.325854001993,743.4509909345327,0.0,0.0,0.0,133.36561659423916,0.0,0.0,0.0,0.0,0.0,683.1782189143219,0.0,0.0,0.0,0.0,0.0,0.0,0.0,0.0,0.0
288,0.1915371800891899,0.0238693951035012,7.81597009336109e-17,-1.7763568394002547e-18,3.00264232643751,0.6750545086391871,0.3898933930741133,0.1103338743120382,34.711630025803345,575.2615849371233,2301.334372383115,0.0,0.0,12.84095772914009,2633.966995375754,0.0,1993.1034107249068,0.0,1060.115171019352,1989.3232317081724,3286.7191285887334,0.0,2585.3942402409743,3163.1239131616016,479.6060609750966,0.0,0.0,0.0,82.76811560542014,0.0,0.0,0.0,0.0,0.0,642.0855755542136,0.0,0.0,0.0,0.0,0.0,0.0,0.0,0.0,0.0
289,0.2945185051694353,0.069482325229236,7.81597009336109e-17,-1.7763568394002547e-18,3.2194969563012985,0.6173943358007,0.5192289456739091,0.1477821717761323,646.6291383841652,1147.7155062119589,2538.2956453874044,0.0,0.0,393.2112737319847,3506.7703014985973,0.0,1971.2241908892177,0.0,1225.3805481066313,2294.3071238396474,3888.876848731893,0.0,2030.7707299419824,2717.7183275402194,432.3442047675292,0.0,0.0,0.0,70.22562921765595,0.0,0.0,0.0,0.0,0.0,631.8458718167042,0.0,0.0,0.0,0.0,0.0,0.0,0.0,0.0,0.0
290,0.4019483080711356,0.1174785832823921,7.81597009336109e-17,-1.7763568394002547e-18,3.7344097010185617,0.6443687268978276,0.6687833828149328,0.2081829331952329,1291.8479441138134,1605.9210711881635,2670.805026335852,2.671578284067793,0.0,905.7533047363546,4029.589441718955,0.0,1905.6837014357989,0.0,1305.542003214484,2447.48379095802,4253.719712469674,0.0,1814.7461603607824,2526.892900998353,460.5672769228715,0.0,0.0,0.0,21.94958204301966,0.0,0.0,0.0,0.0,0.0,643.7657552584758,0.0,0.0,0.0,0.0,0.0,0.0,0.0,0.0,0.0
291,0.505000628059094,0.1612215202940556,7.81597009336109e-17,-1.7763568394002547e-18,4.529825894468367,0.7274504340216652,0.8144615796915259,0.2728611796697545,1450.4123590701045,1769.3347935072225,2701.965304220741,44.62002388717931,0.0,962.0009881512048,3889.003633546093,0.0,1883.1337402040413,0.0,1084.6570324884128,2168.3316557146973,3940.351891847457,0.0,1394.4902537487958,2168.1472049981826,321.4829866566099,0.0,0.0,0.0,0.0,0.0,0.0,0.0,0.0,0.0,629.8160910153472,0.0,0.0,0.0,0.0,0.0,0.0,0.0,0.0,0.0
