Time,r-biceps,l-biceps,r-lats,l-lats,r-quat,l-quat,r-hamstring,l-hamstring,L1,L2,L3,L4,L5,L6,L7,L8,L9,L10,L11,L12,L13,L14,L15,L16,L17,L18,R1,R2,R3,R4,R5,R6,R7,R8,R9,R10,R11,R12,R13,R14,R15,R16,R17,R18
0,0.0266584558604651,0.0368973885049833,0.0,0.0279734838936877,1.385317315334752,0.9918073876616638,1.458118815799336,1.6633503028967476,847.9441109551782,0.0,6877.633543858197,3074.308373743693,0.0,0.0,237.79085026081847,0.0,8250.754878817886,3560.6547724989323,0.0,0.0,0.0,0.0,2221.8722946666526,0.0,0.0,0.0,520.3580776242447,0.0,3681.249531605295,0.0,0.0,0.0,0.0,0.0,4209.39268911657,0.0,0.0,0.0,0.0,0.0,2.817601557269723,0.0,0.0,0.0
1,0.0333299682657807,0.0461655973554817,0.0,0.0234991761727575,1.2995826249678355,0.983754761348981,2.401547673065102,1.3650340091052529,778.7418933700299,0.0,6936.006091828623,3224.1321321864825,0.0,0.0,287.184184530046,0.0,8439.095344873402,3782.5953965469193,0.0,0.0,12.023590700504112,0.0,2461.0181603785986,84.90733186035003,0.0,0.0,454.6931386479177,0.0,4611.935933668206,155.2005017369801,0.0,0.0,0.0,0.0,5193.39162547946,56.075063434862834,0.0,0.0,0.0,0.0,194.29248724376967,0.0,0.0,0.0
2,0.039794943197643,0.0551890601935687,0.0,0.0188864878006644,1.1316251967963389,0.907907961322888,3.567326431294932,1.083598236701812,784.324453492553,0.0,7121.798281848236,3433.800720469265,0.0,0.0,383.6590096118417,0.0,8666.60511277469,3989.152260680247,0.0,0.0,77.77176200653109,0.0,2528.332798535784,432.12201288592377,0.0,0.0,466.0302318883479,0.0,5101.078404727172,348.9900809461586,0.0,0.0,0.0,0.0,5690.804618083482,252.90237227126244,0.0,0.0,0.0,0.0,334.0676176491281,0.0,0.0,0.0
3,0.041404644,0.0575202240000001,0.0,0.0139323781196013,0.9310296886245836,0.7564699790730919,4.764857786833062,0.8073555509900338,838.6235606404283,0.0,7192.69269711096,3444.173639285209,0.0,0.0,410.1306589788046,0.0,8595.2321785919,3793.910309945272,0.0,0.0,87.67895741331957,0.0,2246.790168825369,363.65997132254097,0.0,0.0,474.7599247482792,0.0,5208.989372439443,404.4251283584809,0.0,0.0,0.0,0.0,5798.440042776364,323.4479227159979,0.0,0.0,0.0,0.0,359.6113827228162,0.0,0.0,0.0
4,0.041404644,0.0575202240000001,0.0,0.0111038117142857,0.7349625988056467,0.60081089740864,5.8474487806819,0.5453321998604662,559.5906909821373,0.0,6158.848366484377,1944.896444061007,0.0,0.0,98.97751583602246,0.0,6976.407847842577,1594.2721649651194,0.0,0.0,0.0,0.0,688.1351697502513,1.2169366701150304,0.0,0.0,816.3285146726566,0.0,7046.68553928074,1674.944439394315,0.0,0.0,0.0,0.0,7722.151234830447,1713.909439289907,0.0,0.0,0.0,0.0,870.275392028677,47.121198199026,0.0,0.0
5,0.041404644,0.0575202240000001,0.0,0.0087562828106312,0.530983064079223,0.4382443307472512,6.893186122347824,0.2997848742113481,0.0,0.0,3914.1172560246096,0.0,0.0,0.0,0.0,0.0,4512.76490662201,0.0,0.0,0.0,0.0,0.0,0.0,0.0,0.0,0.0,1272.068853106951,20.22895407926533,9048.398273857876,3046.902474791634,0.0,0.0,0.0,0.0,9784.99030474995,3173.623959832522,0.0,0.0,0.0,0.0,1400.106285938096,374.9678315926568,0.0,0.0
6,0.0409755799968731,0.0569679934649209,0.0,0.0063383280398671,0.3323483318319338,0.2691050633222578,7.757414769572806,0.1413241148547983,0.0,0.0,1992.1397275154195,0.0,0.0,0.0,0.0,0.0,2402.1765110927,0.0,0.0,0.0,0.0,0.0,0.0,0.0,0.0,0.0,3352.61013163951,629.8042562827948,10252.008775476386,3230.989730645309,0.0,0.0,0.0,0.0,10232.247837429806,2657.4316927184022,0.0,0.0,0.0,0.0,224.9780926079352,44.44855932983522,0.0,0.0
7,0.0357924025315614,0.0498606902192691,0.0,0.0040612250033222,0.1973611778107758,0.1150419163247147,8.25789223564438,0.0829254647164535,0.0,0.0,1887.5823654199608,0.0,0.0,0.0,0.0,0.0,2233.907897264673,0.0,0.0,0.0,0.0,0.0,0.0,0.0,0.0,0.0,3750.982867252872,1011.0817517086158,10369.84004586161,3170.226415711737,0.0,0.0,0.0,0.0,10126.010492308253,2473.3443300388944,0.0,0.0,0.0,0.0,0.0,0.0,0.0,0.0
8,0.0289145546910299,0.0412108012624584,0.0,0.0017136960996677,0.1390311866578074,0.0214671069523808,8.419390676578075,0.0634228634883732,0.0,0.0,1867.0890448885505,0.0,0.0,0.0,0.0,0.0,2208.096787922337,0.0,0.0,0.0,0.0,0.0,0.0,0.0,0.0,0.0,4072.356841232748,1318.697114592607,10464.940653838952,3121.229421101306,0.0,0.0,0.0,0.0,10040.27750613504,2324.847200596204,0.0,0.0,0.0,0.0,0.0,0.0,0.0,0.0
9,0.0218991498936877,0.0375139237275747,0.0,4.715650166112957e-05,0.1513177491004984,0.0049109343687706,8.377025702205149,0.0617278091935227,0.0,0.0,1864.6548296232047,0.0,0.0,0.0,0.0,0.0,2202.7766659789563,0.0,0.0,0.0,0.0,0.0,0.0,0.0,0.0,0.0,4220.155046696241,1519.1900471223644,10296.613330935905,3013.0067652103367,0.0,0.0,0.0,0.0,9746.132410892662,2160.2507587196637,0.0,0.0,0.0,0.0,0.0,0.0,0.0,0.0
10,0.0149525235747508,0.0348101470166112,0.0,0.0026135821794019,0.1941985165165171,0.0023574132358802,7.934642783268852,0.0524388535415293,0.0,0.0,1608.0861575886786,0.0,0.0,0.0,0.0,0.0,1963.8617831482595,0.0,0.0,0.0,0.0,0.0,0.0,0.0,0.0,0.0,3249.508029782894,1266.6319633022358,7580.529839085468,2179.453870408467,0.0,0.0,0.0,0.0,7086.60481834363,1505.3699449303997,0.0,0.0,0.0,0.0,0.0,0.0,0.0,0.0
11,0.0080746757342192,0.032133140372093,0.0,0.0073498247043189,0.2702496654889373,0.0003321766542728,7.0926516598566485,0.0422432174267346,0.0,0.0,1483.0,0.0,0.0,0.0,0.0,0.0,1860.0,0.0,0.0,0.0,0.0,0.0,0.0,0.0,0.0,0.0,2341.5325867938727,912.7089497762666,5462.38908707506,1570.478949754155,0.0,0.0,0.0,0.0,5106.500688631427,1084.7269744809098,0.0,0.0,0.0,0.0,0.0,0.0,0.0,0.0
12,0.0016728263240179,0.0299413866062145,0.0,0.0119913423787375,0.3746240729865151,-1.4743761767022062e-16,6.014700773874539,0.0613598509962879,0.0,0.0,1216.2301720811204,0.0,0.0,0.0,0.0,0.0,1617.6789412403753,0.0,0.0,0.0,0.0,0.0,0.0,0.0,0.0,0.0,682.8514743010663,248.380952691604,1625.071648041578,452.8936315381955,0.0,0.0,15.455404732597898,0.0,1513.558196415741,310.67314593916274,0.0,0.0,0.0,0.0,0.0,0.0,0.0,0.0
13,3.5527136788005095e-18,0.0346717663654485,0.0,0.0169170346046512,0.5475134435241016,-1.474376176702206e-16,4.786710293415155,0.1645291081173457,0.0,0.0,1110.5222238866372,0.0,0.0,0.0,0.0,0.0,1538.5332796225705,0.0,0.0,0.0,0.0,0.0,0.0,0.0,0.0,0.0,898.1198721436107,57.65820038261378,2656.7312453543736,513.7244086809761,0.0,0.0,10.49799166630223,0.0,2385.301868427081,316.5315644735781,0.0,0.0,0.0,0.0,0.0,0.0,0.0,0.0
14,3.5527136788005095e-18,0.0407178928716044,0.0,0.0218427268305648,0.769083691176079,-1.4743761767022062e-16,3.589553245613442,0.3519959455157331,0.0,0.0,1145.9564567663597,0.0,0.0,0.0,0.0,0.0,1608.7402001616638,0.0,0.0,0.0,0.0,0.0,0.0,0.0,0.0,0.0,1215.5700210108669,0.0,3908.758096102888,645.9654538447663,0.0,0.0,0.0,0.0,3466.215502455783,372.910085659248,0.0,0.0,0.0,0.0,0.0,0.0,0.0,0.0
15,3.5527136788005095e-18,0.041404644,0.0,0.0263421572292359,0.9610160880715796,0.0007439644829355,2.568951573912412,0.5632429655400195,7.429777282054385,0.0,2125.8915108609976,7.220159741181377,0.0,0.0,0.0,0.0,2762.8829065499485,2.329083787477864,0.0,0.0,0.0,0.0,9.293044312036676,0.0,0.0,0.0,1807.4957989826853,0.0,6243.381706307976,892.5974317465862,0.0,0.0,0.0,0.0,5481.762143973757,478.0671953534307,0.0,0.0,0.0,0.0,0.0,0.0,0.0,0.0
16,3.5527136788005095e-18,0.041404644,0.0,0.028509662292735,1.1937426454725757,0.0071768488903653,1.730564567388452,0.8341734227904481,202.8298093759263,0.0,3492.4824971869502,310.55041736919515,0.0,0.0,0.0,0.0,4253.022196931671,180.13547082873484,0.0,0.0,0.0,0.0,250.0814758205959,0.0,0.0,0.0,2037.297362436609,0.0,7676.313161541699,1007.4695342746068,0.0,0.0,0.0,0.0,6753.1080232423865,518.1039922157119,0.0,0.0,0.0,0.0,0.0,0.0,0.0,0.0
17,3.5527136788005095e-18,0.041404644,0.0,0.02851218,1.4691946735884307,0.0151007885581393,1.1347262978518649,1.2062741981778404,453.7014008109048,0.0,4370.528710669424,1004.473719334116,0.0,0.0,0.0,0.0,5143.50664854288,721.3912510658394,0.0,0.0,0.0,0.0,472.0692325108914,0.0,0.0,0.0,1065.4928584279633,0.0,7090.796856958593,709.0405393232038,0.0,0.0,0.0,0.0,6550.022162035988,362.4131602099815,0.0,0.0,0.0,0.0,0.0,0.0,0.0,0.0
18,3.5527136788005095e-18,0.0403528522078405,0.0,0.02851218,1.7430582004481066,0.0227961530431891,0.7381764605996007,1.5871394656130255,445.8812934416193,0.0,4605.276045755048,1192.2763995573252,0.0,0.0,0.0,0.0,5343.142730645346,854.1268769265521,0.0,0.0,0.0,0.0,416.4115858518303,0.0,0.0,0.0,961.6393726666658,0.0,6669.125692798835,564.0559227725206,0.0,0.0,0.0,0.0,6218.194463371278,260.7053964810131,0.0,0.0,0.0,0.0,50.31015728332331,0.0,0.0,0.0
19,3.5527136788005095e-18,0.0343818259534883,0.0,0.0285089728496501,1.926852162254896,0.0301867506179399,0.4185341020846815,1.9325909634842735,439.87547975945694,0.0,4642.211564634215,1217.670247110778,0.0,0.0,0.0,0.0,5378.756650624871,877.6403081983439,0.0,0.0,0.0,0.0,412.6304933811603,0.0,0.0,0.0,961.2461385211756,0.0,6434.064874043088,488.7978349311171,0.0,0.0,0.0,0.0,6024.235463196368,225.86260696307195,0.0,0.0,0.0,0.0,46.73019454408385,0.0,0.0,0.0
20,0.0028333065331912,0.0275039781129568,0.0,0.025898597820598,2.0521587762319333,0.037805923375415,0.2216510525859707,2.2904538320569188,394.34779005711647,0.0,4917.115463570954,1404.4940558628366,0.0,0.0,0.0,0.0,5643.610212435961,1052.0517818618052,0.0,0.0,0.0,0.0,386.60113265626507,0.0,0.0,0.0,773.7226006259052,0.0,4770.394183311641,0.9438821094107632,0.0,0.0,0.0,0.0,4663.70799827416,0.4361469275479961,0.0,0.0,0.0,0.0,0.0902372953547574,0.0,0.0,0.0
21,0.0100305379734219,0.0205573517940199,0.0,0.0216042673156146,2.1655667559219283,0.0457703785091359,0.1012011130215939,2.720710614142028,846.1861568918933,0.0,6639.938919148296,2744.883943064866,0.0,0.0,0.0,0.0,7570.600436400186,2399.2832583338704,0.0,0.0,0.0,0.0,488.1359475715483,0.0,0.0,0.0,6.373920330024499,0.0,4006.331806787799,0.0,0.0,0.0,0.0,0.0,4101.056242697797,0.0,0.0,0.0,0.0,0.0,0.0,0.0,0.0,0.0
22,0.0169495705315614,0.0139546178671096,0.0,0.0190812915149501,2.2488004352765785,0.0818624513421924,0.0469373303222581,3.117347089948506,1227.663942475213,0.0,7307.708456080331,3241.1220144762265,0.0,0.0,8.033593081820774,0.0,8266.950568595774,2873.807797998036,0.0,0.0,0.0,0.0,466.03263486331525,0.0,0.0,0.0,0.0,0.0,3349.744726218661,0.0,0.0,0.0,0.0,0.0,3598.722473319829,0.0,0.0,0.0,0.0,0.0,0.0,0.0,0.0,0.0
23,0.0241568961129567,0.007076770026578,0.0,0.0165690237408637,2.267273479993356,0.1374206353953485,0.0342033535637608,3.4074985551060584,3310.831802007122,177.93830267055228,7985.670503201617,3538.4679808867854,0.0,0.0,216.1791309397068,0.0,8507.273250193044,2915.625753859315,0.0,0.0,0.0,0.0,104.30100518522308,0.0,0.0,0.0,0.0,0.0,3086.706474467158,0.0,0.0,0.0,0.0,0.0,3282.446062684376,0.0,0.0,0.0,0.0,0.0,0.0,0.0,0.0,0.0
24,0.0315804414617939,0.0008805131115888,0.0,0.0139813879335547,2.211222718642172,0.1946455649700996,0.0397158283150273,3.5751419699824134,4652.918097519425,701.9941669858639,8131.165974583791,3396.69380306734,0.0,0.0,323.94650835970344,0.0,8232.247930039812,2538.615666292511,0.0,0.0,0.0,0.0,0.0,0.0,0.0,0.0,0.0,0.0,2798.039464175327,0.0,0.0,0.0,0.0,0.0,2880.2117915420704,0.0,0.0,0.0,0.0,0.0,0.0,0.0,0.0,0.0
25,0.0390760600664451,1.7763568394002547e-18,0.0,0.0113935734001127,2.138142877551807,0.25140136952849,0.0495471734991527,3.636684883772584,4978.703149207555,1022.366693206324,8061.173953850717,3214.3217280917797,0.0,0.0,313.63376313098604,0.0,7988.383100144434,2252.356920534779,0.0,0.0,0.0,0.0,0.0,0.0,0.0,0.0,0.0,0.0,2674.0115593258506,0.0,0.0,0.0,0.0,0.0,2688.544299984625,0.0,0.0,0.0,0.0,0.0,0.0,0.0,0.0,0.0
26,0.0433618644586131,1.7763568394002547e-18,0.0,0.0115646687043189,2.017540735173538,0.3003502611827243,0.0590362422178543,3.5641984376085403,5570.178321816055,1953.8079300471588,7961.355913274171,2828.617034936818,0.0,0.0,358.70448863792,0.0,7514.604809636857,1707.888065231475,0.0,0.0,0.0,0.0,0.0,0.0,0.0,0.0,0.0,0.0,2523.0631584940293,0.0,0.0,0.0,0.0,0.0,2453.409874419926,0.0,0.0,0.0,0.0,0.0,0.0,0.0,0.0,0.0
27,0.0433881,1.7763568394002547e-18,0.0,0.0167334961219464,1.8401937000328363,0.3461785637764314,0.0677052046644508,3.3043592512261104,5459.886809677179,2167.81508124479,7744.3130673691485,2733.2755129651587,0.0,0.0,392.8477575427768,0.0,7314.002025185897,1652.0702455231312,0.0,0.0,0.0,0.0,0.0,0.0,0.0,0.0,0.0,0.0,2344.700477602032,0.0,0.0,0.0,0.0,0.0,2215.956285077015,0.0,0.0,0.0,0.0,0.0,0.0,0.0,0.0,0.0
28,0.0433881,1.7763568394002547e-18,0.0,0.0258549420199334,1.5936221049033923,0.3575315349568103,0.0920495900858461,2.9587205244534225,3402.5642154085654,1367.364798972877,4843.612483724297,1730.9077001812402,0.0,0.0,252.16322325847247,0.0,4606.407743908639,1061.8772343741473,0.0,0.0,0.0,0.0,0.0,0.0,0.0,0.0,0.0,0.0,2079.1918486200198,0.0,0.0,0.0,0.0,0.0,2040.297061498117,0.0,0.0,0.0,0.0,0.0,0.0,0.0,0.0,0.0
29,0.0433881,1.7763568394002547e-18,0.0,0.0345638624053155,1.3610002727102577,0.3501409373820593,0.1709633709224561,2.6144819165157287,2117.972050987565,851.0923311055885,3014.979640507709,1077.434272617396,0.0,0.0,156.9633287964791,0.0,2867.287938425306,660.9568712319304,0.0,0.0,0.0,0.0,0.0,0.0,0.0,0.0,0.0,0.0,2043.0,0.0,0.0,0.0,0.0,0.0,2055.0,0.0,0.0,0.0,0.0,0.0,0.0,0.0,0.0,0.0
30,0.040836378947454,1.7763568394002547e-18,0.0,0.0431830001063121,1.1662046859236577,0.3428265315348832,0.3694316237683903,2.2732017343215145,718.3623511437487,270.7176635445309,1099.9038746502097,383.4164827834916,0.0,0.0,46.539464286873645,0.0,1045.5600947270789,231.59427679642403,0.0,0.0,0.0,0.0,0.0,0.0,0.0,0.0,19.883054008337645,0.0,2169.133032098127,0.0,0.0,0.0,0.0,0.0,2286.258441078984,0.0,0.0,0.0,0.0,0.0,0.0,0.0,0.0,0.0
31,0.0337179283056477,1.7763568394002547e-18,0.0,0.0517286836521398,0.961882484956032,0.3350630507570838,0.7325385208364271,1.8479599910619515,1047.882191103402,214.703014501936,2380.220988798528,739.7637532970464,0.0,0.0,0.8602195285714532,0.0,2258.072684188637,411.9823985020593,0.0,0.0,0.0,0.0,0.0,0.0,0.0,0.0,562.019581125304,0.0,3381.1732580634725,0.0,0.0,0.0,0.0,0.0,3920.715652202534,0.0,0.0,0.0,0.0,0.0,297.1767504300805,139.1774352572708,0.0,0.0
32,0.0267988957475082,1.7763568394002547e-18,0.0,0.05837851351495,0.7738090060225945,0.3012431458604647,1.2946661074897006,1.4223753224079738,1254.3583481072187,256.36415069603646,2852.037009364679,886.1815077060746,0.0,0.0,0.7992652347424052,0.0,2705.675261660144,493.4203902470706,0.0,0.0,0.0,0.0,0.0,0.0,0.0,0.0,762.607303150506,0.0,3838.961326498457,0.0,0.0,0.0,0.0,0.0,4494.246018026946,0.0,0.0,0.0,0.0,0.0,452.910115440775,211.8947350442976,0.0,0.0
33,0.0192312038870431,1.7763568394002547e-18,0.0,0.0623792518963453,0.579781047077743,0.2429070526046509,2.3387802537448508,1.004135966982062,2858.2750462441404,535.8114339907958,6684.209526064021,2007.378553031573,0.0,0.0,0.2053781232635172,0.0,6320.564049209229,1077.9164358167905,0.0,0.0,0.0,0.0,0.0,0.0,0.0,0.0,1017.3001226796194,0.0,5143.337997318992,0.0,0.0,0.0,0.0,0.0,5737.684245119383,0.0,0.0,0.0,0.0,0.0,471.1671506392696,255.1419844844959,0.0,0.0
34,0.0115914387707641,1.7763568394002547e-18,0.0,0.0603430245448503,0.4104923421216265,0.1840153775083055,3.6311646200427568,0.6328528046780323,2126.862149264737,48.49312319025876,6908.824616808363,1431.2525828988903,0.0,0.0,0.0,0.0,6405.406464501504,406.1068815858456,0.0,0.0,0.0,0.0,0.0,0.0,0.0,0.0,1261.5421249042226,0.0,6394.159825061099,33.15118212912055,0.0,0.0,0.0,0.0,6930.068915351259,33.76347309192754,0.0,0.0,0.0,0.0,488.6681248070296,296.6266446243612,0.0,0.0
35,0.0147199187500488,0.0037497958592925,0.0,0.0581857690365447,0.2807847585202292,0.1301239389767441,4.819251986795388,0.3500651736525323,1843.1757065766903,0.0,6734.576316972755,1304.3937952800202,0.0,0.0,0.0,0.0,6257.024208483855,311.3160584914228,0.0,0.0,0.0,0.0,0.0,0.0,0.0,0.0,1318.6356949187689,0.0,6686.486872991675,139.64290758324887,0.0,0.0,0.0,0.0,7208.746414403632,142.22206418768886,0.0,0.0,0.0,0.0,492.7476643405651,306.3217520776993,0.0,0.0
36,0.0425347041985538,0.0153964948305647,0.0,0.0559173147906975,0.1555237171881995,0.0734545912425249,5.978841773231972,0.1345627793879255,556.6421832406699,0.0,6035.233306450813,501.8175427082113,0.0,0.0,0.0,0.0,5653.27215357162,130.26040338616986,0.0,0.0,0.0,0.0,0.0,0.0,0.0,0.0,1779.0654848864483,0.0,8330.283576684582,1771.2740003173153,0.0,0.0,0.0,0.0,8774.211694958602,1694.561405154438,0.0,0.0,0.0,0.0,609.5891406417119,354.32427896523365,0.0,0.0
37,0.0743944264983389,0.0268590254352159,0.0,0.0508952328001695,0.0622956182947644,0.0196964422300134,7.075415399877008,0.0373274796346956,0.0,0.0,4967.154661056627,0.0,0.0,0.0,0.0,0.0,4714.001475564529,0.0,0.0,0.0,0.0,0.0,0.0,0.0,0.0,0.0,2243.1527294309035,0.0,9079.196114548322,2803.349735880964,0.0,0.0,0.2716824823696613,0.0,9539.393133547652,2757.233592915381,0.0,0.0,0.0,0.0,1024.311561303471,378.3473400063101,0.6915554096682289,0.0
38,0.1040395980797341,0.0375028038538206,0.0,0.0427782292135305,0.0148463793252819,1.291702506703166e-06,7.996359249622475,0.0020426683917273,0.0,0.0,3637.995373830953,0.0,0.0,0.0,0.0,0.0,3526.600123899804,0.0,0.0,0.0,0.0,0.0,0.0,0.0,0.0,0.0,2239.229090511249,0.0,9097.511022255265,2872.8481815129408,0.0,0.0,13.791250051873806,0.0,9660.302272307135,3039.0839772354298,0.0,0.0,0.0,0.0,1639.683410007489,604.7697735238144,35.10500013204242,0.0
39,0.1375940230564783,0.049550157448505,0.0,0.0368471431495015,0.0026629061140855,-9.237055564881284e-17,8.646804519294784,2.835065515682797e-15,0.0,0.0,2836.8450240096604,0.0,0.0,0.0,0.0,0.0,2772.3953139925043,0.0,0.0,0.0,0.0,0.0,0.0,0.0,0.0,0.0,1963.606235394739,0.0,8756.032390506409,2645.518460265601,0.0,0.0,43.06609960397718,0.0,9356.742557906997,2995.9164743987653,0.0,0.0,0.0,0.0,2264.800523356897,1163.3637723472737,126.30076509363684,0.0
40,0.1711484480332228,0.0615975110431894,0.0,0.0319688133488372,0.005035711582908,-9.237055564881286e-17,8.967432963979467,2.835065515682797e-15,0.0,0.0,813.2747132714364,0.0,0.0,0.0,0.0,0.0,833.7643637356636,0.0,0.0,0.0,0.0,0.0,0.0,0.0,0.0,0.0,1340.0,0.0,7746.0,1871.0,0.0,0.0,0.0,0.0,8465.0,2614.0,0.0,0.0,0.0,0.0,3517.0,2538.0,328.0,0.0
41,0.1944500748438542,0.0698592111561463,0.0,0.0273272956744186,0.0202521730365474,-9.237055564881284e-17,9.049429178292362,2.835065515682797e-15,0.0,0.0,703.7872123414701,0.0,0.0,0.0,0.0,0.0,712.1138515419444,0.0,0.0,0.0,0.0,0.0,0.0,0.0,0.0,0.0,955.806142150554,0.0,6800.478634633611,1617.0505429435957,0.0,0.0,0.0,0.0,7705.537580741744,2490.98331512257,0.0,0.0,0.0,0.0,3588.3254616788577,2670.2064040132777,301.65975055407404,0.0
42,0.1961142120000003,0.0704126880000001,0.0,0.0223542410232558,0.0367713632691056,-9.237055564881284e-17,8.847471718935315,2.835065515682797e-15,0.0,0.0,2085.390095230906,0.0,0.0,0.0,0.0,0.0,2108.969917066593,0.0,0.0,0.0,0.0,0.0,0.0,0.0,0.0,0.0,633.9658545294462,0.0,4551.59263448487,1081.6139420848192,0.0,0.0,0.0,0.0,5164.592418147713,1672.3765691889823,0.0,0.0,0.0,0.0,2414.8403682983976,1798.7984132514016,202.2501182834277,0.0
43,0.1961142120000003,0.0704126880000001,0.0,0.0208876215486838,0.0529759022591388,-9.237055564881284e-17,8.069549203133917,0.0002049731714825,0.0,0.0,1984.722835920876,0.0,0.0,0.0,0.0,0.0,2033.98245956427,0.0,0.0,0.0,0.0,0.0,0.0,0.0,0.0,0.0,409.314995819097,0.0,2990.7099025584084,732.9307676980432,0.0,0.0,0.0,0.0,3398.7026942349785,1117.9503383910496,0.0,0.0,0.0,0.0,1512.0136304958817,1114.5132006018016,117.04956419681292,0.0
44,0.1961142120000003,0.0704126880000001,0.0,0.0264680685499399,0.0685511387641222,-9.237055564881286e-17,6.983365505550011,0.0091767437265879,0.0,0.0,1519.102895628809,0.0,0.0,0.0,0.0,0.0,1710.7614488190998,0.0,0.0,0.0,0.0,0.0,0.0,0.0,0.0,0.0,591.5189792987688,0.0,4827.010971576328,1395.6158251289946,0.0,0.0,0.0,0.0,5535.869877172481,1987.0822879678756,0.0,0.0,0.0,0.0,1726.1570650451235,1153.8734423362782,37.583516472208245,0.0
45,0.185994626206762,0.0666628921407075,0.0,0.0349913597740863,0.0875392316857559,-9.237055564881284e-17,5.837186081023254,0.061722405718197,0.0,0.0,1466.441355216903,0.0,0.0,0.0,0.0,0.0,1662.5350596340752,0.0,0.0,0.0,0.0,0.0,0.0,0.0,0.0,0.0,936.4587556467652,0.0,7802.686035672447,2336.9580839657037,0.0,0.0,0.0,0.0,8941.923765485551,3275.747790035145,0.0,0.0,0.0,0.0,2493.999783672025,1593.158534023662,7.483353335535479,0.0
46,0.15364535489701,0.0550161931694353,0.0,0.0434770589900331,0.1166142048895862,0.0020586059964822,4.679140140065662,0.2277909610975208,0.0,0.0,1441.9081548085076,0.0,0.0,0.0,0.0,0.0,1628.5748740081624,0.0,0.0,0.0,0.0,0.0,0.0,0.0,0.0,0.0,994.4689918379456,0.0,8223.77750613895,2468.879139312195,0.0,0.0,0.0,0.0,9355.43362575219,3447.295762675996,0.0,0.0,0.0,0.0,2329.4405301742186,1339.5592661720905,0.0,0.0
47,0.121719785501661,0.0435536625647841,0.0,0.0516299856877076,0.137062740199338,0.0138158253687706,3.574200488025164,0.4516830678979315,0.0,0.0,1465.5587812870326,0.0,0.0,0.0,0.0,0.0,1644.8877601147456,0.0,0.0,0.0,0.0,0.0,0.0,0.0,0.0,0.0,620.507825864717,0.0,5160.473736229816,1532.9046466908792,0.0,0.0,0.0,0.0,5881.488879301107,2155.825358728679,0.0,0.0,0.0,0.0,1407.5034611514466,761.4352993487666,0.0,0.0
48,0.0901199872225913,0.0322080965581395,0.0,0.0594532534317607,0.1590163362897032,0.0270390026511626,2.5822871315593328,0.6985047541993381,0.0,0.0,2228.8074165919147,0.0,0.0,0.0,0.0,0.0,2446.372764680329,0.0,0.0,0.0,0.0,0.0,0.0,0.0,0.0,0.0,209.70053716134836,0.0,1979.745085463726,550.2358759481663,0.0,0.0,0.0,0.0,2252.445816592842,761.8492400210803,0.0,0.0,0.0,0.0,487.26712327624494,253.2471750658276,0.0,0.0
49,0.0565655622458472,0.0201607429634551,0.0,0.0645792845980066,0.1848361889302345,0.041080108425249,1.869681834423115,0.968071964448069,0.0368465094405305,0.0,3088.624644471431,5.034773596612225,0.0,0.0,0.0,0.0,3425.7084332616773,0.0,0.0,0.0,0.0,0.0,0.0,0.0,0.0,0.0,365.9781940805724,0.0,5050.0301615972685,1177.8314564807822,0.0,0.0,0.0,0.0,5722.432113847468,1554.4301253644437,0.0,0.0,0.0,0.0,928.8498501662142,414.0860579178429,0.0,0.0
50,0.0226853661528239,0.0079964247707641,0.0,0.0669997346781316,0.2048116006644536,0.0552575356146178,1.3428072867578635,1.2391286848411207,7.268296540195998,0.0,3438.1068971337554,106.8167961964958,0.0,0.0,0.0,0.0,3879.139109476767,1.461260838058842,0.0,0.0,0.0,0.0,0.0,0.0,0.0,0.0,521.9534100097383,0.0,7907.809040838466,1762.190630851852,0.0,0.0,0.0,0.0,8937.521763832108,2330.0665860945696,0.0,0.0,0.0,0.0,1382.5586868609748,582.1223950636171,0.0,0.0
51,0.0006157519054133,0.0001948602423294,0.0,0.063191359614618,0.2104773257377387,0.0691623199734219,0.8767988960953665,1.4956437738010584,53.46552966651584,0.0,4105.795435946878,475.2366802516174,0.0,0.0,0.0,0.0,4634.592697532058,131.7919048509839,0.0,0.0,0.0,0.0,0.0,0.0,0.0,0.0,386.3807633047511,0.0,7354.152501277752,1306.1389034296003,0.0,0.0,0.0,0.0,8267.8182400747,1655.7059530223985,0.0,0.0,0.0,0.0,976.445667498605,315.0357820886502,0.0,0.0
52,7.105427357601019e-18,-3.5527136788005095e-18,0.0,0.0590341742192692,0.2015110573953507,0.080591674973634,0.4714349079544767,1.68208113314484,49.42449104580492,0.0,4469.03081718765,742.0936588374344,0.0,0.0,0.0,0.0,5047.35706035911,381.6765212298152,0.0,0.0,0.0,0.0,0.0,0.0,0.0,0.0,325.3055475784498,0.0,6695.639795345867,942.874845369322,0.0,0.0,0.0,0.0,7450.434995127814,1206.530506048704,0.0,0.0,0.0,0.0,681.3000112655403,154.67308197812704,0.0,0.0
53,7.105427357601019e-18,-3.5527136788005095e-18,0.0,0.0549194090830565,0.1906049323255833,0.0820654920000001,0.2136252620236517,1.843992717928508,40.95961850175197,0.0,4963.539684943357,1099.7489391897225,0.0,0.0,0.0,0.0,5608.390568057769,720.5950737537651,0.0,0.0,0.0,0.0,0.0,0.0,0.0,0.0,126.74185754045531,0.0,5252.1771279011,330.8680071840016,0.0,0.0,0.0,0.0,5722.685456195202,415.79500010956167,0.0,0.0,0.0,0.0,230.88229729146752,0.0,0.0,0.0
54,7.105427357601019e-18,1.153172093019703e-06,0.0,0.0496604226657807,0.1783394370099689,0.0820654920000001,0.0806846690923566,2.018460099580069,79.70072539034665,0.0,5782.0486201950425,1818.351548957752,0.0,0.0,3.602241884278304,0.0,6609.123464661654,1491.4689012036406,0.0,0.0,0.0,0.0,247.0871099882748,0.0,0.0,0.0,3.143028503387967,0.0,4053.309571027166,8.205420077068037,0.0,0.0,0.0,0.0,4383.536097526155,10.311573197895028,0.0,0.0,0.0,0.0,5.725686855171285,0.0,0.0,0.0
55,7.105427357601019e-18,0.0025090537510259,0.0,0.0412934452624584,0.1657910834387362,0.0820654920000001,0.0141899118116058,2.2002016559085416,367.5584566691117,0.0,7082.150231463566,3652.440654362971,0.0,0.0,78.90976041311126,0.0,8742.259945266394,3972.746493368064,5.908174250526916,0.0,22.668097124470616,0.0,2382.7529421932363,261.62005806196083,18.930272598627056,0.0,0.0,0.0,2055.0593472491955,0.0,0.0,0.0,0.0,0.0,2221.9429681087167,0.0,0.0,0.0,0.0,0.0,0.0,0.0,0.0,0.0
56,7.105427357601019e-18,0.0077031895813953,0.0,0.035973892349864,0.1433814792898851,0.0806453081505286,-2.4833468614815527e-15,2.302286203403688,404.0853686553593,0.0,6736.786616547223,3368.7181150409374,0.0,0.0,366.3466319959216,0.0,8533.338871062517,3958.20802457882,51.521627055445485,0.0,181.9436430558748,0.0,3319.397961619882,804.1477148537928,152.0475101273734,0.0,0.0,0.0,1111.7566285040914,0.0,0.0,0.0,0.0,0.0,1208.054103418974,0.0,0.0,0.0,0.0,0.0,0.0,0.0,0.0,0.0
57,7.105427357601019e-18,0.0128492200465116,0.0,0.0341120660531561,0.1289191871433914,0.0803226700680397,-2.4833468614815527e-15,2.2920457087351527,478.96715869855296,0.0,6125.40997843226,2814.371867976515,0.0,0.0,538.106258635075,0.0,7847.617169414817,3330.665696253393,61.31320882246184,0.0,282.3408174947861,0.0,3698.855485072737,1215.8596146755656,333.95807642207365,0.0,0.0,0.0,1498.1070020911402,0.0,0.0,0.0,0.0,0.0,1684.1963432076457,0.0,0.0,0.0,0.0,0.0,0.0,0.0,0.0,0.0
58,7.105427357601019e-18,0.017407132744186,0.0,0.0324650891960133,0.1146269725909011,0.1040540127308969,-2.4833468614815527e-15,2.2129239141565376,558.3469944009081,0.0,5559.669775503836,2142.2691610021334,0.0,0.0,805.4838792833601,0.0,7224.107002323541,2567.703553191373,41.87728826987513,0.0,448.0381485722589,0.0,4019.97472620386,1610.8337083147337,521.7927251120092,0.0,0.0,0.0,2014.4504768579063,0.0,0.0,0.0,0.0,0.0,2305.6757614353555,0.0,0.0,0.0,0.0,0.0,0.0,0.0,0.0,0.0
59,7.105427357601019e-18,0.0222100945116278,0.0,0.0307295651960133,0.0971942861661156,0.1342179395271519,-2.4833468614815527e-15,2.082931245589858,664.6046600775877,0.0,5423.192218358783,1996.789342611516,0.0,0.0,977.6930514386332,0.0,7128.629481874861,2424.142968374798,104.83692140030509,0.0,589.9101982565354,0.0,4217.908650099035,1793.732942978242,643.4111053047276,0.0,0.0,0.0,2201.116387607472,0.0,0.0,0.0,0.0,0.0,2545.0759468784354,0.0,0.0,0.0,0.0,0.0,0.0,0.0,0.0,0.0
60,7.105427357601019e-18,0.0273007609492168,0.0,0.0303565661351956,0.0783757783646376,0.1730046432558138,0.0019770009258907,1.8930339606964584,1024.7226751708472,5.682615453415096,5644.048628122993,2122.7251409272026,0.0,0.0,1024.976078345177,0.0,7103.872876211236,2230.9897644288203,92.31147659727895,0.0,525.3409963563352,0.0,3147.2446733570946,1181.3811073794027,431.2938679062645,0.0,0.0,0.0,2017.9225356321008,0.0,0.0,0.0,0.0,0.0,2360.294477162337,0.0,0.0,0.0,0.0,0.0,0.0,0.0,0.0,0.0
61,7.105427357601019e-18,0.0295039079999998,0.0,0.0364119122059801,0.0579263510764144,0.211988861401993,0.052512314874859,1.6547393222104116,1669.163460490898,195.71525168875877,6008.205464382784,2219.660942464377,0.0,0.0,837.7386232201081,0.0,7002.2687359488,1885.5133266421308,0.0,0.0,179.3016531667504,0.0,1627.7244447816392,269.1064499795019,55.94378769349765,0.0,0.0,0.0,2019.303360541954,0.0,0.0,0.0,0.0,0.0,2400.29897538946,0.0,0.0,0.0,0.0,0.0,0.0,0.0,0.0,0.0
62,7.105427357601019e-18,0.0295039079999998,0.0,0.039421188,0.0507626355348862,0.2592967212816847,0.2651904471509129,1.4597699356638183,1488.1892542569672,336.11119715691234,4483.829553359393,1611.1845637617137,0.0,0.0,514.5764671318008,0.0,5055.708911534067,1269.247376233274,0.0,0.0,6.071217816575015,0.0,814.6156816624201,0.0,0.0,0.0,0.0,0.0,1916.025923941009,0.0,0.0,0.0,0.0,0.0,2341.1710482763656,0.0,0.0,0.0,0.0,0.0,0.0,0.0,0.0,0.0
63,0.0017834447069767,0.0319400298073088,0.0,0.039421188,0.0466326320531586,0.3610412874392021,0.5909557971800641,1.3070947034392073,1117.9498436889114,223.9530963007556,3909.687055526473,1437.598092903801,0.0,0.0,325.9072883578306,0.0,4362.035605308135,1039.4284709281444,0.0,0.0,0.0,0.0,594.2244295317307,0.0,0.0,0.0,0.0,0.0,1836.5992803677625,0.0,0.0,0.0,0.0,0.0,2316.9489412107578,0.0,0.0,0.0,0.0,0.0,0.0,0.0,0.0,0.0
64,0.0171649666046511,0.0518781055478229,0.0,0.039421188,0.0435022900486123,0.4815490158538205,1.248118025975868,1.111079057306526,1297.6169183849454,222.24937765520107,5252.8548075978615,1968.6747829919825,0.0,0.0,298.22640782611654,0.0,5807.812032720821,1319.9037988305768,0.0,0.0,0.0,0.0,666.2960879707704,0.0,0.0,0.0,0.0,0.0,2031.7550989035003,0.0,0.0,0.0,0.0,0.0,2563.0358811424203,0.0,0.0,0.0,0.0,0.0,0.0,0.0,0.0,0.0
65,0.0348542146644518,0.0718825705714284,0.0,0.0394201852416582,0.0378532858006668,0.5979042053846598,2.2352506967580514,0.8664359595314204,1339.8628918596653,148.49613213465608,6188.905912058458,2291.352832760836,0.0,0.0,186.79603951780263,0.0,6815.034664814969,1463.945837964975,0.0,0.0,0.0,0.0,651.0235229787363,0.0,0.0,0.0,278.5329584510272,0.0,2879.873997084253,0.0,0.0,0.0,0.0,0.0,3490.3629165511,0.0,0.0,0.0,0.0,0.0,89.23552968042331,85.29866807687522,0.0,0.0
66,0.0511695405448504,0.0882761474152822,0.0,0.0361856661544511,0.0309280755348861,0.7031394553827384,3.3542179163240893,0.6257797796468937,1044.3774263536486,0.0,6036.028031119192,2073.679190768934,0.0,0.0,0.0,0.0,6649.393901332702,1261.536990517746,0.0,0.0,0.0,0.0,425.5814966159904,0.0,0.0,0.0,805.2907900642025,0.0,3997.79202929799,0.0,0.0,0.0,0.0,0.0,4707.530493336493,0.0,0.0,0.0,0.0,0.0,451.59750022325824,212.3572717694693,0.0,0.0
67,0.0690305288770764,0.1062227999601326,0.0,0.0293762353754153,0.0233467927176105,0.8091062459423756,4.731684859327574,0.3974362240533999,737.5737284928009,0.0,5854.246931829617,1833.9148141146416,0.0,0.0,0.0,0.0,6448.837757253028,1015.1768760842588,0.0,0.0,0.0,0.0,193.80008032616524,0.0,0.0,0.0,714.251302237586,0.0,4777.283464538494,50.21694558435417,0.0,0.0,0.0,0.0,5595.105345262087,59.56468870178806,0.0,0.0,0.0,0.0,622.7694339125029,193.8262360545739,0.0,0.0
68,0.0872349977541528,0.1246406056744183,0.0,0.0224349630697674,0.0156197160000025,0.879472010380303,6.143142357514166,0.2185106229439158,311.7094130607652,0.0,4420.364451840935,965.3352276861896,0.0,0.0,0.0,0.0,4884.2680980066725,15.306547723206693,0.0,0.0,0.0,0.0,1.3170376844731886,0.0,0.0,0.0,764.498999368695,0.0,6233.093498794029,1228.1315076668477,0.0,0.0,0.0,0.0,7227.488701283503,1445.9169220297683,0.0,0.0,0.0,0.0,985.7829365960898,259.64391156685474,0.0,0.0
69,0.1017747516151494,0.1399503160680396,0.0,0.0158211092691029,0.0082571240332251,0.8744439733235896,7.50690367854458,0.093258032069904,6.593720323400642,0.0,2016.515506932219,20.454584069759203,0.0,0.0,0.0,0.0,2488.426466591397,0.0,0.0,0.0,0.0,0.0,0.0,0.0,0.0,0.0,1222.366041944544,0.0,6931.18393248078,1645.3281570909407,0.0,0.0,0.0,0.0,7878.88836289447,1893.6807808022957,0.0,0.0,0.0,0.0,1163.4769661097737,388.45805608934927,0.0,0.0
70,0.1033876439999999,0.1392020288745846,0.0,0.0094037065714285,0.0015281589468464,0.8316187036744189,8.675150135324747,0.023258125452661,0.0,0.0,1518.4690308513902,0.0,0.0,0.0,0.0,0.0,1883.4986561505723,0.0,0.0,0.0,0.0,0.0,0.0,0.0,0.0,0.0,1578.4430250231574,0.0,7461.579424217937,1955.2550918723043,0.0,0.0,0.4232260352364854,0.0,8371.209053809995,2224.6405634980024,0.0,0.0,0.0,0.0,1298.3581950970945,487.9404001633074,0.0,0.0
71,0.103387644,0.1392685936744186,0.0,0.0030554689842023,2.561506562415165e-15,0.7882650223312767,9.641860596634618,0.0060376796013322,0.0,0.0,734.2588283575407,0.0,0.0,0.0,0.0,0.0,910.7621711708974,0.0,0.0,0.0,0.0,0.0,0.0,0.0,0.0,0.0,2269.144858598357,3.0198285341004527,8301.269097853212,2380.5759352767573,0.0,0.0,16.986041242184186,0.0,9058.76429611092,2658.664339121397,0.0,0.0,0.0,0.0,1457.8829693722846,639.4974547396619,0.0,0.0
72,0.1033876439999999,0.1428079114004301,0.0,-2.6645352591003848e-17,0.0165304473887068,0.7356495982536645,10.422882845192104,0.0080952680930266,0.0,0.0,691.1408658735492,0.0,0.0,0.0,0.0,0.0,879.8294554115392,0.0,0.0,0.0,0.0,0.0,0.0,0.0,0.0,0.0,2647.817939222284,37.11501099256496,8339.767092248203,2227.735982532478,0.0,0.0,114.20042507628376,0.0,8942.721668496828,2547.3555110352627,0.0,0.0,0.0,0.0,1589.7992977941678,787.3914638150086,0.5813145083793674,0.0
73,0.1011764102235102,0.1462379241642752,0.0,-2.6645352591003848e-17,0.0596394844156384,0.6367136837460945,10.930258735947124,0.0101940413023289,0.0,0.0,1259.4903786820985,0.0,0.0,0.0,0.0,0.0,1601.967386280426,0.0,0.0,0.0,0.0,0.0,0.0,0.0,0.0,0.0,2037.3150607340367,34.62285602814782,8170.958697655263,2220.2576115709044,0.0,0.0,132.38654874080092,0.0,8995.491102487975,2858.846514549118,0.0,0.0,0.0,0.0,2458.9983006941334,1322.017236778138,12.955553505576535,0.0
74,0.0858791968504983,0.1329747140467622,0.0,-2.6645352591003848e-17,0.1122150054166641,0.5295530990033213,10.999395959861586,0.0122621046995582,0.0,0.0,1258.3039841454906,0.0,0.0,0.0,0.0,0.0,1563.41196927941,0.0,0.0,0.0,0.0,0.0,0.0,0.0,0.0,0.0,1225.614278474815,0.0,6937.582681777861,1975.627536950108,0.0,0.0,65.41981636256534,0.0,7795.4330353116275,2713.711783387904,0.0,0.0,0.0,0.0,2685.686925113855,1471.9551645908682,21.252617766295728,0.0
75,0.0688769098803986,0.116152023528239,0.0,-2.6645352591003848e-17,0.1703787056611324,0.4283023688424078,10.597299906927343,0.0128924640000033,0.0,0.0,1244.4535198223855,0.0,0.0,0.0,0.0,0.0,1501.7371922492252,0.0,0.0,0.0,0.0,0.0,0.0,0.0,0.0,0.0,732.0314417284578,0.0,4143.687842411899,1180.019642558895,0.0,0.0,39.09038805098653,0.0,4656.0920098076285,1620.841222680535,0.0,0.0,11.102623815226746,0.0,1604.1063295951008,879.161904986972,12.688884977196702,0.0
76,0.0510159215481727,0.0978627141328902,0.0,-2.6645352591003848e-17,0.2317142819003352,0.3237757167109618,9.7839562640944,0.0128924640000033,0.0,0.0,1212.5085947426126,0.0,0.0,0.0,0.0,0.0,1450.2064890232944,0.0,0.0,0.0,0.0,0.0,0.0,0.0,0.0,0.0,416.6756607560018,0.0,2358.51200521332,671.6132989494029,0.0,0.0,22.234822794908887,0.0,2650.2097436733875,922.5499408027198,0.0,0.0,47.38711303339686,0.0,913.0374868055632,500.3973074531112,7.181247085140231,0.0
77,0.0334984137607973,0.0799251222259135,0.0,-2.6645352591003848e-17,0.2926532118683211,0.219804897109635,8.681427115295687,0.0135050866744219,0.0,0.0,1159.9570223034962,0.0,0.0,0.0,0.0,0.0,1389.5455405589155,0.0,0.0,0.0,0.0,0.0,0.0,0.0,0.0,0.0,199.3895749386534,0.0,1128.436937059438,321.37767523639786,0.0,0.0,10.618665719510464,0.0,1267.9384432386162,441.4126645808906,0.0,0.0,22.672738741188763,0.0,436.87103537221935,239.43457138681768,3.447370080961531,0.0
78,0.0187287503322259,0.063866141794969,0.0,4.138083531060208e-06,0.3345026686473697,0.1325469339724729,7.613041000211687,0.0153965928894196,0.0,0.0,1021.2847907923132,0.0,0.0,0.0,0.0,0.0,1244.3094109569358,0.0,0.0,0.0,0.0,0.0,0.0,0.0,0.0,0.0,142.54596221573348,0.0,806.7863150139356,229.7738174201017,0.0,0.0,7.593262463263603,0.0,906.5728645782498,315.5649742845214,0.0,0.0,16.20532559157801,0.0,312.34576453731114,171.1823137288393,2.473643633894004,0.0
79,0.0031306762370592,0.0425363867544742,0.0,0.0040944384852641,0.3557618409265925,0.0825820147857678,6.225468070242003,0.0228439937425818,0.0,0.0,777.3464847102972,0.0,0.0,0.0,0.0,0.0,1013.0040162088852,0.0,0.0,0.0,0.0,0.0,0.0,0.0,0.0,0.0,141.18596934422297,0.0,759.0547618133076,218.8343979747872,0.0,0.0,18.023212498675704,0.0,867.6318254257395,310.8502706007534,0.0,0.0,11.178543194497506,0.0,299.898949694287,170.5100549688658,11.861120870691348,0.0
80,1.4210854715202038e-17,0.0363422185116278,0.0,0.0110968103122923,0.3922297208804723,0.0755720465407507,4.903848868168244,0.0666389586137024,0.0,0.0,723.2877057520951,0.0,0.0,0.0,0.0,0.0,960.3888679878904,0.0,0.0,0.0,0.0,0.0,0.0,0.0,0.0,0.0,192.4536668627713,0.0,1016.4989127553042,294.35338861296765,0.0,0.0,29.335707378164717,0.0,1168.954380919436,422.9509613757963,0.0,0.0,13.009552654104183,0.0,404.5272535835393,232.88640413890272,20.450965163225572,0.0
81,1.4210854715202038e-17,0.0342838063255813,0.0,0.0173931299401993,0.4325309649568125,0.0794325287770178,3.879104211653712,0.1615661451452056,0.0,0.0,558.0717405228835,0.0,0.0,0.0,0.0,0.0,696.7531262916443,0.0,0.0,0.0,0.0,0.0,0.0,0.0,0.0,0.0,1195.587010916677,0.0,6268.143032512068,1800.3274857991107,0.0,0.0,225.12604382139887,0.0,7299.711301804781,2663.440625240733,0.0,0.0,51.5863166831354,0.0,2492.729305035678,1460.2585046114816,167.59763755603964,0.0
82,1.4210854715202038e-17,0.0305648263255813,0.0,0.0240106903654485,0.4570117471932038,0.0849338808591873,2.8594317058367063,0.3395774533225179,0.0,0.0,1309.596695571145,0.0,0.0,0.0,0.0,0.0,1478.3682964247892,0.0,0.0,0.0,0.0,0.0,0.0,0.0,0.0,0.0,1094.0932327508158,0.0,7651.002810596863,1858.1555597560227,0.0,0.0,67.81093190100368,0.0,8961.271715937852,2950.0655649468795,0.0,0.0,15.06909597800082,0.0,2614.809593730252,1430.4688287659192,50.5891079261456,0.0
83,1.4210854715202038e-17,0.0241820187906976,0.0,0.030242761833887,0.4532571466365468,0.0858709599069768,2.0137526314445258,0.569211510976747,0.0,0.0,3089.399072669933,401.2665070975981,0.0,0.0,0.0,0.0,3526.8400491966213,246.4194729287565,0.0,0.0,0.0,0.0,0.0,0.0,0.0,0.0,678.4251883088893,0.0,7333.210557466968,1507.6195752234566,0.0,0.0,0.0,0.0,8566.278963768396,2396.078784114106,0.0,0.0,0.0,0.0,1882.848537688841,925.161060804813,0.0,0.0
84,1.4210854715202038e-17,0.017841219667774,0.0,0.0380654355489544,0.4393670304975594,0.0867407811428572,1.3210104445479842,0.8132534932671514,0.0,0.0,4779.460501477204,1336.7976456410408,0.0,0.0,0.0,0.0,5565.271831073929,1027.602937330415,0.0,0.0,0.0,0.0,0.0,0.0,0.0,0.0,348.0609820461686,0.0,6258.908536276471,950.7897724950628,0.0,0.0,0.0,0.0,7227.980683516241,1465.4578385661996,0.0,0.0,0.0,0.0,1042.2193673546603,456.4587868210364,0.0,0.0
85,1.4210854715202038e-17,0.0125679284252491,0.0,0.0475057480664452,0.4164018182263072,0.0876649662059802,0.7559301483681962,1.116622319685756,0.0,0.0,3659.99438134812,1142.68955183071,0.0,0.0,0.0,0.0,4267.645300025114,929.9491610819044,0.0,0.0,0.0,0.0,116.84371337052865,0.0,0.0,0.0,112.9665879031814,0.0,4848.248471105002,308.62738141093126,0.0,0.0,0.0,0.0,5508.203308374976,475.6581359412541,0.0,0.0,0.0,0.0,338.27833650693333,148.16600016535145,0.0,0.0
86,1.4210854715202038e-17,0.0078592796611295,0.0,0.055056554192691,0.3700158267247672,0.0861916462946589,0.3388408329675529,1.4112862065977545,0.0,0.0,1731.903389557648,540.7071104815582,0.0,0.0,0.0,0.0,2019.4661146202493,440.0305381964745,0.0,0.0,0.0,0.0,407.2736505722785,0.0,0.0,0.0,0.0,0.0,3807.554125066248,0.0,0.0,0.0,0.0,0.0,4212.61571887755,0.0,0.0,0.0,0.0,0.0,0.0,0.0,0.0,0.0
87,1.4210854715202038e-17,0.0031506308970099,0.0,0.0626073603189368,0.3084563019058066,0.079264931202658,0.0899342925987968,1.6871606569060027,0.0,0.0,901.969047679218,281.617604592169,0.0,0.0,0.0,0.0,1051.7351052763424,229.19826894417665,0.0,0.0,0.0,0.0,212.09788388018237,0.0,0.0,0.0,0.0,0.0,3426.511776678257,0.0,0.0,0.0,0.0,0.0,3716.707113443671,0.0,0.0,0.0,0.0,0.0,0.0,0.0,0.0,0.0
88,1.4210854715202038e-17,8.002103004169404e-05,0.0,0.0696551696026012,0.264083191636674,0.0771968449893265,0.0117514545427387,1.9238317451671765,0.0,0.0,434.4803550777628,135.67242297316986,0.0,0.0,0.0,0.0,506.6389494122927,110.39546964296258,0.0,0.0,0.0,0.0,102.15082113892566,111.0777319560415,0.0,0.0,0.0,0.0,3154.0,0.0,0.0,0.0,0.0,0.0,3337.0,0.0,0.0,0.0,0.0,0.0,0.0,0.0,0.0,0.0
89,1.4210854715202038e-17,-1.0658141036401469e-17,0.0,0.0724505078272425,0.2442009909541803,0.0834389790201216,5.528077002069201e-05,2.153299024586979,9.431995389910336,0.0,1436.9494967988007,768.872999578696,0.0,0.0,0.0,0.0,1839.6422373598748,929.0344571759798,0.0,0.0,0.0,0.0,564.7451677442613,394.788456524541,0.0,0.0,0.0,0.0,2708.1539964587364,0.0,0.0,0.0,0.0,0.0,2836.845927101176,0.0,0.0,0.0,0.0,0.0,0.0,0.0,0.0,0.0
90,1.4210854715202038e-17,-1.0658141036401469e-17,0.0,0.0714136139202658,0.2090884963056506,0.1024024883945183,8.782308213994838e-15,2.356787228172762,65.14653276287618,0.0,7011.023124089511,3761.909943093136,0.0,0.0,0.0,0.0,8970.407612403926,4550.407796678778,0.0,0.0,0.0,0.0,2755.3228319413497,420.0050903161545,0.0,0.0,0.0,0.0,1296.9811589890437,0.0,0.0,0.0,0.0,0.0,1356.1455137332591,0.0,0.0,0.0,0.0,0.0,0.0,0.0,0.0,0.0
91,1.4210854715202038e-17,-1.0658141036401469e-17,0.0,0.0655446543787377,0.170019574923591,0.1193956705481022,8.782308213994838e-15,2.453321191875032,200.22982543551825,0.0,6845.971374199605,3340.3106610304167,0.0,0.0,32.343680741781576,0.0,8664.185239801123,4052.167273406337,12.038230948734848,0.0,0.0,0.0,2772.471798821549,554.6386184697737,0.0,0.0,0.0,0.0,322.7583652680036,0.0,0.0,0.0,0.0,0.0,338.9918907559807,0.0,0.0,0.0,0.0,0.0,0.0,0.0,0.0,0.0
92,1.4210854715202038e-17,-1.0658141036401469e-17,0.0,0.0592483347508307,0.1298603567840561,0.1475755996685558,8.782308213994838e-15,2.4602090635638096,387.4687560080495,0.0,6652.422884415867,2994.13872632271,0.0,0.0,208.33378634626447,0.0,8556.50008033916,3920.643126513956,70.98820913007556,0.0,0.0,0.0,3309.981012008461,1056.4751670044466,0.0,0.0,0.0,0.0,1244.6626460759655,0.0,0.0,0.0,0.0,0.0,1311.8302427020587,0.0,0.0,0.0,0.0,0.0,0.0,0.0,0.0,0.0
93,1.4210854715202038e-17,-1.0658141036401469e-17,0.0,0.0525665261661131,0.0879581392297397,0.1879275759994987,0.0100677207797994,2.362672166866673,475.186691673764,0.0,6751.261058768988,3058.997538593808,0.0,0.0,288.4872101723936,0.0,8624.35828193932,3901.443326806132,59.59083966280077,0.0,0.0,0.0,3176.182919398016,1019.3289300083596,0.0,0.0,0.0,0.0,2353.2032422220823,0.0,0.0,0.0,0.0,0.0,2479.623326498648,0.0,0.0,0.0,0.0,0.0,0.0,0.0,0.0,0.0
94,1.4210854715202038e-17,-1.0658141036401469e-17,0.0,0.0439070435927301,0.0483604520883352,0.2747992785296075,0.0769776611936769,2.188801338453786,561.1611601467623,0.0,6895.577516300388,3176.612063469385,0.0,0.0,360.50073970881306,0.0,8705.057429117745,3864.464079891231,33.82076082224896,0.0,6.978114145563194,0.0,2901.537567448549,883.4273861619922,0.0,0.0,0.0,0.0,2216.391240412443,0.0,0.0,0.0,0.0,0.0,2426.0400362907635,0.0,0.0,0.0,0.0,0.0,0.0,0.0,0.0,0.0
95,1.4210854715202038e-17,-1.0658141036401469e-17,0.0,0.0353035399335548,0.0141103631445594,0.4467181615443098,0.2054961289824704,1.9353856765000472,647.2945380884541,0.0,7033.038868615365,3286.4750122478945,0.0,0.0,430.3356286642288,0.0,8777.052749070323,3820.9985695480655,9.29097397492619,0.0,47.205692905179696,0.0,2630.4789110567503,747.359342514247,0.0,0.0,0.0,0.0,1365.09004416187,0.0,0.0,0.0,0.0,0.0,1603.874963192566,0.0,0.0,0.0,0.0,0.0,0.0,0.0,0.0,0.0
96,0.0062212871738649,0.007090147433001,0.0,0.028192586591362,2.146181395604093e-05,0.6546909872624588,0.4161355119202746,1.6598273737453024,774.8427096890713,0.0,7105.394803118515,3299.089727426469,0.0,0.0,483.962695811871,0.0,8730.77723971179,3625.721013101243,0.0,0.0,53.25881601336136,0.0,2289.9499265808136,539.8435329670488,0.0,0.0,4.0011443175884205,0.0,685.8976944076533,0.0,0.0,0.0,0.0,0.0,805.2673747603397,0.0,0.0,0.0,0.0,0.0,0.0,0.0,0.0,0.0
97,0.0294437783122923,0.0339683313887043,0.0,0.0203485452757474,2.5526247782181644e-15,0.9040734620753462,0.838590180696555,1.3716499330538523,808.7376590532963,0.0,7174.247255980376,3276.8363881455216,0.0,0.0,379.60837164035325,0.0,8626.398057639104,3160.5481830514905,0.0,0.0,20.29164295690358,0.0,1558.475675305008,169.09702464086317,0.0,0.0,123.71430812238634,0.0,1451.5844349639858,0.0,0.0,0.0,0.0,0.0,1657.431591601444,0.0,0.0,0.0,0.0,0.0,0.0,0.0,0.0,0.0
98,0.0507749909501661,0.0587063438671096,0.0,0.0134575183255813,2.5526247782181644e-15,1.1348565459492743,1.4840241779586831,1.140881428152991,656.0991817344163,0.0,6640.702443510605,2672.137789613216,0.0,0.0,67.99609418485355,0.0,7798.660073604524,2173.9567673032057,0.0,0.0,0.0,0.0,677.4357066042793,0.0,0.0,0.0,350.31675069795733,0.0,3497.2515270912872,2.560355197173467,0.0,0.0,0.0,0.0,3964.369620678558,3.041120583542284,0.0,0.0,0.0,0.0,2.05722863004331,0.2422461249145202,0.0,0.0
99,0.0730139147641196,0.0844970377275747,0.0,0.0062732561860465,2.5526247782181644e-15,1.3823843672019571,2.455261882180809,0.908464220577728,567.68484869449,0.0,6264.993315941969,2201.679469956512,0.0,0.0,0.0,0.0,7291.93802678131,1699.260773618814,0.0,0.0,0.0,0.0,333.2504018691589,0.0,0.0,0.0,514.8957006158303,0.0,4983.199055732924,267.55041773447016,0.0,0.0,0.0,0.0,5640.1279278239535,313.87177006559256,0.0,0.0,0.0,0.0,203.579965218146,26.13877317634792,0.0,0.0
100,0.0977490443122925,0.1131826053887042,0.0,0.0002914927590084,2.5526247782181644e-15,1.599590275472781,3.799621197742917,0.6396657638609805,442.6966755378226,0.0,5869.611015500546,1703.68609795364,0.0,0.0,0.0,0.0,6763.609820274471,1175.7492572346112,0.0,0.0,0.0,0.0,0.0,0.0,0.0,0.0,718.1951927572441,0.0,6740.744096591234,1238.8693702889614,0.0,0.0,0.0,0.0,7632.357009200476,1384.2204692051712,0.0,0.0,0.0,0.0,748.7994512294449,134.65755522083043,0.0,0.0
101,0.1211226070963458,0.1402891509767441,0.0,-1.953992523340273e-17,2.5526247782181647e-15,1.691195531765486,5.129083357592351,0.4346363277209361,362.3578496851801,0.0,5593.574898306933,1437.6872242836462,0.0,0.0,0.0,0.0,6439.49312444045,892.922957680489,0.0,0.0,0.0,0.0,0.0,0.0,0.0,0.0,1100.1520448142164,0.0,8302.14028637486,2377.0726924624614,0.0,0.0,0.0,0.0,9282.468916441763,2637.2143212918613,0.0,0.0,0.0,0.0,1050.7108217288946,278.14085603352885,0.0,0.0
102,0.1361960306976748,0.1579117255548172,0.0,-1.953992523340273e-17,2.552624778218164e-15,1.724185554373421,6.360829996744197,0.2641970347641256,342.2287217986304,0.0,5159.048431997027,1077.1058760132833,0.0,0.0,0.0,0.0,5924.034629646009,524.9871226228852,0.0,0.0,0.0,0.0,0.0,0.0,0.0,0.0,1194.9667404646118,0.0,8802.46060622921,2784.6605459676475,0.0,0.0,0.0,0.0,9829.277662449553,3263.643472615472,0.0,0.0,0.0,0.0,1541.6393609065356,515.1407426803967,0.0,0.0
103,0.1366105320000004,0.1584285479999999,0.0,-1.953992523340273e-17,2.5526247782181644e-15,1.7275346241520566,7.541475760152322,0.1260945846087456,127.39920494021833,0.0,3796.62149532152,152.339699274778,0.0,0.0,0.0,0.0,4416.105026498379,9.394004680978354,0.0,0.0,0.0,0.0,0.0,0.0,0.0,0.0,1268.271263892337,0.0,9185.336698864843,3107.364317818966,0.0,0.0,0.0,0.0,10260.76383194167,3803.323971049637,0.0,0.0,0.0,0.0,2079.105041097674,813.6974459155655,0.0,0.0
104,0.1366105320000004,0.1584285479999999,0.0,-1.953992523340273e-17,2.5526247782181644e-15,1.6631103607319593,8.540160453283459,0.0321380331165502,0.0,0.0,1719.826536914229,0.0,0.0,0.0,0.0,0.0,2336.665436750549,0.0,0.0,0.0,0.0,0.0,0.0,0.0,0.0,0.0,1214.8911686179845,0.0,8756.895165577116,2857.6088755076075,0.0,0.0,76.23466545352743,0.0,9906.686958651397,3808.318610665544,18.485219764837623,0.0,49.11401455767077,0.0,3152.478575223309,1729.323217301212,67.19444848824187,0.0
105,0.1366105320000004,0.1584285479999999,0.0,-1.953992523340273e-17,0.004835667278486,1.4760298508313474,9.222836583860072,0.0016227263263685,0.0,0.0,1264.0284271685125,0.0,0.0,0.0,0.0,0.0,1787.2295660314635,0.0,0.0,0.0,0.0,0.0,0.0,0.0,0.0,0.0,1212.0958358323387,0.0,8096.872955176187,2421.593214445146,0.0,0.0,575.152384435898,0.0,9317.669804622914,3564.5670816923507,97.36144066764268,0.0,381.08277962546816,0.0,4375.256904731663,2824.140211759634,484.76628180070605,0.0
106,0.1296115839294023,0.1504521321378737,0.0,-1.953992523340273e-17,0.0209068899244211,1.260016095807311,9.549171131302336,5.481837206389154e-15,0.0,0.0,1230.475184341163,0.0,0.0,0.0,0.0,0.0,1697.6417093459258,0.0,0.0,0.0,0.0,0.0,0.0,0.0,0.0,0.0,1213.2053415858527,0.0,7657.757555507885,2106.2595702938943,0.0,0.0,750.3247977523419,0.0,8912.720684113188,3244.772384519198,104.43486134329083,0.0,523.8648578237635,0.0,4922.220730221653,3336.9105397282274,654.0627425775133,0.0
107,0.1071667536877079,0.1244602166112956,0.0,-1.953992523340273e-17,0.0548263083091607,1.032305359583778,9.576940869994615,5.481837206389153e-15,0.0,0.0,1185.943803222979,0.0,0.0,0.0,0.0,0.0,1598.6877767393214,0.0,0.0,0.0,0.0,0.0,0.0,0.0,0.0,0.0,1284.72068521377,0.0,7450.21197633538,1997.7272544879352,0.0,0.0,829.4282587626045,0.0,8713.952841832908,3103.3886394194305,57.13869483433771,0.0,554.0632828460524,0.0,4977.425301481749,3507.469494813479,692.2320492721179,0.0
108,0.0847009020797343,0.0984063524053156,0.0,-1.953992523340273e-17,0.1090368442758945,0.8235578516801975,9.240869647068616,5.481837206389153e-15,0.0,0.0,1060.0148408707555,0.0,0.0,0.0,0.0,0.0,1470.9630010142178,0.0,0.0,0.0,0.0,0.0,0.0,0.0,0.0,0.0,1562.3393017285584,0.0,7590.425582129596,2132.742226254564,0.0,0.0,904.3321228204768,0.0,8793.979128012465,3116.711713461408,34.04938708753172,0.0,508.9935034796523,0.0,4280.3829372905175,3011.5471199494323,567.9932223025369,0.0
109,0.0631427616478405,0.0734051695813953,0.0,-1.953992523340273e-17,0.1724189965714311,0.6194858134314204,8.52413262631772,5.481837206389153e-15,0.0,0.0,996.0976769579614,0.0,0.0,0.0,0.0,0.0,1433.3539452677917,0.0,0.0,0.0,0.0,0.0,0.0,0.0,0.0,0.0,1701.1433110830935,0.0,7724.774769425609,2212.132009432896,0.0,0.0,886.3713008096731,0.0,8888.55261221942,3118.5818453790102,12.522893593465474,0.0,454.6536882896256,0.0,3902.940400058828,2658.493811388746,485.9689833640305,0.0
110,0.0399961266578073,0.0465617943388704,0.0,-1.953992523340273e-17,0.2406962958169648,0.4392625992791329,7.396532525679187,0.0007546283578065,0.0,0.0,924.7446892538364,0.0,0.0,0.0,0.0,0.0,1362.4746744436848,0.0,0.0,0.0,0.0,0.0,0.0,0.0,0.0,0.0,1804.615785514274,0.0,7921.787361185364,2325.4843386031985,0.0,0.0,836.5381983682394,0.0,9016.01855993411,3237.944370714252,0.0,0.0,397.0170064037748,0.0,3615.025080120487,2357.9007406152064,418.4500522171287,0.0
111,0.0163956360797342,0.0191920784053156,0.0,-1.953992523340273e-17,0.3103169305421168,0.3580652646707052,6.0966300655907775,0.0359600727848403,0.0,0.0,758.8571580079469,0.0,0.0,0.0,0.0,0.0,1239.088005718446,0.0,0.0,0.0,0.0,0.0,0.0,0.0,0.0,0.0,1717.1396982298252,0.0,8448.09670998106,2608.307145615026,0.0,0.0,568.1212638165482,0.0,9534.070782512656,3645.354087262311,0.0,0.0,187.8064454633397,0.0,3120.8978604049003,1907.8481709616624,277.8390080881801,0.0
112,0.000526720857654,0.0006489444272935,0.0,0.0027655379470993,0.3717143953608511,0.3252125564666497,4.780853224939692,0.1264627759841608,0.0,0.0,653.3528033322024,0.0,0.0,0.0,0.0,0.0,1065.685104341059,0.0,0.0,0.0,0.0,0.0,0.0,0.0,0.0,0.0,1769.004079279815,0.0,8951.581549169536,2807.678050135827,0.0,0.0,362.6988998825374,0.0,10046.971057458912,3820.961879920008,0.0,0.0,0.1587035477412902,0.0,2576.308357565606,1447.2075814566065,129.2357198120511,0.0
113,3.1974423109204555e-17,-4.263256414560588e-17,0.0,0.0092509112691029,0.4133961790697707,0.3061243036784058,3.5907380012704397,0.2678219122604706,0.0,0.0,327.1385982382166,0.0,0.0,0.0,0.0,0.0,533.6371226185627,0.0,0.0,0.0,0.0,0.0,0.0,0.0,0.0,0.0,1906.182607755649,0.0,9547.376117253129,3018.5167592821986,0.0,0.0,174.71018088498707,0.0,10625.470689952605,3990.043384033903,0.0,0.0,0.0,0.0,1981.3772215550591,946.0785409966948,1.6014090962608476,0.0
114,3.1974423109204555e-17,-4.263256414560587e-17,0.0,0.0157745705382059,0.4348502298385805,0.2815097710588241,2.593858349764321,0.4701130534297494,0.0,0.0,211.30298280871915,0.0,0.0,0.0,0.0,0.0,344.71248265539015,0.0,0.0,0.0,0.0,0.0,0.0,0.0,0.0,0.0,1781.673659880522,0.0,9716.018646208022,3068.732606030396,0.0,0.0,78.03089603506403,0.0,10704.566238834685,4002.016428771483,0.0,0.0,0.0,0.0,1847.7766771810727,788.4166437858664,0.0,0.0
115,3.1974423109204555e-17,-4.263256414560588e-17,0.0,0.0221623202392026,0.4404027245451623,0.272269677867574,1.8091633861126568,0.7185490976574264,0.0,0.0,198.2772868339475,0.0,0.0,0.0,0.0,0.0,289.9896139151337,0.0,0.0,0.0,0.0,0.0,0.0,0.0,0.0,0.0,1457.939033020229,0.0,9510.616023829018,2829.3039305696275,0.0,0.0,6.4206235172959705,0.0,10416.23393056636,3613.59610973876,0.0,0.0,0.0,0.0,1653.0070025381858,657.1709745346644,0.0,0.0
116,3.1974423109204555e-17,-4.263256414560587e-17,0.0,0.028889843860465,0.4343461225500737,0.2670243819710498,1.2461198376656455,0.9978681560040396,0.0,0.0,1077.9496535806486,0.0,0.0,0.0,0.0,0.0,1356.7091873155314,0.0,0.0,0.0,0.0,0.0,0.0,0.0,0.0,0.0,737.3460610606735,0.0,8227.532564023142,1777.7396387114725,0.0,0.0,0.0,0.0,8783.543511511947,1917.5343489296697,0.0,0.0,0.0,0.0,852.2490407895781,250.4170122766554,0.0,0.0
117,3.1974423109204555e-17,-4.263256414560587e-17,0.0,0.0361610057541527,0.4060868876646495,0.254823495325387,0.7798661571123753,1.3211811592401863,75.53124528796265,0.0,2066.734144316236,24.014779077716447,0.0,0.0,0.0,0.0,2560.976205729859,14.452931261451369,0.0,0.0,0.0,0.0,0.0,0.0,0.0,0.0,434.3189626857351,0.0,7276.930497743471,1056.9047894330888,0.0,0.0,0.0,0.0,7661.525993175499,981.8231150247204,0.0,0.0,0.0,0.0,342.36139262517827,20.54533054484519,0.0,0.0
118,3.1974423109204555e-17,-4.263256414560587e-17,0.0,0.0407435127218704,0.3499487368527572,0.2141440576744195,0.4079504801379118,1.6438253093030848,151.2649169548088,0.0,2741.626441632355,174.63824105913673,0.0,0.0,0.0,0.0,3382.9530365561905,105.10338177504008,0.0,0.0,0.0,0.0,0.0,0.0,0.0,0.0,410.0,0.0,7135.0,959.0,0.0,0.0,0.0,0.0,7511.0,877.0,0.0,0.0,0.0,0.0,278.0,0.0,0.0,0.0
119,3.1974423109204555e-17,-4.263256414560587e-17,0.0,0.0409087799999999,0.2805750071760815,0.1683565360265787,0.1635689498870504,1.9535250953081955,257.0981339111489,0.0,4211.116451009164,942.4673850962412,0.0,0.0,0.0,0.0,5203.459924911444,829.3754741008,0.0,0.0,0.0,0.0,301.6629795948203,0.0,0.0,0.0,159.06427169697267,0.0,5258.3485391724,372.05521111560194,0.0,0.0,0.0,0.0,5589.757038822371,340.24235677620743,0.0,0.0,0.0,0.0,107.85333544331318,0.0,0.0,0.0
120,3.1974423109204555e-17,-4.263256414560587e-17,0.0,0.0409087799999999,0.2170185075992173,0.1265313960598011,0.0441271223168296,2.2088222192908527,369.3959693046808,0.0,5045.50893678794,1668.369206598549,0.0,0.0,3.019469200168723,0.0,6259.925848355066,1712.8453496555785,0.0,0.0,0.0,0.0,581.2250275944452,0.0,0.0,0.0,0.0,0.0,3929.016130846328,0.0,0.0,0.0,0.0,0.0,4233.254870359584,0.0,0.0,0.0,0.0,0.0,0.0,0.0,0.0,0.0
121,3.1974423109204555e-17,-4.263256414560587e-17,0.0,0.0409087799999999,0.1519221552294891,0.083825726830565,0.0059456589549369,2.414188187447131,546.2474462603442,0.0,6513.841423775173,2963.943123504716,0.0,0.0,63.05908422080809,0.0,7972.859128704856,3044.8368613212424,0.0,0.0,0.0,0.0,892.1637808235783,0.0,0.0,0.0,0.0,0.0,3634.162149979865,0.0,0.0,0.0,0.0,0.0,3940.700871514604,0.0,0.0,0.0,0.0,0.0,0.0,0.0,0.0,0.0
122,3.1974423109204555e-17,-4.263256414560587e-17,0.0,0.0383265466585889,0.090866730756305,0.0383574917248395,6.915357175785181e-15,2.582252464040655,618.1264810631017,0.0,6964.943088735848,3429.0291630136394,0.0,0.0,119.63268494569064,0.0,8484.140937185111,3548.1726789553845,0.0,0.0,0.0,0.0,1210.5437883567868,0.0,0.0,0.0,0.0,0.0,3347.4093429905543,0.0,0.0,0.0,0.0,0.0,3656.0683026115385,0.0,0.0,0.0,0.0,0.0,0.0,0.0,0.0,0.0
123,3.1974423109204555e-17,-4.263256414560587e-17,0.0,0.0315899139468437,0.0542096481336901,0.0044703539880404,6.915357175785181e-15,2.633434547673892,529.6879762506911,0.0,6936.110410102947,3391.357133247217,0.0,0.0,112.19719576846812,0.0,8530.955905843735,3657.141118224584,0.0,0.0,0.0,0.0,1606.0948917781311,34.53061949314419,0.0,0.0,0.0,0.0,3176.0,0.0,0.0,0.0,0.0,0.0,3486.0,0.0,0.0,0.0,0.0,0.0,0.0,0.0,0.0,0.0
124,3.1974423109204555e-17,-4.263256414560587e-17,0.0,0.0249303451096345,0.0401460047093048,6.163958232718856e-16,6.91535717578518e-15,2.5614842666810724,633.5613430968408,0.0,6306.187556725655,2777.7630578793464,0.0,0.0,230.1280487735132,0.0,7867.310967854042,3036.3592716532307,0.0,0.0,0.0,0.0,2010.0181337216056,389.0630989838688,0.0,0.0,0.0,0.0,2963.5340630626306,0.0,0.0,0.0,0.0,0.0,3376.444523200544,0.0,0.0,0.0,0.0,0.0,0.0,0.0,0.0,0.0
125,3.1974423109204555e-17,-4.263256414560586e-17,0.0,0.0181348667043189,0.0545928934738077,6.163958232718856e-16,6.915357175785181e-15,2.386894428924621,734.939387511034,0.0,5979.76762711569,2393.418364080692,0.0,0.0,351.929709857748,0.0,7552.713889775952,2714.5893223996027,0.0,0.0,8.996539010796786,0.0,2191.4163730438445,546.7294127509948,0.0,0.0,0.0,0.0,2788.9389655685177,0.0,0.0,0.0,0.0,0.0,3258.1554675092048,0.0,0.0,0.0,0.0,0.0,0.0,0.0,0.0,0.0
126,3.1974423109204555e-17,-4.263256414560587e-17,0.0,0.0113393882990033,0.1277491423579759,6.163958232718856e-16,6.91535717578518e-15,2.158021767137051,732.6368077078706,0.0,5406.483548672225,2214.40791388746,0.0,0.0,455.0238257741012,0.0,6915.845178451286,2550.446742545701,0.0,0.0,56.68139762707872,0.0,2231.390391740179,663.8849029388081,12.888726688363729,0.0,0.0,0.0,2661.060827475646,0.0,0.0,0.0,0.0,0.0,3152.47134845965,0.0,0.0,0.0,0.0,0.0,0.0,0.0,0.0,0.0
127,3.1974423109204555e-17,-4.263256414560587e-17,0.0,0.0049516385980066,0.2120233670327915,6.163958232718856e-16,0.0070701625653687,1.8944378114118237,869.7637484906109,0.0,5570.139291879791,2271.3197762065715,0.0,0.0,537.8864968591664,0.0,6966.667676944153,2457.478525216968,0.0,0.0,104.50233306369783,0.0,1962.8507567124027,534.3848271832454,6.190040149753196,0.0,0.0,0.0,2481.669843403883,0.0,0.0,0.0,0.0,0.0,2936.7338429652705,0.0,0.0,0.0,0.0,0.0,0.0,0.0,0.0,0.0
128,3.1974423109204555e-17,-4.263256414560587e-17,0.0,0.0002825427041935,0.3047619992156986,0.0012759491757042,0.0996012920185614,1.588969503411278,1101.105744551196,0.0,6113.828936271104,2478.732090512605,0.0,0.0,633.2046252984336,0.0,7434.325562273135,2486.759477679482,0.0,0.0,142.3885728474192,0.0,1703.266223132696,366.3403988085238,0.0,0.0,0.0,0.0,2322.3971735810173,0.0,0.0,0.0,0.0,0.0,2739.118444724458,0.0,0.0,0.0,0.0,0.0,0.0,0.0,0.0,0.0
129,3.1974423109204555e-17,-4.263256414560586e-17,0.0,-1.953992523340273e-17,0.3978398417740892,0.0151670959534889,0.3234396335750133,1.2755656288244386,1047.5627232318996,0.0,4984.153009554024,2029.278659586899,0.0,0.0,484.1235161395928,0.0,5866.350461865942,1884.86420397334,0.0,0.0,57.19091188337632,0.0,990.6950180644244,52.67583989258344,0.0,0.0,0.0,0.0,2222.093225044629,0.0,0.0,0.0,0.0,0.0,2603.2439516956874,0.0,0.0,0.0,0.0,0.0,0.0,0.0,0.0,0.0
130,3.1974423109204555e-17,-4.263256414560587e-17,0.0,-1.953992523340273e-17,0.4923221453685232,0.0324214333953494,0.8094140408831009,0.9920370407960944,388.6517325887281,0.0,1856.120469772207,753.7090201913076,0.0,0.0,178.55257739752778,0.0,2183.868361466444,698.865214176109,0.0,0.0,0.0,0.0,366.0802438871267,0.0,0.0,0.0,62.81163316214416,0.0,2264.530004463541,0.0,0.0,0.0,0.0,0.0,2571.330595076205,0.0,0.0,0.0,0.0,0.0,0.0,0.0,0.0,0.0
131,3.1974423109204555e-17,-4.263256414560587e-17,0.0,-1.953992523340273e-17,0.5699325589922978,0.0492995090096846,1.6236417188240686,0.7458906897883711,272.5869752603438,0.0,2019.3378966215173,612.7106630023,0.0,0.0,16.92788796830728,0.0,2294.238830475524,447.2282385965161,0.0,0.0,0.0,0.0,104.7653005517865,0.0,0.0,0.0,503.23176794001785,0.0,2985.3430576117908,0.0,0.0,0.0,0.0,0.0,3364.5393821732023,0.0,0.0,0.0,0.0,0.0,0.0,0.0,0.0,0.0
132,3.1974423109204555e-17,-4.263256414560587e-17,0.0,-1.953992523340273e-17,0.5937231619509993,0.0730719852159474,2.8008184077508376,0.5100732595440259,712.8293848846839,0.0,5661.778230955765,1628.700009403221,0.0,0.0,0.1166666666666666,0.0,6406.304800909401,1099.752442825704,0.0,0.0,0.0,0.0,172.64803282809103,0.0,0.0,0.0,660.2286619216567,0.0,3588.524310038661,0.0,0.0,0.0,0.0,0.0,4171.002453879009,0.0,0.0,0.0,0.0,0.0,0.0,0.0,0.0,0.0
133,3.1974423109204555e-17,-4.263256414560587e-17,0.0,-1.953992523340273e-17,0.6047736909368804,0.1013992458338878,4.3378039117437535,0.3100606229449074,663.2322759179349,0.0,5547.628126425965,1491.6346694095685,0.0,0.0,0.0,0.0,6263.768800573446,860.069777819221,0.0,0.0,0.0,0.0,37.59214001614379,0.0,0.0,0.0,617.6515852427988,0.0,3985.778921954826,0.0,0.0,0.0,0.0,0.0,4578.012906663288,0.0,0.0,0.0,0.0,0.0,38.46892493227248,1.6798657175664835,0.0,0.0
134,3.1974423109204555e-17,-4.263256414560587e-17,0.0,0.0001093585693079,0.6219963336715937,0.1331558001583384,6.041759376980569,0.1710413765301532,607.4252223362026,0.0,5318.288414998988,1299.6123041400583,0.0,0.0,0.0,0.0,6021.134621469095,717.7611419727751,0.0,0.0,0.0,0.0,30.916370492424544,0.0,0.0,0.0,602.6652604068546,0.0,4687.445518205068,0.0,0.0,0.0,0.0,0.0,5339.924398007107,0.0,0.0,0.0,0.0,0.0,356.4758501098212,86.58699224477776,0.0,0.0
135,3.1974423109204555e-17,-4.263256414560587e-17,0.0,0.0017561163588039,0.64358582964237,0.1657396590697685,7.711002273872982,0.0801015300996739,294.0212474225024,0.0,3718.979466131559,182.4146981214485,0.0,0.0,0.0,0.0,4272.289984091126,51.21820377594682,0.0,0.0,0.0,0.0,2.2061391614785006,0.0,0.0,0.0,786.3749625829591,0.0,6399.57739087384,415.8609496659968,0.0,0.0,0.0,0.0,7357.122268450144,504.98502415874657,0.0,0.0,0.0,0.0,1194.9740006527054,555.9850602390092,0.0,0.0
136,3.1974423109204555e-17,-4.263256414560587e-17,0.0,0.0039833858870431,0.6035358337396122,0.1981207314418616,9.408155888573694,0.0236551652333792,33.59037771731561,0.0,2211.409387479238,0.6239698647179371,0.0,0.0,0.0,0.0,2838.3785646374145,0.0,0.0,0.0,0.0,0.0,0.0,0.0,0.0,0.0,815.5784367926077,0.0,8120.257179504885,2556.9426908391315,0.0,0.0,0.0,0.0,9429.207027068624,3338.8642775857297,0.0,0.0,0.0,0.0,2581.6574890740976,1461.3816529886903,0.0,0.0
137,3.1974423109204555e-17,-4.263256414560587e-17,0.0,0.0060607430431893,0.5503777957756001,0.2281251273624296,10.854071068691637,0.0017125167191243,0.0,0.0,1616.742700481446,0.0,0.0,0.0,0.0,0.0,2171.734035592496,0.0,0.0,0.0,0.0,0.0,0.0,0.0,0.0,0.0,637.1897138449882,0.0,8170.796842947946,2777.8653559008235,0.0,0.0,0.5190125689908961,0.0,9719.322633833825,3922.331468770656,0.0,0.0,0.0,0.0,3664.5270603291415,2290.8885591468347,45.4620185255333,0.0
138,3.1974423109204555e-17,-4.263256414560587e-17,0.0,0.0082237644119601,0.5041332554614483,0.2541578142815191,12.026741062594162,6.224354365258461e-15,0.0,0.0,1514.5290187453131,0.0,0.0,0.0,0.0,0.0,1976.731811404628,0.0,0.0,0.0,0.0,0.0,0.0,0.0,0.0,0.0,562.6760433323711,0.0,7471.463729452403,2384.614355566728,0.0,0.0,5.094645168503034,0.0,9015.10542959949,3574.4638353698792,0.0,0.0,0.0,0.0,4304.863210382352,2790.81517615252,244.5065753661488,0.0
139,3.1974423109204555e-17,-4.263256414560587e-17,0.0,0.0104510339401992,0.5300892714503462,0.2800074817674433,12.950440410467808,6.224354365258461e-15,0.0,0.0,1490.60989016324,0.0,0.0,0.0,0.0,0.0,1858.1933279636391,0.0,0.0,0.0,0.0,0.0,0.0,0.0,0.0,0.0,362.3417116099265,0.0,4607.971929904295,1438.2969307734886,0.0,0.0,10.56490070875548,0.0,5563.4503397535,2175.561101056692,0.0,0.0,0.0,0.0,2768.778387279215,1795.9461746508127,182.2972276435688,0.0
140,3.1974423109204555e-17,-4.263256414560587e-17,0.0,0.0137543390080124,0.5698951449872997,0.2979300856673845,13.329452750338096,6.224354365258461e-15,0.0,0.0,1470.416098661694,0.0,0.0,0.0,0.0,0.0,1793.7934110358797,0.0,0.0,0.0,0.0,0.0,0.0,0.0,0.0,0.0,449.0130624926111,0.0,5006.330729354192,1494.250825380877,0.0,0.0,67.8231065697769,0.0,6030.396524715554,2257.0186071734,0.0,0.0,0.0,0.0,2870.275455161448,1917.658904844754,142.87050128076197,0.0
141,3.1974423109204555e-17,-4.263256414560587e-17,0.0,0.0188107079202657,0.606015871441597,0.3023380827627916,13.26674809427323,6.224354365258461e-15,0.0,0.0,1437.8933200977938,0.0,0.0,0.0,0.0,0.0,1741.1733062184535,0.0,0.0,0.0,0.0,0.0,0.0,0.0,0.0,0.0,610.7385094179843,0.0,6300.979880049932,1824.446798911082,0.0,0.0,131.68014509009808,0.0,7578.836169329766,2753.5787268238764,0.0,0.0,0.1425201587011916,0.0,3500.1856736142454,2386.690141268602,134.84991620993142,0.0
142,3.1974423109204555e-17,-4.263256414560587e-17,0.0,0.0233179634152823,0.6878803325980092,0.298087572797343,12.6445992922473,6.224354365258461e-15,0.0,0.0,1302.666341040496,0.0,0.0,0.0,0.0,0.0,1618.7752897095368,0.0,0.0,0.0,0.0,0.0,0.0,0.0,0.0,0.0,836.384680305117,0.0,7379.2733643404035,2065.646999551996,0.0,0.0,230.47229984529392,0.0,9047.88472831122,3324.216053101788,0.0,0.0,63.39793764935172,0.0,4340.058267683906,3013.057307561863,268.14992030402624,0.0
143,3.1974423109204555e-17,-4.263256414560588e-17,0.0,0.0280130212225913,0.7824305598936904,0.2905095847574759,11.505599370553716,6.224354365258461e-15,0.0,0.0,1109.3413901003262,0.0,0.0,0.0,0.0,0.0,1438.7840704339646,0.0,0.0,0.0,0.0,0.0,0.0,0.0,0.0,0.0,1017.0939633102768,0.0,7900.77755731449,2439.961256739796,0.0,0.0,170.60452766396554,0.0,9426.070306529336,3508.381168658443,0.0,0.0,50.3803516687286,0.0,3414.002390910057,2255.532705902588,150.1722020894795,0.0
144,3.1974423109204555e-17,-4.263256414560587e-17,0.0,0.0327493955386046,0.8574260196869129,0.2741735347271764,9.923104276868576,6.224354365258461e-15,0.0,0.0,919.3635556971052,0.0,0.0,0.0,0.0,0.0,1261.908912580083,0.0,0.0,0.0,0.0,0.0,0.0,0.0,0.0,0.0,1335.9269346886206,0.0,8457.64434186247,2691.1630695317804,0.0,0.0,45.91882740011893,0.0,9692.75983479166,3432.719365750864,0.0,0.0,0.0,0.0,2326.1530303625354,1404.3448412437235,0.0,0.0
145,3.1974423109204555e-17,-4.263256414560587e-17,0.0,0.0356289887346525,0.8399889603362733,0.2435326484651165,8.318899838280231,0.001175304402144,0.0,0.0,791.186806760933,0.0,0.0,0.0,0.0,0.0,1131.402358751595,0.0,0.0,0.0,0.0,0.0,0.0,0.0,0.0,0.0,1904.1959439088707,0.0,8838.085533756283,2662.586014487714,0.0,0.0,0.0,0.0,9730.162465300247,3075.4018440763966,0.0,0.0,0.0,0.0,1660.0193688122556,892.3701328872008,0.0,0.0
146,3.1974423109204555e-17,-4.263256414560586e-17,0.0,0.0396946545249169,0.7999866070725817,0.2130347314653722,6.727439572757988,0.0111787679003384,0.0,0.0,777.9038437512152,0.0,0.0,0.0,0.0,0.0,1088.2945227364185,0.0,0.0,0.0,0.0,0.0,0.0,0.0,0.0,0.0,1685.781829482844,0.0,8951.80310782354,1926.989472760695,0.0,0.0,0.0,0.0,9583.810510071837,2056.3704542575706,0.0,0.0,0.0,0.0,862.6799856854548,383.357354132538,0.0,0.0
147,3.1974423109204555e-17,-4.263256414560587e-17,0.0,0.0428411669501661,0.7601520341473553,0.1839226149884703,5.201045899194844,0.0327261034004361,0.0,0.0,765.0774900144561,0.0,0.0,0.0,0.0,0.0,1046.6859827866044,0.0,0.0,0.0,0.0,0.0,0.0,0.0,0.0,0.0,0.0833328873785938,0.0,8403.657108035666,0.095227287393701,0.0,0.0,0.0,0.0,8986.055896102776,0.1016070110381673,0.0,0.0,0.0,0.0,0.0426035782359389,0.0189229091149471,0.0,0.0
148,3.1974423109204555e-17,-4.263256414560587e-17,0.0,0.0455016997076412,0.7203160683225648,0.1626627488172764,4.016555122588344,0.0714254576466386,0.0,0.0,886.763190705785,0.0,0.0,0.0,0.0,0.0,1143.6762079706098,0.0,0.0,0.0,0.0,0.0,0.0,0.0,0.0,0.0,0.0,0.0,7811.262499420849,0.0,0.0,0.0,0.0,0.0,8340.486952870328,0.0,0.0,0.0,0.0,0.0,0.0,0.0,0.0,0.0
149,3.1974423109204555e-17,-4.263256414560587e-17,0.0,0.0483022605049834,0.6097635871957789,0.1284794332026584,2.919195200306601,0.1552548242434803,0.8354256348124135,0.0,2663.5431423036184,18.435059008193925,0.0,0.0,0.0,0.0,3115.5250345335617,3.564482708532964,0.0,0.0,0.0,0.0,0.0,0.0,0.0,0.0,0.0,0.0,7169.971143652392,0.0,0.0,0.0,0.0,0.0,7641.579693995263,0.0,0.0,0.0,0.0,0.0,0.0,0.0,0.0,0.0
150,3.1974423109204555e-17,-4.263256414560587e-17,0.0,0.0500943286996287,0.4723100885300009,0.0956129545186636,2.011530975958572,0.290575528758263,4.167009380069705,0.0,3231.7961015210603,91.9520069868715,0.0,0.0,0.0,0.0,3804.46537280959,17.77924002163074,0.0,0.0,0.0,0.0,0.0,0.0,0.0,0.0,0.0,0.0,6892.9223142976325,0.0,0.0,0.0,0.0,0.0,7339.625879830694,0.0,0.0,0.0,0.0,0.0,0.0,0.0,0.0,0.0
151,3.1974423109204555e-17,-4.263256414560587e-17,0.0,0.0500155279473863,0.3610326478006664,0.078778951534884,1.2824746238199194,0.4510367546759842,105.05058372678846,0.0,4897.708931710765,1166.4579888476335,0.0,0.0,0.0,0.0,5833.470760075596,1018.8737842921912,0.0,0.0,0.0,0.0,185.27616244692007,0.0,0.0,0.0,0.0,0.0,5889.330704721715,0.0,0.0,0.0,0.0,0.0,6248.834422601865,0.0,0.0,0.0,0.0,0.0,0.0,0.0,0.0,0.0
152,3.1974423109204555e-17,-4.263256414560587e-17,0.0,0.0475905885847177,0.2542430431644536,0.0632333680265788,0.7335552655240897,0.6289105266603053,180.9863230608889,0.0,5879.382220336635,2009.8044703669773,0.0,0.0,0.0,0.0,7088.245297728842,1944.1359965975253,0.0,0.0,0.0,0.0,446.16797566397054,0.0,0.0,0.0,0.0,0.0,4931.187672777427,0.0,0.0,0.0,0.0,0.0,5239.406172691376,0.0,0.0,0.0,0.0,0.0,0.0,0.0,0.0,0.0
153,3.1974423109204555e-17,-4.263256414560587e-17,0.0,0.0429424813554817,0.143996599255816,0.0461330372022676,0.3570498756466684,0.8470088754395219,312.14701702919393,0.0,6380.53438496509,2524.3204673660034,0.0,0.0,1.087195999351374,0.0,7721.146104843512,2489.343619469323,0.0,0.0,0.0,0.0,774.7199898492178,0.0,0.0,0.0,0.0,0.0,3680.7598160063694,0.0,0.0,0.0,0.0,0.0,3955.1604499833984,0.0,0.0,0.0,0.0,0.0,0.0,0.0,0.0,0.0
154,3.1974423109204555e-17,-4.263256414560586e-17,0.0,0.0381065718139534,0.0432747628252004,0.0548383227101973,0.1680334102363922,1.0734754350981417,446.2764670225844,0.0,6581.511222372908,2719.253833537511,0.0,0.0,14.930420368495104,0.0,7950.803384611945,2711.062518272064,0.0,0.0,0.0,0.0,982.9564368243028,0.0,0.0,0.0,0.0,0.0,3047.531585737012,0.0,0.0,0.0,0.0,0.0,3289.3968254630568,0.0,0.0,0.0,0.0,0.0,0.0,0.0,0.0,0.0
155,3.1974423109204555e-17,-4.263256414560588e-17,0.0,0.0335512125687706,0.0159911106312315,0.0866847699269109,0.1349473283641204,1.2526590317448585,577.7380633266339,0.0,6771.932787333079,2921.7234476139038,0.0,0.0,62.65866960363854,0.0,8197.76673510575,2975.6109564862704,2.3422414683862973,0.0,2.3422414683862973,0.0,1312.4656123461327,53.26824915223987,3.7972702593535415,0.0,0.0,0.0,2257.646252907928,0.0,0.0,0.0,0.0,0.0,2436.8182780900247,0.0,0.0,0.0,0.0,0.0,0.0,0.0,0.0,0.0
156,3.1974423109204555e-17,-4.263256414560587e-17,0.0,0.0271943123888791,0.0131059308942146,0.1216269681538737,0.1257126077468097,1.3902428159433546,79.55395788105247,0.0,5704.802010445795,2458.1427970507025,0.0,0.0,212.48281160292484,0.0,7945.413866894938,3560.559530624407,175.20712456715506,0.0,44.12146924965587,0.0,4954.662232997572,2162.4317166020155,333.3411688442799,0.0,0.0,0.0,1405.5577955438373,0.0,0.0,0.0,0.0,0.0,1538.2191876101308,0.0,0.0,0.0,0.0,0.0,0.0,0.0,0.0,0.0
157,3.1974423109204555e-17,-4.263256414560588e-17,0.0,0.0218863826312292,0.0117434103787398,0.153962477222592,0.1086790565182735,1.483949037836552,82.35048726616886,0.0,4784.958587271106,1840.405851354013,0.0,0.0,189.91437445525452,0.0,6936.978195891974,3179.6471966727613,166.7643142622385,0.0,34.148443125648164,0.0,5351.3681134396265,2658.3008375744625,558.7617655424384,0.0,0.0,0.0,2835.717294409784,0.0,0.0,0.0,0.0,0.0,3161.324942230601,0.0,0.0,0.0,0.0,0.0,0.0,0.0,0.0,0.0
158,3.1974423109204555e-17,-4.263256414560586e-17,0.0,0.0170924815016611,0.0096261040465139,0.1829256298803994,0.0881545891372361,1.5207771247820137,98.624178563823,0.0,3008.153378765791,1148.567346364809,0.0,0.0,177.23365667767334,0.0,4326.96744728374,1985.6074316733116,95.56512536507888,0.0,25.90737501524101,0.0,3244.724453454439,1598.4133772420314,326.230964111705,0.0,0.0,0.0,2775.9790089055905,0.0,0.0,0.0,0.0,0.0,3123.380497979704,0.0,0.0,0.0,0.0,0.0,0.0,0.0,0.0,0.0
159,3.1974423109204555e-17,-4.263256414560587e-17,0.0,0.0120514720664451,0.0073996582126269,0.2121614088948845,0.0704361632890379,1.466943053394024,114.10527244671876,0.0,4423.233894104265,1693.155465523657,0.0,0.0,165.18786701872676,0.0,6187.630652217098,2816.7950287142035,107.20332580011332,0.0,18.08297417824534,0.0,4129.301106455318,1937.4275518904924,334.2022460161536,0.0,0.0,0.0,2523.8910508838258,0.0,0.0,0.0,0.0,0.0,2872.2355239893554,0.0,0.0,0.0,0.0,0.0,0.0,0.0,0.0,0.0
160,3.1974423109204555e-17,-4.263256414560587e-17,0.0,0.0072081492757475,0.0052605239800688,0.2173852949501669,0.0711529661387054,1.3545605744028295,170.04818100576426,0.0,5800.123238167477,2233.486091770897,0.0,0.0,180.3319012694752,0.0,7958.416294783332,3580.325765543304,104.65684027427184,0.0,10.195163978305402,0.0,4838.260054353175,2167.5885386471477,310.56046675913643,0.0,0.0,0.0,1305.6374730667064,0.0,0.0,0.0,0.0,0.0,1486.2062441307023,0.0,0.0,0.0,0.0,0.0,0.0,0.0,0.0,0.0
161,3.1974423109204555e-17,-4.263256414560587e-17,0.0,0.002321509852648,0.0033645976181379,0.2129818249435224,0.1514479644776246,1.1995787098065338,423.2649785444524,0.0,6283.3538007442985,2487.2010157392365,0.0,0.0,330.9020052257275,0.0,8310.414424173368,3572.121531066558,20.870751287223825,0.0,6.295731262533701,0.0,4036.800007154288,1562.9835426252896,96.21777764363642,0.0,0.0,0.0,772.3233727207771,0.0,0.0,0.0,0.0,0.0,882.5893833789032,0.0,0.0,0.0,0.0,0.0,0.0,0.0,0.0,0.0
162,0.0009137192995896,0.0053928722814148,0.0,-2.1316282072802932e-17,0.0103985597647082,0.2084602274762565,0.3989039498964247,1.0135385219964892,620.8097413727023,0.0,6750.456555877498,2754.75507785392,0.0,0.0,396.6213973845989,0.0,8680.592150986013,3685.08008063898,0.0,0.0,1.1351696331386347,0.0,3127.6271413021814,924.814634339532,8.892162126252638,0.0,0.0,0.0,1141.6113532451668,0.0,0.0,0.0,0.0,0.0,1344.3150066272956,0.0,0.0,0.0,0.0,0.0,0.0,0.0,0.0,0.0
163,0.0102512880598006,0.0507053887774086,0.0,-2.1316282072802932e-17,0.0238426567176103,0.2059446671271527,0.7935819961177902,0.8043560118456725,632.4994973966247,0.0,6682.732217581215,2730.562626128437,0.0,0.0,382.12705738229033,0.0,8545.830841389099,3608.215993893838,0.0,0.0,0.0,0.0,2828.796027064036,755.7491773325418,0.0,0.0,2.4532556243972445,0.0,1753.4975237176536,0.0,0.0,0.0,0.0,0.0,2092.5722360506147,0.0,0.0,0.0,0.0,0.0,0.0,0.0,0.0,0.0
164,0.0226054678006644,0.1089698206245847,0.0,-2.1316282072802932e-17,0.038928618777411,0.18229838663123,1.4234279921418311,0.5864004395989185,512.6824211415396,0.0,6340.746292510811,2452.668494941376,0.0,0.0,226.5842237571541,0.0,8039.151152966374,3188.823525689664,0.0,0.0,0.0,0.0,2162.0399144442804,448.10507603602457,0.0,0.0,36.641052697607535,0.0,2398.179387121256,0.0,0.0,0.0,0.0,0.0,2893.007483504023,0.0,0.0,0.0,0.0,0.0,0.0,0.0,0.0,0.0
165,0.0354588063189368,0.1695883709302323,0.0,-2.1316282072802932e-17,0.0546241146578096,0.1469623107707647,2.3379979019850508,0.3927679094800726,378.72128843668617,0.0,6615.332937119086,2338.028914490759,0.0,0.0,45.440559409361015,0.0,8309.957642011526,2923.393740969713,0.0,0.0,0.0,0.0,1440.688921167338,89.85905152501603,0.0,0.0,208.29020226052972,0.0,2927.373466960364,0.0,0.0,0.0,0.0,0.0,3515.884171030451,0.0,0.0,0.0,0.0,0.0,0.0,0.0,0.0,0.0
166,0.0483121448372092,0.2302069212358799,0.0,-2.1316282072802932e-17,0.0703196105382082,0.1116262349102994,3.537247536317488,0.2428084563907042,270.1489636591364,0.0,6610.836994651168,2171.015753275371,0.0,0.0,0.0,0.0,8274.415847187225,2573.7462356375686,0.0,0.0,0.0,0.0,1007.7295093210068,0.0,0.0,0.0,406.3032911792216,0.0,3367.1426993295013,0.0,0.0,0.0,0.0,0.0,4010.395294268772,0.317201145752005,0.0,0.0,0.0,0.0,24.466577942984408,0.0,0.0,0.0
167,0.0610406936611295,0.29023694192691,0.0,-2.1316282072802932e-17,0.0931235185760961,0.083928969031173,4.923485443591713,0.1276633185910862,234.93949120443125,0.0,6451.802024909252,1998.4010994450027,0.0,0.0,0.0,0.0,7997.607441294256,2283.6070696107968,0.0,0.0,0.0,0.0,802.330181529977,0.0,0.0,0.0,466.915967147929,0.0,4221.969070745297,49.72904590032064,0.0,0.0,0.0,0.0,4917.023526629694,61.4550157190556,0.0,0.0,0.0,0.0,241.88206203500576,0.0896793743855483,0.0,0.0
168,0.0721563773179256,0.341766651780442,0.0,-2.1316282072802932e-17,0.1180980730608142,0.0704666399800672,6.131882193795172,0.0516247391128187,197.24934633709327,0.0,6281.844717964753,1813.8597120129127,0.0,0.0,0.0,0.0,7701.829347486471,1973.4716820867975,0.0,0.0,0.0,0.0,582.7702296180628,0.0,0.0,0.0,299.3946255538248,0.0,6103.796382920741,884.641952423315,0.0,0.0,0.0,0.0,7052.31671852255,945.3760076399964,0.0,0.0,0.0,0.0,760.1969499196085,25.46811043336272,0.0,0.0
169,0.0751233959999999,0.3542948280000001,0.0,-2.1316282072802932e-17,0.1397801078671123,0.0571638341764239,7.4255502492936145,0.0166972786321523,153.41285000353395,0.0,6070.577120566636,1588.421634725633,0.0,0.0,0.0,0.0,7340.325263202365,1601.2583998843406,0.0,0.0,0.0,0.0,328.3150576906974,0.0,0.0,0.0,219.83173441212355,0.0,6974.08559831118,1516.1004849739934,0.0,0.0,0.0,0.0,8090.615935673924,1594.9843805785656,0.0,0.0,0.0,0.0,955.2962677390354,61.65055873948501,0.0,0.0
170,0.0751233959999999,0.3542948280000001,0.0,-2.1316282072802932e-17,0.160041341541531,0.0661706620863793,8.553990479142852,0.0041029657146244,52.87831467620498,0.0,4388.302217879932,420.6229576516306,0.0,0.0,0.0,0.0,5071.07955222892,278.2120419895785,0.0,0.0,0.0,0.0,0.0,0.0,0.0,0.0,0.0,0.0,6996.200753667948,1542.2335451579786,0.0,0.0,0.0,0.0,8251.054685395555,1851.8031050595043,0.0,0.0,0.0,0.0,1554.1746534217616,492.0144740400962,0.0,0.0
171,0.0751233959999999,0.3542948280000001,0.0,-2.1316282072802932e-17,0.1785875117836574,0.084184857568107,9.359180916580463,0.0011568787176145,0.0,0.0,2540.633453881017,0.0,0.0,0.0,0.0,0.0,2967.2395202276675,0.0,0.0,0.0,0.0,0.0,0.0,0.0,0.0,0.0,0.0,0.0,7033.513252787262,1586.3902204452338,0.0,0.0,0.0,0.0,8522.30711173673,2286.106944964561,0.0,0.0,0.0,0.0,2566.9271198738534,1219.723393398226,0.0,0.0
172,0.0747355842251162,0.351690751253422,0.0,-2.1316282072802932e-17,0.2166825683505677,0.120276129358406,9.924078839078268,8.731160198260308e-07,0.0,0.0,2025.260302611643,0.0,0.0,0.0,0.0,0.0,2548.923252897,0.0,0.0,0.0,0.0,0.0,0.0,0.0,0.0,0.0,0.0,0.0,7068.20234718301,1627.305972505554,0.0,0.0,0.0,0.0,8773.886124228833,2688.855445817494,0.0,0.0,0.0,0.0,3506.0991989204654,1894.596306102061,13.460115635020893,0.0
173,0.0658704254950165,0.3082976761395345,0.0,-2.1316282072802932e-17,0.2910688896964811,0.1881044104329572,10.10343951980252,6.536993168992897e-15,0.0,0.0,1480.5446967385308,0.0,0.0,0.0,0.0,0.0,2082.771394762108,0.0,0.0,0.0,0.0,0.0,0.0,0.0,0.0,0.0,0.0,0.0,7129.196529455446,1699.2708743465928,0.0,0.0,0.0,0.0,9216.377439549962,3397.291730459839,0.0,0.0,0.0,0.0,5158.118071253147,3081.653492003486,379.0647133853677,0.0
174,0.0533752155528238,0.2442380603083051,0.0,-2.1316282072802932e-17,0.3581876075083081,0.2487416915481728,9.99514443115216,6.536993168992897e-15,0.0,0.0,1382.412599549033,0.0,0.0,0.0,0.0,0.0,1910.6735024860552,0.0,0.0,0.0,0.0,0.0,0.0,0.0,0.0,0.0,0.0,0.0,7315.56508173992,1873.3124635654156,0.0,0.0,0.0,0.0,9615.001462355836,3900.202778943079,0.0,0.0,0.0,0.0,5691.892586759109,3496.387028607721,440.1076320631376,0.0
175,0.0487116365980067,0.1859292313355477,0.0,-2.1316282072802932e-17,0.4224382380598028,0.3067347161063121,9.483191131091257,6.536993168992896e-15,0.0,0.0,1242.147095629414,0.0,0.0,0.0,0.0,0.0,1673.6626248005127,0.0,0.0,0.0,0.0,0.0,0.0,0.0,0.0,0.0,0.0,0.0,7740.747301884033,2116.7168973273283,0.0,0.0,0.0,0.0,9959.60432799378,4116.3569167898,0.0,0.0,0.0,0.0,5144.275000873327,3123.040047161257,321.1553230783476,0.0
176,0.0460350418006645,0.1338754549036543,0.0,-2.1316282072802932e-17,0.4806841367840551,0.3593078318272421,8.613973730468569,6.536993168992897e-15,0.0,0.0,1175.0,0.0,0.0,0.0,0.0,0.0,1568.0,0.0,0.0,0.0,0.0,0.0,0.0,0.0,0.0,0.0,0.0,0.0,7847.417472113418,2155.9164926256863,0.0,0.0,0.0,0.0,10012.07554195616,4128.765408713367,0.0,0.0,0.0,0.0,5022.719704696207,3028.8568815058334,299.2385739957104,0.0
177,0.0432480719601329,0.0796751309900333,0.0,-2.1316282072802932e-17,0.5339391260707463,0.4066571587211253,7.447831233870628,6.5369931689928975e-15,0.0,0.0,965.9998152725868,0.0,0.0,0.0,0.0,0.0,1289.488299901053,0.0,0.0,0.0,0.0,0.0,0.0,0.0,0.0,0.0,231.64574663633488,0.0,8046.122340897851,2236.287573782847,0.0,0.0,0.0,0.0,9946.836961359058,3984.022562127984,0.0,0.0,0.0,0.0,4584.969142814179,2646.131849458836,224.7467440229646,0.0
178,0.041174998014618,0.0318401980518271,0.0,-2.1316282072802938e-17,0.5502690485687727,0.4199900170976746,6.333237535553492,0.0044987805953553,0.0,0.0,726.9611222739042,0.0,0.0,0.0,0.0,0.0,1014.0583662965532,0.0,0.0,0.0,0.0,0.0,0.0,0.0,0.0,0.0,582.420721291155,0.0,8159.880250021651,2309.0998263676547,0.0,0.0,0.0,0.0,9883.457355568911,3849.1349982473903,0.0,0.0,0.0,0.0,4084.6636777341832,2233.6731698957765,169.66250596306014,0.0
179,0.0473410091960134,0.0253211880797341,0.0,-2.1316282072802932e-17,0.5317037649568135,0.4022198364916952,5.253792087283841,0.0843349490041955,0.0,0.0,765.488143080461,0.0,0.0,0.0,0.0,0.0,1161.815148344199,0.0,0.0,0.0,0.0,0.0,0.0,0.0,0.0,0.0,669.6278193558026,0.0,8301.421281123721,2405.0061455273044,0.0,0.0,0.0,0.0,9962.411049201366,3905.995913604949,0.0,0.0,0.0,0.0,3879.891598988053,2112.2331157346407,142.63599214590448,0.0
180,0.0565513779498847,0.0302195029391294,0.0,-2.1316282072802932e-17,0.5099953003056517,0.3815753057250984,4.020813204195962,0.2316349001022644,0.0,0.0,733.9210319470573,0.0,0.0,0.0,0.0,0.0,1199.452260254929,0.0,0.0,0.0,0.0,0.0,0.0,0.0,0.0,0.0,710.2788303103395,0.0,8429.19608032554,2521.122772315572,0.0,0.0,0.0,0.0,10059.195098200067,3950.3158271321495,0.0,0.0,0.0,0.0,3643.664726646386,1929.6738725981909,120.73240386236604,0.0
181,0.0585119520000002,0.0312394319999999,0.0,-2.1316282072802932e-17,0.487311103798808,0.3696091675558811,2.945970213624723,0.3961403791128306,0.0,0.0,509.5031327844627,0.0,0.0,0.0,0.0,0.0,916.922761241292,0.0,0.0,0.0,0.0,0.0,0.0,0.0,0.0,0.0,682.3104858353853,0.0,8657.712012951351,2768.089036764829,0.0,0.0,0.0,0.0,10341.310036455054,4061.883084194951,0.0,0.0,0.0,0.0,2953.642910230412,1394.6166228518152,3.686431918936036,0.0
182,0.0585119520000002,0.0312394319999999,0.0,-2.1316282072802932e-17,0.441683708755434,0.3488611486828522,2.250487909119349,0.5375077688065489,0.0,0.0,524.4340669697724,0.0,0.0,0.0,0.0,0.0,919.5555203691556,0.0,0.0,0.0,0.0,0.0,0.0,0.0,0.0,0.0,672.5097358473257,0.0,8654.80087338216,2755.2425532244742,0.0,0.0,0.0,0.0,10333.090316409389,4053.951963173517,0.0,0.0,0.0,0.0,2859.8458975836597,1302.065094236135,0.0,0.0
183,0.0585119520000002,0.0312394319999999,0.0,0.000955828654485,0.3528925295501684,0.2977611839103001,1.6780545293003344,0.7283716093873819,172.17719574945244,0.0,1939.523490188792,0.0,0.0,0.0,0.0,0.0,2183.991761265692,0.0,0.0,0.0,0.0,0.0,0.0,0.0,0.0,0.0,465.6968001273845,0.0,8169.43374857479,2190.8581463804453,0.0,0.0,0.0,0.0,9826.71026484266,3091.636457872114,0.0,0.0,0.0,0.0,1967.1205207525095,775.722295808829,0.0,0.0
184,0.0571918709187326,0.030511222831587,0.0,0.0061805905714285,0.2673258835215965,0.2542699161926918,1.0853199381183256,1.1285265243956106,259.8807524230169,0.0,3079.5259409721407,0.0,0.0,0.0,0.0,0.0,3379.1014440559807,0.0,0.0,0.0,0.0,0.0,0.0,0.0,0.0,0.0,396.63546174788286,0.0,7758.04465155632,1784.60059638822,0.0,0.0,0.0,0.0,9193.733519912064,2388.33285374909,0.0,0.0,0.0,0.0,1487.721584003887,505.8720990786581,0.0,0.0
185,0.0487857690897011,0.0260007359202657,0.0,0.011358745116279,0.1927930763720962,0.2168811940066445,0.6747624392266924,1.5340492552577991,287.8424949438912,0.0,3204.543230410321,0.0,0.0,0.0,0.0,0.0,3557.912393169549,0.0,0.0,0.0,0.0,0.0,0.0,0.0,0.0,0.0,317.1063751564254,0.0,7123.5430693551725,1187.7405139678344,0.0,0.0,0.0,0.0,8206.842085780965,1432.7362746644974,0.0,0.0,0.0,0.0,799.2716012708954,150.75745604878904,0.0,0.0
186,0.0392605676013289,0.0209152469900332,0.0,0.0164845950697674,0.1190131258604678,0.1795375569732265,0.4003426693648631,1.9559223365886336,369.33694645837113,0.0,3491.779624642856,513.3757075940897,0.0,0.0,21.929520915848297,0.0,4004.181171028581,186.68207548875984,0.0,0.0,0.0,0.0,150.13287396234605,0.0,0.0,0.0,194.67593272846477,0.0,6366.032317433795,639.285728869439,0.0,0.0,0.0,0.0,6965.59119412826,609.2337461139773,0.0,0.0,0.0,0.0,257.09714934379764,12.654771581638538,0.0,0.0
187,0.0291521905116279,0.0155184015946843,0.0,0.0219242725714285,0.0412337662754362,0.1305132044944533,0.1867449684894407,2.5222896011035,416.3325347653053,0.0,3657.435545095856,913.0,0.0,0.0,39.0,0.0,4261.557267791892,332.0,0.0,0.0,0.0,0.0,267.0,0.0,0.0,0.0,123.0857272362054,0.0,5944.4223028030565,361.2866279641533,0.0,0.0,0.0,0.0,6330.1103413270175,253.61909078735133,0.0,0.0,0.0,0.0,79.92844073298345,0.0,0.0,0.0
188,0.0197241849568106,0.0104848054086378,0.0,0.0269978179335548,0.0024137614177009,0.099180494054063,0.0541432643594101,3.233048574506503,1035.515773076099,0.0,4812.480644609157,1698.870434969758,0.0,0.0,555.8068963868463,0.0,5915.92692676495,1370.212966493336,0.0,0.0,149.88716809319357,0.0,1248.3167127061995,204.58336321260265,0.0,0.0,16.016992666580734,0.0,4772.748542285878,27.45351998590805,0.0,0.0,0.0,0.0,5089.980733836697,0.3184107502372923,0.0,0.0,0.0,0.0,0.1003476303778127,0.0,0.0,0.0
189,0.0104905712691029,0.0055549947109633,0.0,0.0310365932280633,0.0042782684651186,0.0997773916544858,0.0012272399812411,3.925335639953889,1281.6719134750308,0.0,5167.122255280833,1985.324218257534,0.0,0.0,836.3423077434295,0.0,6393.003918695747,1802.235204391853,0.0,0.0,283.8278825964382,0.0,1892.5085793875496,484.5794533390232,10.641094655505476,0.0,0.0,0.0,3442.030725678171,0.0,0.0,0.0,0.0,0.0,3801.2478598601824,0.0,0.0,0.0,0.0,0.0,0.0,0.0,0.0,0.0
190,0.0015484969294508,0.0008011154363884,0.0,0.031487364,0.0065047142990056,0.1015748865413333,2.1227464230832927e-15,4.512847442917347,1608.0640829160543,556.6499299164652,5104.235040490149,1574.1385489191846,0.0,0.0,908.1372120529608,0.0,6110.724869901347,1361.5997899978452,0.0,0.0,353.1557734025633,0.0,1808.8235303297477,644.9924396767776,107.02736986254024,0.0,0.0,0.0,2715.030284472962,0.0,0.0,0.0,0.0,0.0,3106.54444927193,0.0,0.0,0.0,0.0,0.0,0.0,0.0,0.0,0.0
191,3.375077994860477e-17,-9.414691248821305e-17,0.0,0.031487364,0.0087748159335571,0.0939939383213193,2.1227464230832927e-15,4.978302578835844,1442.330047775086,690.3723143383245,3873.178698965688,1087.7569874882156,0.0,0.0,712.8932023586016,0.0,4524.497629319543,886.4017149243225,0.0,0.0,235.8971698133497,0.0,1131.294172102348,358.3201420717314,11.91004789414692,0.0,0.0,0.0,2518.1031369057987,0.0,0.0,0.0,0.0,0.0,2965.467893886367,0.0,0.0,0.0,0.0,0.0,0.0,0.0,0.0,0.0
192,3.375077994860477e-17,-9.414691248821304e-17,0.0,0.031487364,0.0110012617674441,0.0794453202657813,2.1227464230832927e-15,5.362574751322814,1411.4756214895149,830.7009021495766,3179.916317959809,691.6099578835516,0.0,0.0,570.0572681338875,0.0,3615.989888052005,496.1360662662124,0.0,0.0,132.18843849110854,0.0,772.3854863393444,178.69432818826766,0.0,0.0,0.0,0.0,2170.0983963746603,0.0,0.0,0.0,0.0,0.0,2740.0,0.0,0.0,0.0,0.0,0.0,0.0,0.0,0.0,0.0
193,3.375077994860477e-17,-9.414691248821304e-17,0.0,0.0303169615659367,0.0128731155877709,0.0653996841727581,2.1227464230832927e-15,5.573722847727458,2493.5169712980787,1693.837947792975,4850.222143788025,692.7217693100263,0.0,0.0,838.3283164215105,0.0,5362.480045626647,350.19231599922665,0.0,0.0,85.42983070104185,0.0,931.5400740075876,93.0194547399518,0.0,0.0,0.0,0.0,1896.872326822966,0.0,0.0,0.0,0.0,0.0,2508.2609770269137,0.0,0.0,0.0,0.0,0.0,0.0,0.0,0.0,0.0
194,3.375077994860477e-17,-9.414691248821304e-17,0.0,0.0254113826112957,0.0131403960000023,0.0512107252624592,2.1227464230832927e-15,5.416187353178487,2207.8365797346405,1487.4949390839386,4847.999417703478,684.1605831275951,0.0,0.0,815.9159911352508,0.0,5456.433506373895,376.9044588450981,0.0,0.0,56.96961784848274,0.0,1084.1782196465465,208.565160078497,0.0,0.0,0.0,0.0,1106.249346297311,0.0,0.0,0.0,0.0,0.0,1472.2783796344884,0.0,0.0,0.0,0.0,0.0,0.0,0.0,0.0,0.0
195,3.375077994860477e-17,-9.414691248821304e-17,0.0,0.0202332280664452,0.0131403960000023,0.0367489554207072,0.0096374256413337,5.101339768143749,2140.229542152558,1369.7531731635083,4897.56642623954,772.345387601868,0.0,0.0,813.2003503594942,0.0,5534.112242497758,455.2015714404459,0.0,0.0,83.80951185836719,0.0,1179.7569544126131,250.04954662396045,0.0,0.0,0.0,0.0,1266.5346581834322,0.0,0.0,0.0,0.0,0.0,1697.7115430492784,0.0,0.0,0.0,0.0,0.0,0.0,0.0,0.0,0.0
196,3.375077994860477e-17,-9.414691248821304e-17,0.0,0.015211987295681,0.0131403960000023,0.0231714159222457,0.0691754114559998,4.716755493831919,2142.8640571652986,1356.3994534590245,4926.835301512203,815.3915152147555,0.0,0.0,816.2636739173398,0.0,5567.269921716502,503.9189648518524,0.0,0.0,85.48691129501874,0.0,1183.4617080778346,246.43036255275152,0.0,0.0,0.0,0.0,1366.9165125826576,0.0,0.0,0.0,0.0,0.0,1838.168747060604,0.0,0.0,0.0,0.0,0.0,0.0,0.0,0.0,0.0
197,3.375077994860477e-17,-9.414691248821304e-17,0.0,0.0101907465249169,0.0140492166419441,0.0174949486481801,0.1936918613910116,4.2176667837347726,1445.8601509430928,894.6518119683803,3353.034521460466,610.7245172284161,0.0,0.0,553.1428078772832,0.0,3788.3226276443593,410.4902948722973,0.0,0.0,15.36403509469294,0.0,797.5605097030061,41.25847626552374,0.0,0.0,0.0,0.0,1661.521118760525,0.0,0.0,0.0,0.0,0.0,2245.1784152183104,0.0,0.0,0.0,0.0,0.0,0.0,0.0,0.0,0.0
198,0.0026742413849074,0.0038032321651636,0.0,0.0046987644318936,0.0240403433621285,0.0195619171694358,0.4854251743868079,3.454308986337222,524.3606496526246,324.44503807759054,1216.0277581292971,221.50772733797035,0.0,0.0,200.6050493923305,0.0,1373.8920771971991,148.8573057165357,0.0,0.0,0.0,0.0,289.234880884344,0.0,0.0,0.0,0.0,0.0,1669.9813594547177,0.0,0.0,0.0,0.0,0.0,2194.093728152472,0.0,0.0,0.0,0.0,0.0,0.0,0.0,0.0,0.0
199,0.0123891867508306,0.0180249035083055,0.0,0.000284407672538,0.0413791716406968,0.020845264052906,1.127695055755534,2.562862655718687,95.89147776672904,52.36084110787704,303.64703164484825,62.52376902707027,0.0,0.0,32.38354603047158,0.0,334.785993565454,39.8039567120064,0.0,0.0,0.0,0.0,46.6720362627635,0.0,0.0,0.0,1.9190036064439309,0.0,1963.586689391347,0.0,0.0,0.0,0.0,0.0,2333.7609387164,0.0,0.0,0.0,0.0,0.0,0.0,0.0,0.0,0.0
200,0.0214177005448505,0.0312880299667773,0.0,8.688103382661718e-05,0.0647728527707664,0.0208860058405321,2.0166217910051363,1.879456631901251,108.4960932033458,39.71589990332527,570.8785090332774,132.3051479914649,0.0,0.0,24.54663257913853,0.0,612.4605077525226,80.24752366800264,0.0,0.0,0.0,0.0,35.39495708976904,0.0,0.0,0.0,7.540818496275179,0.0,2139.0786774105018,0.0,0.0,0.0,0.0,0.0,2458.449209170996,0.0,0.0,0.0,0.0,0.0,0.0,0.0,0.0,0.0
201,0.0302600594152824,0.0442776899003321,0.0,0.0016383280664451,0.0878568869900355,0.0203657944045344,3.265269898993943,1.3117038127785925,311.15460828786536,21.74333749343515,2720.1901468077394,670.4208969677246,0.0,0.0,13.438590534137,0.0,2868.444250702976,393.81479006705774,0.0,0.0,0.0,0.0,19.377742905029013,0.0,0.0,0.0,51.412421001692216,0.0,1981.144405179048,0.0,0.0,0.0,0.0,0.0,2266.0882169078027,0.0,0.0,0.0,0.0,0.0,104.60072510777132,47.600520712236445,0.0,0.0
202,0.0399401154418605,0.0584979491960132,0.0,0.003822765488372,0.1131278297142879,0.0182695407308976,4.841892375518837,0.7527509097100367,515.4713247574567,0.0,5302.846776657499,1199.4703766784642,0.0,0.0,0.0,0.0,5500.434722732368,550.4088665433025,0.0,0.0,0.0,0.0,0.0,0.0,0.0,0.0,452.45329438456537,0.0,3094.8373827712367,0.0,0.0,0.0,0.0,0.0,3529.8676567968027,0.0,0.0,0.0,0.0,0.0,709.0727674920221,334.5240890537706,0.0,0.0
203,0.0492478616212625,0.0721712754418603,0.0,0.0059231860863787,0.1414236409808463,0.0222955133684886,6.471537117277159,0.3345489991596908,407.2796445414584,0.0,5048.487029128848,929.084318257257,0.0,0.0,0.0,0.0,5163.616498624266,208.4226683948304,0.0,0.0,0.0,0.0,0.0,0.0,0.0,0.0,1045.1486011506288,0.0,5412.828580721848,0.0,0.0,0.0,0.0,0.0,6187.198494831512,0.0,0.0,0.0,0.0,0.0,1102.7465395820725,534.5509888896562,0.0,0.0
204,0.0557052891404164,0.0817863100448843,0.0,0.007939589860465,0.1707263046777433,0.0388882577541534,7.983843226166921,0.1301523648369493,0.0,0.0,3992.204526086561,0.0,0.0,0.0,0.0,0.0,4113.668239090177,0.0,0.0,0.0,0.0,0.0,0.0,0.0,0.0,0.0,1393.5773232909437,0.0,6630.422482722807,1731.9504361325671,0.0,0.0,0.0,0.0,7585.005534251293,1942.1005032907767,0.0,0.0,0.0,0.0,1289.411268821551,632.23781939729,0.0,0.0
205,0.0560326320000001,0.0823134239999999,0.0,0.0100400104584717,0.196220468571431,0.0568186140715268,9.371703736272806,0.0353576614977633,0.0,0.0,2015.4328627584573,0.0,0.0,0.0,0.0,0.0,2306.5979821054634,0.0,0.0,0.0,0.0,0.0,0.0,0.0,0.0,0.0,822.795495249476,0.0,3914.682070763137,1022.5940818918718,0.0,0.0,8.15862651961229,0.0,4478.204703851858,1146.6561989628835,0.0,0.0,0.0,0.0,761.2699961566569,373.3087124999472,0.0,0.0
206,0.0560326320000001,0.0823134239999999,0.0,0.0121264282524916,0.2138652371362151,0.0753910966644524,10.611957092305644,0.0074870155747617,0.0,0.0,1895.9712986000848,0.0,0.0,0.0,0.0,0.0,2231.4363917734127,0.0,0.0,0.0,0.0,0.0,0.0,0.0,0.0,0.0,516.2263774953107,0.0,2555.805373858322,683.1742937153883,0.0,0.0,37.019738592520646,0.0,2923.6665504142043,790.3593258760537,0.0,0.0,0.0,0.0,579.3418615693604,314.4535262144049,2.733784087342545,0.0
207,0.056032632,0.0823134239999999,0.0,0.012644532,0.2311259078724278,0.0928986102936883,11.498415910753485,1.0883738355005323e-14,0.0,0.0,1689.8111877910185,0.0,0.0,0.0,0.0,0.0,2029.658237662848,0.0,0.0,0.0,0.0,0.0,0.0,0.0,0.0,0.0,1231.9880040081391,0.0,7258.597430560638,2113.8941264480386,0.0,0.0,67.43829880746735,0.0,8303.063904313125,2711.0366276001314,0.0,0.0,0.0,0.0,2565.4388511404222,1683.4705538743883,41.00143123384476,0.0
208,0.0534680925823256,0.0786758744236543,0.0,0.012644532,0.2559486052823945,0.1139404041926917,12.040246117332355,1.0883738355005323e-14,0.0,0.0,1610.234674117252,0.0,0.0,0.0,0.0,0.0,1880.9492390018609,0.0,0.0,0.0,0.0,0.0,0.0,0.0,0.0,0.0,937.0483431686492,0.0,5521.085609057418,1607.9179604704457,0.0,0.0,48.85026270828634,0.0,6315.530213698525,2062.1278322058743,0.0,0.0,0.0,0.0,1951.4856720831408,1280.6248622709286,31.19417666278926,0.0
209,0.0443880649435216,0.0654914534141097,0.0,0.012644532,0.2766103401469634,0.1335020548727776,12.19913413786984,1.0883738355005323e-14,0.0,0.0,1580.8813696615096,0.0,0.0,0.0,0.0,0.0,1845.841269546652,0.0,0.0,0.0,0.0,0.0,0.0,0.0,0.0,0.0,686.8920885352137,0.0,4046.917977910135,1178.2392322098783,0.0,0.0,35.93919079101599,0.0,4629.455682374049,1511.390229630941,0.0,0.0,1.3615678318447797,0.0,1431.5184560708374,939.7488641303502,23.11682729993042,0.0
210,0.0347080089169435,0.0545326845847175,0.0,0.0125232624333981,0.2771970366378761,0.1393822634950171,11.936636687256058,1.0883738355005323e-14,0.0,0.0,1453.8944968790695,0.0,0.0,0.0,0.0,0.0,1701.7373862139077,0.0,0.0,0.0,0.0,0.0,0.0,0.0,0.0,0.0,567.43378575321,0.0,3226.2218721254008,771.9209498259308,0.0,0.0,90.5866057343062,0.0,3787.6560711670095,1145.1961361519109,0.0,0.0,46.8121545903816,0.0,1638.1892564764294,1226.3488808819284,137.0352240958326,0.0
211,0.0254002627375415,0.0453484925581394,0.0,0.0109221871096345,0.2768675588970125,0.1448901849500251,11.163736564980836,1.0883738355005326e-14,0.0,0.0,1183.123264804251,0.0,0.0,0.0,0.0,0.0,1358.04886256118,0.0,0.0,0.0,0.0,0.0,0.0,0.0,0.0,0.0,1054.3681826643187,0.0,5897.958193664039,1285.898227624262,0.0,0.0,211.3963737629429,0.0,6993.702595013135,2043.600054990912,0.0,0.0,68.57320094096745,0.0,3357.590660670852,2590.8848375265216,337.6301082160716,0.0
212,0.0160925165581395,0.0361643005315613,0.0,0.0088217665116278,0.2767228528948815,0.1518826489833891,10.005646536214368,0.0103163521429307,0.0,0.0,960.3750110966328,0.0,0.0,0.0,0.0,0.0,1092.50207234979,0.0,0.0,0.0,0.0,0.0,0.0,0.0,0.0,0.0,1274.4791123730752,0.0,6960.621812318588,1446.9826258160365,0.0,0.0,270.6391865025513,0.0,8261.75600856902,2334.4591513646005,0.0,0.0,95.27467616523926,0.0,4079.646580182278,3176.6909422606377,431.4458408143053,0.0
213,0.0066916929169435,0.0291813801802324,0.0,0.0067003417076411,0.2804221947134579,0.1526072940897014,8.532981794324735,0.0755576888471869,0.0,0.0,475.64412990489615,0.0,0.0,0.0,0.0,0.0,541.122821373901,0.0,0.0,0.0,0.0,0.0,0.0,0.0,0.0,0.0,1432.7692831902907,0.0,6832.739525304908,1267.005249829859,0.0,0.0,321.5325531791206,0.0,8020.157325612513,2000.3066665814883,0.0,0.0,183.41258040787784,0.0,4036.0101730793663,3179.3437875497057,470.592412547141,0.0
214,0.0002919733597229,0.0381506131736763,0.0,0.0047049421395348,0.2720926027375444,0.1366681906046514,7.113469377930286,0.2114573244263909,0.0,0.0,332.73914680656947,0.0,0.0,0.0,0.0,0.0,386.2969298468562,0.0,0.0,0.0,0.0,0.0,0.0,0.0,0.0,0.0,1776.2235965670056,0.0,7127.176376053347,1514.1894539469538,0.0,0.0,363.1452831476631,0.0,8112.69302015054,2145.2407571534154,0.0,0.0,221.37655940369032,0.0,3599.083383282454,2736.582866793238,424.01307789360726,0.0
215,3.019806626980434e-17,0.0688918063150504,0.0,0.0026045215415282,0.2639020658449225,0.1168995261528246,5.741922663930279,0.4364624580996785,0.0,0.0,680.277607265367,0.0,0.0,0.0,0.0,0.0,807.8524170114888,0.0,0.0,0.0,0.0,0.0,0.0,0.0,0.0,0.0,1197.1624275376066,0.0,4439.731057566984,1005.957441654184,0.0,0.0,235.04816735987595,0.0,4971.938566045043,1356.0939603897505,0.0,0.0,147.36180440696887,0.0,2044.1883363396464,1516.85229247008,242.3553642726182,0.0
216,3.019806626980434e-17,0.0983968799202658,0.0,0.0005189274418604,0.26432104652492,0.0965439390979097,4.483223840822341,0.6785666913511939,0.0,0.0,1010.536979675428,0.0,0.0,0.0,0.0,0.0,1152.6978011358908,0.0,0.0,0.0,0.0,0.0,0.0,0.0,0.0,0.0,0.0,0.0,0.0,0.0,0.0,0.0,0.0,0.0,0.0,0.0,0.0,0.0,0.0,0.0,0.0,0.0,0.0,0.0
217,3.019806626980434e-17,0.1264090774485051,0.0,0.000416260934495,0.2616679736408228,0.0793581485370782,3.4619918846744677,0.9427743682179016,0.0,0.0,1214.8051827761694,0.0,0.0,0.0,0.0,0.0,1231.2690453829257,0.0,0.0,0.0,0.0,0.0,0.0,0.0,0.0,0.0,0.0,0.0,0.0,0.0,0.0,0.0,0.0,0.0,0.0,0.0,0.0,0.0,0.0,0.0,0.0,0.0,0.0,0.0
218,3.019806626980434e-17,0.1533438827641198,0.0,0.0024463722259136,0.2403038892825364,0.0610263228234967,2.65933359870162,1.2387052506188,79.76244759556562,0.0,1473.0706892128464,0.0,0.0,0.0,0.0,0.0,1371.0192446352623,0.0,0.0,0.0,0.0,0.0,0.0,0.0,0.0,0.0,0.0,0.0,0.0,0.0,0.0,0.0,0.0,0.0,0.0,0.0,0.0,0.0,0.0,0.0,0.0,0.0,0.0,0.0
219,3.019806626980434e-17,0.1767392734485052,0.0,0.0045591482392026,0.2112932343612986,0.0538500478903662,2.006087654416929,1.508068852831407,241.027793403137,0.0,2289.949558950392,0.0,0.0,0.0,0.0,0.0,2309.4038045902257,0.0,0.0,0.0,0.0,0.0,0.0,0.0,0.0,0.0,0.0,0.0,0.0,0.0,0.0,0.0,0.0,0.0,0.0,0.0,0.0,0.0,0.0,0.0,0.0,0.0,0.0,0.0
220,3.019806626980434e-17,0.1856348460823674,0.0,0.0068053627375415,0.18448694252492,0.0633486852358811,1.392734954328828,1.780490158506123,251.8002077612736,0.0,2925.0963563031464,0.0,0.0,0.0,0.0,0.0,3059.982889192636,0.0,0.0,0.0,0.0,0.0,0.0,0.0,0.0,0.0,305.2703300065918,0.0,1801.278844828052,501.3513476990788,0.0,0.0,11.49361182253734,0.0,2082.642462243766,700.4207044654256,0.0,0.0,1.8389778916059747,0.0,764.5550584351839,504.56955900938925,52.64074214722103,0.0
221,3.019806626980434e-17,0.1813124244916949,0.0,0.009029337488372,0.1583346468438566,0.0734389410498346,0.8956260552227212,2.0066307106996644,396.0330684808606,0.0,3905.341346862921,0.0,0.0,0.0,0.0,0.0,4278.144557141395,0.0,0.0,0.0,0.0,0.0,0.0,0.0,0.0,0.0,1054.215221196118,0.0,8285.338669965378,2455.88740507573,0.0,0.0,9.274292027373924,0.0,9638.041853642091,3512.4422318134966,0.0,0.0,1.483886724379828,0.0,3118.5916710505694,1856.5364609749276,77.30020871060863,0.0
222,3.019806626980434e-17,0.1769130729568112,0.0,0.011208832744186,0.1325924055923415,0.0831736031667,0.5478828501762646,2.243149677012323,510.65857750110735,0.0,4281.9431391187145,0.0,0.0,0.0,0.0,0.0,4734.453564844091,0.0,0.0,0.0,0.0,0.0,0.0,0.0,0.0,0.0,920.3585222643484,0.0,8596.418904005623,2582.4200002106704,0.0,0.0,0.0,0.0,10002.8006961841,3733.8841281315817,0.0,0.0,0.0,0.0,2939.0094997820897,1665.9834858792856,19.801617398401238,0.0
223,3.019806626980434e-17,0.1700681244377567,0.0,0.0131476154387335,0.098246822190348,0.0902118775954669,0.3982479661747,2.441768533575938,781.4677167011736,0.0,5161.632791495371,57.19680839802238,0.0,0.0,0.0,0.0,5799.7079166877,42.79849698670135,0.0,0.0,0.0,0.0,12.962164162411597,0.0,0.0,0.0,494.34943076049007,0.0,7649.676065070067,1728.4247810295692,0.0,0.0,0.0,0.0,8672.318798770137,2367.396092180536,0.0,0.0,0.0,0.0,1582.8179970762594,817.3598414134551,0.0,0.0
224,3.019806626980434e-17,0.149333394164835,0.0,0.0133883279999999,0.0756386168172778,0.0989885617498091,0.3445807153800028,2.5411221357286085,1039.7984707429323,15.441723865877712,5879.951029585799,2066.463272189349,0.0,0.0,16.177044049967126,0.0,6604.333147928994,1720.7884437869825,0.0,0.0,0.0,0.0,538.4886436554898,0.0,0.0,0.0,0.0,0.0,3518.8653846153848,0.0,0.0,0.0,0.0,0.0,3837.8653846153848,0.0,0.0,0.0,0.0,0.0,0.0,0.0,0.0,0.0
225,3.019806626980434e-17,0.1196007264244763,0.0,0.0133883279999999,0.059245039973424,0.1029799344513645,0.3459543097025295,2.5338415168217687,1042.4012858322856,66.09377983547822,6197.520418859384,2397.806007697917,0.0,0.0,93.51659929461384,0.0,7106.4077232975305,2281.003218732623,0.0,0.0,0.0,0.0,1219.2755063430363,27.37065754320964,0.0,0.0,0.0,0.0,3175.039902319939,0.0,0.0,0.0,0.0,0.0,3454.3478222173,0.0,0.0,0.0,0.0,0.0,0.0,0.0,0.0,0.0
226,3.019806626980434e-17,0.0926606724518271,0.0,0.0133883279999999,0.0428514631295702,0.1030108038338878,0.3322923044651041,2.4606570026534764,733.8469117296938,122.10241100970931,5840.035256864374,2266.898854650908,0.0,0.0,246.0989207986692,0.0,7075.882177849884,2374.0509484544764,0.0,0.0,10.70326128031046,0.0,2154.758785650819,399.68554365288094,0.0,0.0,0.0,0.0,3101.3488667730007,0.0,0.0,0.0,0.0,0.0,3381.5650038774834,0.0,0.0,0.0,0.0,0.0,0.0,0.0,0.0,0.0
227,3.019806626980434e-17,0.064648474923588,0.0,0.0130649962862253,0.0249048105847197,0.0996892563588048,0.3141917794791603,2.3201199355170044,1052.480609743929,170.53035615962415,5586.854196600304,1931.6136465007369,0.0,0.0,500.0201284068088,0.0,6677.91752455195,1824.9965618777092,0.0,0.0,55.120275049783245,0.0,2064.309277994319,520.9631813086731,0.0,0.0,0.0,0.0,3024.7948032335707,0.0,0.0,0.0,0.0,0.0,3305.85312765379,0.0,0.0,0.0,0.0,0.0,0.0,0.0,0.0,0.0
228,3.019806626980434e-17,0.0366362773953488,0.0,0.0113146457878864,0.0071044113082055,0.0933404895770517,0.2896024755118712,2.1003338091344306,1653.5048873819355,668.5082280420048,5451.190066651789,1496.6023242374042,0.0,0.0,556.985035281316,0.0,6260.920200956773,1268.8881423243793,0.0,0.0,16.153846153846153,0.0,1460.378707724102,278.3052086332825,0.0,0.0,0.0,0.0,2464.304975709067,0.0,0.0,0.0,0.0,0.0,2699.6111699636576,0.0,0.0,0.0,0.0,0.0,0.0,0.0,0.0,0.0
229,3.019806626980434e-17,0.0120917980388774,0.0,0.0128710479468438,2.1849189124623037e-15,0.0803839462681849,0.2464666477474956,1.8733582614007305,2513.645669201499,1528.4106257594517,5453.764956557952,1207.482831406062,0.0,0.0,555.9224774803041,0.0,5972.47964527557,789.8817680314448,0.0,0.0,0.0,0.0,727.0761020246333,122.47434413166536,0.0,0.0,0.0,0.0,1330.3291446051462,0.0,0.0,0.0,0.0,0.0,1457.5933303596992,0.0,0.0,0.0,0.0,0.0,0.0,0.0,0.0,0.0
230,3.019806626980434e-17,0.0001732503787374,0.0,0.0154945144584717,2.1849189124623037e-15,0.0637399400531568,0.2010693472612739,1.62696208573931,2698.37334255469,1655.924088339469,5726.8017011137335,1411.1855969703868,0.0,0.0,442.65329981720447,0.0,6120.650326909608,939.0225711942252,0.0,0.0,0.0,0.0,525.5547612828493,100.4923681999306,0.0,0.0,0.0,0.0,579.887416827956,0.0,0.0,0.0,0.0,0.0,645.24323431674,0.0,0.0,0.0,0.0,0.0,0.0,0.0,0.0,0.0
231,3.019806626980434e-17,-7.81597009336109e-17,0.0,0.017877050372093,2.1849189124623037e-15,0.0484917102059808,0.1779344106011416,1.4273458895985394,2443.8728247743784,1429.5723374300983,5432.001864160348,1502.886211784392,0.0,0.0,184.5447369356326,0.0,5717.37812430105,1062.00629634113,0.0,0.0,0.0,0.0,405.5570040759218,84.04327646603447,0.0,0.0,0.0,0.0,1339.8335796442807,0.0,0.0,0.0,0.0,0.0,1518.5102496218155,0.0,0.0,0.0,0.0,0.0,0.0,0.0,0.0,0.0
232,0.0029204651320884,-7.81597009336109e-17,0.0,0.0204469767508305,2.1849189124623037e-15,0.0321101621399937,0.3188450397140438,1.1908614636478505,1549.60763250805,906.4188086119076,3444.2442147290462,952.953631649317,0.0,0.0,0.0,0.0,3625.168460150976,673.3606605159066,0.0,0.0,0.0,0.0,257.1241307824489,53.31953390492008,0.0,0.0,0.0,0.0,2246.1021228019918,0.0,0.0,0.0,0.0,0.0,2615.4349983144125,0.0,0.0,0.0,0.0,0.0,0.0,0.0,0.0,0.0
233,0.0187670521196013,-7.81597009336109e-17,0.0,0.0233555238777408,2.1849189124623037e-15,0.0172588677607978,0.6904739447654356,0.921790492119613,1050.352141142808,614.3735549279085,2334.562174975072,645.9194534110281,0.0,0.0,0.0,0.0,2457.1899911772407,456.40495666925256,0.0,0.0,0.0,0.0,174.28276761046965,36.13631127177359,0.0,0.0,0.0,0.0,2167.519081860238,0.0,0.0,0.0,0.0,0.0,2543.339450149333,0.0,0.0,0.0,0.0,0.0,0.0,0.0,0.0,0.0
234,0.0371889763056478,-7.81597009336109e-17,0.0,0.0279181728179401,2.1849189124623037e-15,0.0052779863003328,1.2943245443222462,0.6650271936338981,603.1825446852728,188.6522821533603,2458.7923610552466,778.7898316789339,0.0,0.0,0.0,0.0,2603.924256459132,595.1079051331019,0.0,0.0,0.0,0.0,148.16596707907712,11.110752687917849,0.0,0.0,0.0,0.0,2012.1500600660904,0.0,0.0,0.0,0.0,0.0,2415.5602062085336,0.0,0.0,0.0,0.0,0.0,0.0,0.0,0.0,0.0
235,0.0566635818737542,-7.81597009336109e-17,0.0,0.0295039079999998,2.1849189124623037e-15,0.00018286014618,2.378935642513178,0.4223071576017291,485.4481164830565,0.0,3793.333796000831,1288.6205754046462,0.0,0.0,0.0,0.0,4031.33577325176,1019.2927300882764,0.0,0.0,0.0,0.0,197.24040441315128,0.0,0.0,0.0,0.0,0.0,1905.286753520663,0.0,0.0,0.0,0.0,0.0,2323.0457466216944,0.0,0.0,0.0,0.0,0.0,0.0,0.0,0.0,0.0
236,0.0740328246777408,-7.81597009336109e-17,0.0,0.0295039079999998,2.1849189124623037e-15,6.252776074688872e-16,3.801407539988359,0.2706494215913714,363.1167743741334,0.0,5745.109311548248,2024.555116266153,0.0,0.0,0.0,0.0,6117.414093896241,1628.3379715774363,0.0,0.0,0.0,0.0,272.5718124819307,0.0,0.0,0.0,0.0,0.0,2030.3946029161095,0.0,0.0,0.0,0.0,0.0,2446.608114867697,0.0,0.0,0.0,0.0,0.0,0.0,0.0,0.0,0.0
237,0.0910511736877075,-7.815970093361092e-17,0.0,0.0295039079999998,2.1849189124623037e-15,6.252776074688873e-16,5.419548143133488,0.1592676403935275,263.5395638501671,0.0,7255.661610809764,2571.180778772461,0.0,0.0,0.0,0.0,7721.062882004465,2054.918930123755,0.0,0.0,0.0,0.0,306.8232335865779,0.0,0.0,0.0,484.23076244334754,0.0,2778.807480891068,0.0,0.0,0.0,0.0,0.0,3321.1621282997367,0.0,0.0,0.0,0.0,0.0,173.04297537185408,170.3183467527776,0.0,0.0
238,0.104442590541528,-7.81597009336109e-17,0.0,0.0294122158423436,2.1849189124623037e-15,6.252776074688872e-16,7.241467300445171,0.0802771392395148,235.0051760289226,0.0,6738.263774404834,2241.6749257831166,0.0,0.0,0.0,0.0,7102.97547639467,1626.181517989716,0.0,0.0,0.0,0.0,134.73753230674103,0.0,0.0,0.0,574.897887861416,0.0,3828.471166960646,48.325626134799606,0.0,0.0,0.0,0.0,4567.291168060776,77.68681332825355,0.0,0.0,0.0,0.0,481.44806042742607,237.82875993199772,0.0,0.0
239,0.1056190319999997,-7.81597009336109e-17,0.0,0.0259298982059799,2.1849189124623037e-15,6.252776074688872e-16,9.170936133653624,0.0245529358456153,128.1505437670547,0.0,4089.9605643813743,1199.2697206256278,0.0,0.0,0.0,0.0,4289.937041327917,812.1742664094342,0.0,0.0,0.0,0.0,4.801568617172476,0.0,0.0,0.0,582.8998385605345,0.0,5433.077515892873,499.9080991607676,0.0,0.0,0.0,0.0,6525.033810546413,787.4872188007745,0.0,0.0,0.0,0.0,1071.650007513868,437.7650991311093,0.0,0.0
240,0.1056190319999997,-7.815970093361092e-17,0.0,0.0208328775548172,2.1849189124623037e-15,6.252776074688873e-16,11.066853086627146,0.0011175347047356,7.134989167597709,0.0,3370.0530912954755,66.76853464967003,0.0,0.0,0.0,0.0,3564.4489916896528,45.21718059100675,0.0,0.0,0.0,0.0,0.0,0.0,0.0,0.0,641.2518065038522,0.0,6810.513470709356,1344.608729523843,0.0,0.0,0.0,0.0,8065.602059082039,1851.0155180153429,0.0,0.0,0.0,0.0,1630.513033360076,705.3978556103276,0.0,0.0
241,0.1056190319999997,-7.81597009336109e-17,0.0,0.0157358569036544,2.1849189124623037e-15,6.252776074688872e-16,12.675862367856462,9.86410952918958e-15,0.0,0.0,3058.2184586032504,0.0,0.0,0.0,0.0,0.0,3258.309429771213,0.0,0.0,0.0,0.0,0.0,0.0,0.0,0.0,0.0,697.1218004958855,0.0,7520.142087265143,1899.21358346412,0.0,0.0,0.0,0.0,8878.149195806709,2502.656015625058,0.0,0.0,0.0,0.0,1882.4069967631715,839.7470203039288,0.0,0.0
242,0.100636924786398,-7.81597009336109e-17,0.0,0.0105408166245847,2.1849189124623037e-15,6.252776074688872e-16,13.807448284153198,9.864109529189581e-15,0.0,0.0,2474.1413664806505,0.0,0.0,0.0,0.0,0.0,2684.591769499897,0.0,0.0,0.0,0.0,0.0,0.0,0.0,0.0,0.0,735.223735726708,0.0,8041.169424367683,2250.1539984336423,0.0,0.0,0.0,0.0,9666.462031593994,3456.1869085462595,0.0,0.0,0.0,0.0,3732.104645463673,2241.134137717454,190.963824621404,0.0
243,0.0835184888372092,-7.81597009336109e-17,0.0,0.0055908254152823,0.0008392951231915,0.0001876540473095,14.438104854561317,9.864109529189581e-15,0.0,0.0,2389.431042406788,0.0,0.0,0.0,0.0,0.0,2596.95599976347,0.0,0.0,0.0,0.0,0.0,0.0,0.0,0.0,0.0,466.99035454702846,0.0,7084.631249129584,1696.556019205729,0.0,0.0,0.0,0.0,8879.530262418564,3201.202363061522,0.0,0.0,0.0,0.0,5686.271830565087,3852.360777363288,642.5941653681082,0.0
244,0.0665001398272425,-7.81597009336109e-17,0.0,0.0010723974702763,0.0248228529966799,0.0078234489568112,14.49021646204791,9.864109529189581e-15,0.0,0.0,2259.880051364796,0.0,0.0,0.0,0.0,0.0,2462.000864356606,0.0,0.0,0.0,0.0,0.0,0.0,0.0,0.0,0.0,278.35125464358435,0.0,4481.301470750837,991.5225356754612,0.0,0.0,22.44534289817249,0.0,5663.671384493701,1986.855282373988,0.0,0.0,59.383982206771314,0.0,4078.773631926581,2845.158687520173,536.8540118227523,0.0
245,0.0493063439202658,-7.81597009336109e-17,0.0,0.0008469031518467,0.0609459688106334,0.0199317559335554,13.9743936863967,9.864109529189581e-15,0.0,0.0,2103.3264435805395,0.0,0.0,0.0,0.0,0.0,2376.378983880154,0.0,0.0,0.0,0.0,0.0,0.0,0.0,0.0,0.0,409.214180353572,0.0,3617.0203500696,668.539754777156,0.0,0.0,183.50773856079115,0.0,4540.989241379961,1412.721455733143,0.0,0.0,281.0516142191511,0.0,3277.4634617815227,2394.615536525385,511.10856026795807,0.0
246,0.0315862073222591,-7.81597009336109e-17,0.0,0.0050265947840531,0.0981748942923608,0.0324107253687714,12.94549088893952,9.864109529189581e-15,0.0,0.0,2088.0,0.0,0.0,0.0,0.0,0.0,2372.0,0.0,0.0,0.0,0.0,0.0,0.0,0.0,0.0,0.0,630.5965229757738,0.0,4136.502368020603,648.4755921296089,0.0,0.0,297.42987389916914,0.0,5166.399550291812,1447.3736728215288,0.0,0.0,338.8050052023438,0.0,3735.2916867044014,2825.037311508381,653.0976430976431,0.0
247,0.0143924114152823,-7.81597009336109e-17,0.0,0.0094259463189368,0.1342980101063141,0.0445190323455156,11.57406571837373,9.864109529189581e-15,0.0,0.0,2055.203216814153,0.0,0.0,0.0,0.0,0.0,2342.285396255889,0.0,0.0,0.0,0.0,0.0,0.0,0.0,0.0,0.0,1193.6057792471956,0.0,5457.728187542291,597.4067206271185,0.0,0.0,587.099268616474,0.0,6757.044079919761,1535.5567595216987,0.0,46.08307126478472,485.6387159911435,0.0,4899.650290580334,3919.686612468388,1014.2532415576704,0.0
248,0.0009954504648607,-7.81597009336109e-17,0.0,0.0139150805382059,0.1711583323654502,0.0568744476279076,9.750146634246075,0.0027888548333857,0.0,0.0,1939.3278838090987,0.0,0.0,0.0,0.0,0.0,2237.1877038256134,0.0,0.0,0.0,0.0,0.0,0.0,0.0,0.0,0.0,2026.161736051696,0.0,6333.5902460694615,729.7841447168231,0.0,0.0,877.2813369989728,0.0,7651.322691582745,1655.9122232290315,0.0,22.609663197571084,511.3868093729357,0.0,4514.853278861951,3628.840973137992,905.93385614262,0.0
249,1.2434497875801717e-17,-7.81597009336109e-17,0.0,0.018404214757475,0.2077335019360481,0.0691810590199343,7.895663888053131,0.0412974264518371,0.0,0.0,1887.15332553946,0.0,0.0,0.0,0.0,0.0,2189.8879066041145,0.0,0.0,0.0,0.0,0.0,0.0,0.0,0.0,0.0,2063.7567820511536,0.0,6503.29210286406,867.0957169693803,0.0,0.0,829.7878743319537,0.0,7818.303491295307,1798.111392198425,0.0,13.37268067387286,430.28566638873264,0.0,4250.793052193,3332.5880927027247,786.7934071867717,0.0
250,1.2434497875801717e-17,-7.81597009336109e-17,0.0,0.0226240009235879,0.2218991400000014,0.07437857933526,6.197535450483577,0.1305524928230635,0.0,0.0,1431.227492542538,0.0,0.0,0.0,0.0,0.0,1719.0145835305284,0.0,0.0,0.0,0.0,0.0,0.0,0.0,0.0,0.0,2070.1705267960187,0.0,7481.048335989728,1657.6763981826298,0.0,0.0,473.3873583849282,0.0,8811.384815024747,2632.5329779856665,0.0,0.0081254487855927,0.2614482638658382,0.0,2950.8260488611186,1807.359719313553,163.15408701358174,0.0
251,1.2434497875801717e-17,-7.81597009336109e-17,0.0,0.0264603573687707,0.2218991400000015,0.0743796000000007,4.617057780812819,0.2423946231960232,0.0,0.0,957.1175429030222,0.0,0.0,0.0,0.0,0.0,1147.7520300889544,0.0,0.0,0.0,0.0,0.0,0.0,0.0,0.0,0.0,1957.9283699216223,0.0,7874.259970297721,1920.809096787148,0.0,0.0,310.68563602649914,0.0,9206.204380157322,2883.24455288695,0.0,0.0,0.0,0.0,2584.78264395094,1397.317549494215,5.503423899631419,0.0
252,1.2434497875801712e-17,-7.81597009336109e-17,0.0,0.0270245879999999,0.2218991400000015,0.0756210527465319,3.2864690136689165,0.4094948180660643,0.0,0.0,653.2911830600631,0.0,0.0,0.0,0.0,0.0,783.4142080186753,0.0,0.0,0.0,0.0,0.0,0.0,0.0,0.0,0.0,1913.3161862198983,0.0,7882.839182881598,1920.1304081385308,0.0,0.0,293.5105896269158,0.0,9210.582450513864,2868.5314666805525,0.0,0.0,0.0,0.0,2530.9018140425087,1350.904991351253,0.0,0.0
253,1.2434497875801717e-17,-7.815970093361092e-17,0.0,0.0270245879999999,0.221107352147936,0.0798391083317251,2.181369890911024,0.6407723045724413,0.0,0.0,251.0191022811472,0.0,0.0,0.0,0.0,0.0,300.98743946013985,0.0,0.0,0.0,0.0,0.0,0.0,0.0,0.0,0.0,1103.7132026750353,0.0,7780.139545154148,1723.7267213896846,0.0,0.0,64.87271001470904,0.0,9023.174352471073,2401.510486357914,0.0,0.0,0.0,0.0,1713.0528741837625,712.2181932214166,0.0,0.0
254,1.2434497875801712e-17,-7.81597009336109e-17,0.0,0.0270245879999999,0.197076287003324,0.0765582715614624,1.487386672275931,0.9131115090320304,0.0,0.0,185.18286564143773,0.0,0.0,0.0,0.0,0.0,222.0227684601968,0.0,0.0,0.0,0.0,0.0,0.0,0.0,0.0,0.0,874.0,0.0,7751.0,1668.0,0.0,0.0,0.0,0.0,8970.0,2269.0,0.0,0.0,0.0,0.0,1481.0,531.0,0.0,0.0
255,1.2434497875801712e-17,-7.81597009336109e-17,0.0,0.0261776848481531,0.160953171189371,0.0727393661309366,0.993527885215526,1.1777246612163472,5.287791647991294,0.0,897.9763910931225,7.435957004987757,0.0,0.0,0.0,0.0,998.4542524156948,2.223276033814521,0.0,0.0,0.0,0.0,0.0,0.0,0.0,0.0,678.1325827794088,0.0,7440.508443575228,1359.2273551755009,0.0,0.0,0.0,0.0,8493.444313931688,1803.2380346740065,0.0,0.0,0.0,0.0,1119.3514665631042,354.3186360721382,0.0,0.0
256,1.2434497875801717e-17,-7.81597009336109e-17,0.0,0.0222269287649501,0.1244614521528262,0.0828022865980072,0.5562398865174126,1.435969255958481,56.04900518078481,0.0,1707.0265006878988,78.81891353547864,0.0,0.0,0.0,0.0,1891.2664913669548,23.56605899646634,0.0,0.0,0.0,0.0,0.0,0.0,0.0,0.0,526.8477653675867,0.0,7124.722642870595,1050.4794300817498,0.0,0.0,0.0,0.0,7980.341186441219,1344.2773204202083,0.0,0.0,0.0,0.0,796.7410198133897,195.05861022175543,0.0,0.0
257,1.2434497875801717e-17,-7.81597009336109e-17,0.0,0.0196821765448504,0.0905499556744206,0.0936009195548178,0.276530724067928,1.761382105755069,367.8333250865828,0.0,3796.980990444372,600.8319750640242,0.0,0.0,0.0,0.0,4210.932713961007,257.395091131608,0.0,0.0,0.0,0.0,20.336094480230944,0.0,0.0,0.0,275.47462477509373,0.0,6386.6184785340765,517.8855762056687,0.0,0.0,0.0,0.0,7110.452019970069,579.4807309329801,0.0,0.0,0.0,0.0,334.6297390702883,30.82742760235554,0.0,0.0
258,1.2434497875801717e-17,-7.81597009336109e-17,0.0,0.0174219592425248,0.0544268398604672,0.1041645250564789,0.1151979871716211,2.1262689352181705,681.8366456186685,0.0,5140.798264691078,1342.8654812701172,0.0,0.0,0.0,0.0,5839.408864013248,920.0130245785372,0.0,0.0,0.0,0.0,286.9259369160854,0.0,0.0,0.0,0.0,0.0,5063.467386635432,0.0,0.0,0.0,0.0,0.0,5630.029170338854,0.0,0.0,0.0,0.0,0.0,0.0,0.0,0.0,0.0
259,1.2434497875801717e-17,-7.815970093361092e-17,0.0,0.0149541709634551,0.0153234346956706,0.1124379468408454,0.011242044722093,2.4934735245117614,932.4882389028398,0.0,6184.308866073485,2234.207140720461,0.0,0.0,52.56560143989438,0.0,7099.718616878345,2055.849534818857,12.66761173219466,0.0,40.79569447612296,0.0,1144.0178659973333,145.82715238164246,24.93624356731232,0.0,0.0,0.0,3570.137597079659,0.0,0.0,0.0,0.0,0.0,3974.9738392273534,0.0,0.0,0.0,0.0,0.0,0.0,0.0,0.0,0.0
260,1.2434497875801712e-17,-7.81597009336109e-17,0.0,0.0125555730099667,2.1884716261411085e-15,0.1273719761461798,-2.8226310178069968e-14,2.805545020319728,908.9308952869112,0.0,6128.547408208035,2232.3007660925828,0.0,0.0,88.44629532889563,0.0,7094.748425884233,2096.0195716205853,21.31438236578699,0.0,68.64238100477857,0.0,1379.5232173484817,245.367141880162,41.95744560194289,0.0,0.0,0.0,3474.669079107823,0.0,0.0,0.0,0.0,0.0,3872.499394498063,0.0,0.0,0.0,0.0,0.0,0.0,0.0,0.0,0.0
261,1.2434497875801717e-17,-7.81597009336109e-17,0.0,0.0109793801479127,2.1884716261411085e-15,0.1433135954802835,-2.8226310178069968e-14,3.0789335502293893,650.4692422694167,0.0,5227.673903068796,1984.0890409896392,0.0,0.0,727.6263464077263,0.0,6819.983554880435,2446.5119121698726,220.93558190515975,0.0,622.9010470907007,0.0,4694.639027580862,1918.994290103853,539.5263760208768,0.0,0.0,0.0,2659.434434223145,0.0,0.0,0.0,0.0,0.0,3027.796368912967,0.0,0.0,0.0,0.0,0.0,0.0,0.0,0.0,0.0
262,1.2434497875801717e-17,-7.815970093361092e-17,0.0,0.0126214685581394,2.188471626141108e-15,0.1438456145269233,-2.8226310178069968e-14,3.267737108279578,672.8301594563935,0.0,5070.807570329238,1822.336355185115,0.0,0.0,865.3753852597688,0.0,6691.704589749761,2370.281726528239,272.39707150182244,0.0,770.6298705387203,0.0,5035.9085839640775,2244.0434567869247,703.6613779348684,0.0,0.0,0.0,2717.506309773942,0.0,0.0,0.0,0.0,0.0,3115.8706780658563,0.0,0.0,0.0,0.0,0.0,0.0,0.0,0.0,0.0
263,1.2434497875801712e-17,-7.81597009336109e-17,0.0,0.0131403959999999,2.1884716261411085e-15,0.1394909911495022,-2.8226310178069968e-14,3.2865491381332887,761.8013605108199,0.0,4911.416957902182,1600.3379514626342,0.0,0.0,1041.8521930760578,0.0,6555.001401652126,2239.801005445719,285.1688874998911,0.0,920.1929021303828,0.0,5298.867781324907,2534.9454089686083,826.1101372246817,0.0,0.0,0.0,2558.973218635305,0.0,0.0,0.0,0.0,0.0,2984.7143147535253,0.0,0.0,0.0,0.0,0.0,0.0,0.0,0.0,0.0
264,1.2434497875801717e-17,-7.81597009336109e-17,0.0,0.0131403959999999,2.1884716261411085e-15,0.1350817552823926,5.139852729248772e-06,3.1833597496114368,898.6970853186011,0.0,4839.05533768693,1438.5702841890168,0.0,0.0,1192.6036095194315,0.0,6461.056657867528,2083.6491664833707,241.95259851671392,0.0,977.8492027496002,0.0,5291.742993597803,2582.909434419625,856.1420241831739,0.0,0.0,0.0,2397.7270416910355,0.0,0.0,0.0,0.0,0.0,2836.774690094909,0.0,0.0,0.0,0.0,0.0,0.0,0.0,0.0,0.0
265,1.2434497875801712e-17,-7.81597009336109e-17,0.0,0.0131403959999999,2.1884716261411085e-15,0.1272556775138197,0.0138693830270446,3.021920102084122,1042.9686079814744,0.0,4762.832090212956,1268.1300532070632,0.0,0.0,1351.3787137729846,0.0,6362.061413426675,1919.136544792235,196.4553261285176,0.0,1038.595416754068,0.0,5284.276745797382,2633.388778215188,887.7856231570285,0.0,0.0,0.0,2276.74512239072,0.0,0.0,0.0,0.0,0.0,2704.085229014275,0.0,0.0,0.0,0.0,0.0,0.0,0.0,0.0,0.0
266,1.2434497875801717e-17,-7.815970093361092e-17,0.0,0.0129838940730896,2.188471626141108e-15,0.1046948469368774,0.0970523620750673,2.7981340849909144,1105.387896687398,0.0,4729.854674306087,1194.418699954559,0.0,0.0,1420.1016098931748,0.0,6319.238118506478,1847.979913336452,176.76697629418658,0.0,1064.86793823421,0.0,5281.018270835384,2655.230474940375,901.4760641354302,0.0,0.0,0.0,2253.0794144363645,0.0,0.0,0.0,0.0,0.0,2671.7495556095014,0.0,0.0,0.0,0.0,0.0,0.0,0.0,0.0,0.0
267,1.2434497875801717e-17,-7.81597009336109e-17,0.0,0.0112413686710963,2.1884716261411085e-15,0.0824829162732561,0.2572713554501379,2.441698738602167,1303.4650725371257,0.0,4638.357487715403,977.9167791303148,0.0,0.0,1632.5975491966071,0.0,6198.871177897762,1636.9027928143798,114.62859200602918,0.0,1142.8526165438368,0.0,5241.433970521718,2698.5999219395976,934.448593759972,0.0,0.0,0.0,1990.052541047468,0.0,0.0,0.0,0.0,0.0,2394.881520808676,0.0,0.0,0.0,0.0,0.0,0.0,0.0,0.0,0.0
268,1.2434497875801717e-17,-7.81597009336109e-17,0.0,0.0091458902392026,0.000949513664454,0.1175041006470106,0.5411974086552874,2.084013636129576,1371.186725893316,0.0,4668.232299345764,985.1517220181348,0.0,0.0,1679.2242300452956,0.0,6229.990567362877,1633.4009548314173,94.93442433316312,0.0,1144.1761563160496,0.0,5091.837139934527,2592.4873275792265,897.1455845243939,0.0,0.0,0.0,1853.9556540463009,0.0,0.0,0.0,0.0,0.0,2261.786384811273,0.0,0.0,0.0,0.0,0.0,0.0,0.0,0.0,0.0
269,1.2434497875801717e-17,-7.81597009336109e-17,0.0,0.00696310020598,0.0052629950631251,0.1883858997408646,1.082829387362609,1.708964403302078,1218.3126313714995,0.0,5787.253348103955,2039.1197868970996,0.0,0.0,919.6171424257736,0.0,7199.389003038999,2340.2623561571354,17.462833091110674,0.0,499.3060921512911,0.0,2725.271628972424,905.4410652080328,198.7549000988848,0.0,0.0,0.0,1816.8548904303568,0.0,0.0,0.0,0.0,0.0,2218.361730968504,0.0,0.0,0.0,0.0,0.0,0.0,0.0,0.0,0.0
270,1.2434497875801712e-17,-7.81597009336109e-17,0.0,0.0047148264717607,0.0099716438272447,0.2616456872691037,2.0187518521195726,1.3079305335548252,983.6230294332222,0.0,6296.161619022725,2454.7726999464576,0.0,0.0,388.376952511947,0.0,7519.594706877418,2476.302164395168,0.0,0.0,76.82172035680948,0.0,1696.3596805393138,247.95501375006583,0.0,0.0,49.40008184052326,0.0,2051.3125611526502,0.0,0.0,0.0,0.0,0.0,2509.4828437088227,0.0,0.0,0.0,0.0,0.0,43.25461711395099,23.518220780536197,0.0,0.0
271,1.2434497875801717e-17,-7.81597009336109e-17,0.0,0.002706659641196,0.0141774271893709,0.3292956441416426,3.1840728676175063,0.9484134297885176,693.1396452749716,0.0,5929.846433365157,1921.4556859041609,0.0,0.0,51.1857479516374,0.0,6900.372494025105,1724.5715773279455,0.0,0.0,8.126647186634372,0.0,996.6001962064338,31.9001225385797,0.0,0.0,384.5885167624272,0.0,3822.0747731172296,5.310221036793054,0.0,0.0,0.0,0.0,4602.803512139451,0.0,0.0,0.0,0.0,0.0,344.0824928494976,183.63068430961272,0.0,0.0
272,1.2434497875801712e-17,-7.81597009336109e-17,0.0,0.000637078718171,0.0187489308438559,0.4180215889435225,4.784187623174248,0.5982361265902435,513.7483151004789,0.0,5683.883687041667,1572.2465194193023,0.0,0.0,0.0,0.0,6498.956582977863,1245.2868574945371,0.0,0.0,0.0,0.0,569.2039566496294,0.0,0.0,0.0,480.968561580943,0.0,4276.706269563585,19.393378040068097,0.0,0.0,0.0,0.0,5121.307389276002,0.0,0.0,0.0,0.0,0.0,447.9324952168748,230.93936637093296,0.0,0.0
273,1.2434497875801717e-17,-7.815970093361092e-17,0.0,-2.1316282072802932e-17,0.0236861547906998,0.5143884657278468,6.786318251716019,0.3386778520444876,118.15216148783465,0.0,4795.549805905589,607.6185364323179,0.0,0.0,0.0,0.0,5272.100189401657,129.27613163421785,0.0,0.0,0.0,0.0,0.0,0.0,0.0,0.0,481.44925240175854,0.0,3958.544641054564,37.09604962543494,0.0,0.0,0.0,0.0,4707.47370139463,0.0,0.0,0.0,0.0,0.0,472.8272998494331,232.9369918829536,0.0,0.0
274,1.2434497875801717e-17,-7.815970093361092e-17,0.0,-2.1316282072802932e-17,0.0272575536290374,0.5468552651125185,8.692601244087228,0.1690288104905744,15.288259143573526,0.0,3644.2409232877553,105.0062009598076,0.0,0.0,0.0,0.0,4023.9315050403698,1.005806522603521,0.0,0.0,0.0,0.0,0.0,0.0,0.0,0.0,343.7196783009568,0.0,2826.028131064076,26.474380519631307,0.0,0.0,0.0,0.0,3360.661568318684,120.02749569924484,0.0,0.0,0.0,0.0,337.5148044960131,166.31379921206832,0.0,0.0
275,1.2434497875801717e-17,-7.81597009336109e-17,0.0,-2.1316282072802932e-17,0.0275204520000021,0.5469379920000005,10.40663685043071,0.0650608592916449,0.0,0.0,3360.0,0.0,0.0,0.0,0.0,0.0,3724.0,0.0,0.0,0.0,0.0,0.0,0.0,0.0,0.0,0.0,269.4811202933568,0.0,2215.599223230184,20.74825158476224,0.0,0.0,0.0,0.0,2634.7389635228897,556.2765272205446,0.0,0.0,0.0,0.0,264.59213255144243,130.4026690316904,0.0,0.0
276,1.2434497875801712e-17,-7.81597009336109e-17,0.0,-2.1316282072802932e-17,0.0275204520000021,0.5469379920000005,11.819640351571596,0.0290979397404813,0.0,0.0,2438.823685245091,0.0,0.0,0.0,0.0,0.0,2824.442735784556,0.0,0.0,0.0,0.0,0.0,0.0,0.0,0.0,0.0,483.5506425662991,0.0,2123.390563095908,491.3948827165492,0.0,0.0,4.16381422901646,0.0,2353.9325320505923,2547.8629899696543,0.0,0.0,0.0,0.0,362.4274074404368,185.5457269473814,0.0,0.0
277,1.2434497875801717e-17,-7.81597009336109e-17,0.0,-2.131628207280293e-17,0.0284398057789441,0.5442776334855615,12.994065098470967,0.0277683840000083,0.0,0.0,1677.0,0.0,0.0,0.0,0.0,0.0,2073.0,0.0,0.0,0.0,0.0,0.0,0.0,0.0,0.0,0.0,901.4943046886424,0.0,3687.880074460971,982.6103721241255,0.0,0.0,23.769568596266108,0.0,4041.381232286356,2573.0194288587195,0.0,0.0,0.0,0.0,659.2912465640665,338.82836088925984,0.0,0.0
278,1.2434497875801712e-17,-7.81597009336109e-17,0.0,-2.1316282072802932e-17,0.0463688237482921,0.4822912290685959,13.715038467008764,0.0267816304678606,0.0,0.0,1608.072763965048,0.0,0.0,0.0,0.0,0.0,1952.1180520685675,0.0,0.0,0.0,0.0,0.0,0.0,0.0,0.0,0.0,2019.490840406276,0.0,7706.41716679652,2048.694362110698,0.0,0.0,285.4056888118825,0.0,8367.101557429874,2396.033890161858,0.0,0.0,84.11697980977937,0.0,2023.3202283540832,1342.719170597454,100.18624899782616,0.0
279,1.2434497875801717e-17,-7.81597009336109e-17,0.0,-2.1316282072802932e-17,0.0712479140730918,0.3997697576411974,13.87091775366774,0.0227866805581479,0.0,0.0,1489.3000903742395,0.0,0.0,0.0,0.0,0.0,1748.4433116345597,0.0,0.0,0.0,0.0,0.0,0.0,0.0,0.0,0.0,2150.508202469809,0.0,7571.3858007291965,1701.4067243807938,0.0,0.0,530.6446810058027,0.0,8167.292073238794,2000.8735084891912,0.0,0.0,202.1619667584009,0.0,2721.474059906395,2097.946312327998,213.43948840119864,0.0
280,1.2434497875801717e-17,-7.81597009336109e-17,0.0,-2.1316282072802932e-17,0.1002271287707663,0.3127917525249186,13.540235124472684,0.0182662459534967,0.0,0.0,1469.5946966880997,0.0,0.0,0.0,0.0,0.0,1733.5371928562606,0.0,0.0,0.0,0.0,0.0,0.0,0.0,0.0,0.0,2511.9370474337024,17.970273189105225,7342.193179722414,1368.6817868279609,0.0,0.0,658.7178607807843,0.0,7758.194170982461,1582.7659517712243,0.0,0.0,264.2101162354578,0.0,2584.977331586521,2078.6005815967123,183.8119753709403,0.0
281,1.2434497875801717e-17,-7.81597009336109e-17,0.0,-2.1316282072802932e-17,0.1315719936478428,0.2187135020930232,12.666997703342968,0.0133767962790781,0.0,0.0,1365.7724520346342,0.0,0.0,0.0,0.0,0.0,1651.1209105807732,0.0,0.0,0.0,0.0,0.0,0.0,0.0,0.0,0.0,2093.1861904094594,3.2,6739.558742756161,1010.9938095905406,0.0,0.0,743.3879668853115,0.0,7295.788975768984,1396.9672123161429,0.0,0.0,507.42714962110017,0.0,3534.118785359526,2698.6504447239645,503.0571247850838,0.0
282,1.2434497875801712e-17,-7.81597009336109e-17,0.0,-2.1316282072802932e-17,0.1614383271627928,0.1290729049833888,11.311208261637658,0.0087179810232641,0.0,0.0,1273.3883944972224,0.0,0.0,0.0,0.0,0.0,1574.01086009326,0.0,0.0,0.0,0.0,0.0,0.0,0.0,0.0,0.0,1915.1096330287728,0.0,6756.838073392228,1164.7832568778415,0.0,0.0,759.9700688074204,0.0,7513.37683485866,1645.943004582285,0.0,0.0,584.1496559628978,0.0,3913.5762614651712,2931.887844035841,607.3865825681479,0.0
283,1.2434497875801712e-17,-7.81597009336109e-17,0.0,-2.1316282072802932e-17,0.1898740613167475,0.0436200663498981,9.626548333224829,0.0042083420722498,0.0,0.0,1172.4977715369912,0.0,0.0,0.0,0.0,0.0,1489.447495633041,0.0,0.0,0.0,0.0,0.0,0.0,0.0,0.0,0.0,1795.1444655519765,0.0,6664.365229266641,1272.7836443281367,0.0,0.0,732.9211580917062,0.0,7470.203353290823,1837.3760622853708,0.0,0.0,586.5061372286821,0.0,3929.6471022116425,2885.4270664597448,621.6479513167815,0.0
284,1.2434497875801717e-17,-7.815970093361092e-17,0.0,-2.1316282072802932e-17,0.2025901125380824,0.0127268703524107,7.782262063406232,0.0197774142616519,0.0,0.0,1057.9835586933095,0.0,0.0,0.0,0.0,0.0,1394.851287441498,0.0,0.0,0.0,0.0,0.0,0.0,0.0,0.0,0.0,1230.0089979350062,0.0,4945.431663850395,1046.038487627667,0.0,0.0,482.1245064469808,0.0,5569.827878665786,1511.312267725697,0.0,0.0,389.40611673332586,0.0,2794.3705659019074,2009.2500884098697,420.05400112624494,0.0
285,1.2434497875801712e-17,-7.81597009336109e-17,0.0,-2.1316282072802932e-17,0.2055356280000018,0.0126445320000005,5.9718711224944085,0.1225374232777102,0.0,0.0,1026.4655580202068,0.0,0.0,0.0,0.0,0.0,1374.574496636566,0.0,0.0,0.0,0.0,0.0,0.0,0.0,0.0,0.0,1169.9907232164023,0.0,6092.74600756849,1584.9676154230224,0.0,0.0,323.68114371094134,0.0,6896.877894380949,2241.8673963369406,0.0,0.0,244.31100694921437,0.0,2752.588425386297,1852.986353126314,285.1023905450508,0.0
286,1.2434497875801717e-17,-7.81597009336109e-17,0.0,-2.1316282072802932e-17,0.2055356280000018,0.0126795764506197,4.509392775936852,0.3092780221812226,0.0,0.0,1056.8486046965836,0.0,0.0,0.0,0.0,0.0,1399.295354532757,0.0,0.0,0.0,0.0,0.0,0.0,0.0,0.0,0.0,1163.6821564364498,0.0,8627.201825184988,2642.744515813664,0.0,0.0,80.73181578376578,0.0,9831.201135680862,3710.8506459988,0.0,0.0,24.168471424473864,0.0,2912.161065474386,1733.4864799505892,77.68640786193941,0.0
287,1.2434497875801717e-17,-7.815970093361092e-17,0.0,-2.1316282072802932e-17,0.2048608669115545,0.0141436557209308,3.249787114333077,0.5833079985399696,0.0,0.0,1139.5385413748238,0.0,0.0,0.0,0.0,0.0,1457.73718262206,0.0,0.0,0.0,0.0,0.0,0.0,0.0,0.0,0.0,909.3633192416723,0.0,9016.963152204347,2751.037562649949,0.0,0.0,9.523778002928315,0.0,10332.404133310254,3991.261354811432,0.0,0.0,0.0,0.0,2635.9069953458484,1412.0889354874105,9.674949082339875,0.0
288,1.2434497875801712e-17,-7.81597009336109e-17,0.0,-2.1316282072802932e-17,0.1865841814016046,0.0155554678405321,2.1879982041586623,1.0544462360390938,0.0,0.0,1225.8758643516587,0.0,0.0,0.0,0.0,0.0,1518.7327438774607,0.0,0.0,0.0,0.0,0.0,0.0,0.0,0.0,0.0,520.9910153261121,0.0,8952.47767883206,2723.4115623239977,0.0,0.0,0.0,0.0,10371.754826929886,3918.580336889951,0.0,0.0,0.0,0.0,2408.9940938204936,1188.185073425524,0.0,0.0
289,1.2434497875801717e-17,-7.81597009336109e-17,0.0,-2.1316282072802932e-17,0.1565451708637899,0.0156127145980072,1.4939116158529273,1.7511002929825303,0.0,0.0,1322.608270008717,0.0,0.0,0.0,0.0,0.0,1587.0437063917002,0.0,0.0,0.0,0.0,0.0,0.0,0.0,0.0,0.0,319.428699300394,0.0,8963.30918607188,2713.923397015403,0.0,0.0,0.0,0.0,10396.431473433886,3855.4300863671406,0.0,0.0,0.0,0.0,2321.3682491527643,1116.952928555845,0.0,0.0
290,1.2434497875801717e-17,-7.815970093361092e-17,0.0,-2.1316282072802932e-17,0.1227444612757501,0.0156534874684391,0.9283180660953766,2.604287394752593,0.0,0.0,1371.5582738868256,0.0,0.0,0.0,0.0,0.0,1621.6424637816872,0.0,0.0,0.0,0.0,0.0,0.0,0.0,0.0,0.0,305.583184230476,0.0,8970.51237977042,2714.000877232793,0.0,0.0,0.0,0.0,10397.561933620804,3847.269897094387,0.0,0.0,0.0,0.0,2312.3610517521856,1109.2902588816978,0.0,0.0
291,1.2434497875801712e-17,-7.81597009336109e-17,0.0,-2.1316282072802932e-17,0.0872366451428594,0.0156963195747514,0.4625501987547117,3.5312350232949057,1.19770047872641,0.0,1550.5923802065788,0.0,0.0,0.0,0.0,0.0,1793.5001016010392,0.0,0.0,0.0,0.0,0.0,0.0,0.0,0.0,0.0,214.57666542321124,0.0,8328.31545208821,2260.206318729318,0.0,0.0,0.0,0.0,9537.71710475089,3017.4128123939463,0.0,0.0,0.0,0.0,1730.9317570920807,737.9810962312085,0.0,0.0
292,1.2434497875801712e-17,-7.81597009336109e-17,0.0,-2.1316282072802932e-17,0.0524116716279091,0.0156728200594104,0.170555331571598,4.443476324501079,142.35365762244936,0.0,3765.640883153593,534.0880418188418,0.0,0.0,0.0,0.0,4483.8997695006,331.7331062517294,0.0,0.0,0.0,0.0,6.788647599970063,0.0,0.0,0.0,79.8030055351276,0.0,5631.1998888122425,1304.880361875025,0.0,0.0,0.0,0.0,6378.098603863063,1625.9415141569905,0.0,0.0,0.0,0.0,878.1016380315267,250.06683067837503,0.0,0.0
293,1.2434497875801712e-17,-7.81597009336109e-17,0.0,-2.1316282072802932e-17,0.0194958638925589,0.0163241148743909,0.0395349980238651,5.3306105552046406,339.18249786534267,0.0,4879.587500559462,1578.2921658834375,0.0,0.0,0.0,0.0,5988.025078395682,1439.3939924793915,0.0,0.0,0.0,0.0,434.76976217834,0.0,0.0,0.0,0.1625415215645471,0.0,4849.990234131152,811.2206999700285,0.0,0.0,0.0,0.0,5480.260710543092,1010.8421347488536,0.0,0.0,0.0,0.0,545.9424276736651,0.5092865255070631,0.0,0.0
294,1.2434497875801717e-17,-7.81597009336109e-17,0.0,-2.1316282072802938e-17,0.0037769314737563,0.023348092324253,0.0389835317341926,6.079631178378744,357.2635391459867,0.0,4999.902094871974,1710.8687892462306,0.0,0.0,0.0,0.0,6157.025929211988,1605.0283880165737,0.0,0.0,0.0,0.0,549.1420029659425,0.0,0.0,0.0,0.0,0.0,4503.532580892535,575.2524798827352,0.0,0.0,0.0,0.0,5081.377901553957,716.7901864184363,0.0,0.0,0.0,0.0,387.1488953390516,0.0,0.0,0.0
295,1.2434497875801717e-17,-7.81597009336109e-17,0.0,0.0006635797307221,3.0245478582406106e-05,0.0451143176988989,0.0630352045063555,6.60281850731457,537.2697836575232,0.0,4933.024071047071,1621.309985729927,0.0,0.0,0.0,0.0,6174.770789962377,1624.4380964120871,0.0,0.0,0.0,0.0,1329.076724064214,0.0,0.0,0.0,0.0,0.0,3503.874175010252,3.1565014740942283,0.0,0.0,0.0,0.0,3917.803748857347,3.932107807914742,0.0,0.0,0.0,0.0,2.124419739050204,0.0,0.0,0.0
296,1.2434497875801717e-17,-7.81597009336109e-17,0.0,0.002929057116279,2.234656903965521e-15,0.0789678282311142,0.0906030839601063,6.864459960191539,790.730165135274,0.0,4838.831770831585,1495.2281908304435,0.0,0.0,0.0,0.0,6199.768245282449,1651.7133568553463,0.0,0.0,0.0,0.0,2427.5965153402244,0.0,0.0,0.0,0.0,0.0,3341.340825239948,0.0,0.0,0.0,0.0,0.0,3702.0089902879376,0.0,0.0,0.0,0.0,0.0,0.0,0.0,0.0,0.0
297,1.2434497875801717e-17,-7.81597009336109e-17,0.0,0.0052815281860464,2.234656903965521e-15,0.1111287235215953,0.1179085517341928,6.913618606377558,938.1857051786932,0.0,4784.040572092124,1421.861269693541,0.0,0.0,0.0,0.0,6214.340783706167,1667.6197569256308,0.0,0.0,0.0,0.0,3066.442688232543,0.0,0.0,0.0,0.0,0.0,3292.4769846842464,0.0,0.0,0.0,0.0,0.0,3643.916053189029,0.0,0.0,0.0,0.0,0.0,0.0,0.0,0.0,0.0
298,1.2434497875801717e-17,-7.81597009336109e-17,0.0,0.0076801261395348,2.234656903965521e-15,0.1432528032558144,0.1457494208371828,6.674838534590541,1328.1590717687145,0.0,4639.1185821489225,1227.855173064618,0.0,0.0,945.8499240933156,0.0,6252.8565976164255,1709.647840804456,4.875,0.0,664.2246036831907,0.0,4756.299452025132,1421.0480100242596,479.1624326757297,0.0,0.0,0.0,2958.6176101919896,0.0,0.0,0.0,0.0,0.0,3278.040224060244,0.0,0.0,0.0,0.0,0.0,0.0,0.0,0.0,0.0
299,1.2434497875801717e-17,-7.81597009336109e-17,0.0,0.0099403434418604,2.234656903965521e-15,0.1714400028861132,0.1609887712592425,6.087876869534362,1349.2155524077536,0.0,4630.667852182272,1216.8339260911364,0.0,0.0,1576.065423055007,0.0,6255.154750687805,1712.67813512786,9.46173579206796,0.0,1105.68002233137,0.0,4854.604558703746,2384.571000248204,805.1744696509413,0.0,0.0,0.0,2921.0610326977885,0.0,0.0,0.0,0.0,0.0,3258.611813537864,0.0,0.0,0.0,0.0,0.0,0.0,0.0,0.0,0.0
300,1.2434497875801712e-17,-7.81597009336109e-17,0.0,0.0122697510697674,2.234656903965521e-15,0.1933640903685753,0.1639974001570968,5.259083306342789,1254.218674924065,0.0,4590.427457509914,1196.7098153406812,0.0,0.0,1583.9999862149373,0.0,6273.867115723757,1794.8134525619128,65.3859955089551,0.0,1188.0293615905048,0.0,5291.175233921854,2695.973605348872,947.4303236988608,0.0,0.0,0.0,2689.7627724299923,0.0,0.0,0.0,0.0,0.0,3121.0243647489697,0.0,0.0,0.0,0.0,0.0,0.0,0.0,0.0,0.0
301,1.2434497875801712e-17,-7.81597009336109e-17,0.0,0.0138400279623948,2.234656903965521e-15,0.2015749375211705,0.2007756034913146,4.388879400347783,1174.3084660240152,0.0,4556.556937350656,1179.7784686753275,0.0,0.0,1590.6826679206204,0.0,6289.573397164931,1863.916810487858,112.42584746115992,0.0,1257.2993615172843,0.0,5658.4278434491725,2957.948115984079,1067.1106464366528,0.0,0.0,0.0,2556.334547267564,0.0,0.0,0.0,0.0,0.0,3001.5704073516386,0.0,0.0,0.0,0.0,0.0,0.0,0.0,0.0,0.0
302,1.2434497875801717e-17,-7.815970093361092e-17,0.0,0.013884192,2.234656903965521e-15,0.1995041494184166,0.3802492816224898,3.49428559882104,973.9641841377196,0.0,4811.496645774365,1512.3013114527748,0.0,0.0,1469.6860910124249,0.0,6783.889208778231,2577.556361207307,225.84183581560524,0.0,1341.2989133372637,0.0,6177.554694196887,3201.5792111889523,1224.0796073086844,0.0,0.0,0.0,2447.2189132945136,0.0,0.0,0.0,0.0,0.0,2907.7416757111496,0.0,0.0,0.0,0.0,0.0,0.0,0.0,0.0,0.0
303,1.2434497875801717e-17,-7.81597009336109e-17,0.0,0.013884192,1.4085173424161569e-05,0.196503226368638,0.8096135278436946,2.562757585577945,963.894062303256,0.0,5340.094881725921,2074.708014646464,0.0,0.0,1242.5589839383315,0.0,7456.170184184718,3384.12525968416,209.7194290819803,0.0,1158.7475479575255,0.0,5544.782374952321,2545.388799753613,985.240812383406,0.0,0.0,0.0,2248.0000098240043,0.0,0.0,0.0,0.0,0.0,2753.117891924285,0.0,0.0,0.0,0.0,0.0,0.0,0.0,0.0,0.0
304,0.0012035106969222,0.0014253486815018,0.0,0.013884192,0.0015024184983411,0.1866969610959699,1.467409048371816,1.7298949815871656,951.3966215594204,0.0,5545.520694834609,2254.735995450706,0.0,0.0,1132.816359578343,0.0,7649.499032481678,3624.5896710877782,182.47403374279276,0.0,1006.28803011168,0.0,5248.7805616998,2242.39721029423,852.3508695704891,0.0,0.0,0.0,2043.0,0.0,0.0,0.0,0.0,0.0,2558.0,0.0,0.0,0.0,0.0,0.0,0.0,0.0,0.0,0.0
305,0.0082451804651162,0.008705424260465,0.0,0.0130846593488372,0.003994807782062,0.163450612465117,2.343743552193994,1.1547366363800684,902.0716215346226,0.0,5885.405303083035,2492.8446753821304,0.0,0.0,924.9641998293794,0.0,7985.366385344017,3964.72211175356,123.2122353530765,0.0,742.9315557596547,0.0,4727.238309197646,1763.1601972963122,606.1496921100121,0.0,0.0,0.0,2050.6130273967487,0.0,0.0,0.0,0.0,0.0,2547.914700819771,0.0,0.0,0.0,0.0,0.0,0.0,0.0,0.0,0.0
306,0.0159491937408637,0.0286778602354057,0.0,0.0109320714418604,0.0190561688372115,0.1324022775548179,3.5639684891845977,0.7471791984758307,687.5834857902557,0.0,6356.339181160232,2578.1128851866706,0.0,0.0,430.7435959664423,0.0,8416.242285535658,4110.069311278745,1.7324208631966076,0.0,274.98794260121844,0.0,3668.970015018829,897.9781875894909,138.16626232387594,0.0,0.0,0.0,2093.111045733522,0.0,0.0,0.0,0.0,0.0,2491.5429541329327,0.0,0.0,0.0,0.0,0.0,0.0,0.0,0.0,0.0
307,0.0242269101328903,0.0595831665049832,0.0,0.0086026638139534,0.0434317558006666,0.0990418325980071,5.235288408678484,0.4113718885982635,584.2256420558675,0.0,6227.142731575121,2352.012822740221,0.0,0.0,41.07328614660434,0.0,8128.307975534776,3543.179489624498,0.0,0.0,26.501643136087036,0.0,2961.649470657507,86.66292948360294,12.526500131848213,0.0,0.0,0.0,2142.1077482080286,0.0,0.0,0.0,0.0,0.0,2452.83775475546,0.0,0.0,0.0,0.0,0.0,0.0,0.0,0.0,0.0
308,0.0325046265249169,0.0904894141395347,0.0,0.0062732561860465,0.0678073427641218,0.0656813876411964,7.05466087664978,0.1795439527176088,499.1419335417368,0.0,6091.009652965016,2143.841875319561,0.0,0.0,0.0,0.0,7849.369441563722,3007.5633258402004,0.0,0.0,0.0,0.0,2310.2085133135743,0.0,0.0,0.0,4.2868245488181165,0.0,2302.799607632044,0.0,0.0,0.0,0.0,0.0,2679.009622979176,0.0,0.0,0.0,0.0,0.0,4.8626666523907005,0.0,0.0,0.0
309,0.0407003853289037,0.1238380366597614,0.0,0.0039669119999999,0.0970182578377978,0.0391771806613257,8.75372410910687,0.0484466169779186,384.4344070042861,0.0,5907.510751595569,1863.275353807176,0.0,0.0,0.0,0.0,7473.47626903135,2285.66768891944,0.0,0.0,0.0,0.0,1432.276222712252,0.0,0.0,0.0,64.92798101766104,0.0,3896.737073675585,0.0,0.0,0.0,0.0,0.0,4669.658274574753,0.0,0.0,0.0,0.0,0.0,198.99575660994003,53.77058390401341,0.0,0.0
310,0.0481862439325519,0.1627421109910362,0.0,0.0015683140465116,0.1344030311362149,0.0271401072475401,10.40821711108604,0.0031016443951626,281.2947695428887,0.0,5657.135188821279,1559.7088498800035,0.0,0.0,0.0,0.0,7042.312977360647,1622.588178695993,0.0,0.0,0.0,0.0,713.0824134011231,0.0,0.0,0.0,157.2784876523138,0.0,4791.544825700628,170.21684099111812,0.0,0.0,0.0,0.0,5723.007256417027,185.43703526402604,0.0,0.0,0.0,0.0,463.7272885190165,160.90952632043997,0.0,0.0
311,0.049338468,0.1933465240954396,0.0,2.935347145875238e-05,0.1683641364790118,0.0292320701434617,11.808468005110209,1.8154366898670603e-15,93.43351924899466,0.0,3970.484565475469,523.0402411860211,0.0,0.0,0.0,0.0,4936.808261100394,424.2309756369234,0.0,0.0,0.0,0.0,156.36126310529065,0.0,0.0,0.0,299.4702965848751,0.0,5559.135517568444,651.936860203008,0.0,0.0,0.0,0.0,6621.02736262019,793.7610488611572,0.0,0.0,0.0,0.0,803.368618660471,312.7901137603643,0.0,0.0
312,0.049338468,0.2104352548757478,0.0,-2.1316282072802938e-17,0.1887980489382084,0.0402638273222596,12.83042198687572,1.8154366898670603e-15,0.0,0.0,2087.4978326831347,0.0,0.0,0.0,0.0,0.0,2680.5863045139977,0.0,0.0,0.0,0.0,0.0,0.0,0.0,0.0,0.0,443.075411992102,0.0,6410.993437543367,1254.4418628701374,0.0,0.0,0.0,0.0,7616.9707861387005,1593.4336339492838,0.0,0.0,0.0,0.0,1194.3930639301325,489.24684951220905,0.0,0.0
313,0.0493393475380371,0.2189346640265785,0.0,-2.1316282072802932e-17,0.2026242872927556,0.0531562913222597,13.563860337847826,1.8154366898670603e-15,0.0,0.0,1957.0813072228448,0.0,0.0,0.0,0.0,0.0,2513.1171475755145,0.0,0.0,0.0,0.0,0.0,0.0,0.0,0.0,0.0,467.7272065129124,0.0,6557.228271298556,1357.8697194616248,0.0,0.0,0.0,0.0,7787.936162677228,1730.7079534778975,0.0,0.0,0.0,0.0,1261.5143638013826,519.5335788489579,0.0,0.0
314,0.0507295262521009,0.2266111562204421,0.0,-2.1316282072802932e-17,0.2158136861262485,0.0667925513222597,13.934027591767808,1.8154366898670603e-15,0.0,0.0,1358.40591157405,0.0,0.0,0.0,0.0,0.0,1744.3454716317915,0.0,0.0,0.0,0.0,0.0,0.0,0.0,0.0,0.0,588.5799163136984,0.0,7230.171363224296,1825.2744316363023,0.0,0.0,0.0,0.0,8563.437394028679,2350.580213824802,0.0,0.0,0.0,0.0,1571.1188282638068,665.4964548614033,0.0,0.0
315,0.0483467400000001,0.22429750731907,0.0,-2.1316282072802932e-17,0.2246630463986736,0.0745250314748177,13.944432095698582,1.8154366898670603e-15,0.0,0.0,294.917131563071,0.0,0.0,0.0,0.0,0.0,380.7027034951778,0.0,0.0,0.0,0.0,0.0,0.0,0.0,0.0,0.0,1136.337454147151,0.0,8411.033984642338,2345.3999281692813,0.0,0.0,33.44636192813658,0.0,9564.76777990085,3096.872774475988,0.0,0.0,0.0,0.0,2305.1110955863,1270.4974618177816,26.71881469812827,0.0
316,0.0450709075614618,0.2034030833222594,0.0,-2.1316282072802932e-17,0.2319310887690698,0.0746275320000005,13.465903428933885,1.8154366898670603e-15,0.0,0.0,582.3498939778976,0.0,0.0,0.0,0.0,0.0,798.1687838879703,0.0,0.0,0.0,0.0,0.0,0.0,0.0,0.0,0.0,1595.07596798172,0.0,8405.912187490207,2065.3367384573003,0.0,0.0,143.3473127090224,0.0,9273.778037431442,2975.357382903675,0.0,0.0,0.0,0.0,2915.010981591181,1894.6518243540852,132.61039028408806,0.0
317,0.041693760717608,0.1728028381395352,0.0,0.0014609229526734,0.2388699633999896,0.0746275320000005,12.468988823999224,1.8154366898670603e-15,0.0,0.0,1039.2813311471837,0.0,0.0,0.0,0.0,0.0,1415.9433795196453,0.0,0.0,0.0,0.0,0.0,0.0,0.0,0.0,0.0,1562.272123462395,0.0,8382.537214544807,2085.302720522437,0.0,0.0,153.65165931409032,0.0,9279.161859249984,3007.0553381799946,0.0,0.0,0.0,0.0,3071.804624842708,1984.9623035358209,160.9525855192982,0.0
318,0.0382828424053157,0.1418965905049835,0.0,0.0059915527176079,0.2475695744850519,0.0746275320000005,11.099429814774895,1.8154366898670603e-15,0.0,0.0,951.3839308888928,0.0,0.0,0.0,0.0,0.0,1294.657421581133,0.0,0.0,0.0,0.0,0.0,0.0,0.0,0.0,0.0,1532.7399772713416,0.0,8361.518665433157,2103.320630977513,0.0,0.0,162.9692918849203,0.0,9284.014561966314,3035.5967680747785,0.0,0.0,0.0,0.0,3213.0334046030807,2066.32275542266,186.4360644854488,0.0
319,0.035040781435216,0.1098747003513283,0.0,0.0104197335548172,0.2525112429493376,0.0702969417832231,9.70925599136211,1.063938540021417e-06,0.0,0.0,908.3290239829732,0.0,0.0,0.0,0.0,0.0,1250.748250649302,0.0,0.0,0.0,0.0,0.0,0.0,0.0,0.0,0.0,1520.558172261849,0.0,8352.839342929901,2110.7527280029394,0.0,0.0,166.81348000152025,0.0,9286.030625067464,3047.3514410713155,0.0,0.0,0.0,0.0,3271.2771258897005,2099.8611610799303,196.9435120041553,0.0
320,0.0305873468779825,0.074923032348837,0.0,0.0146634068571428,0.2536710903986734,0.0590329386777415,8.346781385024132,0.012809813759893,0.0,0.0,704.4391614521337,0.0,0.0,0.0,0.0,0.0,1041.306302185353,0.0,0.0,0.0,0.0,0.0,0.0,0.0,0.0,0.0,1453.560021872961,0.0,8342.771411623378,2159.269164270509,0.0,0.0,173.32277828347966,0.0,9333.365303850318,3138.796883399732,0.0,0.0,10.901740569203575,0.0,3529.4869555729265,2241.241736416472,241.79046924260857,0.0
321,0.029008044,0.0421724527845036,0.0,0.0194144758803986,0.2551386554571795,0.0462644406777416,6.827239152074978,0.1407499172207912,0.0,0.0,694.0859543817527,0.0,0.0,0.0,0.0,0.0,1028.5614911954628,0.0,0.0,0.0,0.0,0.0,0.0,0.0,0.0,0.0,1442.7841187236315,0.0,8363.83408998117,2171.7189616963537,0.0,0.0,165.58740450494918,0.0,9362.84641166111,3169.6476438291047,0.0,0.0,13.498973193338248,0.0,3533.701163714217,2238.091854000484,241.1980832942314,0.0
322,0.029008044,0.0215453731694351,0.0,0.0245806868571428,0.2524049400774808,0.0323802486777415,5.370475240282309,0.4436694573116047,0.0,0.0,669.2981960218946,0.0,0.0,0.0,0.0,0.0,968.3796281583516,0.0,0.0,0.0,0.0,0.0,0.0,0.0,0.0,0.0,1320.7221683294522,0.0,8625.774976701327,2317.397292604926,0.0,0.0,71.79406439330832,0.0,9717.241751813634,3528.0637691286,0.0,0.0,5.852776988584917,0.0,3536.896471537096,2172.3494494895403,224.70305583690572,0.0
323,0.0290069398990599,0.0133907990830564,0.0,0.0277027688584152,0.250249648076627,0.0199836486777413,4.271430084502983,0.8158523087407947,0.0,0.0,665.3218644299493,0.0,0.0,0.0,0.0,0.0,931.2463564090956,0.0,0.0,0.0,0.0,0.0,0.0,0.0,0.0,0.0,1216.6118837311676,0.0,8848.997829334088,2441.488931585396,0.0,0.0,0.0,0.0,10013.200696800312,3812.6188000637103,0.0,0.0,0.0,0.0,3523.973672837455,2107.7478102084506,205.8340358608857,0.0
324,0.0272128355524827,0.0065409568504982,0.0,0.027768384,0.2470111097142887,0.0095705046777413,3.449793413198865,1.1703307372172054,0.0,0.0,758.4256341992244,0.0,0.0,0.0,0.0,0.0,986.701607255276,0.0,0.0,0.0,0.0,0.0,0.0,0.0,0.0,0.0,1150.1391735446373,0.0,8989.56402145217,2519.19102569452,0.0,0.0,0.0,0.0,10165.842084244803,3875.3235016218914,0.0,0.0,0.0,0.0,3428.2979348988006,2018.9221241590017,167.05928863878097,0.0
325,0.0224436118604651,0.0006211186830992,0.0,0.027768384,0.2434501993175466,0.00081613496367,2.5191631320745698,1.6495522703888128,0.0,0.0,1025.663793665809,0.0,0.0,0.0,0.0,0.0,1184.1319425634567,0.0,0.0,0.0,0.0,0.0,0.0,0.0,0.0,0.0,965.1583419667318,0.0,9135.101701802498,2560.6311536793387,0.0,0.0,0.0,0.0,10308.368242767883,3820.5960787979207,0.0,0.0,0.0,0.0,3144.3778957925674,1773.5186656631884,77.02493107012998,0.0
326,0.0170949525847176,-1.0302869668521495e-16,0.0,0.027768384,0.2247220750255638,5.719869022868804e-16,1.5756162482342964,2.203812545389384,0.0,0.0,1847.080958729031,0.0,0.0,0.0,0.0,0.0,2146.722528881885,0.0,0.0,0.0,0.0,0.0,0.0,0.0,0.0,0.0,872.7618168736643,0.0,8604.17363098008,2124.4877217130734,0.0,0.0,0.0,0.0,9755.310902348883,3215.038401380348,0.0,0.0,0.0,0.0,2782.224086858845,1518.9261341624158,14.846590594630854,0.0
327,0.0123727128637873,-1.0302869668521495e-16,0.0,0.0264815044605058,0.1976654469962735,5.719869022868804e-16,0.8870250001700218,2.625635063515902,104.2491753441126,0.0,2175.528439898182,0.0,0.0,0.0,0.0,0.0,2630.003892385927,0.0,0.0,0.0,0.0,0.0,0.0,0.0,0.0,0.0,561.1143906028996,0.0,7872.475070969634,1288.2798955642402,0.0,0.0,0.0,0.0,8897.296382959357,1972.54886264965,0.0,0.0,0.0,0.0,1792.6601554280053,979.0096950716433,0.0,0.0
328,0.0076504731428571,-1.0302869668521495e-16,0.0,0.0220997194684385,0.1656943558804011,5.719869022868804e-16,0.4126531862184348,3.0502464594280303,132.1217537617745,0.0,2456.9332572590333,0.0,0.0,0.0,0.0,0.0,3015.595083739866,0.0,0.0,0.0,0.0,0.0,0.0,0.0,0.0,0.0,0.0,0.0,6561.01028431524,0.0,0.0,0.0,0.0,0.0,7415.070938786764,0.0,0.0,0.0,0.0,0.0,0.0,0.0,0.0,0.0
329,0.0025937105531561,-1.0302869668521495e-16,0.0,0.0172563966777408,0.1295806831338417,5.719869022868804e-16,0.1306874047489107,3.6125757225234953,154.89149931806728,0.0,3150.1561723405503,407.0014228323409,0.0,0.0,0.5722339864075092,0.0,3853.087595407448,461.5067100376562,0.0,0.0,0.0,0.0,235.6173439032919,0.0,0.0,0.0,0.0,0.0,5014.257504156739,0.0,0.0,0.0,0.0,0.0,5666.965753453306,0.0,0.0,0.0,0.0,0.0,0.0,0.0,0.0,0.0
330,1.7763568394002496e-17,-1.0302869668521495e-16,0.0,0.0135662459800664,0.099731676617942,5.719869022868804e-16,0.0246167921262245,4.13862800776246,337.7576240779775,0.0,5623.486728101257,2696.7891085184933,0.0,0.0,3.79161913324217,0.0,7293.722182873361,3057.94083095981,0.0,0.0,0.0,0.0,1561.1991781124634,0.0,0.0,0.0,0.0,0.0,3095.316319573408,0.0,0.0,0.0,0.0,0.0,3498.281645738402,0.0,0.0,0.0,0.0,0.0,0.0,0.0,0.0,0.0
331,1.7763568394002496e-17,0.0002806241448045,0.0,0.0111215211428571,0.0798901152159489,5.719869022868804e-16,0.0104839817142645,4.492421924267614,376.04349244347856,0.0,5756.0633024235,2815.3556716724947,0.0,0.0,33.76180240599127,0.0,7493.776504817382,3208.76706344297,0.0,0.0,7.23231717983244,0.0,1733.0216708635155,49.55363084656379,0.0,0.0,0.0,0.0,1416.3765220904072,0.0,0.0,0.0,0.0,0.0,1586.2133997110654,0.0,0.0,0.0,0.0,0.0,0.0,0.0,0.0,0.0
332,1.7763568394002496e-17,0.0016704521461792,0.0,0.0079848930498338,0.0550664596452872,0.0002569292767703,0.0056628986710751,4.9015916050212125,396.2468895658832,0.0,5742.924556618853,2792.3589042870394,0.0,0.0,56.84970101988653,0.0,7483.518298276903,3195.3985084535616,0.0,0.0,12.8428310698746,0.0,1799.7535034455,87.99516033892894,0.0,0.0,0.0,0.0,1400.2115039682817,0.0,0.0,0.0,0.0,0.0,1556.6707998787888,0.0,0.0,0.0,0.0,0.0,0.0,0.0,0.0,0.0
333,1.7763568394002496e-17,0.003105327707641,0.0,0.0048943918405315,0.0412249315429543,0.0206517236326536,0.0041452418272213,5.238381781503561,625.1659039184864,0.0,5593.968417481713,2531.719476593331,0.0,0.0,318.6547631489584,0.0,7367.458730651744,3044.297414007101,0.106515196159263,0.0,76.59768070046506,0.0,2556.694902419782,524.1252561775146,0.2371200149217822,0.0,0.0,0.0,2303.0091182386923,0.0,0.0,0.0,0.0,0.0,2449.297345646409,0.0,0.0,0.0,0.0,0.0,0.0,0.0,0.0,0.0
334,1.7763568394002496e-17,0.0039619698338869,0.0,0.0030493164916943,0.035438008036547,0.0489669818471766,0.0032391780398459,5.402764325681065,874.1808134804246,0.0,5413.115812155846,2232.7529098151267,0.0,0.0,648.4521065528791,0.0,7279.713457244498,2963.085101803319,23.888968153348344,0.0,186.76416778625085,0.0,3562.6718356765755,1122.952136828959,53.1806980528696,0.0,0.0,0.0,3146.826673226484,0.0,0.0,0.0,0.0,0.0,3266.559979752872,0.0,0.0,0.0,0.0,0.0,0.0,0.0,0.0,0.0
335,1.7763568394002502e-17,0.0044973711627905,0.0,0.001896144398671,0.0325515771029922,0.0672324041063128,0.0026728881727362,5.497060232065426,875.4790827104661,0.0,5410.54449569512,2229.857689783715,0.0,0.0,654.0659926202055,0.0,7282.587437697505,2969.8565448937497,26.060715045319508,0.0,190.87004378678068,0.0,3583.71494798191,1136.8388386852612,58.015357087441096,0.0,0.0,0.0,3139.265383314095,0.0,0.0,0.0,0.0,0.0,3257.5198841939937,0.0,0.0,0.0,0.0,0.0,0.0,0.0,0.0,0.0
336,1.7763568394002496e-17,0.0060179109368769,0.0,0.000158660574178,0.0251470051275082,0.1191062033222596,0.001076341292223,5.723070296207814,882.0961431197283,0.0,5397.438927174935,2215.1012391164345,0.0,0.0,682.6790278663912,0.0,7297.235633797763,3004.369454042672,37.1297445233899,0.0,211.7970047743551,0.0,3690.9681602596434,1207.617027786786,82.65680290598166,0.0,0.0,0.0,3100.7267574540165,0.0,0.0,0.0,0.0,0.0,3211.44403410496,0.0,0.0,0.0,0.0,0.0,0.0,0.0,0.0,0.0
337,1.7763568394002496e-17,0.0078596915083055,0.0,-1.953992523340273e-17,0.0169882841661151,0.1819392558936883,-2.1188384380366132e-14,5.870539808948741,974.911196501678,0.0,5305.881047286449,2093.472501799938,0.0,0.0,1035.3460061042986,0.0,7518.883921569341,3445.4877097796634,171.56213342534764,0.0,465.780582806463,0.0,4880.830062940311,1989.1776495918373,361.9936494741843,0.0,0.0,0.0,2576.907673580738,0.0,0.0,0.0,0.0,0.0,2596.217692769655,0.0,0.0,0.0,0.0,0.0,0.0,0.0,0.0,0.0
338,1.7763568394002496e-17,0.0100441289302324,0.0,-1.953992523340273e-17,0.0088853356798083,0.2564621787109642,-2.1188384380366132e-14,5.762042163160811,1022.8567378006442,0.0,5458.42221386948,2219.0010566423803,0.0,0.0,1111.0403955825914,0.0,7662.369389530984,3577.6630558847337,195.5668186698948,0.0,510.5344662226482,0.0,4794.119752174084,1923.486585197394,359.85470491079104,0.0,0.0,0.0,2392.2174771492964,0.0,0.0,0.0,0.0,0.0,2439.541933634937,0.0,0.0,0.0,0.0,0.0,0.0,0.0,0.0,0.0
339,1.7763568394002496e-17,0.0127261071585191,0.0,-1.953992523340273e-17,0.0011496713920288,0.3884358483805185,0.008438513296609,5.126936634325707,922.02256719708,0.0,4846.179380832368,2017.003506608831,0.0,0.0,1018.0020144129932,0.0,6749.844182757563,3198.49024010503,186.8291245811322,0.0,474.8438460529578,0.0,4090.229581513703,1617.405914938932,309.63334456855137,0.0,0.0,0.0,2207.0134880740047,0.0,0.0,0.0,0.0,0.0,2334.00155176034,0.0,0.0,0.0,0.0,0.0,0.0,0.0,0.0,0.0
340,0.000972013054745,0.0135975911314457,0.0,-1.953992523340273e-17,0.0025932584165846,0.4402363301656808,0.229913900923278,4.180765830760075,643.3905708335623,0.0,3642.366364050592,1518.6137122228974,0.0,0.0,681.5149099947952,0.0,5051.207077915884,2399.985393013917,125.06226638899577,0.0,317.8665937386976,0.0,2953.0158780785887,1137.1319246067856,207.32048326985307,0.0,0.0,0.0,2083.776730092618,0.0,0.0,0.0,0.0,0.0,2266.945361168959,0.0,0.0,0.0,0.0,0.0,0.0,0.0,0.0,0.0
341,0.016596205654485,0.029011574118652,0.0,-1.953992523340273e-17,0.0167770065647863,0.4459259413469393,0.8490912514783844,2.971550242947796,624.848013845857,0.0,3786.528306242158,1581.0853894630727,0.0,0.0,634.3601574330058,0.0,5231.733034644449,2491.4362539352246,116.40907312806662,0.0,295.87306086716933,0.0,2962.390170777928,1112.5115294953323,192.9757551557533,0.0,0.0,0.0,2081.716445982873,0.0,0.0,0.0,0.0,0.0,2268.748109764986,0.0,0.0,0.0,0.0,0.0,0.0,0.0,0.0,0.0
342,0.0330153170232558,0.045527234232558,0.0,-1.953992523340273e-17,0.0296414649568129,0.4122554487331535,1.9815764071953657,1.94220123728929,344.0577584670026,0.0,5969.705910816766,2527.150547481044,0.0,0.0,1.0818870572187185,0.0,7965.562255990194,3876.3077522011354,0.1985330700303051,0.0,0.5046048863270274,0.0,3104.3305860917,739.6849042874936,0.3291158333538104,0.0,296.3603415639019,0.0,2318.603008925085,0.0,0.0,0.0,0.0,0.0,2597.4775209050777,0.0,0.0,0.0,0.0,0.0,0.0,0.0,0.0,0.0
343,0.0457191550166113,0.0581874164252491,0.0,-1.953992523340273e-17,0.0395949875083079,0.3398867663920256,3.332752608973339,1.181640710471012,225.24423278838768,0.0,6893.290993076098,2927.360262036369,0.0,0.0,0.0,0.0,9122.015087452644,4462.166985672353,0.0,0.0,0.0,0.0,3164.352699516912,581.9521103189713,0.0,0.0,563.1336885457464,0.0,2586.7804473943675,0.0,0.0,0.0,0.0,0.0,2939.8302865833084,0.0,0.0,0.0,0.0,0.0,0.0,7.611807487965151,0.0,0.0
344,0.0577039078405317,0.0701309845315615,0.0,-1.953992523340273e-17,0.0489409390853207,0.2712318421395339,4.830914553824254,0.605220010597866,221.90903304474395,0.0,6918.568649554987,2926.734024730972,0.0,0.0,0.0,0.0,9149.585420458783,4454.331599029061,0.0,0.0,0.0,0.0,3137.337675948713,566.6841363581229,0.0,0.0,719.9905998116458,0.0,2749.843518602529,0.0,0.0,0.0,0.0,0.0,3149.1863078702863,0.0,0.0,0.0,0.0,0.0,0.0,49.45266137418746,0.0,0.0
345,0.0686915348376335,0.0825515943456564,0.0,-1.953992523340273e-17,0.0563000347324543,0.2069863991099177,6.362111267913459,0.2485687332596323,292.68955520270856,0.0,5562.1419727857165,1465.378581221673,0.0,0.0,0.0,0.0,7116.352482685738,1901.1586365897056,0.0,0.0,0.0,0.0,1056.980664874858,58.30879350889981,0.0,0.0,984.12702503505,0.0,3312.4771197838368,0.0,0.0,0.0,0.0,0.0,3767.6767492719855,0.0,0.0,0.0,0.0,0.0,57.21213195159213,173.1827364056558,0.0,0.0
346,0.0721482120000001,0.0951736126294666,0.0,-1.953992523340273e-17,0.0686598664186069,0.1435369778073097,7.979006509741112,0.0654648736972019,262.00438845341387,0.0,5073.019720762557,1039.8042501003824,0.0,0.0,0.0,0.0,6410.548289354236,1246.779503674866,0.0,0.0,0.0,0.0,625.0324125800876,0.0,0.0,0.0,1009.8016552172622,0.0,3471.710317339083,0.0,0.0,0.0,0.0,0.0,3924.3011908398944,0.0,0.0,0.0,0.0,0.0,120.2446600967162,202.92974852045185,0.0,0.0
347,0.0721482120000001,0.1050959860863789,0.0,-1.953992523340273e-17,0.0844360843455173,0.0742018524394552,9.658848027253956,0.0172857088353784,139.58447609154868,0.0,4133.361589594375,553.9622154605036,0.0,0.0,0.0,0.0,5223.132172739492,664.2295758839213,0.0,0.0,0.0,0.0,332.98992572309885,0.0,0.0,0.0,1103.4844943226572,0.0,4032.791206427341,65.30886787897039,0.0,0.0,20.231327525914484,0.0,4510.758381786358,87.27077739284495,0.0,0.0,12.031665249627352,0.0,482.7630992550561,361.0717815720463,15.36921622640754,0.0
348,0.0721482120000001,0.1151920077607975,0.0,-1.953992523340273e-17,0.0995764102325606,0.0479384804704324,11.006032861390004,0.0028001581023275,0.0,0.0,2482.9549881281605,0.0,0.0,0.0,0.0,0.0,3137.5826349009662,0.0,0.0,0.0,0.0,0.0,0.0,0.0,0.0,0.0,1388.3452675946671,0.0,5840.93838362922,977.467221957882,0.0,0.0,288.2377508458894,0.0,6779.451137028977,1340.1418080284636,0.0,0.0,180.6928597506822,0.0,2392.6588643862265,1589.7057518573206,283.2501339362888,0.0
349,0.0718701713426169,0.1240355934100518,0.0,-1.953992523340273e-17,0.1120558703793055,0.0547543459925077,11.900883844373478,1.975308805413083e-15,0.0,0.0,1775.8686008361365,0.0,0.0,0.0,0.0,0.0,2244.1162166491004,0.0,0.0,0.0,0.0,0.0,0.0,0.0,0.0,0.0,1415.0,0.0,6704.0,1540.0,0.0,0.0,423.0,0.0,7946.0,2184.0,0.0,0.0,286.0,0.0,3723.0,2606.0,560.0,0.0
350,0.0631024006245848,0.1258933249739658,0.0,-1.953992523340273e-17,0.149707272199338,0.071071643481728,12.617063860079467,1.975308805413083e-15,0.0,0.0,806.2862746411982,0.0,0.0,0.0,0.0,0.0,1024.670989883849,0.0,0.0,0.0,0.0,0.0,0.0,0.0,0.0,0.0,846.9562743469126,0.0,6453.569722629989,1419.6193896481743,0.0,0.0,225.78090117540367,0.0,7942.45562601167,2407.756215439796,0.0,0.0,342.8192457250275,0.0,5339.516488207798,3616.6605217923575,927.938426668664,0.0
351,0.0509978002724253,0.1204430055366173,0.0,-1.953992523340273e-17,0.1966204796177982,0.0905680232309696,12.858688037055291,1.975308805413083e-15,0.0,0.0,1168.6054943447548,0.0,0.0,0.0,0.0,0.0,1493.3615079346894,0.0,0.0,0.0,0.0,0.0,0.0,0.0,0.0,0.0,227.5908789238936,0.0,6041.590579188934,1223.6596400881333,0.0,0.0,53.813242491062816,0.0,7852.08064269866,2509.930802470693,0.0,0.0,362.9919866625781,0.0,7085.636250817857,4736.729150978359,1295.1273192274414,0.0
352,0.0392527425049834,0.1076230803588042,0.0,-1.953992523340273e-17,0.2314338139734242,0.1042043369501665,12.585196749654708,1.975308805413083e-15,0.0,0.0,1313.213565016019,0.0,0.0,0.0,0.0,0.0,1669.3204652600964,0.0,0.0,0.0,0.0,0.0,0.0,0.0,0.0,0.0,127.96432852415477,0.0,5769.667984067773,1066.4789119131729,0.0,0.0,60.992681807544535,0.0,7779.9905767687615,2422.2852800254136,0.0,0.0,306.3411353985451,0.0,7525.4172806607485,5070.856143841161,1340.660384512508,0.0
353,0.0265489045116279,0.0926927965315616,0.0,-1.953992523340273e-17,0.2695240491827264,0.1208127149767446,11.756965230279036,1.975308805413083e-15,0.0,0.0,1139.8603658466827,0.0,0.0,0.0,0.0,0.0,1480.2979474669175,0.0,0.0,0.0,0.0,0.0,0.0,0.0,0.0,0.0,217.0052499509724,0.0,5998.542628062163,1200.0245165760791,0.0,0.0,69.8850771018673,0.0,8086.451391165659,2668.4181669830323,4.158876515727602,0.0,268.45374827858257,0.0,7026.142744539696,4852.334536537578,1211.280080399137,0.0
354,0.0143244566312292,0.0783259196411959,0.0,-1.953992523340273e-17,0.3111935109169453,0.1414723879136216,10.534600254789837,1.975308805413083e-15,0.0,0.0,1043.002656076026,0.0,0.0,0.0,0.0,0.0,1398.196215986561,0.0,0.0,0.0,0.0,0.0,0.0,0.0,0.0,0.0,270.0,0.0,6280.0,1361.0,0.0,0.0,76.71363604399039,0.0,8251.0,2767.0,13.0,0.0,272.0,0.0,6460.0,4460.0,1075.0,0.0
355,0.0046168068438538,0.0664412581612803,0.0,-1.953992523340273e-17,0.3457355953427982,0.1578804917305953,9.364054898772544,1.975308805413083e-15,0.0,0.0,918.8929176152452,0.0,0.0,0.0,0.0,0.0,1293.0199782818618,0.0,0.0,0.0,0.0,0.0,0.0,0.0,0.0,0.0,322.1113607512508,0.0,6406.575299305462,1421.3978900223826,0.0,0.0,112.26300238984707,0.0,8361.021378244193,2826.0774038336804,20.94205461320936,0.0,266.87115509315635,0.0,6312.583983890237,4336.237910400904,1033.6439035683245,0.0
356,2.4440999656348303e-05,0.0514785821448044,0.0,0.0004823724545766,0.3576508002183541,0.1674273377892089,7.899897762232985,0.008455336137933,0.0,0.0,814.0437482788243,0.0,0.0,0.0,0.0,0.0,1203.8095368109296,0.0,0.0,0.0,0.0,0.0,0.0,0.0,0.0,0.0,537.7808851842071,0.0,6930.324703637145,1671.299498273417,0.0,0.0,230.53047995326497,0.0,8816.28717421994,3070.4847201859016,53.8046860978649,0.0,245.6609137757281,0.0,5702.562881641414,3824.140896236447,862.4894007872507,0.0
