Time,r-biceps,l-biceps,r-lats,l-lats,r-quat,l-quat,r-hamstring,l-hamstring,L1,L2,L3,L4,L5,L6,L7,L8,L9,L10,L11,L12,L13,L14,L15,L16,L17,L18,R1,R2,R3,R4,R5,R6,R7,R8,R9,R10,R11,R12,R13,R14,R15,R16,R17,R18
0,2.0554472255470007,0.7967430487305057,0.3949571538045736,0.1176544420265781,3.803838227700997,7.761335377029515,6.98169450032246,6.101277865953483,0.0,0.0,296.48805221778895,0.0,0.0,0.0,0.0,0.0,554.029498367093,0.0,0.0,0.0,0.0,0.0,0.0,0.0,0.0,0.0,0.0,441.740652184742,3344.456989127318,0.0,0.0,0.0,0.0,0.0,2745.4764208781244,45.87615050688154,380.6528992603321,0.0,0.0,0.0,2322.677864876949,1303.4523585178451,0.0,0.0
1,1.9863120091554836,0.9750855439076412,0.3980828316079741,0.130811023620598,3.794793638138872,7.348607146784059,6.728796750709643,6.291060531663783,0.0,0.0,323.1947399660476,0.0,0.0,0.0,0.0,0.0,593.7073687941487,0.0,0.0,0.0,0.0,0.0,0.0,0.0,0.0,0.0,0.0,1.256078087133731,3323.4827675485703,0.0,0.0,0.0,0.0,0.0,2978.866831889709,228.0761771191333,545.0906310625028,13.631723138860568,0.0,0.0,2997.230250127264,1511.5131742512792,0.0,0.0
2,2.0095074205794043,1.18489561019402,0.3932067532385387,0.131651892,3.9669541594225946,7.002492317569443,6.416148856403334,6.739566609277077,0.0,0.0,838.9195563425759,0.0,0.0,0.0,0.0,0.0,1388.9649969844938,0.0,0.0,0.0,0.0,0.0,0.0,0.0,0.0,0.0,0.0,0.0,3779.768442503809,0.0,0.0,0.0,0.0,0.0,3353.0594420754937,517.0883848947623,579.6563792710733,313.93243312717755,0.0,0.0,3219.919691258392,1919.99406440292,0.0,0.0
3,2.209493590386556,1.2996689438061362,0.4185866432691031,0.131651892,4.2321165313965246,7.082922070487406,6.2683078826030965,7.329190789327342,0.0,0.0,1567.429623083837,0.0,0.0,0.0,0.0,0.0,2461.849910752995,20.46077745932927,0.0,0.0,0.0,0.0,1088.3919383648197,316.37880315050523,0.0,0.0,391.43800855968016,0.0,2753.505213694839,0.0,0.0,0.0,0.0,0.0,2456.910910814539,42.587606942813,45.07649306284752,218.56154275652625,0.0,0.0,606.3812591878793,651.2819294404358,0.0,0.0
4,2.494477084899055,1.3721328935052388,0.440679773182724,0.131651892,4.467104640542808,7.38214621725327,6.33320865274624,7.649304637376949,0.0,0.0,2519.4774793184342,0.0,0.0,0.0,0.0,0.0,3658.081982332667,153.01345892469044,0.0,2.840451679202159,0.0,0.0,2817.200433766586,1006.5462125968606,0.0,0.0,269.1299050595246,0.0,1848.712836608057,0.0,0.0,0.0,0.0,0.0,1627.9213437814485,0.0,0.0,0.0,0.0,0.0,0.0,0.0,0.0,0.0
5,2.848439772198585,1.423019289415406,0.4223814186909039,0.1262819487730208,4.698119246094908,7.785119241534268,6.55963247254486,7.776250897438223,0.0,0.0,2859.6676735877954,0.0,0.0,0.0,0.0,0.0,4057.778886638381,411.1439622616032,0.0,61.10335855894738,0.0,0.0,4279.828311568444,1718.4867598839746,0.0,0.0,0.0,0.0,1054.4957533850848,0.0,0.0,0.0,0.0,0.0,692.7714247815196,0.0,0.0,0.0,0.0,0.0,0.0,0.0,0.0,0.0
6,3.2895699680147428,1.4412129160446956,0.3884443721461785,0.1038793895282392,5.060521616222776,8.268400049473405,7.097121297533324,7.821994776848803,0.0,0.0,2028.723589632314,0.0,0.0,0.0,0.0,0.0,3128.299408005756,261.99576270371165,0.0,216.0285790801595,0.0,0.0,4365.285816400641,1979.532778067742,0.0,0.0,0.0,0.0,680.6163105640022,0.0,0.0,0.0,0.0,0.0,232.4934555037817,0.0,0.0,0.0,0.0,0.0,0.0,0.0,0.0,0.0
7,3.6935746535238816,1.326939593081186,0.3510498840996666,0.0778551783189369,5.481005490605486,8.533524943528667,7.697005065405527,7.865302604324124,0.0,0.0,1589.3602755254046,0.0,0.0,0.0,0.0,0.0,2456.5259726052427,89.47921792857322,0.0,165.74575449528837,0.0,0.0,2920.9074980551377,1354.0740778368242,0.0,0.0,0.0,0.0,398.1760047038778,0.0,0.0,0.0,0.0,0.0,471.7647869775649,0.0,0.0,0.0,0.0,0.0,0.0,0.0,0.0,0.0
8,3.981647956988634,1.1971387732771483,0.3182557723623002,0.0555487115681063,5.87737701862074,8.515762499116642,8.203968327156845,7.838891470144076,0.0,62.68421052631579,1379.9414601035776,0.0,0.0,0.0,0.0,0.0,1993.543711403597,0.0,0.0,52.81868603930008,22.973684210526315,0.0,930.6948309311904,431.4695065491304,0.0,0.0,0.0,0.0,273.99738511855224,0.0,0.0,0.0,0.0,0.0,1088.0406726706988,0.0,0.0,0.0,0.0,0.0,0.0,0.0,0.0,0.0
9,4.131842237094291,1.0651932992691036,0.2666240959335549,0.0352104624717608,6.274213588456414,8.310050588701916,8.624979760677496,7.748896351044148,0.0,0.0,1120.331748883096,0.0,0.0,0.0,0.0,0.0,1584.9667783097186,0.0,0.0,0.0,0.0,0.0,0.0,0.0,0.0,0.0,0.0,0.0,578.8065155685129,0.0,0.0,0.0,0.0,0.0,1562.494137904935,0.0,0.0,0.0,0.0,0.0,0.0,0.0,0.0,0.0
10,4.245056944098343,0.8542615671986707,0.205580986102326,0.0102599368504983,6.792359541564113,7.940693761907657,8.953509078647835,7.763375197949491,0.0,0.0,675.4917939028232,0.0,0.0,0.0,0.0,0.0,1056.5603621374837,0.0,0.0,0.0,0.0,0.0,0.0,0.0,0.0,0.0,0.0,0.0,1367.200469550057,0.0,0.0,0.0,0.0,0.0,2075.1961370889085,0.0,0.0,0.0,0.0,0.0,318.6738055138667,214.44353908591228,0.0,0.0
11,4.250254345634554,0.6538957626635027,0.1983456000000004,-7.105427357601019e-18,7.102924577612715,7.451272371613688,8.965556147871851,7.875303497268142,0.0,0.0,211.59665457522084,0.0,0.0,0.0,0.0,0.0,485.6023525177661,0.0,0.0,0.0,0.0,0.0,0.0,0.0,0.0,0.0,0.0,0.0,2376.717634873333,0.0,0.0,0.0,0.0,0.0,2569.9983554824043,0.0,0.0,0.0,0.0,0.0,1998.819760329461,1335.6889341184274,0.0,0.0
12,4.131821165201486,0.5006851637975367,0.1963824133414114,-7.105427357601019e-18,7.147638589024815,6.8911674465812185,8.665572840215752,7.907342388086756,0.0,0.0,179.23561903054292,0.0,0.0,0.0,0.0,0.0,363.6802959987799,0.0,0.0,0.0,0.0,0.0,0.0,0.0,0.0,0.0,0.0,0.0,2480.8809867408936,0.0,0.0,0.0,0.0,0.0,2555.748722076237,0.0,0.0,0.0,0.0,0.0,2033.3880312590425,1323.9743935460438,0.0,0.0
13,3.8115700948515454,0.459213488588214,0.1738149850890019,-7.105427357601019e-18,7.0563421609812895,6.258058909642963,8.038750724122398,7.732443534286402,0.0,0.0,230.33290751302957,0.0,0.0,0.0,0.0,0.0,445.5091514711162,0.0,0.0,0.0,0.0,0.0,0.0,0.0,0.0,0.0,0.0,0.0,2590.44923916285,0.0,0.0,0.0,0.0,0.0,2528.068905672132,0.0,0.0,0.0,0.0,0.0,2042.610364775956,1286.7788791161558,0.0,0.0
14,3.404082637602658,0.4674953807734207,0.1591697264823922,0.0003667087255813,6.99679076932891,5.690903308940877,7.258196285629237,7.587426222623246,0.0,0.0,957.9020072738882,0.0,0.0,0.0,0.0,0.0,1378.554719025263,0.0,0.0,0.0,0.0,0.0,34.37923199282277,0.0,0.0,0.0,0.0,0.0,2693.383968637887,0.0,0.0,0.0,0.0,0.0,2504.580003066438,52.30937775732399,0.0,0.0,0.0,0.0,2053.292263806833,1256.894133540526,0.0,0.0
15,3.032073559251216,0.5131502080771777,0.1845671418423204,0.0023355853355481,6.959788289392801,5.143058655095083,6.477496222031947,7.469705671380774,0.0,0.0,1515.5580989060345,0.0,0.0,0.0,0.0,0.0,2092.5910107950995,0.0,0.0,0.0,0.0,0.0,174.46548201074862,0.0,0.0,0.0,0.0,0.0,2764.897176547117,0.0,0.0,0.0,0.0,0.0,2496.9065242980087,155.2571843427173,0.0,0.0,0.0,0.0,2067.4483040697164,1253.340933355361,0.0,0.0
16,2.663454508117385,0.6107806497895899,0.2456494971893685,0.0083205942591362,6.8854998390343365,4.725029344897025,5.680591259694357,7.28739616194241,0.0,0.0,1967.8949273425687,0.0,0.0,0.0,0.0,0.0,2682.6506067575187,0.0,0.0,0.0,0.0,0.0,727.3488429772375,0.0,0.0,0.0,0.0,0.0,2854.2104042960746,0.0,0.0,0.0,0.0,0.0,2516.019866803149,161.6068027448466,47.14345527252407,1.8154763560339515,0.0,0.0,2108.277649342762,1306.3759106524074,0.0,0.0
17,2.35182763268731,0.7294613295588038,0.310735399574751,0.0200013581063122,6.813167307423793,4.58613941815975,5.15123071114366,7.003240610940593,0.0,3.919947599887714,2498.547215344692,0.0,0.0,0.0,0.0,0.0,3383.778309457649,0.0,0.0,0.0,0.0,0.0,1675.1916413638276,24.281897632637783,0.0,0.0,0.0,0.0,3017.79483153816,0.0,0.0,0.0,0.0,0.0,2420.521190482121,127.34803202740608,250.13277342968848,79.50429615703341,0.0,0.0,2104.941979526849,1357.0256675644412,0.0,0.0
18,2.145160195527562,0.7978916727056742,0.376331946697675,0.031213897475083,6.691085568434476,4.633064216953025,4.872738445731377,6.755532692114172,0.0,51.89987242105455,2541.9630189746363,0.0,0.0,0.0,0.0,0.0,3464.334194720208,0.0,0.0,0.0,0.0,0.0,2211.1541363441797,614.3009753522811,0.0,0.0,0.0,0.0,2946.3034250687906,0.0,0.0,0.0,0.0,0.0,36.49386833025929,1.3851274579261854,5.074089361178577,2.3886381672400536,0.0,0.0,32.49395944665613,21.25746629307126,0.0,0.0
19,2.0308271328751784,0.8177340830171518,0.4648626492879527,0.0423131788704318,6.5045775153106025,4.677141093532321,4.747766395535703,6.519797134386597,0.0,0.0,2685.744120900166,0.0,0.0,0.0,0.0,0.0,3772.636186092387,0.0,0.0,121.62310717144456,0.0,0.0,2607.498796582466,1153.7291614955684,0.0,0.0,0.0,0.0,2664.47884594666,0.0,0.0,0.0,0.0,0.0,0.0,0.0,0.0,0.0,0.0,0.0,0.0,0.0,0.0,0.0
20,1.8948743821021583,0.8343057319335525,0.5692555099833895,0.0529299469784052,6.264252863571432,4.741751907553175,4.781890704936884,6.247185230182719,0.0,0.0,2845.2146306259456,0.0,0.0,0.0,0.0,0.0,3923.842630478083,0.0,0.0,163.022240482307,0.0,0.0,2262.250656380284,993.4196661147004,0.0,0.0,0.0,0.0,2436.680348400599,0.0,0.0,0.0,0.0,0.0,0.0,0.0,0.0,0.0,0.0,0.0,0.0,0.0,0.0,0.0
21,1.7211410368434628,0.8924043508774662,0.6399395608575341,0.0622064957342191,6.023464381104555,4.84109610260076,4.875990702514763,5.8634551636427545,0.0,0.0,2508.9359221738086,0.0,0.0,63.70520814213173,213.8929055498389,0.0,3396.1403987732256,0.0,0.0,136.65591292273655,175.6996384091686,0.0,1202.2181675227462,542.2130379763701,0.0,0.0,0.0,0.0,2172.172309124433,0.0,0.0,0.0,0.0,0.0,10.841329121605298,0.0,0.0,0.0,0.0,0.0,0.0,0.0,0.0,0.0
22,1.5705796917485295,0.9375129868704314,0.676220305432149,0.0786875003414258,5.902418555242526,4.891118880463087,5.059166129820608,5.486739257351388,0.0,0.0,1469.610257613901,0.0,0.0,164.39205138397278,551.9532004568025,0.0,2323.332343510439,0.0,0.0,0.0,427.9703684074376,0.0,0.0,115.71730991274065,0.0,0.0,0.0,0.0,2071.0124664180757,0.0,0.0,0.0,0.0,0.0,51.65827639075543,0.0,0.0,0.0,0.0,0.0,0.0,0.0,0.0,0.0
23,1.4701727406445169,0.9529537323920256,0.7048339758405314,0.1026281978073087,5.883934091300114,4.789811898956823,5.224308168130684,5.20139547759025,0.0,0.0,1157.6958543209544,0.0,0.0,114.1331358950074,383.2067858821199,0.0,1823.2509322322949,0.0,0.0,0.0,297.128722497617,0.0,0.0,80.33952582553593,0.0,0.0,0.0,0.0,1936.4065829709284,0.0,0.0,0.0,0.0,0.0,244.01077421043632,0.4811914934952696,0.0,0.0,0.0,0.0,8.91504780516236,4.161656159959088,0.0,0.0
24,1.414591655251309,0.9549367005353888,0.723783549941777,0.1311846060057432,5.804388070392481,4.547715501203907,5.314965667366641,4.88270174691097,0.0,0.0,451.6109845264966,0.0,0.0,0.0,0.0,0.0,626.0679947291883,0.0,0.0,0.0,0.0,0.0,0.0,0.0,0.0,0.0,0.0,0.0,2305.2544544027787,0.0,0.0,0.0,0.0,0.0,1559.010516109278,37.44116540050847,0.0,0.0,0.0,0.0,693.6734832986097,323.8154845449381,0.0,0.0
25,1.348629444590206,0.9457626857168832,0.7027737292433922,0.156050130558139,5.615716939319083,4.360467127005357,5.284392368279368,4.606916495077852,0.0,0.0,457.0251206298125,0.0,0.0,0.0,0.0,0.0,543.6081014030495,0.0,0.0,0.0,0.0,0.0,0.0,0.0,0.0,0.0,0.0,0.0,2896.352834006016,0.0,0.0,0.0,0.0,0.0,2519.4230910260712,95.92083051718556,0.0,0.0,0.0,0.0,1581.1414410987168,788.2256495109156,0.0,0.0
26,1.3330086085266792,0.911834842157974,0.669592536110651,0.1752415785851239,5.519921805448504,4.2010343271237485,5.126158065606356,4.414433428902022,0.0,0.0,436.62240580737375,0.0,0.0,0.0,0.0,0.0,518.5832972426342,0.0,0.0,0.0,0.0,0.0,0.0,0.0,0.0,0.0,0.0,0.0,2929.623688336479,0.0,0.0,0.0,0.0,0.0,2561.92485759316,88.81794863107181,0.0,0.0,0.0,0.0,1616.385705719581,819.3798993978023,0.0,0.0
27,1.329242843463328,0.8146037920043416,0.635477040476104,0.1900299619872218,5.591268705406334,3.98601869931767,4.90550067361335,4.354721082036791,0.0,0.0,226.14384328650024,0.0,0.0,0.0,0.0,0.0,341.1652478979408,0.0,0.0,0.0,0.0,0.0,0.0,0.0,0.0,0.0,0.0,0.0,3306.2780691279304,0.0,0.0,0.0,0.0,0.0,2691.109949028923,0.3135839434702058,0.0,0.0,0.0,0.0,1522.322400515863,809.9521983186637,0.0,0.0
28,1.3588130013643402,0.7211569742812834,0.6269554290077517,0.2009901622392026,5.752065704967878,3.831471952928029,4.6570792436987904,4.392139038332218,0.0,0.0,1023.5529256957308,0.0,0.0,0.0,0.0,0.0,1502.1945216774018,0.0,0.0,0.0,0.0,0.0,22.135288370982604,0.0,0.0,0.0,139.42338826167057,0.0,3417.45019866369,0.0,0.0,0.0,0.0,0.0,2223.784880613385,0.0,0.0,0.0,0.0,0.0,1024.8586266707573,508.21483684022473,0.0,0.0
29,1.432178080129093,0.6709584734978634,0.647922998021832,0.2215581305382058,5.974267903475079,3.867902036528724,4.497468044935935,4.471413062859033,0.0,14.038045297290312,2528.447914981602,0.0,0.0,0.0,0.0,0.0,3260.666010445956,0.0,0.0,0.0,0.0,0.0,237.65015319141963,0.0,0.0,0.0,30.223114721429365,0.0,3186.6042500301583,0.0,0.0,0.0,0.0,0.0,277.3595689717339,0.0,0.0,0.0,0.0,0.0,124.41470157881638,61.02569517623952,0.0,0.0
30,1.54970432001329,0.6256987500052454,0.6604952843888788,0.2505605676362996,6.2694346488742765,3.9400799108151854,4.374005650424207,4.529054378186392,0.0,473.0079758079626,3176.292388956527,0.0,0.0,0.0,0.0,0.0,3617.432133610637,0.0,0.0,0.0,0.0,0.0,352.67981007769083,0.0,0.0,0.0,0.0,0.0,2481.6898732789678,0.0,0.0,0.0,0.0,0.0,0.0,0.0,0.0,0.0,0.0,0.0,0.0,0.0,0.0,0.0
31,1.7053045617219804,0.5429875538870426,0.6992311875894381,0.279851391687707,6.500105360608143,3.946687160610252,4.377277870168219,4.540187467177125,0.0,1126.2646442655275,3415.2327216151825,0.0,0.0,0.0,0.0,0.0,3353.8597755093656,0.0,0.0,0.0,0.0,0.0,280.24325809234307,0.0,0.0,0.0,0.0,0.0,1976.4924853146567,0.0,0.0,0.0,0.0,0.0,0.0,0.0,0.0,0.0,0.0,0.0,0.0,0.0,0.0,0.0
32,1.8136867559055792,0.4496785472753976,0.7289571317950683,0.3043696584088122,6.555871599739108,3.893358131911879,4.440192309521952,4.573828669076406,0.0,1127.775424102909,3276.4766294816604,0.0,0.0,0.0,0.0,0.0,3149.9025719880538,0.0,0.0,0.5496301014213162,0.0,0.0,508.74185787304646,36.89997458657908,0.0,0.0,0.0,0.0,1288.1165032489234,0.0,0.0,0.0,0.0,0.0,0.0,0.0,0.0,0.0,0.0,0.0,0.0,0.0,0.0,0.0
33,1.871088393548552,0.3413786167364127,0.7584577750098414,0.3307252492722373,6.569981430550989,3.9330702377962856,4.590310228392159,4.648578708774771,0.0,1029.2537730311926,3199.3704738181445,0.0,0.0,0.0,0.0,0.0,3126.888081297044,0.0,0.0,12.142102952497462,0.0,0.0,1026.167007869521,231.75603976106024,0.0,0.0,0.0,0.0,547.8036014150696,0.0,0.0,0.0,0.0,0.0,0.0,0.0,0.0,0.0,0.0,0.0,0.0,0.0,0.0,0.0
34,1.869440371025281,0.2824618402472913,0.7635740832176816,0.3478353094519723,6.573930982803984,4.042652862355348,4.748867162907709,4.716837736398378,0.0,1042.0,3231.0,0.0,0.0,0.0,0.0,0.0,3218.0,0.0,0.0,23.0,0.0,0.0,1215.0,346.0,0.0,0.0,0.0,0.0,334.1269606871512,0.0,0.0,0.0,0.0,0.0,0.0,0.0,0.0,0.0,0.0,0.0,0.0,0.0,0.0,0.0
35,1.8201161427447003,0.2466499039005874,0.7360168246146196,0.3443423825872735,6.646781235836437,4.1833696725471645,4.874055729872482,4.749800122106306,60.20470103292072,1109.6299474936477,3181.0300981426763,0.0,0.0,65.7234652942718,9.733093333655518,0.0,3146.6574292759888,0.0,0.0,48.78768027576771,25.78768027576771,0.0,1135.730476973321,337.2703183502265,0.0,0.0,0.0,0.0,143.61422078135985,0.0,0.0,0.0,0.0,0.0,0.0,0.0,0.0,0.0,0.0,0.0,0.0,0.0,0.0,0.0
36,1.717080766535992,0.2608522865647837,0.6825848016079734,0.3405649414086377,6.645263889931336,4.343423100219284,5.013846161492807,4.733982917758577,408.5465265549814,1391.3830259167487,2645.995089147799,0.0,0.0,445.99662482252137,66.04835512638867,0.0,2452.004824899893,0.0,0.0,195.57598534110764,174.99409554105037,0.0,598.0397437323061,250.3839654243024,0.0,0.0,0.0,0.0,747.065621511553,0.0,0.0,0.0,0.0,0.0,0.0,0.0,0.0,0.0,0.0,0.0,0.0,0.0,0.0,0.0
37,1.6072843334794191,0.339046777216813,0.6257854534173025,0.3385898238217534,6.471298791869705,4.48252319467949,5.0206635400872495,4.684010740972984,148.1377223069357,423.67388579783614,1286.644649577725,0.0,0.0,161.71701351840483,23.948931772954605,0.0,954.6014297393192,0.0,0.0,69.13093707656999,63.45232438813746,0.0,457.4867104911547,63.94611679582725,0.0,0.0,0.0,0.0,1590.7134800639035,0.0,0.0,0.0,0.0,0.0,0.0,0.0,0.0,0.0,0.0,0.0,0.0,0.0,0.0,0.0
38,1.4864189349113042,0.4658759462177641,0.543447455080799,0.337729137890052,6.090715244740673,4.4762445371802295,4.869440786502605,4.558237854905284,0.0,0.0,686.0011458141246,0.0,0.0,0.0,0.0,0.0,347.4655196520121,0.0,0.0,0.0,0.0,0.0,496.7715181423519,0.0,0.0,0.0,0.0,0.0,2519.684538327285,0.0,0.0,0.0,0.0,0.0,1320.2541159218545,35.44974274676481,0.0,0.0,0.0,0.0,609.2828496328937,268.1216568057522,0.0,0.0
39,1.3654250493256497,0.6347266132193362,0.426442216305648,0.320666682378738,5.492691176189842,4.403480092697825,4.600271415075469,4.416827370460912,0.0,0.0,640.595402728931,0.0,0.0,0.0,0.0,0.0,311.3710792679856,0.0,0.0,0.0,0.0,0.0,522.8923621799358,0.0,0.0,0.0,0.0,0.0,3130.5053566524484,0.0,0.0,0.0,0.0,0.0,2641.4272319350584,65.44718811729345,0.0,0.0,0.0,0.0,1188.107955160649,503.2140097536396,0.0,0.0
40,1.321048677327091,0.7825842912123228,0.3146392989568111,0.2980686278272434,5.175419636237084,4.585937793507415,4.440620531400185,4.386594774528237,0.0,0.0,456.564506701101,0.0,0.0,0.0,0.0,0.0,190.70282787821745,0.0,0.0,0.0,0.0,0.0,566.341017364097,0.0,0.0,0.0,0.0,0.0,3619.147054873405,0.0,0.0,0.0,0.0,0.0,2664.16779368352,41.65733690027156,0.9559174079957856,0.3005809765544334,0.0,0.0,1379.5742209069906,734.2551128406118,0.0,0.0
41,1.3298033427015403,0.9399656990468136,0.2111681098851105,0.2720314247115679,5.054966187200237,4.967731039683493,4.328762306719663,4.47032724043781,0.0,0.0,322.6727272727273,0.0,0.0,0.0,0.0,0.0,177.96363636363637,0.0,0.0,0.0,0.0,0.0,596.9114137096158,0.0,0.0,0.0,8.218181818181819,5.163636363636364,3543.508275818335,0.0,0.0,0.0,0.0,0.0,2692.1237199503,17.79940755304364,194.58913322274856,98.1616486716703,0.0,0.0,1734.728923684661,1155.9698589614432,0.0,0.0
42,1.3999646803699803,1.0752246609368772,0.1864032674352157,0.25071176251495,5.112672397640891,5.413454087460901,4.266918705756569,4.566534531102386,0.0,67.62980537110894,2639.0452364618623,0.0,0.0,0.0,0.0,0.0,3249.105768399259,0.0,0.0,0.0,0.0,0.0,636.5175377530431,0.0,0.0,0.0,91.27555756915204,57.3421170344968,3191.465527703045,0.0,0.0,0.0,0.0,0.0,2305.761163573032,0.0,102.55235708024142,321.9004541685355,0.0,0.0,1139.4706342249044,1188.1722829116504,0.0,0.0
43,1.5314138547887688,1.201642971733362,0.1778522837991637,0.2264918072851779,5.220149830842568,5.859019167087146,4.3082867436684165,4.542995486673667,0.0,688.8915613006764,3580.298925068933,0.0,0.0,0.0,0.0,0.0,3893.158402337254,0.0,0.0,0.0,0.0,0.0,812.3022225862733,0.0,0.0,0.0,44.30380532613852,27.857835845073488,2552.3339136562413,0.0,0.0,0.0,225.579085692128,0.0,1425.1307035338857,0.0,0.0,0.0,64.36978960406682,0.0,0.0,576.5209870320114,0.0,0.0
44,1.6950946650259144,1.2520423043269109,0.194260387186711,0.2097022035109628,5.326717321203983,6.28227375385783,4.65572942220598,4.409832130299001,0.0,613.6656407557329,3427.8505217825045,0.0,0.0,0.0,0.0,0.0,3908.689702397451,11.230871723242023,0.0,0.0,0.0,0.0,1236.5983880310769,23.87824978995602,0.0,0.0,0.0641797336031023,0.0409262069353116,1785.49907728449,0.0,0.0,0.0,7.366717248356094,0.0,536.0067336480998,0.0,0.0,0.0,2.102118810768279,0.0,0.0,0.8389872421738886,0.0,0.0
45,1.8321109317034896,1.2350677152234208,0.2359455997873757,0.2135096070996673,5.403539301944346,6.500817092137898,5.158221158688536,4.251564259898667,0.0,609.2288004069633,3418.865354670161,0.0,0.0,0.0,0.0,0.0,3909.606369146671,14.378768936291287,0.0,0.0,0.0,0.0,1261.611905398298,30.57107629697968,0.0,0.0,0.0,0.0,1738.2693889516386,0.0,0.0,0.0,0.0,0.0,517.9246169631233,0.0,0.0,0.0,0.0,0.0,0.0,0.0,0.0,0.0
46,1.9111912264864657,1.170336656543434,0.2937985963056483,0.2160288456062767,5.265693485820597,6.413261039793898,5.648246673282253,4.087457495287479,0.0,467.2387585020508,3178.4022597798703,0.0,0.0,0.0,0.0,0.0,3991.395349098049,355.386744665737,0.0,0.0,0.0,0.0,2021.9674105134836,375.8578510766257,0.0,0.0,0.0,0.0,380.0988824924915,0.0,0.0,0.0,0.0,0.0,29.068743284620897,0.0,0.0,0.0,0.0,0.0,0.0,0.0,0.0,0.0
47,1.9355876161136656,1.1443993626136992,0.3741561668291518,0.2165689086947053,5.06899790333668,6.242839659755156,6.167386523133104,3.944640408818548,0.0,385.8269043519021,3339.0718170243485,0.0,0.0,0.0,0.0,0.0,4268.188805367662,770.7182752878524,0.0,0.0,0.0,0.0,2160.8393056995305,505.5885667552611,0.0,0.0,0.0,0.0,229.87229513604,0.0,0.0,0.0,0.0,0.0,0.0,0.0,0.0,0.0,0.0,0.0,0.0,0.0,0.0,0.0
48,1.924775411290225,1.1113477914596583,0.4323593717726624,0.203000179113431,5.025004789194591,6.133371969096827,6.803293587911247,3.806136437905316,0.0,321.73682786307654,3429.20515951891,0.0,0.0,0.0,0.0,0.0,3967.851345357257,546.278337162341,0.0,0.0,0.0,0.0,1906.2457222961157,440.9664919830928,0.0,0.0,0.0,0.0,178.72881982558778,0.0,0.0,0.0,0.0,0.0,0.0,0.0,0.0,0.0,0.0,0.0,0.0,0.0,0.0,0.0
49,1.8485016378744672,1.0386436004807778,0.4923188195083045,0.1849865131495014,5.2726807379216885,6.057356835707652,7.491822447432132,3.6822813865927855,0.0,122.5843174569534,2369.822445478144,0.0,0.0,0.0,0.0,0.0,2250.131918063044,158.1337695194699,0.0,0.0,0.0,0.0,756.7538531009257,172.8438876143043,0.0,0.0,0.0,0.0,105.9472957232166,0.0,0.0,0.0,0.0,0.0,62.339086521772565,0.0,0.0,0.0,0.0617218678433391,0.0,0.0,13.517089057691278,0.0,0.0
50,1.705894553492601,0.9785669742005432,0.5475063411029891,0.1692038741507098,5.305045221410451,5.6883279690598165,7.760196756135913,3.514707394967081,0.0,0.0,1342.011837534755,0.0,0.0,0.0,0.0,0.0,955.94650168564,0.0,0.0,0.0,0.0,0.0,0.0,0.0,0.0,0.0,7.375774701118167,0.0,439.1925617143231,0.0,0.0,0.0,0.0,0.0,724.1504426740931,0.0,0.0,0.0,0.42506208622428,0.0,17.37446520156254,112.41962289870914,0.0,0.0
51,1.5202846872511238,0.9341651538549932,0.5898443600109432,0.1621482870908734,5.158431894226308,5.225095012479205,7.677374338213023,3.390615054055112,0.0,0.0,827.009389971845,0.0,0.0,0.0,0.0,0.0,528.9987310848858,0.0,0.0,0.0,0.0,0.0,0.0,0.0,0.0,0.0,460.4748960242314,0.0,3085.1526699771,0.0,0.0,0.0,0.0,0.0,1534.000129339306,0.0,0.0,0.0,0.0,0.0,869.2537268180279,40.39403771942823,0.0,0.0
52,1.295797949559866,0.976165992026312,0.583150445703388,0.1485057492478404,4.929522849446117,4.748167164527059,7.415784270016747,3.287615254454751,0.0,0.0,718.0106690734044,0.0,0.0,0.0,0.0,0.0,434.2849379351722,0.0,0.0,0.0,0.0,0.0,0.0,0.0,0.0,0.0,653.252113583701,4.370626523059441,3346.111946136451,0.0,0.0,0.0,0.0,0.0,1407.6521004371962,0.0,0.0,0.0,0.0,0.0,644.7941483797887,29.91354683708864,0.0,0.0
53,1.156391461213953,0.9895471868332226,0.5560570709880388,0.1359841124451825,4.788317923325585,4.414269133817951,7.18856750754419,3.265011771757472,0.0,0.0,696.6502260347984,0.0,0.0,0.0,0.0,0.0,417.8058769047567,0.0,0.0,0.0,0.0,0.0,0.0,0.0,0.0,0.0,642.3974573841709,6.804939687300151,3289.505625509956,0.0,0.0,0.0,0.0,0.0,1375.356629986548,0.0,0.0,0.0,0.0,0.0,619.4424063333848,28.737762145235628,0.0,0.0
54,1.0900229091335136,0.9970718072012056,0.5142677256889513,0.1211835990890779,4.694395788713873,4.017065886797976,6.825222960768691,3.301094603769517,0.0,0.0,533.2681552337675,0.0,0.0,0.0,0.0,0.0,290.50435085350244,0.0,0.0,0.0,0.0,0.0,0.0,0.0,0.0,0.0,361.86487369890943,45.514807857768105,1853.9941487466276,0.0,0.0,49.34325595252157,0.0,0.0,699.6611288619686,0.0,0.0,0.0,0.0,0.0,218.7810767571041,10.114810784344844,0.0,0.0
55,1.1309099255843034,1.0665720606528255,0.4570206335880374,0.1024148609700996,4.571394450632269,3.48437433212979,6.214470072529493,3.434971281344481,0.0,0.0,2288.4023450537948,0.0,0.0,0.0,0.0,0.0,3120.957604225835,59.3794901743351,0.0,0.0,0.0,0.0,1676.3839064266897,563.839172600401,0.0,0.0,40.2315194105133,5.260598486113895,287.25225449581745,0.0,0.0,88.93482723738829,0.0,0.0,77.45995622063467,0.0,0.0,0.0,0.0,0.0,8.313395373906774,0.3825927166310162,0.0,0.0
56,1.3040178824202664,1.1684023217167785,0.3967464046818926,0.0873281266968438,4.643740876955982,3.3440404914443693,5.918552548243361,3.59756607966778,0.0,0.0,2901.8907343469145,0.0,0.0,0.0,0.0,0.0,4330.848922702341,460.6136781443085,0.0,0.0,0.0,0.0,3507.346347062745,1315.9382886935923,0.0,0.0,24.61109670791136,3.223877320972505,572.7559028772743,0.0,0.0,0.0,0.0,0.0,47.37684097178737,0.0,0.0,0.0,0.0,0.0,0.0,0.0,0.0,0.0
57,1.5288762198857138,1.2082770504913334,0.3158495380921778,0.0689265486973119,4.805713565533558,3.353712559819768,6.021004073908312,3.6685023627109694,0.0,0.0,2369.4244393760387,0.0,0.0,0.0,0.0,0.0,4025.326958185866,380.7434959259744,0.0,0.0,0.0,0.0,4786.161431083345,2106.1407458819504,0.0,0.0,33.48169400144941,3.835339446123337,926.2577712159512,0.0,0.0,0.0,0.0,0.0,35.177532735052495,0.0,0.0,0.0,0.0,0.0,0.0,0.0,0.0,0.0
58,1.7800467389700982,1.149597225214288,0.2659183786370434,0.0641624952558139,4.915255812548175,3.35102416684885,6.34033576052991,3.7074064422607993,0.0,0.0,2434.571601597274,0.0,0.0,0.0,0.0,0.0,4341.760480490907,733.3130401072854,0.0,3.576222255265717,0.0,0.0,5106.058924498739,2300.1364592895943,0.0,0.0,222.33037672176616,23.25846372554064,880.2240542106424,0.0,0.0,0.0,0.0,0.0,110.1607750191564,0.0,0.0,0.0,0.0,0.0,0.0,0.0,0.0,0.0
59,1.9668975789294572,1.0697906247837456,0.2373254410727033,0.0663000012553503,4.888112224658889,3.355352753301409,6.688182082590753,3.765590698796568,0.0,0.0,2550.686721257593,0.0,0.0,0.0,0.0,0.0,4618.683181146634,1042.014550840106,0.0,49.65449765874215,0.0,0.0,5263.546342348608,2387.805469104552,0.0,0.0,392.4735211609004,40.790160854853866,276.07932546481,0.0,0.0,0.0,0.0,0.0,181.4293000070478,0.0,0.0,0.0,0.0,0.0,0.0,0.0,0.0,0.0
60,2.071196356703592,1.009818694222652,0.2116098946068255,0.0709804230762911,4.85843776177493,3.455981761675879,7.216899276016679,3.843640104766172,0.0,0.0,2774.1310215096128,0.0,0.0,0.0,0.0,0.0,4672.1404507125935,1018.7217894702668,0.0,283.5815429621941,5.989202835484232,0.0,5322.350007774567,2499.082021376787,0.0,0.0,705.7640380442493,73.13658274239123,559.0018146369727,0.0,0.0,0.0,0.0,0.0,313.12398034195166,0.0,0.0,0.0,0.0,0.0,0.0,0.0,0.0,0.0
61,2.1280800312682686,0.9515688505016602,0.1840800375149504,0.0718071510573089,4.863091969958471,3.6569996255257577,7.913457076044025,3.864521094807308,0.0,0.0,2751.9997198435667,0.0,0.0,0.0,0.0,0.0,4398.296239888628,642.6339297461153,0.0,437.69652493405664,108.44061438855556,0.0,5199.330734836606,2511.709874662954,0.0,0.0,860.9828670330822,89.16077906011874,917.4569446798074,0.0,0.0,0.0,0.0,0.0,378.38100220746645,0.0,0.0,0.0,0.0,0.0,0.0,0.0,0.0,0.0
62,2.179300716858565,0.8236752601010917,0.1680757297966301,0.0813434356473659,4.93858333670147,3.985967506939972,8.594047691562174,3.877997342373518,0.0,0.0,755.4457698570584,0.0,0.0,0.0,0.0,0.0,1691.835440809075,0.0,0.0,24.86326642552182,353.2450563253565,0.0,192.54485887096772,2428.8780506703,0.0,0.0,1131.173943206977,117.01870133601314,1462.7618477229605,0.0,0.0,0.0,0.0,0.0,491.9618977621663,0.0,0.0,0.0,0.0,0.0,0.0,0.0,0.0,0.0
63,2.1724924757165844,0.7261821199734216,0.1858674067383081,0.0974426300132891,4.964593583576026,4.332811905248414,9.01405762549374,4.019580743467161,0.0,0.0,78.45161906502837,0.0,0.0,0.0,0.0,0.0,942.3041156054428,0.0,0.0,0.0,339.2893376569612,0.0,0.0,2184.9454662676,0.0,0.0,1448.4445791183612,162.46744113739766,4348.640571309328,0.0,0.0,24.62696841804387,0.0,0.0,1199.494224322625,0.0,0.0,0.0,0.0,0.0,0.0,0.0,0.0,0.0
64,2.064459789203606,0.6669664780436622,0.2057825794114855,0.1115917770299006,4.880230357711436,4.632282158389186,9.092662521813011,4.395549714766018,0.0,0.0,49.88876094863982,0.0,0.0,0.0,0.0,0.0,699.3452535408875,0.0,0.0,0.0,327.26339827634644,0.0,0.0,1975.2060607472504,0.0,0.0,2186.158128846094,440.91891752238223,5615.264931066669,0.0,0.0,282.2723658717907,0.0,0.0,1695.5330643376635,0.0,0.0,0.0,0.0,0.0,0.0,0.0,0.0,0.0
65,1.9174435024828345,0.6202762592956792,0.2098572929545957,0.1242654586578076,4.8380703511251335,4.963138347393146,9.025255869306765,4.876677790119599,0.0,0.0,29.217553186408143,0.0,0.0,0.0,0.0,0.0,475.8537061335088,0.0,0.0,0.0,315.9946954346006,0.0,0.0,1778.766224970194,0.0,0.0,2750.404016058012,954.4387129574196,5550.674897823254,0.0,0.0,562.178244538263,0.0,0.0,1751.3593157289558,0.0,0.0,0.0,0.0,0.0,0.0,0.0,0.0,0.0
66,1.902702782309947,0.5795421563345701,0.2336943139159663,0.140062941896424,4.838331848958369,5.4840618357537725,8.72023613688334,5.482696134367012,0.0,0.0,151.4107289233244,0.0,0.0,0.0,0.0,0.0,628.2787869698417,0.0,0.0,14.506914418084166,302.89661670863273,0.0,67.83069520826275,1549.175627322196,0.0,0.0,2905.769083956229,1126.5189271245424,5476.01400126381,0.0,0.0,653.0619039389886,0.0,0.0,1755.4310744194752,0.0,0.0,0.0,0.0,0.0,0.0,0.0,0.0,0.0
67,2.042011640102405,0.5543133350783643,0.2809407274684387,0.1961992463287084,4.897606122005858,5.9974584284533945,8.143818576243905,6.177128083389486,0.0,0.0,1093.2606443560464,0.0,0.0,0.0,0.0,0.0,1701.5216963688151,0.0,0.0,256.3938506367346,290.4036168937493,0.0,1208.9769347019708,1336.181422431743,0.0,0.0,3215.577991835128,1505.2099029919334,5138.452647209288,0.0,0.0,860.1803656073536,0.0,32.409275869927,1746.227909302829,0.0,0.0,0.0,0.0,0.0,0.0,0.0,0.0,0.0
68,2.2438079563109645,0.5982897154312272,0.3240479659986713,0.2488128587401995,5.025335172345514,6.45300723382858,7.384219672773434,6.894027741908306,0.0,0.0,1409.4695750391902,0.0,0.0,0.0,0.0,0.0,1910.404279329208,0.5757511438521826,0.0,352.0975454190226,283.63611220909934,0.0,1964.0189896928389,1395.174328754446,0.0974080485067136,0.0,2587.4269069978345,1065.8609512753735,3844.256919613935,0.0,0.0,532.368256176291,0.0,54.90552288168015,1069.836616062439,0.0,0.0,0.0,0.0,0.0,0.0,0.0,0.0,0.0
69,2.45586194351635,0.6629215917093884,0.3515406325242174,0.289754668883721,5.200091649712886,6.844035642574939,6.751354464468977,7.444038018948419,0.0,0.0,879.6919253229167,0.0,0.0,0.0,0.0,0.0,2272.13474972168,288.000409042308,0.0,177.40925454668718,243.56429506930627,0.0,4913.85467831125,2872.0012638241874,49.04363733837108,0.0,0.0,0.0,1030.0609522641373,0.0,0.0,0.0,0.0,0.0,0.0,0.0,0.0,0.0,0.0,0.0,0.0,0.0,0.0,0.0
70,2.8229444123688823,0.7106607025945757,0.3798002446213693,0.3372037016084022,5.426612819114561,7.198091834853728,6.299566870180275,7.842408261849106,0.0,0.0,357.0,0.0,0.0,0.0,0.0,0.0,2629.0,112.0,0.0,76.1191833291784,194.53642945701176,0.0,7824.0,4329.0,25.0,0.0,0.0,0.0,798.3664544484006,0.0,0.0,0.0,0.0,0.0,0.0,0.0,0.0,0.0,0.0,0.0,0.0,0.0,0.0,0.0
71,3.2598829085955723,0.7308766902881535,0.416853304580649,0.3948116471589936,5.712010892110919,7.335923181117377,6.101463079512121,8.075066888176012,0.0,0.0,709.1871035969046,0.0,0.0,0.0,0.0,0.0,2851.372296283076,190.7324463130805,0.0,299.0767427169184,117.8810977689532,0.0,7416.9813712922,4068.901739858573,19.1419310778958,0.0,0.0,0.0,477.1686248631689,0.0,0.0,0.0,0.0,0.0,0.0,0.0,0.0,0.0,0.0,0.0,0.0,0.0,0.0,0.0
72,3.536704546753633,0.7474107609882835,0.4425137503339736,0.4500891227830039,6.0208038814988605,7.073804481247086,6.132922006445202,8.255692047816751,0.0,0.0,1771.645426059736,0.0,0.0,0.0,0.0,0.0,3292.341002802647,103.67359951668752,0.0,370.79986105243535,51.15892814046553,0.0,4194.824998257072,2384.721805127981,0.0270067417371687,0.0,0.0,0.0,354.5410123882251,0.0,0.0,0.0,0.0,0.0,0.0,0.0,0.0,0.0,0.0,0.0,0.0,0.0,0.0,0.0
73,3.700185139242815,0.795588253475082,0.4377272407774073,0.4674609415952627,6.420129233418462,6.783880591866837,6.423687807896598,8.275280029477681,0.0,0.0,8.277184976618559,0.0,0.0,0.0,0.0,0.0,2674.199216966008,0.2270732161727222,0.0,1.6920617076096345,0.2267069690498624,0.0,18.28305637313273,10.577216908174517,0.0,0.0,0.0,0.0,268.1644599413314,0.0,0.0,0.0,0.0,0.0,0.0,0.0,0.0,0.0,0.0,0.0,0.0,0.0,0.0,0.0
74,3.8050743281646895,0.8388733475545784,0.4346706728336486,0.4869409190830575,6.848468678099436,6.432514459018053,6.944921859981038,7.994025760963447,0.0,0.0,0.0,0.0,0.0,0.0,0.0,0.0,1993.6088759019287,0.0,0.0,0.0,0.0,0.0,0.0,0.0,0.0,0.0,0.0,27.9627783471893,1983.3555235801705,0.0,0.0,0.0,0.0,0.0,1269.1208385303228,0.0,0.0,0.0,0.0,0.0,498.9658409221557,132.6451301536952,0.0,0.0
75,3.849015051612308,0.8652404208984533,0.4433570842360239,0.5103753815299731,7.281735031362419,6.027568753156165,7.467131905456904,7.6220401449533375,0.0,0.0,0.0,0.0,0.0,0.0,0.0,0.0,1399.4121576807822,0.0,0.0,0.0,0.0,0.0,0.0,0.0,0.0,0.0,0.0,29.499713148661005,2866.8302912924323,0.0,0.0,0.0,0.0,0.0,2155.23736944835,0.0,0.0,0.0,0.0,0.0,1085.5523076800348,347.0667190325806,0.0,0.0
76,3.711990751700862,0.8943650750228485,0.4320684353629391,0.5289893054344027,7.616263200061834,5.473871794263762,7.691665509055553,7.268376428350118,0.0,0.0,0.0,0.0,0.0,0.0,0.0,0.0,806.7494587174708,0.0,0.0,0.0,0.0,0.0,0.0,0.0,0.0,0.0,28.203570715352296,164.45500866423194,2843.1200185712783,0.0,0.0,0.0,0.0,0.0,2127.9022075707776,0.0,0.0,0.0,0.0,0.0,994.329325451008,439.1990592541093,0.0,0.0
77,3.482022594662792,0.9629472441602984,0.4018225841499164,0.5130185159825589,7.781831670965529,5.000197799668615,7.7121064073833345,6.92565372222757,0.0,0.0,0.0,0.0,0.0,0.0,0.0,0.0,621.8616266969485,0.0,0.0,0.0,0.0,0.0,0.0,0.0,0.0,0.0,119.68843482855934,316.0971528368568,2834.2688595981667,0.0,0.0,0.0,0.0,0.0,2072.264248620517,0.0,0.0,0.0,0.0,0.0,877.1779530057553,436.1038550571469,0.0,0.0
78,3.198142334903552,1.082527173904828,0.3542532504435469,0.4812956094544341,7.894077655486427,4.568831868795515,7.741173612834169,6.404375616672831,0.0,0.0,0.0,0.0,0.0,0.0,0.0,0.0,720.9486704002745,0.0,0.0,0.0,0.0,0.0,0.0,0.0,0.0,0.0,537.416886906849,826.973057084434,2762.938085461338,0.0,0.0,0.0,0.0,0.5719103443529331,1863.921808246413,0.0,0.0,0.0,0.0,0.0,572.1892203399976,299.4622072723673,0.0,0.0
79,2.950503493590254,1.2402858704252475,0.3462137762613507,0.4397607285825024,7.979034569514948,4.019084098600238,7.799102000852734,5.802464511656698,0.0,0.0,0.0,0.0,0.0,0.0,0.0,0.0,911.9541079487352,0.0,0.0,0.0,0.0,0.0,0.0,0.0,0.0,0.0,1315.6766300308436,1842.810533614529,2694.657741658523,0.0,0.0,7.204168518518519,0.0,36.19410090738149,1527.627654807104,0.0,0.0,0.0,0.0,0.0,125.61549558357824,82.16942050983387,0.0,0.0
80,2.7591481574799475,1.3887530573840037,0.3785732793002184,0.3962559880304666,7.943650352179562,3.696228557488062,7.737203537415137,5.557852006220557,0.0,0.0,265.99150193331747,0.0,0.0,0.0,0.0,0.0,1036.2520793790975,0.0,0.0,0.0,0.0,0.0,0.0,0.0,0.0,0.0,1742.6390733945652,2366.8428161946786,1540.1914422808416,0.0,0.0,6.250301794905506,0.0,479.2650166734215,95.20736433897952,0.0,0.0,0.0,0.0,0.0,4.36968001590739,1.9359341842627675,0.0,0.0
81,2.6022968166271987,1.5571431919606076,0.4121019918111055,0.3435576779430459,7.806326939982917,3.5672003422283,7.631154568533474,5.441906153819164,165.07883895043696,1215.3304473700796,2375.7359531586176,0.0,0.0,36.74497041540727,0.0,11.333106932573942,1645.9200848465684,0.0,0.0,0.0,0.0,0.0,51.46934450049462,0.0,0.0,0.0,411.911281133696,557.9290022902949,491.23598279331657,0.0,0.0,0.0,0.0,115.16558975093042,3.768199255654166,0.0,0.0,0.0,0.0,0.0,0.0,0.0,0.0,0.0
82,2.587710796442797,1.7291949467585377,0.4583373584316279,0.2732051666990028,7.614331741028575,3.669592505712172,7.606955360418355,5.235782936392818,1299.8140053612392,3268.8604177638817,3769.646916273058,0.0,0.0,613.7867753844246,0.0,238.40418803561255,1158.9576449935803,0.0,0.0,0.0,0.0,0.0,0.0,0.0,0.0,0.0,0.0,0.0,75.64744270059379,0.0,0.0,0.0,0.0,0.0,0.0,0.0,0.0,0.0,0.0,0.0,0.0,0.0,0.0,0.0
83,2.6740619055287547,1.8051367382215688,0.533622972797342,0.2359414179545108,7.349487607405321,3.817044059881179,7.655009782064157,5.110406048711725,1595.5178597101535,3730.12830899038,3802.586143097952,0.0,0.0,775.2261493397963,0.0,639.3954440722921,1251.269516128437,0.0,0.0,0.0,0.0,0.0,0.0,0.0,0.0,0.0,0.0,0.0,61.98132385781668,0.0,0.0,0.0,0.0,0.0,0.0,0.0,0.0,0.0,0.0,0.0,0.0,0.0,0.0,0.0
84,2.7136463241294257,1.8819076296755737,0.5988801757535749,0.1984341471428572,7.059937832491693,4.070829404813247,7.669517941131022,5.239969529109052,1982.9617176027048,4468.111617742272,3774.498924251877,0.0,0.0,1022.26636688086,0.0,1341.3416760904738,1414.293209285896,0.0,0.0,0.0,0.0,0.0,0.0,0.0,0.0,0.0,0.0,0.0,44.05697566135415,0.0,0.0,0.0,0.0,0.0,0.0,0.0,0.0,0.0,0.0,0.0,0.0,0.0,0.0,0.0
85,2.622018680331552,1.9309556625614048,0.6179897830517481,0.1534171915614612,6.713365851050173,4.416646505586816,7.610176716783835,5.548806993341737,2523.1112026456976,5695.864252519817,3403.571856806638,0.0,0.0,1472.096651937961,0.0,2382.263617515309,1273.1368058210294,0.0,0.0,0.0,0.0,0.0,0.0,0.0,0.0,0.0,0.0,0.0,27.15673528246816,0.0,0.0,0.0,0.0,0.0,0.0,0.0,0.0,0.0,0.0,0.0,0.0,0.0,0.0,0.0
86,2.5289953832163388,1.972657560853624,0.6032715873804962,0.1134049059585692,6.448380073738913,4.7172367467930565,7.663710831695924,5.783429163085004,1868.250521785376,4215.157741496676,2638.6291885859628,0.0,0.0,1127.0761569832332,0.0,1859.274087945025,679.3244057826495,0.0,0.0,0.0,0.0,0.0,0.0,0.0,0.0,0.0,0.0,0.0,236.61831946692115,0.0,0.0,0.0,0.0,0.0,0.0,0.0,0.0,0.0,0.0,0.0,0.0,0.0,0.0,0.0
87,2.4860047888606487,1.960505988339957,0.5875450901994562,0.0778726631035939,6.350759339863734,4.988259614592103,7.765087546185693,5.97307678902494,0.0,0.0,912.0413681830128,0.0,0.0,0.0,0.0,0.0,0.0,0.0,0.0,0.0,0.0,0.0,0.0,0.0,0.0,0.0,0.0,0.0,857.7412617900166,0.0,0.0,0.0,0.0,0.0,0.0,0.0,0.0,0.0,0.0,0.0,0.0,0.0,0.0,0.0
88,2.3522307816510324,1.9108294522158136,0.5787590181081727,0.0508334732491693,6.250643189679477,5.232140971814769,7.751242311933299,6.219414926974877,0.0,0.0,650.0,0.0,0.0,0.0,0.0,0.0,0.0,0.0,0.0,0.0,0.0,0.0,0.0,0.0,0.0,0.0,0.0,174.11933023848928,1455.1532432139095,0.0,0.0,0.0,0.0,0.0,449.2005680328397,0.0,0.0,0.0,0.0,0.0,77.51099758573507,28.62398514904683,0.0,0.0
89,2.107244790108065,1.8306077789249855,0.5221742715873402,0.0325939612351808,6.115199658878133,5.446462561055447,7.532009074310905,6.43904671185521,0.0,0.0,643.8730871742708,0.0,0.0,0.0,0.0,0.0,0.0,0.0,0.0,0.0,0.0,0.0,0.0,0.0,0.0,0.0,0.0,360.0637858676632,2103.067397103705,0.0,0.0,0.0,0.0,0.0,1191.6054296309433,0.0,0.0,0.0,0.0,0.0,962.8027672547188,493.3696500978776,0.0,0.0
90,1.9043351452073276,1.6659809404563493,0.4366519954277229,0.025882719797554,5.942198757143992,5.51485859131662,7.141150432803573,6.484285995578697,0.0,0.0,574.2846864296843,0.0,0.0,0.0,0.0,0.0,0.0,0.0,0.0,0.0,0.0,0.0,0.0,0.0,0.0,0.0,0.0,168.65899438655032,2713.0014661195664,0.0,0.0,0.0,0.0,0.0,1819.3234217516813,0.0,11.534566978781733,0.0,0.0,0.0,1843.229266248985,1030.1998541313296,0.0,0.0
91,1.7697037615260287,1.4860936542126226,0.3515498665714285,0.0213880475481725,5.86826091143522,5.472585189289048,6.660388184285726,6.449880005003307,0.0,0.0,535.9917585904955,0.0,0.0,0.0,0.0,0.0,0.0,0.0,0.0,0.0,0.0,0.0,0.0,0.0,0.0,0.0,0.0,179.0,2790.0,0.0,0.0,0.0,0.0,0.0,1886.0,0.0,20.0,0.0,0.0,0.0,1906.0,1100.0,0.0,0.0
92,1.702959492449825,1.317050871137463,0.2613433914418607,0.016540606285714,5.907702699564725,5.388177504267045,6.096142675616886,6.494957250866902,0.0,0.0,948.8885986462058,0.0,0.0,0.0,0.0,0.0,734.6547570012011,2.369338495885683,0.0,0.0,0.0,0.0,284.0769829348848,35.9077308401504,0.0,0.0,236.8759903765913,289.1644098132908,2483.4335858551,0.0,0.0,0.0,0.0,0.0,1600.9892213958558,0.0,41.480069264807575,14.928558581956525,0.0,0.0,1503.6464361393455,887.1813718040588,0.0,0.0
93,1.6415229440540249,1.2134120304292928,0.1778813256677746,0.0120555905382057,5.879431514017625,5.291239972212061,5.544556766600908,6.466232319535151,0.0,1.114396465964317,2339.925486292532,0.0,0.0,0.0,0.0,0.0,3593.8983559924463,70.15040058614817,0.0,0.0,0.0,0.0,1230.8390277565104,114.82596207926092,0.0,0.0,609.5929262817585,256.9317622570797,1105.1094296044084,0.0,0.0,0.0,0.0,0.0,212.2911085830697,0.0,0.0,0.0,0.0,0.0,0.0,0.0,0.0,0.0
94,1.686498449149154,1.1141392552341327,0.1124351677926207,0.0082501226312289,5.895263736563391,5.156665247925522,5.155646012869393,6.248355212143361,0.0,17.0,3274.0,0.0,0.0,0.0,0.0,0.0,3357.0,0.0,0.0,0.0,0.0,0.0,717.0,0.0,0.0,0.0,0.0,0.0,757.4823856231302,0.0,0.0,0.0,0.0,0.0,0.0,0.0,0.0,0.0,0.0,0.0,0.0,0.0,0.0,0.0
95,1.9173818645955187,1.0310233815579333,0.0810567753039865,0.0036291973156143,5.931906023676088,4.924071401352168,4.827837864556278,5.774586477159448,1.1085850016966408,61.67071310200044,3271.9657102693213,0.0,0.0,0.0,0.0,0.0,3243.06052346679,0.0,0.0,0.0,0.0,0.0,779.05300763547,0.0,0.0,0.0,0.0,0.0,377.2453724498056,0.0,0.0,0.0,0.0,0.0,0.0,0.0,0.0,0.0,0.0,0.0,0.0,0.0,0.0,0.0
96,2.1386125296244463,0.9241677655415286,0.0844051599945109,6.585973537459758e-05,5.960879306879106,4.575912997790568,4.71656792277886,5.268594841737667,61.987711040383104,550.032241279434,2991.205203695732,0.0,0.0,0.0,0.0,0.0,2556.5148259183525,0.0,0.0,0.0,0.0,0.0,539.6968153744572,0.0,0.0,0.0,0.0,0.0,317.6604130901035,0.0,0.0,0.0,0.0,0.0,0.0,0.0,0.0,0.0,0.0,0.0,0.0,0.0,0.0,0.0
97,2.232934882153085,0.8082790232407352,0.1118687970567338,-2.398081733190341e-16,5.905293876862515,4.242120480069011,4.821296902755693,5.040175444684367,57.65738921996633,439.4980703820786,1615.277093476663,0.0,0.0,275.7693318999744,0.0,0.0,1382.2190681987788,0.0,0.0,0.0,0.0,0.0,364.5902171787111,0.0,0.0,0.0,0.0,0.0,448.192529570934,0.0,0.0,0.0,0.0,0.0,0.0,0.0,0.0,0.0,0.0,0.0,0.0,0.0,0.0,0.0
98,2.248479108677745,0.6937345342823901,0.1545950744850496,0.000342605369601,5.823187189584719,3.9437566818986807,5.027549462967615,4.960285157865431,175.299332759708,1168.2974754989448,2205.846415057661,0.0,0.0,198.90645578112603,0.0,0.0,1894.3357198013664,0.0,0.0,0.0,0.0,0.0,789.5147136858126,0.0,0.0,0.0,0.0,0.0,550.4092301365014,0.0,0.0,0.0,0.0,0.0,0.0,0.0,0.0,0.0,0.0,0.0,0.0,0.0,0.0,0.0
99,2.3104151980363645,0.6078365309922062,0.2005141176565384,0.0042131966112954,5.802266317760681,3.714825300663983,5.296494367971256,4.934083305112877,326.18647682684104,2103.6473093568407,2965.758093332008,0.0,0.0,85.11580884008166,0.0,0.0,2553.318421915548,0.0,0.0,0.0,0.0,0.0,1335.0958331281824,0.0,0.0,0.0,0.0,0.0,681.2785221577124,0.0,0.0,0.0,0.0,0.0,0.0,0.0,0.0,0.0,0.0,0.0,0.0,0.0,0.0,0.0
100,2.329887790233391,0.590003512699335,0.2273478781395346,0.0074297230564781,5.8515521170589775,3.5936438359260934,5.455184577458481,4.984678162532373,279.748711333072,1787.638335679383,2799.8937855900563,0.0,0.0,5.659064580709015,0.0,0.0,2359.15062822795,0.0,0.0,0.0,0.0,0.0,1113.3989182491143,114.82396908409312,0.0,0.0,0.0,0.0,796.3760921304864,0.0,0.0,0.0,0.0,0.0,0.0,0.0,0.0,0.0,0.0,0.0,0.0,0.0,0.0,0.0
101,2.2907879922380805,0.5884797043245683,0.2514409379401993,0.0108274622591359,5.902775289355263,3.4643160717081063,5.567962899000179,5.116329847736229,0.0,0.0,803.36463557871,0.0,0.0,0.0,0.0,0.0,314.6778650271923,0.0,0.0,0.0,0.0,0.0,0.0,0.0,0.0,0.0,0.0,0.0,1440.739459017761,0.0,0.0,0.0,0.0,0.0,65.15161943388468,0.0,0.0,0.0,0.0,0.0,80.55973965036542,23.017068471532976,0.0,0.0
102,2.119442338993984,0.5830785855784877,0.2880024393326415,0.0163997545514947,5.789499772290705,3.3177278627996416,5.529239487441035,5.336156097420456,0.0,0.0,638.219209655545,0.0,0.0,0.0,0.0,0.0,241.96814058714435,0.0,0.0,0.0,0.0,0.0,0.0,0.0,0.0,0.0,0.0,0.0,1882.1163557569837,0.0,0.0,0.0,0.0,0.0,1123.588744670623,4.063539281825778,0.0,6.248267147161262,0.0,0.0,1083.5522217686798,458.4282885032261,0.0,0.0
103,1.982124723931417,0.6119731249949611,0.2995306985877191,0.0221079564119599,5.523253874954677,3.272784742864441,5.286947497041048,5.454720113484281,0.0,0.0,534.5490909591431,0.0,0.0,0.0,0.0,0.0,202.6554652902008,0.0,0.0,0.0,0.0,0.0,0.0,0.0,0.0,0.0,0.0,0.0,2000.4403939426968,0.0,0.0,0.0,0.0,0.0,1737.7589950092445,6.01928039926044,0.0,35.15777291312719,0.0,0.0,1643.5022393382724,825.4768484584253,0.0,0.0
104,1.9620446989266584,0.6148668296810612,0.3265176526468187,0.0269563797715306,5.472143921440336,3.28249411413213,5.213995434466908,5.534875010155104,0.0,0.0,262.9941383257128,0.0,0.0,0.0,0.0,0.0,99.73784292907688,0.0,0.0,0.0,0.0,0.0,0.0,0.0,0.0,0.0,332.25487422250114,515.3744920909104,1836.0774081402628,0.0,0.0,114.1610590675128,0.0,0.0,1657.9257290123385,0.0,0.0,205.6794346821676,0.0,0.0,1577.8725707683031,1184.859269387964,0.0,0.0
105,1.9626550731155827,0.6004602854047892,0.3737376779832136,0.0305055203322257,5.520382120534364,3.303122646290618,5.282426186299705,5.683673759989486,0.0,3.407532913935117,1324.5708893917088,0.0,0.0,0.0,0.0,0.0,1252.7233781527427,0.0,0.0,0.0,0.0,0.0,1.952511010339588,0.0,0.0,0.0,1233.194106809171,1853.2970866495928,1547.1883983120993,0.0,0.0,481.56858639360775,40.09296965786914,246.97110968628468,1262.877523844796,0.0,0.0,299.3703145153556,0.0,0.0,596.5537536172623,876.1964769972374,0.0,0.0
106,2.0555301244370896,0.5945882909371171,0.4263621681908782,0.0345655097940197,5.593369732254913,3.4850891132622253,5.313966048400121,5.9025869882573065,0.0,253.84677063150195,2452.135772924149,0.0,0.0,0.0,0.0,0.0,2390.780703450458,0.0,0.0,0.0,0.0,0.0,138.4887699161665,0.0,0.0,0.0,881.797791548789,1317.2316095436852,1109.9519234788772,0.0,0.0,322.8777269122724,34.03709882722887,209.5636024373248,850.5020936331339,0.0,0.0,182.6316100102236,0.0,0.0,340.9538930907587,538.5450889038675,0.0,0.0
107,2.2248001840930227,0.6027316062033207,0.4673508498710954,0.0389310898604648,5.691968931476416,3.718845811037881,5.413806634883721,6.028387322298988,0.0,1263.0,3850.0,0.0,0.0,0.0,0.0,0.0,3656.0,0.0,0.0,0.0,0.0,0.0,410.0,0.0,0.0,0.0,0.0,0.0,180.48630797739236,0.0,0.0,0.0,0.0,0.0,0.0,0.0,0.0,0.0,0.0,0.0,0.0,0.0,0.0,0.0
108,2.482658234386526,0.6059992203182483,0.4925741647574739,0.0430128788193375,5.764134924859898,3.891488637239553,5.609802154421123,6.062027438313653,0.0,1230.2119160862148,3769.1952434352215,0.0,0.0,0.0,0.0,0.0,3566.64858649087,0.0,0.0,0.0,0.0,0.0,422.8976822978397,0.0,0.0,0.0,0.0,0.0,38.565881149679605,0.0,0.0,0.0,0.0,0.0,0.0,0.0,0.0,0.0,0.0,0.0,0.0,0.0,0.0,0.0
109,2.657925748699629,0.5542013287973416,0.5156253642587438,0.0437917102325579,5.847645238850896,3.862953503512223,5.877903004842677,6.089066419523142,0.0,963.7273413364676,3383.973690652754,0.0,0.0,0.0,0.0,0.0,3201.714915677105,0.0,0.0,0.0,0.0,0.0,712.6779402836053,28.184542999362296,0.0,0.0,0.0,0.0,0.0,0.0,0.0,0.0,0.0,0.0,0.0,0.0,0.0,0.0,0.0,0.0,0.0,0.0,0.0,0.0
110,2.7101151359085405,0.5109666620590191,0.5061734392659742,0.0434928868422901,5.876112535584136,3.767342293287481,6.03824896793668,6.207052689242118,118.47290124777184,1421.3200197936355,3407.770878892676,0.0,0.0,2.8290966131907305,0.0,0.0,3135.115559023614,0.0,0.0,0.0,0.0,0.0,826.8431799514192,123.36106935053516,0.0,0.0,0.0,0.0,0.0,0.0,0.0,0.0,0.0,0.0,0.0,0.0,0.0,0.0,0.0,0.0,0.0,0.0,0.0,0.0
111,2.714700497940965,0.5524221489966782,0.4983008997408624,0.0414890726710961,5.916435420114238,3.7198020786440154,6.078752169782771,6.352303788662395,400.2415933027921,2047.5775836068372,3370.268215515507,0.0,0.0,137.35890745201525,0.0,0.0,2983.7214264795693,0.0,0.0,16.085320315056926,0.0,0.0,907.2199342530864,221.52800378826743,0.0,0.0,0.0,0.0,0.0,0.0,0.0,0.0,0.0,0.0,0.0,0.0,0.0,0.0,0.0,0.0,0.0,0.0,0.0,0.0
112,2.728594848309968,0.6011522569405321,0.502750167153488,0.0392535661993352,6.027376564671433,3.687339593589376,6.318529392940858,6.455558073378723,481.2034484665727,2202.257594711684,3275.6015709564003,0.0,0.0,201.68519245203512,0.0,0.0,2864.260031076757,0.0,0.0,25.323701294425938,0.0,0.0,889.0427990150249,234.2442369734399,0.0,0.0,0.0,0.0,0.0,0.0,0.0,0.0,0.0,0.0,0.0,0.0,0.0,0.0,0.0,0.0,0.0,0.0,0.0,0.0
113,2.777774509910905,0.6413783497012987,0.5236808509244939,0.0372124515946841,6.261114875134708,3.595090079405624,6.582782851600118,6.532372944451208,283.0356940204346,832.3394134621253,2307.8459450293303,0.0,0.0,76.22656640741437,0.0,0.0,1932.9091332399207,0.0,0.0,9.571048696895078,0.0,0.0,336.0121738945665,88.53220044627948,0.0,0.0,0.0,0.0,0.0,0.0,0.0,0.0,0.0,0.0,0.0,0.0,0.0,0.0,0.0,0.0,0.0,0.0,0.0,0.0
114,2.723670911582644,0.7331756711299832,0.5357134961928984,0.034820700600498,6.428698597485676,3.4213191137473067,6.666011607118976,6.578416487620001,45.58033295133184,0.0,1085.2984144764707,0.0,0.0,0.0,0.0,0.0,717.255449752294,0.0,0.0,0.0,0.0,0.0,0.0,0.0,0.0,0.0,0.0,0.0,0.0,0.0,0.0,0.0,0.0,0.0,0.0,0.0,0.0,0.0,0.0,0.0,0.0,0.0,0.0,0.0
115,2.597279701538404,0.8640676823779557,0.5119194503122919,0.0326528915083053,6.326372843134652,3.248563116410404,6.384323778526476,6.456330444304851,0.0,0.0,681.7874209150198,0.0,0.0,0.0,0.0,0.0,279.61317401534825,0.0,0.0,0.0,0.0,0.0,0.0,0.0,0.0,0.0,0.0,0.0,638.5879813157103,0.0,0.0,0.0,0.0,0.0,50.505185189248266,0.0,0.0,0.0,0.0,0.0,12.278202915681907,0.0,0.0,0.0
116,2.4511376638272457,0.976357808475748,0.4863738512823924,0.0304521998511625,6.005695165243861,3.106281234527581,6.02564147311096,6.197381214710949,0.0,0.0,608.3856326273706,0.0,0.0,0.0,0.0,0.0,230.79164289238827,0.0,0.0,0.0,0.0,0.0,0.0,0.0,0.0,0.0,0.0,0.0,1974.736690872216,0.0,0.0,0.0,0.0,0.0,677.1808795589385,0.0,0.0,0.0,0.0,0.0,164.6279331258572,0.0,0.0,0.0
117,2.337280201994953,1.0092693949235885,0.4313590455803331,0.0270128091707639,5.782527244902861,3.2179162646631267,5.690166512512423,5.907053455905629,0.0,0.0,490.8149662272611,0.0,0.0,0.0,0.0,0.0,210.87264201604896,0.0,0.0,0.0,20.14747504074799,0.0,0.0,0.0,0.0,0.0,0.0,0.0,4467.418909853991,0.0,0.0,0.0,0.0,0.0,2807.5274227558507,0.0,0.0,0.0,0.0,0.0,607.9486151347664,0.0,0.0,0.0
118,2.250372226167089,1.0274309714240346,0.3881536080398675,0.0256762003455147,5.680444505933393,3.5329894938407,5.366551905996917,5.605859906490222,0.0,0.0,498.0245148893932,0.0,0.0,0.0,0.0,0.0,221.30517856531657,0.0,0.0,0.0,22.846616411792542,0.0,0.0,0.0,0.0,0.0,0.0,0.0,4446.307895255529,0.0,0.0,0.0,0.0,0.0,2799.961836037867,0.0,0.0,0.0,0.0,0.0,602.1676580732957,0.0,0.0,0.0
119,2.177011701735972,1.0526602983745423,0.3556904841496756,0.0261605326245844,5.678667706986536,4.089601909588398,4.959599271552369,5.322152386873216,0.0,44.73121965945731,1266.6336695298637,0.0,0.0,0.0,0.0,0.0,1296.5337602341176,0.0,0.0,0.0,263.06285211026665,0.0,20.061556371723317,0.0,0.0,0.0,0.0,0.0,2307.697375926143,0.0,0.0,0.0,0.0,0.0,1936.6792159849865,0.0,0.0,0.0,0.0,0.0,57.3717651698932,0.0,0.0,0.0
120,2.224976709114422,1.068712945235882,0.3479539300337532,0.0267446142897007,5.718779496227245,4.793847095218615,4.698144190046511,4.965468492074935,0.0,89.48953388577851,1427.4203401926657,0.0,0.0,0.0,0.0,0.0,1492.1938585078772,0.0,0.0,0.0,275.69113600283384,0.0,40.1352644170349,0.0,0.0,0.0,0.0,0.0,2005.521708933541,0.0,0.0,0.0,0.0,0.0,1761.8408765150896,0.0,0.0,0.0,0.0,0.0,0.0,0.0,0.0,0.0
121,2.370864972804116,0.992150120043379,0.3460998928903649,0.0289141428438535,5.765501163423312,5.429975951874392,4.738719855617374,4.566654550292467,0.0,625.0347180293302,3124.856806575141,0.0,0.0,0.0,0.0,0.0,3069.9974380695635,0.0,0.0,0.0,36.61370986276052,0.0,187.80188559199684,0.0,0.0,0.0,0.0,0.0,1326.0846861479167,0.0,0.0,0.0,0.0,0.0,850.7552207890038,0.0,0.0,0.0,0.0,0.0,0.0,0.0,0.0,0.0
122,2.4934144827222484,0.8709370619823245,0.3361027145382063,0.0318390814883718,5.823759262148817,5.98770134039693,4.789029257220334,4.190334881303062,0.0,559.6785520238476,3484.464929322364,0.0,0.0,0.0,0.0,0.0,3401.242534255614,0.0,0.0,0.0,0.0,0.0,185.5183074059349,0.0,0.0,0.0,0.0,0.0,792.3167407303198,0.0,0.0,0.0,0.0,0.0,415.6818834632497,0.0,0.0,0.0,0.0,0.0,0.0,0.0,0.0,0.0
123,2.462771008505781,0.7182646380693697,0.3351322213786052,0.0345791336986044,5.747616854283595,6.18403967621104,4.899186828937675,3.853300134536593,0.0,452.2601585099907,3540.8044871350303,1.32,0.0,0.0,0.0,0.0,3519.416643564433,0.0,0.0,0.0,0.0,0.0,237.3101294588159,0.0,0.0,0.0,0.0,0.0,366.9719253145927,0.0,0.0,0.0,0.0,0.0,133.2015186752048,0.0,0.0,0.0,0.0,0.0,0.0,0.0,0.0,0.0
124,2.3782430721022214,0.5844737436279075,0.3336604607840531,0.0342549770232556,5.648389992055209,6.199353293872737,5.023684798629184,3.670355358197786,0.0,32.32810560899496,3691.4388656128176,267.11985605963247,0.0,0.0,0.0,0.0,4094.3466631077017,317.6978860406184,0.0,0.0,0.0,0.0,693.3668343993752,0.0,0.0,0.0,0.0,0.0,168.50826569651915,0.0,0.0,0.0,0.0,0.0,22.957928814106683,0.0,0.0,0.0,0.0,0.0,0.0,0.0,0.0,0.0
125,2.280282170698508,0.4625721447583064,0.3220871432890366,0.0328388919892024,5.5798169976702665,6.251223529026585,5.25001386321678,3.592435733715934,0.0,0.0,3097.8030002016635,0.0,0.0,0.0,0.0,0.0,3382.8237060691795,0.0,0.0,0.0,0.0,0.0,0.0,0.0,0.0,0.0,0.0,0.0,148.26601223592402,0.0,0.0,0.0,0.0,0.0,16.446229221641126,0.0,0.0,0.0,0.0,0.0,0.0,0.0,0.0,0.0
126,2.170292545373283,0.3272046092107258,0.3096026286257715,0.0452401179155194,5.729896013426905,6.393151400305184,5.620966127269576,3.5721661307185424,0.0,0.0,2279.917454912945,0.0,0.0,0.0,0.0,0.0,2388.726978061869,0.0,0.0,0.0,0.0,0.0,0.0,0.0,0.0,0.0,0.0,0.0,831.4866622577698,0.0,0.0,0.0,0.0,0.0,319.83350618200967,0.0,0.0,0.0,0.0,0.0,0.0,0.0,0.0,0.0
127,2.022075089416133,0.2850031880132886,0.3276033270197528,0.0670190822453637,5.893510146069225,6.332002022313753,5.832490434149677,3.4800296081447133,0.0,0.0,1457.7834370082144,0.0,0.0,0.0,0.0,0.0,1417.5332598514492,0.0,0.0,0.0,0.0,0.0,0.0,0.0,0.0,0.0,0.0,0.0,3484.574129655045,0.0,0.0,0.0,0.0,0.0,2763.601409777097,148.61844060743653,0.0,0.0,0.0,0.0,467.9438623363602,135.30974100768717,0.0,0.0
128,1.861644763832894,0.2747928169704312,0.3371875200000003,0.0838240794418603,5.922917129580404,6.034075094251504,5.897701971556141,3.3697971838883545,0.0,0.0,849.8153078651106,0.0,0.0,0.0,0.0,0.0,823.1215053829208,0.0,0.0,0.0,0.0,0.0,0.0,0.0,0.0,0.0,59.23534583107568,56.49538490056335,1975.08864164191,0.0,0.0,0.0,0.0,0.0,1590.0533219046129,243.9311845028159,0.0,0.0,0.0,0.0,630.6739265873379,382.4765029262905,0.0,0.0
129,1.7300458834285743,0.3122142316506874,0.325699611764594,0.1000286184318935,5.672987815576656,5.59054801332891,5.7955144423825296,3.255493973712371,0.0,0.0,765.9418645655586,0.0,0.0,0.0,0.0,0.0,643.4345524589434,0.0,0.0,0.0,0.0,0.0,0.0,0.0,0.0,0.0,354.6719481714764,339.3679511581623,538.719104573402,0.0,0.0,0.0,0.0,0.0,425.94402275846863,280.4400697191143,0.0,0.0,0.0,0.0,654.8449990722368,553.6102615110517,0.0,0.0
130,1.583239278346844,0.4091085387933546,0.2919535209568099,0.1170197855282391,5.432003672207315,5.172074161273094,5.539426375186708,3.1688679292704167,0.0,0.0,685.995508946664,0.0,0.0,0.0,0.0,0.0,509.4636011929881,0.0,0.0,0.0,0.0,0.0,0.0,0.0,0.0,0.0,481.8730546484243,449.0706743828688,1624.5177915648856,0.0,0.0,0.0,0.0,0.0,1236.894466091265,319.1288118151972,12.127799433944414,0.0,0.0,0.0,749.7358404358819,725.7945428698553,0.0,0.0
131,1.5075395999366832,0.5109862530639034,0.2606166184584705,0.1307912606089503,5.366367509154588,4.9354633728450334,5.258180941104551,3.088378581258534,0.0,0.0,720.10842189909,0.0,0.0,0.0,0.0,0.0,595.2544393849464,0.0,0.0,0.0,0.0,0.0,0.0,0.0,0.0,0.0,564.689122078868,280.33983983758566,3402.3381931695058,0.0,0.0,0.0,0.0,0.0,2857.307878080408,354.8963471646939,141.6761560696603,0.9593534586613702,0.0,0.0,1437.8789860148208,899.3464317746184,0.0,0.0
132,1.5133756924584756,0.6090901239069755,0.2367697059867098,0.1309492807176077,5.317756813184632,4.705466126813484,5.097135380018981,3.0687820954598792,0.0,0.0,1389.494832474376,0.0,0.0,0.0,0.0,0.0,1504.1922584554443,1.890851256982969,0.0,0.0,0.0,0.0,7.070932514055282,0.5836711275574439,0.0,0.0,479.9731128388233,31.75228314172495,3927.3833031518334,0.0,0.0,0.0,0.0,0.0,3563.7812756201683,220.8804278186176,161.64798690332702,44.99343217592888,0.0,0.0,1586.3062990098929,975.266409961768,0.0,0.0
133,1.6038433462136104,0.707136051519416,0.2140443501482485,0.1260273828869886,5.288550031863634,4.739906492936769,5.008524509839549,3.1601979448720505,0.0,0.0,2827.998792147744,20.384023086535866,0.0,0.0,0.0,0.0,3387.1638773169725,152.5930637563643,0.0,0.0,0.0,0.0,496.09656646911503,33.58275597107976,0.0,0.0,186.3761411039342,0.0,2855.464249495209,0.0,0.0,0.0,0.0,0.0,2399.6853236930137,0.0,0.0,61.888340470010114,0.0,0.0,469.8929554204471,540.9499389230513,0.0,0.0
134,1.803939085944828,0.8011604920482452,0.1909391015429726,0.1239659999999999,5.270276073536051,5.040439170128273,5.112590766437672,3.195078912577192,0.0,0.0,3867.7831001011286,331.062143837818,0.0,0.0,0.0,0.0,4518.595805379938,546.7342482386113,0.0,0.0,0.0,0.0,999.7869845359448,3.569653033205199,0.0,0.0,0.0,0.0,1211.8131368826776,0.0,0.0,0.0,0.0,0.0,376.6266702713747,0.0,0.0,0.0,0.0,0.0,0.0,0.0,0.0,0.0
135,2.0146916709805094,0.8548229894984017,0.1865626522923588,0.122244432179778,5.318860547335057,5.265922348519283,5.352447088620825,3.2181096634345767,0.0,0.0,4040.294138228639,398.5359740411743,0.0,0.0,0.0,0.0,4376.53245120469,492.3183377741487,0.0,0.0,0.0,0.0,783.3387444175931,0.0,0.0,0.0,0.0,0.0,786.8171317879372,0.0,0.0,0.0,0.0,0.0,185.1090482884532,0.0,0.0,0.0,0.0,0.0,0.0,0.0,0.0,0.0
136,2.224757754681729,0.8376072251968109,0.185328016827907,0.1052780225382058,5.2835471597469885,5.306493966487184,5.629250262594024,3.2289089270615148,0.0,0.0,3997.314564836049,218.3028544973648,0.0,0.0,0.0,0.0,4227.619534616601,345.8905619410769,0.0,0.0,0.0,0.0,847.1519179289032,0.0,0.0,0.0,0.0,0.0,673.0,0.0,0.0,0.0,0.0,0.0,133.0,0.0,0.0,0.0,0.0,0.0,0.0,0.0,0.0,0.0
137,2.338615917782276,0.7939203107233259,0.1976380657071776,0.0861271288504982,5.094677470599096,5.1485222746213415,5.922824254689952,3.319717666813244,0.0,67.45827963943486,4074.6155666929967,148.0886423981491,0.0,0.0,0.0,0.0,4147.7524089635335,227.30052612515613,0.0,0.0,0.0,0.0,909.1716830806388,0.0,0.0,0.0,0.0,0.0,805.1095704616583,0.0,0.0,0.0,0.0,0.0,277.4014650402533,0.0,0.0,0.0,0.0,0.0,0.0,0.0,0.0,0.0
138,2.3900116777599654,0.7906596783189377,0.2067937181611294,0.0673880823388703,4.9683552174792425,5.045109888662794,6.136604778214292,3.4647465837632776,0.0,475.2778945515879,4306.543739478882,385.7643072193901,0.0,0.0,0.0,0.0,4181.950672176748,186.00428343656696,0.0,0.0,0.0,0.0,977.7267723306842,0.0,0.0,0.0,0.0,0.0,1315.3917893406551,0.0,0.0,0.0,0.0,0.0,835.1170550857333,0.0,0.0,0.0,0.0,0.0,0.0,0.0,0.0,0.0
139,2.4167352638192687,0.7990338767760793,0.2102758791707638,0.0482371886511627,4.987139787976084,5.03835829257409,6.421283707505653,3.5716293539508217,0.0,770.9145864768172,4158.766636499995,225.06809091366696,0.0,0.0,0.0,0.0,3870.294364890184,54.85527804878102,0.0,0.0,0.0,0.0,1021.004461584705,0.0,0.0,0.0,0.0,0.0,1946.3727048595051,0.0,0.0,0.0,0.0,0.0,1524.7952824550232,0.0,0.0,0.0,0.0,0.0,0.0,0.0,0.0,0.0
140,2.4281105172595305,0.7966665671085078,0.2362577659859222,0.0268211354950165,5.046564262395861,5.02428669475196,6.66951167965606,3.628895899325404,0.0,494.7670151475332,3061.7958536528126,41.81129705472112,0.0,0.0,0.0,0.0,2683.640071344058,0.0,0.0,0.0,0.0,0.0,620.8344108125257,0.0,0.0,0.0,0.0,0.0,2593.3979594349603,0.0,0.0,0.0,0.0,0.0,2235.7202133288374,6.598808287501433,0.0,0.0,0.0,0.0,51.98479784630489,17.99326213278007,0.0,0.0
141,2.3648387688395203,0.7868284072910587,0.2598653077397078,0.0058031057749527,4.938029108073095,4.873818498323272,6.72040156595291,3.590046478426108,0.0,0.0,1340.8951072985014,0.0,0.0,0.0,0.0,0.0,928.3732294837127,0.0,0.0,0.0,0.0,0.0,0.0,0.0,0.0,0.0,0.0,0.0,3271.0786696359432,0.0,0.0,0.0,0.0,0.0,3049.208392522303,125.54037065976388,0.0,0.0,0.0,0.0,983.2270204346088,346.91956376275846,0.0,0.0
142,2.20681451151524,0.7921040442718477,0.2723035401172897,0.0008046598500647,4.759475110621994,4.713121531890223,6.56748258412972,3.491478431238184,0.0,0.0,1247.1420181556998,0.0,0.0,0.0,0.0,0.0,822.3022869393864,0.0,0.0,0.0,0.0,0.0,0.0,0.0,0.0,0.0,0.0,0.0,3393.771830098463,0.0,0.0,0.0,0.0,0.0,3309.7870801315566,225.52885903251283,0.0,0.0,0.0,0.0,1700.2652240698478,675.9260817380118,0.0,0.0
143,2.0276273765224,0.8168338161019585,0.2602182249568102,0.0030196634950163,4.446339193404295,4.48503790204606,6.163070081299583,3.332344588465794,0.0,0.0,1202.2567010066953,0.0,0.0,0.0,0.0,0.0,797.7169725231889,0.0,0.0,0.0,0.0,0.0,0.0,0.0,0.0,0.0,0.0,0.0,3346.1261324178317,0.0,0.0,0.0,0.0,0.0,3374.577876341945,284.5294909849263,0.0,0.0,0.0,0.0,2080.7687451764427,903.9605983757588,0.0,0.0
144,1.8288986911239296,0.8360061893482096,0.2487570930784171,0.0053968453953485,4.247865176132147,4.397015273497152,5.624377485736604,3.207786612947018,0.0,0.0,1300.1576977679117,0.0,0.0,0.0,0.0,0.0,1077.353620619128,0.0,0.0,0.0,0.0,0.0,0.0,0.0,0.0,0.0,0.0,0.0,3310.3319812002296,0.0,0.0,0.0,0.0,0.0,3450.726054205669,347.20025087995,0.0,14.46743971819088,0.0,0.0,2480.837614434545,1148.8156227570646,0.0,0.0
145,1.6846347416470604,0.8436251551917152,0.266503594295094,0.0076485350384988,4.211408742327153,4.44096694773266,5.090114765412547,3.094529123136982,0.0,0.0,1509.231316073021,0.0,0.0,0.0,0.0,0.0,1674.5852758157969,0.0,0.0,0.0,0.0,0.0,0.0,0.0,0.0,0.0,0.0,0.0,3582.9139712664883,0.0,0.0,0.0,0.0,0.0,3588.888172249529,376.8243700062813,0.0,91.61426859233676,0.0,0.0,2500.916848494033,1249.8114704978016,0.0,0.0
146,1.53810363486965,0.8708044846738342,0.3272305734641387,0.0112763756810628,4.274961154632803,4.5130164133156185,4.750999526063712,3.059550813265573,0.0,0.0,1628.6986586470466,0.0,0.0,0.0,0.0,0.0,2015.8821581318464,0.0,0.0,0.0,0.0,0.0,33.1764705882353,0.0,0.0,0.0,39.08372441208044,0.0,3296.208390440732,0.0,0.0,0.0,160.17919841016575,0.0,3097.390003966604,44.47058823529412,7.529411764705882,44.666841332207895,0.0,0.0,195.843137254902,956.6096205094728,0.0,0.0
147,1.4762090522901008,0.9096104049508742,0.3767530122403338,0.0155546441461791,4.450905302555747,4.754703846228604,4.589717289152474,3.0588935859268966,0.0,0.0,2663.055170713596,0.0,0.0,0.0,0.0,0.0,3216.868790051179,4.6989025785879495,0.0,0.0,0.0,0.0,476.4614829206084,0.0,0.0,0.0,1.0019276959814838,0.0,1167.3794389863176,0.0,0.0,0.0,4.106261049104437,0.0,473.2326311740264,0.0,0.0,0.8228947142405297,0.0,0.0,0.0,17.62407242275625,0.0,0.0
148,1.4817394604131495,0.9037379834103,0.4335039833279551,0.0188304765847173,4.585187997642864,4.961972902690086,4.725624516364503,3.077802313475069,0.0,0.0,3790.003349802867,0.0,0.0,0.0,0.0,0.0,4000.7981684910046,31.573265025069556,0.0,0.0,0.0,0.0,968.7222524340548,0.0,0.0,0.0,0.0,0.0,770.058364151397,0.0,0.0,0.0,0.0,0.0,465.2697982405385,0.0,0.0,0.0,0.0,0.0,0.0,0.0,0.0,0.0
149,1.4508522665940182,0.8604563802259134,0.4987263378737554,0.0210766910830562,4.696999913852496,5.1045662954711,4.996523222514289,3.1339256067667653,0.0,0.0,4172.440213949402,0.0,0.0,0.0,0.0,0.0,4084.874690988438,22.005996829439493,0.0,0.0,0.0,0.0,843.55963924198,0.0,0.0,0.0,0.0,0.0,513.9365462208912,0.0,0.0,0.0,0.0,0.0,824.6708452527417,0.0,0.0,0.0,0.0,0.0,0.0,0.0,0.0,0.0
150,1.3840418550915805,0.7515479429622,0.5716086014141554,0.0232561863388702,4.791545472510758,5.140910116819414,5.335905985010222,3.2119393535011462,0.2205150104707764,102.884591773864,4360.221204333092,32.34472891180288,0.0,0.0,0.0,0.0,4090.653126621281,10.766539101558148,0.0,0.0,0.0,0.0,689.5806493539191,0.0,0.0,0.0,0.0,0.0,428.051691513342,0.0,0.0,0.0,0.0,0.0,1082.4478577879572,0.0,0.0,0.0,0.0,0.0,0.0,0.0,0.0,0.0
151,1.2884573884376944,0.6561612300784597,0.6798223936320084,0.0254632315419521,5.02420496633096,5.2351200545178544,5.706899564643537,3.4856715540708127,14.778030959073057,686.8086693674963,4585.645645230691,257.42814869479946,0.0,0.0,0.0,0.0,4191.682455237913,1.3884389154401435,0.0,0.0,0.0,0.0,664.4378740141295,0.0,0.0,0.0,0.0,0.0,674.0660415542418,0.0,0.0,0.0,0.0,0.0,1447.647996038057,0.0,0.0,0.0,0.0,0.0,0.0,0.0,0.0,0.0
152,1.246106490413918,0.6153350999202651,0.7774269074199733,0.0250814930232556,5.389257280713707,5.544539510098893,6.007879518681269,3.80711200090364,20.48285110317505,591.15784156108,4092.624414011437,245.7942132381006,0.0,0.0,0.0,0.0,3742.249761647181,0.4551744689594456,0.0,0.0,0.0,0.0,472.8124796316241,0.0,0.0,0.0,0.0,0.0,1849.296296904627,0.0,0.0,0.0,0.0,0.0,1773.3700665755637,0.0,0.0,0.0,0.0,0.0,0.047537249103585,0.0,0.0,0.0
153,1.2170127516177291,0.6027281774538763,0.8900223398671093,0.0229827198139533,5.9344832647235535,5.94148098638044,6.275873606291099,4.087516012637293,0.0,0.0,2621.662210819792,0.0,0.0,0.0,0.0,0.0,2239.892386193387,0.0,0.0,0.0,0.0,0.0,0.0,0.0,0.0,0.0,0.0,0.0,2141.61021187928,0.0,0.0,0.0,0.0,0.0,1676.4304918409514,0.0,0.0,0.0,0.0,0.0,5.451799664333869,0.0,0.0,0.0
154,1.178330718028961,0.6029283824669962,0.9980912719914742,0.0208411144983386,6.367658350397047,6.147002584792334,6.355961688558151,4.2471678178439,0.0,0.0,1588.1767872644652,0.0,0.0,0.0,0.0,0.0,1187.9262536536194,0.0,0.0,0.0,0.0,0.0,0.0,0.0,0.0,0.0,0.0,0.0,1435.013051192059,0.0,0.0,0.0,0.0,0.0,1106.6940546459443,0.0,0.0,0.0,0.0,0.0,9.58055495527976,0.0,0.0,0.0
155,1.104925843734223,0.624236738213267,1.069166030271138,0.0190421660332223,6.6171438219024825,6.219397044304801,6.289421347132365,4.330398566129661,0.0,0.0,1425.0,0.0,0.0,0.0,0.0,0.0,1028.0,0.0,0.0,0.0,0.0,0.0,0.0,0.0,0.0,0.0,0.0,0.0,316.62803388813944,0.0,0.0,0.0,0.0,0.0,244.1350211231671,0.0,0.0,0.0,0.0,0.0,2.0814087130269794,357.94302457692794,0.0,0.0
156,1.0234622921225114,0.694110936860879,1.0909178401769084,0.016049941856312,6.69906175096907,6.164906851803372,5.99307253664951,4.415808201566845,0.0,0.0,1232.3840840610103,0.0,0.0,0.0,0.0,0.0,856.1112440585154,0.0,0.0,0.0,0.0,0.0,0.0,0.0,0.0,0.0,8.330030699837062,0.0,1095.881559599473,0.0,0.0,0.0,0.0,0.0,996.9706423363624,22.719508802607,0.0,0.0,0.0,0.0,505.2359575427257,581.36414791271,0.0,0.0
157,0.9219283023951153,0.7802581984193149,1.038570409354057,0.0108617044100614,6.561852093482686,5.990992443651408,5.469295594290707,4.55184276161389,0.0,0.0,580.0981423543916,0.0,0.0,0.0,0.0,0.0,401.6451887113793,0.0,0.0,0.0,0.0,0.0,0.0,0.0,0.0,0.0,0.253004695102219,0.0,3940.110397988862,0.0,0.0,0.0,0.0,0.0,3759.502570859822,315.66503360108726,0.0,0.0,0.0,0.0,2318.466378970385,1100.0581887183623,0.0,0.0
158,0.861185938080687,0.8070395269235876,0.9829721878718568,0.0076282333953485,6.556118808168018,6.014434279910783,5.080241095067879,4.685421956212608,0.0,0.0,45.42830412107461,0.0,0.0,0.0,0.0,0.0,31.458710097360445,0.0,0.0,0.0,0.0,0.0,0.0,0.0,0.0,0.0,0.0,0.0,4102.251606400464,0.0,0.0,0.0,0.0,0.0,4032.053542872453,558.7047263111353,111.42208564797411,71.24414361067772,0.0,0.0,2573.023547030223,1280.790739057761,0.0,0.0
159,0.905467837286241,0.8122087292113997,1.0080120327204067,0.0144320788011887,6.605178203773398,6.08600957842631,4.852841734999133,4.821885465996137,0.0,0.0,12.229072016799323,0.0,0.0,0.0,0.0,0.0,8.423344660340442,0.0,0.0,0.0,0.0,0.0,27.72147066610475,0.0,0.0,0.0,0.0,0.0,3755.239793739709,0.0,0.0,0.0,0.0,0.0,3601.5579407025284,87.16782301658233,210.6950588429732,413.4160884917088,0.0,0.0,2321.3494556508504,1438.1654559813946,0.0,0.0
160,1.0269648206910316,0.850667871109632,1.1087651914904704,0.0366449261860462,6.656953369203367,6.2433643613589895,4.83838868811891,5.002224486074471,0.0,0.0,632.4230962791589,49.38364060335232,0.0,0.0,0.0,0.0,699.4479123070059,106.27492927140348,0.0,0.0,0.0,0.0,357.1344115967908,0.0,0.0,0.0,0.0,0.0,3226.3600031069723,0.0,0.0,0.0,0.0,0.0,3006.89294419179,0.0,178.29696253676556,380.7556629873918,0.0,0.0,1901.2788248079396,1212.2527125747376,0.0,0.0
161,1.22523953149585,0.8737674010789006,1.1877463803102135,0.0614129005465114,6.561172793853624,6.380712854405739,5.185788724289458,5.113348538382044,0.0,0.0,3165.9989970474658,115.84889990743454,0.0,0.0,0.0,0.0,3515.378766808005,369.04469584326233,0.0,0.0,0.0,0.0,1025.7312835389664,31.290683749502367,0.0,0.0,0.0,0.0,1405.517818776523,0.0,0.0,0.0,0.0,0.0,1014.4642603552396,0.0,41.13527103935717,87.84494796722535,0.0,0.0,438.648077158005,279.68139888908735,0.0,0.0
162,1.4092922282731348,0.8261280710380986,1.286904636956808,0.0897373811960131,6.32965551976194,6.409960882083839,5.870135140306502,5.2274234019150185,0.0,0.0,3922.770723176327,0.0,0.0,0.0,0.0,0.0,4444.705003520093,313.0114684585537,0.0,0.0,0.0,0.0,1568.4560475682451,245.70113569837795,0.0,0.0,0.0,0.0,593.6225226189134,0.0,0.0,0.0,0.0,0.0,285.5477778387551,0.0,0.0,0.0,0.0,0.0,0.0,0.0,0.0,0.0
163,1.5936794787451365,0.7388674500589858,1.3735719243913458,0.115159883681063,6.034815548826101,6.2137188690587895,6.600126530843589,5.283151435463269,0.0,0.0,3783.498716384957,0.0,0.0,0.0,0.0,0.0,4443.847795841252,395.9413088553633,0.0,2.451124305597474,0.0,0.0,2066.720219029248,511.8795487987584,0.0,0.0,0.0,0.0,423.6071431807795,0.0,0.0,0.0,0.0,0.0,153.6705163097799,0.0,0.0,0.0,0.0,0.0,0.0,0.0,0.0,0.0
164,1.7817138264025565,0.6373121355544389,1.4383722216937205,0.1421998265870995,5.564932878608921,5.854208631392475,7.405302990019941,5.442061506237302,0.0,0.0,3634.642107497456,0.0,0.0,0.0,0.0,0.0,4340.098111577758,569.935681284764,0.0,65.5127824459037,0.0,0.0,2182.189099511449,682.7723717772154,0.0,0.0,0.0,0.0,419.684000623744,0.0,0.0,0.0,0.0,0.0,125.51053920479838,0.0,0.0,0.0,0.0,0.0,0.0,0.0,0.0,0.0
165,1.926203751229236,0.546146211766269,1.410778544698058,0.1621333152347077,5.071847776519056,5.601939022499127,8.198089697494632,5.737492625438321,0.0,0.0,2937.628776290631,0.0,0.0,0.0,0.0,0.0,3281.2285363476176,242.387914745248,0.0,27.90550744198253,0.0,0.0,927.9068421249954,290.344831852435,0.0,0.0,0.0,0.0,656.8053462302704,0.0,0.0,0.0,0.0,0.0,286.17764968320023,0.0,0.0,0.0,0.0,0.0,0.0,0.0,0.0,0.0
166,2.0725157714598432,0.4676834781082665,1.3196452276873123,0.1725178398936875,4.790561969569682,5.66053205186477,8.868411450643741,5.986024759452785,0.0,0.0,2396.388114614118,0.0,0.0,0.0,0.0,0.0,2466.7243001624047,5.305882352941177,0.2156862745098039,0.6137254901960785,0.0,0.0,20.31764705882353,6.352941176470588,0.0,0.0,0.0,0.0,1114.077134476699,0.0,0.0,0.0,0.0,0.0,464.98938581480735,0.0,0.0,0.0,0.0,0.0,0.0,24.57894112130348,0.0,0.0
167,2.230053948132331,0.4282282310168937,1.2880283488326827,0.1841014535681061,4.700604056839482,5.746253980824775,9.248240904589531,6.083699737766859,0.0,0.0,2266.084830847371,0.0,0.0,0.0,0.0,0.0,2293.4087599425134,0.0,0.0,0.0,0.0,0.0,0.0,0.0,0.0,0.0,0.0,0.0,1246.5552065385102,0.0,0.0,0.0,0.0,0.0,702.1748488063078,0.0,0.0,0.0,0.0,0.0,0.0,103.84860719107574,0.0,0.0
168,2.3566522373406653,0.4348313848796308,1.2544282694842823,0.1958032673820594,4.470187522579362,5.631713713805525,9.288920248976495,6.067017519076649,0.0,0.0,1696.9684114817585,0.0,0.0,0.0,0.0,0.0,1546.6055950326784,0.0,0.0,0.0,0.0,0.0,0.0,0.0,0.0,0.0,0.0,7.962246713126995,2165.0704902491875,0.0,0.0,0.0,0.0,0.0,2509.149164738953,0.0,0.0,0.0,0.0,0.0,1933.056563131387,1214.7614015695,0.0,0.0
169,2.379109592224589,0.4690104933169417,1.1306774121129577,0.1966414093331557,4.110731093122932,5.459652518022065,8.996503400580213,5.988373586886359,0.0,0.0,1400.792837761349,0.0,0.0,0.0,0.0,0.0,1163.1250804299425,0.0,0.0,0.0,0.0,0.0,0.0,0.0,0.0,0.0,0.0,14.311158149696048,2387.710407579787,0.0,0.0,0.0,0.0,0.0,3364.0863989836625,616.6217904951875,0.0,0.0,0.0,0.0,2640.987084805597,1348.0727912867276,0.0,0.0
170,2.3673940279725763,0.5109416199638069,0.9323256344053144,0.1825378538573543,3.7107981213221257,5.149993223593701,8.419391838123433,5.88285920262499,0.0,0.0,1267.44532421463,0.0,0.0,0.0,0.0,0.0,1019.9144042868186,0.0,0.0,0.0,0.0,0.0,0.0,0.0,0.0,0.0,0.0,47.22592116054409,2955.277289349142,0.0,0.0,0.0,0.0,0.0,4121.492776346752,921.095758282599,0.0,0.0,0.0,0.0,2434.582724102724,1075.8115463947013,0.0,0.0
171,2.414965745468829,0.5481195734727368,0.7273723583122896,0.1656156688434624,3.5682990887746797,4.822555453371902,7.671922369899565,5.774268074877448,0.0,0.0,1139.2499202726278,0.0,0.0,0.0,0.0,0.0,919.5809499152656,0.0,0.0,0.0,0.0,0.0,0.0,0.0,0.0,0.0,0.0,80.9970135946326,3455.400497274851,0.0,0.0,0.0,0.0,0.0,4291.94291634684,699.0734642935168,6.86993982476559,0.0,0.0,0.0,1807.9745061796923,751.0758724631803,0.0,0.0
172,2.5192019595123187,0.5776179956622574,0.5185481072991895,0.1403071323798652,3.780413207332045,4.457140547446378,6.850056237675683,5.7169068799583584,0.0,0.0,1045.175303338091,0.0,0.0,0.0,0.0,0.0,997.5512846996444,0.0,0.0,0.0,0.0,0.0,6.270022713256621,0.0,0.0,0.0,115.9245283018868,128.1211375255842,3769.770103566698,0.0,0.0,4.754716981132075,0.0,0.0,3815.120106497655,233.5488374471334,80.09603714965777,0.0,0.0,0.0,1195.3076127028612,563.320912063063,0.0,0.0
173,2.603579567835167,0.590128722161002,0.3365130885686161,0.1125038812425243,4.0854628749261535,4.264898987044722,6.141269636535404,5.8379484682271725,0.0,0.0,2206.290261897429,0.0,0.0,0.0,0.0,0.0,2411.4479924544144,0.0,0.0,0.0,0.0,0.0,151.45557528135248,0.0,0.0,0.0,455.4129502089387,144.05721994827948,2942.633875733162,0.0,0.0,18.294967536148636,0.0,0.0,2562.440703541433,0.0,0.0,0.0,0.0,0.0,0.0,120.22407238040527,0.0,0.0
174,2.7215485870601865,0.6050838214383069,0.2074125975603782,0.0873315423944987,4.48665422882022,4.23947460656602,5.645502265534431,5.88284146038722,82.83884358149174,198.5027175513657,4385.922199097492,9.98058356403515,0.0,56.223954077398005,0.0,0.0,4046.223595740572,0.0,0.0,0.0,0.0,0.0,140.10226447440317,0.0,0.0,0.0,36.65758174419867,0.0,1769.4867694426969,0.0,0.0,0.0,0.0,0.0,953.609004987426,0.0,0.0,0.0,0.0,0.0,0.0,0.0,0.0,0.0
175,2.858321708575956,0.6007336573427979,0.1581303706445164,0.0696502652754454,4.87831813790124,4.189249832123829,5.370151501910914,5.843853855603427,939.1437362492628,1927.870241360644,4236.700175111798,55.04911031357518,0.0,637.5902092798729,0.0,0.0,3423.8554841895184,0.0,0.0,0.0,0.0,0.0,0.0,0.0,0.0,0.0,0.0,0.0,1105.8162983673492,0.0,0.0,0.0,0.0,0.0,421.9101533339419,0.0,0.0,0.0,0.0,0.0,0.0,0.0,0.0,0.0
176,2.9702011124975063,0.5738692622940206,0.1860713186112938,0.0607342793621261,5.27482073997508,4.03231660917857,5.253603711966787,5.770217447872908,1537.3664406618836,2265.3464423006403,3984.7901151874007,0.0,0.0,1005.5963238357268,0.0,0.0,2815.8983906539074,0.0,0.0,0.0,0.0,0.0,0.0,0.0,0.0,0.0,0.0,0.0,919.0150755510344,0.0,0.0,0.0,0.0,0.0,331.7909631495204,0.0,0.0,0.0,0.0,0.0,0.0,0.0,0.0,0.0
177,2.97640074509319,0.4933683951575617,0.2282833383630503,0.0478937081063121,5.561768881341112,3.70629536353728,5.322917125841085,5.619985167578213,1716.78113773703,2532.566215719701,4015.300448131112,0.0,0.0,1092.5026900234666,0.0,0.0,2820.083478945842,0.0,0.0,0.0,0.0,0.0,0.0,0.0,0.0,0.0,0.0,0.0,671.9888540258756,0.0,0.0,0.0,0.0,0.0,264.698689822703,0.0,0.0,0.0,0.0,0.0,0.0,0.0,0.0,0.0
178,2.9058000277987723,0.4746601461983853,0.2725843874893192,0.0357190937342191,5.667954879653547,3.383513373619365,5.5108964491495085,5.550598556147103,1721.6100084932225,2544.519672629434,4023.714252477607,0.0,0.0,1092.6995125465785,0.0,0.0,2824.60917668279,0.0,0.0,0.0,0.0,0.0,0.0,0.0,0.0,0.0,0.0,0.0,657.4034104227723,0.0,0.0,0.0,0.0,0.0,279.6647108489345,0.0,0.0,0.0,0.0,0.0,0.0,0.0,0.0,0.0
179,2.856854496325346,0.5469145902551016,0.2892657327415734,0.0264733158459894,5.822965591289287,3.1425830501775045,5.695002423230669,5.50071673914829,1532.6017088815393,2412.392046366099,4007.970828931348,0.0,0.0,898.0630287917785,0.0,0.0,2749.9357895852254,0.0,0.0,0.0,0.0,0.0,0.0,0.0,0.0,0.0,0.0,0.0,386.4392376772151,0.0,0.0,0.0,0.0,0.0,981.2214959435232,0.0,0.0,0.0,0.0,0.0,0.0,0.0,0.0,0.0
180,2.816759471628442,0.6428554530769433,0.3014070610365425,0.0247613230285712,6.086370200773168,3.0638108105748847,6.003694697209845,5.410979512689146,229.93803557333456,364.6014123579404,2146.9877718476496,0.0,0.0,133.38452230422018,0.0,0.0,1295.362348068046,0.0,0.0,0.0,0.0,0.0,0.0,0.0,0.0,0.0,0.0,0.0,1668.5165054838226,0.0,0.0,0.0,0.0,0.0,2144.409999610032,0.0,0.0,0.0,0.0,0.0,752.3774211009596,475.27520487943,0.0,0.0
181,2.7033921264553493,0.7543440199124478,0.3155498930631205,0.0265670500136796,6.093887841734618,2.9820504291756897,6.147164457035774,5.243150909506328,0.0,0.0,1418.793486345291,0.0,0.0,0.0,0.0,0.0,753.433462137724,0.0,0.0,0.0,0.0,0.0,0.0,0.0,0.0,0.0,0.0,0.0,2745.804213638449,0.0,0.0,0.0,0.0,0.0,2903.291534392044,0.0,0.0,0.0,0.0,0.0,1483.8125612528772,982.794608548156,0.0,0.0
182,2.5167359283259763,0.8934307063419957,0.3217233691764685,0.0356349073261674,5.784461130976748,2.892989656361929,6.095656087396536,4.974180576738695,0.0,0.0,1301.841475207379,0.0,0.0,0.0,0.0,0.0,700.0418799518379,0.0,0.0,0.0,0.0,0.0,0.0,0.0,0.0,0.0,0.0,0.0,3091.650182144249,0.0,0.0,0.0,0.0,0.0,2572.988331974658,0.0,0.0,0.0,0.0,0.0,757.6145121805994,455.17767990594166,0.0,0.0
183,2.266808504531568,1.0656085362642458,0.2965031175095821,0.0470432436877073,5.275711098128804,2.799834156361101,5.742109824561989,4.689416768218735,0.0,0.0,1180.0891505138688,0.0,0.0,0.0,0.0,0.0,644.4375003508867,0.0,0.0,0.0,0.0,0.0,0.0,0.0,0.0,0.0,0.0,0.0,3326.743201366881,0.0,0.0,0.0,0.0,0.0,2423.875898446711,0.7221051461634823,0.0,0.0,0.0,0.0,495.9165908490125,170.48462435180392,0.0,0.0
184,1.9857261985397745,1.1609877411100242,0.2551053280007806,0.0584542933953485,4.765954666079345,2.7722165863865573,5.348583140547991,4.543617062270059,0.0,0.0,1131.0,0.0,0.0,0.0,0.0,0.0,622.0,0.0,0.0,0.0,0.0,0.0,0.0,0.0,0.0,0.0,0.0,0.0,3402.3290059894243,0.0,0.0,0.0,0.0,0.0,2645.008817318921,50.88553913194933,0.0,0.0,0.0,0.0,866.318736978905,341.346019480563,0.0,0.0
185,1.8268719314848405,1.175224003168445,0.2176562903920257,0.0667476862681838,4.482365432065881,2.953615493287061,4.994570529064264,4.417776823948802,0.0,0.0,1568.3169991477191,0.0,0.0,0.0,0.0,0.0,1245.308509926117,0.0,0.0,0.0,0.0,0.0,0.0,0.0,0.0,0.0,0.0,0.0,3523.844333267034,0.0,0.0,0.0,0.0,0.0,3307.50800590734,440.72821324078257,0.0,0.0,0.0,0.0,1709.4951773691555,701.7928864777808,0.0,0.0
186,1.7645377439649192,1.175726985990697,0.1811786565289028,0.0767094194750827,4.336310021745651,3.190829800743393,4.6200496955705095,4.417634452410875,0.0,0.0,2169.02182624131,0.0,0.0,0.0,0.0,0.0,2101.479251788194,0.0,0.0,0.0,0.0,0.0,0.0,0.0,0.0,0.0,0.0,0.0,3346.9006626691694,0.0,0.0,0.0,0.0,0.0,3671.605309367728,317.83502429508405,0.0,3.2275909898883937,0.0,0.0,2646.7887828003145,1275.645978465424,0.0,0.0
187,1.8952460065468104,1.182875125095172,0.1502830830041024,0.0907274618073087,4.34942045917452,3.619741142943135,4.267141275018185,4.540769954666384,0.0,6.417839654617171,3221.34299120319,0.0,0.0,0.0,0.0,0.0,3601.4095540542057,41.71595775501161,0.0,0.0,0.0,0.0,325.5819424784634,6.170999667901127,0.0,0.0,0.0,0.0,2535.0690697238338,0.0,0.0,0.0,0.0,0.0,2687.9300005093305,6.96598179575918,0.0,19.06021358258819,0.0,0.0,1934.2041945059204,1168.7465590714023,0.0,0.0
188,2.099623554742864,1.1176966206219257,0.1220403673435199,0.1040515416478402,4.486586477724917,4.083109628738876,4.032501664699011,4.634568805820579,0.0,24.351713844766213,3544.300023251205,0.0,0.0,0.0,0.0,0.0,4124.22358074176,135.0292243616452,0.0,0.0,0.0,0.0,1235.761549160694,112.86169249423013,0.0,0.0,0.0,0.0,350.00906425800554,0.0,0.0,0.0,0.0,0.0,306.0456896702116,0.0,0.0,0.0,0.0,0.0,0.0,0.0,0.0,0.0
189,2.353796964230008,0.9684863550344996,0.119697441624072,0.1149967446785072,4.609887668733196,4.49391570162229,4.0248020152432975,4.717512855848691,0.0,16.69482564163686,2585.4343768651333,0.0,0.0,0.0,0.0,0.0,3028.8069256135504,0.2015006390180191,0.0,0.0,0.0,0.0,1030.7067471743594,521.4103852419144,0.0,0.0,0.0,0.0,357.4150714175989,0.0,0.0,0.0,0.0,0.0,320.1488690693998,0.0,0.0,0.0,0.0,0.0,0.0,0.0,0.0,0.0
190,2.6238286778316757,0.7772853531229236,0.1492210179667757,0.1186408160132886,4.63626802625471,4.794338862101881,4.007581786609087,4.692223429282369,0.0,16.35806045604505,2580.651263010846,0.0,0.0,0.0,0.0,0.0,3029.229583517063,0.0,0.0,0.0,0.0,0.0,1066.9642837997908,539.4786883362792,0.0,0.0,0.0,0.0,359.6131109554812,0.0,0.0,0.0,0.0,0.0,322.8140045923176,0.0,0.0,0.0,0.0,0.0,0.0,0.0,0.0,0.0
191,2.785369167064073,0.5994215211542483,0.196072615435214,0.1212482597085899,4.635731653053633,4.987779364413859,4.043459661593744,4.682311411774063,0.0,1.0492331403722406,2551.6066659524986,0.0,0.0,0.0,19.27105440987784,0.0,3311.8026878473183,0.0,0.0,46.51643419140474,119.02290887869916,0.0,3060.635927073132,1411.7979600117458,0.0,0.0,0.0,0.0,470.6134760083172,0.0,0.0,0.0,0.0,0.0,457.3947341588685,0.0,0.0,0.0,0.0,0.0,0.0,0.0,0.0,0.0
192,2.8713334934932866,0.484560299154122,0.2441254756154824,0.1162764013754146,4.669398653855269,5.282536226775965,4.172262153519581,4.685611250724811,0.0,0.0,2743.968766964631,0.0,0.0,0.0,117.33074571327715,0.0,3611.249467868547,0.0,0.0,241.8956082688731,338.4750862201774,0.0,3609.082470469023,1548.4508389243094,0.0,0.0,0.0,0.0,511.9664221994448,0.0,0.0,0.0,0.0,0.0,507.54876774811584,0.0,0.0,0.0,0.0,0.0,0.0,0.0,0.0,0.0
193,2.896215296742865,0.4033840598172749,0.2949922667043169,0.1045329909966772,4.885866398063128,5.744986993158139,4.483778078103,4.613924970695664,0.0,0.0,2637.565250647701,0.0,0.0,9.595687854179026,697.1026268067355,0.0,3412.801502395624,0.0,0.0,681.0148630642324,793.7546549166423,0.0,2931.0946256810344,1421.1510153143138,0.0,0.0,0.0,0.0,870.9886178006869,0.0,0.0,0.0,0.0,0.0,705.1840536871658,0.0,0.0,0.0,0.0,0.0,0.0,0.0,0.0,0.0
194,2.9386414495177693,0.4006192558029641,0.3518702203133128,0.0921248592757471,5.1487473258952186,6.189031284260673,4.775322354969087,4.372774006993337,0.0,0.0,1592.1481855523905,0.0,0.0,30.9408199907144,825.4777257900031,0.0,2146.7514814014453,0.0,0.0,195.56933390357213,701.7144458271455,0.0,0.0,346.7706995185727,0.0,0.0,0.0,0.0,2173.2039249213967,0.0,0.0,0.0,0.0,0.0,1230.5019063388186,0.0719955102496275,0.0,0.0,0.0,0.0,0.383309429569776,0.0,0.0,0.0
195,2.8523522972245763,0.4842461591964372,0.4000539059045713,0.0836190496498194,5.202434793574041,6.338501909477071,4.754032640484069,4.144715065941595,0.0,0.0,1238.7133105540556,0.0,0.0,0.0,0.0,0.0,1392.3329675939965,0.0,0.0,0.0,0.0,0.0,0.0,0.0,0.0,0.0,0.0,0.0,3028.8227130700643,0.0,0.0,0.0,0.0,0.0,2294.9033117704835,51.5338245039425,0.0,0.0,0.0,0.0,272.27907943637626,0.0,0.0,0.0
196,2.6825183129063133,0.591006463534883,0.4237135804991336,0.0738149575215944,5.113358084999602,6.399516850246657,4.6871701925621325,3.853535678173537,0.0,0.0,941.5470172164776,0.0,0.0,0.0,0.0,0.0,883.4779163128362,0.0,0.0,0.0,0.0,0.0,0.0,0.0,0.0,0.0,0.0,0.0,3344.488741962449,0.0,0.0,0.0,0.0,0.0,2768.743749465101,157.6509942611741,0.0,0.0,0.0,0.0,445.0094161121691,0.0,0.0,0.0
197,2.3657758561518074,0.7058649542844347,0.4143297908571403,0.0596581226910298,4.833261744352674,6.25350374203732,4.535407482980582,3.5565425949491263,0.0,0.0,760.0062126477113,0.0,0.0,0.0,0.0,0.0,572.0124252954226,0.0,0.0,0.0,0.0,0.0,0.0,0.0,0.0,0.0,0.0,0.0,2331.305211855047,0.0,0.0,0.0,0.0,0.0,1929.9278383000285,240.4731572039557,0.0,0.0,0.0,0.0,310.1757154485355,0.0,0.0,0.0
198,2.06809077374838,0.7619525513534574,0.3953601099269079,0.0460564578538204,4.600521851413261,6.017491551107035,4.393250430817286,3.4494519875342857,0.0,0.0,754.4499493021981,0.0,0.0,0.0,0.0,0.0,566.6812014146064,0.0,0.0,0.0,0.0,0.0,0.0,0.0,0.0,0.0,0.0,0.0,1360.8229419484835,0.0,0.0,0.0,0.0,0.0,1175.6600717314616,358.0907730217671,0.0,0.0,0.0,0.0,362.9848882969104,0.0,0.0,0.0
199,1.8832728135322856,0.7674978945153815,0.3816458854658363,0.0339036355692617,4.674694686224469,5.845527627758775,4.3791550149351535,3.444583756942632,0.0,0.0,606.0717972527053,0.0,0.0,0.0,0.0,0.0,428.0282053286928,0.0,0.0,0.0,0.0,0.0,0.0,0.0,0.0,0.0,0.0,0.0,2571.77177104806,0.0,0.0,0.0,0.0,0.0,2427.9126936991206,461.0794762305436,127.15162637720805,41.38143637597239,0.0,0.0,1449.810381224279,927.205188377502,0.0,0.0
200,1.709095446385386,0.7696192297873736,0.409931110480618,0.037589139224806,5.01254364141085,5.788340472064228,4.691243949922488,3.651293099654463,0.0,0.0,715.4176968838547,0.0,0.0,0.0,0.0,0.0,575.7819000190088,10.49768085329776,0.0,0.0,0.0,0.0,55.404426725738176,2.601989271330214,0.0,0.0,0.0,0.0,3502.096913407664,0.0,0.0,0.0,0.0,0.0,3371.34588068485,503.2178753467352,327.80839073539903,200.34060627149967,0.0,0.0,2222.745362227906,1384.866913851454,0.0,0.0
201,1.68979834695017,0.767489903619046,0.45866349197342,0.0695196202790695,5.458545349563673,5.874211538746397,5.2724293226533865,3.954734167118472,0.0,29.72485595142315,3163.53120668921,0.0,0.0,0.0,0.0,0.0,3550.4747697394714,173.8993795524698,0.0,0.0,0.0,0.0,935.8990196982712,43.10326501727884,0.0,0.0,0.0,0.0,3848.537322848135,0.0,0.0,0.0,0.0,0.0,3659.212543694408,106.28121995557284,409.2407782280923,288.8340530525821,0.0,0.0,2410.749840050142,1313.196303508207,0.0,0.0
202,1.7898710303380927,0.6987246402141877,0.500370205688488,0.111338765581395,5.841362889725226,5.830452557353915,5.880644421155376,4.3096534972061535,0.0,316.5596194886294,3932.988534243106,0.0,0.0,0.0,0.0,0.0,3808.218825867298,42.09598196803298,0.0,0.0,0.0,0.0,414.89735883774784,10.434046812589374,0.0,0.0,0.0,0.0,3021.086111118267,0.0,0.0,0.0,0.0,0.0,2711.521927486382,0.0,263.5730149329971,186.01644916575088,0.0,0.0,1552.6220891040757,845.7445093362113,0.0,0.0
203,1.9755149171935256,0.5793044609576419,0.5498143326777397,0.1552511470365447,6.12376839407143,5.6716223150182685,6.45723520088124,4.72866771153237,0.0,386.0,3983.0,0.0,0.0,0.0,0.0,0.0,3701.0,0.0,0.0,0.0,0.0,0.0,235.0,0.0,0.0,0.0,0.0,0.0,2707.9655083759653,0.0,0.0,0.0,0.0,0.0,2352.920756085741,0.0,208.4568143765397,147.1307225122382,0.0,0.0,1227.9057829416424,668.8782346779178,0.0,0.0
204,2.1205924204666844,0.4543226227375416,0.6034011900340028,0.1992958041141296,6.269670386117647,5.402758939366033,6.927341631445003,5.034177972673028,1021.9286972329228,1340.5339141229215,3892.34887190444,0.0,0.0,528.4434075230754,0.0,22.8847702777806,3139.3258176619647,0.0,0.0,0.0,0.0,0.0,119.03183887123838,0.0,0.0,0.0,0.0,0.0,1549.611343394861,0.0,0.0,0.0,0.0,0.0,1091.1398373815791,0.0,27.86284316086736,19.6658490525458,0.0,0.0,164.1248636977896,89.40388637468352,0.0,0.0
205,2.1822431001727622,0.3339806966742856,0.6567548175269091,0.2535763655481732,6.231926860658074,5.164598578575948,7.284469944436161,5.366904220965028,2159.7961064272795,2558.3370386213714,3798.229217081719,0.0,0.0,1166.6428598725563,0.0,116.8337748695424,2555.6935068905536,0.0,0.0,0.0,0.0,0.0,0.0,0.0,0.0,0.0,0.0,0.0,1212.9056426231812,0.0,0.0,0.0,0.0,0.0,790.6607092357705,0.0,0.0,0.0,0.0,0.0,0.0,0.0,0.0,0.0
206,2.250024008094882,0.2824071907505215,0.6679395734936256,0.2996145297251029,6.229994743419922,5.070975588992967,7.421706652330691,5.7558209527055295,2157.821255033536,2997.1745459394447,3724.600083758459,0.0,0.0,1194.2805628009066,0.0,279.1784130499943,2562.311069981908,0.0,0.0,0.0,0.0,0.0,0.0,0.0,0.0,0.0,0.0,0.0,1112.26977837285,0.0,0.0,0.0,0.0,0.0,713.7088936879318,0.0,0.0,0.0,0.0,0.0,0.0,0.0,0.0,0.0
207,2.39066622616491,0.259569782810268,0.6688777038936875,0.3317888175482936,6.422844396971307,5.192933418679551,7.579994978644283,6.111600643194897,1811.0801031329677,3212.400170217075,2665.3690509181547,0.0,0.0,844.0428452056835,0.0,532.0967229157993,1881.5251455790992,0.0,0.0,0.0,0.0,0.0,0.0,0.0,0.0,0.0,0.0,0.0,1218.1420080552048,0.0,0.0,0.0,0.0,0.0,757.1431542359377,0.0,0.0,0.0,0.0,0.0,0.0,0.0,0.0,0.0
208,2.570436546506776,0.3187270089016094,0.6768930736345514,0.3944293353089698,6.613815704800666,5.425687496617429,7.646225683728861,6.224653847352897,824.3584776955582,816.8207027540361,1846.5327323020836,0.0,0.0,0.0,0.0,0.0,1092.2575707311166,0.0,0.0,0.0,0.0,0.0,0.0,0.0,0.0,0.0,0.0,0.0,1799.4171908481362,0.0,0.0,0.0,0.0,0.0,1105.439235597239,0.0,0.0,0.0,0.0,0.0,0.0,0.0,0.0,0.0
209,2.6040501968019814,0.4282774073222588,0.6789372148370549,0.4566155771014443,6.502501204680213,5.590180194425093,7.383840656734614,6.1380091363788685,0.0,0.0,1073.4612403426686,0.0,0.0,0.0,0.0,0.0,429.763565924064,0.0,0.0,0.0,0.0,0.0,0.0,0.0,0.0,0.0,0.0,0.0,2396.6738644636607,0.0,0.0,0.0,0.0,0.0,1463.3384974288506,0.0,0.0,0.0,0.0,0.0,0.0,0.0,0.0,0.0
210,2.599374506734049,0.5491335276195134,0.6133997072082527,0.5033111506948762,6.1663563526812375,5.642077455319459,6.833560728723912,5.964250602414387,0.0,0.0,946.4450544886248,0.0,0.0,0.0,0.0,0.0,316.1011226801359,0.0,0.0,0.0,0.0,0.0,0.0,0.0,0.0,0.0,0.0,0.0,3737.155090740954,0.0,0.0,0.0,0.0,0.0,2983.6835767820307,61.02050840575311,0.0,0.0,0.0,0.0,620.2635974685932,143.6681641633496,0.0,0.0
211,2.5023694047358878,0.6811289390008293,0.5032562449634539,0.5176584034285714,5.629819123073919,5.49598389191113,6.0994837395324,5.77807799739616,0.0,0.0,908.2587185326628,0.0,0.0,0.0,0.0,0.0,339.9663353610843,0.0,0.0,0.0,0.0,0.0,0.0,0.0,0.0,0.0,0.0,0.0,4362.822914780579,0.0,0.0,0.0,0.0,0.0,3525.177577557539,139.03266588275966,0.0,0.0,0.0,0.0,874.8549586509494,180.9106687278324,0.0,0.0
212,2.37821570134767,0.7544420879929629,0.3965536430431886,0.5153745735548176,5.179418560361939,5.304032339441863,5.355779047464539,5.501165396751985,0.0,0.0,888.0298128693136,0.0,0.0,0.0,0.0,0.0,449.4193580182281,0.0,0.0,0.0,0.0,0.0,0.0,0.0,0.0,0.0,0.0,0.0,4370.439419442296,0.0,0.0,0.0,0.0,0.0,3565.6491170785084,129.2544123221944,0.0,0.0,0.0,0.0,1224.7946938610248,421.6617812368599,0.0,0.0
213,2.261980868542192,0.8032348094936863,0.2945706175654473,0.5061826571056487,4.9817601120319015,5.150049507816615,4.6551335067986805,5.126266413352806,0.0,0.0,1130.580494659305,0.0,0.0,0.0,0.0,0.0,1175.6545498015903,0.0,0.0,0.0,0.0,0.0,0.0,0.0,0.0,0.0,10.539798970586356,0.0,4270.508218530737,0.0,0.0,0.0,0.0,0.0,3560.540934483142,94.5520396185193,0.0,0.0,0.0,0.0,1551.0042102614564,664.2745573945695,0.0,0.0
214,2.1591080901520745,0.8352664341129559,0.2077824952372568,0.4919303155193388,4.971553258397047,5.112068598951173,4.228288028387897,4.87712776640079,0.0,0.0,1483.4673841437843,0.0,0.0,0.0,0.0,0.0,1908.8960026996235,0.0,0.0,0.0,0.0,0.0,0.4084948566162828,0.0,0.0,0.0,75.79556739647147,0.0,4286.1208632293365,0.0,0.0,0.0,0.0,0.0,3521.555991796345,68.83858521381872,0.0,0.0,0.0,0.0,1466.3322641141067,622.157605137881,0.0,0.0
215,2.263761757966252,0.8621086561833876,0.1311377749331544,0.4802695384688374,5.1815300937273125,5.111523487042924,4.189725753734759,4.590506579719323,0.0,0.0,2206.282378146305,0.0,0.0,0.0,0.0,0.0,3258.5577356969898,0.0,0.0,0.0,0.0,0.0,28.35623640733758,0.0,0.0,0.0,135.39581681067222,0.0,3400.1971472609166,0.0,0.0,0.0,0.0,0.0,2495.5533836682544,26.609969937543,0.0,0.0,0.0,0.0,745.3472687795419,264.0888704128953,0.0,0.0
216,2.4333571155055997,0.825062609338937,0.1213324810552562,0.4717635605703436,5.379012261333783,5.032919445490816,4.532350974033774,4.194332060660912,0.0,0.0,2723.446279484824,0.0,0.0,0.0,0.0,0.0,4373.514723610695,472.0349774436507,0.0,0.0,0.0,0.0,730.6254627978191,148.85929361797028,0.0,0.0,0.0,0.0,1236.538531229804,0.0,0.0,0.0,0.0,0.0,429.2127690505933,0.0,0.0,0.0,0.0,0.0,0.0,0.0,0.0,0.0
217,2.5963723779831995,0.7466143429048255,0.1523376835849112,0.4802352718147347,5.54504490311198,4.83925953876022,4.974756952823928,3.770900572134438,0.0,0.0,2975.29139815229,0.0,0.0,0.0,0.0,0.0,5355.97252533708,2186.6693009404235,0.0,0.0,0.0,0.0,3202.641527504192,766.0744180767922,0.0,0.0,0.0,0.0,856.8663229234359,0.0,0.0,0.0,0.0,0.0,227.8716006717673,0.0,0.0,0.0,0.0,0.0,0.0,0.0,0.0,0.0
218,2.7633209942497614,0.6311586560461202,0.2221337475325369,0.4623388161727574,5.588153754575731,4.5942395082564085,5.469387494757877,3.4268120762485674,0.0,0.0,3104.3080974234845,0.0,0.0,0.0,0.0,0.0,5463.77060346711,2222.045837068425,0.0,0.0,0.0,0.0,3863.871443217032,1136.602659966499,0.0,0.0,0.0,0.0,551.3516902207524,0.0,0.0,0.0,0.0,0.0,65.66528685385427,0.0,0.0,0.0,0.0,0.0,0.0,0.0,0.0,0.0
219,2.8822258961800378,0.5247896123991713,0.3343560473523458,0.4367445656445813,5.4513700139454695,4.367945188216895,5.997836712903418,3.3220394071081145,0.0,0.0,3258.655905390682,0.0,0.0,0.0,0.0,0.0,5588.803344750532,2255.952691467537,0.0,23.505927194037955,0.0,0.0,4649.024034090593,1580.5007944283186,0.0,0.0,0.0,0.0,351.58960380896616,0.0,0.0,0.0,0.0,0.0,297.46425699102434,0.0,0.0,0.0,0.0,0.0,0.0,0.0,0.0,0.0
220,2.992677966602798,0.5187345820648491,0.4288731854471744,0.3951416661847187,5.437266367079602,4.28663082433994,6.39260058530154,3.330841383197328,0.0,0.0,3255.1863245104137,0.0,0.0,0.0,38.521165037101056,0.0,5476.889526093853,2048.299813576112,0.0,260.41778642966824,22.909956048381154,0.0,5025.905441375778,1929.101135151447,0.0,0.0,0.0,0.0,351.40637226870604,0.0,0.0,0.0,0.0,0.0,1045.853680819993,0.0,0.0,0.0,0.0,0.0,0.0,0.0,0.0,0.0
221,3.0963736352242552,0.5920145967807313,0.5118391401129548,0.3568783281752496,5.597288275612125,4.4172006482890405,6.648172614000004,3.3625419707765647,0.0,0.0,2524.652203789077,0.0,0.0,0.0,274.8778625956211,0.0,4155.226874218623,553.3631083554728,0.0,622.3631903157435,163.47999196476414,0.0,3863.287781835866,2139.357162123285,0.0,0.0,0.0,0.0,1490.593319103362,0.0,0.0,0.0,0.0,0.0,1828.2638320666767,0.0,0.0,0.0,0.0,0.0,12.235133584986494,0.0,0.0,0.0
222,3.183169360898876,0.7245675307782068,0.5949111536635188,0.340747955311097,5.720806426815148,4.594891335390302,6.727535746043326,3.432670861065233,0.0,0.0,1797.6266772775843,0.0,0.0,0.0,136.91204505995665,0.0,2852.795305919004,0.0,0.0,278.8682180958064,81.4266373251321,0.0,1282.2893904431205,829.0384623235794,0.0,0.0,0.0,0.0,3258.9500700567355,44.9320134943945,0.0,0.0,0.0,0.0,3044.1099480441176,160.25984731976496,0.0,0.0,0.0,0.0,431.6215817411879,59.51147320577417,0.0,0.0
223,3.2357111103388787,0.8830433258862462,0.6736610452616577,0.3323942613520272,5.630111336195885,4.753218881988841,6.679977627489975,3.497705022632276,0.0,0.0,1076.4218022467428,0.0,0.0,0.0,0.0,0.0,1552.8993658234767,0.0,0.0,0.0,0.0,0.0,0.0,0.0,0.0,0.0,0.0,0.0,4928.039751034729,214.2461335527353,0.0,0.0,0.0,0.0,4530.30891835866,450.4915313946507,0.0,0.0,0.0,0.0,871.1003527880623,157.6469533164339,0.0,0.0
224,3.211774346541537,1.0567475492292355,0.6961402880805627,0.3271800454684387,5.389063216911133,4.7505562906818986,6.387367729901174,3.5749606118670907,0.0,0.0,783.8182365934105,0.0,0.0,0.0,0.0,0.0,960.4102175595744,0.0,0.0,0.0,0.0,0.0,0.0,0.0,0.0,0.0,2.4733837662813065,0.0,5433.757360017078,305.83358539801856,0.0,0.0,0.0,0.0,4507.3069002350285,240.68532915945292,0.0,0.0,0.0,0.0,503.2320987898707,63.448981022562215,0.0,0.0
225,3.0392342257156217,1.218179187993887,0.6662797719069766,0.3114083908082391,5.082918954432165,4.639373532124389,5.872974057570507,3.614867817973937,0.0,0.0,760.7145967731533,0.0,0.0,0.0,0.0,0.0,758.9356040587597,0.0,0.0,0.0,0.0,0.0,0.0,0.0,0.0,0.0,261.2591348041396,0.6222654350996596,5785.293761246117,402.8748329575044,0.0,0.0,0.0,0.0,4416.921967180843,66.74440043527744,0.0,0.0,0.0,0.0,230.8352598289513,4.092273256394385,0.0,0.0
226,2.8257889887144887,1.2964421131061168,0.6335310249872969,0.2871769174086377,4.934345231988277,4.492412264376787,5.217651173562638,3.704668795157304,0.0,0.0,750.921510613432,0.0,0.0,0.0,0.0,0.0,708.5861325390646,0.0,0.0,0.0,0.0,0.0,0.0,0.0,0.0,0.0,612.757263130295,43.429086201925664,5387.326832698888,261.2530966834591,0.0,0.0,0.0,0.0,3845.403925762733,0.0,0.0,0.0,0.0,0.0,105.17981814528872,0.0,0.0,0.0
227,2.6131407840630723,1.2989498189936548,0.6225509769466613,0.255681960444337,4.922861398092903,4.370215084422352,4.762947115149266,3.8705646513430234,0.0,0.0,739.7952566737296,0.0,0.0,0.0,0.0,0.0,657.9671703252282,0.0,0.0,0.0,0.0,0.0,0.0,0.0,0.0,0.0,0.0,0.0,4296.33414473889,0.0,0.0,0.0,0.0,0.0,2934.051324234535,0.0,0.0,0.0,0.0,0.0,0.0,0.0,0.0,0.0
228,2.415447357529095,1.3038048296407678,0.6412529581683732,0.2250711869501663,5.03947175558917,4.368555636004243,4.69663684690748,4.0630214807043,0.0,0.0,1124.0401537129155,10.40589307773705,0.0,0.0,0.0,0.0,1188.758786494123,146.02936619090994,0.0,0.0,0.0,0.0,170.07854130390223,7.284125154415936,0.0,0.0,0.0,0.0,3059.6600236944337,0.0,0.0,0.0,0.0,0.0,1901.062464671988,0.0,0.0,0.0,0.0,0.0,0.0,0.0,0.0,0.0
229,2.2998915077428905,1.297632593356921,0.6316847165546703,0.1974306188259428,5.292303737655061,4.381475934929943,4.864095198343215,4.129976801193105,0.0,0.0,4187.37702734386,166.84299676708778,0.0,0.0,0.0,0.0,5276.313860692669,978.2064400421442,0.0,0.0,0.0,0.0,1193.105741467091,69.13438982789074,0.0,0.0,0.0,0.0,1673.9764595818667,0.0,0.0,0.0,0.0,0.0,834.3599197708896,0.0,0.0,0.0,0.0,0.0,0.0,0.0,0.0,0.0
230,2.201254929718252,1.2079491519493837,0.6368115105944694,0.1823936197186684,5.478523014936026,4.357159246303526,5.210255999278162,4.060927562034051,0.0,0.0,4305.082340558846,114.6744339840635,0.0,0.0,0.0,0.0,4910.124719646228,492.9586630335513,0.0,0.0,0.0,0.0,799.011873052588,112.97641877577254,0.0,0.0,0.0,0.0,1306.128675718555,0.0,0.0,0.0,0.0,0.0,645.7631171894717,0.0,0.0,0.0,0.0,0.0,0.0,0.0,0.0,0.0
231,2.1307213029941474,1.0171044954114128,0.6565702875276318,0.1783679568028993,5.567548247201931,4.210484934607069,5.757555229844777,3.979528870846009,0.0,0.0,4333.150593293271,52.19473665901096,0.0,0.0,0.0,0.0,4789.6142390384975,330.74678131413674,0.0,0.0,0.0,0.0,755.4450902885762,166.96949465299764,0.0,0.0,0.0,0.0,798.3842162979925,0.0,0.0,0.0,0.0,0.0,395.2244949008535,0.0,0.0,0.0,0.0,0.0,0.0,0.0,0.0,0.0
232,2.04982464526087,0.8014730389307606,0.6934602358261758,0.1645230625116278,5.515440199795615,3.9910088323207975,6.477124508412772,3.903263770075995,0.0,0.0,4352.411012567988,41.96099840192967,0.0,0.0,0.0,0.0,5066.362657341296,693.8173177028642,0.0,0.0,0.0,0.0,1310.4087582971458,229.82657648982877,0.0,0.0,0.0,0.0,461.6619111523256,0.0,0.0,0.0,0.0,0.0,188.1651571332565,0.0,0.0,0.0,0.0,0.0,0.0,0.0,0.0,0.0
233,1.8967132546629235,0.5978732865433143,0.7461019323388662,0.1482918643370817,5.414637842806796,3.766985287010477,7.09526709703349,3.896492928368752,0.0,0.0,4574.313451289069,263.4022795155173,0.0,0.0,0.0,0.0,5663.814853169542,1421.0952100571408,0.0,0.0,0.0,0.0,2284.1113106309817,368.0622817064447,0.0,0.0,0.0,0.0,710.5077283613068,0.0,0.0,0.0,0.0,0.0,244.95810066676853,0.0,0.0,0.0,0.0,0.0,0.0,0.0,0.0,0.0
234,1.813865149911282,0.4029834011561449,0.7682385807707599,0.1228894314817278,5.445581791230017,3.613890441959742,7.511368270548383,3.861603129300741,0.0,0.0,4259.32988114981,166.9995875192018,0.0,0.0,0.0,0.0,4997.416063494541,777.0674586718841,0.0,0.0,0.0,0.0,1145.025879976154,231.7219156965001,0.0,0.0,0.0,0.0,592.5346871230715,0.0,0.0,0.0,0.0,0.0,189.95926058960677,0.0,0.0,0.0,0.0,0.0,0.0,0.0,0.0,0.0
235,1.8398752410472408,0.2344303244945827,0.8188098446511587,0.0983816773875487,5.525339583424237,3.533384902069045,7.8103567469302515,3.8448827740178895,0.0,0.0,3273.214275835277,0.0,0.0,0.0,0.0,0.0,3365.868510621829,0.0,0.0,0.0,0.0,0.0,0.0,0.0,0.0,0.0,0.0,0.0,667.9973725518772,0.0,0.0,0.0,0.0,0.0,335.07177621719364,0.0,0.0,0.0,0.0,0.0,0.0,0.0,0.0,0.0
236,1.8775528419011216,0.1552816641047477,0.8689285127113504,0.0818060282790695,5.517731424506548,3.500743328107093,8.018016706890778,3.787262275237031,0.0,0.0,2221.7059919278445,0.0,0.0,0.0,0.0,0.0,1838.395405682167,0.0,0.0,0.0,0.0,0.0,0.0,0.0,0.0,0.0,0.0,0.0,3814.032807417157,79.33099056519127,0.0,0.0,0.0,0.0,3564.2022032911373,211.0384960245341,0.0,0.0,0.0,0.0,1337.3098283021984,535.4890092244175,0.0,0.0
237,1.8766790279839063,0.182200287801941,0.8962531441134648,0.0697520534490158,5.441102603772301,3.456903441383337,7.943261969088443,3.713891184611787,0.0,0.0,1748.230609449497,0.0,0.0,0.0,0.0,0.0,1614.424050769336,0.0,0.0,0.0,0.0,0.0,0.0,0.0,0.0,0.0,0.0,0.0,4211.687190996954,86.07014627252066,0.0,0.0,0.0,0.0,3527.278861971143,245.6378248203428,0.0,0.0,0.0,0.0,1090.8463833501894,365.3355016624428,0.0,0.0
238,1.8316402156169675,0.2594222293461004,0.832952918940783,0.0580580964119598,5.255371287367604,3.290878265686925,7.417804619125288,3.696896851323804,0.0,0.0,1551.7768854262504,0.0,0.0,0.0,0.0,0.0,1319.868710160904,0.0,0.0,0.0,0.0,0.0,0.0,0.0,0.0,0.0,0.0,0.0,4611.429896895461,64.61909962516712,0.0,0.0,0.0,0.0,3943.375668880617,329.93854284089355,0.0,0.0,0.0,0.0,1602.0895538831617,626.3428082571892,0.0,0.0
239,1.8103276153881036,0.3544010284104495,0.7333280803255786,0.0467117067109632,5.185626051675027,3.133063761637874,6.746935363975251,3.751078432887328,0.0,0.0,1259.5727889722682,0.0,0.0,0.0,0.0,0.0,1136.6958055885482,0.0,0.0,0.0,0.0,0.0,0.0,0.0,0.0,0.0,0.0,0.0,4656.921596006111,40.84773828408861,0.0,0.0,0.0,0.0,4408.531364944621,665.4343759817298,35.60587999385634,0.0,0.0,0.0,2159.709615961628,977.064259348678,0.0,0.0
240,1.8654583977541568,0.4642190358139533,0.6358132397740832,0.0353699846112956,5.328304201931347,3.06965539669546,6.113012597034345,3.9139619068305502,0.0,0.0,1103.3133185557467,0.0,0.0,0.0,0.0,0.0,1076.6919995209898,0.0,0.0,0.0,0.0,0.0,0.0,0.0,0.0,0.0,2.400887579573158,33.47391336904884,4636.396317675208,21.62142841644626,0.0,0.0,0.0,0.0,4405.197285539962,638.842512717733,50.34756258699111,9.55737940330084,0.0,0.0,2093.211263106165,1031.9289898898855,0.0,0.0
241,1.9084322874905035,0.5935994039338205,0.5749904022865082,0.0287636868334883,5.60647092938951,3.1069483098051824,5.589811727590977,4.09227190500437,0.0,0.0,2073.174186343037,0.0,0.0,0.0,0.0,0.0,2221.501398132474,0.0,0.0,0.0,0.0,0.0,42.130108811715054,3.343659429501195,0.0,0.0,33.4096701854477,465.8079016240304,4242.987195713208,5.144206825756111,0.0,0.0,0.0,0.0,3790.302232278968,172.20014374353082,13.572568291684204,132.9961870843783,0.0,0.0,1373.7985013427626,1019.3716924945388,0.0,0.0
242,1.9935036515380005,0.7183546401719095,0.5313949321509842,0.0315911494883719,5.943112076451834,3.1923747103035263,5.198357401378399,4.294789916126938,0.0,88.84073714071774,3570.6054380488795,0.0,0.0,0.0,0.0,0.0,3930.1404727046047,0.0,0.0,0.0,0.0,0.0,520.8809968488185,40.2344132586096,0.0,0.0,13.063962853857149,182.1417897893544,3239.146811656986,0.0,0.0,0.0,0.0,0.0,2709.271207708605,0.0,0.0,52.00462136054672,0.0,0.0,306.50066695587924,280.62397130304674,0.0,0.0
243,2.171082510076224,0.8163267130459256,0.475733572218877,0.0372531114090285,6.269404284389296,3.336586583470001,5.049913651917152,4.478249744440084,0.0,762.0711488596409,4348.1727519621145,0.0,0.0,0.0,0.0,0.0,4504.071632532424,0.0,0.0,0.0,0.0,0.0,689.7100830101326,156.16104621634418,0.0,0.0,0.0,0.0,2246.0548382151846,0.0,0.0,0.0,0.0,0.0,1722.9510964502006,0.0,0.0,0.0,0.0,0.0,0.0,0.0,0.0,0.0
244,2.341014834541061,0.8644628883901281,0.4865183638803979,0.0507185678870429,6.499422729590893,3.5389164530403425,5.234119300513539,4.585933171369705,0.0,1223.6423188209849,4323.951229054002,0.0,0.0,0.0,0.0,0.0,4234.322613972084,0.0,0.0,0.0,0.0,0.0,607.4937243786887,241.4454583857841,0.0,0.0,0.0,0.0,1598.1802757834296,0.0,0.0,0.0,0.0,0.0,1091.3100709154644,0.0,0.0,0.0,0.0,0.0,0.0,0.0,0.0,0.0
245,2.4360184297897454,0.8840998797486334,0.5171353761295117,0.0666500521993353,6.697347229648069,3.8645000149796735,5.781863450286624,4.769879075012768,0.0,1107.8728093525483,3883.2316121216254,0.0,0.0,0.0,0.0,0.0,3800.952829139605,0.0,0.0,0.0,0.0,0.0,581.5311826177552,220.502942052101,0.0,0.0,0.0,0.0,1477.6095625089306,0.0,0.0,0.0,0.0,0.0,987.9619064144556,0.0,0.0,0.0,0.0,0.0,0.0,0.0,0.0,0.0
246,2.4074575624193746,0.902632324225145,0.5811640288389979,0.0837819759882443,6.67586206590468,4.206815641232816,6.432734358255311,5.279362614393288,0.0,465.8272680111141,1557.4432220572105,0.0,0.0,0.0,0.0,0.0,1541.1193246958126,0.0,0.0,0.0,0.0,0.0,615.4517639897515,176.70273870727064,0.0,0.0,0.0,0.0,542.8034672120799,0.0,0.0,0.0,0.0,0.0,216.627616168674,0.0,0.0,0.0,0.0,0.0,0.0,0.0,0.0,0.0
247,2.3658913033160243,0.9290630819369428,0.6281112885358993,0.0973933176177368,6.598894250472576,4.5176141238985705,6.915091987548726,5.789129309452012,0.0,980.1002094502444,3788.6157039406025,0.0,0.0,0.0,0.0,0.0,3853.247667048559,0.0,0.0,2.7525029088960404,0.0,0.0,1871.1046246470808,664.9168891055681,0.0,0.0,0.0,0.0,435.5569792698206,0.0,0.0,0.0,0.0,0.0,152.30690694459503,0.0,0.0,0.0,0.0,0.0,0.0,0.0,0.0,0.0
248,2.3383266104422717,0.9271518695486574,0.6604900644858582,0.12485476620598,6.655965636491043,4.856957604210034,7.383365437888351,6.129416791871309,0.0,1117.4552129438343,3823.399746588912,0.0,0.0,0.0,0.0,0.0,3779.469540052404,0.0,0.0,16.11265464239922,0.0,0.0,1891.8361573113168,630.4519283838499,0.0,0.0,22.91458540753556,5.391667154714249,809.3061236253545,0.0,0.0,0.0,0.0,0.0,425.6271081017482,0.0,0.0,0.0,0.0,0.0,35.97900966703547,0.0,0.0,0.0
249,2.291682611199225,0.9041663932335882,0.731872612405314,0.1611018480199335,6.678108492881201,5.213679133104597,7.846839447933797,6.359371073094732,0.0,232.2672732684213,3134.3418461249594,0.0,0.0,0.0,0.0,0.0,2952.015629146495,0.0,0.0,4.414436480247773,0.0,0.0,1645.1331496643354,119.529357003632,0.0,0.0,436.8995521390484,99.04078728861953,3400.858015410412,0.0,0.0,0.0,0.0,0.0,2261.323177214668,0.0,0.0,0.0,0.0,0.0,316.3327810521196,0.0,0.0,0.0
250,2.1565445685581426,0.866241130748172,0.8031963521196002,0.1985907314392028,6.471878272784053,5.440596890992692,8.078382303891042,6.485249248289692,0.0,0.0,2880.254368522747,0.0,0.0,0.0,0.0,0.0,2664.44710346039,0.0,0.0,0.0,0.0,0.0,1560.1073985596345,0.0,0.0,0.0,720.3098331284033,165.7834252590901,3980.993690497101,0.0,0.0,0.0,0.0,0.0,2633.752207974706,0.0,0.0,0.0,0.0,0.0,419.34504127876335,0.0,0.0,0.0
251,2.031612676909597,0.8444212886002677,0.8254635074246125,0.2279729219495302,6.066300053322684,5.418927992489996,7.902000428501035,6.59192269318243,0.0,0.0,1756.263603089811,0.0,0.0,0.0,0.0,0.0,1416.551541528283,0.0,0.0,0.0,0.0,0.0,1174.9795523779803,0.0,0.0,0.0,491.94194320853313,229.02483125717217,3932.82735344773,0.0,0.0,0.0,0.0,0.0,2819.004339949576,0.0,0.0,0.0,0.0,0.0,908.8364108758262,149.40344938338296,0.0,0.0
252,1.8555305411053524,0.8806968709737419,0.7821501849645274,0.2522885194285716,5.742024265099561,5.423524775702924,7.463036776708827,6.5716797862833465,0.0,0.0,1108.2549464659687,0.0,0.0,0.0,0.0,0.0,751.5279218343335,0.0,0.0,0.0,0.0,0.0,833.6835244648378,0.0,0.0,0.0,429.9318206679708,285.0635941581628,3909.37502269673,0.0,0.0,0.0,0.0,0.0,2993.702649212172,0.0690461031238874,0.0,0.0,0.0,0.0,1317.74169825501,515.4441375169231,0.0,0.0
253,1.7611467974950206,0.9518541135064054,0.7076987913345997,0.271876049570005,5.933948476784052,5.696371550332225,7.088846954722361,6.558884185449449,0.0,0.0,890.0,0.0,0.0,0.0,0.0,0.0,583.0,0.0,0.0,0.0,0.0,0.0,584.3069070767411,0.0,0.0,0.0,544.6074182359372,326.0312116055278,3914.196313549078,0.0,0.0,0.0,0.0,0.0,3133.360706862896,17.459574092162477,0.0,0.0,0.0,0.0,1588.220030850447,665.6511137536779,0.0,0.0
254,1.787029452426506,1.0620064569034025,0.6615475079811933,0.2638622487707638,6.255215476931483,6.044186087347833,6.781357999533388,6.720039612085748,0.0,0.0,2022.431338587388,0.0,0.0,0.0,0.0,0.0,2165.275947605326,0.0,0.0,0.0,0.0,0.0,289.2057298435229,0.0,0.0,0.0,738.3507117696796,381.5930173742522,4135.7343132424885,0.0,0.0,0.0,0.0,0.0,3507.1834971644007,307.74387986597543,161.35157304359058,36.30516309603911,0.0,0.0,1923.263450901908,941.8539266704718,0.0,0.0
255,1.9696142981954523,1.2218499408449812,0.614075919918258,0.2570166959653975,6.627713950114211,6.362047608673978,6.3181888994536495,6.913669080136144,0.0,0.0,3061.5772573453432,0.0,0.0,0.0,0.0,0.0,3023.571313081077,0.0,0.0,0.0,0.0,0.0,308.4411603373695,0.0,0.0,0.0,783.9714626957061,377.21611825986577,3147.7305900011934,0.0,0.0,0.0,52.33471390114973,0.0,2558.964810630384,99.0825235704402,56.10442039779199,94.07925718602918,0.0,0.0,894.2295265742972,554.9517289122467,0.0,0.0
256,2.2721568327144848,1.3728563027594285,0.5389817990455325,0.2677476150298997,7.127704038990816,6.672952336099276,5.974038472296268,6.843801597347658,57.29404013081005,218.569660532082,3800.0166428489033,4.166839282240732,0.0,4.166839282240732,0.0,0.0,3333.1062703093244,0.0,0.0,0.0,0.0,0.0,353.708196824178,0.0,0.0,0.0,209.51362547010285,98.7284619479095,2010.3489891162264,0.0,0.0,0.0,30.71046627411932,0.0,1181.218978829019,0.0,0.0,0.0,0.0,0.0,0.0,0.0,0.0,0.0
257,2.585406837815792,1.451316886289954,0.4812354161359984,0.2802260236519399,7.569355723056481,6.96327190243896,6.010031932365028,6.587429054932346,463.0723205471654,1756.1994514320377,4465.804676822931,42.503222218863286,0.0,32.78460220148303,0.0,0.0,3632.130629348065,1.9550196726960731,0.0,0.0,0.0,0.0,397.4669416283096,0.0,0.0,0.0,0.0,0.0,1035.7796506679997,0.0,0.0,0.0,0.0,0.0,339.350236652071,0.0,0.0,0.0,0.0,0.0,0.0,0.0,0.0,0.0
258,2.901901157105337,1.4461303111283923,0.4485513517310908,0.2755239195982022,7.804052521451634,7.037991110211453,6.170552838242729,6.291424380070349,601.985286169069,2260.085130555481,4674.844528133606,74.78824201006526,0.0,40.64183775795024,0.0,0.0,3769.8530024783768,6.868968222374502,0.0,0.0,0.0,0.0,415.1879569325094,0.0,0.0,0.0,0.0,0.0,713.3317527600107,0.0,0.0,0.0,0.0,0.0,117.82146942187158,0.0,0.0,0.0,0.0,0.0,0.0,0.0,0.0,0.0
259,3.1041933251042497,1.3859486608926184,0.4166297475266083,0.2681438120132893,7.728083147775094,6.767763390493072,6.438933415300951,6.299024593535255,583.4751889396563,2004.3392623628736,4944.951848281989,224.55781499622935,0.0,23.63068868500516,0.0,0.0,4228.924820725739,87.1672202936901,0.0,0.0,0.0,0.0,449.09373539155513,0.0,0.0,0.0,0.0,0.0,488.77592149702576,0.0,0.0,0.0,0.0,0.0,93.64492398450356,0.0,0.0,0.0,0.0,0.0,0.0,0.0,0.0,0.0
260,3.1561212504346203,1.3838741856070664,0.3608412699060701,0.2621913847774086,7.667535971362136,6.452601459942311,6.682786384794927,6.468356654942909,485.05109551234017,1281.2571941908202,4744.375257624852,225.2819993801573,0.0,0.0,0.0,0.0,4306.723879355896,166.83855386468412,0.0,0.0,0.0,0.0,386.3055203422044,0.0,0.0,0.0,0.0,0.0,155.6006151866316,0.0,0.0,0.0,0.0,0.0,46.65137826895556,0.0,0.0,0.0,0.0,0.0,0.0,0.0,0.0,0.0
261,3.209882300426034,1.3677685204057066,0.3020676639069756,0.2529879489896421,7.814501633438353,6.415507586931401,7.088144389585308,6.601615253074841,349.38282278213654,577.703550860482,3629.9628473636135,0.0,0.0,0.0,0.0,0.0,3217.945788841371,0.0,0.0,0.0,0.0,0.0,174.1305029189396,0.0,0.0,0.0,0.0,0.0,1023.1508834694754,0.0,0.0,0.0,0.0,0.0,545.9777935927405,0.0,0.0,0.0,0.0,0.0,0.0,0.0,0.0,0.0
262,3.351337966551992,1.2988547635351335,0.2726265742573794,0.2403853123455144,7.863415446013173,6.411586078987522,7.565803020525799,6.819068980478652,182.1780268396893,0.7222279102270348,2502.8798798890384,0.0,0.0,0.0,0.0,0.0,2126.1966069210066,0.0,0.0,0.0,0.0,0.0,0.2176928098202044,0.0,0.0,0.0,0.0,0.0,2454.806854571714,0.0,0.0,0.0,0.0,0.0,2338.3639794691653,0.0,0.0,0.0,0.0,0.0,966.0751441501798,429.507313906785,0.0,0.0
263,3.3960963936940844,1.216899068127307,0.2713502729134867,0.2331819734447837,7.493635725237215,6.119942516391226,7.685135436737546,6.989615783818206,1.2110360642192768,0.0,1688.295166849777,0.0,0.0,0.0,0.0,0.0,1372.2647752534854,0.0,0.0,0.0,0.0,0.0,0.0,0.0,0.0,0.0,0.0,0.0,1738.4762299182946,0.0,0.0,0.0,0.0,0.0,1666.8302094951662,16.264445662198103,0.0,0.0,0.0,0.0,932.1089849598897,394.7502318290759,0.0,0.0
264,3.3009699259673213,1.1321278790317977,0.2446363820869193,0.2524292366820796,6.957643516668528,5.68236228286636,7.525061727369996,7.009850290123805,0.0,0.0,1631.462689706169,0.0,0.0,0.0,0.0,0.0,1308.1194724380991,0.0,0.0,0.0,0.0,0.0,0.0,0.0,0.0,0.0,0.0,0.0,1458.893273641262,0.0,0.0,0.0,0.0,0.0,1179.421310863646,110.6159451842432,0.0,0.0,0.0,0.0,482.6147974871868,204.380365010044,0.0,0.0
265,3.0877028395319623,1.0505030564499664,0.2040603914152808,0.2652149525836539,6.302799549005987,5.183763508015415,7.1929740087460505,6.812322246440127,0.0,0.0,1452.4884036009205,0.0,0.0,0.0,0.0,0.0,1068.0563948103286,0.0,0.0,0.0,0.0,0.0,0.0,0.0,0.0,0.0,39.41360863410674,0.0,4065.992351970052,19.64653886042629,0.0,0.0,0.0,0.0,2359.838199851598,22.653858765799605,0.0,0.0,0.0,0.0,57.07134780636984,24.16866498447656,0.0,0.0
266,2.8904450432412,0.9766032419362136,0.1674760891335535,0.2614457601759465,5.89899734624213,4.667586661652889,6.822295092861134,6.506575551709227,0.0,0.0,1348.1569129166298,0.0,0.0,0.0,0.0,0.0,1040.7444909217938,0.0,0.0,0.0,0.0,0.0,0.0,0.0,0.0,0.0,465.4469553966421,135.87882406946733,5108.754350131997,166.34996666484886,0.0,6.8903763362534605,0.0,0.0,3088.2909369121026,0.0,0.0,0.0,0.0,0.0,0.0,0.0,0.0,0.0
267,2.7265597706985094,0.9365515296378762,0.1542130519086361,0.2523140882740866,5.681187826049005,4.138092469151159,6.341720562338876,6.334496059298167,0.0,0.0,1660.4295934846507,0.0,0.0,0.0,0.0,0.0,1870.94587210626,0.0,0.0,0.0,8.437418332674687,0.0,56.99483497973361,18.150087942344143,0.0,0.0,1191.7775231524977,957.9513402695578,4894.025736319002,65.33999455740427,0.0,50.317284177435546,0.0,0.0,3098.5842177725312,0.0,0.0,0.0,0.0,0.0,0.0,0.0,0.0,0.0
268,2.5309610005808088,0.9727887150064518,0.1643444984967734,0.2287250466437372,5.654195968795778,3.7298815785999566,5.9035690301403205,6.279548128788735,0.0,0.0,1905.8498358149584,0.0,0.0,0.0,0.0,0.0,2353.4580879657437,0.0,0.0,0.0,23.88789008571941,0.0,161.36290744019527,51.38625213518552,0.0,0.0,1341.9920598397928,1200.0065518021356,4630.421237978613,0.0,0.0,63.206451965150656,0.0,0.0,2945.284441809857,0.0,0.0,0.0,0.0,0.0,0.0,0.0,0.0,0.0
269,2.496257723868672,1.063893105809657,0.1883992484346275,0.1986964937940201,5.900952023976551,3.629465678464721,5.484614663871025,6.004406726387327,0.0,0.0,2981.231914572593,0.0,0.0,0.0,0.0,0.0,3900.9242663391697,124.92479133956816,0.0,1.869222894908128,195.36077072234448,0.0,1526.924102545992,535.3930325095312,0.0,0.0,512.1132851297695,457.9306508668929,2881.3922578578317,0.0,0.0,24.12001138153863,0.0,0.0,1627.669340552422,0.0,0.0,0.0,0.0,0.0,0.0,0.0,0.0,0.0
270,2.6184614701794,1.098309430020718,0.2410788952917704,0.1675991894469413,6.159038818665628,3.646894954051199,5.273321654612476,5.5680190145124016,0.0,0.0,3022.39820184508,0.0,0.0,0.0,0.0,0.0,4235.9135617534575,269.04371395173456,0.0,107.24296530960488,374.86741098412,0.0,3886.261286353533,1719.6803327971218,0.0,0.0,0.0,0.0,1066.963739710781,0.0,0.0,0.0,0.0,0.0,298.63322285986925,0.0,0.0,0.0,0.0,0.0,0.0,0.0,0.0,0.0
271,2.758695312192434,1.1017641404842855,0.314443465624583,0.1402752590546894,6.306173736886278,3.584892206196522,5.189919545525433,5.110690128221559,0.0,0.0,1918.0,0.0,0.0,0.0,0.0,0.0,3206.0,33.220083181033594,0.0,326.0,397.0,0.0,5028.0,2612.0,0.0,0.0,0.0,0.0,855.6558694143953,0.0,0.0,0.0,0.0,0.0,208.40048019288483,0.0,0.0,0.0,0.0,0.0,0.0,0.0,0.0,0.0
272,2.814218638134219,1.0286207941209318,0.416370722418603,0.1163320007441861,6.188846679572094,3.5683328193275727,5.297008844135554,4.781172452613941,0.0,0.0,1710.1470188954368,0.0,0.0,0.0,78.39066942115308,0.0,3171.5435983370944,21.903997639993488,0.0,613.4779365421517,504.2710070110445,0.0,6174.002991801165,3590.7733228762377,90.90424052295222,0.0,0.0,0.0,470.3210068738979,0.0,0.0,0.0,0.0,0.0,66.8546853028396,0.0,0.0,0.0,0.0,0.0,0.0,0.0,0.0,0.0
273,2.729137918155579,0.9798305276946038,0.5415392039292907,0.0904202238139535,6.064635651742245,3.6150789768389617,5.624083255897455,4.5888749021299935,0.0,0.0,1850.939157103914,0.0,0.0,0.0,192.2539312139343,0.0,3382.7077284764523,15.297468869901174,0.0,775.9973857862885,489.1941001196312,0.0,6287.230327586082,3801.819713999944,118.64725710587514,0.0,0.0,0.0,462.1285304728352,0.0,0.0,0.0,0.0,0.0,231.22943898853384,0.0,0.0,0.0,0.0,0.0,0.0,0.0,0.0,0.0
274,2.6542219737743524,1.0938038613225258,0.6500265855285033,0.0635112660271096,6.082661121579268,3.799625492358536,6.044665073073491,4.459322430794142,0.0,0.0,1825.7672403885376,0.0,0.0,0.0,242.5574690984593,0.0,3321.317226559096,12.201748824497436,0.0,822.5382677708329,566.5207795258585,0.0,5650.326506809264,3617.104929469846,94.74299087256831,0.0,0.0,0.0,743.9125328212441,0.0,0.0,0.0,0.0,0.0,568.5036538143369,0.0,0.0,0.0,0.0,0.0,0.0,0.0,0.0,0.0
275,2.606524251383725,1.2443699357865456,0.7418129558471747,0.0441125391827243,6.257771487279068,4.164265151267441,6.5716361188579775,4.493084931946833,0.0,0.0,1614.7740396680313,0.0,0.0,0.0,373.8859779072907,0.0,2916.5982920291303,0.0,0.0,839.3034255812362,727.618560608162,0.0,2605.4245366106697,2404.558473487454,0.0,0.0,0.0,21.21509957808131,2035.335768334924,0.0,0.0,0.0,0.0,0.0,2076.3701824939344,0.0,3.996740601837468,0.0,0.0,0.0,1131.4083558948412,516.6758751599648,0.0,0.0
