Time,r-biceps,l-biceps,r-lats,l-lats,r-quat,l-quat,r-hamstring,l-hamstring,L1,L2,L3,L4,L5,L6,L7,L8,L9,L10,L11,L12,L13,L14,L15,L16,L17,L18,R1,R2,R3,R4,R5,R6,R7,R8,R9,R10,R11,R12,R13,R14,R15,R16,R17,R18
0,3.3151196712253284,1.3983113815485633,0.1495197444518272,0.3260805669415673,0.0656649783576314,0.3807260653507919,4.796722347327726,2.203062588656635,353.768958393533,322.684249014759,4222.592463630183,774.7611387558013,0.0,0.0,0.0,0.0,4762.4984719145,980.3614536130224,0.0,0.0,17.922636233773623,0.0,292.0805873658949,741.8950021621064,0.0,0.0,1040.4902192446184,391.69533238873805,3277.842695291912,0.0,0.0,96.11392647081476,69.45732967617474,0.0,3206.398161477667,0.0,0.0,57.81853389259951,92.7349212433252,0.0,0.0,1207.765564853977,9.010680606638886,0.0
1,3.58565502704206,1.7675061764752942,0.2402044500962748,0.6038327515801227,0.1073005602064041,0.5789946164244011,5.004661783826672,2.267122892892912,304.7391205288826,351.28722031585625,4951.15409971356,1454.56027330158,0.0,0.0,0.0,0.0,5667.268669173704,2067.303706000813,0.0,0.0,55.651545295635806,0.0,927.8559367021796,1901.1975796254128,0.0,0.0,1020.8008607126447,345.5779561365647,2526.7502401768006,0.0,0.0,0.0,0.0,0.0,2382.882129960015,0.0,0.0,0.0,0.0,0.0,0.0,559.1106914433772,0.0,0.0
2,3.873102860017124,2.310093167529261,0.3564251708793764,0.955469576548428,0.1643796288124201,0.9018039411512908,5.233875471899305,2.2760957533938173,204.45407384446497,301.801967937325,4943.233241302632,1323.0136014638542,0.0,0.0,0.0,0.0,5681.378758450903,1932.4399861070283,0.0,0.0,44.628778458460005,0.0,908.374230113024,1905.8968049264536,1.411484212390948,0.0,662.9710791555658,433.6203919466111,1579.359995400445,0.0,0.0,0.0,0.0,0.0,1623.348616692136,0.0,0.0,0.0,0.0,0.0,0.0,349.4754032375453,0.0,0.0
3,4.121101186979872,2.909738075887435,0.5148309675841315,1.3660226275473912,0.2384502605018566,1.2867878177166312,5.432087368167278,2.24492367238382,14.886629144426564,255.67643927963417,5098.244856153169,1229.1181029728757,0.0,0.0,0.0,0.0,5937.357285191508,1934.134804416064,0.0,0.0,22.18270862348219,0.0,997.0704575790083,2020.1255365073928,40.81072298233867,0.0,40.60977847638419,525.9757831919774,0.0,0.0,0.0,0.0,0.0,0.0,159.3297368492939,0.0,0.0,0.0,0.0,0.0,0.0,0.0,0.0,0.0
4,4.343184765035543,3.502793615491506,0.7268919890909545,1.743633488476652,0.3158299491428574,1.7597164626134276,5.611946243949592,2.201420538576571,0.0,340.2842330716152,5338.216833940459,1443.108147457811,0.0,0.0,0.0,0.0,6268.363701092819,2294.9060769810426,0.0,0.0,14.094489434031258,0.0,1184.9162073239868,2146.0021474820514,81.52289845820172,0.0,34.86064732615165,451.3623258780469,0.0,0.0,0.0,0.0,0.0,0.0,0.0,0.0,0.0,0.0,0.0,0.0,0.0,0.0,0.0,0.0
5,4.51207036867161,4.037754593090722,0.9227844025576288,2.0755392204702283,0.3815407996974198,2.22262076627856,5.70344149847993,2.2131656844119587,0.0,377.5135083309364,5548.164730354455,1587.1204515421716,0.0,0.0,0.0,0.0,6477.987806860673,2512.373547765841,0.0,0.0,16.627523562981214,0.0,1194.825515134083,2122.1326446814983,46.08104998561834,0.0,68.86636069181996,344.83829187665964,0.0,0.0,0.0,0.0,0.0,0.0,0.0,0.0,0.0,0.0,0.0,0.0,0.0,0.0,0.0,0.0
6,4.6801636761756615,4.579450402998246,1.0775524586167329,2.4579754584898814,0.4329683616340697,2.692456993983208,5.727698046825241,2.1941257298732704,0.0,244.7158975555892,6173.597160016683,1847.2560616606704,0.0,0.0,0.0,0.0,7149.427112285414,2931.7413285364983,0.0,0.0,25.44509671426686,0.0,1198.0606135772357,1929.8848670235327,1.7113739849369225,0.0,101.99971701227058,304.45417054306256,0.0,0.0,0.0,0.0,0.0,0.0,0.0,0.0,0.0,0.0,0.0,0.0,0.0,0.0,0.0,0.0
7,4.851951843238105,4.998507721860462,1.2137834893909203,2.792911620755256,0.4663280289346639,3.2420623886843867,5.727196053929119,2.2003732077541565,0.0,220.49950961605805,6669.591932382271,2160.6964576284904,0.0,0.0,0.0,0.0,7736.053787971947,3695.983786205272,0.0,0.0,38.91561338767701,0.0,1393.2798024466504,2033.032916683507,0.0,0.0,132.87593136258678,258.81141535869114,0.0,0.0,0.0,0.0,0.0,0.0,0.0,0.0,0.0,0.0,0.0,0.0,0.0,0.0,0.0,0.0
8,5.035372020639507,5.167206587874702,1.3039399641564864,2.9875832223738548,0.4827176364184699,3.670122082009092,5.513035451703025,2.257716616702694,14.584350974451148,208.2231430364495,6462.513018842106,2035.982256265808,0.0,0.6690069254335389,0.0,0.0,7439.481158649874,3281.949103958947,0.0,39.11472800547909,52.80007682060534,0.0,1301.8688949955852,2134.9999650175864,0.0,0.0,135.09584125792955,291.8765454411829,0.0,0.0,0.0,0.0,0.0,0.0,0.0,0.0,0.0,0.0,0.0,0.0,0.0,0.0,0.0,0.0
9,5.220315861378539,5.259518938476101,1.3486238530430548,3.1040964863057883,0.490163682071191,4.011799274151206,5.152436857205768,2.339745798910841,132.01642247853465,197.5128414823952,6275.990019298245,1898.5796710026405,0.0,13.398107594103156,0.0,0.0,7169.236727715053,2883.4728842763616,0.0,82.21279285056444,62.32170373091287,0.0,1188.6063520927596,2167.726724708606,0.0,0.0,442.0737411945806,1166.935283760822,0.0,0.0,0.0,0.0,0.0,0.0,0.0,0.0,0.0,0.0,0.0,0.0,0.0,0.0,0.0,0.0
10,5.336322452423356,5.25352365391877,1.307860211349924,3.14948108693471,0.5200080448000536,4.239616792552179,4.7164805004501975,2.343254400649263,424.0724189933797,281.06566853425863,5980.657160509397,1561.037356687764,0.0,61.30383471290903,0.6539897504246293,0.0,6714.302787680338,2201.7990446977747,0.0,45.15353372807622,77.64842219548862,0.0,852.2544457272122,1926.7994637339912,0.0,0.0,727.9013622894787,1187.3540194495326,0.0,0.0,0.0,0.0,0.0,0.0,0.0,0.0,0.0,0.0,0.0,0.0,0.0,0.0,0.0,0.0
11,5.333725169978478,5.020955261827766,1.2165689808526274,3.043686837327308,0.5392183779532227,4.315829306474156,4.182605690333017,2.3055433245017927,611.462402313888,418.245901860326,5679.3030599958365,1254.5092730611475,0.0,88.81250094878969,6.990224585743203,0.0,6350.497244205932,1738.4204573421157,0.0,15.881139072008809,113.0457019428784,0.0,663.7118963419274,1817.1975243182,0.0,0.0,1002.124224688542,969.553732686374,0.0,0.0,0.0,0.0,0.0,0.0,0.0,0.0,0.0,0.0,0.0,0.0,0.0,1.9530390844193852,0.0,0.0
12,5.197000335426139,4.559027441904399,1.100814600311615,2.763649103451621,0.5710841380611568,4.277851642153912,3.4590615829772773,2.2508244466664853,723.018452202189,622.2206476510843,5281.379884862393,946.6914825320396,0.0,111.0078940518694,31.642970108553325,0.0,5946.094648834814,1288.2663463298427,0.0,9.601785470850851,227.6102022529944,0.0,600.6652896118984,1855.6537867919776,18.58077924786742,0.0,738.5872332333845,481.6387156576221,0.0,0.0,0.0,0.0,0.0,0.0,85.93610402138681,0.0,0.0,0.0,0.0,0.0,0.0,204.3047949226732,0.0,0.0
13,5.015566534182537,3.998340930153605,0.9498794493476648,2.383742609696307,0.7322314282008991,4.147863129537621,2.713711902277888,2.26647978588157,1124.3727435101623,1043.3766282718705,4436.635327969622,354.3273166115943,0.0,215.3498190664713,184.9546594929705,0.0,5061.531455644658,488.6921682441524,0.0,25.98218324293152,402.3331035133317,0.0,336.5123927777258,1801.007539070212,71.06057780856116,0.0,301.7111824194437,512.7256208955496,690.8553842012428,0.0,0.0,6.8877575672558375,0.0,0.0,1559.0727935980965,0.0,0.0,91.33677957802094,22.572204395139085,0.0,0.0,1693.674029674138,0.0,0.0
14,4.647416118591617,3.472390637335422,0.7460777732281073,2.0232027959315504,0.9702557646724754,4.102804612435778,2.084290175966892,2.3372884246403838,1527.3111817789406,1341.9026711019962,3425.798276650145,6.372165419346749,0.0,412.08326102994135,272.9414123222426,0.0,3917.559038606586,8.855108956542967,0.0,20.83005497082501,328.89118737842387,0.0,6.074989964780219,1324.0256559113595,1.2759661683005703,0.0,333.8460938373028,611.8284211370244,1549.3020465944944,0.0,0.0,30.6236926495515,0.0,0.0,2415.0847935465517,0.0,0.0,55.34096194989174,44.68189139498918,0.0,0.0,1865.9801640284568,0.0,0.0
15,4.215054360305354,3.0147761420187265,0.547455346934461,1.6925249832594405,1.2074075362688006,4.111317282696764,1.6680065976478309,2.394490545440352,1615.9514686864372,1332.987518234139,2743.345455320933,0.0111621460506706,0.0,524.9713859569507,225.99314744819324,0.0,3143.854094385137,0.0156270044709389,0.0,0.0719338301043217,166.27907297946814,0.0,0.0106660506706408,922.632718781407,0.0022324292101341,0.0,530.5563353068633,713.0498645600466,3138.9543098510617,24.10963947256954,0.0,53.33437378527735,46.39924315732148,0.0,3969.649598989148,537.9934094074467,0.0,77.202805971517,185.7559459209106,0.0,484.7881223609475,2226.402871792735,10.906741666162407,0.0
16,3.824645687291428,2.5689116028370838,0.4167807788797086,1.3225147932276091,1.419083164934495,4.097097125479842,1.2995820545652763,2.5711831342807003,1511.040921337673,1117.9995774572833,2123.1910299762253,0.0,0.0,390.9860609536482,51.9084458102575,0.0,2347.784814898198,0.0,0.0,0.0,12.869087781876749,0.0,0.0,411.3447090436068,0.0,0.0,565.5936607964379,625.9322720895273,3639.211310747723,237.69994641002248,0.0,50.83549910909379,160.3530456542141,0.0,4501.364657006594,1117.0742887385015,0.0,166.0333312560836,398.9696151582771,0.0,834.24593464927,2540.461083284671,127.08095962947831,0.0
17,3.527363982857153,2.2790536739777174,0.337805306914989,1.04158184225054,1.663034988499512,4.055394119455925,0.9585341835653616,2.815441288038303,1252.4145717642702,962.4833966241122,1456.1908909697845,0.0,0.0,47.14766696884622,4.62865223666755,0.0,1345.616268734289,0.0,0.0,0.0,0.0,0.0,0.0,45.74830699031882,0.0,0.0,523.7400835744389,599.3683749709986,3979.130822022707,515.2977463680562,0.0,78.16570441921534,257.11873738932235,0.0,4975.538554779143,1579.955702569535,0.0,335.0881306048299,611.8560731946873,0.0,1260.7478925958094,3067.892683211049,405.3010800004979,0.0
18,3.2199237806136503,2.1869439399913992,0.3037221751448116,0.840162893264806,1.8873917578815724,4.03782489658393,0.8392231872159366,3.050654526641392,285.2567233785822,960.9378958302788,1205.7153196849922,0.0,0.0,0.0,0.0,0.0,1018.8432132655782,0.0,0.0,0.0,0.0,0.0,0.0,0.0,0.0,0.0,451.4707306266947,559.661899135276,4396.263937410355,934.5104023440116,0.0,85.25794021845799,375.2306889048058,0.0,5619.656794669885,2200.8331342002766,0.0,553.8038519566585,856.5658747650909,0.0,1804.0905463469103,3750.2869273729134,740.5973486517181,0.0
19,2.902218798136761,2.189245785596844,0.3066435159014142,0.7085848096123027,1.9712171662019629,4.003096184130104,0.7723472192811457,3.22762342789616,0.0,989.411333081169,727.5940070775916,0.0,0.0,0.0,0.0,0.0,464.1261180915298,0.0,0.0,0.0,0.0,0.0,0.0,0.0,0.0,0.0,369.3993844818448,471.94290201658737,4531.032013608665,1062.7683570067916,0.0,28.10123782705612,394.4383093155788,0.0,5896.965095003224,2414.0525852980445,0.0,624.602576523464,963.8484180104596,0.0,2045.9283710235743,4033.95681284305,903.4157763342474,0.0
20,2.6829398473163337,2.19174644434314,0.3710858373687714,0.5640933096136692,1.9503719192071656,3.813564807749639,0.715734277848829,3.4154866094223992,0.0,939.5395805543928,406.5397215413324,0.0,0.0,0.0,0.0,0.0,153.9502524219833,0.0,0.0,0.0,0.0,0.0,0.0,0.0,0.0,0.0,231.30198174296316,320.64622285098096,4503.057905344754,1035.7805379174845,0.0,31.000669082528805,450.3308485279544,0.0,5986.192332535701,2497.3155849207083,0.0,786.816166427672,1247.4216005011644,0.0,2475.9686645565816,4647.913959175191,1222.7540449392868,0.0
21,2.704541858413141,2.237677132490911,0.5363160495571628,0.4156182426343574,1.98384560742857,3.553502259583346,0.6693239362712448,3.6589014297948,0.0,744.2276103805868,211.08015487561048,0.0,0.0,0.0,0.0,0.0,63.848397172506296,0.0,0.0,0.0,0.0,0.0,0.0,0.0,0.0,0.0,277.4422483487478,398.6503254808833,4227.87275870024,713.6786920111792,0.0,59.16834636218251,620.7724231982526,0.0,5630.364902832742,2035.0666445964937,0.0,926.2533774111917,1524.8754490440033,0.0,2493.0414567210623,4992.522656383131,1456.1356157061296,0.0
22,2.802443396544859,2.385921663495016,0.7240715953913619,0.3749834126086394,2.0757067106205964,3.3390700714710944,0.6641111128079645,3.832870387641196,0.0,664.8712225674576,312.96711061596704,0.0,0.0,0.0,0.0,0.0,320.4054251838539,0.0,0.0,0.0,0.0,0.0,0.0,0.0,0.0,0.0,405.2899077838259,557.2854055232367,3988.4881291815545,366.1749608922238,0.0,90.2888054584598,790.7115374690969,0.0,5218.464339215818,1530.024241934467,0.0,1025.3010610734348,1713.505303347549,0.0,2306.01655482517,5100.3275187262925,1595.384434860088,0.0
23,2.814908799364115,2.530740749796845,0.8858151194212192,0.3589050452890382,2.0342694592289536,3.167783911283806,0.7909092489449266,3.856902975034991,25.04595733751284,923.393379515148,623.3148780572687,0.0,0.0,0.0,0.0,0.0,667.0767600045891,0.0,0.0,0.0,0.0,0.0,0.0,0.0,0.0,0.0,582.8156794991165,678.0403923733538,4102.732862860823,312.3926058032374,0.0,144.38662103817168,888.9058356295197,0.0,5164.367659716152,1398.7851945194914,0.0,1080.9126605256924,1834.8076928658168,0.0,2136.37155229898,5128.368135634514,1673.7907033661957,0.0
24,2.9647589046612017,2.644601327557698,1.0511309095437835,0.3372350611513839,1.9309688593197527,2.823079171121168,1.151646642165853,3.7997048439641463,523.9330831974216,1151.9625464685596,897.7325618473805,0.0,0.0,12.080429875984636,0.0,0.0,973.6234169435722,0.0,0.0,0.0,0.0,0.0,0.0,0.0,0.0,0.0,740.3501391614737,816.6190145941246,4212.204897698487,320.3982714005341,0.0,254.8167097948367,863.1236339696638,0.0,5089.981273505786,1199.9625470115727,0.0,1054.8590800356776,1744.843234540574,0.0,1740.2694711864,4883.953904014244,1542.5714781088132,0.0
25,3.355616968341093,2.793594737937982,1.249460589966776,0.3048373361661141,1.8354599680708743,2.298162689357699,1.802344862002205,3.708460019791808,1466.0062036995826,1545.3518996358605,1267.5573896043095,0.0,0.0,270.9074201827785,26.85185185185185,0.0,1370.6331331927215,0.0,0.0,0.0,0.0,0.0,0.0,34.407407407407405,0.0,0.0,832.1481481481482,908.7037037037036,4114.592592592592,288.8888888888889,0.0,345.7037037037037,755.5555555555555,0.0,4818.555555555556,942.5925925925926,0.0,949.5555555555557,1510.1851851851852,0.0,1324.074074074074,4423.925925925926,1300.0,0.0
26,3.7967218544499737,3.081976845873486,1.4343870283415268,0.2816086776924921,1.8357453629103,1.801895577612757,2.569193389607432,3.6197938890992702,3459.9941281895503,4430.1455827258,3224.9332017010934,0.0,0.0,1033.344262859457,382.2123810247064,0.0,3289.3939307411906,0.0,0.0,0.0,0.0,0.0,0.0,761.6256419603078,0.0,0.0,1006.3464158566222,833.4140438436614,1286.8802064601052,0.0,0.0,87.4015173147023,0.0,0.0,544.624420818145,0.0,0.0,0.0,0.0,0.0,0.0,83.83410844471446,0.0,0.0
27,4.09749883872878,3.580608112945115,1.5724371639085712,0.4515082074011965,1.810321871992028,1.3328183980010633,3.3750536882399884,3.5241407844877104,3252.2078663687967,4608.69440964873,3516.0187759561964,0.0,0.0,865.6969291808513,287.4464594728831,0.0,3585.6499522027552,0.0,0.0,0.0,0.0,0.0,0.0,897.2473527444707,0.0,0.0,848.9795145513151,1109.0139804065482,914.212751331667,0.0,0.0,0.0,0.0,0.0,0.0,0.0,0.0,0.0,0.0,0.0,0.0,0.0,0.0,0.0
28,4.464485215202404,4.256103261946843,1.726333992691296,0.7930654094655156,1.805987625258739,0.9410896764167428,4.281811125103243,3.421262908448377,2710.2517329779776,4206.082751203354,3301.633306066293,0.0,0.0,806.3222539045319,226.2809038145805,0.0,3204.169128795095,0.0,0.0,17.39886046980209,0.0,0.0,0.0,1220.7924190601373,0.0,0.0,592.1523241527013,1440.4926840878657,391.3897585004023,0.0,0.0,0.0,0.0,0.0,0.0,0.0,0.0,0.0,0.0,0.0,0.0,0.0,0.0,0.0
29,4.994124567780065,5.177883919230592,2.008649549075327,1.1929290457373387,1.980056109105975,0.8180215691561438,5.103866929656506,3.4830396617704302,2277.410466057525,3976.150415047153,3217.1854093941274,0.0,0.0,742.7071797430045,167.0560622737451,0.0,2991.0045639387017,0.0,0.0,218.46596948874915,0.0,0.0,0.0,1458.4186555817344,0.0,0.0,24.493045471091246,966.3558902945292,15.59351868064734,0.0,0.0,0.0,0.0,0.0,0.0,0.0,0.0,0.0,0.0,0.0,0.0,0.0,0.0,0.0
30,5.545929820137244,6.457958280898231,2.3343470539754576,1.6101981982952067,2.2543226933901974,1.123806279902907,5.707855623065689,3.722964747504241,2132.924238863919,4205.086317076166,3478.8005983607045,0.0,0.0,667.4416148416872,112.98069288953836,0.0,3225.295759156515,0.0,0.0,215.50044064696573,0.0,0.0,0.0,1468.3225893847143,0.0,0.0,0.0,599.4006955120371,0.0,0.0,0.0,0.0,0.0,0.0,0.0,0.0,0.0,0.0,0.0,0.0,0.0,0.0,0.0,0.0
31,5.901060585277093,7.730517420708037,2.582803637339804,2.0507398355816604,2.451942458970101,1.6415614950984707,6.120657878462182,4.018668686352961,1725.5420956867283,3633.559610389301,3072.1210575857203,15.009569384300748,0.0,509.43379471983417,83.62707343262316,0.0,2860.94538432219,0.0,0.0,123.930651558818,63.5260731681441,0.0,0.0,1211.6631598467695,0.0,0.0,0.0,1053.8410907492485,0.0,0.0,0.0,0.0,0.0,0.0,0.0,0.0,0.0,0.0,0.0,0.0,0.0,0.0,0.0,0.0
32,6.248364453552324,8.9017305106731,2.789751705021249,2.5215211408971334,2.5895106599857103,2.341893979508556,6.460997109797521,4.307011528197332,1820.8453768262923,3348.506639065615,3011.525179380429,50.0611881872441,0.0,507.6444435903654,229.4787215653914,0.0,2859.2483212830125,0.0,0.0,97.9622084994112,164.56114401190763,0.0,0.0,1215.5509975503498,0.0,0.0,0.0,1553.382439693046,0.0,0.0,0.0,0.0,0.0,0.0,0.0,0.0,0.0,0.0,0.0,0.0,0.0,0.0,0.0,0.0
33,6.671652296073106,9.782785872190791,2.984305650091121,2.823352322007593,2.748836420204084,3.090072476392026,6.6375513695054495,4.574326788429998,2088.446355957124,3415.657900990438,3240.522460853563,74.184408876945,0.0,559.1989753551509,388.6303015375772,0.0,3128.241897873782,0.0,0.0,88.76959881698606,194.1928781766228,0.0,33.394133313083266,1341.71229037252,4.659015131034321,0.0,0.0,1645.546187650694,0.0,0.0,0.0,0.0,0.0,0.0,0.0,0.0,0.0,0.0,0.0,0.0,0.0,0.0,0.0,0.0
34,6.993863158253835,10.396501054267109,3.178583166198002,3.0006927707401965,2.8518163498817306,3.810586746376078,6.549528598317595,4.893820288172766,1962.1354251786715,3063.492227306536,2895.653616207765,80.99777425554143,0.0,536.2654868448772,429.89748047045737,0.0,2819.696123613299,0.0,0.0,106.38157494600804,218.64065842253177,0.0,113.29732196982182,1262.3449630189068,21.014838296390455,0.0,0.0,1456.9183893698523,0.0,0.0,0.0,0.0,0.0,0.0,0.0,0.0,0.0,0.0,0.0,0.0,0.0,0.0,0.0,0.0
35,7.211375055883943,10.815986292017442,3.30720480708451,3.1596645846341325,2.996960406564995,4.624168740828483,6.14047859988225,5.285809620586807,2435.286871106101,3674.0063802798327,3105.162741238782,74.22849038868618,0.0,759.0049554434665,689.3564146743025,0.0,3080.381813259444,0.0,0.0,286.05038952913173,458.71856906658746,0.0,80.88858822219649,1642.8815107353096,42.27164376107013,0.0,0.0,1139.2478375419018,0.0,0.0,0.0,0.0,0.0,0.0,0.0,0.0,0.0,0.0,0.0,0.0,0.0,0.0,0.0,0.0
36,7.195830806588888,10.643931488471752,3.3287857578438533,3.2845188960921896,3.046283460326414,5.245149210174417,5.549898256602149,5.504825856094695,2816.275563624322,4200.404587732829,3397.128393453715,63.95234116552356,0.0,864.4421725121638,814.6068737628548,0.0,3447.6620052950498,0.0,0.0,261.4536340078469,534.9563456362637,0.0,0.0,1742.0678386646862,0.0,0.0,0.0,494.2631248008996,0.0,0.0,0.0,0.0,0.0,0.0,0.0,0.0,0.0,0.0,0.0,0.0,0.0,0.0,0.0,0.0
37,7.131108356736352,10.184345970512828,3.342340646826034,3.193114692933249,3.098462570902143,5.672611506414085,5.001803886653271,5.576877330809128,2811.696241488964,4004.522130751964,3557.7075557426115,180.46411990273103,0.0,643.5233554059109,672.9097190422746,0.0,3624.933572203517,0.0,0.0,6.068181818181818,338.3845108492331,0.0,0.0,1302.030434717546,0.0,0.0,0.0,238.2288272540217,0.0,0.0,0.0,0.0,0.0,0.0,0.0,0.0,0.0,0.0,0.0,0.0,0.0,0.0,0.0,0.0
38,6.94040607336594,9.44305392111343,3.313798011529665,2.9179367718424243,3.0967333984413847,5.975836246939262,4.272722280993109,5.615628176020413,2758.4137736135604,3849.0664869194593,3539.1690061238487,262.4463592494611,0.0,576.4312570056829,612.4312570056829,0.0,3719.306492112483,0.0,0.0,0.0,306.2039729080933,0.0,0.0,1199.6527133058985,0.0,0.0,0.0,178.65990654127836,0.0,0.0,0.0,0.0,0.0,0.0,0.0,0.0,0.0,0.0,0.0,0.0,0.0,0.0,0.0,0.0
39,6.498658252770496,8.36991910794401,3.1156226953151918,2.537435036474728,2.977449913061149,6.042311269721922,3.565798016989601,5.548851020146474,2359.9650085789467,2732.009969228204,3744.574114358905,742.2369182835824,0.0,232.52496301485124,326.47245451693715,0.0,4007.519530978714,390.4735508516085,0.0,0.0,31.062029554070225,0.0,0.0,858.1465456592906,0.0,0.0,139.35754299608408,114.16835939740768,0.0,0.0,0.0,0.0,24.243902454215657,0.0,15.264679323024671,0.0,0.0,0.0,0.0,0.0,0.0,89.97181577453368,0.0,0.0
40,5.871587415785252,6.901091421405068,2.779645594478641,2.0711341158979617,2.80205456704984,5.808590801049597,3.0949696482009905,5.19905792181658,2213.6403060622897,2377.7358448479126,3590.1275424324745,588.0914582556815,0.0,169.48770852511873,229.38252423245407,0.0,3814.155397567027,301.78610206937645,0.0,0.0,0.811640219384544,0.0,0.0,732.3862005898197,0.0,0.0,824.0903137779778,115.49468015501816,139.2736175980732,0.0,0.0,87.4641298167543,348.6768178937411,0.0,700.2358366983752,0.0,0.0,154.06168789558848,212.0615319980571,0.0,0.0,1232.1081819793042,105.42945569625748,0.0
41,5.181039694014791,5.394541186044064,2.422118982776594,1.5726689185514962,2.5717263526180774,5.362945094389591,2.814126253248078,4.691746421532594,2069.519490971559,2048.1659339799194,3358.585396274173,322.13273640195166,0.0,129.23632209169298,136.47620956510002,0.0,3520.435636995397,134.24622257436602,0.0,0.0,0.0,0.0,0.0,608.3945053206096,0.0,0.0,1149.2702537512876,500.8087213900124,714.1635799792366,0.0,0.0,238.4953618655669,615.0099207907003,0.0,1768.4214406188564,0.0,0.0,329.5340946973856,518.0294565629525,0.0,0.0,2133.102194532364,376.9861751564937,0.0
42,4.564912171872495,4.100853201485821,2.171494151758252,1.1137880939469869,2.3564490227768453,4.8695650267918325,2.614242571967475,4.372895839274488,2021.031474736738,1369.923785037355,2340.674057620452,37.99288357287349,0.0,66.6915261000973,20.696100210263964,0.0,2088.545117257621,2.626145424183226,0.0,0.0,0.0,0.0,0.0,159.89135366058596,0.0,0.0,1473.4311766704564,1256.5567302135985,1555.9653648658305,0.0,0.0,457.22324307746106,826.520428689611,0.0,2743.4608561758128,0.0,0.0,499.94454018271335,827.0954619279008,0.0,146.33293439615016,2602.171895418086,682.6870520504654,0.0
43,3.9263387744294,3.137168343269846,1.9710633475163275,0.8824398137376053,2.1286732832029123,4.361013054256134,2.393076170755334,4.18455448962629,1987.808725870314,1106.478167245867,1840.5841913906863,0.0,0.0,32.55301207240966,0.0,0.0,1254.6839724405113,0.0,0.0,0.0,0.0,0.0,0.0,0.0,0.0,0.0,1852.58504549737,1930.7854797820503,2044.425786714296,0.0,0.0,689.2989703311762,1069.4033404976724,0.0,3165.985450856694,0.0,0.0,712.2569768795815,1110.4307848059611,0.0,393.97879878670574,2944.863223590245,861.6137348089878,0.0
44,3.378061989955251,2.562279178695919,1.8045778307567744,0.8835287237656934,1.9469504298926392,3.85512817935444,2.2397931289025954,4.013959557244985,1778.3445144473633,1028.021030620672,1671.9980211839234,0.0,0.0,36.625861800473615,0.0,0.0,1002.2306563170936,0.0,0.0,0.0,0.0,0.0,0.0,0.0,0.0,0.0,2072.698970088603,2433.465664577827,2152.012074010362,0.0,0.0,840.2012171998989,1285.569778295344,0.0,3224.12465654732,0.0,0.0,898.9385436891168,1348.6721329430816,0.0,463.4051520830137,3279.023634377952,1065.8913320875577,0.0
45,2.865940198041543,2.185587225698375,1.707977278033695,0.9628768844829152,1.7081719199508807,3.3480053466599493,2.107959195805876,3.837688108900109,1614.8392748124504,974.7560345259274,1567.492918525384,0.0,0.0,60.3738298017255,0.0,0.0,900.9398075340216,0.0,0.0,0.0,0.0,0.0,0.0,0.0,0.0,0.0,2218.269581353324,2646.439092664629,2123.694879639651,0.0,0.0,919.8898760160012,1387.9780218978797,0.0,3169.56605104306,0.0,0.0,933.0406827147132,1419.237315835827,0.0,409.0558803643812,3295.2660743904,1078.8779518558606,0.0
46,2.465311704717624,2.160231402943899,1.637437959717018,1.077386834384993,1.4436503773953535,2.9610391329638515,2.0015369147242428,3.74093403862421,1378.5168646170316,925.0338929233444,1483.1302137103237,0.0,0.0,95.50453842468308,0.0,0.0,802.8878637880414,0.0,0.0,0.0,0.0,0.0,0.0,0.0,0.0,0.0,2335.812227255372,2791.610423155678,2074.8999914235787,0.0,0.0,980.2710475686258,1460.659055340183,0.0,3100.047498859913,0.0,0.0,939.8065627765174,1454.9291874583032,0.0,340.01085139948225,3260.5990941979685,1060.9834841216632,0.0
47,2.250440182744909,2.324524870749158,1.566931593212146,1.2004228047259158,1.2281427966827252,2.711829161659004,2.002091084517313,3.7282880697736247,1485.5622466832972,1312.9225600401348,1974.65071712354,0.0,0.0,126.48860953234217,0.0,0.0,1206.2186999422067,0.0,0.0,0.0,0.0,0.0,0.0,0.0,0.0,0.0,2449.5787416698363,2971.518226229841,1978.0910795622265,0.0,0.0,1057.588792803478,1523.5057426903606,0.0,2959.4137467724563,0.0,0.0,958.8284099005904,1476.8704340365286,0.0,245.67785068117243,3251.0540274080618,1060.6082822662945,0.0
48,2.1937103670199445,2.676420099258219,1.4831606554276624,1.3226761663246778,1.1267215451054042,2.531535725973732,2.083463857590144,3.616778644350056,1818.2850442599856,1660.9186484084494,2137.8283332970523,0.0,0.0,161.31098773348347,0.0,0.0,1373.792358768016,0.0,0.0,0.0,0.0,0.0,0.0,0.0,0.0,0.0,2887.0494338434564,3400.364907748449,1386.994637555893,0.0,0.0,1125.5792854167223,1670.4079901131408,0.0,2060.80332864672,0.0,0.0,769.4322919804268,1548.1371671348504,0.0,10.848495113332914,2856.6629444076284,974.8547793552513,0.0
49,2.252497929572809,3.0173825399976457,1.4577532360195409,1.3985196793144443,1.07620087602658,2.300555988928677,2.248719094449863,3.411993039611499,2363.328296666688,2336.586609247762,2554.8667021384726,0.0,0.0,290.53127957335664,0.0,0.0,1960.2272922746813,0.0,0.0,0.0,0.0,0.0,0.0,399.59355382998285,0.0,0.0,2930.902082996149,3080.283413236171,816.3120397837863,0.0,0.0,567.744450374719,1453.8441043250868,0.0,988.026897922052,0.0,0.0,1.510646857505493,1291.4067724735262,0.0,0.0,1677.9471910235268,675.1922910661519,0.0
50,2.393315927977448,3.272990335570979,1.5108627486333588,1.4083486402645282,1.0379075069110528,2.1290817268117643,2.540280717601946,3.195960879757296,2568.459748855609,3088.546993439448,3116.2357187410344,0.0,0.0,471.496354858456,401.8446732576902,0.0,3068.20237935516,0.0,0.0,110.2078466404898,459.00862244812106,0.0,1.0465327881673867,1641.9620423081983,116.99834672476965,0.0,1658.715478461949,2372.8561307421787,111.19276926653374,0.0,0.0,36.63682430958,348.26569204332066,0.0,56.408682161814696,0.0,0.0,0.0,282.16544354777204,0.0,0.0,207.26899304594284,116.76722417194792,0.0
51,2.639282678730908,3.602628779720919,1.625447114554341,1.4746442504195536,1.0667916781594702,2.2023078042971127,2.901452451337438,3.122745568023737,2613.193189288377,3200.748282092361,3133.891234023532,0.0,0.0,509.7296370869199,618.5187869685911,0.0,3145.8855363644147,0.0,0.0,221.59779654768343,728.8020972279953,0.0,3.758541705395916,1836.3815326965373,215.8080788134124,0.0,1038.9994512805197,2104.3630583539248,0.0,0.0,0.0,0.0,0.0,0.0,0.0,0.0,0.0,0.0,0.0,0.0,0.0,0.0,0.0,0.0
52,2.8990987486485165,3.917623630920921,1.6959659689116258,1.6578179744239194,1.0776589797687726,2.276657564334891,3.224289874277737,3.047405831970773,2643.5428556114684,3418.0302465412533,2964.2993274530863,0.0,0.0,664.0646687305378,887.3547059064022,0.0,3105.3844942865376,0.0,0.0,682.7720821919418,1174.741740896739,0.0,183.46640872255557,2591.9606861377,586.9348447403862,0.0,98.68534847745822,396.9463261917285,0.0,0.0,0.0,0.0,0.0,0.0,0.0,0.0,0.0,0.0,0.0,0.0,0.0,0.0,0.0,0.0
53,3.145298150011487,4.191052075366346,1.7376597084128649,1.8271504493113844,1.0402969502718231,2.322762024433109,3.50558106746874,2.905552080644227,2137.289016642705,3178.226523585552,2758.702502706386,0.0,0.0,784.0150289496535,1269.1437487010962,0.0,3086.679671775935,0.0,0.0,1246.256959274581,1794.3837714769163,0.0,819.2596772561013,3715.065394776588,1164.7982629591245,0.0,0.0,0.0,0.0,0.0,0.0,0.0,0.0,0.0,0.0,0.0,0.0,0.0,0.0,0.0,0.0,0.0,0.0,0.0
54,3.3640203863066955,4.2750797640959215,1.7395491497647426,1.8753378407248733,0.9140725289507904,2.420238205951001,3.78286487164846,2.7065632689568218,1686.4643080452272,2725.582476376384,2786.5794685351107,0.0,0.0,672.5838557639295,1239.177964498189,0.0,3220.868147642757,0.0,0.0,1339.2679954300647,1866.4611808420373,0.0,1079.864856185687,4086.638860194512,1348.9081130383008,0.0,0.0,0.0,0.0,0.0,0.0,0.0,0.0,0.0,0.0,0.0,0.0,0.0,0.0,0.0,0.0,0.0,0.0,0.0
55,3.55621558953372,4.309288875172942,1.6680441484197772,1.9198197000773876,0.7827058676177451,2.6444306311495027,3.988797833501653,2.551093527974998,961.4041152615628,1810.9547424629664,3011.243812690856,22.21808132623832,0.0,371.3914805059653,909.3315021107708,0.0,3618.6130009613694,128.7091569491052,0.0,1241.9517323840132,1751.7081815715994,0.0,1598.3712137746743,4556.306060517881,1511.0353936103802,0.0,0.0,0.0,0.0,0.0,0.0,0.0,0.0,0.0,0.0,0.0,0.0,0.0,0.0,0.0,0.0,0.0,0.0,0.0
56,3.658780029676448,4.414246417760209,1.6080734684815812,2.0023464272084337,0.7204732913889945,2.906715499267084,4.016142420788666,2.532180244828265,420.3574851769515,990.8667801769828,3444.6891367021635,184.3622567058549,0.0,46.99468443036966,454.12844829411375,0.0,4134.676493500264,531.3416202467046,0.0,943.691710003754,1439.5651865844736,0.0,1971.8741755968847,4599.109159277886,1469.8108885925408,0.0,2.943452015150596,0.0,1.3628586042752076,0.0,0.0,0.0,0.0,0.0,7.969093921566629,0.0,0.0,0.0,0.0,0.0,0.0,6.3368892972749,0.0,0.0
57,3.672360013180517,4.44560012707197,1.5638978092425186,2.051013504064228,0.6773617252137349,3.108815000724257,3.850783299224799,2.638991060423044,258.2636899963631,756.3525870715443,3671.2887189356834,428.51411877634087,0.0,0.0,288.2609218823281,0.0,4348.70378038072,843.4892447192797,0.0,807.8650428950298,1234.256779804512,0.0,2004.450102593358,4466.761673594892,1352.6879601029902,0.0,99.97987620032023,0.0,61.766486662969946,0.0,0.0,0.0,0.0,0.0,282.2228540149933,0.0,0.0,0.0,0.0,0.0,0.0,222.72818975096507,0.0,0.0
58,3.562116686145899,4.406910685391869,1.5494016839644602,1.9832550902036647,0.6128781271061708,3.3271802730975035,3.622337159296252,2.960416682309702,265.53159075448855,699.5318649473945,3677.302565572198,869.9454828053393,0.0,0.0,108.52893936354144,0.0,4290.631464340669,1319.5195126477352,0.0,470.8039352020662,654.4677320434878,0.0,1724.318405551168,3511.8235123940426,883.7089202597273,0.0,338.6826437705625,0.0,1049.3006113231206,0.0,0.0,0.0,0.0,0.0,1582.4504543295304,0.0,0.0,0.0,0.0,0.0,0.0,1161.453305668821,0.0,0.0
59,3.452922061304813,4.450542184341446,1.5460532040513515,2.0598192793747367,0.6104495453428712,3.5998177296181137,3.333281294308905,3.437367738259822,444.6867732446213,831.2541059767391,939.9078467513572,0.0,0.0,0.0,0.0,0.0,698.8681048247643,0.0,0.0,0.0,0.0,0.0,0.0,0.0,0.0,0.0,661.8648541157885,274.05466883305775,2864.052469387122,204.9411451877299,0.0,30.882631886734963,63.23507064226207,0.0,3698.911707912328,549.0118057859843,0.0,177.25635327347487,237.20648215844224,0.0,444.6931779972242,2663.2142083013678,328.24030524068934,0.0
60,3.5169880453062943,4.784621406522074,1.6260091040192248,2.379531374556581,0.7008166451782031,3.888299382148026,3.0102992293843123,4.0974781927422175,80.10029432679114,1070.123319014535,283.7577784045146,0.0,0.0,0.0,0.0,0.0,20.85818347452858,0.0,0.0,0.0,0.0,0.0,0.0,0.0,0.0,0.0,843.6882769945892,1087.4669267635331,4013.1135537117143,230.16537864879007,0.0,208.178743955174,317.6922713517165,0.0,4772.95320017711,762.0322155238284,0.0,530.1870172813377,767.3458981298353,0.0,1009.6289731546508,3285.0939387612384,932.5060144625012,0.0
61,3.740244135267381,5.077322269326866,1.79815071713621,2.613962582941496,0.9438719848635012,4.234493765962744,2.750015205269095,4.711516706696242,0.4212478324202269,1011.3456616069606,289.9800933170251,0.0,0.0,0.0,0.0,0.0,0.0,0.0,0.0,0.0,0.0,0.0,0.0,0.0,0.0,0.0,944.4662319466048,1309.303198907361,3373.380704665384,2.7626020637791613,0.0,313.0502704786533,418.78832875804966,0.0,3903.627872440544,268.23617036612615,0.0,510.6833088517732,686.0824649342372,0.0,765.083407050577,2833.676487656548,742.9278964496734,0.0
62,4.045968567038771,5.351023812414157,1.9648387382236945,2.676903728485052,1.2894618570874878,4.658087704897022,2.5621117158538147,5.292158159957929,0.0,991.6129490454042,304.3791910000616,0.0,0.0,0.0,0.0,0.0,0.0,0.0,0.0,0.0,0.0,0.0,0.0,0.0,0.0,0.0,646.309836085978,896.678938523153,2300.0417500167828,0.0,0.0,214.7957820430831,287.0493225957514,0.0,2660.5367490194244,3.296865107265664,0.0,348.8665603527155,468.2226862313836,0.0,520.8804563632519,1932.856254413876,506.1658039322877,0.0
63,4.461601767540029,5.589808807968876,2.080720730753544,2.737735457545156,1.6304905585234073,4.931923454967391,2.5040911287354226,5.750224331390227,0.0,1434.0633954535433,279.2067263307898,0.0,0.0,0.0,0.0,0.0,0.0,0.0,0.0,0.0,0.0,0.0,0.0,0.0,0.0,0.0,428.3125557740063,583.0746782602333,1306.217219691859,0.0,0.0,158.40907563519875,215.8400370249164,0.0,1516.1810085465695,0.0,0.0,228.69468258521047,310.73232136697555,0.0,300.6194591178651,1144.868366254474,310.0692507671092,0.0
64,4.967055136066457,5.8691490490323375,2.207069161242172,2.815562092293061,2.0261511273866053,5.186527426841762,2.502185249438708,6.076974084906461,0.0,1704.9281045147115,231.4288453513693,0.0,0.0,0.0,0.0,0.0,0.0,0.0,0.0,0.0,0.0,0.0,0.0,0.0,0.0,0.0,1175.034555369966,1505.4648204499963,1749.7220680332634,0.0,0.0,569.2598848176413,807.6059451578302,0.0,2081.861403170319,0.0,0.0,606.3296395138702,856.3566586380217,0.0,449.6720627426679,1996.6990933276104,637.5089766658596,0.0
65,5.423297383983006,6.091444783990156,2.367174936491164,2.773365622241861,2.4129561156924897,5.443505374054493,2.6106478506418536,6.328782937923198,0.0,1577.1719454374938,222.8618934125319,0.0,0.0,0.0,0.0,0.0,0.0,0.0,0.0,0.0,0.0,0.0,0.0,0.0,0.0,0.0,2288.2834519552466,2902.104793407011,2605.4571999709915,0.0,0.0,1180.5186160489643,1655.3120357815576,0.0,3118.1775815193523,0.0,0.0,1153.0877426243082,1670.4337689857398,0.0,709.3139853663902,3351.9478170354014,1132.9022534509625,0.0
66,5.662373902912731,6.008354959172442,2.4429637599640626,2.594124309805496,2.666692474882813,5.543050206840845,2.8346889441555336,6.30406626736546,0.0,1125.714282413545,218.63370793698013,0.0,0.0,0.0,0.0,0.0,0.0,0.0,0.0,0.0,0.0,0.0,0.0,0.0,0.0,0.0,2636.7611674505706,3362.7738676403123,2725.765751755089,0.0,0.0,1399.8591886908218,1870.2292147315056,0.0,3228.015701407839,0.0,0.0,1271.2989871267632,1855.8043660719493,0.0,676.24349885685,3573.3313904235006,1237.918839405515,0.0
67,5.709796258166123,5.813470337839346,2.377886837339842,2.4156445180676145,2.7209464905272616,5.444704039917147,3.158588963465303,6.063087858746937,0.0,484.0486452820884,145.2418387929939,0.0,0.0,0.0,0.0,0.0,0.0,0.0,0.0,0.0,0.0,0.0,0.0,0.0,0.0,0.0,2951.163106018134,3778.5859740501382,2672.057036156038,0.0,0.0,1553.867077454153,1922.3181304577624,0.0,3088.659554224353,0.0,0.0,1207.249197093406,1814.7587642403053,0.0,396.5618391470716,3336.9632869578304,1134.2814002369676,0.0
68,5.677916913713345,5.468469620070235,2.28111361905434,2.336050502224724,2.6537523850358347,5.151702277336974,3.542304371649021,5.65074891464311,42.90121272095247,311.8521427886581,109.20799986699294,0.0,0.0,0.0,0.0,0.0,0.1772484647493029,0.0,0.0,0.0,0.0,0.0,0.0,0.0,0.0,0.0,3184.0892300046094,4206.549048425748,2547.662189056054,0.0,0.0,1661.4322486619349,1911.2700907894307,0.0,2866.891398568092,0.0,0.0,1063.9870500671589,1681.5167270656082,0.0,62.3884395295384,2971.1705863972206,921.7482466818458,0.0
69,5.4650948197170335,5.022535246815707,2.148361402048855,2.1345780722298184,2.54314670252492,4.994016606467856,3.930842343564581,5.167686035669355,1150.8127735003427,1293.901782313846,66.43518058810407,0.0,0.0,37.84748166993516,13.79199045537545,0.0,56.66904518452542,0.0,0.0,0.0,0.0,0.0,0.0,0.0,0.0,0.0,3274.289710923897,4280.306470315621,2388.1455091999846,0.0,0.0,1700.5509818842677,1919.491620304139,0.0,2669.518281109602,0.0,0.0,1040.9742237138423,1625.0886860629626,0.0,0.0,2839.352032248215,881.0537365028858,0.0
70,5.087074979995772,4.520718095711592,1.9311252431981325,1.832004791603022,2.353743484762,4.924082867352797,4.214904970907464,4.624422458952727,3328.1053688586057,4336.478062822738,187.5945025819031,0.0,0.0,544.2007647147051,421.8689498832252,0.0,321.59507081485293,0.0,0.0,0.0,0.0,0.0,0.0,0.0,0.0,0.0,3359.836605815174,4350.348791540786,2236.739211501789,0.0,0.0,1737.6572312570977,1927.2439071371944,0.0,2482.2157877482805,0.0,0.0,1019.1252724389876,1571.5264575432282,0.0,0.0,2714.261734267532,842.5268370079922,0.0
71,4.558486701755951,3.972640398212359,1.5784181308865315,1.5582616806378715,1.9886379403708163,4.60026672861667,4.40880954192128,4.074104874302853,4370.989360256992,5939.135039610623,462.471730540873,0.0,0.0,1128.502052614478,1109.8706327927584,0.0,527.3609265352613,0.0,0.0,0.0,458.6000807914646,0.0,0.0,475.0499448605729,0.0,0.0,3417.525529129612,3761.403594877718,873.2917420612109,0.0,0.0,836.3156467778892,1261.171270040453,0.0,206.6806779605036,0.0,0.0,90.76478237065425,655.7119354624175,0.0,0.0,810.5654039988859,93.90306705640111,0.0
72,3.9540791055755578,3.4306691190506213,1.2117435487032553,1.3495906600863778,1.5342978584810645,4.173066683727317,4.526796490349494,3.592355378213436,4761.948752935658,6739.737369567625,591.5561212211771,0.0,0.0,1363.9540932863788,1319.1142295900709,0.0,651.9831246760294,0.0,0.0,57.64402313015452,742.9932935939927,0.0,0.0,765.388230283143,0.0,0.0,2858.4687897337403,2988.49744415422,431.2532606947544,0.0,0.0,198.49427594798595,657.5932429283363,0.0,0.0213355315570505,0.0,0.0,0.0,128.486178191145,0.0,0.0,147.45239747025272,0.2062434717181552,0.0
73,3.3459198747075067,2.9410041224139745,0.9044531426017616,1.141478766842411,1.1470032669559451,3.823545544829992,4.556394091791412,3.273571630324726,4018.7483607044583,6450.449243932784,1699.0472486416725,0.0,0.0,1431.6527056009825,1539.5601531103246,0.0,1687.66104219583,0.0,0.0,657.9126560042531,1365.2936492212275,0.0,11.091269982053166,2221.2483580505527,397.3571399856261,0.0,1067.612682426595,2116.220778652347,30.905986228292704,0.0,0.0,0.2388210150244027,15.48356247408211,0.0,0.0,0.0,0.0,0.0,0.0,0.0,0.0,0.0,0.0,0.0
74,2.816621208124928,2.5353716684916887,0.63195229147641,0.9291949369116286,0.795990619013956,3.4806532279707687,4.556743802171417,3.0627218976239305,3128.0003561674657,5378.38821882956,2186.909007030557,0.0,0.0,1209.4743399681915,1459.675912532825,0.0,2156.499692341565,0.0,0.0,869.438995217914,1537.0400785251625,0.0,123.80244031565366,2821.6156564897747,773.097803475592,0.0,351.44040162892026,1267.250170353027,0.0,0.0,0.0,0.0,0.0,0.0,0.0,0.0,0.0,0.0,0.0,0.0,0.0,0.0,0.0,0.0
75,2.456465467619612,2.291828735287367,0.4256595522284027,0.8001799119007479,0.5215138163857999,3.142397325487136,4.532853444398659,2.9215826305826518,1390.942549343136,3009.1023374770484,2754.600355979617,0.0,0.0,569.5764141122695,1081.036432278,0.0,2976.675970568226,0.0,0.0,990.524845740565,1728.3008574937523,0.0,994.0416929211272,3931.090580350098,1135.6847607341942,0.0,82.42965046243066,1686.589839177971,0.0,0.0,0.0,0.0,0.0,0.0,0.0,0.0,0.0,0.0,0.0,0.0,0.0,0.0,0.0,0.0
76,2.223961417278248,2.154583572529478,0.2415026408639933,0.7200456356605078,0.2274938908336812,2.609280564350093,4.4690838770892745,2.865518505143907,1222.0628434257428,2461.208971313332,2793.557356182231,0.0,0.0,462.3843843864463,1067.4928753154886,0.0,3113.618684066968,0.0,0.0,1038.7303827382675,1819.774392800568,0.0,1251.778294858652,4235.974860672545,1263.446545875853,0.0,89.88999687967593,1529.839741150424,0.0,0.0,0.0,0.0,0.0,0.0,0.0,0.0,0.0,0.0,0.0,0.0,0.0,0.0,0.0,0.0
77,2.3551151020670966,2.2248384209295837,0.2080606364657571,0.6463872344529004,0.0653556563810972,2.222889161530603,4.28858875750615,2.9398253655426108,953.7453150242828,1637.5469965013503,2852.146103682866,46.37853065011872,0.0,268.50778203499493,1059.0756383068292,0.0,3320.429937791353,45.21906738386574,0.0,1104.8862518356682,1940.903028904116,0.0,1648.4428089924943,4687.204167338041,1444.450315151671,0.0,74.02406261110211,1019.1175827326264,0.0,0.0,0.0,0.0,0.0,0.0,0.0,0.0,0.0,0.0,0.0,0.0,0.0,0.0,0.0,0.0
78,2.715274014390472,2.5193865606003443,0.2664091117076392,0.6618376205675208,0.0847317906179421,2.45679819370413,4.001693850692971,3.138241306487405,621.5305866810004,809.6981332788695,2940.179993200956,281.9228504810073,0.0,86.25303333401804,984.2915522748827,0.0,3560.3786121549965,400.4899312428751,0.0,992.128174453258,1906.013337980588,0.0,2006.675300540304,4903.82381217512,1528.9431950738226,0.0,43.023265660178446,244.34870033043237,0.0,0.0,0.0,0.0,0.0,0.0,0.0,0.0,0.0,0.0,0.0,0.0,0.0,0.0,0.0,0.0
79,3.138311526592434,2.86505138653235,0.3175016203566755,0.8896904898865117,0.1071729313953508,2.768985067412101,3.650361170034009,3.335238972026324,416.4312719675413,337.3128304439193,3022.885810758997,499.1781774842013,0.0,154.4285735517452,785.615166448106,0.0,3726.03701422138,814.5132598908234,0.0,706.935940836223,1707.4903763865018,0.0,2052.5617790255087,4700.750940649904,1485.1230926621588,0.0,220.71033427421528,242.2902765854383,0.0,0.0,0.0,0.0,0.0,0.0,0.0,0.0,0.0,0.0,0.0,0.0,0.0,0.0,0.0,0.0
80,3.4978417991387127,3.107288615008298,0.3528617285294828,1.1241626075581386,0.1249824388305668,3.021696166754163,3.3269022091046403,3.5027266412728526,402.80278985088086,307.5121343827791,3038.300974979256,507.9308234465756,0.0,233.42052507858875,733.0485375311164,0.0,3734.1626218724073,822.0934453189826,0.0,674.5813109362035,1665.0934453189825,0.0,1981.0728062966743,4635.955092212134,1480.522453893933,0.0,481.58330318104936,392.5403811803871,0.0,0.0,0.0,0.0,0.0,0.0,0.0,0.0,0.0,0.0,0.0,0.0,0.0,0.0,0.0,0.0
81,3.866717492140492,3.3405636751324086,0.4341413135643074,1.3922678007270983,0.1943294363075483,3.350118137382069,2.878867667417172,3.691555554152836,425.0603245884836,280.6446821288294,2948.587389307477,324.418218293126,0.0,334.13766940379315,456.8751175188347,0.0,3547.6165506576417,530.2344771293407,0.0,626.0807409067304,1078.132100592704,0.0,1258.2329076933825,4298.923170417947,969.990459512714,0.0,814.1945193116844,584.1403505073669,2.3123406578045222,0.0,0.0,0.0,0.0,0.0,3.018889192133682,0.0,0.0,0.0,0.0,0.0,0.0,0.0,0.0,0.0
82,4.207546952748623,3.668491883488364,0.5726632326666646,1.7762404931295677,0.3899321319357716,3.7289080795481793,2.307485704389797,4.031345994066458,525.7460062693547,214.74671896763812,2570.007680214952,0.0,0.0,416.6647812802347,0.0,0.0,2897.999067705256,0.0,0.0,455.1266220436594,0.0,0.0,0.0,3224.708199706091,0.0,0.0,1116.819535209933,741.0815269575959,595.3902291909675,0.0,0.0,108.34209330869152,66.01602770121437,0.0,747.2112214646475,0.0,0.0,7.264921708746078,0.0,0.0,0.0,486.43388832473744,0.0,0.0
83,4.360571455654492,3.908638480058464,0.6744582605860442,2.0815683209780733,0.5486583051109655,4.035819441484391,1.990503309225236,4.282039090752173,673.3480480124524,119.56505174375263,2015.448148440261,0.0,0.0,527.6685774393458,0.0,0.0,1950.3038729482575,0.0,0.0,205.6233913240052,0.0,0.0,0.0,1661.0629148077894,0.0,0.0,1604.0414376888336,1297.640041996308,2345.6379809818345,0.0,0.0,412.0343867597509,299.8347194207248,0.0,3031.418028741223,0.0,0.0,110.20133064389584,105.3682745280408,0.0,13.495444028221977,1809.9088805644396,0.0,0.0
84,4.466778176414458,4.138404070150536,0.8603981853619158,2.471848049737749,0.7868702981922774,4.234168023944357,1.7308599465629018,4.4646734442913365,479.7119756423696,407.6233637173223,221.43836809903604,0.0,0.0,36.70549930493186,0.0,0.0,70.02692750766573,0.0,0.0,0.9019564614694918,0.0,0.0,0.0,8.572507933792648,0.0,0.0,1501.3104980902233,1457.8354976928113,2480.985536592978,12.10136221593736,0.0,408.5372921403102,350.4426969252218,0.0,3190.167473440435,146.4132393207303,0.0,200.38021767318423,226.01529354825632,0.0,43.72834448517691,1780.413657262579,536.0087454545713,0.0
85,4.673078951258479,4.478396631215944,1.231516554939532,2.8719983807681064,1.165674345552161,4.5116292205049895,1.467146277095003,4.85485251645716,456.5092678961686,1150.4044425035336,39.8370075775437,0.0,0.0,0.0,0.0,0.0,0.0,0.0,0.0,0.0,0.0,0.0,0.0,0.0,0.0,0.0,1585.9205270607936,1828.3685252848904,3022.794356171364,91.81996930019967,0.0,523.0417805485874,589.4815924713026,0.0,3386.1998729475185,126.53022560862702,0.0,502.9168847783424,639.8740841344072,0.0,201.04233830918145,2362.388743969369,730.0800784127205,0.0
86,5.010008023877353,5.021984418229069,1.7128736881182909,3.239576977997277,1.6703107948272986,5.038916036274724,1.2759026055077465,5.600541538319065,21.39149544188699,728.8136417926838,26.742455405403025,0.0,0.0,0.0,0.0,0.0,0.0,0.0,0.0,0.0,0.0,0.0,0.0,0.0,0.0,0.0,1733.6161250548034,2228.799828121032,3474.65661443191,175.82906994634135,0.0,656.1229074138232,872.9890339060064,0.0,3480.03632607718,410.0072543895614,0.0,808.9498478718033,1041.1356126829558,0.0,367.70057272425146,2907.930879380877,834.8319288676129,0.0
87,5.466090853538874,5.678249039043184,2.1810338070378696,3.613394391686382,2.180670448002658,5.674646401294365,1.1937863016185903,6.324981390801347,0.0,834.9097122549015,14.728526248401078,0.0,0.0,0.0,0.0,0.0,0.0,0.0,0.0,0.0,0.0,0.0,0.0,0.0,0.0,0.0,1325.6487932374114,1875.732206019264,4046.242168853897,269.327330718584,0.0,505.16492820001866,863.0764732695272,0.0,4467.216858848547,743.2811526515086,0.0,884.1634335095356,1138.9678162898288,0.0,1210.2954237540007,3430.7401463206133,1004.5552826491124,0.0
88,6.0016846243816255,6.2033689839603765,2.6826269286626925,3.825773029572877,2.5894946212579426,6.152629924733665,1.2435547066422472,6.814497880900658,0.0,1110.4098691562494,26.843900417978197,0.0,0.0,0.0,0.0,0.0,0.0,0.0,0.0,0.0,0.0,0.0,0.0,0.0,0.0,0.0,1143.0158365406292,1755.331723238529,4136.053777317926,316.9119964774184,0.0,433.6350069754776,846.6278843711739,0.0,4741.6974747953855,917.7768197837364,0.0,887.1982791394536,1181.2891269196637,0.0,1461.3467474895642,3526.210684933278,1055.7115127116897,0.0
89,6.608177937760514,6.733837274284554,3.267880493262458,3.851055378335411,2.988738553101541,6.462789957586318,1.3833951479245847,7.303448151677322,0.0,1449.2343018562478,43.88391518779289,0.0,0.0,0.0,0.0,0.0,0.0,0.0,0.0,0.0,0.0,0.0,0.0,0.0,0.0,0.0,823.5420378380469,1256.810084236628,2882.930363787349,234.55923157087815,0.0,316.29273587099897,607.9390513012655,0.0,3314.1441125377573,688.7445672157645,0.0,619.2774621870593,839.4338388358672,0.0,1012.219537648588,2460.194475845736,742.1228942767484,0.0
90,7.156793382592432,7.192345727641992,3.7708856102918302,3.7040069499620007,3.2993545134139475,6.557687697231638,1.5599062852552674,7.751397578318689,0.0,1565.8539330746871,49.37416734812752,0.0,0.0,0.0,0.0,0.0,0.0,0.0,0.0,0.0,0.0,0.0,0.0,0.0,0.0,0.0,1089.1742127786222,1454.8139264713327,2626.932260152485,159.448355578039,0.0,447.9932303042322,798.5498081282458,0.0,3081.7287864828963,449.19737474867776,0.0,604.5741199848381,928.6850113104726,0.0,805.4393965921186,2386.8475104843947,701.2888020806531,0.0
91,7.592801184853315,7.499789713649121,4.095295631213397,3.4054477779330483,3.4682347986624014,6.482693226505242,1.798520730143352,7.85889325343677,0.0,1288.2818978058308,78.75786626003361,0.0,0.0,0.0,0.0,0.0,0.0,0.0,0.0,0.0,0.0,0.0,0.0,0.0,0.0,0.0,1573.4498694431818,1987.721723768021,3143.3994411821604,147.4349730126384,0.0,663.5262470251636,1150.5597926962496,0.0,3736.9784481679135,395.1946898855237,0.0,755.5925051085237,1241.886692279768,0.0,870.5851629826303,2971.8072831008258,859.1507182470905,0.0
92,7.824252995554431,7.535497831314444,4.274486254461599,3.025219523383236,3.422912093452409,6.206437001940194,2.0563117492976195,7.453491855269121,0.0,676.6405506778185,112.69032302945122,0.0,0.0,0.0,0.0,0.0,0.0,0.0,0.0,0.0,0.0,0.0,0.0,0.0,0.0,0.0,1897.0903987252505,2340.8625305713754,3486.002455521516,130.3876284567335,0.0,802.6915215296998,1377.2242779480644,0.0,4175.103379312046,368.43192570429846,0.0,846.5436795114839,1436.3997663276934,0.0,905.9330138503612,3333.3499945506514,951.8459597787696,0.0
93,7.875062903770579,7.332168194224287,4.384121908095775,2.642644447356612,3.288365041354731,5.716192954534699,2.272693567556684,6.956507776003278,0.0,341.2847339267923,95.78704051493372,0.0,0.0,0.0,0.0,0.0,0.0,0.0,0.0,0.0,0.0,0.0,0.0,0.0,0.0,0.0,1979.638487855703,2426.910780038913,3596.822621785353,116.9354862989839,0.0,781.9635982606347,1337.017168420717,0.0,4338.5718325078,512.6874134243668,0.0,696.5380857118797,1314.3892914767534,0.0,798.7055671595109,3088.6414464225813,819.6105252322858,0.0
94,7.7142204618388766,7.00473201801827,4.271489683681881,2.2247053334003337,3.042425481904488,5.2730323794144685,2.4459771443496554,6.523960123465135,115.9008406642328,121.4576764458416,34.05029075672747,0.0,0.0,0.0,0.0,0.0,0.0,0.0,0.0,0.0,0.0,0.0,0.0,0.0,0.0,0.0,2077.5,2587.75,3601.4375,105.8125,0.0,812.375,1316.375,0.0,4336.125,553.1875,0.0,572.875,1250.375,0.0,604.75,2913.625,741.5,0.0
95,7.316581021921902,6.39399913221212,3.882679927649963,1.862772903776847,2.706151919105623,4.742782937818357,2.531163136028071,5.771721843043461,193.96375701386583,6.277291891700754,248.4650245173686,0.0,0.0,0.0,0.0,0.0,0.0,0.0,0.0,0.0,0.0,0.0,0.0,0.0,0.0,0.0,2357.8010565756754,2918.80898212408,3377.841823628217,3.148792768905239,0.0,941.2678106012156,1342.1154535861767,0.0,3986.7075002536194,208.85679102666305,0.0,494.1881587190582,1173.3968495577903,0.0,331.56261020023584,2652.7769242519257,635.9286518785715,0.0
96,6.7428810842129385,5.601568636073689,3.4185056230546595,1.5481704139263073,2.3114793025614624,4.192732168480531,2.603725235013276,4.812496871982802,293.2412882545644,323.5600564570143,1295.9647184734451,0.0,0.0,0.0,0.0,0.0,0.0,0.0,0.0,0.0,0.0,0.0,0.0,0.0,0.0,0.0,2615.831888747087,3217.957425784148,2783.3019771191803,0.0,0.0,1022.8968324460504,1221.6701133537358,0.0,3022.667423906996,0.1063402991624167,0.0,339.46578430105814,876.6723373370916,0.0,0.1724646306415939,2007.84210906628,293.78834939026206,0.0
97,6.015612297665295,4.746449196199329,3.000388824092184,1.290022114156148,1.9281553920348824,3.5669426852417043,2.7107758306370324,3.973963098219288,653.8020188025592,948.5367192032514,2012.9797447859737,0.0,0.0,69.22165516538156,55.85578650069726,0.0,1005.9939765778036,0.0,0.0,0.0,26.48697830469204,0.0,0.0,633.8719539229625,0.0,0.0,2772.6427984363363,2990.6849082761178,1411.7494938700609,0.0,0.0,928.2988440727552,1095.8078509292975,0.0,1261.8188905634097,0.0,0.0,168.41698952150298,575.6389253258852,0.0,0.0,1227.9198861032512,54.276581104973765,0.0
98,5.068857526353357,3.821030170295676,2.453579463242043,1.146067596856433,1.5502927319572832,2.777972421199346,2.8096031815607394,3.243340829325841,1008.3783727137434,1597.2548963255233,2824.4524266904323,36.34150193317843,0.0,73.3325980777928,201.14158929898596,0.0,2465.211860725599,47.314177637640505,0.0,6.934731045220038,259.82427307940713,0.0,90.94153623858176,1421.65712552968,53.98556446595346,0.0,1389.3600798953755,1455.8340823029498,573.3147720609577,0.0,0.0,59.58745606715157,511.53175976114863,0.0,67.51712717348417,0.0,0.0,9.366205727045038,35.56859720883975,0.0,0.0,74.24010919841835,1.6663801600264176,0.0
99,4.129922446677223,2.909670629532753,1.8155345063824504,1.0444408637047191,1.181497673304716,2.0535383700909056,2.8795211757950705,2.628699952537695,706.9893376466493,1399.707833991933,3237.681822649004,380.38683810732783,0.0,8.251723347187813,352.9539202719027,0.0,3350.676185581786,495.23793656968536,0.0,72.58589422820991,724.8319805081795,0.0,951.8859040560184,2637.302522470875,565.0674044347986,0.0,653.8058749449173,685.0332264216988,43.38858385372944,0.0,0.0,0.0,38.71197002518377,0.0,0.0,0.0,0.0,0.0,0.0,0.0,0.0,0.0,0.0,0.0
100,3.418787280168024,2.192806313439005,1.3575846137740772,1.074893359301377,0.9899347585600382,1.5412532355719115,2.929590713325092,2.109795200710983,318.4275970537019,802.6360338956081,3423.3867561621896,898.7305475636987,0.0,0.7429779848254815,254.23158726551569,0.0,3819.490772379867,1258.8984216231754,0.0,191.1505675693508,804.8335198234678,0.0,1614.7000540245822,3309.6486795645574,733.9915627940036,0.0,72.51270445247744,331.6647289522924,0.0,0.0,0.0,0.0,0.0,0.0,0.0,0.0,0.0,0.0,0.0,0.0,0.0,0.0,0.0,0.0
101,2.861734850287004,1.650764378017115,1.03868738526654,1.2083337316069511,0.9075920413639142,1.1811767505801272,3.005955351844096,1.8630056700575208,14.004504406633789,130.7087077952487,3594.370373448521,1401.4216724974367,0.0,0.0,151.7942861715814,0.0,4235.719617677868,2241.566892850107,0.0,198.9535108059473,573.8862732630713,0.0,2370.8344395275385,3930.4527524491255,744.9346873998004,0.0,0.0,154.04954847297165,0.0,0.0,0.0,0.0,0.0,0.0,0.0,0.0,0.0,0.0,0.0,0.0,0.0,0.0,0.0,0.0
102,2.5086093630777517,1.3085989477933495,0.7580489187767382,1.4841278435760803,0.9103875649534864,0.9389926027634616,3.1076605885136086,1.956139192700352,0.0,0.0,3657.91236604525,1626.6946915650162,0.0,0.0,182.801037617781,0.0,4399.290081525366,2865.645623428793,0.0,110.06388136977368,232.4473442749518,0.0,2870.1155195799497,4337.225690540445,674.7366975433448,0.0,0.0,0.0,0.0,0.0,0.0,0.0,0.0,0.0,0.0,0.0,0.0,0.0,0.0,0.0,0.0,0.0,0.0,0.0
103,2.472311642365459,1.2307954379906922,0.5346466967468382,1.8079414502272448,1.0210044951415265,0.866895638280404,3.1060263285820477,2.0936776529966967,0.0,0.0,3490.4089416003003,1396.0374327206575,0.0,0.0,213.9757674124168,0.0,4366.86438241707,2912.2393203697447,0.0,180.37846961788105,276.0841622221854,0.0,3623.2634052972926,5489.301165186095,1045.2373720434175,0.0,0.0,0.0,0.0,0.0,0.0,0.0,0.0,0.0,0.0,0.0,0.0,0.0,0.0,0.0,0.0,0.0,0.0,0.0
104,2.618097861923853,1.2604053283493444,0.4405136086874456,2.013623203717356,1.1660673290715553,0.9539490209340714,3.0385116810298864,2.155644964083331,0.0,0.0,2420.128851172725,826.9366481376163,0.0,0.0,245.18503945495087,0.0,3110.703124297453,1994.447104204588,0.0,192.1233506217944,304.71339960844193,0.0,2947.6470953063827,4553.209829560419,988.6387573634568,0.0,0.0,0.0,0.0,0.0,0.0,0.0,0.0,0.0,0.0,0.0,0.0,0.0,0.0,0.0,0.0,0.0,0.0,0.0
105,2.7625089446746256,1.3746482417471135,0.4496677644447854,2.1935596753683817,1.2906367960664438,1.09495613801134,2.9582858619128216,2.192780137493861,0.0,0.0,1459.1182247084294,329.4301984862969,0.0,0.0,275.5740423851417,0.0,1820.8971466947069,863.3162853763278,0.0,279.5910120837519,408.3984920878605,0.0,1617.39518112281,2876.8029102905057,754.7047748249653,0.0,0.0,0.0,0.0,0.0,0.0,0.0,0.0,0.0,0.0,0.0,0.0,0.0,0.0,0.0,0.0,0.0,0.0,0.0
106,2.840186191439892,1.5081569140091842,0.4398793876281829,2.3673099410470098,1.3155915628373476,1.1864075817943087,2.8251716804837583,2.296635283192214,66.71108220100213,0.0,3112.2297459963083,272.09222048955905,0.0,33.40409356207384,261.3869527981666,0.0,3686.7225894407175,901.918802999817,0.0,914.4082819731082,1299.7979188632378,0.0,2718.245887972742,6195.098450038057,1799.377077794887,0.0,36.360399000060994,0.0,0.0,0.0,0.0,0.0,0.0,0.0,0.0,0.0,0.0,0.0,0.0,0.0,0.0,0.0,0.0,0.0
107,2.949161201991802,1.596924746816488,0.432791252372086,2.6278964852116498,1.306625591739689,1.247000618708625,2.561601154562424,2.489924564107112,163.4683887258443,0.0,2999.432290807717,224.36299763645076,0.0,81.85316698936022,215.53560100813132,0.0,3486.165959904509,743.7081659359071,0.0,754.006795335613,1071.7930739551105,0.0,2241.423127207427,5747.069712239863,1483.7382499433477,0.0,89.0972780213643,0.0,0.0,0.0,0.0,0.0,0.0,0.0,0.0,0.0,0.0,0.0,0.0,0.0,0.0,0.0,0.0,0.0
108,3.0592478988295717,1.6668534566376176,0.4495557481075588,2.8027723234293256,1.367219545337429,1.2858889907377986,2.25550524222352,2.7416162814761056,692.1195941603155,33.572498785603,2369.2369693953483,0.024732814507034,0.0,327.42563742273074,0.0237597201657744,0.0,2384.40303588924,0.0819831982511854,0.0,0.0831184749826558,0.1181498712680319,0.0,0.247084871485031,3278.792474457988,0.1635609405268453,0.0,402.009153146433,52.8971566231696,249.04038657088617,31.730105559563818,0.0,5.864951769558084,0.0,0.0,331.67172275874384,66.22380095818642,0.0,0.0,0.0,0.0,0.0,116.3778387781421,0.0,0.0
109,3.199930632655099,1.8401004783144017,0.5995324676131003,2.9023318475744526,1.534839426285412,1.3028897362833023,2.0513110047145755,2.936542363823033,1239.117078150025,308.719261489202,1661.7474893749509,0.0,0.0,418.168096081854,0.0,0.0,1262.8141903531584,0.0,0.0,0.0,0.0,0.0,0.0,782.6803277543063,0.0,0.0,848.9543300480967,466.0190580912726,2055.7279085476584,251.7654740215488,0.0,45.46782486406107,0.0,0.0,2708.7629607715703,521.3227002798765,0.0,0.0,0.0,0.0,7.77345373054269,965.0206525078664,13.241222032534582,0.0
110,3.5605392986229667,2.2078627298118163,0.8730008204109498,3.1759753039455934,1.7147962911184085,1.2465221043994292,1.8991370822907163,3.1937786492145865,1928.542256573254,990.4030667555212,1187.7954863890484,0.0,0.0,94.18583588994817,0.0,0.0,561.6584537326382,0.0,0.0,0.0,0.0,0.0,0.0,19.4598834483364,0.0,0.0,975.29944419586,1125.8443613636805,3609.710562703253,335.7728372965324,0.0,49.00436799517865,0.0,0.0,4452.206593636331,650.2216046620665,0.0,0.0,0.0,0.0,95.03733753096306,1740.2454729719602,161.88563426884386,0.0
111,4.367270674876699,2.793863435469996,1.3058538870369285,3.567055132643344,1.9790496389876864,1.2792252860590263,1.7756865452186703,3.939382665021709,1568.3599466290673,1434.190217292865,573.382650256459,0.0,0.0,0.0,0.0,0.0,127.61114782974104,0.0,0.0,0.0,0.0,0.0,0.0,0.0,0.0,0.0,873.3845630403885,1176.7289958765912,3917.8739427684422,316.45253160440814,0.0,49.88781110038596,0.0,0.0,4742.708187203083,676.9688691761015,0.0,18.53577864733924,0.0,0.0,198.43836676227124,1922.7300327146484,196.1507223476856,0.0
112,5.201671842299018,3.454161092640285,1.79521133888009,3.814327788072484,2.290130561458168,1.4740304216212698,1.738387835499836,4.711190060879511,96.45375125430957,1088.5245708635116,0.0,0.0,0.0,0.0,0.0,0.0,0.0,0.0,0.0,0.0,0.0,0.0,0.0,0.0,0.0,0.0,683.8418394132565,996.683678826513,4017.3901927277375,316.4632222714424,0.0,64.90356732188803,0.0,0.0,4873.002420665926,890.0641907208425,0.0,153.26475878053782,0.0,0.0,587.5182580722874,2262.285700017883,348.7996426717282,0.0
113,6.298827030736312,4.493787345885791,2.438216081659877,3.908963609379565,2.6352175540496234,1.840860710760805,1.7876698500161827,5.546074680289674,0.0,890.0416187760396,0.0,0.0,0.0,0.0,0.0,0.0,0.0,0.0,0.0,0.0,0.0,0.0,0.0,0.0,0.0,0.0,633.9874016174728,919.53217087068,3943.96531480813,455.0671868380624,0.0,95.46793139822474,416.4411516522501,0.0,5014.020165742655,1399.4531154742813,0.0,491.19504115691984,659.9356542412161,0.0,1381.6432035972955,3052.087923353761,882.0493299629236,0.0
114,7.819892524343276,5.881892687740483,3.205331599701116,4.037248317546286,3.0236475491839747,2.3498165981570955,1.877326526164092,6.549957638429647,0.0,1075.3530322298832,0.0,0.0,0.0,0.0,0.0,0.0,0.0,0.0,0.0,0.0,0.0,0.0,0.0,0.0,0.0,0.0,690.8531574453923,962.6771206794622,3218.3109696516217,311.8391854021686,0.0,179.0912708253623,561.192397353856,0.0,4166.37954054334,1077.8113268304155,0.0,507.4365012421566,763.5250019741115,0.0,1201.1884159813526,2718.6215851622987,825.8025360922942,0.0
115,9.060906986466083,7.026532339298525,3.714776413156144,4.150377247739904,3.21680071579022,2.8136655195320466,1.9297055700968049,7.413384941720941,0.0,1010.1124073143004,0.0,0.0,0.0,0.0,0.0,0.0,0.0,0.0,0.0,0.0,0.0,0.0,0.0,0.0,0.0,0.0,1130.980732245338,1508.0489690768345,3303.4099176529744,185.12427493398195,0.0,415.3720443623088,915.9456237855172,0.0,4391.992655804831,811.6907058381233,0.0,681.5215144062,1023.4066991887596,0.0,1189.9954206356756,3106.8844000398603,953.2273192374068,0.0
116,10.15104162479036,8.004016920566539,4.1113790587879,4.082182330978131,3.392818308090221,3.325482956640681,2.028164438694162,8.216716507362836,0.0,504.1162747479856,0.0,0.0,0.0,0.0,0.0,0.0,0.0,0.0,0.0,0.0,0.0,0.0,0.0,0.0,0.0,0.0,1550.364642047473,1995.301212725828,3380.982413188912,183.2714340668112,0.0,631.8312484240379,1217.3207471069593,0.0,4582.18580305375,598.806967343154,0.0,806.0106689515741,1219.8814053092156,0.0,1145.4742214435548,3370.559949297447,1020.3583359734351,0.0
117,10.856052234438977,8.833781671041223,4.3688419837067896,3.79129911981536,3.535683821576304,3.762534135750912,2.1813388765536006,8.457706734506834,0.0,309.78905497244324,0.0,0.0,0.0,0.0,0.0,0.0,0.0,0.0,0.0,0.0,0.0,0.0,0.0,0.0,0.0,0.0,1852.687855371816,2190.9457557480687,3559.4296128505603,181.1447811971001,0.0,682.0222848948545,1171.0213339031727,0.0,4812.417127999115,866.3319773985556,0.0,558.1898687338112,1029.2568900214335,0.0,852.3299389656879,2822.9431268888743,699.6357578327168,0.0
118,11.258784460401948,9.32989973428999,4.423543189344191,3.4948209535257315,3.5183117528823407,3.991640827509322,2.2790801827352705,8.2273505440484,0.0,153.2199695434546,0.0,0.0,0.0,0.0,0.0,0.0,0.0,0.0,0.0,0.0,0.0,0.0,0.0,0.0,0.0,0.0,1851.042529407121,2170.107741164706,3611.827047077709,180.0048199994737,0.0,648.1360941027867,1116.2041411541802,0.0,4890.733482382043,947.7448235572748,0.0,486.2409999736849,985.1360941027868,0.0,791.2013058603721,2648.6209293439647,644.1644470408673,0.0
119,11.33443889059665,9.386307597920908,4.245518237801779,3.22285372328515,3.337966081356231,4.086359632401945,2.289734016441532,7.891538173998633,23.02359764885916,76.26176462762035,1.9123353337629745,0.0,0.0,0.0,0.0,0.0,0.0,0.0,0.0,0.0,0.0,0.0,0.0,0.0,0.0,0.0,1788.031427788954,2072.698795563906,3951.063349753468,511.6479206167186,0.0,509.1134182191024,926.6687842680496,0.0,5257.579795105378,1301.2690438207271,0.0,313.9663934433132,779.971428182781,0.0,695.3094614501363,2401.437288889108,533.747355237407,0.0
120,10.832734355214402,9.05050780604652,3.887143242418593,2.729198373603282,3.020936700372872,4.133893192570658,2.2842146197709443,7.388542053570461,13.142356799576737,163.0209885288901,202.56471149923445,0.0,0.0,0.0,0.0,0.0,9.972260935368038,0.0,0.0,0.0,0.0,0.0,0.0,0.0,0.0,0.0,1625.067305810422,1858.5482575077497,4401.420538288816,971.6436028308524,0.0,280.6925271581546,568.6493255090717,0.0,5545.946599194633,1802.449834932844,0.0,28.08285270795769,305.4072509182417,0.0,327.88501606243034,1743.4790222755355,95.20021751204472,0.0
121,9.899594879174684,8.412878115762783,3.429406342331512,2.1770166894066585,2.647780111210008,4.01096995628784,2.289934512111953,6.420476672420453,138.16106094638414,401.42726189355744,1657.055149971849,0.0,0.0,0.0,0.0,0.0,1025.881074985766,0.0,0.0,0.0,0.0,0.0,0.0,186.32219390031133,0.0,0.0,1728.1101251378964,1812.7053936951847,3658.884950297487,463.7872340425532,0.0,293.24658760438825,463.1633001794115,0.0,4470.51780685104,968.378057092543,0.0,0.0,104.1063829787234,0.0,120.63829787234044,1274.667777851718,11.617021276595745,0.0
122,8.788461345714301,7.580498092818609,2.940807244342849,1.7589636505275734,2.271840563154815,3.7712635413953537,2.2925778738604503,5.464530941174755,184.56700333506544,426.6556685705707,1587.5236953292217,0.0,0.0,0.0,0.0,0.0,1324.7559866665026,0.0,0.0,0.0,0.0,0.0,0.0,311.1308672283108,0.0,0.0,1953.595643799657,1744.9315950861514,1932.1607299073576,0.0,0.0,383.9665910201024,496.9355639581826,0.0,2429.408300778364,24.73857579897962,0.0,0.0,0.0,0.0,0.0,823.3749611467314,0.0,0.0
123,7.428876916455165,6.421645547282397,2.3816571052916378,1.462358991342428,1.9078841171340744,3.384124505799247,2.323843234255086,4.626980322215002,395.8909307983244,782.2786312242719,2028.2867951113476,89.285250956934,0.0,0.0,7.06040323253099,0.0,1933.2654909205608,44.97040924811194,0.0,0.0,51.62919055692765,0.0,95.31168104714789,979.67310271213,13.813832411473678,0.0,2051.817135570076,1623.5106043884466,904.118395356438,0.0,0.0,199.27745987460585,388.9768934161281,0.0,955.6376158922808,0.0,0.0,0.0,0.0,0.0,0.0,357.4520849657669,0.0,0.0
124,5.920375676300012,5.162995782230302,1.8222385806522825,1.235757634091465,1.5821934540742193,2.900488381775365,2.4262453595710607,3.9978709728358,697.4433286821994,1347.508277642184,3147.0990313150032,403.366671570746,0.0,0.0449123598114688,167.1014017707139,0.0,3279.738847251591,445.59009548516826,0.0,10.57686073560092,500.9993101147557,0.0,830.2412669769153,2260.7519531976486,380.9230042270879,0.0,1582.1032378700415,1415.2436545688713,217.12934310747733,0.0,0.0,0.0,77.7653839913618,0.0,20.88556027196574,0.0,0.0,0.0,0.0,0.0,0.0,0.0,0.0,0.0
125,4.694388519835061,4.094995970381635,1.4371212745809503,1.0890383912569683,1.447921751896864,2.414521057605957,2.606082800453545,3.4602826371324618,480.87219320711466,1092.039189329023,3336.165815417117,616.7365062268484,0.0,1.246615275562629,280.6666264582275,0.0,3805.37309106692,936.252271870464,0.0,297.4316334661314,947.6513657787098,0.0,1591.7361635624168,3485.79879641639,855.2597980269385,0.0,440.3314003341159,1107.0656345560135,0.0,0.0,0.0,0.0,0.0,0.0,0.0,0.0,0.0,0.0,0.0,0.0,0.0,0.0,0.0,0.0
126,3.692009261018289,3.1987494001302883,1.1769101846846122,1.115255515136923,1.4105430272370654,1.875287913447798,2.8099440586430773,2.920029676229478,339.5784995254122,802.6719028952332,3426.429468561681,794.7234707029544,0.0,1.0880134173003106,357.6879762591879,0.0,4073.688917995488,1300.840282928061,0.0,490.8402664127447,1153.245918109144,0.0,2047.1936927027232,4201.149016927417,1112.1382087774111,0.0,69.97882242208743,928.4633997515868,0.0,0.0,0.0,0.0,0.0,0.0,0.0,0.0,0.0,0.0,0.0,0.0,0.0,0.0,0.0,0.0
127,3.165453357631441,2.534668351954664,1.0293972062638164,1.25348590351143,1.435957330560094,1.4181467490920507,2.999486504278272,2.88845919206723,247.15077687864843,344.90681566061056,3570.931623471579,1099.2066446515582,0.0,0.0,327.1197169167068,0.0,4260.72648943275,1727.6611296762233,0.0,533.9145828778783,1042.251723981741,0.0,2270.9501702244443,4284.744392409626,1090.6527186829655,0.0,0.0,599.1980392199539,0.0,0.0,0.0,0.0,0.0,0.0,0.0,0.0,0.0,0.0,0.0,0.0,0.0,0.0,0.0,0.0
128,2.982643776133286,2.2245340157615625,0.975414192070611,1.294666026427714,1.4863125202616043,1.160579317456863,3.1173978658023587,3.01420609631932,116.12333469641368,66.60791370563382,3750.823807576553,1322.898681049061,0.0,0.0,277.7180588926578,0.0,4433.356847809677,2087.599153929199,0.0,483.0,946.2378763865676,0.0,2456.9207300243606,4344.484612239045,1054.0308419815597,0.0,0.0,247.63872245736837,0.0,0.0,0.0,0.0,0.0,0.0,0.0,0.0,0.0,0.0,0.0,0.0,0.0,0.0,0.0,0.0
129,3.002670242113616,2.153201882547001,0.9758322932504448,1.2769619154296392,1.5186275942186231,1.0268501411805857,3.16766517520586,3.0682993783050128,20.985180977760614,0.0,3813.015762594761,1379.925876572445,0.0,0.0,262.1478845786202,0.0,4573.400460043617,2415.02356186115,0.0,410.53356807453486,820.3728648841507,0.0,2715.890040757191,4534.472493950615,1125.5670895135254,0.0,0.0,133.00969499816313,0.0,0.0,0.0,0.0,0.0,0.0,0.0,0.0,0.0,0.0,0.0,0.0,0.0,0.0,0.0,0.0
130,3.2286161832237634,2.212676797938762,0.990411485735654,1.289414845495012,1.5817815566078215,0.9746024990986608,3.1456602060034524,3.071553033957253,13.180760362332292,0.0,3772.750321086048,1314.723502999403,0.0,0.0,240.93922826186727,0.0,4549.977639107442,2387.728566942676,0.0,402.1807603623323,853.0829303809619,0.0,2698.591719366544,4571.889970510513,1179.7061272779663,0.0,0.0,376.3422789903693,0.0,0.0,0.0,0.0,0.0,0.0,0.0,0.0,0.0,0.0,0.0,0.0,0.0,0.0,0.0,0.0
131,3.4745083544242163,2.391746290457779,0.9861047687148006,1.2920540561293894,1.6054579941926854,0.9806931979765738,3.0185905102912964,3.1178407809127564,5.817644689073846,0.0,3731.437782799807,1246.556250720539,0.0,0.0,219.1836330788482,0.0,4524.7511311072085,2356.517413481832,0.0,394.8176446890738,888.2831394916627,0.0,2678.133584191944,4609.468818670706,1234.713015271631,0.0,13.28669458969419,626.2967307080313,0.0,0.0,0.0,0.0,0.0,0.0,0.0,0.0,0.0,0.0,0.0,0.0,0.0,0.0,0.0,0.0
132,3.656837304156232,2.5469259242798907,0.8894042497112925,1.17138039460058,1.536881231249846,0.951421559102588,2.763032206812111,3.170953453888405,92.69083355125966,0.0,3587.26753587476,1075.0545466947192,0.0,0.0,209.3437817709074,0.0,4352.877696168157,2097.3892378646506,0.0,435.3168304130073,902.4706695040106,0.0,2478.445961425123,4508.448245688385,1224.032170252038,0.0,422.0536336505703,853.6469477905692,58.77774045258436,0.0,0.0,0.0,0.0,0.0,64.01761653944267,0.0,0.0,0.0,0.0,0.0,0.0,0.0,0.0,0.0
133,3.726322543246264,2.651191799939406,0.7740161761347412,0.9846651668818572,1.3928326861299658,0.9270842695558852,2.429484168876265,3.231386714990037,313.4202050396425,1.5075346756692556,2757.0417973261287,240.6998653322925,0.0,170.06709525592555,237.13296031320291,0.0,3218.153625557268,470.5086923815253,0.0,729.2685422156652,769.9982478026661,0.0,1140.235034650021,3498.4190492068988,811.0611669246397,0.0,1475.740863983414,1036.29040742267,1262.0177921908394,0.0,0.0,132.6,152.4,0.0,1634.320928703976,0.0,0.0,0.0,0.0,0.0,0.0,191.4,0.0,0.0
134,3.686406031858721,2.726466313258665,0.6508215672403455,0.8263575241008848,1.235004042459285,0.8962346426711013,2.077805329924184,3.2478247797339552,502.0593213816187,10.5982893297706,2229.603021576706,0.0,0.0,484.177466732809,137.31659497150312,0.0,2411.661049566048,0.0,0.0,555.3660576090421,400.1048661012399,0.0,362.76703582835466,2472.100260739283,342.1834353482669,0.0,1873.8351428268827,1197.132206422945,2246.2139366208025,14.757169254758349,0.0,226.2182256073484,260.9398623633431,0.0,2922.8748972412445,112.6462054421571,0.0,2.8025270747626867,3.5930547185366857,0.0,10.362121436151323,540.742195760658,5.536473791214383,0.0
135,3.682816876174675,2.8437368548818287,0.5644564882205886,0.7509156845023234,1.1107953014147112,0.8551028533087854,1.80438604808086,3.296229487644241,617.4755883763864,16.575052986582545,1837.9120909712024,0.0,0.0,561.7356956578623,0.0,0.0,1755.3499281882805,0.0,0.0,0.0,0.0,0.0,0.0,1592.01611024698,0.0,0.0,1872.7078862060443,1518.5288437440945,3516.319191318632,139.3416214330363,0.0,222.96130060618395,273.81731796310567,0.0,4480.44690802576,619.1397437164745,0.0,39.72112863601343,50.925534299545,0.0,146.86572066113297,1476.4163951679725,78.47024552630431,0.0
136,3.9320058631737247,3.1276891706988685,0.6022659828993734,0.7619513855189828,1.070503215492641,0.9640795076547272,1.5261226126081973,3.4250047653823046,584.7280857232532,8.745854360482177,1340.8811593158582,0.0,0.0,288.01739266087463,0.0,0.0,926.596354947501,0.0,0.0,0.0,0.0,0.0,0.0,816.3169949777568,0.0,0.0,1193.3018420738572,1057.4439754019636,3998.556926288416,498.1576333982407,0.0,118.78156447531693,214.10495568480752,0.0,5126.841845240831,1205.5750894828009,0.0,171.29996911160657,218.53224219495672,0.0,653.6940872582555,2313.858963159329,345.48830072654545,0.0
137,4.475459261474847,3.568453880572969,0.8642051927457103,0.838366898855863,1.2828461523212344,1.1981150428351688,1.269260486162776,3.924853437726049,165.89428138010314,0.4637336969635501,269.77144789090147,0.0,0.0,0.0,0.0,0.0,16.413568475769917,0.0,0.0,0.0,0.0,0.0,0.0,0.0,0.0,0.0,222.7454828549824,259.2783163320779,4498.752453999369,830.0304139186298,0.0,15.128377476361646,67.14025134842679,0.0,5835.542073877265,1995.3835241455693,0.0,272.2379007178193,328.50452214123175,0.0,1396.2457647336244,3266.838825220383,673.8816009353773,0.0
138,5.24550522536436,4.158139416451836,1.395421623984487,1.0504138125226994,1.842788041142855,1.6653292249169482,1.1387319225891346,4.741282969968999,0.0,0.1630435386489437,0.0,0.0,0.0,0.0,0.0,0.0,0.0,0.0,0.0,0.0,0.0,0.0,0.0,0.0,0.0,0.0,15.552274863427598,20.0392922101708,4690.08687041317,1078.1106595146705,0.0,12.14953234020635,27.90148604643989,0.0,6146.645247348391,2578.890943800809,0.0,347.42002560033933,406.93579592825694,0.0,1978.642467389752,3664.271142752485,912.4344059489378,0.0
139,5.932211438249293,4.698750455660495,1.8617962379028976,1.3315059058836112,2.385926239574752,2.172554621207164,1.096969142287846,5.511797548628449,0.0,0.0862454288687379,0.0,0.0,0.0,0.0,0.0,0.0,0.0,0.0,0.0,0.0,0.0,0.0,0.0,0.0,0.0,0.0,12.288480303255538,8.0,4986.0,1528.0,0.0,9.567289727961944,22.04201546008622,0.0,6594.0,3338.0,0.0,509.0,604.0,0.0,2701.0,4194.0,1247.0,0.0
140,6.78124450780199,5.30384567139721,2.367104378022759,1.6280492116309544,2.995486391385658,2.7669903373319604,1.1110584912433854,6.442812250604003,0.0,160.54620764837765,0.0,0.0,0.0,0.0,0.0,0.0,0.0,0.0,0.0,0.0,0.0,0.0,0.0,0.0,0.0,0.0,7.163126998079199,265.1476627435656,4807.523083392593,1310.3051293485978,0.0,5.562096854251823,12.836141773310098,0.0,6337.087175304602,2920.927626454272,0.0,557.3766379225339,684.3146124733328,0.0,2483.07029130043,4132.472431380078,1217.880082027213,0.0
141,7.913615992670167,5.99132085418511,3.0123804418528675,1.9343956530517303,3.824160264400576,3.6641816151514086,1.1500315164271353,7.633332743263413,0.0,940.3551506442202,0.0,0.0,0.0,0.0,0.0,0.0,0.0,0.0,0.0,0.0,0.0,0.0,0.0,0.0,0.0,0.0,3.8175589052156704,982.655068906049,3764.955167769356,535.4362552188096,0.0,2.9381691789117528,6.855728084127423,0.0,4899.9397663072505,1391.5776832674355,0.0,636.989274973374,842.7817277708926,0.0,1579.565243046223,3503.013378517774,1000.4840839795196,0.0
142,8.694691258228055,6.31044712519829,3.459330141671586,2.0863343905854226,4.4697271741632925,4.378541527991238,1.1983551632198912,8.413561519193898,0.0,1851.2308977973316,0.0,0.0,0.0,0.0,0.0,0.0,0.0,0.0,0.0,0.0,0.0,0.0,0.0,0.0,0.0,0.0,1.7650504758608463,461.9350218451131,1769.833744082959,251.7307365500665,0.0,1.4207783615238987,3.1922118161081494,0.0,2303.4032019350702,654.1768034684405,0.0,299.43430229324184,396.1544809051265,0.0,742.5059323724442,1646.7053132238448,470.3386393210634,0.0
143,9.09587759528183,6.425021566023122,3.6516214811258014,2.1656835310105413,4.79836204330262,4.9148813449799205,1.2410711674892236,8.554235259616645,0.0,564.2918901947186,0.0,0.0,0.0,0.0,0.0,0.0,0.0,0.0,0.0,0.0,0.0,0.0,0.0,0.0,0.0,0.0,1018.959718918933,1133.139398781306,2497.3630652191327,94.13104055579308,0.0,391.6219628868745,1015.6902331964702,0.0,3382.160416547799,460.6441336599386,0.0,915.5253562116376,1308.7440609521284,0.0,1292.4003204263258,3394.002201482322,1210.9624900118968,0.0
144,9.309103945939905,6.379516950828156,3.7085214030480063,2.1866558929018383,4.890823484276052,5.281762508369368,1.340629820271503,8.398449148330116,0.0,101.74452757529876,0.0,0.0,0.0,0.0,0.0,0.0,0.0,0.0,0.0,0.0,0.0,0.0,0.0,0.0,0.0,0.0,1431.5096194385887,1543.894918451126,3251.089293243094,101.13213788450736,0.0,550.146521690891,1463.888505492067,0.0,4426.949184511262,502.2708421169422,0.0,1301.7355708421169,1871.834239431932,0.0,1769.3438588705203,4683.932908021747,1726.6176633751247,0.0
145,9.344905267369716,6.090230791090659,3.719256983569042,2.0787465977731325,4.903836202302803,5.550242857469378,1.500872306369229,7.992765985824401,0.0,90.34201772819004,0.0,0.0,0.0,0.0,0.0,0.0,0.0,0.0,0.0,0.0,0.0,0.0,0.0,0.0,0.0,0.0,1403.0748955733334,1465.785521885183,3290.648875053961,109.43378241958428,0.0,531.8898042804218,1414.705972778748,0.0,4469.738384304056,532.8433208664583,0.0,1286.59089463995,1863.75142629846,0.0,1732.913481513894,4655.377269852003,1725.7521298451145,0.0
146,8.933461900255143,5.587302987059146,3.5640780353036443,1.848926028411956,4.753420359457807,5.562495180212618,1.7278660037820452,7.355624226426588,102.2613019892871,451.5065618006952,10.603159274059784,0.0,0.0,0.6428754612404881,0.0,0.0,8.75167794568718,0.0,0.0,0.0,0.0,0.0,0.0,0.1285750922480976,0.0,0.0,1323.1870397292575,1251.4908390102837,3703.716030482417,117.0833069820552,0.0,477.83777027628,1085.034286400487,0.0,4852.542022420905,801.8254062446981,0.0,1097.8061799201228,1573.349467128385,0.0,1447.7538814052289,4328.770723176817,1507.3370386087288,0.0
147,8.30866118252978,5.105791268264169,3.267374724840119,1.682080158988411,4.426094680586663,5.423551756067418,2.0089146044057884,6.534659767446407,784.6252905661032,858.1067489435487,600.2152199698413,0.0,0.0,36.39234973297439,0.0,0.0,495.4091551778994,0.0,0.0,0.0,0.0,0.0,0.0,7.278469946594877,0.0,0.0,1322.8783857133735,1273.927503134064,3455.763107683526,62.48437939371127,0.0,539.8329464766847,917.7516332002406,0.0,4483.2459989569925,467.61252648130034,0.0,931.6528648817906,1321.1862493852304,0.0,989.1743725010112,3909.811410849743,1253.2095445972543,0.0
148,7.431208415351501,4.572944094559476,2.809094563699659,1.5960306475933546,3.893724267423255,5.0663670488903705,2.3507861206006493,5.699175158798677,1166.7308162335717,1307.3928717601182,1639.5863992178736,0.0,0.0,139.53791914321584,102.51398162446812,0.0,1439.5380131317283,0.0,0.0,0.0,172.9766530757352,0.0,0.0,504.8444687871482,0.0,0.0,1367.0930019664263,1272.428332092744,1232.014704869405,0.0,0.0,431.5290842230394,365.2294675095266,0.0,1697.037557631845,0.0,0.0,257.05640866116363,337.8954150048327,0.0,0.0,1416.136549977225,264.61689126884494,0.0
149,6.556461789838461,3.967896404842405,2.320021334748952,1.6043953212265356,3.1903469933284856,4.464463711116907,2.8160739478853696,4.698175632004363,1339.280868018639,1940.639099791376,2644.331292032832,26.733155546049574,0.0,283.7186018727712,277.66361419017323,0.0,2447.780887538209,0.0,0.0,95.25607148592375,479.1881448552783,0.0,179.75742522343677,1523.5148488202428,172.38276162452652,0.0,971.3444675691352,1237.1347759644882,92.82479490608456,0.0,0.0,0.0,0.0,0.0,0.0,0.0,0.0,0.0,0.0,0.0,0.0,0.0,0.0,0.0
150,6.162570163918612,3.67578586285964,2.0000581945988256,2.004551275686876,2.595510153712623,3.955809132102164,3.279698808346333,3.753128463047346,1477.274101291862,2502.818717747838,3478.366537262345,236.0576444813868,0.0,405.9332051160306,362.26314108651377,0.0,3267.25621656082,0.0,0.0,345.9712828852387,670.7898083071225,0.0,610.2061544305323,2453.870899420349,576.7538465190826,0.0,635.4436644429853,1486.9249119097142,0.0,0.0,0.0,0.0,0.0,0.0,0.0,0.0,0.0,0.0,0.0,0.0,0.0,0.0,0.0,0.0
151,6.2240391479349615,3.9251587020765912,1.9752408338010023,2.634300650146528,2.2350995378492726,3.662810764794549,3.685159904693116,3.0420253082476,1135.908161699104,2222.6854328297973,3462.801415051591,708.5307843463853,0.0,399.51596545802266,359.5057484321917,0.0,3279.394958450799,208.3585478323775,0.0,394.8459632754282,675.4957739773913,0.0,900.0467409410705,2829.7121257492154,647.0293636315397,0.0,319.0586161162788,1585.439216624872,0.0,0.0,0.0,0.0,0.0,0.0,0.0,0.0,0.0,0.0,0.0,0.0,0.0,0.0,0.0,0.0
152,6.756457996098846,4.524068349446016,2.1253560568853715,3.3764359441470115,2.1010977262450137,3.612582130669436,4.069960127484206,2.5861067560265822,129.6565599850252,775.1209855730818,4172.0074349254255,1210.419773073261,0.0,358.6241508328861,284.65284901178194,0.0,4299.095308201408,1614.019238934702,0.0,144.40757134421685,309.5854641369579,0.0,2326.4408226520704,3771.5451182616216,816.1832760091412,0.0,5.396257025793873,896.6227643527787,0.0,0.0,0.0,0.0,0.0,0.0,0.0,0.0,0.0,0.0,0.0,0.0,0.0,0.0,0.0,0.0
153,7.631409006037844,5.261520582992201,2.46251705546816,4.029258417310195,2.208263352606142,3.8406692583803697,4.310880356817943,2.66740060331277,239.31459163056567,612.5433989269754,4294.7190141250285,1508.7522307912914,0.0,320.4128130463873,214.36903834403304,0.0,4537.164720633054,2286.166678371242,0.0,134.06601846902734,254.9102346627846,0.0,2748.070895600164,4032.894332408998,780.3736706051349,0.0,0.0,596.8670413376105,0.0,0.0,0.0,0.0,0.0,0.0,0.0,0.0,0.0,0.0,0.0,0.0,0.0,0.0,0.0,0.0
154,8.768932026383437,6.177831582969707,2.941424919278477,4.652866115280053,2.565204252072698,4.435033796559711,4.439365314442047,2.994104663040848,368.7940896174745,918.2714303890068,4108.682788036445,1464.3575532622376,0.0,282.39154199950724,144.39017166415243,0.0,4281.862656519467,1929.3189397346664,0.0,108.59517805761624,253.08169353232248,0.0,2084.749639526604,3371.103292696628,538.4938537644315,0.0,0.0,459.3833100541357,0.0,0.0,0.0,0.0,0.0,0.0,0.0,0.0,0.0,0.0,0.0,0.0,0.0,0.0,0.0,0.0
155,9.649744554906984,7.2219277603056495,3.300668384843018,5.299028447733393,2.958521898797336,5.189726043353831,4.48315294557059,3.604685870563957,767.3099938755955,1814.120726531464,3907.757066701923,985.4639769953432,0.0,382.0521819560133,230.3886552599971,0.0,3919.599630980197,1092.8828517618258,0.0,203.79363219907927,466.0911983976539,0.0,1387.6250368756616,2870.922169549224,490.8543789637629,0.0,0.0,1140.4604687644285,0.0,0.0,0.0,0.0,0.0,0.0,0.0,0.0,0.0,0.0,0.0,0.0,0.0,0.0,0.0,0.0
156,10.204794850624191,8.097860343199955,3.5068412514410423,5.7143383833887,3.265307473827366,6.029645606009638,4.419944868672851,4.276439224871112,1597.4205595260075,2741.179740528553,3719.807469323672,407.3332742565619,0.0,753.9820846715224,635.5802300474154,0.0,3599.53485667549,431.9440359679264,0.0,391.1293819056773,714.1243966547271,0.0,1002.6651573404675,2836.925961968149,564.4488073254116,0.0,0.0,928.2187648817963,0.0,0.0,0.0,0.0,0.0,0.0,0.0,0.0,0.0,0.0,0.0,0.0,0.0,0.0,0.0,0.0
157,10.608911539639552,8.663416489156154,3.520198047916938,5.941828812132052,3.5328823746503226,6.92664986042443,4.154683320792348,4.874740260799836,1892.1094894629,3061.7801121838274,3613.607643205652,201.28870091102465,0.0,896.1817194977035,795.1284097687291,0.0,3496.1333114777826,229.41550434591227,0.0,488.2161122180248,840.7988903462727,0.0,932.1166345040097,2958.9228123031885,636.1163351178965,0.0,0.0,341.39524378638856,0.0,0.0,0.0,0.0,0.0,0.0,0.0,0.0,0.0,0.0,0.0,0.0,0.0,0.0,0.0,0.0
158,10.945704605379854,9.05957004554818,3.506799492378732,6.045275588615725,3.776036819658911,8.02088892012404,3.7246737567020967,5.356049552996679,2187.9045859942603,3452.49217983806,3315.733215709161,58.91849130007739,0.0,1057.2486677609504,1068.1872844712552,0.0,3248.1292893664377,41.2559398620702,0.0,728.5518095269185,1195.8796706492178,0.0,887.3960189784307,3321.320282993974,858.2226718746957,0.0,0.0,107.94578203543354,0.0,0.0,0.0,0.0,0.0,0.0,0.0,0.0,0.0,0.0,0.0,0.0,0.0,0.0,0.0,0.0
159,10.779842740388643,9.232999245341116,3.39007982016787,5.9498147295466834,3.964268596723029,8.89572688482285,3.2132145551036584,5.714201280304293,2264.267859328113,3333.915738350888,3091.974108590791,45.14129431950002,0.0,1025.7668451128543,1235.7338347136056,0.0,3121.6410299427444,0.0,0.0,932.438987990668,1452.1639512070476,0.0,857.3784698267871,3456.9013323802656,1018.1354014177152,0.0,0.0,151.12453741366463,0.0,0.0,0.0,0.0,0.0,0.0,0.0,0.0,0.0,0.0,0.0,0.0,0.0,0.0,0.0,0.0
160,10.123633474122272,9.034640959775691,3.166644454227502,5.517072168941658,4.036722073211955,9.382315657424067,2.714016170772349,5.984837417610898,2268.0571722789728,3010.3441812825245,3093.3452947493047,36.88026928054187,0.0,935.0089683085988,1164.7152509705663,0.0,3101.383414741595,0.0,0.0,883.3632335692062,1349.7219802307332,0.0,777.1266863074425,3200.938355130924,948.767942949971,0.0,0.0,268.0818354029571,0.0,0.0,0.0,0.0,0.0,0.0,0.0,0.0,0.0,0.0,0.0,0.0,0.0,0.0,0.0,0.0
161,9.210961302949093,8.374757084411149,2.823419643611626,4.802159321041961,4.040309705901953,9.561437736083816,2.224747308892528,6.076733253546949,2453.5716166835946,2236.724451944859,2860.840027042569,21.061526443791475,0.0,956.451503150738,856.5129719634956,0.0,2627.0794937675328,0.0,0.0,537.0566019034902,842.216246386799,0.0,443.37611884039774,2182.303582696668,541.2745626327762,0.0,2.0471601854809824,492.93357869979445,0.0,0.0,0.0,0.0,0.0,0.0,0.0,0.0,0.0,0.0,0.0,0.0,0.0,0.0,0.0,0.0
162,8.052857463622836,7.434411165300641,2.5931655670202254,4.045937281074957,3.94172234842017,9.436985335858193,1.723751281078578,6.196121118770881,2604.993616474094,1605.1984462005314,2671.0743559562143,8.093728775725829,0.0,973.9924674035208,604.8583385730516,0.0,2239.916754528207,0.0,0.0,254.3496641026323,427.95056320851774,0.0,170.9187784068801,1350.762637939333,208.70214608482416,0.0,572.3720129910208,676.5400628034325,1156.1380248535118,0.0,0.0,0.0,0.0,0.0,2184.210413069672,0.0,0.0,0.0,0.0,0.0,0.0,1883.588782073504,0.0,0.0
163,6.767655879252238,6.479181120509846,2.508226444469707,3.500160431418858,3.7696492571078433,8.903514279371851,1.3853125100286123,6.240683525536161,2458.8844349684305,1080.1808395177525,2341.7852485044627,0.0,0.0,815.997771610264,370.3055877256732,0.0,1654.362994828119,0.0,0.0,63.788658288315055,139.17525444723287,0.0,0.0,686.763606766405,0.0,0.0,699.2851052753424,843.7843425899739,2625.8062089719124,148.06997269070266,0.0,167.9725255759893,99.56032523541369,0.0,3864.767048859597,357.45324841615616,0.0,285.4303854566804,149.89640277424752,0.0,621.0825470797489,2667.312673002639,381.2197334882272,0.0
164,5.669819720865148,5.71674931994739,2.597904166013957,3.1895229034139243,3.575924362275948,8.130989414094257,1.1284083274887695,6.264423089535019,1333.2216815265358,478.7789392083354,1360.374176846262,0.0,0.0,139.65984930296406,63.37863212022837,0.0,283.14793812996885,0.0,0.0,10.91757197596775,23.82015703847509,0.0,0.0,117.54113205295148,0.0,0.0,619.779078548757,988.7769482101124,4084.183318797228,759.9517778141992,0.0,88.2298450711255,54.552507208129214,0.0,5478.958981395866,1763.4086694180985,0.0,346.13701954098264,310.02584253195874,0.0,1258.088666054959,3317.6210348462587,748.3729926443707,0.0
165,5.227639350038602,5.084641856981131,2.9345831414844046,3.0404559940227567,3.392545108750971,7.478236936330261,0.9183852734606536,6.2133362950429065,146.26698148529246,13.558704726724388,191.2558209254241,0.0,0.0,0.0,0.0,0.0,0.0,0.0,0.0,0.0,0.0,0.0,0.0,0.0,0.0,0.0,3.969451287467697,897.0928160558092,4566.986472146146,1005.0189145243752,0.0,0.4621297454772444,0.2918714181961543,0.0,6150.483160931022,2725.634306178348,0.0,358.19854042640867,174.1354489541011,0.0,1705.9683682129375,3460.1861140434944,863.2399846083781,0.0
166,5.445845014142047,4.7583640023494045,3.474703135916995,3.169772061779475,3.3451589689743613,7.033880044081502,0.7202989840822319,6.353657053926408,0.0,0.0,9.547093219032956,0.0,0.0,0.0,0.0,0.0,0.0,0.0,0.0,0.0,0.0,0.0,0.0,0.0,0.0,0.0,0.0,760.3170475190776,4727.604201015153,1222.701829482937,0.0,0.0,0.0,0.0,6658.219679554791,3662.625612952408,0.0,360.22399149665387,30.05651667218758,0.0,2313.02015962372,3665.67222155532,917.03007629247,0.0
167,6.064313706725085,4.87152536458306,4.231516397382047,3.4213337214518265,3.460242056755809,6.937098526243364,0.6137031040041436,6.54584400069269,0.0,0.0,11.568501654642311,0.0,0.0,0.0,0.0,0.0,0.0,0.0,0.0,0.0,0.0,0.0,0.0,0.0,0.0,0.0,0.0,642.3859537621058,4926.817694224419,1448.388258677158,0.0,0.0,0.0,0.0,6916.350239120014,4043.335972074261,0.0,361.9602074763037,59.56613592882221,0.0,2497.354913477469,3764.4454570618313,923.1837719218242,0.0
168,6.805349138179673,5.129074212574418,4.856994082922759,3.5996634016060773,3.6277020414040217,6.848385251729887,0.612684737266517,6.691887207950102,0.0,0.0,14.105448491245994,0.0,0.0,0.0,0.0,0.0,0.0,0.0,0.0,0.0,0.0,0.0,0.0,0.0,0.0,0.0,0.0,461.56000964479466,4956.873439971797,1564.5986394796548,0.0,0.0,0.0,0.0,6950.569881838149,3923.598407062105,0.0,364.6484106319263,59.12352861908506,0.0,2536.8667219389745,3842.819590047068,844.9797402393824,0.0
169,7.678252267185462,5.400641996428387,5.336260963755315,3.658152982344348,3.8162108840367353,6.987699482488187,0.649522420950546,6.877396601384407,0.0,63.168685671535975,9.246534958266157,0.0,0.0,0.0,0.0,0.0,0.0,0.0,0.0,0.0,0.0,0.0,0.0,0.0,0.0,0.0,0.0,324.3697483087836,4804.74116857107,1499.773150645162,0.0,0.0,0.0,0.0,6765.344130879538,3443.7429534727903,0.0,366.4319841620463,51.186788586655936,0.0,2438.51135481981,3856.591115162551,741.9990153477838,0.0
170,8.475547509102162,5.586791183429402,5.630220639749994,3.638550793990868,3.998073747326409,7.280122555659484,0.7189466686619491,7.031154691370432,0.0,372.8285747611905,2.744873118792245,0.0,0.0,0.0,0.0,0.0,0.0,0.0,0.0,0.0,0.0,0.0,0.0,0.0,0.0,0.0,0.0,148.31487912626798,4803.154336314792,1525.016233206362,0.0,0.0,0.0,0.0,6818.347745775132,3447.208851526832,0.0,377.4925174876808,55.32057161223416,0.0,2456.060488123436,3878.685725170657,698.1978195087601,0.0
171,9.065184666578078,5.804183617063959,5.67714882363288,3.6549515953205938,4.13462018560963,7.572190930497531,0.7960034469094582,7.132335589559798,0.0,295.799121504481,1.1209294880795966,0.0,0.0,0.0,0.0,0.0,0.0,0.0,0.0,0.0,0.0,0.0,0.0,0.0,0.0,0.0,0.0,32.997805407523074,4807.65370082725,1535.441316239694,0.0,0.0,0.0,0.0,7041.251427163722,3658.0681458816257,0.0,474.8145605992075,160.3380183579067,0.0,2651.3345794118454,4067.256765472665,746.0732880937672,0.0
172,9.3690735028574,5.99402582821979,5.466719529804994,3.601462116992837,4.181468063253257,7.740590674836976,0.9007801999534792,6.835256633136718,0.0,221.93755613244747,0.7998280130210926,0.0,0.0,0.0,0.0,0.0,0.0,0.0,0.0,0.0,0.0,0.0,0.0,0.0,0.0,0.0,0.0,51.0,4725.0,1415.0,0.0,0.0,0.0,0.0,7032.0,3559.0,0.0,560.0,276.0,0.0,2758.0,4232.0,829.0,0.0
173,9.45940490364369,5.964175022135389,5.009754507465932,3.3829852580631155,4.044432243602991,7.708471675871291,0.959144315977566,6.407090164507474,0.0,99.31459357764948,0.3099113838299326,0.0,0.0,0.0,0.0,0.0,0.0,0.0,0.0,0.0,0.0,0.0,0.0,0.0,0.0,0.0,0.0,49.46717866328861,4716.8760469154295,1384.1902911321013,0.0,0.0,19.773395243576864,0.0,7003.029676736155,3519.146645245504,0.0,566.8976960152012,328.5757718492005,0.0,2775.627445372181,4279.977307839066,877.8970006410932,0.0
174,9.342576319726977,5.712283924935551,4.35786402723188,3.0149042339786125,3.8657796760649945,7.687469374684419,0.9618280148266896,5.875414839158201,0.0,85.71841078447103,115.9800559115998,0.0,0.0,0.0,0.0,0.0,0.0,0.0,0.0,0.0,0.0,0.0,0.0,0.0,0.0,0.0,0.0,26.53829704450578,4647.485979664862,1228.0334358377827,0.0,0.0,138.73340542464632,0.0,6834.095205333956,3312.301494975897,0.0,618.3670371494957,652.2572150545956,0.0,2903.494277378786,4599.290668021278,1184.7434306103828,0.0
175,8.904542645930233,5.288837306521597,3.5689836968845405,2.504473308874579,3.657244708916103,7.471951583593885,0.9287375531661022,5.234951891254985,0.0,83.66742247995428,436.7962570330668,0.0,0.0,0.0,0.0,0.0,0.0,0.0,0.0,0.0,0.0,0.0,0.0,0.0,0.0,0.0,0.0,6.477423621176274,4643.089749018126,1226.5773181416068,0.0,0.0,214.0254182502076,0.0,6787.616143114102,3241.505165187464,0.0,628.6591574282933,790.2097594527327,0.0,2905.4875691234806,4665.907829398738,1289.2055701110364,0.0
176,8.151914615271764,4.716842216579405,2.822424537530886,1.9854903420066408,3.383997784345503,6.973208271896369,0.9098354289009856,4.481278170320264,0.0,81.10723894711288,834.377204976514,0.0,0.0,0.0,0.0,0.0,0.0,0.0,0.0,0.0,0.0,0.0,0.0,0.0,0.0,0.0,28.93112520368893,3.29784121694334,4530.44618742473,1187.7089463897903,0.0,0.0,320.0474897368392,0.0,6429.481282801489,2941.557332158219,0.0,556.8648910652016,912.752263313644,0.0,2539.3039290145853,4319.087152945447,1299.3115201221724,0.0
177,7.389021938976747,4.17154790970986,2.226118705200428,1.5691710852314482,3.049993202365437,6.337107965488394,0.969640788482824,3.905616693262457,0.0,78.9549007420403,1173.8905392794982,0.0,0.0,0.0,0.0,0.0,0.0,0.0,0.0,0.0,0.0,0.0,0.0,0.0,0.0,0.0,33.56671304226342,1.7950339412181842,2712.683213532612,725.7042632098426,0.0,0.0,196.8319719525722,0.0,3811.292366194736,1735.4113936724043,0.0,313.6548127521203,546.8083984889961,0.0,1412.795643394649,2496.305868226641,762.0401091746023,0.0
178,6.34150343389274,3.4557230750564827,1.573497568144265,1.1037453982059768,2.6138752707717066,5.48604375357572,1.200526634340759,3.2325780254390133,1114.6456556343446,512.1681552632966,2285.42980753473,0.0,0.0,142.99778723043923,196.2401738678068,0.0,2132.3075777386675,0.0,0.0,83.30587942721344,208.35411089123227,0.0,121.01292557208303,808.6930676973004,123.69718035702992,0.0,228.6124636622469,336.3552971870781,2999.670418779433,275.176050565521,0.0,11.639744716775809,12.7903394070781,0.0,3766.095695654142,713.563508126686,0.0,51.19725869275378,35.526237673549026,0.0,168.71492359828267,1635.6872201403653,49.51187737721562,0.0
179,4.938562345570004,2.6282830447403955,0.9425383068893995,0.7454727671362089,1.995263044036066,4.402615469514971,1.6710599018661536,2.4879775113982,1613.265333093761,1044.1646300440766,3204.30819139438,353.3333333333333,0.0,291.9440697760364,455.5928935059355,0.0,3724.909752610876,577.7777777777778,0.0,274.2821574651461,527.2840170315199,0.0,497.95266587022337,1899.1378227607863,409.58289393638415,0.0,678.6530704958955,396.7785789325705,2075.339501535293,80.75027243893844,0.0,63.08786150856634,0.0,0.0,2729.7872058066687,213.41143430290876,0.0,10.093784054867305,0.0,0.0,22.831178219342718,935.8647184982732,0.0,0.0
180,3.957289505672856,2.211296608870829,0.606974941414095,0.6987424707742781,1.4957428270846136,3.488072728603497,2.1429736657439853,2.0783249001047506,1563.4836007128335,1274.2394310317134,3573.689805349781,760.4770501044353,0.0,307.9921102741509,530.7242767445965,0.0,4251.516860055558,1233.4020543260656,0.0,453.624745224991,728.6574544060082,0.0,905.2546174656308,2499.1455454488387,715.9831318206203,0.0,336.54213191645874,117.2861826981428,354.9145363305437,0.0,0.0,12.141947444270876,0.0,0.0,430.26946942975496,0.0,0.0,0.0,0.0,0.0,0.0,74.0864589819918,0.0,0.0
181,3.644200309188765,2.290434349919426,0.5200298444288586,1.059418333237326,1.236156917777825,2.886550578903551,2.720025130398062,1.9140172781545173,1117.5798352935828,1285.9635860573835,3360.588020487189,580.6202058548597,0.0,156.59622861476413,351.0767881635665,0.0,4295.616646829865,880.0129435612264,0.0,597.8869208831359,885.5676333993023,0.0,1237.3243648686175,3191.8564838791576,1158.4122240539325,0.0,0.0,59.21100146195644,0.0,0.0,0.0,0.0,0.0,0.0,0.0,0.0,0.0,0.0,0.0,0.0,0.0,0.0,0.0,0.0
182,3.95710309464262,3.076440107927595,0.6937007922315934,1.6858727466773296,1.2651175515202333,2.7285438889459823,3.363357174983248,2.0887124215740744,369.5119926513115,831.8693663700296,3397.2371993331744,655.0341626529154,0.0,109.86303581674326,278.1774226490776,0.0,4448.539856428401,935.6470685440167,0.0,404.51263906372265,609.8601999504256,0.0,1350.832700691613,3319.9696331974083,1267.251736322059,0.0,0.0,80.44063682262791,0.0,0.0,0.0,0.0,0.0,0.0,0.0,0.0,0.0,0.0,0.0,0.0,0.0,0.0,0.0,0.0
183,4.580332905871442,4.36903284991825,1.058387220275588,2.3550022287924257,1.538310621606235,3.0844757060523107,3.933319631363855,2.47192958148924,20.60388301000154,554.2926332230098,3505.608516138207,754.1839699952718,0.0,145.0536573266153,301.96322771263823,0.0,4563.141473355398,1070.719285802146,0.0,248.39860165642236,399.4835529105897,0.0,1347.8631597728072,3231.162700662545,1223.5306406530883,0.0,0.0,106.30488711029048,0.0,0.0,0.0,0.0,0.0,0.0,0.0,0.0,0.0,0.0,0.0,0.0,0.0,0.0,0.0,0.0
184,5.349989082389863,5.722789985489616,1.4316755472150071,2.9742082095279243,1.8498102121529727,3.538936160589065,4.385938017161085,2.985247361235573,516.8658907235749,1372.4057256493718,3621.582789679966,789.2459596706873,0.0,192.32083920222684,333.93982844039925,0.0,4399.518854870125,826.6338961386764,0.0,324.36624595315595,682.2270337546455,0.0,1131.198044086265,3071.58569637059,1134.0776157119642,0.0,0.0,141.06950663497253,0.0,0.0,0.0,0.0,0.0,0.0,0.0,0.0,0.0,0.0,0.0,0.0,0.0,0.0,0.0,0.0
185,6.239414291740864,7.176511837578313,1.7842139704947697,3.5772450595116223,2.214090756907682,4.143533367485547,4.853792401887276,3.521174008053634,1188.7158290997763,2439.241391316128,3754.07854822868,809.8860726139674,0.0,240.63060641468536,387.5274249813724,0.0,4175.7576808575495,489.8286268034952,0.0,401.77528889792046,1016.6287436496648,0.0,822.6848721465827,2828.7041482083587,983.685994716521,0.0,0.0,171.23437345590878,0.0,0.0,0.0,0.0,0.0,0.0,0.0,0.0,0.0,0.0,0.0,0.0,0.0,0.0,0.0,0.0
186,7.270275883689752,8.701528789869924,2.1324544515287425,4.13658397590697,2.607997547534618,4.965011275813975,5.360943188024015,4.048244974276519,1867.4097584249296,3112.537014421748,3654.549250509816,561.0266135766609,0.0,492.4938819559666,788.0308963777152,0.0,3893.597430319368,83.03380232095793,0.0,287.52982567745164,967.6736005633918,0.0,411.3429183257294,2412.908687724666,596.3141633485412,0.0,0.0,386.4704036853631,0.0,0.0,0.0,0.0,0.0,0.0,0.0,0.0,0.0,0.0,0.0,0.0,0.0,0.0,0.0,0.0
187,8.083754218803985,9.881110953420032,2.414365012718548,4.441428960663499,2.8083262346824767,5.73002948623258,5.5731434628011325,4.547011691276701,2032.821716702255,3142.382359449114,3448.436259488602,317.4785428357997,0.0,598.5427336937692,1040.5881053453522,0.0,3702.5778126374976,0.0,0.0,453.4864917025701,1313.1914006467216,0.0,476.58537678812615,2687.232591132985,702.8277567493176,0.0,0.0,180.9823015337149,0.0,0.0,0.0,0.0,0.0,0.0,0.0,0.0,0.0,0.0,0.0,0.0,0.0,0.0,0.0,0.0
188,8.850016916248633,10.653941252519356,2.560361015506793,4.525200965161503,2.852692612171249,6.66458529523869,5.46660045640638,5.108470932635306,2593.179954983305,3525.0251345465604,2775.0883405396376,16.334104514553214,0.0,980.3481571220794,1464.370608143057,0.0,2970.712681782298,0.0,0.0,773.3950635108521,1686.694613986185,0.0,375.6670254984112,2899.4468206096617,881.8652414324434,0.0,0.0,5.636171773369145,0.0,0.0,0.0,0.0,0.0,0.0,0.0,0.0,0.0,0.0,0.0,0.0,0.0,0.0,0.0,0.0
189,9.48279818764901,10.900982390607792,2.497467973135028,4.423025285806526,2.8633176662614743,7.38279538033851,5.112415159436383,5.568791785172569,1641.1431689805115,2123.3367173657007,1442.0005126768372,0.0,0.0,648.0957945719634,931.7393442142874,0.0,1558.9148601191607,0.0,0.0,494.8990314808228,1026.346417717457,0.0,158.4533840753955,1654.5814979196334,533.4624770290804,0.0,0.0,13.717392277995502,0.0,0.0,0.0,0.0,0.0,0.0,0.0,0.0,0.0,0.0,0.0,0.0,0.0,0.0,0.0,0.0
190,9.736929107622164,10.879907983037455,2.390148141137715,4.218512528720927,2.815966203048011,7.819136392707972,4.700844597098759,5.818984931884031,3137.7845019939105,3583.6389288764794,1539.6098145160342,0.0,0.0,1296.838418948106,1759.997599085125,0.0,1769.8282588525276,0.0,0.0,786.8838960089814,1742.98416921588,0.0,2.987159105226385,2306.379585239958,874.282199146148,0.0,45.7499544069544,23.83171822342648,0.0,0.0,0.0,0.0,0.0,0.0,0.0,0.0,0.0,0.0,0.0,0.0,0.0,0.0,0.0,0.0
191,9.601691160519136,10.602120846719346,2.2684193462755933,3.825503323053874,2.5929231550746685,7.985075909980099,4.186529685708504,6.077996932971261,3268.754788001899,3687.312405209354,1534.865034466594,0.0,0.0,1329.685549993089,1812.2979019550096,0.0,1764.4089822288197,0.0,0.0,753.5361535641523,1778.973906234036,0.0,0.0,2311.227997572013,883.4036324845395,0.0,68.1857746419621,24.962749875295238,0.0,0.0,0.0,0.0,0.0,0.0,0.0,0.0,0.0,0.0,0.0,0.0,0.0,0.0,0.0,0.0
192,9.160741737387646,9.791860699696452,1.979697208106299,3.18810638889316,2.212833880095816,7.915022988551878,3.493970084349008,6.350479944841414,4771.898542023766,4693.05719401365,1364.1666235083703,0.0,0.0,1532.248791304028,2264.258301652172,0.0,1508.3772576072654,0.0,0.0,191.6616291529639,1992.7907615789431,0.0,0.0,1971.110438684284,834.1472549392116,0.0,654.6211327957024,66.38398170359976,15.640269681733674,0.0,0.0,19.27452321773818,286.0639190638934,0.0,288.7097580074489,0.0,0.0,58.675123886866125,294.5694205598721,0.0,0.0,839.4004315634012,96.41271079864156,0.0
193,8.529004637626239,8.44135015636296,1.552503130460119,2.4538170843538145,1.82843849043438,7.501295334523287,2.8277768771187657,6.47150972104237,4965.875949959218,4257.447579081504,847.9855939079729,0.0,0.0,974.5224815144434,1647.9867649826326,0.0,803.6324737247469,0.0,0.0,0.0,1072.4635305051645,0.0,0.0,677.3357172807966,318.80182116408497,0.0,1214.5144655494453,498.1495656822527,676.0690580461858,0.0,0.0,302.19418811687234,833.2920192951855,0.0,1736.5228822138977,0.0,0.0,569.8865405841317,889.6169786797574,0.0,240.6548872948192,2522.765429390189,703.1827692724332,0.0
194,7.792273376963188,7.036125795027593,1.137970354386137,1.7685456689739305,1.4903207409859396,6.816668813740124,2.39811542700076,6.475068858137248,1931.420832992528,2173.901243247301,214.93423585638865,0.0,0.0,206.76318226184824,385.46057174244896,0.0,176.565810282025,0.0,0.0,0.0,95.56580073614636,0.0,0.0,0.0,0.0,0.0,1263.5041204830077,986.4807095566756,2362.5559245099425,56.842424890651614,0.0,456.9111448425701,1053.1943273926054,0.0,4093.572295897808,398.19889135757694,0.0,1067.9791351809126,1395.3346207606098,0.0,1440.0250985373923,4001.68367548981,1414.8405864111287,0.0
195,7.162047985386791,5.831443029046978,0.8169328609520503,1.273545138259133,1.1938646336440388,6.162493065146686,2.1684455725856604,6.493907566385393,130.5713171754023,666.972403950028,0.0,0.0,0.0,0.0,0.0,0.0,0.0,0.0,0.0,0.0,0.0,0.0,0.0,0.0,0.0,0.0,1012.3194673200672,1011.937740309668,3284.565241602804,312.48792174904275,0.0,378.6100243666002,1036.4324267539646,0.0,5330.216784280633,1551.2441149143317,0.0,1364.8808478545438,1665.577619241685,0.0,2431.317777280403,4940.011864121257,1809.7923590673995,0.0
196,6.767875233047605,4.759338563718712,0.5464020567951127,1.0104490625182674,0.9597706421040904,5.479865396567034,1.9900973407862617,6.642848543526031,0.0,0.0,0.0,0.0,0.0,0.0,0.0,0.0,0.0,0.0,0.0,0.0,0.0,0.0,0.0,0.0,0.0,0.0,578.3992313881731,622.0826645868876,3494.4108909440924,529.8321464018604,0.0,151.1867226630011,777.9507816313387,0.0,5589.466822322075,1923.133946597888,0.0,1356.3866661368438,1600.426094738849,0.0,2767.8332560852577,5285.042035212746,1890.057114753528,0.0
197,6.811676827936936,3.935212964076905,0.3087334717907547,1.02012792973775,0.9260282106764612,4.7841065625012,1.87610270582964,6.992919729120244,0.0,0.0,0.0,0.0,0.0,0.0,0.0,0.0,0.0,0.0,0.0,0.0,0.0,0.0,0.0,0.0,0.0,0.0,201.85470775824564,315.0376884693553,3615.3290685214856,612.7079068493526,0.0,54.32162372850374,409.96954541166696,0.0,5602.732561708788,2095.484625197447,0.0,961.5041655053031,1222.339682106662,0.0,2644.0090170140106,4973.107022576058,1715.8404535226075,0.0
198,7.025849436418956,3.643115024486616,0.2704920448011945,1.3023254981639347,1.0518466502033148,4.010155489224316,1.8595143364240352,7.249915626401937,0.0,0.0,0.0,0.0,0.0,0.0,0.0,0.0,0.0,0.0,0.0,0.0,0.0,0.0,0.0,0.0,0.0,0.0,31.04732564095503,79.5036301049211,3531.3257500068844,459.0591721972848,0.0,66.69257015393936,226.3628992371878,0.0,5445.807235976097,2104.3034847024483,0.0,571.6517423512241,800.7852130091153,0.0,2530.599830363782,4646.199903065018,1524.4888673477817,0.0
199,7.463577229931328,3.938527675667768,0.4357321920420686,1.7871825404252435,1.2066111098050851,3.517017298788516,1.9839325681971167,7.5283597077231486,0.0,0.0,0.0,0.0,0.0,0.0,0.0,0.0,0.0,0.0,0.0,0.0,0.0,0.0,0.0,0.0,0.0,0.0,106.5920999002338,192.9004692272526,3687.458722258541,542.2310809370884,0.0,87.42471606527464,285.2402152243631,0.0,5582.52052319506,2270.9608528533213,0.0,677.5836580446799,793.3004038456742,0.0,2650.222028777553,4710.863607403861,1532.1127815113082,0.0
200,8.000471379395199,4.384650591098236,0.6561940548169909,2.293156133444703,1.333490251191532,3.3219655924222984,2.125338243094174,7.763945545772057,0.0,0.0,0.0,0.0,0.0,0.0,0.0,0.0,0.0,0.0,0.0,0.0,0.0,0.0,0.0,0.0,0.0,0.0,173.3407778189036,480.637545568137,3799.0430962923074,626.9696792021839,0.0,105.77466844240908,337.3223672065115,0.0,5613.860582886473,2270.953964315973,0.0,790.9101634368296,861.9036791787794,0.0,2602.724541851813,4665.175860360324,1488.1358722471978,0.0
201,8.542892298808312,4.780197578782553,0.8668646942688849,2.706088249466941,1.421519407971789,3.3361471548935158,2.141542613983319,7.873873020346605,0.0,0.0,0.0,0.0,0.0,0.0,0.0,0.0,0.0,0.0,0.0,0.0,0.0,0.0,0.0,0.0,0.0,0.0,447.6533448430185,734.0493542699792,3732.0119832092814,595.9527931209777,0.0,122.3679428085846,575.6316612596542,0.0,5464.421668916067,2072.5038337909227,0.0,872.0550866530251,1014.9886788859232,0.0,2419.441610142071,4523.726117083434,1341.699273440017,0.0
202,8.834906561676265,5.059876319091021,1.0529018026684231,2.9605274462798614,1.445411501815808,3.453994001498509,2.119314779112554,7.741348523696215,0.0,0.0,0.0,0.0,0.0,0.0,0.0,0.0,0.0,0.0,0.0,0.0,0.0,0.0,0.0,0.0,0.0,0.0,594.5672282719287,743.3436320475994,3554.6433592970525,502.1174887879744,0.0,150.64223774642153,707.1342221178254,0.0,5304.27691181488,1889.708740329776,0.0,875.4682437057606,1095.857886779026,0.0,2287.916116897274,4453.146735082259,1316.25225598035,0.0
203,8.909646747831298,5.27296225227662,1.2084631311448752,3.13292442701417,1.416476986489113,3.687682791724768,2.116418809966501,7.30015297630809,0.0,1439.6983302853057,0.0,0.0,0.0,0.0,0.0,0.0,0.0,0.0,0.0,0.0,0.0,0.0,0.0,0.0,0.0,0.0,1255.6812004308642,1321.4025914134932,3499.0428456196014,144.57801754642213,0.0,475.6904929122905,977.8648467237912,0.0,4829.195322367632,1070.9418837461112,0.0,908.9304197013226,1220.5694340743948,0.0,1556.4503171864435,3943.7282795772926,1226.7745003528394,0.0
204,8.92416871925071,5.3796588374368985,1.3082690251991074,3.252238660192829,1.3349171673547682,4.072277456817458,2.0653968687970545,6.843979246261115,0.0,2568.23729385829,0.0,0.0,0.0,0.0,0.0,0.0,0.0,0.0,0.0,0.0,0.0,0.0,0.0,0.0,0.0,0.0,1616.1023227557514,1677.0776936821107,3498.8123427552728,0.0,0.0,610.628617993692,1077.1103886264698,0.0,4615.406586144058,708.3807024737215,0.0,841.5385008938632,1197.0461551969768,0.0,1160.9086283034762,3567.5834014941456,1092.6488895203331,0.0
205,8.73613112830564,5.297282568302375,1.3473984286508969,3.199133097662876,1.2152069546846302,4.347355906610707,1.9012186045428392,6.391044198660061,0.0,2735.0866344983733,0.0,0.0,0.0,0.0,0.0,0.0,0.0,0.0,0.0,0.0,0.0,0.0,0.0,0.0,0.0,0.0,1734.9660798731734,1801.9101691704875,3538.7305275062054,3.642719285375621,0.0,621.5228142997466,1078.138208714243,0.0,4578.785282124041,631.5489936305274,0.0,739.8062808509536,1129.0570616908592,0.0,1000.3861382691824,3350.6620752697327,995.378390547589,0.0
206,8.247459103219567,5.0651684841664,1.3252464296692703,2.9748156214213157,1.05590702530383,4.423908446926638,1.7125439384723593,5.8300263487511295,0.0,2640.2180153883933,0.0,0.0,0.0,0.0,0.0,0.0,0.0,0.0,0.0,0.0,0.0,0.0,0.0,0.0,0.0,0.0,1760.8981951379226,1832.5348448882703,3573.1234247360235,25.37573381353851,0.0,614.3121330932307,1071.4336694769584,0.0,4587.112929524433,642.4072194483098,0.0,699.827246459851,1107.3331235164117,0.0,955.2122165834494,3280.7063395268883,969.1819898502088,0.0
207,7.567245932935211,4.723410087642842,1.272746092960451,2.6902673616707604,0.9093366133295626,4.362490059452521,1.6036832142926856,5.149006637549499,0.0,2640.2180153883933,0.0,0.0,0.0,0.0,0.0,0.0,0.0,0.0,0.0,0.0,0.0,0.0,0.0,0.0,0.0,0.0,1760.8981951379224,1832.5348448882703,3573.1234247360235,25.37573381353851,0.0,614.3121330932307,1071.4336694769584,0.0,4587.112929524433,642.4072194483098,0.0,699.827246459851,1107.3331235164117,0.0,955.2122165834492,3280.7063395268888,969.1819898502088,0.0
208,6.795499538223832,4.230144508698079,1.14879501984654,2.268107663578274,0.7764794840313479,4.183212502358625,1.579827530334088,4.350659448156353,0.0,2060.0775005879736,0.0,0.0,0.0,0.0,0.0,0.0,0.0,0.0,0.0,0.0,0.0,0.0,0.0,0.0,0.0,0.0,1724.419421218193,1805.293310374902,3679.03464914387,119.90644603178605,0.0,566.7716979442241,1040.1387654927014,0.0,4677.91327240453,796.0245282439487,0.0,654.1727418420024,1101.47607808469,0.0,957.190980226038,3247.1972156081824,976.9249658130884,0.0
209,5.925725689311903,3.5709286407837326,0.966674819075625,1.7317552343808942,0.6382677084685099,3.867869918378153,1.665989197778252,3.530645044797032,0.0,608.5332495583092,0.0,0.0,0.0,0.0,0.0,0.0,0.0,0.0,0.0,0.0,0.0,0.0,0.0,0.0,0.0,0.0,1671.399854708358,1564.559480391873,3445.470925895795,236.6966362429437,0.0,483.6330962895552,848.4258182626253,0.0,4215.640612824077,870.0046946858218,0.0,497.43726313919854,878.0182496524114,0.0,707.7289300672603,2767.15425912457,746.0397557737514,0.0
210,5.02974139257608,2.8412708473514816,0.749250517728225,1.2202286521136156,0.5396894954292294,3.430231240387408,1.926470971405311,2.735910812312289,465.27955218545895,684.9404845155827,1092.6239173447186,0.0,0.0,112.66712985700208,6.503300648211409,0.0,1348.665579226746,0.0,0.0,0.0,28.709693105518667,0.0,0.0,476.5426859950868,0.0,0.0,1654.018267022101,1033.8682480328368,1889.379141507579,0.4181077373247907,0.0,509.015713301727,434.158860094444,0.0,1982.469128052797,18.637811501162027,0.0,214.0107252090116,139.34272198047358,0.0,15.164448895107142,1419.5428413791053,20.903810295396664,0.0
211,4.095773688720994,2.1338938715642763,0.5174370282691587,0.9084782107757062,0.4433295979136147,2.849987628468256,2.4315677044410764,2.0845846359510825,699.4773057417833,1448.767253954805,2890.584036459408,0.0,0.0,175.12230134807726,50.59696858384383,0.0,2817.378077653379,0.0,0.0,0.0,284.1980991231897,0.0,0.0,1704.006655041385,0.0,0.0,1209.6880990977672,600.1539006609481,925.3313354520416,0.0,0.0,234.6081795184626,195.6644305384657,0.0,890.1799763807815,0.0,0.0,1.986377154824076,1.1774090393513672,0.0,0.0,639.9424231596646,0.0480575118102599,0.0
212,3.615127487976593,1.7645270302082785,0.4080019380606527,0.8604022372442521,0.3869203048114906,2.402716102934018,2.923597795457741,1.8592915970995207,177.33036554250657,1141.8588518346376,3540.2574936913747,581.8006313231177,0.0,17.137889411594067,100.40090217369202,0.0,4246.683780381835,997.258450781878,0.0,358.8700496551681,891.5828364707356,0.0,1701.0465909699485,4110.333209443206,725.1212213800867,0.0,391.2011885247597,118.10708413329554,77.12267854154868,0.0,0.0,4.794201988743286,3.9983679491120783,0.0,18.19074165586869,0.0,0.0,0.0,0.0,0.0,0.0,13.07715890122078,0.0,0.0
213,3.58021769431962,1.660310139637516,0.4303531170896882,1.11853813138824,0.4431120999997637,2.035040668296742,3.414300585923464,2.046363028845226,16.36597309759993,644.8910561296425,3501.9001296470847,1241.9048905789048,0.0,0.0,14.335158917605776,0.0,4558.257205098187,2263.587652250051,0.0,331.3536325681984,561.9199445730858,0.0,2686.065627216597,3873.6406061460616,721.0908818085215,0.0,0.0,0.0,0.0,0.0,0.0,0.0,0.0,0.0,0.0,0.0,0.0,0.0,0.0,0.0,0.0,0.0,0.0,0.0
214,3.774988520219869,1.8071515061271377,0.5581761782156316,1.5532450076266942,0.6303406020181147,1.851865117543067,3.8046567552431183,2.290314101776197,0.0,470.64143793793846,3207.233032846986,1481.869440591246,0.0,0.0,0.0,0.0,4579.2645854189,2925.447984772504,0.0,299.2315084079069,466.2539416347743,0.0,2717.2986077153546,3420.1414808198665,369.0283912481095,0.0,0.0,0.0,0.0,0.0,0.0,0.0,0.0,0.0,0.0,0.0,0.0,0.0,0.0,0.0,0.0,0.0,0.0,0.0
215,4.172545954494424,2.154671353010733,0.766641308214957,2.148054939297241,0.853187955904624,1.8697501791135729,4.044281384386153,2.585257720959933,0.0,350.3120260060183,1888.1753841560387,904.2397260636697,0.0,0.0,0.0,0.0,2788.5211503433534,1866.3991596677567,0.0,314.8661129072682,437.2087976907329,0.0,1735.0084083241518,2140.556048767166,225.1410004330349,0.0,0.0,0.0,0.0,0.0,0.0,0.0,0.0,0.0,0.0,0.0,0.0,0.0,0.0,0.0,0.0,0.0,0.0,0.0
216,4.759456560281363,2.657137473515192,1.087508398970343,2.8826415593682526,1.1114216399578256,2.1272938480097427,4.209307728495263,3.1025495291538414,0.0,251.19687563737688,2334.2148274695164,989.7935243867804,0.0,0.0,0.0,0.0,3200.111974781298,1948.417492477177,0.0,327.7255164742708,413.2558198375753,0.0,2236.9943584394937,3055.5528797808124,550.4778680593781,0.0,0.0,0.0,0.0,0.0,0.0,0.0,0.0,0.0,0.0,0.0,0.0,0.0,0.0,0.0,0.0,0.0,0.0,0.0
217,5.40613494254547,3.2877871187475582,1.4510726716612448,3.4954150236504598,1.3810159284112022,2.6179997299196693,4.372360034530429,3.602368797953236,3.854532810345461,413.3282463391905,3412.873375152616,1144.192672857061,0.0,16.819779536052916,27.612471405020205,0.0,4352.337174261049,2169.9802307423847,0.0,517.8330080273014,596.4958565643237,0.0,3271.453823279909,4970.895806209274,1147.2106249079156,0.0,0.0,0.0,0.0,0.0,0.0,0.0,0.0,0.0,0.0,0.0,0.0,0.0,0.0,0.0,0.0,0.0,0.0,0.0
218,5.881242351585542,3.8338896007200858,1.7240691572092937,4.037239898962606,1.6270054952391997,3.1240317643031847,4.521806158709296,4.045883198364618,133.5004448741658,1364.8213396750937,3359.7667309046738,385.93063056740885,0.0,193.64805558493848,344.12818444206124,0.0,4062.155201804393,954.279520813254,0.0,1153.321661657658,1316.7229244717334,0.0,3105.4097754820486,5863.977041864941,1598.9896331390094,0.0,0.0,0.0,0.0,0.0,0.0,0.0,0.0,0.0,0.0,0.0,0.0,0.0,0.0,0.0,0.0,0.0,0.0,0.0
219,6.202415835938864,4.225930083981382,1.8786311374857056,4.396986635181379,1.7735756405528216,3.5589478838352444,4.618706264725574,4.517357612029235,260.3082259903067,1437.9759123699769,2499.6505431496184,0.0,0.0,253.98885185901528,476.43197768750446,0.0,2992.655497849736,298.1733261521242,0.0,1142.9498333655688,1314.1287335881852,0.0,2300.87241574905,4835.241674205261,1371.6734588019629,0.0,0.0,0.0,0.0,0.0,0.0,0.0,0.0,0.0,0.0,0.0,0.0,0.0,0.0,0.0,0.0,0.0,0.0,0.0
220,6.3679381678299,4.487122318357464,1.985718706689693,4.6366865606086325,1.800336591447171,3.940879377956176,4.634656758073083,5.062968211428568,199.2695049910961,1100.9329417492395,1913.7416209365736,0.0,0.0,194.45457395854825,364.7344927543569,0.0,2291.206374334953,228.2590911863836,0.0,875.045582813467,1006.0773870205766,0.0,1761.535560145651,3701.909301761239,1050.1404326418235,0.0,0.0,0.0,0.0,0.0,0.0,0.0,0.0,0.0,0.0,0.0,0.0,0.0,0.0,0.0,0.0,0.0,0.0,0.0
221,6.555554780634948,4.69953307833346,2.0678778721277022,4.662352618189761,1.8016936289781975,4.361040854401513,4.575309569141502,5.596135591278785,210.1150550089945,751.7501946351082,1013.2789261137776,0.0,0.0,176.5624521968991,324.2646698818439,0.0,1261.6116853112733,77.94487617135229,0.0,574.0627629871409,675.7479885437695,0.0,931.230743016992,2184.883597241662,636.485471964757,0.0,0.0,0.0,0.0,0.0,0.0,0.0,0.0,0.0,0.0,0.0,0.0,0.0,0.0,0.0,0.0,0.0,0.0,0.0
222,6.61121850449989,4.737708367880958,2.021275277739158,4.4936137846135535,1.8054778551950112,4.646799868570324,4.515938109758953,5.813896584718453,778.6480752635505,1945.756300725376,1691.6754938027116,0.0,0.0,595.7828744909739,1077.875394228456,0.0,2304.3947416428887,0.0,0.0,1411.3805089911546,1713.249875177804,0.0,1548.7305277633714,4566.957106479588,1391.7985816902324,0.0,0.0,0.0,0.0,0.0,0.0,0.0,0.0,0.0,0.0,0.0,0.0,0.0,0.0,0.0,0.0,0.0,0.0,0.0
223,6.397831999612354,4.514366541607218,1.840260078278681,4.119489567271352,1.730906928952287,4.719606199130976,4.360664009889047,5.868531759233745,1392.808866896241,2843.607730886721,2159.8776287200744,0.0,0.0,905.9616957992,1732.6629256064082,0.0,2979.0522439603697,0.0,0.0,1834.3905620132864,2378.730653782753,0.0,1564.0599562845568,5534.2477405906175,1820.0651824437,0.0,0.0,0.0,0.0,0.0,0.0,0.0,0.0,0.0,0.0,0.0,0.0,0.0,0.0,0.0,0.0,0.0,0.0,0.0
224,5.964876939939799,4.096760825063118,1.5984768938424716,3.592379906216134,1.5481127971670812,4.616379120372903,4.165160840139917,5.874982749950357,1597.467124882511,2878.8662647653205,2320.918079167786,0.0,0.0,887.4641725748139,1685.5051460045192,0.0,3131.2157989831912,0.0,0.0,1542.7166741189249,2162.7655622408897,0.0,1239.2736345259095,4710.806392754297,1574.1187663094313,0.0,0.0,0.0,0.0,0.0,0.0,0.0,0.0,0.0,0.0,0.0,0.0,0.0,0.0,0.0,0.0,0.0,0.0,0.0
225,5.408810597087935,3.5722031059361834,1.3137848764069318,2.9066077929530363,1.3358533887384103,4.326381415792919,3.968031151962125,5.773247713518707,1801.2466857245988,2852.052666861628,2668.9333249388974,0.0,0.0,774.0981312161291,1438.7182425398328,0.0,3421.4359103548613,0.0,0.0,1104.7609317282215,1766.8317548433993,0.0,927.8655817826756,3671.221064517394,1179.1581561585172,0.0,33.50173354322329,4.755315433563178,0.0,0.0,0.0,0.0,0.0,0.0,0.0,0.0,0.0,0.0,0.0,0.0,0.0,0.0,0.0,0.0
226,4.783434217604856,3.028855187919414,0.982749065595802,2.1981672851510434,1.1202275961888677,3.87417680949745,3.7798522569288058,5.522057644903651,2711.5742980619075,3179.7213066879367,2771.3594023992537,0.0,0.0,871.5921759919019,1245.0891100427818,0.0,3203.99020563337,0.0,0.0,628.9211771221242,1351.6075711368062,0.0,232.1491335850189,2432.729759744098,693.6101251268054,0.0,688.292190350039,129.04467509156794,0.0,0.0,0.0,0.0,0.0,0.0,0.0,0.0,0.0,0.0,0.0,0.0,0.0,0.0,0.0,0.0
227,4.153432941812394,2.4559427831675937,0.6643615630149013,1.6673698293373709,0.901443650703327,3.3785757783007297,3.505695213263581,5.40450130136933,3945.627783937142,3726.969561370192,2482.1288234736544,0.0,0.0,1209.5376824487264,1273.0787855931646,0.0,2536.0447422376533,0.0,0.0,346.38601001770314,1115.408623237062,0.0,0.0,1526.303289029999,343.2707529991672,0.0,1284.3672818853388,658.6783906835888,0.0,0.0,0.0,0.0,0.0,0.0,0.0,0.0,0.0,0.0,0.0,0.0,0.0,0.0,0.0,0.0
228,3.5917041607517746,1.9810440268191676,0.4179536145476839,1.1951370845239555,0.6850503345334555,2.979567995518774,3.1442986486188818,5.397911373511146,4717.647934891298,3693.0909601304647,1678.1205210418484,0.0,0.0,1285.1849515851172,1070.6474183507914,0.0,1295.4283730385002,0.0,0.0,168.5627450247676,633.6138042875918,0.0,0.0,649.4251301949282,44.89944087813798,0.0,1835.941939508152,1607.3191493596216,771.6952370510431,0.3248968686231044,0.0,152.34620645903152,173.45107986662683,0.0,982.41759011568,51.088282367298255,0.0,57.30467541041567,72.66957223936126,0.0,13.63802525599218,478.9085608038801,2.1349034652768344,0.0
229,3.0942721378901914,1.56285666656185,0.2644817646500231,0.8136100436979474,0.5047034549988128,2.55818161414947,2.715215131057145,5.385293026216107,2933.481382299644,1898.3978900797856,584.9581344682565,0.0,0.0,214.673746784377,41.941400400032514,0.0,10.485350100008128,0.0,0.0,0.0,0.0,0.0,0.0,0.0,0.0,0.0,2238.109357119225,2660.829749133763,3176.255221079517,20.453530005369576,0.0,637.1691858940916,769.934483281542,0.0,4086.156230633557,254.19326737663687,0.0,310.7654749081153,391.0554218069999,0.0,171.08616687216178,2112.307490431953,124.78706552484402,0.0
230,2.9410178029027807,1.400664849056763,0.2491868983455014,0.6169104690879565,0.4536798188276716,2.2661809031544395,2.3003721513037574,5.307517891625008,950.9363832887044,616.612927254302,189.63931367611468,0.0,0.0,0.0,0.0,0.0,0.0,0.0,0.0,0.0,0.0,0.0,0.0,0.0,0.0,0.0,1885.976451581446,2295.9563982005798,3256.3542712974127,255.4918017950313,0.0,653.7784008907174,950.6356952211188,0.0,4515.135934618986,514.9693044564456,0.0,699.331434281423,859.8001368476847,0.0,769.093871928109,2976.3140210681227,658.633506685145,0.0
231,3.2449401795060067,1.5577045224167665,0.3854514787175941,0.5919028702160507,0.4846607200918721,2.128196366852588,1.8979552338978032,5.378733691497758,127.58242810120764,247.93211366265825,25.44621992419838,0.0,0.0,0.0,0.0,0.0,0.0,0.0,0.0,0.0,0.0,0.0,0.0,0.0,0.0,0.0,1473.4284241095374,1744.1174453099432,3440.7182832929043,251.9708664179904,0.0,487.0788590014217,900.8732769901592,0.0,4533.017774257005,646.6697457626767,0.0,880.9175136760747,1105.3187516613232,0.0,1191.017216240705,3564.82006214553,1017.8493045049526,0.0
232,3.747505190626692,1.9437372149746248,0.6324497462881163,0.6849985443053348,0.5937786255973967,2.162681576130198,1.547301247901835,5.661134168031403,0.0,53.33788041913058,0.0,0.0,0.0,0.0,0.0,0.0,0.0,0.0,0.0,0.0,0.0,0.0,0.0,0.0,0.0,0.0,935.6754820960738,1115.6694147570213,3606.168480343375,95.63035429442938,0.0,287.40214767347203,804.2004528375339,0.0,4534.0153407791,844.2137321588973,0.0,1074.8298535592648,1316.5308938676596,0.0,1790.2424682535973,4304.209822072843,1393.2521859915764,0.0
233,4.349910168450797,2.6442042366447684,0.9349157412956662,0.8526320336534514,0.8208797410373059,2.3049852329279563,1.3733680073460175,5.986212627921535,0.0,36.61491247532432,0.0,0.0,0.0,0.0,0.0,0.0,0.0,0.0,0.0,0.0,0.0,0.0,0.0,0.0,0.0,0.0,730.7086912990666,1028.8873631446927,3657.704186081958,293.0958316617773,0.0,273.2928596783929,829.9673732667409,0.0,4819.5950966567525,1359.326614387878,0.0,1253.852586029687,1422.77802698146,0.0,2564.330231406889,4990.251613611487,1598.295333949835,0.0
234,5.130619176089105,3.5912632027867835,1.2623577215680906,1.0931870848059293,1.0703673595684922,2.4454328590330503,1.3065384254961794,6.358546796754339,0.0,23.737469321890835,0.0,0.0,0.0,0.0,0.0,0.0,0.0,0.0,0.0,0.0,0.0,0.0,0.0,0.0,0.0,0.0,626.144711577687,785.4472114935638,3436.9776451002426,283.08832734519814,0.0,250.68058456137624,962.7989109097268,0.0,4870.198800671491,1506.8623826621592,0.0,1420.4234815729872,1549.33744196449,0.0,3085.962307989805,5600.749103160028,1819.9277235178408,0.0
235,5.978719108900636,4.631277723812195,1.579550744991145,1.3630436325516098,1.32064110615608,2.7503144627521072,1.2823833164921878,6.7156228541796406,0.0,10.181043076861569,0.0,0.0,0.0,0.0,0.0,0.0,0.0,0.0,0.0,0.0,0.0,0.0,0.0,0.0,0.0,0.0,547.0511174129513,527.4541368704528,3349.133643160249,315.54936598515,0.0,209.5548770640683,978.818660528964,0.0,4997.272388632226,1660.929255261882,0.0,1426.956565396159,1570.741564107146,0.0,3337.702227703375,5850.753263362888,1950.2799896878976,0.0
236,6.613417595669662,5.487666405300423,1.7804195979468267,1.5303200070355825,1.5398477972776434,3.023825073448526,1.27949297634076,6.948258214342655,0.0,33.223434839696885,0.0,0.0,0.0,0.0,0.0,0.0,0.0,0.0,0.0,0.0,0.0,0.0,0.0,0.0,0.0,0.0,400.40942331733856,96.306749950152,3103.5249254125847,224.74414141912797,0.0,116.96821989516336,975.2549614562204,0.0,4995.646848279029,1845.2235239012152,0.0,1530.7336455023074,1722.0280461686193,0.0,3652.621004224039,6220.580960857605,2049.200591097387,0.0
237,6.910723953209296,6.161641079085398,1.8851997618526304,1.6395420465624224,1.7130041964119582,3.249616169262479,1.365672089072493,6.908355751192483,0.0,284.32026541338604,0.0,0.0,0.0,0.0,0.0,0.0,0.0,0.0,0.0,0.0,0.0,0.0,0.0,0.0,0.0,0.0,523.394137923674,210.8737709843248,3126.3016302110645,188.18913536678292,0.0,209.99028819617183,1050.0539153065822,0.0,4985.773453693859,1724.395464177192,0.0,1517.363814464191,1740.0658470435023,0.0,3382.6804524577537,5979.239558479685,2006.4547022979843,0.0
238,7.1034595357156105,6.719258177916281,1.9467007212351368,1.7407211369555833,1.834052461348956,3.349693440574112,1.5409701496519372,6.630374922834663,0.0,580.7422921275911,0.0,0.0,0.0,0.0,0.0,0.0,0.0,0.0,0.0,0.0,0.0,0.0,0.0,0.0,0.0,0.0,724.1806392037915,410.623119623326,3257.54333267417,196.0489172068087,0.0,289.8596470719696,1100.599150774004,0.0,5003.431719816263,1607.4732734096287,0.0,1386.3743892038735,1668.256331904798,0.0,2963.5161158796946,5508.39644409771,1899.2649660830168,0.0
239,7.164500545126244,6.986206308343856,1.935847719146992,1.742845287127059,1.830142525285712,3.36237766091365,1.6852273523845402,6.205670931872085,0.0,713.3829776269557,0.0,0.0,0.0,0.0,0.0,0.0,0.0,0.0,0.0,0.0,0.0,0.0,0.0,0.0,0.0,0.0,885.2012538452627,539.0947099303569,3448.825879098944,286.3898775067177,0.0,280.6991722555026,1079.157892471037,0.0,5073.154476627306,1626.674103434351,0.0,1150.1858702267446,1537.3485856519585,0.0,2601.5648517352693,4983.304452040779,1747.1206893700223,0.0
240,6.975034087440791,6.953662316093028,1.839688799621248,1.6299640104111484,1.8025697549661093,3.246251581011854,1.7893477473296906,5.679410003284778,0.0,860.0438356799621,0.0,0.0,0.0,0.0,0.0,0.0,0.0,0.0,0.0,0.0,0.0,0.0,0.0,0.0,0.0,0.0,872.8592057951346,473.2859080403607,3648.053475959096,479.4907284639658,0.0,218.41407196729813,1012.41529687774,0.0,5285.644179081356,1869.635061174106,0.0,987.5629732606478,1460.936536328673,0.0,2508.7285782004856,4744.712423878037,1670.755575343007,0.0
241,6.443117690101556,6.689208556718556,1.6700984282904474,1.4773093331077227,1.7399643597465535,2.998621497155222,1.901314571225428,5.031203961918362,0.0,759.7893737604434,0.0,0.0,0.0,0.0,0.0,0.0,0.0,0.0,0.0,0.0,0.0,0.0,0.0,0.0,0.0,0.0,797.9060249519309,358.9177413751965,3783.5643248687607,645.7528713762161,0.0,171.52256068421778,951.1868118172176,0.0,5482.377513051543,2116.5835155488107,0.0,913.2488633140222,1431.4971302167269,0.0,2552.9926475741872,4700.8735049893485,1648.698409595397,0.0
242,5.671615981995372,6.168759961135872,1.4296736384485482,1.3014294397880382,1.5935166505264864,2.628182161794046,2.090386702431657,4.233259041451875,0.0,1029.6431791250918,0.0,0.0,0.0,0.0,0.0,0.0,0.0,0.0,0.0,0.0,0.0,0.0,0.0,0.0,0.0,0.0,711.4497531573076,227.60403980167564,3939.818137422682,837.0984739456279,0.0,143.39028162615307,880.620002442741,0.0,5708.596774229861,2400.802107288069,0.0,827.6932498782919,1397.726579009295,0.0,2603.374571749609,4649.858022351556,1623.3988760403686,0.0
243,4.708619782281279,5.250815125244738,1.1004387687508173,1.0254126754595687,1.2856192619202598,2.2002346288062267,2.301042340066433,3.331374606312284,2.012303741592661,1590.515468933162,0.0,0.0,0.0,0.0,0.0,0.0,0.0,0.0,0.0,0.0,0.0,0.0,0.0,0.0,0.0,0.0,572.7054284315359,54.42494209210587,4208.358163970383,1144.000409725496,0.0,119.87132549249228,751.2631373470455,0.0,6008.302525843237,2803.3370323865115,0.0,679.638071040826,1335.6918496054957,0.0,2542.951529907599,4431.440373382046,1553.7014658658436,0.0
244,3.7274648404707578,4.269072706317948,0.8008376926322033,0.7369609842657692,0.9800644879734172,1.8734453101209003,2.534159764849355,2.5162269924306133,393.0912634056336,1872.7766267334828,112.6608291875547,0.0,0.0,34.25467650387745,41.71116941039429,0.0,122.96434665837798,0.0,0.0,2.169161572804904,37.86994579188561,0.0,0.0,55.31362010652504,4.338323145609808,0.0,762.0866013135427,331.47435952933586,3788.791274055764,815.7894534773408,0.0,130.53549527120708,667.2227329089372,0.0,5187.877484415872,1719.322702119722,0.0,499.4421951899343,994.9480449682438,0.0,1316.3162294536774,3313.2628376417338,1123.2780853088452,0.0
245,2.793009266364903,3.313815653885979,0.526428200317858,0.4940295832560682,0.6868481612053113,1.4840793224874684,2.934359253297795,1.8350885160861077,745.9846411328039,1963.3595366706857,446.7354989808442,0.0,0.0,135.8305287715523,165.39786023237832,0.0,487.5921751812584,0.0,0.0,8.601405515876664,150.16620463134674,0.0,0.0,219.3358406548549,17.202811031753328,0.0,800.9965356488266,370.2019449439599,3463.988312391529,681.2673629546327,0.0,112.28599427975152,572.9212281232935,0.0,4753.440133739194,1429.0198541012237,0.0,425.176498807831,843.7865652016415,0.0,1086.7445645204018,3022.6308525008512,952.9535040847333,0.0
246,2.002274686449864,2.5406752318475667,0.3449301338541961,0.4274405823130634,0.4038774971491046,1.1876119167496837,3.398878145834656,1.446116631341796,2990.144132059912,2859.212998799234,2764.0367719145183,0.0,0.0,775.387614943635,950.1525431568432,0.0,3062.468777775081,0.0,0.0,149.83313671726287,908.724595976194,0.0,102.66995122298046,1492.5980961046782,228.14338606570792,0.0,998.0357217296096,480.43497201510513,1148.969556753159,1.1715311783650375,0.0,0.1930909219281179,0.9852153765045752,0.0,1758.3268963581977,2.457392507871726,0.0,0.7311483739675795,1.4510048811557346,0.0,1.8688039519943545,1137.9521032643418,1.6387321663636274,0.0
