Time,r-biceps,l-biceps,r-lats,l-lats,r-quat,l-quat,r-hamstring,l-hamstring,L1,L2,L3,L4,L5,L6,L7,L8,L9,L10,L11,L12,L13,L14,L15,L16,L17,L18,R1,R2,R3,R4,R5,R6,R7,R8,R9,R10,R11,R12,R13,R14,R15,R16,R17,R18
0,1.0658141036401469e-17,0.0914308818077924,0.0043565194285714,2.4691360067663543e-16,0.9504477787759597,1.0743111165071622,2.201903531186709,0.1055337871226825,58.97571266520056,0.0,1008.153294322563,0.0,0.0,0.0,0.0,0.0,782.2372753285463,0.0,0.0,0.0,0.0,0.0,0.0,0.0,0.0,0.0,598.729321366304,1845.102773387698,5237.201277027596,1076.388558161977,0.0,0.0,9.21848490003717,0.0,5509.093534734447,1632.8641730309134,0.0,0.0,129.66157013860257,0.0,915.1735632169516,2643.882068006034,485.680379862508,0.0
1,1.0658141036401469e-17,0.0462294171938872,3.7165089169440495e-05,2.4691360067663543e-16,1.3934219900172773,0.8449630299221295,1.702579306530496,0.1440227103667779,47.792424619847154,0.0,1451.3811237697882,0.0,0.0,0.0,0.0,0.0,1133.5124857501678,0.0,0.0,0.0,0.0,0.0,0.0,0.0,0.0,0.0,623.450039791369,1617.7114045495878,5314.468107948,1124.4057276392082,0.0,0.0,126.35851548588612,0.0,5666.509804499519,1913.7438894931,0.0,2.319685777586418,298.9365273142226,0.0,1095.0433244758738,2846.3033909872493,564.8997692917661,0.0
2,1.0658141036401469e-17,0.0572327546710965,5.329070518200735e-18,2.4691360067663543e-16,1.8421207188846496,0.7024961758952349,1.2660577757536864,0.1953685195874223,37.24659274480161,0.0,1488.864231349099,0.0,0.0,0.0,0.0,0.0,1172.2565706747805,0.0,0.0,0.0,0.0,0.0,0.0,0.0,0.0,0.0,728.5082632459423,1510.2331374437877,5457.883484317255,1172.7683320825809,0.0,0.0,225.88971981124016,0.0,5755.686351065668,1905.0856761462103,0.0,35.373219276041574,391.7343298233942,0.0,1138.3429767623134,2848.1484374580327,565.3263125036427,0.0
3,1.0658141036401469e-17,0.0701886431362129,5.3290705182007346e-18,2.4691360067663543e-16,2.364974555341832,0.5851623221537919,0.8556482416642702,0.2559977948114778,25.899222495035847,0.0,1135.0438107390266,0.0,0.0,0.0,0.0,0.0,895.4791415542462,0.0,0.0,0.0,0.0,0.0,0.0,0.0,0.0,0.0,827.4690881169888,1580.2592137985098,5406.132861560167,1059.9472399676274,0.0,0.0,295.971750224118,0.0,5671.865475833022,1708.8415384144955,0.0,98.00399339030623,457.85322894249936,0.0,1159.5561764658528,2868.081548743998,573.2094692017621,0.0
4,1.0658141036401469e-17,0.0793944159548176,5.3290705182007346e-18,2.4691360067663543e-16,2.975518008059802,0.4254622836087725,0.553678035775414,0.313820760931297,14.355090741089583,0.0,611.5879801474664,0.0,0.0,0.0,0.0,0.0,483.47171816781287,0.0,0.0,0.0,0.0,0.0,0.0,0.0,0.0,0.0,960.4167646650582,1648.5427779364252,5221.1694661254,892.5496622512889,0.0,0.0,377.49676422109326,0.0,5544.674714311023,1447.83058656855,0.0,285.2538416198162,515.2834279885933,0.0,1200.6604381306745,3017.372365654242,613.8228021327686,0.0
5,1.0658141036401469e-17,0.0795861720000003,5.3290705182007346e-18,2.4691360067663543e-16,3.572613430054789,0.2933122747270132,0.3392653744810384,0.3547480774733292,23.627763308112904,0.0,811.2605882999333,0.0,0.0,0.0,0.0,0.0,651.7247450296492,0.0,0.0,0.0,0.0,0.0,0.0,0.0,0.0,0.0,1084.2607302632962,1766.500260800906,5025.843408230239,695.6741530157791,0.0,2.7669249373518188,484.9300851968858,0.0,5373.355938957826,1184.6915431882037,0.0,410.1620937684093,621.4886221869835,0.0,1203.5537217842982,3156.4545787565794,689.32765038979,0.0
6,1.0658141036401469e-17,0.0795861720000003,5.3290705182007346e-18,2.4691360067663543e-16,4.06622206278026,0.209363276819178,0.2078865889634548,0.3929590408903665,41.20094656121191,0.0,1273.0747165594616,0.0,0.0,0.0,0.0,0.0,1031.6476362494518,0.0,0.0,0.0,0.0,0.0,0.0,0.0,0.0,0.0,1191.453783196711,1894.977311243983,4870.299795395015,547.5245933206199,0.0,45.58756418543745,594.4917203272348,0.0,5212.275555926982,1011.9975885735944,0.0,496.54935614795545,752.3099791973475,0.0,1194.5217271569095,3276.276290696804,761.6254792278704,0.0
7,1.0658141036401469e-17,0.0795861720000003,5.3290705182007346e-18,2.4691360067663543e-16,4.535637655640196,0.1447115659534922,0.1352063817920137,0.426897206416098,47.47440321350852,0.0,1483.1428098245294,0.0,0.0,0.0,0.0,0.0,1135.719617576195,0.0,0.0,0.0,0.0,0.0,0.0,0.0,0.0,0.0,909.045010642064,1428.008669712566,3508.288646875032,357.03448861448067,0.0,69.21475404834193,475.6751241805852,0.0,3754.424480634369,704.1985026795969,0.0,386.8684000095849,607.7394690955515,0.0,864.9533150780006,2426.629257143027,577.8878517970476,0.0
8,0.0003540238325581,0.0746577091658112,5.3290705182007346e-18,0.0003664840816674,4.994216497265603,0.071809673621266,0.0659312965076408,0.4391690877883425,40.042745264448016,0.0,1353.8414916834024,0.0,0.0,0.0,0.0,0.0,881.9163368593767,0.0,0.0,0.0,0.0,0.0,0.0,0.0,0.0,0.0,875.8460985354441,1172.8458289348644,2900.864470677847,270.2939099784082,0.0,130.6461210863717,541.3963560995387,0.0,3125.2642965325203,578.5399108511414,0.0,396.38447772311184,673.9099898015379,0.0,750.4580730525398,2130.5651351929773,546.9980086620673,0.0
9,0.0201234570657807,0.0648576932890367,5.329070518200735e-18,0.0042420259136215,5.284890780956813,0.0106547060970131,0.0372861722392023,0.4266287556199349,31.463527357621384,0.0,1348.24271533613,0.0,0.0,0.0,0.0,0.0,792.1024064987781,0.0,0.0,0.0,0.0,0.0,0.0,0.0,0.0,0.0,1440.6303407082407,1603.825778716532,4003.218954518181,326.53152020484094,0.0,317.25351081594613,1023.126851264916,0.0,4351.619343268158,791.2418828867851,0.0,689.1969384397681,1249.082642629913,0.0,1100.723564667542,3170.7471342789645,883.5277464632775,0.0
10,0.0563103105983086,0.0571969239667775,5.3290705182007346e-18,0.0086772081528241,5.404212873320752,3.1405988920596338e-15,0.0243123497016002,0.4123331557475099,21.41678264399826,0.0,1551.913376091813,0.0,0.0,0.0,0.0,0.0,1031.961474514664,0.0,0.0,0.0,0.0,0.0,0.0,0.0,0.0,0.0,2206.4609651403243,1847.3084722805868,4487.434026467047,232.96688770023005,0.0,671.3295520212343,1537.8875954112389,0.0,4888.466426521179,781.271394909343,0.0,797.965730657189,1762.6081812095356,0.0,1061.0209578279355,3534.9226733902656,1111.7233938267295,0.0
11,0.0951943562790697,0.0497083067641196,5.329070518200735e-18,0.0130127233754155,5.3944943609552665,3.1405988920596338e-15,0.0163486855016606,0.3972074839576624,13.533694639548727,0.0,1699.955736767065,0.0,0.0,0.0,0.0,0.0,1191.2845533861205,0.0,0.0,0.0,0.0,0.0,0.0,0.0,0.0,0.0,2603.6962971267403,1943.910479297728,4239.740739337577,77.60072209698292,0.0,876.1590789784193,1675.1967478574757,0.0,4582.390332481499,336.7551917150548,0.0,681.2453471515811,1793.698373348859,0.0,442.4932216426024,3182.929808535942,1046.4168015121877,0.0
12,0.1410675421395346,0.0409285486644518,5.3290705182007346e-18,0.0180957412225916,5.278318374804438,3.1405988920596338e-15,0.0090392218205974,0.3648509457942465,84.96115133291838,0.0,2122.449009840532,0.0,0.0,0.0,0.0,0.0,1619.7768224842137,0.0,0.0,0.0,0.0,0.0,0.0,0.0,0.0,0.0,2755.315880805136,2055.0110851091613,3953.603048052121,0.075163237318092,0.0,944.7913664918364,1639.9074225909308,0.0,4223.404167453715,0.3261775110977011,0.0,551.099444514263,1651.038416784786,0.0,0.428594246692752,2825.845967851205,907.0383333605912,0.0
13,0.1900888878139531,0.0315462581461794,5.3290705182007346e-18,0.0235275936279072,5.060689832581001,3.1405988920596338e-15,0.0016227108215277,0.3137185239883062,1075.233388441743,0.0,2474.600261637716,0.0,0.0,0.0,0.0,0.0,2041.0372589832584,0.0,0.0,0.0,0.0,0.0,0.0,117.27592277713292,0.0,0.0,2917.02977742421,2213.5214524019293,3551.216191499155,0.0,0.0,1006.1301097234324,1538.1206371418614,0.0,3694.030991439259,0.0,0.0,363.2504604969368,1401.7154473498597,0.0,0.0,2307.651141565059,677.1675506497794,0.0
14,0.2372384854187854,0.0264890369084869,5.3290705182007346e-18,0.0285527506909094,4.723823984694659,3.1405988920596346e-15,-4.671818487622668e-16,0.2663461515066147,1753.4335491726442,134.40776258647296,2617.089601276394,0.0,0.0,0.0,21.670816793833502,0.0,2127.31964981016,0.0,0.0,0.0,0.0,0.0,0.0,277.5701253670559,0.0,0.0,2908.786510025749,2166.380031003582,3407.5799321947397,0.0,0.0,961.1244733885078,1377.1319780845956,0.0,3376.2094262648475,0.0,0.0,260.59061513012125,1207.8129881934487,0.0,0.0,1978.6769035943664,464.39980746020416,0.0
15,0.2662403810876562,0.027768384,5.329070518200733e-18,0.0299997720000003,4.385624557623058,0.0048628696912885,0.0017986158193197,0.2268485134385386,2337.199594594699,1538.9138610196978,2782.561942043288,0.0,0.0,0.0,253.92997368417176,0.0,2226.2739279474245,0.0,0.0,0.0,0.0,0.0,0.0,431.7494548345599,0.0,0.0,2342.3545889536977,1413.9556819076222,3288.3658771720216,0.0,0.0,564.2097514223326,886.4764213618771,0.0,2993.7072591001074,0.0,0.0,21.35595130676493,652.3837748443743,0.0,0.0,1428.0928180629403,37.19021178136249,0.0
16,0.2705587715318632,0.027768384,5.3290705182007346e-18,0.0299997720000003,4.115468945595899,0.0239026366427092,0.026834651570522,0.1878917392905471,2402.836404411271,1789.383180220578,2953.762478174009,9.870490660578447,0.0,0.0,332.5842249407518,0.0,2464.9909380595486,0.0,0.0,0.0,10.277140088542357,0.0,0.0,559.2487896422825,0.0,0.0,1747.9616376467036,686.1804091328786,3202.7488339672764,0.0,0.0,190.07526408647456,417.1689872406041,0.0,2695.0411681050464,0.0,0.0,0.0,175.47839507396068,0.0,0.0,910.3790822544772,0.0,0.0
17,0.2707417439999997,0.027768384,5.3290705182007346e-18,0.0299997720000003,3.833822283612765,0.0676191450785413,0.0942868098418599,0.146569260299801,2401.090537650251,1845.0882375195245,3039.9288992160173,32.38259806645183,0.0,0.0,359.0825397578508,0.0,2595.437789966675,0.0,0.0,0.0,33.71671259353411,0.0,0.0,623.0184262670884,0.0,0.0,1446.6588844453377,368.1823648320475,3150.5501400280427,0.0,0.0,36.90610816932218,187.16669143013397,0.0,2552.3897476748352,0.0,0.0,0.0,0.0,0.0,0.0,616.8592365443851,0.0,0.0
18,0.2707399593289034,0.0277506745714286,0.0009460644443521,0.0298925887724255,3.5191424836046603,0.1647186041187738,0.220894696218438,0.1141897604975089,2427.4409193064835,2176.0357839620897,3307.4662980288936,201.90882620733277,0.0,0.0,522.648996812833,0.0,3094.4623754925583,0.0,0.0,0.0,327.3787138626112,0.0,0.0,1068.2048317666172,85.09631510147004,0.0,1186.914783442856,88.52089388937515,2784.2581489608388,0.0,0.0,8.873216093923045,44.99988161918116,0.0,2085.48258830804,0.0,0.0,0.0,0.0,0.0,0.0,148.30946899842806,0.0,0.0
19,0.252399997384537,0.0246729406245847,0.0031926393089701,0.0260567471362129,3.1479250610631326,0.3012642826951998,0.3942807492243927,0.0889716944715361,2513.286769864022,2511.395168415273,3359.7895100289297,243.10611585465347,0.0,0.0,674.4339835473386,0.0,3272.9006861429143,0.0,0.0,0.0,529.0807243982701,0.0,0.0,1417.2104899710705,194.8025136341278,0.0,1075.996032733817,0.0,2647.155000887305,0.0,0.0,0.0,0.0,0.0,1885.2028963067864,0.0,0.0,0.0,0.0,0.0,0.0,0.0,0.0,0.0
20,0.2069198385881024,0.0195067296478405,0.0055451103787375,0.0204753942059802,2.83286887174501,0.5098295978682408,0.6018046613324135,0.0646649488106319,2718.832595836453,3013.087080950228,3349.431034113434,203.36236261980952,0.0,0.0,712.8466874321424,0.0,3192.613936899026,0.0,0.0,0.0,573.857442454825,0.0,0.0,1427.8557861762993,203.3826776946296,0.0,947.3151370795424,0.0,2551.4360133501787,0.0,0.0,0.0,0.0,0.0,1647.4993118631644,0.0,0.0,0.0,0.0,0.0,0.0,0.0,0.0,0.0
21,0.1647536969302325,0.0151708025780731,0.0075195057408637,0.0157910444252493,2.601513751285968,0.7912347073822246,0.7836561969995943,0.0455955004132575,3345.2862302024328,4410.405513796715,3279.5045402472065,64.64776905674427,0.0,0.0,897.8052310157082,0.0,2954.0680845444926,0.0,0.0,0.0,711.1187027013813,0.0,0.0,1518.941286396372,270.25076721283585,0.0,689.0349566246684,0.0,2287.9998194291484,0.0,0.0,0.0,0.0,0.0,976.0322174001236,0.0,0.0,0.0,0.0,0.0,0.0,0.0,0.0,0.0
22,0.1220286708837208,0.0107887486245847,0.0095149053089701,0.0110568611362128,2.3496031795836205,1.1576263575149528,0.9560400388615716,0.0284269733953494,3640.183626352809,4967.503962549645,3164.610624987184,0.0,0.0,23.9433582848103,1075.070406603911,0.0,2815.7273211617985,0.0,0.0,34.9966007069491,837.86044066833,0.0,0.0,1674.4432309218464,345.73985907673705,0.0,654.2654051619061,0.0,2143.2271766697386,0.0,0.0,0.0,0.0,0.0,590.3434540798195,0.0,0.0,0.0,0.0,0.0,0.0,0.0,0.0,0.0
23,0.0748062736744185,0.0059454258338871,0.0117154047707641,0.0058243427641198,2.092456378069974,1.6773430277717445,1.096476354768027,0.0134418196802819,3903.2426371028328,5000.67587169119,3054.587516925184,0.0,0.0,175.61178063546745,1359.8024317321433,0.0,2727.1958389750616,0.0,0.0,223.4610104953824,1103.0467981277716,0.0,0.0,2023.8734935701984,477.169845971983,0.0,486.8713969743834,0.0,2024.8857822712737,0.0,0.0,0.0,0.0,0.0,486.7861334909481,0.0,0.0,0.0,0.0,0.0,0.0,0.0,0.0,0.0
24,0.0299546032913418,0.0014297652944607,0.012644532,0.0011053978205982,1.8967041073884428,2.256501869254325,1.173008300411959,0.0028140592986649,3528.464152236947,4165.603202308017,2733.289062074907,0.0,0.0,110.48874548523486,1270.588715409011,0.0,2486.7157474556684,0.0,0.0,231.69322444387177,1020.1364809423966,0.0,0.0,1891.658939844887,443.72296993177184,0.0,413.6402905769161,0.0,1957.533525046196,0.0,0.0,0.0,0.0,0.0,468.6957194378309,0.0,0.0,0.0,0.0,0.0,0.0,0.0,0.0,0.0
25,0.0045143829726761,1.2256862191861756e-16,0.012644532,2.4691360067663543e-16,1.677104705209585,2.8811746541221828,1.2143504108815504,5.933031843596829e-16,2385.7249461895053,2620.753805856731,1883.631793736044,0.0,0.0,32.70714687087873,888.1938296876789,0.0,1778.178845567713,0.0,0.0,149.84953702013485,690.1482289203598,0.0,0.0,1295.220366765849,304.70807278702205,0.0,347.6998790670186,0.0,1906.249721808288,0.0,0.0,0.0,0.0,0.0,476.9539316076648,0.0,0.0,0.0,0.0,0.0,0.0,0.0,0.0,0.0
26,0.0001980679844961,1.2256862191861756e-16,0.012644532,2.4691360067663543e-16,1.405051587191595,3.543044911550394,1.2098356138826132,5.933031843596829e-16,1585.332555388918,1634.857192404638,1200.6069334638355,0.0,0.0,49.10253781490409,602.4650230693304,0.0,1143.6423934313211,0.0,0.0,110.25511962526453,468.2404337873088,0.0,0.0,866.4421150958874,212.7118569101749,0.0,334.15204665676333,0.0,1977.634274468888,0.0,0.0,0.0,0.0,0.0,755.0226222407474,0.0,0.0,0.0,0.0,0.0,0.0,0.0,0.0,0.0
27,1.4210854715202038e-17,1.2256862191861756e-16,0.0126435984797342,2.4691360067663543e-16,1.1274661481594797,4.134656842296351,1.1471051448159448,5.933031843596829e-16,2996.8136697149207,2405.0134721168392,1941.024071977564,0.0,0.0,268.8697880436744,1217.5530407183674,0.0,1917.9786801794544,0.0,0.0,277.1475478754704,947.2614938728276,0.0,0.0,1674.705498928581,467.8045301102195,0.0,417.0839052226783,0.0,2182.1593476651624,0.0,0.0,0.0,0.0,0.0,1512.6172555065707,0.0,0.0,0.0,0.0,0.0,0.0,0.0,0.0,0.0
28,1.4210854715202038e-17,1.2256862191861756e-16,0.0115103048770764,2.4691360067663543e-16,0.8913029746234244,4.622227334122343,1.0206118599632574,5.933031843596829e-16,4321.374695971465,2725.9491246612592,2473.3820970180736,0.0,0.0,516.4011145909421,1814.1454222238524,0.0,2577.662931304711,0.0,0.0,429.6044530008671,1450.9615293712604,0.0,6.912416120912257,2378.0092260043243,664.8576076507529,0.0,608.7116971968884,8.727417361559512,2197.301548708485,0.0,0.0,0.0,0.0,0.0,1641.6592469172529,0.0,0.0,0.0,0.0,0.0,0.0,0.0,0.0,0.0
29,1.4210854715202038e-17,1.2256862191861756e-16,0.0093468716611295,2.4691360067663543e-16,0.6988767155604516,5.007564323983904,0.8510960496102714,5.933031843596829e-16,4412.914939881995,2128.505446106508,2255.928174316484,0.0,0.0,595.9812734210801,1893.023234177857,0.0,2491.996260817731,0.0,0.0,387.4563605520086,1468.278812474486,0.0,2.030170800928261,2178.9958321946065,631.337454908191,0.0,736.7345720013753,57.91884193335914,2159.971077714345,0.0,0.0,0.0,0.0,0.0,1695.7306030920763,0.0,0.0,0.0,0.0,0.0,0.0,33.4249697168318,0.0,0.0
30,1.4210854715202038e-17,1.2256862191861756e-16,0.0071834384451827,2.4691360067663543e-16,0.4974800075646006,5.213983940948997,0.6600168361266341,5.933031843596829e-16,2658.611121002837,1162.681641389106,1335.4052114939657,0.0,0.0,357.506532245252,1149.3752540193057,0.0,1493.086722628041,0.0,0.0,208.4830249195217,874.4900251020547,0.0,0.0,1247.0386163180915,368.52879387085903,0.0,707.7220768890709,34.33792565739543,2168.827735344568,0.0,0.0,0.0,0.0,0.0,1839.4430144476437,0.0,0.0,0.0,0.0,0.0,0.0,214.7077302516354,0.0,0.0
31,1.4210854715202038e-17,1.2256862191861756e-16,0.0051670346710963,2.4691360067663543e-16,0.3490078085182847,5.23723744516678,0.474627713560133,5.933031843596829e-16,1896.7314993634773,667.2681676209352,1132.4169847031235,0.0,0.0,181.9517771579626,786.0343265658013,0.0,1263.623793250753,0.0,0.0,54.96867142780025,585.3678242655916,0.0,0.0,809.5516080219156,224.6580310725057,0.0,693.0241200065476,35.41037893068896,2232.350531522085,0.0,0.0,0.0,0.0,0.0,2006.5560206452249,0.0,0.0,0.0,0.0,0.0,0.0,350.5675864149049,0.0,0.0
32,1.4210854715202038e-17,1.2256862191861756e-16,0.0031086224850498,2.4691360067663543e-16,0.256482429158916,5.112991665033288,0.2965466427026891,5.933031843596829e-16,3749.9247241291328,1065.4088319749303,2664.037848142992,9.908613250344022,0.0,125.1061317587918,1446.6095411287793,0.0,2961.255905297977,0.0,0.0,0.2418288629358088,1050.944857540272,0.0,0.0,1473.819871938009,341.782231346373,0.0,683.9895527978382,103.37206020954449,2532.566881447193,0.0,0.0,0.5278260461635367,0.0,0.0,2461.1999898898225,0.0,0.0,0.0,0.0,0.0,0.0,668.1487637194136,0.0,0.0
33,1.4210854715202038e-17,1.2256862191861756e-16,0.0009477097738206,2.4691360067663543e-16,0.1890276894323047,4.765903824433758,0.1586230551843182,5.933031843596829e-16,3304.9963520175334,801.9436119387583,2799.348202006895,175.40328881474466,0.0,0.0,714.1785299377691,0.0,3094.1193331532004,0.0,0.0,0.0,511.8051874200303,0.0,0.0,747.7162444602769,144.80208664359662,0.0,848.4126113847663,938.470220876826,2867.025218221081,0.0,0.0,64.83113362051648,0.0,0.0,2529.4890955122373,0.0,0.0,0.0,0.0,0.0,0.0,966.3350395604808,0.0,0.0
34,1.4210854715202038e-17,1.2256862191861756e-16,5.3290705182007346e-18,2.4691360067663543e-16,0.1621239638811926,4.268350070706282,0.0813956185303883,5.933031843596829e-16,2576.690881577193,465.1811006612821,2910.596262544277,213.46759188919853,0.0,0.0,0.0,0.0,3101.4838787837093,0.0,0.0,0.0,0.0,0.0,0.0,0.0,0.0,0.0,1101.6197907475062,1969.2722114374055,3513.62652968597,0.0,0.0,87.81007269214487,0.0,0.0,2916.7586453210697,0.0,0.0,0.0,0.0,0.0,0.0,1163.4460010924558,0.0,0.0
35,1.4210854715202038e-17,1.2256862191861756e-16,5.3290705182007346e-18,2.4691360067663543e-16,0.201628670433602,3.6956801052842394,0.0383069748972917,5.933031843596829e-16,1691.503915279892,127.13356319217814,2998.6243787548688,287.718844579063,0.0,0.0,0.0,0.0,2991.1441254687,0.0,0.0,0.0,0.0,0.0,0.0,0.0,0.0,0.0,1091.6296818442336,2025.2662436458731,4141.478051582236,0.0,0.0,49.937064426735205,0.0,0.0,3717.915303988516,0.0,0.0,0.0,0.0,0.0,0.0,1470.1951325969524,65.90927500202665,0.0
36,1.4210854715202038e-17,0.0014420401481854,5.3290705182007346e-18,2.4691360067663543e-16,0.3671868879235375,3.066899397705016,0.0153914438746308,0.0024324005047332,553.0454768745758,0.0,2806.302070826568,190.45835072909227,0.0,0.0,0.0,0.0,2714.3014329060406,0.0,0.0,0.0,0.0,0.0,0.0,0.0,0.0,0.0,891.1567908711693,1559.1967140856952,4351.266218718041,0.0,0.0,76.12295356653453,32.56959136462336,0.0,4370.873083130276,300.432061368367,0.0,0.0,130.769882112397,0.0,166.1540381033547,2106.1283769209176,403.0316717439389,0.0
37,1.4210854715202038e-17,0.0258409392159469,5.3290705182007346e-18,2.4691360067663543e-16,0.6460673784623928,2.4046801287355937,0.0062063592839545,0.0275073697955839,318.0188922777662,0.0,2321.2976705930155,55.03341726819634,0.0,0.0,0.0,0.0,2202.0120579593317,0.0,0.0,0.0,0.0,0.0,0.0,0.0,0.0,0.0,733.2921315562609,1406.396612763749,4518.013742122608,181.56848414106744,0.0,105.1805812289824,95.89837956358,0.0,4816.758832485049,696.6589035002698,0.0,59.88088354305802,292.8371813579468,0.0,632.5057968903276,2633.632223392091,601.1569797506193,0.0
38,1.4210854715202038e-17,0.0588644931827244,5.3290705182007346e-18,0.0006881733191251,0.9520096759185236,1.773168479282396,0.0246920565501151,0.0678962862127506,133.6816556689613,0.0,975.8116395434048,0.2077583720617667,0.0,0.0,0.0,0.0,925.6347018612998,0.0,0.0,0.0,0.0,0.0,0.0,0.0,0.0,0.0,586.8068327143034,1357.0868018666883,4656.639635660254,369.6694165297714,0.0,134.93973201032267,133.85230444948974,0.0,5197.482524197174,1026.3757181727933,0.0,134.3544472115507,425.0900937828102,0.0,1036.2584581099663,3099.47055365879,794.7459507210103,0.0
39,0.0205644093569918,0.0905568634747813,5.3290705182007346e-18,0.0046286568103294,1.2998459610081676,1.294077891544552,0.0493924199800656,0.1402090467009973,10.031741945160496,0.0,398.06823268735263,0.0,0.0,0.0,0.0,0.0,365.1173461429049,0.0,0.0,0.0,0.0,0.0,0.0,0.0,0.0,0.0,515.1861703591346,2018.6156963378735,5008.022585281164,509.1867719347443,0.0,162.43532104395766,37.42606406509381,0.0,5381.673634744089,1269.1684679194666,0.0,99.07628947084292,316.7691752905063,0.0,1263.099248803709,3167.9629513738414,829.7803992034227,0.0
40,0.1165428664983388,0.1291939880531565,5.3290705182007346e-18,0.0513973485612666,1.702010897023268,0.928203609453199,0.0744936089888598,0.2810619397451639,19.35593537721566,0.0,1478.8184843911372,0.0,0.0,0.0,0.0,0.0,1340.4178455591118,0.0,0.0,0.0,0.0,0.0,0.0,0.0,0.0,0.0,667.1888841272049,2370.3650157093407,4789.733912901002,320.0188739026914,0.0,190.74772077949623,249.5071030968624,0.0,5149.770950320559,1120.3775348214049,0.0,369.84025892543787,609.2116723892207,0.0,1534.2256451499409,3699.102941494935,1174.5796813235036,0.0
41,0.2312044150963453,0.1731397291295682,5.3290705182007346e-18,0.1219734833621265,2.154886858635504,0.5942291599170105,0.1091699783521586,0.46014614180731,29.86778808740044,0.0,1294.616247151307,0.0,0.0,0.0,0.0,0.0,1000.702661102377,0.0,0.0,0.0,0.0,0.0,0.0,0.0,0.0,0.0,1231.7987952579454,3227.3168102418163,4209.845428599051,51.70054556444537,0.0,508.8513258940048,760.362693222011,0.0,4471.50189849351,533.2354484464547,0.0,953.2713857967914,1155.922094799053,0.0,1578.8849005254203,4372.286893917866,1589.8579383167994,0.0
42,0.3414559041328899,0.2141525925499398,5.3290705182007346e-18,0.1898458979800666,2.5685674407851966,0.3399087257329534,0.144135803601328,0.6311371678295052,40.77527438045232,0.0,1240.9797043465633,0.0,0.0,0.0,0.0,0.0,867.2961622372006,0.0,0.0,0.0,0.0,0.0,0.0,0.0,0.0,0.0,1700.2069722781464,3810.548688239156,3864.222708531676,0.0,0.0,796.0765489662749,1103.489782770895,0.0,4004.4121538617474,160.34983127958787,0.0,1200.9608421009027,1407.4704889909003,0.0,1321.3481809976076,4442.843484953551,1635.8611284515655,0.0
43,0.4483998484983383,0.2321298357009965,5.3290705182007346e-18,0.2556821401594685,2.9765507230907757,0.1901041920550211,0.1733223421674407,0.7791344645740871,63.87409522872462,0.0,1232.7900202360158,0.0,0.0,0.0,0.0,0.0,800.6974517691534,0.0,0.0,0.0,0.0,0.0,0.0,0.0,0.0,0.0,1943.704570742293,4085.531624218772,3721.182416052061,0.0,0.0,930.1527115260868,1279.3078401775688,0.0,3782.6372355106537,33.07348964051155,0.0,1254.1688597294262,1501.5485198788072,0.0,1147.2430968266333,4368.354615118888,1596.283542603771,0.0
44,0.5619588822059793,0.2429470017807305,5.3290705182007346e-18,0.325000744480161,3.451671165397366,0.1013372356364366,0.1908051755308706,0.9230816235190882,76.77227991293857,0.0,1196.411109734191,0.0,0.0,0.0,0.0,0.0,756.1196748023203,0.0,0.0,0.0,0.0,0.0,0.0,0.0,0.0,0.0,2059.572872543732,4237.862274140271,3628.239466352956,0.0,0.0,995.0087506673444,1363.7322947943123,0.0,3663.6024770252375,0.0,0.0,1272.7554191668012,1546.1673494694287,0.0,1086.6857653538386,4353.474795878072,1577.415693859071,0.0
45,0.6524805668597998,0.2525360670378734,5.329070518200735e-18,0.3881668969754163,3.886079962835892,0.0452168662006695,0.2002203283455136,1.026355140435881,65.48741119582635,0.0,1074.568801313534,0.0,0.0,0.0,0.0,0.0,697.0905825914867,0.0,0.0,0.0,0.0,0.0,0.0,0.0,0.0,0.0,2285.461722729464,4139.62575455867,3342.916993537484,0.0,0.0,1102.32810425691,1643.4918368116132,0.0,3425.0828705454305,0.0,0.0,1417.5050529795822,1850.1647254294533,0.0,1069.14945525879,4539.995969448377,1625.0971115753775,0.0
46,0.6637139639999992,0.2532330384365835,5.3290705182007346e-18,0.4085652386124694,4.226563490940796,0.0121121185819868,0.208576352229039,1.0634040090240382,60.13999338900384,0.0,1170.65186523955,0.0,0.0,0.0,0.0,0.0,790.4680522528377,0.0,0.0,0.0,0.0,0.0,0.0,0.0,0.0,0.0,2508.469915774718,3602.4061456296417,3059.355460063389,0.0,0.0,1158.4349248323786,2079.755724503236,0.0,3270.1396332195527,0.0,0.0,1692.298562757532,2392.311316786547,0.0,1147.577829196637,4925.209615104232,1827.6223030232863,0.0
47,0.6637139639999992,0.2333003053754152,5.3290705182007346e-18,0.4085919360000012,4.470431497678416,0.0005889414617991,0.2071396697890351,1.0646766781714296,57.2581334779464,0.0,1253.0597408386698,0.0,0.0,0.0,0.0,0.0,866.7371115395308,0.0,0.0,0.0,0.0,0.0,0.0,0.0,0.0,0.0,2509.9429578123227,3405.0375908893766,2930.696500886082,0.0,0.0,1139.995981598191,2141.293489072297,0.0,3157.950697447028,0.0,0.0,1736.96881621807,2469.7490069927776,0.0,1131.1122086160387,4863.994254423333,1839.795818628574,0.0
48,0.6637139639999992,0.2059923665182728,5.3290705182007346e-18,0.4083888774357949,4.723554462461083,5.131894909027321e-15,0.1933884283247136,1.064279947577352,60.03743924359904,0.0,1276.001347602489,0.0,0.0,0.0,0.0,0.0,880.0251533066747,0.0,0.0,0.0,0.0,0.0,0.0,0.0,0.0,0.0,2404.2142195437978,3229.941327653261,2761.981128993594,0.0,0.0,1089.5902291027749,2041.205590316309,0.0,2961.0475735880987,0.0,0.0,1624.1026891785789,2353.955563821416,0.0,1016.1903820457392,4583.202144111184,1750.5126766065137,0.0
49,0.6495759325670674,0.1704506630849263,5.3290705182007346e-18,0.4049857892560221,4.9953562400986415,5.13189490902732e-15,0.1662169899468433,1.0275250100718454,72.99301964985277,0.0,1382.9423811334,0.0,0.0,0.0,0.0,0.0,941.9666264916036,0.0,0.0,0.0,0.0,0.0,0.0,0.0,0.0,0.0,2028.4128552956795,2543.0305697515314,2070.025101234735,0.0,0.0,905.5789451988198,1665.2955417068913,0.0,2130.9146920835565,0.0,0.0,1141.9804172002,1918.4222799228503,0.0,470.5221278702983,3430.3973383790862,1409.1538909251412,0.0
50,0.5471710975016605,0.1251842439468442,5.3290705182007346e-18,0.3571945874387334,5.211100768453405,5.131894909027319e-15,0.136000659011139,0.9161253753957412,329.3613425869348,0.0,1695.8102283935982,0.0,0.0,0.0,0.0,0.0,1228.0317100936295,0.0,0.0,0.0,0.0,0.0,0.0,0.0,0.0,0.0,2880.9631255677727,3505.4335432415623,2720.5166463444616,0.0,0.0,1264.8652735415092,2292.072209843946,0.0,2695.280681864401,0.0,0.0,1424.189123232367,2628.83273467072,0.0,353.98629813610194,4470.70146009656,1917.1407830793369,0.0
51,0.432509548903654,0.081238502870432,5.3290705182007346e-18,0.2866184526378735,5.336426249012742,5.13189490902732e-15,0.1013242896478402,0.8007546664900651,331.31753262826953,0.0,1132.2899778207625,0.0,0.0,0.0,0.0,0.0,839.2795870552047,0.0,0.0,0.0,0.0,0.0,0.0,0.0,0.0,0.0,3221.530387888717,3973.235185887475,2708.121573921883,0.0,0.0,1327.178444213077,2207.707698396768,0.0,2316.1237956669497,0.0,0.0,1126.245491427551,2371.51609180468,0.0,55.31841931768928,3865.581547223152,1691.2178841153936,0.0
52,0.3233605747574747,0.0405000127245414,5.3290705182007346e-18,0.2194247621661131,5.441718132793022,5.131894909027321e-15,0.0667081226511621,0.6940223348796762,1423.3335862293834,0.0,2473.7303296914465,0.0,0.0,0.0,0.0,0.0,1862.379315165033,0.0,0.0,0.0,0.0,0.0,0.0,3.602038181860015,0.0,0.0,3421.160130381601,3735.6773339649208,2545.649071578005,0.0,0.0,1155.5695132111937,1878.88096285506,0.0,1732.4994810707042,0.0,0.0,590.1861154575811,1834.472885313444,0.0,0.0,2691.7890970205667,1117.1311553100636,0.0
53,0.2186216601727573,0.0225634593887043,5.3290705182007346e-18,0.15494596827907,5.482048238275694,5.13189490902732e-15,0.0378525545617998,0.6026268744937292,1805.4136444150392,32.637550014807644,2563.743188005194,0.0,0.0,0.0,8.901150004038449,0.0,2038.3536397546088,0.0,0.0,0.0,0.0,0.0,0.0,37.26474395232564,0.0,0.0,3366.349646984901,3287.941709094168,2273.292887870471,0.0,0.0,836.838824374412,1575.4294898634598,0.0,1161.6431419896696,0.0,0.0,141.99397980911536,1440.6287441629,0.0,0.0,1978.9330106512343,694.0070006478127,0.0
54,0.1083701711362126,0.0120613563986712,5.3290705182007346e-18,0.0875628281063124,5.3703362300520014,5.131894909027319e-15,0.0203552317357817,0.5349103101645499,2238.6149836137733,508.14112851422,2669.189826530787,0.0,0.0,0.0,146.94928589425928,0.0,2254.760678872597,0.0,0.0,0.0,17.10655354195605,0.0,0.0,201.92879836911084,0.0,0.0,3071.122753871759,2609.2791022245547,2069.274593584962,0.0,0.0,611.3164179310247,1284.8093837597248,0.0,864.2344022484945,0.0,0.0,13.176860023618516,1107.8513740478904,0.0,0.0,1605.2012208035055,444.3767337814272,0.0
55,0.0145089641661129,0.0022507962981729,5.3290705182007346e-18,0.0234154853945185,5.171821673785735,5.13189490902732e-15,0.0123256078430224,0.5042495345506648,3008.562540585457,1506.1917044128995,2685.5564574403293,0.0,0.0,0.0,475.7665682862453,0.0,2517.9296737321624,0.0,0.0,0.0,222.3414400107124,0.0,0.0,562.2798059374543,0.0,0.0,2674.8422332952277,2038.6616934664264,1917.585367537759,0.0,0.0,405.7272521845976,989.3297625787972,0.0,629.8062467977699,0.0,0.0,0.0,782.4823517096978,0.0,0.0,1263.357513915552,206.2269077787763,0.0
56,-8.348877145181154e-17,1.7408297026122448e-16,5.3290705182007346e-18,0.0106576410192976,4.944963799586643,0.0018991412440851,0.022569049995051,0.5266275119185698,3088.571531095365,1784.0886413294706,2852.383068029976,42.65017682686949,0.0,0.0,512.3332316798635,0.0,2764.8125446360614,0.0,0.0,0.0,215.22619556216384,0.0,0.0,646.7865462510805,0.0,0.0,2533.8017878123264,1839.1440004787175,1851.8722053000529,0.0,0.0,315.8435166939418,871.3083079500788,0.0,537.3526448867952,0.0,0.0,0.0,646.269187123564,0.0,0.0,1111.7496267103068,118.37611738270392,0.0
57,-8.348877145181153e-17,1.7408297026122448e-16,5.3290705182007346e-18,0.0385917277873757,4.659378142522835,0.034335626815882,0.0681180200426639,0.5508108149837395,2685.688040913215,1652.917312372314,3245.204174824907,289.3476130017174,0.0,0.0,398.4342830025408,0.0,3066.8211017125614,0.0,0.0,0.0,119.19685738091104,0.0,0.0,629.3476868406389,0.1273356204682468,0.0,2212.8233413814114,1322.6939785969844,1549.483285730663,0.0,0.0,124.42654015558648,702.3439351765797,0.0,286.0901473131772,0.0,0.0,0.0,439.1447273734596,0.0,0.0,816.0562058443145,23.46415811788346,0.0
58,-8.348877145181154e-17,1.7408297026122448e-16,5.329070518200735e-18,0.066191254445183,4.280258181193375,0.1251503626524968,0.1630753190139526,0.5546750079627921,2744.585919511452,2301.9121012564096,3096.827895738716,131.53318752825044,0.0,0.0,571.9559689753888,0.0,2952.42334929474,0.0,0.0,0.0,358.2016740130804,0.0,0.0,1008.1962833530632,39.32846710478737,0.0,1840.486079893348,724.2926670645024,933.5017948275909,0.0,0.0,0.0,491.4474829289453,0.0,0.0,0.0,0.0,0.0,184.041211935351,0.0,0.0,458.2932325306601,0.0,0.0
59,-8.348877145181154e-17,1.7408297026122448e-16,0.0009563532693402,0.093520197508306,3.873995467490053,0.2604964865595685,0.3224490539950158,0.5537704778158525,3437.875,3753.625,2683.125,0.0,0.0,9.375,927.125,0.0,2539.125,0.0,0.0,0.0,708.375,0.0,0.0,1478.25,286.875,0.0,1741.6946657244282,664.1757572218587,673.696016173681,0.0,0.0,0.0,387.3357212092529,0.0,0.0,0.0,0.0,0.0,63.9262437729037,0.0,0.0,286.8726781935178,0.0,0.0
60,-8.348877145181154e-17,1.7408297026122448e-16,0.0163190325049834,0.1213903077607977,3.4236978600644834,0.4484583395600532,0.5621695026043676,0.5184574979444395,4040.6055346614944,4674.740374076608,2798.104694601452,0.0,0.0,68.96415390351956,1010.1716908022768,0.0,2493.234507563148,0.0,0.0,0.0,618.0242852536215,0.0,0.0,1351.8768797049663,180.42797039233804,0.0,1351.1364278804324,359.52470041624906,390.2479873326073,0.0,0.0,0.0,188.7520904153191,0.0,0.0,0.0,0.0,0.0,0.0,0.0,0.0,111.25209180600308,0.0,0.0
61,-8.348877145181154e-17,1.740829702612245e-16,0.03852641367051,0.1479001836959158,2.9809779145257145,0.7113573497776093,0.8571502649067804,0.458334724870822,4219.501095044815,4745.992874675918,2901.855635296703,0.0,0.0,52.25135874653754,909.2197215142756,0.0,2463.923916182252,0.0,0.0,0.0,437.0050221533025,0.0,0.0,1036.816372777698,22.8580234883751,0.0,994.7524587385112,0.0248182165345403,172.3302740771199,0.0,0.0,0.0,0.0130296756964153,0.0,0.0,0.0,0.0,0.0,0.0,0.0,0.0,0.0076798019751224,0.0,0.0
62,-8.348877145181154e-17,0.0050497592450324,0.0647588499667774,0.1628148913806807,2.48805235682093,1.081567923372161,1.2182950780592987,0.3923738915308725,2979.7013690849863,3351.469998777584,2049.189741343804,0.0,0.0,36.34510578328207,642.0572914056669,0.0,1739.9529560213418,0.0,0.0,0.0,308.59159959589346,0.0,0.0,732.1782563018679,16.11985300897921,0.0,718.606573984659,0.0,3.4292467473903097,0.0,0.0,0.0,0.0,0.0,0.0,0.0,0.0,0.0,0.0,0.0,0.0,0.0,0.0,0.0
63,-8.348877145181154e-17,0.0335416577142858,0.0910149311362128,0.162891324,2.021481704409632,1.4963622613883183,1.627831842371703,0.3324479180941969,2040.4191455815917,2292.2902112358515,1343.812246889727,0.0,0.0,51.057518632086285,462.14350736560647,0.0,1137.2180744276268,0.0,0.0,0.0,232.81158515715367,0.0,0.0,516.0474586632547,18.44483660442195,0.0,707.403200811586,0.0,0.0,0.0,0.0,0.0,0.0,0.0,0.0,0.0,0.0,0.0,0.0,0.0,0.0,0.0,0.0,0.0
64,-8.348877145181154e-17,0.0625336396744188,0.1149988514352163,0.162891324,1.6759182755019788,1.88174672684416,2.0272873786037464,0.2619574555813963,3121.203174556287,3479.8540257585173,1465.151132787004,0.0,0.0,338.3773489771177,930.2541580956796,0.0,1200.3653770384697,0.0,0.0,235.22727272727272,569.4887367297008,0.0,0.0,935.2447585206756,101.96731492753104,0.0,655.3596127755231,0.0,0.0,0.0,0.0,0.0,0.0,0.0,0.0,0.0,0.0,0.0,0.0,0.0,0.0,0.0,0.0,0.0
65,-8.348877145181154e-17,0.0918308003920267,0.1385480353593156,0.1628764341405572,1.3624335123419549,2.2950897491477176,2.426467715254793,0.188854312542551,4621.775519546422,5140.997958852847,1930.7955565136456,0.0,0.0,606.6515668461493,1464.2019344103203,0.0,1556.8871364712045,0.0,0.0,419.399387267999,924.8654364333548,0.0,0.0,1437.136962115822,179.15197274379943,0.0,605.6349172144445,0.0,0.0,0.0,0.0,0.0,0.0,0.0,0.0,0.0,0.0,0.0,0.0,0.0,0.0,0.494627093435774,0.0,0.0
66,-8.348877145181154e-17,0.1235693911694353,0.1493798536943527,0.1494112491213904,1.0560684132358995,2.744661065257864,2.8552136779412223,0.1194595365187836,5095.001429813278,5624.883549300735,1938.2082444075493,0.0,0.0,762.9424067921916,1575.2979382249605,0.0,1463.6171885352112,0.0,0.0,354.6770841662513,944.434520869337,0.0,0.0,1424.6525838490145,170.76546497370688,0.0,539.3044905470045,0.0,0.0,0.0,0.0,0.0,0.0,0.0,0.0,0.0,0.0,0.0,0.0,0.0,0.0,17.735600003280286,0.0,0.0
67,-8.348877145181154e-17,0.1546976244318939,0.1519725140372098,0.1218643438604654,0.8103499435423426,3.1533245752281798,3.2636195882742878,0.0719443805956147,6528.965324668513,7079.825889196887,2222.2107520615045,0.0,0.0,1106.6383716238445,1889.6236491563927,0.0,1490.63818223129,0.0,0.0,366.3555839711588,1049.851280725633,0.0,0.0,1498.8883211305458,161.78038116575163,0.0,512.5292130238672,0.0,0.0,0.0,0.0,0.0,0.0,0.0,0.0,0.0,0.0,0.0,0.0,0.0,0.0,29.725322896032967,0.0,0.0
68,-8.348877145181154e-17,0.1804257690024922,0.1519823160000006,0.0953471515813956,0.6159287261437046,3.4758783667649564,3.561940269318938,0.0366597526843856,7319.609135800481,7588.799601561466,2316.869116161413,0.0,0.0,1353.5392255905808,2039.4240319882256,0.0,1413.4101290682363,0.0,0.0,344.62482603671384,1099.3612710432967,0.0,0.0,1455.2792452296496,162.80278058399787,0.0,466.3545541542344,0.0,0.0,0.0,0.0,0.0,0.0,0.0,0.0,0.0,0.0,0.0,0.0,0.0,0.0,98.03228199023836,0.0,0.0
69,-8.348877145181154e-17,0.1837176120000005,0.1510568227164359,0.0685593757076413,0.4304858287856355,3.765545169870633,3.748571316506548,0.0058480845425058,7007.591119283263,6936.502453231174,2311.102557893197,0.0,0.0,1336.8650446525537,2053.338490743737,0.0,1462.407427724912,0.0,0.0,310.1869671055839,1108.3046276664104,0.0,0.0,1464.7811197707756,183.5919605462012,0.0,538.2989026773795,0.0,0.0,0.0,0.0,0.0,0.0,0.0,0.0,0.0,0.0,0.0,0.0,0.0,0.0,265.19829221161785,0.0,0.0
70,0.0002849646256694,0.1837176120000005,0.1356632834950169,0.0415010162392027,0.2649745387277957,3.998449441254598,3.7983380422846302,4.1922021409846076e-16,6327.943479206885,5863.3916683551415,2308.771480696528,0.0,0.0,1210.5610124077346,1984.800404707526,0.0,1602.255174396647,0.0,0.0,310.65933063528314,1160.495558549337,0.0,0.0,1515.6175666434874,213.42022354751865,0.0,583.0,0.0,0.0,0.0,0.0,0.0,0.0,0.0,0.0,0.0,0.0,0.0,0.0,0.0,0.0,369.0,0.0,0.0
71,0.0037049771960132,0.1837176120000005,0.1168707998122928,0.0152555229742528,0.1651418972143037,4.097823682502496,3.726571321592193,4.192202140984608e-16,5549.572712060784,4553.698493271743,2276.242662028072,0.0,0.0,1030.4737660957203,1829.1207553785307,0.0,1764.9480786254833,0.0,0.0,228.61744681241376,1104.3455916306,0.0,0.0,1439.2702752507123,199.16141840425647,0.0,778.9075607460012,333.30033887170333,202.42578079162072,0.0,0.0,5.261760864077146,161.94977552175584,0.0,13.18169245850166,0.0,0.0,0.0,93.2142137144456,0.0,0.0,904.9760316715524,0.0,0.0
72,0.0096586399734218,0.1795550884316386,0.1149416046777412,0.0001504034206494,0.1391285814748459,4.06661885490545,3.5179933349417327,4.1922021409846076e-16,4816.240335559135,3180.4494977281133,2198.1164622206675,0.0,0.0,786.9944688343841,1532.3761182664348,0.0,1926.06227918171,0.0,0.0,8.973166143430445,832.1758736811319,0.0,0.0,1116.576351030286,90.98969667828858,0.0,490.1000777115436,272.799204320964,254.37573351940603,0.0,0.0,44.67661481505325,104.10643218806489,0.0,97.36284250515747,0.0,0.0,0.0,66.70235002057528,0.0,0.0,594.0031904589231,0.0,0.0
73,0.016276200398671,0.1520070268305649,0.1163838934883722,2.984279490192416e-16,0.1600511289685543,3.920104308670712,3.1658449031643543,4.1922021409846076e-16,4510.667384563718,2699.7189266482537,2237.5466918884563,0.0,0.0,609.8152004550565,1338.9605102818,0.0,2014.471392964809,0.0,0.0,0.0,666.3340062398538,0.0,0.0,947.072109189372,13.007213446392232,0.0,978.1319977990676,959.1905613865496,1343.1357178232302,0.0,0.0,47.37840092412405,221.7667544575112,0.0,780.2268247578617,0.0,0.0,0.0,185.85012176741083,0.0,0.0,1346.8399433255242,5.415352038035211,0.0
74,0.0229580089833886,0.1202684360531561,0.1178401851029901,2.984279490192416e-16,0.2042081279909918,3.683327742068836,2.759384938333856,4.1922021409846076e-16,3449.343132830667,1342.032794130489,2549.301377880928,5.47563169570427,0.0,139.1873265138769,791.2882473035594,0.0,2234.232459773756,0.0,0.0,0.0,263.843496289162,0.0,0.0,516.4547030852715,0.45956132245156,0.0,737.1639267979511,744.6080235565497,1055.9904429095227,0.0,0.0,33.17928453527332,167.8795014541345,0.0,618.6795526818541,0.0,0.0,0.0,142.83217965582915,0.0,0.0,1023.4990243526188,6.104797192827788,0.0
75,0.0293828249302325,0.0897505603056479,0.120118330901534,2.984279490192416e-16,0.2598461254145941,3.355964789995342,2.354093151777197,4.1922021409846076e-16,2182.515217722987,362.96628681552806,2838.0001502512982,62.3994918798835,0.0,0.3208835950432144,289.6163058779197,0.0,2483.793970356636,0.0,0.0,0.0,28.87952355388929,0.0,0.0,171.25652235445605,0.0,0.0,398.54628940110143,401.8775504893098,582.8215858444847,0.0,0.0,17.79188744635435,92.2329339301777,0.0,348.7289623509156,0.0,0.0,21.0394922647174,80.60529283300616,0.0,0.0,566.3442571664798,6.959188308350932,0.0
76,0.0352561775083056,0.0628602344850499,0.1362670514551496,2.984279490192417e-16,0.3401591346578259,2.986829219147852,1.942364754540698,4.192202140984608e-16,1286.742910013341,61.84318691206544,2940.967112226217,194.9997796338671,0.0,0.0,58.70271257668711,0.0,2681.745522873313,24.427269821673367,0.0,0.0,0.0,0.0,0.0,32.129468200409,0.0,0.0,141.68665408433813,118.59975691599293,612.2542630432255,7.672413567204361,0.0,4.155089120654397,83.77243813775748,0.0,609.6450133314014,75.05936669048039,0.0,174.80563932708776,144.6624056752798,0.0,110.81570916405543,644.016087797224,126.33402834131653,0.0
77,0.0381110563720929,0.0407720467375415,0.156279840608638,2.984279490192416e-16,0.484888181235899,2.61202752037742,1.5216398270458464,4.1922021409846076e-16,610.1411325888521,0.0,2834.5491494216853,188.82833447282297,0.0,0.0,0.0,0.0,2652.22377497619,23.72953797078849,0.0,0.0,0.0,0.0,0.0,0.0,0.0,0.0,229.76001535791696,102.04243539634945,2542.114323275892,90.86245972664712,0.0,0.0,332.5516848849163,0.0,2848.63252564311,733.0876629689288,0.0,378.9965095917511,678.650655877411,0.0,1057.985263455257,2728.348921239613,677.9097261286424,0.0
78,0.0386773919999999,0.0207207398057144,0.1604120040000002,2.984279490192416e-16,0.6853831054828092,2.2347120679798085,1.1338405466902324,1.05432877118334e-06,232.77106267685,0.0,2549.155132925403,84.35053935952861,0.0,0.0,0.0,0.0,2428.436314579092,0.0,0.0,0.0,0.0,0.0,0.0,0.0,0.0,0.0,491.1737932257988,368.1537541565558,3840.888852840495,250.74712966703143,0.0,0.0,545.6841195180768,0.0,4227.226965881463,1217.8327872436057,0.0,488.0630101489546,1002.6764755145872,0.0,1618.3208809768391,3897.7769554436513,946.6520494657416,0.0
79,0.0386773919999999,0.0262115134214524,0.1605240264318938,0.0043795975792599,0.9405098614883906,1.7967513928113512,0.7591278936592311,0.0119907981521124,9.639313765168865,0.0,2144.26151985591,8.675382388651979,0.0,0.0,0.0,0.0,2068.2928280261544,0.0,0.0,0.0,0.0,0.0,0.0,0.0,0.0,0.0,765.8378085394442,750.6176351912035,4073.8476828503567,386.7623900893022,0.0,0.0,649.8879630670389,0.0,4349.704284840916,1247.7353665886244,0.0,519.8744270222634,1024.404404055603,0.0,1484.0562923328168,3765.792271954283,873.1354472886499,0.0
80,0.0384471694285713,0.0921738690897011,0.1622801427906976,0.0729257279875418,1.223148154375434,1.3655299694950258,0.4590332106154466,0.1348481349717612,0.0,0.0,1611.9789262621991,0.0,0.0,0.0,0.0,0.0,1561.250726094427,0.0,0.0,0.0,0.0,0.0,0.0,0.0,0.0,0.0,1078.4249571989417,1185.8877976189283,4338.928141429504,541.536759160199,0.0,1.0264717724394452,768.4643895351091,0.0,4489.075809382949,1281.802240116372,0.0,556.0723696250899,1049.119021797413,0.0,1331.2044686651896,3615.558799634206,789.4308146054726,0.0
81,0.0347874579812745,0.1799320475438239,0.1606352251694349,0.1726028601270919,1.5637698595571314,0.9896838302381232,0.2271762801415871,0.3238115923440658,0.0,0.0,1499.0,0.0,0.0,0.0,0.0,0.0,1456.0,0.0,0.0,0.0,0.0,0.0,0.0,0.0,0.0,0.0,1244.215180910447,1416.764405085601,4479.528384455549,623.6197139726204,0.0,15.39215087414286,831.3482202215455,0.0,4562.984636399488,1299.8834499428706,0.0,575.2714937510749,1062.2186492158512,0.0,1250.1307880041838,3535.8939154751897,745.0417097940268,0.0
82,0.0291472483455149,0.281234889313954,0.1409238074750828,0.2856215559558145,1.9229252349199528,0.6854615541328996,0.0949554643245829,0.5961617605614625,0.0,0.0,1394.366261214833,0.0,0.0,0.0,0.0,0.0,1291.8997979573192,0.0,0.0,0.0,0.0,0.0,0.0,0.0,0.0,0.0,1589.5359712197003,1897.5790079332685,4772.412403817592,794.6036976557343,0.0,135.60528346238965,962.3489050458782,0.0,4716.964823421472,1337.449048418919,0.0,615.2547926098562,1089.5432937754408,0.0,1081.3593224930396,3369.9278176449234,652.6216399880361,0.0
83,0.0228509287176079,0.4378897215891855,0.117070442730897,0.423389349407264,2.3349618983349947,0.4351530113057702,0.0494288755559608,0.9740853190743514,0.0,0.0,856.1037749677213,0.0,0.0,0.0,0.0,0.0,448.074426304874,0.0,0.0,0.0,0.0,0.0,0.0,0.0,0.0,0.0,1780.15497725781,2096.5744106607235,4918.091238318486,897.3345156793739,0.0,355.68174543716526,1069.945404052102,0.0,4810.734559951253,1358.1047663613028,0.0,657.1302745383864,1125.029045237117,0.0,996.944830577508,3265.259873654501,601.6406626400454,0.0
84,0.0162976164518271,0.6102751829556022,0.0922434712624585,0.5712888681328913,2.8930346783793603,0.2444292772081017,0.0210693901558421,1.407956855626701,0.0,0.0,575.0713677027869,0.0,0.0,0.0,0.0,0.0,37.13899144435606,0.0,0.0,0.0,0.0,0.0,0.0,0.0,0.0,0.0,1604.9997903516587,1814.619195516541,4158.88533905562,734.126571667186,0.0,377.6221795159814,1001.3546914184612,0.0,4071.8790788537376,1084.4231666525036,0.0,609.6024261330112,1020.7339777418518,0.0,830.0204006302131,2777.183401897238,523.9313632083664,0.0
85,0.0098085523455148,0.7850291277146348,0.0675360872082532,0.7153283717489076,3.5405694796125387,0.1357139623738492,0.0085652218478736,1.846172133994058,0.0,0.0,784.4774529040117,0.0,0.0,0.0,0.0,0.0,97.01569273364994,0.0,0.0,0.0,0.0,0.0,0.0,0.0,0.0,0.0,1907.836713766672,2189.6404431613605,4213.287050223937,559.7124830951194,0.0,514.1325494081473,1171.0663768965123,0.0,4056.674439168772,845.5350505018569,0.0,714.2680688911666,1190.518724868435,0.0,797.5744109831777,2990.528424755673,615.7422870099232,0.0
86,0.0033618646848094,0.9081544988953127,0.0404549244119601,0.7994918636878486,4.247330400096718,0.0840042932508733,0.0103744303654466,2.1903537555772976,0.0,0.0,940.6208890460744,0.0,0.0,0.0,0.0,0.0,162.67826171694475,0.0,0.0,0.0,0.0,0.0,0.0,0.0,0.0,0.0,2261.665830860784,2625.888787679474,4321.934657500676,375.235175751002,0.0,669.5396876406516,1370.560021665988,0.0,4087.3066740648937,593.806096365274,0.0,837.1541160872674,1390.3482210771945,0.0,771.2889593100278,3259.0686585322205,723.430178858556,0.0
87,0.0004997079069766,0.998597901612663,0.0175635216150088,0.849258336262653,4.90538824088726,0.0520377628446434,0.0125916217510241,2.4581573701395376,0.0,0.0,1102.062475894375,0.0,0.0,0.0,0.0,0.0,249.7255727940403,0.0,0.0,0.0,0.0,0.0,0.0,0.0,0.0,0.0,2608.962584176303,2941.9245958098745,4005.06494436428,53.9008809905846,0.0,831.6509142398797,1593.5767175754656,0.0,3782.302220295645,240.8946802619756,0.0,969.9737250229844,1590.5709545317225,0.0,707.7332680888794,3408.3118217112496,872.769373823806,0.0
88,-8.881784197001244e-17,1.066854287335276,0.013884192,0.8780643150844113,5.537109684204238,0.025324163465463,0.0136362599999981,2.627764279796059,0.0,0.0,1171.963459198304,0.0,0.0,0.0,0.0,0.0,274.06957082402823,0.0,0.0,0.0,0.0,0.0,0.0,0.0,0.0,0.0,1593.492043421351,1773.7430941193384,2298.0768438469454,0.0,0.0,514.7609205328968,978.1408564848634,0.0,2178.326671324138,91.54967710110056,0.0,594.4217048272938,970.739730048423,0.0,410.2293753810595,2033.6406813819265,542.4291760623835,0.0
89,-8.881784197001243e-17,1.0765382769226377,0.013853440744186,0.8828567873564297,6.033384349070738,0.0144422449235958,0.0136362599999981,2.6873025885790285,0.0,0.0,1191.8242945306365,0.0,0.0,0.0,0.0,0.0,276.2604199950771,0.0,0.0,0.0,0.0,0.0,0.0,0.0,0.0,0.0,787.8028111815147,841.42346737194,1059.2704378646,0.0,0.0,280.04486504930475,507.683374906382,0.0,1009.6578563026884,26.75433726929836,0.0,305.18815004672143,498.6081179159428,0.0,197.76707883269103,988.5380997395416,284.19771064502,0.0
90,-8.881784197001244e-17,1.0225984308911544,0.0121774973023255,0.8206628079204894,6.420372562563455,0.0100746056212702,0.0136362599999981,2.6040410345415914,0.0,0.0,1247.4153398731332,0.0,0.0,0.0,0.0,0.0,292.6523195395154,0.0,0.0,0.0,0.0,0.0,0.0,0.0,0.0,0.0,2324.887514210828,2355.960259591108,2876.4530667128342,0.0,0.0,886.6104765976659,1548.3461455774268,0.0,2783.106118395749,25.803150510798364,0.0,903.5234300490438,1495.8909271620755,0.0,562.5232357250582,2843.7225471461093,866.6148653197453,0.0
91,-8.881784197001243e-17,0.9293394032104776,0.0096405186976744,0.7146159169364835,6.731583788383842,0.0053177707375493,0.0136273770216905,2.414949804560492,57.08046867361246,0.0,1377.6833502823856,0.0,0.0,0.0,0.0,0.0,393.2225010009324,0.0,0.0,0.0,0.0,0.0,0.0,0.0,0.0,0.0,3227.149341740298,2963.3154077349154,3600.252897342273,0.0,0.0,1259.645442801344,2143.0141193757663,0.0,3561.449777987369,0.8229979347707742,0.0,1170.531104564467,2070.849037818853,0.0,681.1639134972056,3777.3905252872855,1214.0474466723972,0.0
92,-8.881784197001243e-17,0.8134687773507209,0.007241920744186,0.5888328584707562,6.877242005564869,0.0010582296628925,0.0122318611295662,2.1133166986949177,487.6646847115851,0.0,1765.8695358523073,0.0,0.0,0.0,0.0,0.0,794.0383576491091,0.0,0.0,0.0,0.0,0.0,0.0,0.0,0.0,0.0,3453.058979783597,2594.023515727223,3192.9985728193046,0.0,0.0,1408.3205658721176,2328.176297821496,0.0,3202.048588787123,0.0,0.0,1123.7637555943345,2262.9492063902585,0.0,431.52846000635503,3715.542649100733,1336.37895173459,0.0
93,-8.881784197001243e-17,0.6534577425367946,0.0049355765581395,0.4482196434520401,6.873529140941566,7.828404591236904e-15,0.0099667016611277,1.7279475541963671,1004.9766073646176,0.0,2006.3385846231329,0.0,0.0,0.0,0.0,0.0,1064.4776173393682,0.0,0.0,0.0,0.0,0.0,0.0,0.0,0.0,0.0,3650.789780970377,2477.070767429025,3026.740100420366,0.0,0.0,1471.7202343478568,2308.6705537978464,0.0,2923.470118609257,0.0,0.0,935.5310610562592,2177.1614009305604,0.0,82.0535419727088,3400.522456880741,1211.300852531158,0.0
94,-8.881784197001243e-17,0.4865677370889201,0.0026753592558139,0.3054967034950175,6.662210602656266,7.828404591236904e-15,0.0077468453820579,1.3059588676896656,1336.881200350203,1.6940325525752424,2118.5952922620754,0.0,0.0,0.0,0.0,0.0,1204.145144151392,0.0,0.0,0.0,0.0,0.0,0.0,0.0,0.0,0.0,3685.7240912174816,2382.705448136933,3003.5341044126694,0.0,0.0,1414.9325817494546,2163.565216093588,0.0,2792.604027447458,0.0,0.0,775.661082649778,1969.5163536441007,0.0,0.0,3048.8840490055472,1036.210086250466,0.0
95,-8.881784197001243e-17,0.3251080423255819,0.00059402425865,0.1719195163523216,6.335145606332086,0.0010353637105661,0.0056628986710945,0.9049073405950934,1350.8836425479922,218.15036644279903,1961.709873535992,0.0,0.0,0.0,0.0,0.0,1328.2148440486094,0.0,0.0,0.0,0.0,0.0,0.0,0.0,0.0,0.0,3373.465871617952,1903.3466449422335,2927.4761724777727,0.0,0.0,1042.202945583772,1546.4978863892873,0.0,2299.008832409625,0.0,0.0,236.6355121093536,1155.1341327237387,0.0,0.0,1981.344620396102,447.0428717270931,0.0
96,-8.881784197001243e-17,0.2078817154385388,-2.1316282072802932e-17,0.0924165353293784,5.865991898253937,0.0202361992496518,0.003465693986709,0.6172092840391593,1641.822554298936,293.1401210450637,2510.547595356334,0.0,0.0,0.0,122.0287843974152,0.0,2031.941717383168,0.0,0.0,0.0,0.0,0.0,0.0,303.26752938213696,0.0,0.0,2779.223288716832,1260.7365762284733,2964.349086913913,0.0,0.0,662.1482653373007,1081.125228773684,0.0,2181.4311872127773,0.0,0.0,0.0,761.7164843172694,0.0,0.0,1607.564680520302,189.50502297780093,0.0
97,-8.881784197001243e-17,0.1162915284108829,-2.1316282072802932e-17,0.0448402731428572,5.3383709548349,0.0537822767678986,0.0013590956810612,0.4026512297121341,1520.5573842009617,349.85237320140067,2740.069238300068,528.7446778498673,0.0,0.0,99.51424668029364,0.0,2459.085961813868,346.67077421780846,0.0,0.0,0.0,0.0,0.0,351.6151795961961,0.0,0.0,1672.0916744083831,376.3977382424436,2798.5037068337565,0.0,0.0,177.66848511180189,564.9795575280808,0.0,2152.9751136112827,0.0,0.0,0.0,401.3637524247212,0.0,0.0,1363.31588460662,48.02824302367454,0.0
98,-8.881784197001243e-17,0.064075786716422,-2.1316282072802932e-17,0.0119896067370671,4.761812483399882,0.1135004337380239,5.339304461131505e-05,0.3169777230961109,1081.2571072852973,496.98633345328005,3269.7882105107005,831.0161059861096,0.0,0.0,49.63041810000722,0.0,3101.6211445971426,706.6075530489812,0.0,0.0,0.0,0.0,0.0,592.8404760411398,0.0,0.0,1017.3831237247928,7.058381880955845,2704.9747986311445,0.0,0.0,3.32571869937681,199.372231486851,0.0,2041.8134478470795,0.0,0.0,0.0,93.11315458642778,0.0,0.0,982.6940621627044,0.8980843745152564,0.0
99,-8.881784197001243e-17,0.0965959355803735,-2.131628207280293e-17,0.0029297857689754,4.139375808712263,0.2306327870562306,-1.879385536085467e-15,0.4229695209169467,635.6719216534086,832.9939699597873,3947.410271089385,1034.8441348693746,0.0,0.0,3.162472003082601,0.0,3869.7545213697417,1032.426863505575,0.0,0.0,4.253211943417034,0.0,82.74311575659405,971.8476650272678,7.246212940636426,0.0,611.7409628034067,0.0,2691.609940903312,0.0,0.0,0.0,12.817594860978726,0.0,1760.3286928378632,0.0,0.0,0.0,5.809844399602507,0.0,0.0,353.218079341075,0.0,0.0
100,0.0080625338693243,0.1466882798626804,-2.1316282072802938e-17,2.1138646388863056e-16,3.6520843496013526,0.4010258762746478,-1.879385536085467e-15,0.5833104889058723,387.3192557353416,942.8441036205048,4395.241032992453,1480.1256601144926,0.0,0.0,0.0,0.0,4474.884348738336,1637.793368907293,0.0,0.0,47.145129576240166,0.0,516.4158058710689,1462.7263166716318,53.03356180423237,0.0,363.3644053717872,0.0,2529.422642875255,0.0,0.0,0.0,0.0,0.0,1373.7024927319144,0.0,0.0,0.0,0.0,0.0,0.0,31.392045284664807,0.0,0.0
101,0.0292065543388703,0.2061546343056482,0.0052608407855864,2.1138646388863056e-16,3.217869843150293,0.6893327275047357,-1.879385536085467e-15,0.7668646533112722,283.3013140311399,902.1001614706054,4477.429456001728,1632.1878947871462,0.0,0.0,0.0,0.0,4591.878423033584,1809.0025892051915,0.0,0.0,41.77897646235322,0.0,518.7737678921056,1463.281803001011,40.32223839196863,0.0,220.23725729186984,0.0,2311.8843660581742,0.0,0.0,0.0,0.0,0.0,1018.262915838642,0.0,0.0,0.0,0.0,0.0,0.0,0.0,0.0,0.0
102,0.0497906761993354,0.2638251166293692,0.0211129336345514,2.113864638886306e-16,2.8371434028135774,1.0187111726479818,0.002372486842523,0.9128105360228586,294.39387928509177,1130.9164965359505,4388.05115315324,1585.6546550078126,0.0,0.0,0.0,0.0,4477.509568498453,1674.813335878339,0.0,0.0,28.58753006854269,0.0,471.94209135174657,1431.4203508431312,34.12889523438756,0.0,81.22494320063585,0.0,1985.8340119282907,0.0,0.0,0.0,0.0,0.0,643.9672810841547,0.0,0.0,0.0,0.0,0.0,0.0,0.0,0.0,0.0
103,0.0703747980598004,0.3475568973174041,0.0373281806511627,2.1138646388863056e-16,2.4728991441221813,1.4103721751515543,0.0092801524186027,1.0491855757084088,683.0511266214679,2321.9749077008933,4051.684331103447,1131.405388484723,0.0,0.0,1.866290732857086,0.0,4021.725369273343,976.9460772468818,0.0,0.0,17.782408702379602,0.0,386.933824208821,1465.747687253212,30.56896048093769,0.0,300.70994992920697,0.0,2089.516007204008,0.0,0.0,0.0,0.0,0.0,828.8285528980333,0.0,0.0,0.0,0.0,0.0,0.0,0.0,0.0,0.0
104,0.0903535045714283,0.4210795279377963,0.0530665086378736,2.1138646388863056e-16,2.210958171864593,1.8446951350293428,0.016089221780729,1.1148483112560972,1519.3288126771918,3898.18679204459,3753.2697528035674,592.1898588753421,0.0,0.0,47.88206720170776,0.0,3445.9036974807727,220.93847936617797,0.0,0.0,22.08417215993437,0.0,107.3129756921436,1212.2566737980949,60.26703488536784,0.0,491.70462164117095,0.0,2178.0174697310003,0.0,0.0,0.0,0.0,0.0,955.1589567096336,0.0,0.0,0.0,0.0,0.0,0.0,0.0,0.0,0.0
105,0.1105248312302385,0.4754264024858023,0.0689638096345514,2.1138646388863056e-16,1.9905462832764012,2.2943205486326166,0.0236190314716962,1.112067771092334,1928.060851508696,4433.130713518446,3654.695401522528,404.1298926183659,0.0,0.0,108.49798026247248,0.0,3230.6733500267646,0.0,0.0,0.0,51.30586198100972,0.0,0.0,1094.628998070795,87.0300697315998,0.0,533.3020179412473,0.0,2157.9231637525013,0.0,0.0,0.0,0.0,0.0,939.99096542879,0.0,0.0,0.0,0.0,0.0,0.0,0.0,0.0,0.0
106,0.1214635196529213,0.5386087947109633,0.0854970026710962,2.1138646388863056e-16,1.833412935069794,2.7263088215141766,0.0390087593926109,1.0727198790908756,2354.971806614445,4744.046087872184,3439.912477792343,228.6076073666651,0.0,67.42776888846365,333.9122661945308,0.0,3040.0184746922087,0.0,0.0,1.7950295967174938,217.6163749297346,0.0,0.0,1257.665032303973,135.42931567595605,0.0,605.4136080064088,0.0,2101.663669972554,0.0,0.0,0.0,0.0,0.0,885.6724628809031,0.0,0.0,0.0,0.0,0.0,0.0,0.0,0.0,0.0
107,0.1214866799999996,0.5962375502477456,0.0955124199696249,2.113864638886306e-16,1.741644696224989,3.07241672523589,0.0578995352491674,1.028735077136214,3354.217966206016,5471.839911535086,2937.1706053885314,0.0,0.0,595.0218813731979,861.5313215587585,0.0,2593.769821818441,0.0,0.0,56.72566997026965,606.8764222332412,0.0,0.0,1639.29471090189,221.808360764234,0.0,688.9774656517269,0.0,1915.7289348456463,0.0,0.0,0.0,0.0,0.0,665.8203781888898,0.0,0.0,0.0,0.0,0.0,0.0,0.0,0.0,0.0
108,0.1214866799999996,0.6234423490220482,0.0957017519999998,2.1138646388863056e-16,1.679490424495583,3.453749430171435,0.081009695555661,0.9200437675404428,4026.921960946829,5718.25423156888,2440.0761027878434,0.0,0.0,672.1057460118294,1245.50861564978,0.0,2128.6960107977666,0.0,0.0,205.05763741322423,909.0591339359526,0.0,0.0,1855.4660533994888,300.1872178530565,0.0,660.7284271959096,0.0,1836.441889164536,0.0,0.0,0.0,0.0,0.0,608.7859546734841,0.0,0.0,0.0,0.0,0.0,0.0,0.0,0.0,0.0
109,0.1214771348360364,0.6041769647559118,0.0957017519999998,2.1138646388863056e-16,1.6136728756263672,3.79133205212586,0.1128024704451808,0.7304035535282425,4486.603200127262,5746.558708415248,2180.266390211937,0.0,0.0,799.691800150948,1488.836675438038,0.0,1847.9887511854183,0.0,0.0,382.287752392035,1125.7528656820125,0.0,0.0,1970.28394986732,415.91638031078537,0.0,568.4043971233499,0.0,1635.97683882401,0.0,0.0,0.0,0.0,0.0,588.033603667122,0.0,0.0,0.0,0.0,0.0,0.0,0.0,0.0,0.0
110,0.1112270916355734,0.5559829796810626,0.0957017519999998,2.1138646388863056e-16,1.5099017615282622,3.989024629293385,0.1439813609102971,0.5443058766976783,5372.8923089534965,6462.782093267892,2249.806480405453,0.0,0.0,991.727489290483,1850.8310372688568,0.0,1861.7572954567515,0.0,0.0,560.9568584192674,1423.9192070891363,0.0,0.0,2294.472470704585,552.6703030931026,0.0,244.6921308250971,0.0,704.2912386983234,0.0,0.0,0.0,0.0,0.0,253.1684290959841,0.0,0.0,0.0,0.0,0.0,0.0,0.0,0.0,0.0
111,0.0912711000797339,0.5091753739170132,0.0898812473010531,2.1138646388863056e-16,1.3838547240356476,4.054232434136428,0.1734097606737806,0.3684478948670397,5834.571331088729,6033.021888064865,2293.897746771634,0.0,0.0,923.7602762563988,1732.1304162113272,0.0,1909.0257813376093,0.0,0.0,259.24155534324314,1256.95298515808,0.0,0.0,1865.7805562352228,437.9144572617536,0.0,269.4474815053038,0.0,558.9471254938336,0.0,0.0,0.0,0.0,0.0,165.53459377654292,0.0,0.0,0.0,0.0,0.0,0.0,0.0,0.0,0.0
112,0.0889690681758841,0.4562932872487774,0.0787362163337892,2.1138646388863056e-16,1.2543757679765697,4.054627696087554,0.1930025854531935,0.2284605923040868,6776.130724894098,6567.718793474117,2413.977751330726,0.0,0.0,1152.253401274134,1562.2673039000083,0.0,1737.3099490443992,0.0,0.0,20.77842823464576,779.7910960644148,0.0,0.0,1072.0914642693083,55.22651094977577,0.0,710.1656891753443,38.71012180599378,1356.0725865659024,0.0,0.0,0.0,0.0,0.0,375.1178241646076,0.0,0.0,0.0,0.0,0.0,0.0,30.80160229724236,0.0,0.0
113,0.1318664643787375,0.3747766305480396,0.0777909301594684,2.113864638886306e-16,1.1391842473260014,3.919421951547909,0.2032515235614602,0.0943526394944881,7780.44074199727,6691.70639289376,2668.219279011645,0.0,0.0,1285.2242205818818,1512.648374603864,0.0,1543.573987891639,0.0,0.0,0.0,253.80854933676773,0.0,0.0,326.1470750728032,2.8,0.0,1206.7799249435095,441.24145848992674,2155.2881243920524,0.0,0.0,24.43839730671109,6.661529769462857,0.0,728.1556772972725,0.0,0.0,0.0,0.0,0.0,0.0,303.09152478702686,0.0,0.0
114,0.1760902022990033,0.3242903241388284,0.0774313875747507,2.1138646388863056e-16,0.991929261828538,3.6225231305840127,0.2074080955673981,0.0290203818898734,7203.8982867044815,5692.642840445897,2894.546259988327,0.0,0.0,1031.1381681652058,1231.9187715790029,0.0,1591.5816169262434,0.0,0.0,0.0,3.878912542218959,0.0,0.0,38.18421019859269,0.0,0.0,1469.4967454676369,860.8091217566761,2405.4010061092517,0.0,0.0,123.94432327593088,92.9436785024064,0.0,945.836380650404,0.0,0.0,0.0,0.0,0.0,0.0,514.7599650655785,0.0,0.0
115,0.2207698550431895,0.2998378425413333,0.0770681383654484,2.1138646388863056e-16,0.8685752124377817,3.26936718081376,0.2004453745632192,0.0280163160000028,6072.874607179703,4517.653082430174,3018.645608314654,0.0,0.0,690.2195844282743,909.8645664643842,0.0,1731.925023380814,0.0,0.0,0.0,0.0,0.0,0.0,40.5634181313381,0.0,0.0,1043.8463478246476,691.5314566348012,1688.3605224446492,0.0,0.0,116.69386568107328,117.54046709870572,0.0,703.4703859702076,0.0,0.0,0.0,96.53440116916468,0.0,0.0,415.0789314850532,0.0,0.0
116,0.2774931314453709,0.2673596549900333,0.0766826494086378,2.1138646388863056e-16,0.7750264179863602,2.880435324531061,0.1853555670727743,0.0280013496290381,3790.395503256049,2618.3524293756263,3075.023903354264,3.4884934421891107,0.0,195.22478866887383,409.0999895197133,0.0,1974.7992403485216,0.0,0.0,0.0,0.0,0.0,0.0,42.30342936927679,0.0,0.0,1141.3079453486846,871.9699325299237,1843.496932711648,0.0,0.0,165.25102703666624,311.6266057986534,0.0,1109.8902125827144,0.0,0.0,3.608196648538738,399.8109933546252,0.0,0.0,832.2471882897205,72.67490633219286,0.0
117,0.3445002784584719,0.232618698299003,0.0818875067795782,2.1138646388863056e-16,0.7148670474679208,2.491981157177843,0.1647075700465096,0.0254799761787268,2671.5905496497007,1754.0445687006877,2929.6166154662187,18.070413508077884,0.0,0.0,194.13236236656573,0.0,1972.9494994143256,0.0,0.0,0.0,0.0,0.0,0.0,40.10245983159105,0.0,0.0,1350.6423718699582,1071.1535880831875,2290.623486639998,0.0,0.0,204.68859150882932,458.6652794660419,0.0,1597.2174287798086,0.0,0.0,18.6904767166884,508.83506088801465,0.0,0.0,1240.633518244303,251.75660264768936,0.0
118,0.3924550115724399,0.2002912914045929,0.0941611928718763,0.0006753577431751,0.6927111209094579,2.0702967525682507,0.1419046662909125,0.0356017172890394,2671.5905496497007,1754.044568700687,2929.6166154662187,18.070413508077884,0.0,0.0,194.13236236656573,0.0,1972.9494994143256,0.0,0.0,0.0,0.0,0.0,0.0,40.10245983159105,0.0,0.0,1350.6423718699582,1071.1535880831875,2290.623486639998,0.0,0.0,204.6885915088293,458.665279466042,0.0,1597.2174287798086,0.0,0.0,18.6904767166884,508.83506088801465,0.0,0.0,1240.633518244303,251.75660264768936,0.0
119,0.3959474040000003,0.1901934037482602,0.1179134939003322,0.0143166315348839,0.6966490718430653,1.6691466217140336,0.1120430242524896,0.0600086046378766,799.7333043046334,472.629689041825,1381.6851037158715,126.33189112676504,0.0,0.0,23.53699165863029,0.0,1095.6159736758025,0.0,0.0,0.0,0.0,0.0,0.0,4.8621015632851305,0.0,0.0,1299.839695847557,947.7237234744524,3748.521410547729,8.10671146895779,0.0,120.47230886855765,700.6978790201787,0.0,3649.906069525885,169.97071713248172,0.0,210.97729724535472,879.8084669643644,0.0,221.3132231025477,2717.683187264563,743.4603140751894,0.0
120,0.3959474040000003,0.1881597956411958,0.1494379241461793,0.0332484225249171,0.780780377088946,1.3129328293554796,0.0805614261129548,0.088940868757478,256.92070424055544,0.0,2395.435933327301,0.0,0.0,0.0,0.0,0.0,2313.512760399117,0.0,0.0,0.0,0.0,0.0,0.0,0.0,0.0,0.0,1212.4987680226864,903.45859120123,4150.286646284943,47.76087727598448,0.0,101.02654321972663,758.775169930159,0.0,4267.785106783755,633.1518933891912,0.0,333.81292606985926,1014.8843401591774,0.0,837.6835202513603,3207.2312580655434,921.2138636748208,0.0
121,0.3959474040000003,0.1790458529757948,0.1797498763056478,0.0514520677076413,0.9397552566012884,0.9911165162090976,0.0508082917361158,0.1209465886563187,392.299363924636,0.0,2011.6264159230284,0.0,0.0,0.0,0.0,0.0,1978.7580197665652,0.0,0.0,0.0,0.0,0.0,0.0,0.0,0.0,0.0,1466.1871979790758,1588.767016471208,4175.191782181779,45.71220688731998,0.0,239.93001432860763,904.8741388966324,0.0,4225.9825630213945,462.2986111571706,0.0,516.4590272979462,1082.1160518978816,0.0,875.1707180538732,3380.807169187526,960.2222965746848,0.0
122,0.3808353290766949,0.1763053267282108,0.2051154562533398,0.0689275670830566,1.139932240311612,0.7019835747194458,0.0288846125250563,0.1597585339721524,426.8205419247677,0.0,1676.4789694432386,0.0,0.0,0.0,0.0,0.0,1618.3294845179018,0.0,0.0,0.0,0.0,0.0,0.0,0.0,0.0,0.0,1743.6781427232056,2206.089891022812,3824.16319115836,2.0452145452429287,0.0,385.9952133245846,1077.886351647704,0.0,3787.6931450615534,102.79165702932742,0.0,725.3653973009607,1305.2506217676705,0.0,835.2839899684041,3484.210512989217,992.9219606425412,0.0
123,0.323085460843854,0.2160077198653763,0.2214624387421635,0.0858569571029901,1.3572226896383324,0.4786807151492123,0.0130946809634532,0.2831058438858905,417.1081293136682,0.0,1463.3714958887251,0.0,0.0,0.0,0.0,0.0,1365.306181989089,0.0,0.0,0.0,0.0,0.0,0.0,0.0,0.0,0.0,1401.3197815459057,1830.5440415217,2865.762881905587,0.0,0.0,319.9080462283584,864.2989881543677,0.0,2840.8514588024327,5.237473743562084,0.0,610.4445598610008,1057.9502667155216,0.0,639.7564966658049,2718.304498278093,776.2541161977848,0.0
124,0.2540248671229237,0.3855256042288421,0.240481363483529,0.1040783466165887,1.6397956245232532,0.3455960153215826,0.0007792707008258,0.5754739474488458,284.5929958888353,0.0,980.8983527615156,0.0,0.0,0.0,0.0,0.0,524.1969790244124,0.0,0.0,0.0,0.0,0.0,0.0,0.0,0.0,0.0,803.8399925237062,1100.8800041494746,1549.859480956356,0.0,0.0,199.22161104040728,492.004870418897,0.0,1522.5088588532233,0.0,0.0,347.0375370480922,588.2505797502744,0.0,330.776565123395,1488.3236634587342,423.2706258709271,0.0
125,0.1803602338205981,0.5820265477076414,0.2373903596810626,0.1095859439999999,1.999339609020775,0.2445101405400866,-1.8722801087278664e-15,0.8884795603455186,267.3988957283473,0.0,712.5432052184299,0.0,0.0,0.0,0.0,0.0,184.10611303611705,0.0,0.0,0.0,0.0,0.0,0.0,0.0,0.0,0.0,1589.5156171352032,2787.051508319596,1936.8866339473984,0.0,0.0,582.9291043368404,927.9792271156924,0.0,1725.949349771087,0.0,0.0,649.0955999317032,939.8072258147636,0.0,219.47906258699123,2091.923343725707,572.8397610703962,0.0
126,0.1159036796810631,0.7540452288239194,0.2270175767043184,0.1095859439999999,2.3305247221874024,0.1822085307295682,-1.8722801087278664e-15,1.1613380157873794,266.8429437407303,0.0,683.8232408393543,0.0,0.0,0.0,0.0,0.0,250.61557135039132,0.0,0.0,0.0,0.0,0.0,0.0,0.0,0.0,0.0,2919.296231876258,5423.837198990104,2876.9699902384664,0.0,0.0,1185.339693550693,1671.3932500672026,0.0,2396.4982444934526,0.0,0.0,1164.1822507255924,1587.551088815028,0.0,145.04049238459183,3307.1985563887224,885.7159685636564,0.0
127,0.0534202853621262,0.920798031946842,0.2169623279003319,0.1095859439999999,2.608904402702219,0.1530769069506972,-1.8722801087278664e-15,1.4292615408135572,266.43830449928987,0.0,950.011991022478,0.0,0.0,0.0,0.0,0.0,317.1397441717678,0.0,0.0,0.0,0.0,0.0,0.0,0.0,0.0,0.0,3545.73393657493,6271.527019059828,3172.7413570653625,0.0,0.0,1441.024911200608,1996.072558644348,0.0,2518.0241844117145,0.0,0.0,1334.6260996666438,1844.9451997054732,0.0,60.1082416466505,3599.99748496732,953.2225081286108,0.0
128,0.0034061626430137,1.1014545626131735,0.2081185936157459,0.108347605019244,2.933811107086092,0.1299072451965142,-1.8722801087278664e-15,1.701479531278633,291.2677380310062,0.0,1318.3728389164778,0.0,0.0,0.0,0.0,0.0,534.8555330552858,0.0,0.0,0.0,0.0,0.0,0.0,0.0,0.0,0.0,3531.0339772064417,5900.7471207330855,3155.99572553575,0.0,0.0,1406.5451147461654,2013.330762613263,0.0,2504.886634027035,0.0,0.0,1303.249082049432,1859.5603799843325,0.0,80.60800831766684,3535.5372435036984,948.9682395668112,0.0
129,-7.81597009336109e-17,1.220875650299,0.189302259707641,0.0961794947242525,3.2848491918073344,0.1070151939269098,-1.8722801087278664e-15,1.8459852794119629,299.3210758545636,0.0,1505.1335327643092,0.0,0.0,0.0,0.0,0.0,847.592967491684,0.0,0.0,0.0,0.0,0.0,0.0,0.0,0.0,0.0,3438.8915886035406,5641.127443270957,3162.992645333954,0.0,0.0,1395.276603136251,2020.8450240947852,0.0,2595.1692250119777,0.0,0.0,1319.3065271543755,1886.6478739161385,0.0,156.41983414009735,3630.370305200618,995.8327738394772,0.0
130,-7.81597009336109e-17,1.232757707036756,0.1595965465913622,0.0783399224451827,3.650143809848488,0.0831214681594681,-1.8722801087278664e-15,1.862003901877402,277.30958196836497,0.0,1482.82025318644,0.0,0.0,0.0,0.0,0.0,814.7549119168152,0.0,0.0,0.0,0.0,0.0,0.0,0.0,0.0,0.0,3396.396390895224,5521.450554917974,3166.1991183079504,0.0,0.0,1390.089661560669,2024.296697943264,0.0,2636.7967888567423,0.0,0.0,1326.7191382060262,1899.1153953032651,0.0,191.37038955665795,3674.0915072813455,1017.4481740053589,0.0
131,-7.81597009336109e-17,1.2329658359999969,0.1280721163455151,0.0594081314551495,4.018611862425276,0.0577648612225911,-1.8722801087278664e-15,1.877393251697204,173.56037899570174,0.0,1390.5499742947682,0.0,0.0,0.0,0.0,0.0,672.1727240058959,0.0,0.0,0.0,0.0,0.0,0.0,0.0,0.0,0.0,3240.0,5081.0,3178.0,0.0,0.0,1371.0,2037.0,0.0,2790.0,0.0,0.0,1354.0,1945.0,0.0,320.0,3835.0,1097.0,0.0
132,-7.81597009336109e-17,1.232933322537478,0.0986695227508307,0.041750595627907,4.325634319929233,0.034311976672425,-1.8722801087278664e-15,1.8818619130111771,70.56391365332442,0.0,1369.259609305618,0.0,0.0,0.0,0.0,0.0,586.5407948392692,0.0,0.0,0.0,0.0,0.0,0.0,0.0,0.0,0.0,3209.4279951456742,4881.104834078079,3312.279583434677,0.0,0.0,1318.9153900715542,1922.8740134398088,0.0,2937.7476690450144,0.0,0.0,1249.5141039044722,1827.7684501941349,0.0,341.2588157839443,3741.2881240934753,1073.0608446170088,0.0
133,0.0009170583163367,1.1902971076718156,0.0659841132220137,0.0233649139933555,4.652962925348288,0.0119004853104142,-1.8722801087278664e-15,1.7918063725462958,160.75612698372422,0.0,1463.160096904325,0.0,0.0,0.0,0.0,0.0,618.1668358181769,0.0,0.0,0.0,0.0,0.0,0.0,0.0,0.0,0.0,3367.396712086272,4794.440008246578,3344.7820440117985,0.0,0.0,1380.594748823461,1986.051408255539,0.0,2972.874911767636,0.0,0.0,1189.7166193835865,1863.008534730056,0.0,309.5786580731785,3683.904252202228,1112.4881988796756,0.0
134,0.0139978618205979,1.0577218423654464,0.0391979668305647,0.0095301436544853,4.874347815057836,0.0003385383787372,-1.8722801087278664e-15,1.606631895926912,188.15492907662804,0.0,1494.30035798996,0.0,0.0,0.0,0.0,0.0,646.6264087894795,0.0,0.0,0.0,0.0,0.0,0.0,0.0,0.0,0.0,3416.9120429134,4818.332155417325,3298.772212715894,0.0,0.0,1404.2544540684632,2007.907481725363,0.0,2908.806716441436,0.0,0.0,1181.072951267214,1873.9145815022969,0.0,292.0451188403092,3646.0811659956194,1109.5528613346885,0.0
135,0.0376683664186046,0.8693879726511614,0.0198826480607498,0.0003788994019935,4.9955939619250405,-3.126388037344436e-16,-1.8722801087278664e-15,1.3780014406967307,728.6871930439285,0.0,1965.730671577612,0.0,0.0,0.0,0.0,0.0,1102.632607777097,0.0,0.0,0.0,0.0,0.0,0.0,0.0,0.0,0.0,4022.7567560270754,5068.121560671834,2526.837275454521,0.0,0.0,1698.3219403486212,2245.729992690322,0.0,1883.4788918497925,0.0,0.0,1015.8911701580566,1956.8210182874743,0.0,48.3500196361367,2971.1937961387566,1013.006785179486,0.0
136,0.0702471254352159,0.6099703786046505,0.0130102522923587,2.04281036531028e-16,5.027855302528622,-3.126388037344436e-16,-1.8722801087278664e-15,1.051260800763409,1269.986405983516,0.0,2192.4914677170714,0.0,0.0,0.0,0.0,0.0,1324.1798263487583,0.0,0.0,0.0,0.0,0.0,0.0,0.0,0.0,0.0,2633.673362145619,3251.2715874467585,1480.862735464157,0.0,0.0,1116.7526425055823,1450.9527860688502,0.0,1036.6930761401056,0.0,0.0,613.9830863551514,1244.436934166545,0.0,0.0,1769.825286553792,620.6986782447328,0.0
137,0.0982444964651163,0.3870333837209294,0.0075738695681062,2.04281036531028e-16,4.93552446404787,-3.126388037344436e-16,-1.8722801087278664e-15,0.7479477856212646,1523.9125925925923,111.84691358024688,2249.0,0.0,0.0,0.0,67.22271604938273,0.0,1461.5362962962963,0.0,0.0,0.0,0.0,0.0,0.0,95.5353086419753,0.0,0.0,1252.4689939617226,1429.6183332266464,662.2778360947505,0.0,0.0,461.8886857889993,575.525389032737,0.0,328.93155173407973,0.0,0.0,153.1960944268061,431.1864925883626,0.0,0.0,586.8653880099077,154.8371781874762,0.0
138,0.1234421303920266,0.1864580583632343,0.0026819640642302,2.04281036531028e-16,4.7427626606046775,-3.126388037344436e-16,-1.8722801087278664e-15,0.4748973636345533,2163.5624024280123,582.520927865821,2367.7873578150197,0.0,0.0,0.0,352.5669654851245,0.0,1910.9857719988825,0.0,0.0,0.0,100.24790414916431,0.0,0.0,498.5914850816145,0.0,0.0,2985.726762394966,3105.0341803089773,1473.445940740781,0.0,0.0,920.7809763673096,1077.4753596003204,0.0,365.20505247626176,0.0,0.0,15.03315750063711,616.3004420992279,0.0,0.0,751.2044412096665,15.181121649265425,0.0
139,0.1481219571013954,0.0309312714689708,1.0708026577504631e-06,2.04281036531028e-16,4.394789553135975,-3.126388037344436e-16,-1.8722801087278664e-15,0.2911316716800015,2721.817725536967,1031.1433330616749,2425.054587309946,0.0,0.0,0.0,640.0956209249975,0.0,2227.1659221246878,0.0,0.0,0.0,446.9154709069688,0.0,0.0,895.5597172354502,81.15926462087657,0.0,3821.1159655783354,3713.00801286777,1974.8830859788948,0.0,0.0,1026.5631175403971,1180.6889138233537,0.0,311.1352819487455,0.0,0.0,0.0,546.7560099023198,0.0,0.0,737.7127964606107,0.0,0.0
140,0.1532219760000001,0.0194090605281692,-5.684341886080815e-17,2.04281036531028e-16,4.045169202501759,-3.126388037344436e-16,0.0006882754955802,0.2475594272716492,2884.977492077209,1327.4713371481118,2561.4105518328192,1.551764430941809,0.0,0.0,857.0029064394244,0.0,2604.5696547744624,0.0,0.0,0.0,781.9642576128039,0.0,0.0,1380.225739052994,285.1629351193475,0.0,2807.806000476987,2152.1031025592465,1900.235047929008,0.0,0.0,529.9819903427114,511.71683320633446,0.0,118.90632304996618,0.0,0.0,0.0,0.0,0.0,0.0,201.86856184028335,0.0,0.0
141,0.1532219760000001,0.0251317383787382,-5.684341886080815e-17,2.04281036531028e-16,3.700108338697702,-3.126388037344436e-16,0.0025320364385363,0.2074910783920279,2481.593532441418,1182.705122040642,2973.5072758501533,76.92291058526322,0.0,0.0,727.5229118112727,0.0,3032.8533680858827,0.0,0.0,0.0,709.7062001714072,0.0,0.0,1447.529380595864,228.80593033221348,0.0,2316.1427110204627,1363.3629394432944,1910.4573533751327,0.0,0.0,264.03204533952146,299.29123390587665,0.0,302.6058762605469,0.0,0.0,0.0,0.0,0.0,0.0,120.53974069239142,0.0,0.0
142,0.1559636426511628,0.0314700664186053,-5.684341886080815e-17,2.04281036531028e-16,3.347053420747773,0.000978813649264,0.0046056869700977,0.1630644469022324,2163.0150161867086,1040.274457146247,3255.242249996822,208.1867899102335,0.0,0.0,598.6818039936717,0.0,3260.373617956692,0.0,0.0,0.0,604.0425317233684,0.0,0.0,1411.7394769924924,174.30201081913145,0.0,2231.92028792272,1194.2212795223495,1948.693346952588,0.0,0.0,198.11554033830296,215.34525504467135,0.0,333.654028360254,0.0,0.0,0.0,0.0,0.0,0.0,49.46502773351022,0.0,0.0
143,0.1668520233900561,0.0390048454072871,0.0002061050800157,2.04281036531028e-16,2.910809689647417,0.0369719119024716,0.0071158955083037,0.1138941586411415,1803.4574881288047,921.2796624860111,3366.8141655840973,409.5481414363106,0.0,0.0,525.7682370478358,0.0,3453.297034986286,49.82387513028715,0.0,0.0,580.2682672856437,0.0,22.61237409759186,1527.7855339535909,181.25286769872184,0.0,1910.871774664134,890.5827786887651,2059.26123740976,0.0,0.0,81.50218266224144,0.0,0.0,323.09426460255634,0.0,0.0,0.0,0.0,0.0,0.0,0.0,0.0,0.0
144,0.1592744820996681,0.0443732384451834,0.0037379249700996,2.04281036531028e-16,2.5345741006339435,0.1323717658129636,0.009510883226972,0.0767271289036563,1583.7126759143102,864.2042130793792,3405.894670505116,535.3309614363682,0.0,0.0,515.5017105378689,0.0,3563.992790703004,269.2738066114328,0.0,0.0,615.5554139749352,0.0,210.23005328699804,1699.9231492349245,230.60926783336765,0.0,1862.021005217675,827.4246280138099,2065.3797413835946,0.0,0.0,50.439539026073085,0.0,0.0,309.8537163832834,0.0,0.0,0.0,0.0,0.0,0.0,0.0,0.0,0.0
145,0.1463185936345519,0.0481057367230806,0.0083794426445182,2.0428103653102802e-16,2.260939601518104,0.2584974143990617,0.0245003362806312,0.0445911459785049,2260.9233527869537,1929.0859646540168,3046.1094884946438,109.82454428393471,0.0,12.622421400610529,940.4705128980356,0.0,3167.988891244498,6.0459077427629415,0.0,46.61884227635429,1058.6822203327276,0.0,306.3154189394204,2273.921908249447,606.7207554086732,0.0,1428.405907229078,576.4471392275213,1687.7014859062112,0.0,0.0,0.0,0.0,0.0,15.161276339543994,0.0,0.0,0.0,0.0,0.0,0.0,0.0,0.0,0.0
146,0.1325694875083056,0.0572481251185364,0.0133051348704318,2.04281036531028e-16,1.9609015546249875,0.4581914840268287,0.0520199816513489,0.0248785223017633,2743.8031723430595,2705.442143455037,2917.6197994122736,3.292012978142542,0.0,118.52535400116588,1113.0821687948023,0.0,2952.823390951279,0.0,0.0,176.6362377198009,1149.5658773494763,0.0,218.00797771915964,2417.713762178026,687.0494531939481,0.0,1412.1240879421543,404.6912242786376,1583.941057573507,0.0,0.0,0.0,0.0,0.0,0.0,0.0,0.0,0.0,0.0,0.0,0.0,0.0,0.0,0.0
147,0.1192781100860957,0.083358692132891,0.0180413773953487,2.04281036531028e-16,1.7045792753239837,0.6840837500747864,0.0926243773240951,0.0200355414219288,2925.0294652987245,3042.1306055783125,2810.718601915458,0.0,0.0,216.11385304733463,1163.335090074415,0.0,2807.581608337604,0.0,0.0,258.72657940001704,1136.714952792899,0.0,165.9410377868827,2414.117502169893,623.0842434492257,0.0,1293.026348446666,334.4418133104216,1505.6873002966054,0.0,0.0,0.0,0.0,0.0,0.0,0.0,0.0,0.0,0.0,0.0,0.0,0.0,0.0,0.0
148,0.1021961458932965,0.1094722741794026,0.0226828950697674,2.0428103653102802e-16,1.456642217696337,0.94519341987649,0.1652323602540533,0.0157572729568126,3061.866780440739,3324.120304365184,2701.052173817244,0.0,0.0,297.02774614336784,1199.9154813995185,0.0,2683.997670109186,0.0,0.0,332.7888396857057,1124.0125429071743,0.0,110.93091928708884,2410.989283886944,566.2282101267085,0.0,1311.8156967966995,333.6736415679802,1578.7751782449232,0.0,0.0,0.0,0.0,0.0,0.0,0.0,0.0,0.0,0.0,0.0,0.0,0.0,0.0,0.0
149,0.0785396683255811,0.136122176290826,0.0273273748757986,2.04281036531028e-16,1.2388976391965534,1.2148281972473802,0.2645844544745703,0.0112607254883741,3268.4407447830195,3758.7662090098815,2478.287855375648,0.0,0.0,413.4992246082131,1247.1314119454792,0.0,2491.095065265212,0.0,0.0,426.3892222622308,1110.0918280380088,0.0,20.592600195954915,2416.526823609023,552.433402039763,0.0,1369.048260968659,368.4330142350678,1632.8428151054418,0.0,0.0,0.0,0.0,0.0,0.0,0.0,0.0,0.0,0.0,0.0,0.0,0.0,0.0,0.0
150,0.0736358039999997,0.1579293892225921,0.02851218,2.04281036531028e-16,1.0528957622432165,1.4774431886697663,0.3791658762684369,0.0070261128239222,3476.2339166532133,3970.541346754321,2415.812554205197,0.0,0.0,482.5262741741099,1293.7128271553488,0.0,2404.671113714212,0.0,0.0,444.7584593897481,1108.0032651395975,0.0,0.8745918575503068,2377.8319186480894,538.3011262166056,0.0,1385.1794162295837,376.0510095150848,1617.048810645682,0.0,0.0,0.0,0.0,0.0,0.0,0.0,0.0,0.0,0.0,0.0,0.0,0.0,0.0,0.0
151,0.0735792656196674,0.1789397729102999,0.02851218,2.04281036531028e-16,0.8756383136603578,1.7788745560114274,0.4927786056956793,0.0028788117607993,4805.609864422572,4913.309607813319,2339.40284609874,0.0,0.0,830.1434591155952,1585.4926570845828,0.0,2057.8399046891886,0.0,0.0,425.72581327351634,1111.1286540638605,0.0,0.3057863930407097,2041.774662472424,418.26204541338205,0.0,1442.0209116454544,393.6338500085144,1491.703221312109,0.0,0.0,0.0,0.0,0.0,0.0,0.0,0.0,0.0,0.0,0.0,0.0,0.0,0.0,0.0
152,0.0695094754623048,0.1927812595261958,0.02851218,2.04281036531028e-16,0.6734981381607715,2.08690673581932,0.6110598252673124,5.502911883661817e-05,6046.5540362928505,5549.880467469129,2374.578313353657,0.0,0.0,1083.9491564394048,1819.2115897138424,0.0,1841.3901029621848,0.0,0.0,325.89739292102365,1096.151823448407,0.0,0.0,1670.3958384896073,302.8893229690584,0.0,1389.4953863967703,337.3215664898467,1332.1089440257165,0.0,0.0,0.0,0.0,0.0,0.0,0.0,0.0,0.0,0.0,0.0,0.0,0.0,0.0,0.0
153,0.0572957672890363,0.1867521019933565,0.0282783300053667,2.04281036531028e-16,0.4888187521226941,2.4096046959913098,0.7274424515336041,1.964650664376679e-15,6562.061770972974,5383.239915492349,2515.866286891315,0.0,0.0,1095.5089364542118,1867.0926148346043,0.0,1901.7004393030047,0.0,0.0,164.4235926257605,1060.9458461777622,0.0,0.0,1429.4797492240507,257.577696220549,0.0,1165.8153340917984,151.99705419030826,1067.5863909381146,0.0,0.0,0.0,0.0,0.0,0.0,0.0,0.0,0.0,0.0,0.0,0.0,0.0,0.0,0.0
154,0.0446969503255812,0.17988002001329,0.0245848053289036,2.0428103653102802e-16,0.3146817192159733,2.685834499907757,0.812328468358802,1.964650664376679e-15,6487.978444360153,4894.9272311875,2652.9199296335373,0.0,0.0,950.1584176669772,1796.027027792236,0.0,2015.1014194155075,0.0,0.0,48.656437486431685,992.7408790536654,0.0,0.0,1256.0548719757994,209.84198554274536,0.0,1020.4417819187556,67.12454362868469,858.5074842858693,0.0,0.0,0.0,0.0,0.0,0.0,0.0,0.0,0.0,0.0,0.0,0.0,0.0266753859751645,0.0,0.0
155,0.0328320450299002,0.1741264254314613,0.0199906500797341,2.04281036531028e-16,0.1716273367670346,2.9088747961048664,0.8576522620239766,1.964650664376679e-15,5863.033843853483,4059.539372845847,2800.38914729337,0.0,0.0,645.0734050821112,1607.9917897208893,0.0,2189.191797323782,0.0,0.0,0.0,887.0859532337636,0.0,0.0,1126.743654963844,154.91624738122593,0.0,1004.474091031966,146.2855350746773,860.3535767385281,0.0,0.0,0.0,0.0,0.0,0.0,0.0,0.0,0.0,0.0,0.0,0.0,5.189683719672907,0.0,0.0
156,0.0210894583455149,0.1642387561690373,0.0154438572558139,2.04281036531028e-16,0.0778974008914551,3.0330205885267763,0.8706775979505644,1.964650664376679e-15,4666.836588504785,2887.056880874431,2805.038763788505,0.0,0.0,221.69036203127453,1269.2623192092462,0.0,2303.299413315203,0.0,0.0,0.0,677.2379775325558,0.0,0.0,979.8215102139008,85.50661931907327,0.0,1108.5999122012447,257.6148329271482,1437.5371236650803,0.0,0.0,12.087524292662517,87.54744331363423,0.0,96.78806539406936,0.0,0.0,0.0,27.196929658490667,0.0,0.0,487.6601611003609,0.0,0.0
157,0.0086879161794019,0.1355574387707646,0.0106128898803986,2.04281036531028e-16,0.0183473006458226,3.0762811876107827,0.8549813525083058,1.964650664376679e-15,4177.902803814171,2560.1174315769413,2571.537942996122,0.0,0.0,166.16950187168356,1111.3524346670797,0.0,2130.2074480509746,0.0,0.0,0.0,580.7764182880884,0.0,0.0,883.4602509348362,68.00649288639555,0.0,1188.722014134178,377.29142952221287,1511.063593411191,0.0,0.0,42.78997004903992,172.5899051863034,0.0,186.68092643308003,0.0,0.0,0.0,96.27743261033984,0.0,0.0,645.6651425511822,0.0,0.0
158,0.0004323694332366,0.1070572023388708,0.0059240097807308,2.04281036531028e-16,0.0398718013868929,3.075458289653778,0.7986796134295605,1.964650664376679e-15,2142.431392590855,1225.0807884342953,1415.918846376391,0.0,0.0,43.09086355089365,404.3053907019874,0.0,1195.9963933281326,0.0,0.0,0.0,156.55969153297187,0.0,0.0,363.2074459422663,0.0485201187955317,0.0,1607.9609655297304,1064.2639652424325,1740.688871724322,0.0,0.0,213.15099178627463,606.5307829748509,0.0,647.80943404837,0.0,0.0,0.0,454.6581849380609,0.0,0.0,1351.7663501505624,13.90413174712797,0.0
159,-9.947598300641372e-17,0.0782690847308973,0.0013637270191186,2.04281036531028e-16,0.1122542319175342,3.0136836760581702,0.7075260023875122,1.964650664376679e-15,2381.649166006611,1141.454609605936,2105.777367233304,0.0,0.0,1.5541527502836514,220.88770381704893,0.0,1652.463241596132,0.0,0.0,0.0,5.647076763453022,0.0,0.0,189.587191233607,0.0,0.0,1904.208580218122,1772.7631419082957,2055.7120976330125,0.0,0.0,378.00365451146695,703.5703604529572,0.0,925.3381881287664,0.0,0.0,0.0,582.7276361496918,0.0,0.0,1624.9960197114203,149.70985766410763,0.0
160,-9.947598300641372e-17,0.0483294424186056,-5.684341886080815e-17,2.0428103653102802e-16,0.2183687860066713,2.8924429009716603,0.5844675416939601,1.964650664376679e-15,2562.741190044314,1025.2858143109645,2776.7799659324924,15.8004165589534,0.0,0.0,50.09081567253523,0.0,2108.7125696563703,0.0,0.0,0.0,0.0,0.0,0.0,29.64976306369329,0.0,0.0,1989.996590107551,2126.078242758268,2495.6397664040105,0.0,0.0,418.8082789281534,728.665908912789,0.0,1404.4939864961966,0.0,0.0,0.0,649.4248367844601,0.0,0.0,1843.082789281534,256.5649335381916,0.0
161,-9.947598300641372e-17,0.0187810704649915,-5.684341886080815e-17,2.04281036531028e-16,0.3264353713792035,2.6933482897644305,0.4584540871111374,1.964650664376679e-15,1872.6527829605643,426.7006599613528,2944.115615669019,154.86494604587162,0.0,0.0,2.513474201541676,0.0,2348.467899555252,0.0,0.0,0.0,0.0,0.0,0.0,0.0,0.0,0.0,1829.5206820288945,1981.013298192304,2350.5423996806267,0.0,0.0,387.85462907703686,692.490030430356,0.0,1389.085972692718,0.0,0.0,28.650513913572784,642.740764450492,0.0,27.92610142523972,1802.2846202406624,289.9683469404809,0.0
162,-9.947598300641372e-17,0.0094447147831046,-5.684341886080815e-17,2.04281036531028e-16,0.4374182377247544,2.5006383865401025,0.3608013269700973,1.964650664376679e-15,1609.4019416147926,222.3005806039392,2945.3002750229184,182.6001974523518,0.0,0.0,0.0,0.0,2400.6999365331726,0.0,0.0,0.0,0.0,0.0,0.0,0.0,0.0,0.0,1666.790265855488,1813.7399732028955,2177.809061866267,0.0,0.0,357.0099268956173,674.1285795183787,0.0,1364.7067135936545,0.0,0.0,79.09814065702056,662.2473966847665,0.0,77.09818766948528,1813.7042219330244,346.16715880169505,0.0
163,-9.947598300641372e-17,0.0224399052358811,-5.684341886080815e-17,2.04281036531028e-16,0.5824998766735052,2.2383957895099336,0.3176476560812363,0.0011053045721827,1446.701798968653,173.6481166407473,2922.2543710403543,166.05442023410032,0.0,0.0,0.0,0.0,2406.0182220676106,0.0,0.0,0.0,0.0,0.0,0.0,0.0,0.0,0.0,1644.512558672342,1815.985471539658,2256.4212010067927,0.0,0.0,363.1358039371367,793.1596887206332,0.0,1640.0954175083857,0.0,0.0,234.90420946222216,880.39559036588,0.0,228.96478570843647,2297.8848764590243,584.2490745600353,0.0
164,-9.947598300641372e-17,0.0372392216611303,-5.684341886080815e-17,2.04281036531028e-16,0.7363804973271749,1.8841138608743149,0.3105730540803589,0.0179697159867129,764.2831362989689,0.0,2437.111584464879,36.696234994348416,0.0,0.0,0.0,0.0,2156.9325706417108,0.0,0.0,0.0,0.0,0.0,0.0,0.0,0.0,0.0,1831.272134436849,2641.1178719033837,2584.842615367956,0.0,0.0,543.2645892423311,1308.551116047637,0.0,2578.018846647608,0.0,0.0,808.2390737283076,1598.5817773428332,0.0,597.9831832610237,3972.599287190668,1365.8347011183369,0.0
165,-9.947598300641372e-17,0.0512008409302333,-5.684341886080815e-17,2.04281036531028e-16,0.9028467877441424,1.534943103833176,0.3274303872125517,0.0396077284826484,543.1150816882858,0.0,2028.2117358025248,0.0,0.0,0.0,0.0,0.0,1794.0382497532703,0.0,0.0,0.0,0.0,0.0,0.0,0.0,0.0,0.0,2025.5830168235,3474.434102081648,2964.6387955518967,0.0,0.0,618.3181226119005,1242.653988023901,0.0,2779.985431422948,0.0,0.0,721.2934074707506,1389.9721106358018,0.0,468.44169831765,3803.194546906151,1139.180602224052,0.0
166,-9.947598300641372e-17,0.0649298489142866,-5.684341886080815e-17,2.04281036531028e-16,1.0878758978089311,1.2241899657376714,0.3661630445469747,0.0666241223011315,464.8792020943864,0.0,1919.9371143494811,0.0,0.0,0.0,0.0,0.0,1669.8788454617766,0.0,0.0,0.0,0.0,0.0,0.0,0.0,0.0,0.0,2030.0,3580.0,3121.0,0.0,0.0,598.0,1187.0,0.0,2867.0,0.0,0.0,697.0,1314.0,0.0,468.0,3763.0,1061.0,0.0
167,-9.947598300641372e-17,0.0897231141881786,-5.684341886080815e-17,2.04281036531028e-16,1.3495493277254709,0.9493886338657272,0.4229600251197874,0.1186434425103763,319.665135169847,0.0,1708.121533371297,0.0,0.0,0.0,0.0,0.0,1436.9559094621657,0.0,0.0,0.0,0.0,0.0,0.0,0.0,0.0,0.0,2041.253011399238,3641.937223913674,3168.0495709519805,0.0,0.0,593.9030641785038,1173.8735497520606,0.0,2883.8661978420355,0.0,0.0,680.7925248843776,1283.1926228257892,0.0,452.51830823398336,3706.702601042766,1024.6198584925417,0.0
168,-9.947598300641372e-17,0.1137571321993362,-5.684341886080815e-17,2.0428103653102802e-16,1.6493343672839822,0.6771244994457655,0.4725131211123687,0.184088274458474,320.4709664219147,0.0,1672.6914584068704,0.0,0.0,0.0,0.0,0.0,1349.6703901623785,0.0,0.0,0.0,0.0,0.0,0.0,0.0,0.0,0.0,2093.0185609298537,3926.9340375198935,3384.7033245039297,0.0,0.0,575.093490813358,1113.344326204277,0.0,2961.5203938471004,0.0,0.0,606.2098049575728,1141.398207384623,0.0,381.35134060837095,3447.6107535999663,857.2366900036365,0.0
169,-9.947598300641372e-17,0.1311930942458477,-5.684341886080815e-17,2.04281036531028e-16,1.905907098697701,0.4875561272425217,0.4788386587401975,0.257531260762793,297.38873943867253,0.0,1436.4300069106982,0.0,0.0,0.0,0.0,0.0,1157.7269056461662,0.0,0.0,0.0,0.0,0.0,0.0,0.0,0.0,0.0,2165.5737000468,4326.511966615396,3688.468492200344,0.0,0.0,548.6480977685305,1028.544977151802,0.0,3070.429857282911,0.0,0.0,501.6755835907389,942.5736751300926,0.0,281.5688356324725,3084.275134419403,622.5048270392667,0.0
170,-9.947598300641372e-17,0.1479025578737546,-5.684341886080815e-17,2.04281036531028e-16,2.135277450245592,0.3447750769146793,0.4787566919999981,0.3345261635481751,144.3094930604487,0.0,876.2098074005775,0.0,0.0,0.0,0.0,0.0,661.5860385827258,0.0,0.0,0.0,0.0,0.0,0.0,0.0,0.0,0.0,2266.1777411092185,4737.964380607963,3961.761608192004,0.0,0.0,531.55526845806,979.8793017392884,0.0,3194.352646769201,0.0,0.0,428.51268321066505,804.2429370137727,0.0,195.626614046976,2806.099608891328,443.4552633723002,0.0
171,-9.947598300641372e-17,0.1662515177164606,-5.684341886080815e-17,2.04281036531028e-16,2.410336092223284,0.2162616260912084,0.4787566919999981,0.4188470055656925,75.99595717221982,0.0,1153.5031587633168,0.0,0.0,0.0,0.0,0.0,734.1708139158617,0.0,0.0,0.0,0.0,0.0,0.0,0.0,0.0,0.0,2230.9218619826115,4758.091334969049,3849.0982392226174,0.0,0.0,493.0102913381782,926.1223593421656,0.0,3087.8494589751667,0.0,0.0,386.7169548324577,727.8016813077273,0.0,130.59113016012347,2501.4365927989206,350.7062560534201,0.0
172,-9.947598300641372e-17,0.1761611984160493,-5.684341886080815e-17,2.04281036531028e-16,2.7421426989775384,0.1085100249330407,0.4618702132877569,0.5112584989557903,3.449425247202218,0.0,1208.189943529274,0.0,0.0,0.0,0.0,0.0,458.24177770076415,0.0,0.0,0.0,0.0,0.0,0.0,0.0,0.0,0.0,1136.5734545194778,2428.3091173662187,1958.7218603264216,82.62228037628793,0.0,249.82126123440548,470.1363503437578,0.0,1570.612385716773,0.0,0.0,195.47434383143715,367.92973806103214,0.0,63.75591773999299,1262.692173111214,174.80482347201854,0.0
173,-9.947598300641372e-17,0.1701081834053863,-5.684341886080815e-17,2.04281036531028e-16,3.030515668106338,0.035660812977448,0.3939642809828214,0.5785018193714582,0.0,0.0,953.6735304195762,0.0,0.0,0.0,0.0,0.0,51.60681184712583,0.0,0.0,0.0,0.0,0.0,0.0,0.0,0.0,0.0,696.1874290061371,1421.8860405047385,1206.7670739315429,61.93105042535329,0.0,157.54390398329565,290.72063876295744,0.0,971.4621010396728,21.86919104192827,0.0,119.10364718237597,229.19391275890413,0.0,48.55825068064496,777.4183348218536,111.80364516189115,0.0
174,-9.947598300641372e-17,0.1561477383388705,-5.684341886080815e-17,2.04281036531028e-16,3.372570926440944,0.0112681387375384,0.3144552032691015,0.6244481278631002,0.0,0.0,1009.200237440512,0.0,0.0,0.0,0.0,0.0,171.2813301541532,0.0,0.0,0.0,0.0,0.0,0.0,0.0,0.0,0.0,1137.9139160725151,1977.2125219133527,2009.8916238541065,60.29762318750315,0.0,281.4179840067741,489.7738353610322,0.0,1637.6647123628125,72.99506171745128,0.0,191.27459083131947,395.0538073153015,0.0,129.63826352079948,1292.0528205203734,207.89153997590293,0.0
175,-9.947598300641372e-17,0.1420465028770769,-5.684341886080815e-17,2.04281036531028e-16,3.752132856819791,0.0008170533164421,0.2341322366710939,0.6570115115755847,0.0,0.0,1268.6808615099078,0.0,0.0,0.0,0.0,0.0,646.8579848003477,0.0,0.0,0.0,0.0,0.0,0.0,0.0,0.0,0.0,1808.1622171328647,2870.0442482046474,3223.232729271894,63.627732089007225,0.0,465.8997156184932,789.6955134460342,0.0,2641.355130959688,133.54759177374092,0.0,301.2353533173799,643.8095358777229,0.0,245.4287939831613,2069.8453677988978,350.11982433983235,0.0
176,-9.947598300641372e-17,0.1286402726689765,-5.684341886080815e-17,2.04281036531028e-16,4.178516345105559,-3.035793838535022e-15,0.1585809314551464,0.6673472447365543,0.0,0.0,971.2604915922432,0.0,0.0,0.0,0.0,0.0,593.8361744059612,0.0,0.0,0.0,0.0,0.0,0.0,0.0,0.0,0.0,2273.9402656722327,3483.221926861538,4059.77926852948,65.6426519773278,0.0,594.2094882412255,998.035625434346,0.0,3334.7504597089346,174.20133176790384,0.0,376.55882613592433,816.8657414260603,0.0,324.9057871771531,2607.065251438678,449.440630919065,0.0
177,-9.947598300641372e-17,0.104848116251991,-5.684341886080815e-17,2.04281036531028e-16,4.601886786269692,-3.035793838535022e-15,0.0790532417541507,0.6576251221004222,0.0,0.0,967.8315781060536,0.0,0.0,0.0,0.0,0.0,626.7221859222323,0.0,0.0,0.0,0.0,0.0,0.0,0.0,0.0,0.0,2540.4235868571427,3607.950105150976,4386.930692261509,63.265374725391055,0.0,661.7327943626361,1114.289712980765,0.0,3645.965617913632,168.4089338951924,0.0,380.8057025108034,919.628729294246,0.0,341.68568266370386,2827.970381612575,523.3666261498867,0.0
178,-9.947598300641372e-17,0.0803563262192697,-5.684341886080815e-17,2.0428103653102802e-16,4.970743849336745,-3.035793838535022e-15,0.0117424736282956,0.6402556979800681,0.3700973974372945,0.0,1510.7775189679692,0.0,0.0,0.0,0.0,0.0,1020.4317880723968,0.0,0.0,0.0,0.0,0.0,0.0,0.0,0.0,0.0,2549.02229106068,3213.4894486048925,4329.803534262289,62.76361855482223,0.0,624.3354764181723,1102.5470159253268,0.0,3644.0489182984943,143.30151962593686,0.0,285.61177357081664,904.681616797815,0.0,267.22305434317985,2703.533688823329,543.3319399439221,0.0
179,-9.947598300641372e-17,0.0616489919402,-5.684341886080815e-17,2.04281036531028e-16,5.305024162483542,-3.035793838535022e-15,3.964821083349092e-05,0.6062647361170472,64.05001064539964,0.0,1812.66697234219,0.0,0.0,0.0,0.0,0.0,1229.1463638299165,0.0,0.0,0.0,0.0,0.0,0.0,0.0,0.0,0.0,2489.6328442524955,2966.8865884989227,4250.779024677098,39.87054382870261,0.0,586.2891185088348,1052.0776327635558,0.0,3563.844054889803,93.97439042318618,0.0,214.3270555285276,847.9409959547481,0.0,176.02038744247426,2538.968564034733,513.3135736155923,0.0
180,-9.947598300641372e-17,0.0440314052890374,-5.684341886080815e-17,2.04281036531028e-16,5.526972885363479,-3.035793838535022e-15,-2.1849189124623037e-15,0.5616780024318944,128.72278651563894,0.0,1425.3124155124822,0.0,0.0,0.0,0.0,0.0,954.6054237276936,0.0,0.0,0.0,0.0,0.0,0.0,0.0,0.0,0.0,2420.428763591144,2672.744650266281,4150.706426109654,12.96765380768295,0.0,541.0705026267651,989.8924380284692,0.0,3456.1245818532434,35.554250787729146,0.0,126.39717667660902,777.258961284877,0.0,67.90160035323908,2332.206136633836,472.5477938717826,0.0
181,-9.947598300641372e-17,0.0265954432425256,-5.684341886080815e-17,2.0428103653102802e-16,5.633741893737757,-3.035793838535022e-15,0.0075270804987275,0.5134711612648051,64.90636937067563,18.65129808875243,718.746996093661,0.0,0.0,0.0,0.0,0.0,481.3733476605067,0.0,0.0,0.0,0.0,0.0,0.0,18.02171840643167,0.0,0.0,2393.949792066639,2399.02711271579,3802.1139016401175,0.0,0.0,504.6716396840448,822.335103202653,0.0,2855.0677112049752,0.0,0.0,0.0,520.7380587792801,0.0,0.0,1748.484293723997,205.6078048082896,0.0
182,-9.947598300641372e-17,0.0082415372016363,-5.684341886080815e-17,2.04281036531028e-16,5.574839139455424,-3.035793838535022e-15,0.0427627575839487,0.4502271510575032,31.41670169383186,37.140697195903776,348.08618732785794,0.0,0.0,0.0,10.86119520342363,0.0,233.1177663108901,0.0,0.0,0.0,0.7519737710787683,0.0,0.0,35.83169447952963,0.0,0.0,2387.0184218634017,2302.949997799338,3452.19603925387,0.0,0.0,488.7256568233619,609.7684108600912,0.0,2193.104576857243,0.0,0.0,0.0,227.0506491210444,0.0,0.0,1199.6611582948342,0.0,0.0
183,0.000142113563865,0.0110698562290245,-5.684341886080815e-17,2.04281036531028e-16,5.4207116587960895,-3.035793838535022e-15,0.1262164381225679,0.4102421638210248,415.68779091596326,484.1614370227158,459.8043018011415,0.0,0.0,0.0,85.46749973541382,0.0,331.0385593816358,0.0,0.0,0.0,45.29467639822384,0.0,0.0,114.620174330752,0.0,0.0,2385.988394402559,2227.5640684404057,3052.788862914323,0.0,0.0,442.0112542606301,308.8864394417396,0.0,1341.9198877345743,0.0,0.0,0.0,2.7149027808162502,0.0,0.0,463.1955044141809,0.0,0.0
184,0.0018771994285713,0.0296727653421934,-5.684341886080815e-17,2.0428103653102802e-16,5.207577827709226,0.0010750341856526,0.248107850668749,0.3701034284205607,2094.585212988646,2438.481942616409,1585.8994549862855,0.0,0.0,79.59141123289477,416.7456087390785,0.0,1182.638496882853,0.0,0.0,0.0,223.73646345334245,0.0,0.0,514.1857897314908,0.0,0.0,2309.904611822804,2159.822743096669,2847.4682292900065,0.0,0.0,373.90596376791,164.47769290574928,0.0,895.0974921420711,0.0,0.0,0.0,0.0,0.0,0.0,196.2091036605404,0.0,0.0
185,0.0041254731627905,0.0492285048039874,-5.684341886080815e-17,2.04281036531028e-16,4.925098294764909,0.0212699107697388,0.4087319481995888,0.3332871213189381,3590.2278366185133,4212.365476203014,2737.907088907637,0.0,0.0,383.8083216649818,706.5729997083413,0.0,2052.550444306125,0.0,0.0,0.0,370.2587711803611,0.0,0.0,885.1847848995042,0.0,0.0,2123.400872168547,1959.035075938739,2656.537430464045,0.0,0.0,297.9039449174114,39.84615384615385,0.0,787.3185579678325,0.0,0.0,0.0,0.0,0.0,0.0,44.69230769230769,0.0,0.0
186,0.0063519189966776,0.0685943827176087,-5.684341886080815e-17,2.04281036531028e-16,4.575824606791517,0.0666080437873723,0.6456142196228549,0.312929902541663,3010.8410861123166,3822.183110114757,3348.568026060195,0.0,0.0,94.08324045221642,529.268948611143,0.0,2541.8684089612743,0.0,0.0,0.0,175.90871510768656,0.0,0.0,815.4631607466367,0.0,0.0,1716.7341192474344,1406.4412598016609,2480.844455535748,0.0,0.0,26.46027861791992,0.0,0.0,692.2470482517795,0.0,0.0,0.0,0.0,0.0,0.0,0.0,0.0,0.0
187,0.0084473974285713,0.0868210913421935,-5.684341886080815e-17,2.04281036531028e-16,4.194024355274038,0.1252426904330461,0.9341878998971525,0.2923408184599186,2821.616955692464,3882.2854644965264,3608.934006754111,10.47372477386348,0.0,5.326006629089073,438.7560063427276,0.0,2830.092328916915,0.0,0.0,0.0,89.4470135110163,0.0,0.0,785.2562728103444,0.0,0.0,1461.291581522992,992.6126501397564,2495.8746853002044,0.0,0.0,0.0,0.0,0.0,653.56383415471,0.0,0.0,0.0,0.0,0.0,0.0,0.0,0.0,0.0
188,0.0105210479601327,0.1048478187451362,-5.684341886080815e-17,2.04281036531028e-16,3.8074127838229255,0.260391284821205,1.2292156732852366,0.2659021362389342,2746.829934338114,4015.563950914956,3766.5826091287736,171.04618421938682,0.0,0.0,389.961490408923,0.0,3028.7257506247943,0.0,0.0,0.0,56.18579577864318,0.0,0.0,781.6054061925532,0.0,0.0,1094.059593553482,569.4263065665664,2440.130915770216,0.0,0.0,0.0,0.0,0.0,541.4767366572922,0.0,0.0,0.0,0.0,0.0,0.0,0.0,0.0,0.0
189,0.0126214685581394,0.1142786705968794,-5.684341886080815e-17,2.04281036531028e-16,3.3550183572486905,0.5037504071798378,1.535897353244151,0.2313049679729227,2726.982435759065,4236.316646316461,3900.361811507436,690.8065483599005,0.0,0.0,338.0050183545528,0.0,3173.4623010934,0.0,0.0,0.0,14.278886162405655,0.0,0.0,738.1080171177936,0.0,0.0,216.71396475973637,0.0,2019.9508990143668,0.0,0.0,0.0,0.0,0.0,143.9117129328121,0.0,0.0,0.0,0.0,0.0,0.0,0.0,0.0,0.0
190,0.0131403959999999,0.114296652000001,-5.684341886080815e-17,2.04281036531028e-16,2.893463493371094,0.8774125931132095,1.823744231240988,0.1915044065581414,2781.670472053311,4293.286964870096,3904.0,707.3556109487629,0.0,0.0,345.2600650189291,0.0,3151.5922960339585,0.0,0.0,0.0,23.896214032906837,0.0,0.0,733.1794551664623,0.0,0.0,123.64325233976405,0.0,1851.7611083297484,0.0,0.0,0.0,0.0,0.0,111.95080447646006,0.0,0.0,0.0,0.0,0.0,0.0,0.0,0.0,0.0
191,0.0131403959999999,0.114296652000001,-5.684341886080815e-17,2.04281036531028e-16,2.4739209237658017,1.2939094023687685,2.0954064615996644,0.1610329837400348,2894.6959248352277,4127.022108286615,3878.3049587861183,662.726228447501,0.0,0.0,438.1259789031665,0.0,3117.5736017842178,0.0,0.0,0.0,130.1401864045702,0.0,0.0,865.4272818371275,0.0,0.0,75.20638989763773,0.0,1874.36107834406,0.0,0.0,0.0,0.0,0.0,84.40294199909282,0.0,0.0,0.0,0.0,0.0,0.0,0.0,0.0,0.0
192,0.0131403959999999,0.1148160229695896,-5.684341886080815e-17,2.04281036531028e-16,2.108613362998489,1.7538696849376405,2.2887052150227403,0.1453095680531581,3071.269148031573,3977.577093107014,3774.4179052180993,576.7346440813614,0.0,0.0,567.9674119285467,0.0,3071.4287258929444,0.0,0.0,0.0,247.85003325152155,0.0,0.0,984.2583273567284,0.0,0.0,153.16935574603707,0.0,2099.7455572558565,0.0,0.0,0.0,0.0,0.0,259.449867969769,0.0,0.0,0.0,0.0,0.0,0.0,0.0,0.0,0.0
193,0.0129848722101327,0.1291305635880408,-5.684341886080815e-17,2.04281036531028e-16,1.8208269196893925,2.272277611946009,2.3726898488621218,0.1257373718646201,2360.1201764514485,2919.2892089531165,2784.016012586733,399.9240040953785,0.0,44.72955160429776,471.7085408598159,0.0,2279.388802589649,0.0,0.0,0.0,228.00265941913423,0.0,0.0,778.9595500718547,0.0,0.0,299.9285878379061,0.0,2440.783936471107,0.0,0.0,0.0,0.0,0.0,822.0761986614303,0.0,0.0,0.0,0.0,0.0,0.0,0.0,0.0,0.0
194,0.0112850244717607,0.1494527506445189,-5.684341886080815e-17,2.04281036531028e-16,1.563882691019126,2.8243747620398643,2.3925758039576386,0.114327128691032,1350.5315282558113,1631.3024522060302,1554.6360749709738,207.22696041963988,0.0,46.07676000462981,291.0508317630295,0.0,1281.952284058175,0.0,0.0,0.0,150.1763794111303,0.0,0.0,470.5729221603449,0.0,0.0,463.2268927515961,0.0,2693.910162857438,0.0,0.0,0.0,0.0,0.0,1206.7015943982612,0.0,0.0,0.0,0.0,0.0,0.0,0.0,0.0,0.0
195,0.0091022344385381,0.170621695495017,-5.684341886080815e-17,2.04281036531028e-16,1.29854418264582,3.352432607629694,2.3609984289092747,0.1052664908172776,2141.8735409917244,2319.9484941327555,2203.409861021454,181.1858766891824,0.0,111.45402176365164,605.5507259922894,0.0,1880.5717517927053,0.0,0.0,0.0,372.3007260048224,0.0,0.0,915.6362515734672,12.650890071013192,0.0,473.8123482584515,0.0,2591.9250667635574,0.0,0.0,0.0,0.0,0.0,1091.3560101380872,0.0,0.0,0.0,0.0,0.0,0.0,0.0,0.0,0.0
196,0.0068539607043188,0.1924257086910302,-5.684341886080815e-17,2.0428103653102802e-16,0.9929836493609776,3.813401214148913,2.2540617859792818,0.0959340338073107,3228.71540628538,3097.8563893038868,3217.967323761568,191.06511127029964,0.0,181.48368895760387,1044.3517446156072,0.0,2833.67868641341,0.0,0.0,15.90986083705768,699.5848682073743,0.0,16.498956394544745,1559.0460350933024,177.93804909439606,0.0,381.9590293974638,0.0,2334.590442043168,0.0,0.0,0.0,0.0,0.0,819.618906505952,0.0,0.0,0.0,0.0,0.0,0.0,0.0,0.0,0.0
197,0.0060048716998682,0.2144414113355485,-5.684341886080815e-17,2.04281036531028e-16,0.7008337344386854,4.220038480788561,2.0414255414984,0.0842606374485069,3151.391701401066,2282.413360461145,3436.3945816854307,197.50289707292316,0.0,174.09999497979928,1250.5340876507703,0.0,3207.875553794446,2.0400845151601192,0.0,96.66049195733524,932.6237852551964,0.0,191.0655636970677,1924.0902034455275,364.7926348389549,0.0,323.35516103794896,0.0,2265.686073380784,0.0,0.0,0.0,0.0,0.0,846.0894752313746,0.0,0.0,0.0,0.0,0.0,0.0,0.0,0.0,0.0
198,0.0083662635348836,0.2352155962864213,-5.684341886080815e-17,2.04281036531028e-16,0.4318220620516247,4.488103637431253,1.8029645884724648,0.0661692600534411,2666.4450438346853,1502.2019708010123,3302.0889298595557,197.1982828510974,0.0,180.36720638387536,1233.0881590579706,0.0,3247.1695440729204,65.33007708714219,0.0,120.5487655545026,964.153130019171,0.0,323.62712496559794,2022.293471318017,426.764728319837,0.0,274.8426536948685,0.0,2354.4526661347827,0.0,0.0,0.0,0.0,0.0,1167.3813797125474,0.0,0.0,0.0,0.0,0.0,0.0,75.18529104110551,0.0,0.0
199,0.0109143536082445,0.2417346245548852,-5.684341886080815e-17,2.04281036531028e-16,0.2142773280586047,4.644151579995387,1.5681211171222411,0.0582653143768413,1592.8209964714904,729.1907925795992,2306.194394053147,156.77931394630642,0.0,140.2098690816574,819.0868760878527,0.0,2375.9516146511687,130.8699932667089,0.0,30.980776472622185,614.8444996720831,0.0,249.57088008933007,1418.8225542803768,308.4835980088613,0.0,227.97820921333616,1.512104755248142,2690.718755895889,0.0,0.0,0.0,0.0,0.0,1931.4607937799203,0.0,0.0,0.0,0.0,0.0,0.0,428.577460636973,0.0,0.0
200,0.0152144583787374,0.2417337000000002,-5.684341886080815e-17,2.04281036531028e-16,0.0720939273741607,4.594660522293382,1.3352786539120818,0.0582640200000022,761.110914964703,348.43957689997086,1101.9621299659505,74.93429508070577,0.0,67.02231897560884,391.3856648877343,0.0,1135.3044912118326,62.54542290539666,0.0,0.0,293.7518451496454,0.0,71.52373628278109,677.9840384337912,147.41833502311863,0.0,347.9079354515184,113.98227747109912,2929.961036894076,0.0,0.0,0.0,0.0,0.0,2402.867213321533,0.0,0.0,0.0,0.0,0.0,0.0,880.7840100375022,0.0,0.0
201,0.0198625656079733,0.2417337000000002,-5.684341886080815e-17,2.04281036531028e-16,0.0114840518103012,4.462073458819255,1.0829402672724926,0.0562710652268348,336.04156387994925,143.82904481210258,508.8622718244002,46.00862385563309,0.0,21.530105953787597,142.07595759070878,0.0,515.4454350462431,26.3576358902081,0.0,0.0,102.01261254833976,0.0,0.0,251.03599856302372,47.314268469442624,0.0,492.83649006016407,283.94325117173014,3073.6891940712626,0.0,0.0,0.0,0.0,0.0,2663.7243339322445,0.0,0.0,0.0,17.78108276051426,0.0,9.51081170911228,1295.663531616241,14.266217563668418,0.0
202,0.0243228705249168,0.2415231946121264,-5.684341886080815e-17,2.04281036531028e-16,0.0163747519958706,4.277633585534056,0.8738647171345485,0.0476058269302347,1177.8730474112238,380.9088594858483,2056.7650630956955,319.5649601089199,0.0,0.0,121.2713140442717,0.0,1980.128992981807,76.68803480628692,0.0,0.0,18.48936510777947,0.0,0.0,287.77228776054585,0.0,0.0,490.485600469372,465.8925358639573,2515.383573765145,0.0,0.0,0.0,0.0,0.0,2347.790451976487,0.0,0.0,0.0,66.13544282250201,0.0,35.37015342504036,1561.3783616646317,53.03196334839373,0.0
203,0.0279816293156145,0.2172436042679958,-5.684341886080815e-17,2.04281036531028e-16,0.0412416745470887,3.982353523455152,0.7193046992336607,0.0377338501196034,1693.3201496662484,462.5899652070842,3425.320423040642,626.8262246643113,0.0,0.0,111.8123874745503,0.0,3257.3836140718017,178.07381399448388,0.0,0.0,0.0,0.0,0.0,283.67216822247025,0.0,0.0,248.98785346201404,236.5130767970771,1276.8558189298883,0.0,0.0,0.0,0.0,0.0,1191.8315017545808,0.0,0.0,0.0,33.57119099764946,0.0,17.950955172277013,792.5708682041709,26.91063282458893,0.0
204,0.0282642479999999,0.1749590640299006,8.482467799636534e-05,2.04281036531028e-16,0.1325680935640408,3.600366635185026,0.6025060920659293,0.027566816487863,1105.6676872625972,111.01264807780656,3544.980491689608,773.9238659808262,0.0,0.0,0.0,0.0,3310.1935196118934,246.10308384484992,0.0,0.0,0.0,0.0,0.0,0.0,0.0,0.0,205.0166601520669,277.03865735899467,1012.9093719685724,0.0,0.0,33.37997120609228,277.89023887481886,0.0,1016.4222220964106,0.0,0.0,329.6204960323193,118.5660635124644,0.0,155.42227615853352,920.2059897995134,138.88064581219402,0.0
205,0.0306770910205198,0.147014373099082,0.0016803364784052,2.0428103653102802e-16,0.3293433817791909,3.1932372141645478,0.5117908570881337,0.027355212452611,645.1726724970723,0.6946205970519846,3089.665417676176,507.76050313304273,0.0,0.0,0.0,0.0,2910.7327496656617,67.17977445263125,0.0,0.0,0.0,0.0,0.0,0.0,0.0,0.0,450.9704451803199,826.6521939033113,2126.61015819529,0.0,0.0,63.71826071315276,336.19813647837793,0.0,2328.656139635896,0.0,0.0,485.303689625634,500.7328325246364,0.0,713.2235704824599,2730.726951331069,613.4313972848186,0.0
206,0.0457597789210432,0.1322861366511632,0.0037387486644517,2.04281036531028e-16,0.609159337599797,2.816241589402132,0.444348945962532,0.0368596738189036,326.6116224138308,0.0,2285.894692758158,257.34746301426554,0.0,0.0,0.0,0.0,2179.7807239425465,0.1025039028710014,0.0,0.0,0.0,0.0,0.0,0.0,0.0,0.0,679.1661323161891,1472.1308709586954,3484.7563435081515,0.0,0.0,106.3461747556928,350.73445523267327,0.0,3796.523198250328,228.1910021033524,0.0,579.7758949308519,812.4654373046484,0.0,1265.0254962778,4171.646342777434,994.9642860396326,0.0
207,0.078898096500293,0.1246062043220645,0.0057971608504982,2.0428103653102802e-16,1.0170344907883762,2.437795710357632,0.4213177068743365,0.0689467866179422,36.06938521699447,0.0,1540.3120639097708,28.3991199696902,0.0,0.0,0.0,0.0,1496.1649057686525,0.0,0.0,0.0,0.0,0.0,0.0,0.0,0.0,0.0,817.5133975575317,1972.037249472962,3970.4564512998727,30.75786235428494,0.0,100.18133549328026,386.5757127821411,0.0,4163.91733101764,515.8701821448266,0.0,578.9352987810678,789.5228815400741,0.0,1272.2460367122126,4022.8502736306864,919.3822237359936,0.0
208,0.1119993684518272,0.1248295776326915,0.0079185856544849,2.04281036531028e-16,1.5666000868297911,2.0510979284643174,0.4214316176659096,0.1881184626586066,0.0,0.0,1342.9482386269444,0.0,0.0,0.0,0.0,0.0,1244.2237068531465,0.0,0.0,0.0,0.0,0.0,0.0,0.0,0.0,0.0,956.8763560798852,2423.3136926667626,4378.932704670034,190.3546986241209,0.0,95.72326376474544,425.2207624635192,0.0,4461.089243954117,762.9089370983326,0.0,573.1018739338305,764.7293914950523,0.0,1250.2705756757591,3867.8438300150806,840.4085467353144,0.0
209,0.1436391159069766,0.1489939528903658,0.0099559936345514,2.04281036531028e-16,2.2546957986764924,1.68030535327405,0.4593566745842896,0.3193471240265801,0.0,0.0,1217.8756383922916,0.0,0.0,0.0,0.0,0.0,1024.0525888286045,0.0,0.0,0.0,0.0,0.0,0.0,0.0,0.0,0.0,1336.9430772160072,2971.204949087208,4640.427124268816,390.5029602044449,0.0,173.75546259697546,646.2795007633721,0.0,4604.523021639982,795.1879701863834,0.0,610.6318425820481,842.718499756624,0.0,1094.794033750744,3701.729156735652,767.4425841263609,0.0
210,0.1762574122524914,0.1888233669195765,0.0119945905319374,2.04281036531028e-16,3.105158337432734,1.381363309848179,0.5189081549794987,0.4567294265517479,0.0,0.0,1040.313731718702,0.0,0.0,0.0,0.0,0.0,526.072587007394,0.0,0.0,0.0,0.0,0.0,0.0,0.0,0.0,0.0,1811.8368358363948,3567.2513552677087,4497.420683141086,218.93243483567036,0.0,399.6759865380068,1125.3677123540308,0.0,4339.396178488225,433.5018394970096,0.0,926.622676122116,1290.296566775224,0.0,1058.4441927953076,3889.7907490329735,916.01517311611,0.0
211,0.208059847417627,0.2177404525737738,0.0126445319999999,2.0428103653102802e-16,4.035484926287306,1.0978930282993944,0.6086199236388476,0.5905711652960741,0.0,0.0,958.1253552147324,0.0,0.0,0.0,0.0,0.0,52.84129159384649,0.0,0.0,0.0,0.0,0.0,0.0,0.0,0.0,0.0,2050.088191598279,3935.974545789052,4286.021091069792,0.0,0.0,574.8777033965882,1431.0486891774722,0.0,4024.146641192148,145.68237302696863,0.0,1153.3297992673993,1624.3690337069668,0.0,1091.00026798124,4157.048421196232,1076.8866221720127,0.0
212,0.2256554735810856,0.2320832969700998,0.0126445319999999,2.04281036531028e-16,4.86065471823197,0.8605144283294457,0.6870813490764093,0.7026210709458419,0.0,0.0,727.7428872288377,0.0,0.0,0.0,0.0,0.0,36.05514311960645,0.0,0.0,0.0,0.0,0.0,0.0,0.0,0.0,0.0,2200.7593481886147,4104.046947842016,4292.411964280071,0.0,0.0,621.1335948702781,1507.9772867862732,0.0,4016.348718539901,122.79783280345522,0.0,1195.4476787395336,1724.2243360787263,0.0,1107.0155415546528,4217.965981084878,1110.3075198428808,0.0
213,0.2249663141852485,0.240239946766246,0.0126445319999999,2.04281036531028e-16,5.589876980657565,0.657239545179271,0.7410379418312258,0.8034774661889731,0.0,0.0,679.9950392173688,0.0,0.0,0.0,0.0,0.0,62.33219038687356,0.0,0.0,0.0,0.0,0.0,0.0,0.0,0.0,0.0,2257.4365674254686,4170.967429795058,4256.278322992366,0.0,0.0,702.8214655388832,1591.3880201173574,0.0,3905.908066380445,112.48465802141416,0.0,1254.1418267879603,1852.644221886,0.0,1132.7097272267292,4338.21411871849,1204.6710231598515,0.0
214,0.2246263919999994,0.240586877841619,0.0125849564339473,2.04281036531028e-16,6.353880557384257,0.4308436345645423,0.7841478428078477,0.8370473062311119,0.0,0.0,871.559145026174,0.0,0.0,0.0,0.0,0.0,75.4654128760969,0.0,0.0,0.0,0.0,0.0,0.0,0.0,0.0,0.0,2239.0,4123.0,4284.0,0.0,0.0,733.0,1575.0,0.0,3923.0,164.0,0.0,1275.0,1825.0,0.0,1147.0,4364.0,1210.0,0.0
215,0.2231800783192383,0.2293948709266085,0.0111952417873753,2.04281036531028e-16,6.945827354135634,0.2804201151972212,0.788828792977342,0.8433983191640023,0.0,0.0,1304.410919315641,0.0,0.0,0.0,0.0,0.0,103.86512390719162,0.0,0.0,0.0,0.0,0.0,0.0,0.0,0.0,0.0,1967.794468147413,3623.575212411589,3765.075255626009,0.0,0.0,644.2037742966726,1384.2193325049725,0.0,3447.792364876132,144.13462664774045,0.0,1120.561671045728,1603.9229771583823,0.0,1008.0752652857032,3835.375106765039,1063.4347370732958,0.0
216,0.2088816215467484,0.2049340957816805,0.0090948211893687,2.04281036531028e-16,7.446265898505959,0.1719827327413382,0.7468760726504443,0.8363524309897998,0.0,0.0,1614.3236808397803,0.0,0.0,0.0,0.0,0.0,122.49217782438798,0.0,0.0,0.0,0.0,0.0,0.0,0.0,0.0,0.0,1460.231093872339,2335.3008787933736,2505.365192874707,44.37338703136163,0.0,516.2153146442557,989.684019121252,0.0,2303.196193584335,74.76886416820936,0.0,727.5084422808916,1084.765309501917,0.0,610.2779309355683,2522.6041122403844,704.0422186427631,0.0
217,0.1741520494883719,0.1723424280475017,0.0069313879734218,2.04281036531028e-16,7.876211171724349,0.0981738515303589,0.6769986467149165,0.8117428800924616,0.0,0.0,1605.3635094918056,0.0,0.0,0.0,0.0,0.0,47.89155863888286,0.0,0.0,0.0,0.0,0.0,0.0,0.0,0.0,0.0,2745.7798748356195,2891.606986304902,3487.371801610201,0.363839146440382,0.0,1132.4209839473788,1701.7378619530814,0.0,3247.9418411719157,3.970331598208854,0.0,926.663416908188,1592.4711454144492,0.0,563.2330043367991,3371.434976755904,962.9828999882376,0.0
218,0.1364655617940198,0.1321382835149507,0.0048099631694351,2.04281036531028e-16,8.172965289816196,0.0652592442857138,0.6043788515238048,0.7110384993089739,34.927608319313386,0.0,1732.8916669203738,0.0,0.0,0.0,0.0,0.0,202.2162309395991,0.0,0.0,0.0,0.0,0.0,0.0,0.0,0.0,0.0,1868.9345692761556,1881.0714421261823,2315.6952142805635,0.0,0.0,750.4440291783218,1112.916796443341,0.0,2137.766260467632,0.0,0.0,561.9606180507465,1014.1595269569976,0.0,311.69122056763337,2128.926248647845,590.0594412391218,0.0
219,0.0989622146524349,0.091748019109635,0.0026885383654484,0.0006293375358735,8.261311187072055,0.0379332279663526,0.5100961590502524,0.6103232878210256,187.7590043841833,0.0,2216.958555880829,0.0,0.0,0.0,0.0,0.0,901.7739831636154,0.0,0.0,0.0,0.0,0.0,0.0,0.0,0.0,0.0,2554.028278004253,2301.553549467832,3006.237280414322,0.0,0.0,915.2845485665804,1323.047212809563,0.0,2680.023324485109,0.0,0.0,486.3551596515131,1100.294054861408,0.0,144.336841096042,2259.015705531516,533.2991869918013,0.0
220,0.064550358390463,0.0526446640734812,0.0011866366949383,0.0028639852624586,8.105814723960938,0.0273944267641189,0.409802346775059,0.5516032514528064,224.65165321819427,0.0,2278.583166842767,0.0,0.0,0.0,0.0,0.0,1021.1183552898784,0.0,0.0,0.0,0.0,0.0,0.0,0.0,0.0,0.0,3172.3344913199903,2634.4493959245888,3815.266668487589,0.0,0.0,1034.0924579850675,1463.0171448052915,0.0,3350.832190765404,0.0,0.0,363.914420204723,1159.3939181025055,0.0,31.24271087161192,2421.6184194215834,481.97878988087086,0.0
221,0.0377501138805342,0.0241323954085029,0.0088991937807308,0.0052115141661131,7.810283984460799,0.0175100945382054,0.2985983473461211,0.5036151655748887,435.4315792800047,0.0,2610.371746209336,0.0,0.0,0.0,0.0,0.0,1684.6795706904752,0.0,0.0,0.0,0.0,0.0,0.0,0.0,0.0,0.0,2960.2647063212307,2159.751038327584,4131.287274021023,0.0,0.0,795.1814392017119,1202.8766662393712,0.0,3614.55131446619,0.0,0.0,200.89056055628544,908.7577956219176,0.0,0.0,2205.871835400785,295.0693146293023,0.0
222,0.0260981028092521,0.0084165088903662,0.0203674902458471,0.0076059936478407,7.3510801699256785,0.007890168199335,0.212907552579197,0.4651531621944484,680.086439941621,0.0,3004.270723852469,0.0,0.0,0.0,0.0,0.0,2469.611527630236,0.0,0.0,0.0,0.0,0.0,0.0,34.051645732197315,0.0,0.0,2208.474764753389,1299.823436387435,4070.0178189235967,0.0,0.0,402.01963674283934,736.2530895812428,0.0,3590.7465657597263,2.1391804055449586,0.0,111.01781892359648,491.3690086825412,0.0,0.0,1843.8781413063475,146.49222803036102,0.0
223,0.0346672260014585,0.0045439601189538,0.0311566607626609,0.0098126708172759,6.845386950167754,0.0016506834817269,0.1628060414993878,0.4582286416258025,768.4661104571773,0.0,3313.184339570413,81.170694355645,0.0,0.0,0.0,0.0,3032.03863277019,81.83654598476096,0.0,0.0,0.0,0.0,0.0,172.45195823281276,0.0,0.0,1611.4094027585602,752.4613224481791,3987.2725754305898,0.0,0.0,140.4277164350891,342.11057093049084,0.0,3502.3961494116106,23.13173872756113,0.0,38.79042814738698,171.6692453181546,0.0,0.0,1474.7563614922751,51.159708869648725,0.0
224,0.0558184714684385,0.0497982195055087,0.0458394143920264,0.0121132491428573,6.277870940879894,0.0133014065696794,0.1298179871026358,0.6088612524833037,712.01720229708,0.0,3815.693056502556,575.8325383476894,0.0,0.0,0.0,0.0,3812.038548721898,582.9720201928232,0.0,0.0,0.0,0.0,0.0,434.84974064476927,0.0,0.0,936.2583440535324,234.00629548398945,3725.3252027292783,0.0,0.0,0.0,0.0,0.0,3109.9464373006567,0.0,0.0,0.0,0.0,0.0,0.0,781.574172676383,0.0,0.0
225,0.0787839525363075,0.1052842002458478,0.0614961966378736,0.0140147475548175,5.729275119488395,0.0313698698841949,0.1320918820664406,0.7775799611362146,632.9483053973663,0.0,3699.2693864016856,637.6751068955685,0.0,0.0,0.0,0.0,3697.384970383216,648.0866793532347,0.0,0.0,0.0,0.0,0.0,463.5943140377679,0.0,0.0,774.0802304772745,167.1274445357892,3560.314157311224,0.0,0.0,0.0,0.0,0.0,2916.578622883307,0.0,0.0,0.0,0.0,0.0,0.0,559.4274042072586,0.0,0.0
226,0.1002406848252715,0.161897124916944,0.0770273864363983,0.0141321240000002,5.168816405745617,0.0557795484200681,0.177019329528235,0.9102021953317218,405.46876963540313,0.0,2369.6149574557435,408.48007942388926,0.0,0.0,0.0,0.0,2368.433938056766,415.1519699913924,0.0,0.0,0.0,0.0,0.0,296.96065600134887,0.0,0.0,916.7275357570452,302.87592492993696,3279.7176373586044,0.0,0.0,0.0,0.0,0.0,2616.202091201112,0.0,0.0,0.0,0.0,0.0,0.0,530.7432280548142,0.0,0.0
227,0.1161775580531559,0.221877054695183,0.085604494784053,0.0141321240000002,4.527322731510821,0.1131577572757469,0.2370516325390326,1.04070857280399,221.23357718625527,100.9479532750189,1494.218862726938,344.77390962357686,0.0,0.0,0.0,0.0,1503.124968715484,352.52069640358656,0.0,0.0,0.0,0.0,507.6671054367421,290.7378205574649,0.0,0.0,1200.475672745439,499.346902196769,2731.304898465396,0.0,0.0,0.0,0.0,0.0,2023.318034948476,0.0,0.0,0.0,0.0,0.0,0.0,490.8653097803231,0.0,0.0
228,0.128032579016611,0.2913021652210874,0.0902217134750828,0.0141321240000002,3.922120480237969,0.243266859393217,0.2922629347465642,1.157527073852947,265.09375315076824,369.03173627736174,2522.720923471659,857.0613828199524,0.0,0.0,0.0,0.0,2568.5209309233524,881.4757410417437,0.0,0.0,0.0,0.0,740.9090315359755,817.2572958081769,0.0,0.0,1320.4902335301206,567.7096266943724,2476.0840603410093,0.0,0.0,0.0,0.0,0.0,1796.9614582786337,0.0,0.0,0.0,0.0,0.0,0.0,484.0290373305628,0.0,0.0
229,0.1382189717285236,0.3657117612387291,0.0943495400503083,0.0136123140284767,3.3657018461718278,0.4289776063569049,0.3334715406008505,1.2334978444926488,311.0836866068278,647.3205407687534,3595.553907240531,1390.609747035796,0.0,0.0,0.0,0.0,3679.708237468064,1432.3709513357992,0.0,0.0,0.0,0.0,973.6603320793556,1365.479667369089,0.0,0.0,1307.0869901086585,526.2536206112948,2469.7743528617307,0.0,0.0,0.0,0.0,0.0,1768.5488156660538,0.0,0.0,0.0,0.0,0.0,0.0,448.4273809434272,0.0,0.0
230,0.1380529451418539,0.4011031556126135,0.094886760833448,0.0114559410498341,2.86180896873167,0.6386880314920068,0.3587781963588003,1.1870258842728054,371.7019840520192,1014.260577375998,4942.886177482288,2117.6635829038096,0.0,0.0,0.0,0.0,4979.638284038987,2045.8376004271347,0.0,0.0,0.0,0.0,1078.9627742986474,1792.873270927692,0.0,0.0,1096.4738583665112,15.723515846209931,2390.6947430883865,0.0,0.0,0.0,0.0,0.0,1352.9354978651693,0.0,0.0,0.0,0.0,0.0,0.0,13.39820716472818,0.0,0.0
