Time,r-biceps,l-biceps,r-lats,l-lats,r-quat,l-quat,r-hamstring,l-hamstring,L1,L2,L3,L4,L5,L6,L7,L8,L9,L10,L11,L12,L13,L14,L15,L16,L17,L18,R1,R2,R3,R4,R5,R6,R7,R8,R9,R10,R11,R12,R13,R14,R15,R16,R17,R18
0,0.0252198736744185,0.1792528142047726,0.0,0.0332896072425247,0.0631908504217457,0.8051002758538219,1.302437071308004,2.032845507097321,336.5344671629289,637.6954103670821,3923.387612351584,1775.0647905748433,0.0,184.12291521522815,231.7637430802243,0.0,5695.9178298665465,2728.147821325941,0.0,392.746334178651,499.525063644724,0.0,2308.3049438795333,3201.733962595098,675.172138282404,0.0,0.0,0.0,0.0,0.0,0.0,0.0,0.0,0.0,150.42631850721364,0.0,0.0,0.0,0.0,0.0,0.0,0.0,0.0,0.0
1,0.0354946370232557,0.1877015573775474,0.0,0.0340071693544786,0.0910816503787376,0.935914470697677,2.2782363311836025,1.668533093752908,736.4142163915744,949.0914549325778,4330.958429693184,2337.2232304331587,0.0,499.42200609283566,242.36484246699587,0.0,5850.008816326542,2733.0336554818778,0.0,0.0,0.0,0.0,594.4962035699597,1090.06673142701,0.0,0.0,0.0,0.0,0.0,0.0,0.0,0.0,0.0,0.0,97.78774819932866,0.0,0.0,0.0,0.0,0.0,0.0,0.0,0.0,0.0
2,0.0451985801860465,0.1992088316810638,0.0,0.0318357867109633,0.1173369078538207,1.055753526652115,3.749431526326939,1.4595843243856612,940.3604986752972,1241.6035781160576,4379.891549730286,2319.477098917557,0.0,582.0876250775754,245.13657803250916,0.0,5741.116873239686,2615.1111365941824,0.0,0.0,0.0,0.0,528.2369787986901,968.5739848971226,0.0,0.0,0.0,0.0,0.0,0.0,0.0,0.0,0.0,0.0,92.06884448097657,0.0,0.0,0.0,0.0,0.0,0.0,0.0,0.0,0.0
3,0.0541946894937443,0.2090667180606494,0.0,0.029382579574468,0.1407279697615043,1.10846243677416,5.524262429328622,1.2975233365112115,2961.4286553637257,4063.14923169507,4864.384463183862,2104.9313622213654,0.0,1269.5029253496407,269.7204049312944,0.0,4757.036571531386,1470.388176962326,0.0,0.0,0.0,0.0,2.0501943070061404,3.759231082735504,0.0,0.0,0.0,0.0,0.0,0.0,0.0,0.0,0.0,0.0,16.245345108637537,0.0,0.0,0.0,0.0,0.0,0.0,0.0,0.0,0.0
4,0.057272292,0.2138081487814981,0.0,0.0251996931627906,0.1620458017475082,1.0858457243996962,7.488890970147969,1.132466793051376,3420.236881521093,4361.173588928951,5088.846184165715,2046.684011374884,0.0,1429.8820809670035,280.96188899179816,0.0,4722.477042543738,1354.060587982353,0.0,0.0,0.0,0.0,0.0,0.0,0.0,0.0,0.0,0.0,0.0,0.0,0.0,0.0,0.0,0.0,0.0,0.0,0.0,0.0,0.0,0.0,0.0,0.0,0.0,0.0
5,0.057272292,0.2079119228448767,0.0,0.0206166577873753,0.1822008105310501,1.0151126826578087,9.493194468277538,0.97901169570944,3809.160482177921,4359.181033811046,5414.396871154328,2097.623239870227,0.0,1545.2763197177185,294.3261754885107,0.0,4831.474659456349,1355.0894702787589,0.0,0.0,0.0,0.0,0.0,0.0,0.0,0.0,0.0,0.0,0.0,0.0,0.0,0.0,0.0,0.0,0.0,0.0,0.0,0.0,0.0,0.0,0.0,0.0,0.0,0.0
6,0.057272292,0.2012846706554628,0.0,0.0160776900598006,0.1844769935892122,0.9334375248755136,11.293504453568886,0.9053615960156433,3860.405692874608,4234.932983825241,5538.124394399088,2175.637003684946,0.0,1525.3721847872275,298.21248438773443,0.0,4926.197353244704,1401.545667894982,0.0,0.0,0.0,0.0,0.0,0.0,0.0,0.0,0.0,0.0,0.0,0.0,0.0,0.0,0.0,0.0,0.0,0.0,0.0,0.0,0.0,0.0,0.0,0.0,0.0,0.0
7,0.0575382793801994,0.2034237909982731,0.0,0.0129131881499002,0.1839963007471097,0.8055574262192696,12.71932117377966,0.8623055520813367,3903.764598550045,4014.5411252455674,5908.088779007816,2372.5998905752936,0.0,1456.4651611728282,332.9812697760746,0.0,5164.611935895101,1441.7466301917646,0.0,0.0,0.0,0.0,0.0,0.0,0.0,0.0,0.0,0.0,0.0,0.0,0.0,0.0,0.0,0.0,0.0,0.0,0.0,0.0,0.0,0.0,0.0,0.0,0.0,0.0
8,0.0527617417275747,0.1968046223098014,0.0,0.0108307570365448,0.1829934645423593,0.6582604724576423,13.486647143765778,0.7971183343754222,3539.4064434399606,3661.997888408353,5771.581340765394,2118.289289240167,0.0,1171.8855169677431,262.84221950454946,0.0,5034.783296351555,1181.008576394572,0.0,0.0,0.0,0.0,0.0,0.0,0.0,0.0,0.0,0.0,207.8907928684365,0.0,0.0,0.0,0.0,0.0,342.6129323683975,0.0,0.0,0.0,0.0,0.0,0.0,293.01963207481657,0.0,0.0
9,0.0455041707906976,0.178534571817081,0.0,0.0086290220332225,0.1915193380371313,0.4862035026765693,13.753954940332234,0.7137168303248066,1900.210154621365,2353.042057705833,4572.4270841199,1007.7404473566248,0.0,264.82350473309936,0.0,0.0,4289.587510985954,418.7316604391417,0.0,0.0,0.0,0.0,0.0,22.587004162162994,0.0,0.0,7.183033793332049,3.000637865025691,1529.7072012034384,0.0,0.0,1.942193686609095,0.3288370263041853,0.0,2168.9631670759927,0.0,0.0,3.44251261912194,1.0584441784165963,0.0,1.6441851315209266,1610.792300581855,0.0,0.0
10,0.0381732910564783,0.1494362767574753,0.0,0.0064050472823919,0.1901037143122923,0.3607122306976753,13.601060279175003,0.6300726392691116,494.4908171259802,605.2728739159147,3279.011117855304,176.24418125671392,0.0,0.0,0.0,0.0,3387.411813519336,0.0,0.0,0.0,0.0,0.0,0.0,52.87325437701418,0.0,0.0,379.2600902493464,190.9824055148068,2873.593834018104,0.0,0.0,110.8689584479051,36.90665444836575,0.0,3706.086816833893,60.71428571428572,0.0,186.61526324612484,82.664467475065,0.0,143.41082326223687,2455.3224505510184,0.0,0.0
11,0.0309890289169434,0.1199135582680865,0.0,0.004225552026578,0.1851796694750831,0.2420104613023256,13.180026809807588,0.5450997415472332,0.0,0.0,2322.4874768066625,0.0,0.0,0.0,0.0,0.0,2456.340275368239,0.0,0.0,0.0,0.0,0.0,0.0,0.0,0.0,0.0,830.4114988425166,607.8676731381847,3019.7846330895663,133.3880219592709,0.0,291.2555062643846,194.73439800551856,0.0,3796.995841566941,486.7846919284274,0.0,436.9003604250333,337.0632933044199,0.0,643.8643918206285,2429.0863295771665,63.61582585749844,0.0
12,0.0235115315880397,0.0854228701794023,0.0,0.0019570977807308,0.1813650632232183,0.1227213978338869,12.180290512039374,0.4573150576947374,0.0,0.0,1386.0170510837386,0.0,0.0,0.0,0.0,0.0,1510.477705468376,0.0,0.0,0.0,0.0,0.0,0.0,0.0,0.0,0.0,745.542939345469,689.7027059439888,2293.4028743840818,480.19842564855287,0.0,273.9515654977325,225.41074614131705,0.0,2875.5440709380105,505.5406482821599,0.0,303.19727634858174,254.8409501133422,0.0,388.9708145710193,1587.3919522660387,162.53431582736866,0.0
13,0.0158968891495016,0.0543042347467863,0.0,0.0001479426682073,0.1873333795163949,0.052091666372093,10.748989936777129,0.5362727259026522,0.0,0.0,828.0498565789353,0.0,0.0,0.0,0.0,0.0,949.331935891934,0.0,0.0,0.0,0.0,0.0,0.0,0.0,0.0,0.0,1488.1121747929851,1628.9044009376105,3845.615528652344,728.0418430181709,0.0,568.610148837222,538.4063135614889,0.0,4805.129931997719,1129.1434848446825,0.0,449.1135297773674,425.0467935728967,0.0,445.2018484343284,2128.7101508428173,98.09191021611392,0.0
14,0.0131403959999999,0.0329296528106315,0.0,-4.973799150320687e-17,0.19620678515913,0.0066877761662484,9.2177530327046,0.7890736044135962,0.0,0.0,148.26259751827612,0.0,0.0,0.0,0.0,0.0,289.5572016471512,0.0,0.0,0.0,0.0,0.0,0.0,0.0,0.0,0.0,1858.8099404556133,2005.0334733783411,5411.995392955296,1074.1651835267942,0.0,697.2314997860963,736.3482081987482,0.0,7007.878594871829,2094.4630595331905,0.0,702.5281977461518,637.8560526576035,0.0,955.5133632826712,3046.112652730129,73.76059593983838,0.0
15,0.0131403959999999,0.0203525860404942,0.0,-4.973799150320687e-17,0.2235537554566543,0.0127867047534632,7.53830546101223,1.1711814551286994,0.0,0.0,49.27476315080188,0.0,0.0,0.0,0.0,0.0,104.31661702425107,0.0,0.0,0.0,0.0,0.0,0.0,0.0,0.0,0.0,1422.5909727053106,1287.277416770181,5418.655278416149,1159.88492202381,0.0,509.1919674085562,654.3909577122148,0.0,7301.225619815391,2483.566317606973,0.0,829.1683369996557,734.6587898636999,0.0,1572.73816605418,3617.270831254317,249.0723532953777,0.0
16,0.0131403959999999,0.020091552637874,0.0,-4.973799150320686e-17,0.2779276535282392,0.0341520152292358,6.073592119089376,1.6797907808970194,0.0,0.0,37.678113003950365,0.0,0.0,0.0,0.0,0.0,77.86039118063714,0.0,0.0,0.0,0.0,0.0,0.0,0.0,0.0,0.0,1459.93755241258,1125.291862274869,5563.940116565849,1239.74867313016,0.0,659.3143903061691,714.5667947441904,0.0,7507.795195210385,2632.179363427364,0.0,919.5554523276052,758.0825931779535,0.0,1495.488770504583,3663.9516677129855,300.7033253198691,0.0
17,0.012618638769478,0.02080767516472,0.0,-4.973799150320686e-17,0.3415670098726825,0.0575927091029899,4.600459858882443,2.583322956966465,0.0,0.0,49.21153505184228,0.0,0.0,0.0,0.0,0.0,99.08237395072422,0.0,0.0,0.0,0.0,0.0,0.0,0.0,0.0,0.0,1469.6131822487991,1085.7915184114536,5452.392193204561,1119.6914379946654,0.0,710.2860230618343,782.2469593499719,0.0,7442.396108760156,2537.114456026155,0.0,998.8678588722408,838.0919153268088,0.0,1623.51197771405,3911.696442643489,377.8751461228457,0.0
18,0.0104337363588039,0.0254216787906979,0.0,-4.973799150320685e-17,0.4062933906221821,0.0826420780465116,3.4779789848889666,3.943991425296115,0.0,0.0,83.6012123331951,0.0,0.0,0.0,0.0,0.0,110.23026697390848,0.0,0.0,0.0,0.0,0.0,0.0,0.0,0.0,0.0,1312.4119711202725,944.8396722779424,5174.207066892936,948.1590033441142,0.0,661.5677905049877,869.4914364242012,0.0,7283.8843176313585,2435.768575905239,0.0,1198.772115597825,1028.8363118773425,0.0,2058.2269880465788,4507.066779558662,571.4258747743514,0.0
19,0.0082727742259136,0.0290163759851778,0.0,-4.973799150320686e-17,0.4433073423258375,0.1163094283508816,2.8651250811988374,5.37063311254256,0.0,0.0,108.75007143155447,0.0,0.0,0.0,0.0,0.0,97.02351380519433,0.0,0.0,0.0,0.0,0.0,0.0,0.0,0.0,0.0,1200.211791640058,858.3226380076352,5060.189869331147,923.4788263891436,0.0,634.6077847267371,972.7306523081292,0.0,7265.423550754638,2459.4928329217,0.0,1393.0555707330714,1221.3109118923858,0.0,2307.647523907099,4883.2953754382415,782.6414331508975,0.0
20,0.0060681562923588,0.0292559760000002,0.0,-4.973799150320687e-17,0.469152062841955,0.2107359970772258,2.416185845117648,6.828286840575776,0.0,0.0,79.69494206053038,0.0,0.0,0.0,0.0,0.0,63.1668886143341,0.0,0.0,0.0,0.0,0.0,0.0,0.0,0.0,0.0,1315.5772171976864,989.4832687527144,5239.823178341903,1033.5945242691257,0.0,637.7812103110056,1011.2064148094472,0.0,7328.666233450767,2466.3522844687363,0.0,1361.977760736669,1255.0135857276111,0.0,2201.7664137353304,4761.070498333577,819.0049321918917,0.0
21,0.0039945057607973,0.0292559760000002,0.0,-4.973799150320686e-17,0.4669520775496159,0.2979886041302906,1.950696995171472,8.196215954352159,0.0,0.0,38.14452104459106,0.0,0.0,0.0,0.0,0.0,27.416370553905647,0.0,0.0,0.0,0.0,0.0,0.0,0.0,0.0,0.0,1364.8754722000888,1048.6872050110674,5315.471081283755,1077.4183191854804,0.0,638.2021954581672,1022.986071730854,0.0,7349.986071730854,2461.4651793271355,0.0,1340.426345498007,1270.5707035236833,0.0,2146.9054530942885,4700.614612687029,828.9223323417439,0.0
22,0.0018335436279069,0.0292652075933056,0.0,-4.973799150320687e-17,0.4406400648983875,0.3786794756013289,1.4839226903235874,9.487536618769134,0.0,0.0,208.68306339585897,0.0,0.0,0.0,0.0,0.0,31.983130671822973,0.0,0.0,0.0,0.0,0.0,0.0,0.0,0.0,0.0,1426.2307745421847,1126.2012808777697,5450.352017128784,1140.5852442746188,0.0,610.6376957455698,998.6299302719774,0.0,7407.27552296017,2428.9702991903737,0.0,1220.033922160664,1286.8781426055434,0.0,1962.929910220234,4513.762551503128,787.247735622517,0.0
23,0.0001247308590412,0.0538481945780733,0.0,0.0026643570526814,0.4075520218803984,0.4561088039401991,1.0970070227385016,10.338980404037969,0.0,0.0,509.1672458859712,0.0,0.0,0.0,0.0,0.0,27.350656558803788,0.0,0.0,0.0,0.0,0.0,0.0,0.0,0.0,0.0,1421.892601427958,1099.846004521526,5562.659892972881,1228.5652134498257,0.0,579.3718452398064,984.1888763502784,0.0,7549.193036820235,2544.3155354339374,0.0,1188.9200891288203,1260.7592732171058,0.0,1941.080896195531,4464.128737464238,763.789060713777,0.0
24,-5.3290705182007346e-18,0.1524312294219272,0.0,0.0094518926910298,0.3734491718791462,0.5335342624697548,0.7388408257328548,10.725672613262203,0.0,0.0,785.7448850421562,0.0,0.0,0.0,0.0,0.0,241.94830941008064,0.0,0.0,0.0,0.0,0.0,0.0,0.0,0.0,0.0,1421.6429105027305,1038.1509850349491,6014.9473206961575,1527.3835785389092,0.0,545.1560092842386,974.51971447619,0.0,7975.059970051989,2943.8125145129075,0.0,1138.2653155480753,1256.4667037994714,0.0,1892.948560738365,4366.800560723592,712.7466418225047,0.0
25,-5.3290705182007346e-18,0.2783737490484356,0.0,0.019946495727225,0.3189370109438723,0.6016057769092505,0.3931513518454425,10.736894695188663,0.0,0.0,1082.301499598903,0.0,0.0,0.0,0.0,0.0,999.6562650956796,0.0,0.0,0.0,0.0,0.0,0.0,0.0,0.0,0.0,1448.9590791087735,964.5754980564188,6042.892818671628,1506.1266828771695,0.0,554.1493482892355,975.9280977402768,0.0,7901.057013598446,2829.8380376749683,0.0,1026.7018504520106,1202.6287181796638,0.0,1687.6955308615068,4164.344652916147,656.9630806869671,0.0
26,-5.3290705182007346e-18,0.4024219997359536,0.0,0.0352055203056478,0.2525380988172757,0.5930129829767455,0.1250542255840082,10.40188511887072,0.0,0.0,1672.4248123539949,0.0,0.0,0.0,0.0,0.0,2197.162453076386,0.0,0.0,0.0,0.0,0.0,0.0,3.563032086591239,0.0,0.0,1390.8441759738737,686.3578707787841,5630.77248162526,1090.1086525283806,0.0,475.2970675836069,847.3547207329219,0.0,7274.708786841107,2134.29397149118,0.0,761.7533066446076,972.0545680057338,0.0,1310.152685774899,3673.947676768884,532.4979819015967,0.0
27,-5.329070518200735e-18,0.5621675819490594,0.0,0.0502791269501661,0.1891960031362125,0.5700319105514963,0.0169580057718846,9.705845576418604,0.0,0.0,2354.620715111887,44.41138298751757,0.0,0.0,0.0,0.0,2994.5770985594872,72.28272416281152,0.0,0.0,0.0,0.0,32.07488771320713,86.70589188426956,0.0,0.0,1206.8441317748873,448.7219881182715,4776.43761013254,381.885605204244,0.0,302.9825522827529,516.1449376351139,0.0,5820.223072175806,942.913090993641,0.0,449.557182904949,561.3928611474021,0.0,676.7645190538423,2828.0779708959503,212.469715054157,0.0
28,-5.3290705182007346e-18,0.7469790638621259,0.0,0.0656542057275747,0.1255834439825581,0.546591216677742,0.0428546034642987,8.655475423509968,0.0,0.0,3183.460934241328,438.6354165635158,0.0,0.0,0.0,0.0,4018.400140132144,715.0760181395308,0.0,0.0,0.0,0.0,347.99360617459183,599.3692357570148,0.0,0.0,709.4278416197268,226.47494407351292,3353.4917189066405,0.0,0.0,35.74237689785346,54.83205546829793,0.0,3699.842315315621,33.5761722373775,0.0,41.834827505442114,48.333441486870015,0.0,38.17935714088892,1449.8847292981116,1.624653495356976,0.0
29,-5.3290705182007346e-18,0.9112929615484378,0.0007033526073089,0.0800959564345514,0.0887372020919601,0.5261395778168773,0.1471185161677207,7.486761732286249,0.0,0.0,3148.780987696448,615.9172045135793,0.0,0.0,0.0,0.0,4094.948329805637,1006.023335656468,0.0,0.0,69.76557827526709,0.0,692.1325818059339,1081.5714737677754,30.548389026067603,0.0,244.96414259436227,68.73511006824744,2025.5735013019853,0.0,0.0,0.0,0.0,0.0,2172.921849008455,0.0,0.0,0.0,0.0,0.0,0.0,510.69701728214096,0.0,0.0
30,-5.329070518200733e-18,1.0548367684155382,0.0052049721321236,0.0998535833820599,0.1036602076291847,0.4608414824030159,0.3671167394106955,6.328471729089447,0.0,0.0,3136.4597844131395,737.9149770336002,0.0,0.0,0.0,0.0,4167.805491360153,1114.8832478585446,0.0,0.0,394.86942989287405,0.0,949.495205352292,1534.3867382465105,173.95812776624857,0.0,0.0,0.0,505.7368955071025,0.0,0.0,0.0,0.0,0.0,922.9800438398808,0.0,0.0,0.0,0.0,0.0,0.0,0.0,0.0,0.0
31,-5.3290705182007346e-18,1.204643638679697,0.0129889654461598,0.117508284731679,0.1793280155903849,0.4097627771444209,0.7311516779613186,5.19629193916592,0.0,0.0,3538.110578846029,908.3464193894032,0.0,0.0,0.0,0.0,4732.153539729262,1235.7747928025335,0.0,0.0,683.394663956083,0.0,1201.7241414895193,2066.794611595613,302.3601027508999,0.0,0.0,0.0,22.91840381490196,0.0,0.0,0.0,0.0,0.0,652.8753394693082,0.0,0.0,0.0,0.0,0.0,0.0,0.0,0.0,0.0
32,-5.329070518200735e-18,1.3502001481461805,0.0321666921887043,0.1291923406644521,0.2827190835747507,0.4058482101129571,1.198496204228585,4.254340382142192,981.603916318356,786.8321664925113,3956.271292704784,1085.772351119526,0.0,270.4882183908046,331.67783220132355,0.0,5319.769112938365,1361.6759936119356,0.0,94.70105799373042,983.8040957459424,0.0,1464.3503692716226,2621.1684810449437,436.0527467201028,0.0,0.0,0.0,0.0,0.0,0.0,0.0,0.0,0.0,538.2422850367158,0.0,0.0,0.0,0.0,0.0,0.0,0.0,0.0,0.0
33,-5.3290705182007346e-18,1.429648756149246,0.0547559057541527,0.1371383299964224,0.3755033101794016,0.4126980523455154,1.793634876211616,3.604425637269612,1832.8255855730424,1468.9908884142628,4160.515392320769,1175.716331055528,0.0,657.151497581687,772.5106986469717,0.0,5586.061451099422,1389.2103260823533,0.0,285.6381763359597,1021.515116558912,0.0,1405.0822968696516,2652.978169365995,417.5080760482163,0.0,0.0,0.0,0.0,0.0,0.0,0.0,0.0,0.0,461.93160519264393,0.0,0.0,0.0,0.0,0.0,0.0,0.0,0.0,0.0
34,-5.3290705182007346e-18,1.4188316428704313,0.0782608477873753,0.1414501481661132,0.47160125916279,0.419792531800665,2.563702630014133,3.111962428365448,2298.5223348374525,1801.7553748274104,4202.355742446968,1195.489723736977,0.0,824.5195499560682,813.1716887614538,0.0,5572.420491256119,1323.7323437696125,0.0,201.3813634824901,799.7970925787635,0.0,1011.4571126365024,2162.773755171334,261.6835106399839,0.0,0.0,0.0,0.0,0.0,0.0,0.0,0.0,0.0,408.7669600100416,0.0,0.0,0.0,0.0,0.0,0.0,0.0,0.0,0.0
35,-5.3290705182007346e-18,1.3864923850998616,0.1047349010936093,0.1442885262247413,0.5752437638858697,0.4243507755911673,3.569033791835074,2.821569525565765,2421.38432899465,1932.2072991255927,4242.440061004046,1205.3329143885674,0.0,857.7254943228784,804.5144246943925,0.0,5567.795377576456,1308.9082614630006,0.0,214.61630416583293,740.2635780354112,0.0,908.2814997824854,2033.270572140775,250.3579117577326,0.0,0.0,0.0,0.0,0.0,0.0,0.0,0.0,0.0,401.1770298690564,0.0,0.0,0.0,0.0,0.0,0.0,0.0,0.0,0.0
36,-5.3290705182007346e-18,1.2845816387005808,0.1319137624528651,0.1302919726245849,0.6411224089117512,0.46788067038476,4.998481362211188,2.5913021223513315,3253.008191457528,2869.978844866222,4498.852201355039,1169.1688277790029,0.0,1101.1692976833508,790.1649470613422,0.0,5477.20593223248,1113.4873475002837,0.0,318.3740041915302,406.4227490631914,0.0,260.5480588322818,1281.1793352039476,192.85035967989148,0.0,0.0,0.0,0.0,0.0,0.0,0.0,0.0,0.0,341.6943351262702,0.0,0.0,0.0,0.0,0.0,0.0,0.0,0.0,0.0
37,-5.329070518200733e-18,1.1158566954748286,0.1549735778801427,0.1128065889169434,0.6618449698343968,0.5262855351888586,6.700809265067998,2.339183105756197,2747.716871939098,2661.9362783692145,4262.928686737179,988.5459563722808,0.0,897.08291174831,887.8785352499983,0.0,5411.851906832704,1049.7186578262058,0.0,378.6368150481288,774.9495094095483,0.0,713.7396288499592,1962.274687407116,286.2733398956686,0.0,0.0,0.0,0.0,0.0,0.0,0.0,0.0,0.0,274.4163387749308,0.0,0.0,0.0,0.0,0.0,0.0,0.0,0.0,0.0
38,-5.3290705182007346e-18,0.9274681934934224,0.1625077954357471,0.0974323832555479,0.6649536239999986,0.5397415227101672,8.255739880759357,2.079174110569836,2615.0420972871607,2568.9542679778774,3828.770599704775,595.0548031964464,0.0,870.2055443938848,1149.9549468919452,0.0,5084.910186284775,678.0435077006701,0.0,535.0907632574572,1217.6647774126548,0.0,1049.3616650375625,2669.794467345745,442.28491195910186,0.0,0.0,0.0,0.0,0.0,0.0,0.0,0.0,0.0,48.14400235817077,0.0,0.0,0.0,0.0,0.0,0.0,0.0,0.0,0.0
39,-5.3290705182007346e-18,0.7687318952406256,0.1620366038272422,0.0841288659639294,0.6521817135519682,0.5291864961813018,9.430502329292851,1.8772946044926484,2902.093932586545,2586.176699554052,3328.964171040864,231.9220646907808,0.0,1028.4639742476545,1345.2057405480448,0.0,4480.986730848725,210.65599248614777,0.0,677.3543913217533,1400.8055745693173,0.0,957.005999798052,2764.8499321475338,518.3399668524007,0.0,0.0,0.0,0.0,0.0,0.0,0.0,0.0,0.0,0.0,0.0,0.0,0.0,0.0,0.0,0.0,0.0,0.0,0.0
40,-5.3290705182007346e-18,0.630628559412672,0.1579423035733269,0.0652440353578545,0.5906992108326994,0.5006940701369255,10.39790288922545,1.6268284843035166,2392.383054686047,2107.0958998460687,2683.5288774143805,172.1748562915533,0.0,851.1332878668961,1119.88078146206,0.0,3612.971767686783,153.56335782768386,0.0,580.0042954953434,1159.9293535217737,0.0,763.4184724101849,2246.9071956886146,424.067643791955,0.0,0.0,0.0,0.0,0.0,0.0,0.0,0.0,0.0,0.0,0.0,0.0,0.0,0.0,0.0,0.0,0.0,0.0,0.0
41,-5.329070518200733e-18,0.4740972906539745,0.1499720899335545,0.0638945253066699,0.4886657033759262,0.4569280788553546,11.12540026804754,1.3257973933493523,1418.723304678054,1238.8388661011834,1621.0035061181525,117.03320428173524,0.0,494.5950389100154,680.1836837167575,0.0,2180.2363848897394,110.76092943939548,0.0,358.4722582429707,705.3722171303097,0.0,465.0657448632592,1356.3732893302983,258.7261576004685,0.0,0.0,0.0,0.0,0.0,0.0,0.0,0.0,0.0,0.0,0.0,0.0,0.0,0.0,0.0,0.0,0.0,0.0,0.0
42,-5.3290705182007346e-18,0.3189038634090285,0.1293892520672266,0.0821107951893687,0.3778162439202658,0.3773763749853436,11.41277579953333,1.0379174683408277,1438.111112519385,1151.0919296998072,1928.890835901259,292.7577093772383,0.0,375.1326857761328,721.0474923827916,0.0,2568.5606081728997,264.4462295515376,0.0,382.10006879524826,845.4458773771029,0.0,596.6583355521528,1568.5084527321917,321.332754571381,0.0,0.0,0.0,0.0,0.0,0.0,0.0,0.0,0.0,0.0,0.0,0.0,0.0,0.0,0.0,0.0,0.0,0.0,0.0
43,-5.329070518200735e-18,0.210046947053821,0.103564738285714,0.0992304586046511,0.2717771278006645,0.2913044498073093,11.23316372352427,0.8240283510671137,2076.666188959141,1537.016490912193,3123.757316407273,628.3415771714182,0.0,394.098993922446,1078.055140356102,0.0,4134.646379344612,562.325020203541,0.0,572.9113083589502,1372.6762494104412,0.0,1008.7007624180186,2492.045783662049,531.8211650086121,0.0,0.0,0.0,0.0,0.0,0.0,0.0,0.0,0.0,12.158326817117716,0.0,0.0,0.0,0.0,0.0,0.0,0.0,0.0,0.0
44,-5.3290705182007346e-18,0.1198978823845046,0.0770879070299001,0.1167067816744186,0.1635288634285713,0.2034385021794021,10.686488198534958,0.6564744055490546,2166.6084679093246,1263.746580249869,3896.931417251636,983.4791323947336,0.0,311.34523721330225,1144.4161434331477,0.0,5198.842440319913,939.8438169475776,0.0,548.5894503536306,1479.3318134443864,0.0,1217.7785045145106,2830.227089272267,490.93838766607786,0.0,0.0,0.0,0.8418051094232625,0.0,0.0,0.0,0.0,0.0,488.6893941459797,0.0,0.0,0.0,0.0,0.0,0.0,6.874741726956644,0.0,0.0
45,-5.3290705182007346e-18,0.0424569959043189,0.0499635696438538,0.1378441955051162,0.0645963680188703,0.1228862520215282,9.906366725263265,0.483340666386978,1591.2239588646655,332.6128979070139,3775.6412222771633,1169.9838890377112,0.0,151.6747754636893,850.192091458781,0.0,5116.63716250782,1200.909802607736,0.0,247.26618309634125,1065.6377472019988,0.0,1089.7909988217611,2335.151802184916,163.5147339830644,0.0,0.0,0.0,257.85036393460297,0.0,0.0,0.0,0.0,0.0,1880.2135488810584,0.0,0.0,0.0,0.0,0.0,0.0,643.5066646819864,0.0,0.0
46,-5.329070518200735e-18,0.0159789999830025,0.0287389258150351,0.1650080077725411,0.0195965314879085,0.0662899828333462,8.998052868116833,0.4023359199283019,1027.409828688745,0.0,3079.166352512849,786.1708244065344,0.0,79.43110412136947,466.3620128901261,0.0,4098.792815842113,794.8313282540215,0.0,0.0,584.5898093860684,0.0,684.6170852316694,1560.1318489043626,0.0,0.0,0.0,0.0,1692.9654295280488,0.0,0.0,0.0,0.0,0.0,3012.5983610122457,191.63416115995216,0.0,0.0,0.0,0.0,137.70525562998333,1431.581581601652,0.0,0.0
47,-5.3290705182007346e-18,0.0021962986205981,0.0092304836491694,0.1798787170785865,0.0041277720188462,0.0168443997390517,7.877734233564493,0.3652383562814869,165.09638877295313,0.0,2727.144228102617,81.52727272727273,0.0,0.0,7.036363636363636,0.0,3461.2333102218568,77.64727272727272,0.0,0.0,8.814545454545454,0.0,52.22,426.5805521448754,0.0,0.0,8.42328843366384,0.0,3754.4756064960384,332.91083446168744,0.0,0.0,0.0,0.0,5134.402494369002,1378.64195245078,0.0,60.77851796040639,0.0,0.0,850.4862045813124,2249.234986045862,0.0,0.0
48,-5.3290705182007346e-18,1.9539925233402699e-16,0.0001989765809566,0.179998632,3.375077994860477e-17,2.0203823732398247e-05,6.598232794728026,0.3695079342766887,0.3964445995427985,0.0,1848.5785888046453,0.0,0.0,0.0,0.0,0.0,2358.605482646227,0.0,0.0,0.0,0.0,0.0,0.0,1.4177933983649238,0.0,0.0,152.71690221066433,0.0,4881.628607774158,1209.8935576824467,0.0,0.0,0.0,0.0,7120.483609960149,3120.3091253089906,0.0,329.7022538763336,5.987244284361575,0.0,1576.9416094232572,2986.6269684793583,0.0,0.0
49,-5.329070518200733e-18,1.9539925233402696e-16,4.440892098500622e-17,0.179998632,3.375077994860477e-17,1.847411112976257e-16,5.664174336043714,0.4941036701277803,0.0,0.0,1026.2271802699438,0.0,0.0,0.0,0.0,0.0,1410.060958247988,0.0,0.0,0.0,0.0,0.0,0.0,0.0,0.0,0.0,282.3755180144116,0.0,5498.483150482259,1596.664923090837,0.0,0.0,0.0,0.0,8013.679680108795,3818.82662887732,0.0,474.4959883805553,70.37015177772761,0.0,1941.4472011643195,3333.2084207377065,0.0,0.0
50,0.0053009508988704,1.9539925233402699e-16,4.4408920985006215e-17,0.1796114132850498,3.375077994860477e-17,1.8474111129762567e-16,4.98690344077955,0.7836941070299014,0.0,0.0,324.4556930001343,0.0,0.0,0.0,0.0,0.0,602.0970663039097,0.0,0.0,0.0,0.0,0.0,0.0,0.0,0.0,0.0,533.9342035747948,29.57577909312593,5708.535163073983,1571.324105501628,0.0,32.73435744287725,14.931461289733482,0.0,8036.226890737402,3522.458390326018,0.0,581.7768441065044,257.3740489796746,0.0,1848.9277767569092,3401.12218650325,46.66081653041713,0.0
51,0.0211854187375415,0.0025520378861767,4.4408920985006215e-17,0.1617991052890365,3.375077994860477e-17,1.847411112976257e-16,4.512537488769041,1.137724797738843,0.0,0.0,229.6187072830916,0.0,0.0,0.0,0.0,0.0,438.0028275870572,0.0,0.0,0.0,0.0,0.0,0.0,0.0,0.0,0.0,739.4582064382606,405.5628836042368,5465.72287528066,1421.4870224964477,0.0,307.57003626711554,156.32285574650547,0.0,7391.872535450371,2940.1796999622834,0.0,602.5262117478375,395.96579030473566,0.0,1551.8892049883798,3109.0254895612143,241.95498305808124,0.0
52,0.0376444792823919,0.0124591846198946,4.4408920985006215e-17,0.1327960034551495,3.375077994860477e-17,1.847411112976257e-16,4.238789973830773,1.6364817313285138,0.0,0.0,169.49998285940356,0.0,0.0,0.0,0.0,0.0,310.44105790439613,0.0,0.0,0.0,0.0,0.0,0.0,0.0,0.0,0.0,976.3358232839288,864.8287433856717,5893.813990444309,1474.3107776896657,0.0,373.32901239556566,121.19566322327928,0.0,7505.111025833732,2767.043851551692,0.0,424.17546810582746,373.2069396274548,0.0,1106.7180775383022,2616.5651366172874,198.06574105902845,0.0
53,0.0551216260465115,0.0318144973800155,4.440892098500622e-17,0.1019988953222591,3.375077994860477e-17,1.847411112976257e-16,4.102763798619742,2.3433757100086896,0.0,0.0,130.97684127373452,0.0,0.0,0.0,0.0,0.0,237.7912374142707,0.0,0.0,0.0,0.0,0.0,0.0,0.0,0.0,0.0,1214.924745639054,1241.1538450965056,6518.251821158156,1585.185398428256,0.0,418.6497446364377,81.16560398792106,0.0,7949.677559894001,2756.520918888578,0.0,297.5451465005639,369.4586320870482,0.0,795.6523404766766,2337.3830169460107,179.747882544084,0.0
54,0.0717503676279069,0.0781095924353605,0.001145669311859,0.0726967924385382,3.375077994860477e-17,1.847411112976257e-16,4.036724179004488,3.120775253615196,0.0,0.0,66.08871938850548,0.0,0.0,0.0,0.0,0.0,119.952163224619,0.0,0.0,0.0,0.0,0.0,0.0,0.0,0.0,0.0,1434.2837450847658,1617.111452020709,6887.839647240163,1572.969643143828,0.0,486.2687979861304,139.53552070320336,0.0,8232.0088061788,2664.9981496900227,0.0,272.6639950916053,363.49374611335327,0.0,652.8046474840471,2302.325914914153,150.3671644785965,0.0
55,0.0871913419534884,0.1581328417275749,0.0056077111495017,0.0454876969036544,3.375077994860477e-17,1.847411112976257e-16,3.828410174245853,3.931186929905646,0.0,0.0,39.37764186579592,0.0,0.0,0.0,0.0,0.0,71.48955178886582,0.0,0.0,0.0,0.0,0.0,0.0,0.0,0.0,0.0,1449.314829850013,1682.564396191604,6642.081276731907,1420.8935493502488,0.0,525.317054890218,269.7380994799253,0.0,8083.9552857071,2550.413187907683,0.0,392.288439358204,359.80300148278366,0.0,832.6365828552628,2593.5887099895285,131.7659491051583,0.0
56,0.1007401747459348,0.250551348039867,0.0108587626445183,0.0151000804700122,3.375077994860477e-17,1.847411112976257e-16,3.528333572265089,4.851736452784753,0.0,0.0,7.07412033361976,0.0,0.0,0.0,0.0,0.0,18.78277405407775,0.0,0.0,0.0,0.0,0.0,0.0,0.0,0.0,0.0,1452.0819986124177,1686.2773932784503,6318.026627322948,1298.8891317440484,0.0,559.8761559713564,464.68080925492194,0.0,7945.714546318007,2533.6052703280125,0.0,572.0790778338616,465.4265566409865,0.0,1134.7692360732974,3019.6572666594934,108.32019571566816,0.0
57,0.1021479840000002,0.3361772905576282,0.0158009287574751,1.6685090722341962e-06,3.375077994860477e-17,1.847411112976257e-16,3.2165657290672245,5.690848098890879,0.0,0.0,0.0,0.0,0.0,0.0,0.0,0.0,42.45731878683968,0.0,0.0,0.0,0.0,0.0,0.0,0.0,0.0,0.0,1444.1912855729854,1526.0973036827022,6261.542856012614,1384.8372626071605,0.0,581.4919508592542,591.532696600056,0.0,8008.053276659506,2716.71062249814,0.0,699.5162244504909,642.2943593168917,0.0,1397.7134083823858,3332.877267379446,188.81099814548108,0.0
58,0.1021479840000002,0.4161624421495012,0.0208975375614618,-8.881784197001243e-17,3.375077994860477e-17,1.847411112976257e-16,2.844505632354831,6.447923607362797,0.0,0.0,0.0,0.0,0.0,0.0,0.0,0.0,59.767813635663416,0.0,0.0,0.0,0.0,0.0,0.0,0.0,0.0,0.0,1424.8551297891709,1471.276055060908,6184.232264902899,1381.0963225566231,0.0,576.3081811939227,594.1722380106662,0.0,7889.731830442552,2699.36723037556,0.0,702.922484852376,643.2002483752218,0.0,1386.2494705172696,3289.189399955808,204.44607264788925,0.0
59,0.1021479840000002,0.498061616531561,0.026663398026578,-8.881784197001243e-17,3.375077994860477e-17,1.847411112976257e-16,2.316411299217237,6.98788272963405,0.0,0.0,0.0,0.0,0.0,0.0,0.0,0.0,65.07697916761833,0.0,0.0,0.0,0.0,0.0,0.0,0.0,0.0,0.0,1278.4556950965048,1301.046378208935,5606.395123264615,1275.04655395978,0.0,510.4121298465601,520.3922702985109,0.0,7101.1782524264,2446.185105243354,0.0,614.0428149412865,563.9560546399858,0.0,1209.9297117299454,2899.529352186464,183.45274565015595,0.0
60,0.0972100009622827,0.5426374676365057,0.0307299043642759,-8.881784197001243e-17,3.375077994860477e-17,1.847411112976257e-16,1.783730711960148,7.18368272708619,0.0,0.0,0.0,0.0,0.0,0.0,0.0,0.0,63.320046346630505,0.0,0.0,0.0,0.0,0.0,0.0,0.0,0.0,0.0,1355.4884496649534,1387.1844927775833,6054.601893721725,1428.7379409337054,0.0,526.527815046153,505.9974977367529,0.0,7611.714143128179,2634.292581804169,0.0,597.7374453547967,568.0243235610635,0.0,1225.823596249002,2988.387722352892,182.89156240569804,0.0
61,0.0807928842259136,0.5543818691512642,0.0331082600043392,6.135682419058243e-06,3.375077994860477e-17,1.847411112976257e-16,1.2720619168822451,7.11528592405478,0.0,0.0,0.0,0.0,0.0,0.0,0.0,0.0,45.01900512782205,0.0,0.0,0.0,0.0,0.0,0.0,0.0,0.0,0.0,1440.0361419279193,1490.974653849407,6571.558826807933,1607.0144126470548,0.0,540.267339135101,488.73558581201,0.0,8187.122812838612,2853.462891396591,0.0,577.3739534111194,572.237284606151,0.0,1238.441627549955,3083.126578362934,183.03922155940296,0.0
62,0.0641641426445182,0.6285985793906024,0.0734793020730897,0.0023343497940198,3.375077994860477e-17,6.91903255815801e-05,0.7944727696012095,6.769386726814831,0.0,0.0,245.24278174060385,0.0,0.0,0.0,0.0,0.0,770.7271023566836,0.0,0.0,0.0,0.0,0.0,0.0,0.0,0.0,0.0,1356.7310966725406,1565.1802155035798,6643.136793235859,1694.701910368707,0.0,438.9968761353495,426.80559452180825,0.0,7990.835959285225,2914.3572610975257,0.0,491.1324709003752,529.272398366313,0.0,1074.5274455686074,2843.975624115726,184.4797174031908,0.0
63,0.0468566769169434,0.7236905999721682,0.1311988601063123,0.0067452330498337,3.375077994860477e-17,0.0035262355215948,0.3785833054003801,6.214075316525544,0.0,0.0,1890.445743153273,0.0,0.0,0.0,0.0,0.0,2306.418657024036,0.0,0.0,0.0,0.0,0.0,0.0,111.21524156947658,0.0,0.0,659.2756715773218,760.7053417088449,3228.4244086842496,823.6797331792704,0.0,213.2695477258745,207.3959901005906,0.0,3883.215779406156,1416.3705346285346,0.0,238.6408033486645,257.156977806621,0.0,522.0645383601802,1381.9349695441422,89.66087549663374,0.0
64,0.0309066594817275,0.7922119905958998,0.1834069988688112,0.0108101646777407,3.375077994860477e-17,0.0083267262059802,0.1049299815392743,5.606076437654322,0.0,0.0,2641.1162754633983,0.0,0.0,0.0,0.0,0.0,3288.190025612242,0.0,0.0,0.0,0.0,0.0,0.0,511.4161127545219,0.0,0.0,330.86938326385126,381.7939966470256,1620.350900699582,413.4328269507445,0.0,107.04007707191218,104.08761953586732,0.0,1949.046776100644,710.920876861348,0.0,119.74199540602211,129.07739143756115,0.0,262.05200124100344,693.625232941466,44.95512215430546,0.0
65,0.0151263230830564,0.821322936119601,0.2314618195813952,0.0148318523521594,0.0089693503631485,0.0155922172808588,0.0691298632479063,4.92389353089292,45.60327657640408,13.836347317700923,3146.53826437261,346.99441707160264,0.0,0.4266715031890153,0.0,0.0,4020.03479968528,492.09821336506,0.0,0.0,4.388621175658444,0.0,355.27498981925305,1012.5291250050988,1.219061437682901,0.0,70.72712805328572,78.93366547531122,380.8996335104129,40.2595903254677,0.0,22.119382819939624,10.125677139088385,0.0,446.62677474594864,69.2155620553064,0.0,11.660309642405648,12.566782762230304,0.0,25.52545207668348,143.40043339694094,4.373329178362126,0.0
66,0.001196185412093,0.8506448076677732,0.2839303261196015,0.0192427356079733,0.0333992244869103,0.0276402995282394,0.2337499271744998,4.182402962679065,275.8084796990788,179.42921390460097,3944.911508817332,1143.9045403708358,0.0,12.811567767340607,0.0,0.0,5186.592555914518,1565.6351925049128,0.0,0.0,51.46274476775788,0.0,1005.579885843807,1752.445609151871,14.29693788634442,0.0,41.42904119070344,18.773319572894597,626.7660320409849,0.0,0.0,5.254340172005484,0.0,0.0,638.5759491516498,0.0,0.0,0.0,0.0,0.0,0.0,34.12584476297312,0.0,0.0
67,0.0,0.8733015210242042,0.3366042561457055,0.023821225955624,0.0716206357674418,0.040256825920266,0.5520920093585817,3.4890474866540027,406.9066728147524,276.46954769994824,4194.757324977984,1421.3375344412486,0.0,33.27076623037935,0.0,0.0,5537.34275099119,1922.307520192304,0.0,0.0,69.16635888442481,0.0,1187.7891005023037,1940.55019521432,19.218762496173195,0.0,30.8860923497908,0.0,732.8939935218326,0.0,0.0,0.0,0.0,0.0,775.122246495402,0.0,0.0,0.0,0.0,0.0,0.0,0.0,0.0,0.0
68,0.0,0.8303166577804406,0.3501347596744193,0.0260328599999998,0.1108985009501661,0.052367013068901,0.939444466563066,2.9027806755340078,842.9362725977859,572.330016159532,4426.534084872337,1566.9208798436905,0.0,190.4026594577597,190.76739852988595,0.0,5712.837433720201,2001.913434570218,0.0,0.0,56.85725842975404,0.0,1025.0366742586782,1788.37934969788,16.32598479795596,0.0,8.431055260521571,0.0,401.0068573839884,0.0,0.0,0.0,0.0,0.0,866.9149100962793,0.0,0.0,0.0,0.0,0.0,0.0,0.0,0.0,0.0
69,0.0,0.7701422676255599,0.3451411126644524,0.0260328599999998,0.1489245203017392,0.060824885740864,1.371758431244105,2.46044179759546,1556.4093595726245,1067.663522811941,4725.319528525114,1780.8988656542251,0.0,443.92164108097,342.8877282683195,0.0,5889.309084867225,2086.870035736385,0.0,0.0,123.637216373537,0.0,721.1639872527251,1483.2675553927063,46.02106100876298,0.0,0.0,0.0,144.39017592986932,0.0,0.0,0.0,0.0,0.0,846.8078757831748,0.0,0.0,0.0,0.0,0.0,0.0,0.0,0.0,0.0
70,0.0,0.7298861123174902,0.3410248612971261,0.0260328599999998,0.1946146764318936,0.0674164997940201,1.858539976003195,2.0613697859627287,1531.1516626567018,1197.2764093207386,3572.1882883771905,1427.3183944835475,0.0,390.27927277048303,124.52692845098424,0.0,4313.939353089143,1448.7393396084467,0.0,0.0,289.1013483635021,0.0,210.70719260421973,712.2009991996587,116.65305587372193,0.0,0.0,0.0,0.0,0.0,0.0,0.0,0.0,0.0,721.9562849100782,0.0,0.0,0.0,0.0,0.0,0.0,0.0,0.0,0.0
71,0.0,0.7198837483350213,0.3385700259415987,0.0260230479216645,0.2357316704682637,0.0715680999636302,2.465503553247788,1.7934958108158732,756.3122487402329,680.3821524625755,1747.6953802439616,713.6503843005028,0.0,146.54746090063057,38.86804905593188,0.0,2092.633229651032,644.6828661692323,0.0,0.0,436.1664425583608,0.0,17.493574054406693,231.91477568687023,179.37051061572498,0.0,0.0,0.0,0.0,0.0,0.0,0.0,0.0,0.0,586.4616313242783,0.0,0.0,0.0,0.0,0.0,0.0,0.0,0.0,0.0
72,0.0,0.6406114503770023,0.2987366439468439,0.0237417541594683,0.265803821703597,0.0716098382088692,3.1420301133679214,1.6409377629360054,298.6660264030828,269.2683948136676,696.6313752355305,282.4110489215941,0.0,59.16429811066131,19.444419995603702,0.0,838.1771486232037,258.8866884928768,0.0,0.0,582.8875299521976,0.0,17.348336896370576,106.42155538011993,241.9553847717921,0.0,0.0,0.0,0.0,0.0,0.0,0.0,0.0,0.0,567.3711080467228,0.0,0.0,0.0,0.0,0.0,0.0,0.0,0.0,0.0
73,0.0,0.5352191974101699,0.2432805979933552,0.0195038467176079,0.2934738389670328,0.068995664429594,3.861490670484812,1.4437054857155578,644.4097624391899,616.6374045446877,1929.726040731177,647.6938662364428,0.0,213.85941244695852,316.8161617271922,0.0,2589.268617942371,842.7690962198527,0.0,280.89748946616504,723.7915908626801,0.0,736.5296230452357,1222.520569834768,302.1235157925447,0.0,0.0,0.0,0.0,0.0,0.0,0.0,0.0,0.0,470.6142564987662,0.0,0.0,0.0,0.0,0.0,0.0,0.0,0.0,0.0
74,0.0,0.417449508989642,0.1849951619401991,0.0150497195083056,0.33774940875513,0.0699299385061562,4.685486075165153,1.23579995830447,1418.2858914987555,1337.9595092297936,4401.224475468595,1447.91127733806,0.0,501.01659078495874,792.6251701399021,0.0,5973.832474032759,1962.5624550665648,0.0,512.1543773578628,866.9143761175588,0.0,1859.4148637688968,3041.7609577625635,383.6077975676176,0.0,0.0,0.0,0.0,0.0,0.0,0.0,0.0,0.0,438.4835956325924,0.0,0.0,0.0,0.0,0.0,0.0,0.0,0.0,0.0
75,0.0,0.2947771451960128,0.1261438478671095,0.0105523483455149,0.3773511208151445,0.0688375668190311,5.501488038713488,1.039390964897882,1078.0996747847926,723.3457077878047,4020.3404497639744,1281.4412231767606,0.0,511.8634623015135,987.9834979999812,0.0,5756.570682056941,2005.854968329156,0.0,830.8163542817236,1203.9465700661617,0.0,2490.132847685808,3936.1060592424265,740.5756822582038,0.0,0.0,0.0,0.0,0.0,0.0,0.0,0.0,0.0,353.0791976575072,0.0,0.0,0.0,0.0,0.0,0.0,0.0,0.0,0.0
76,0.0,0.1790044329169422,0.0712536799335548,0.0063576848571427,0.3938998683234668,0.0644491408903657,6.104861666478121,0.8568365929942557,626.1837210633689,511.9336645942544,2486.953014079991,796.3322527647437,0.0,318.63775447494845,652.0189034033393,0.0,3608.235781082994,1290.4221010047688,0.0,589.5870533653176,829.3616468877611,0.0,1681.8945325389716,2649.2117777699204,534.249125281075,0.0,0.0,0.0,0.0,0.0,0.0,0.0,0.0,0.0,128.87904466666555,0.0,0.0,0.0,0.0,0.0,0.0,0.0,0.0,0.0
77,0.0,0.0744345129568105,0.0187606563752198,0.0022495092757474,0.3964992792159468,0.0601453379003325,6.469116587129977,0.6481649888090621,784.2505202424645,403.66960492687895,3579.0751030312404,1226.4199318507335,0.0,421.3232619262588,1031.0074564414374,0.0,5223.21069952586,2057.9412510098964,0.0,1012.0565448697956,1383.449546229091,0.0,2599.346263854266,4164.317273655716,953.9311720986108,0.0,0.0,0.0,0.0,0.0,0.0,0.0,0.0,0.0,411.67748242416224,0.0,0.0,0.0,0.0,0.0,0.0,0.0,0.0,0.0
78,0.0,0.0350485676780541,1.4210854715202038e-17,8.236943520724208e-07,0.3937885321857966,0.0555142018830317,6.657060408161743,0.4566493572441484,983.2401699796496,283.5155367524305,4364.671086342522,1629.99177409008,0.0,483.79641817799865,1217.2782557162243,0.0,6259.841986222029,2572.115840417815,0.0,1065.46586608675,1577.987377132563,0.0,2784.1922244623065,4466.825968670718,1044.1580137779708,0.0,0.0,0.0,0.0,0.0,0.0,0.0,0.0,0.0,862.8848379543399,0.0,0.0,0.0,0.0,0.0,0.0,0.0,0.0,0.0
79,0.0,0.0256718129123328,0.0003729318204624,-8.704148513061224e-17,0.3797424615678362,0.0535851671183134,6.633242775640133,0.3067869618623565,1066.9097809154755,161.70799805341252,4525.486605058245,1818.6192023897831,0.0,452.1116414052514,1147.996343787711,0.0,6377.20684284386,2719.8549902808318,0.0,937.676263462276,1480.8919221141225,0.0,2567.14135350688,4072.9417303946825,926.7931571561408,0.0,0.0,0.0,0.0,0.0,0.0,0.0,0.0,0.0,1320.1998590049318,0.0,0.0,0.0,0.0,0.0,0.0,0.0,0.0,0.0
80,0.0,0.0276629511229233,0.0022684542458471,-8.704148513061224e-17,0.3447347287672379,0.0481399927176083,6.469500760285332,0.1903339116685829,1138.1631918673845,55.32280073550759,4663.85708082055,1979.9711701331976,0.0,423.13995687781625,1084.3858388997935,0.0,6476.082856274682,2843.3522795446165,0.0,822.5412502669279,1391.8358037172395,0.0,2372.8237694880863,3722.511278403791,821.4735376910756,0.0,0.0,0.0,0.0,0.0,0.0,0.0,0.0,0.0,1730.0686692019517,0.0,0.0,0.0,0.0,0.0,0.0,0.0,0.0,0.0
81,0.0,0.0307390376810628,0.0043058622259136,-8.704148513061224e-17,0.3132959392699325,0.0443996481453491,6.170096962786566,0.0859459160930172,1059.4435384103258,0.0,4602.131220553848,1845.0705720725584,0.0,326.0930027613311,853.4157872384526,0.0,6295.013176017718,2548.5693533033814,0.0,536.618127345476,1071.035522035352,0.0,1964.548282708107,3125.019903105482,583.4217007907831,0.0,0.0,0.0,98.87416717553629,0.0,0.0,0.0,0.0,0.0,2210.004485667619,0.0,0.0,0.0,0.0,0.0,0.0,72.74826008121383,0.0,0.0
82,0.0,0.0338785487043186,0.0063852786179402,-8.704148513061225e-17,0.3066731974438147,0.0443798280000003,5.771502965239026,0.0059263355059546,901.7506965682174,0.0,4214.579926868971,1028.8481494292632,0.0,153.82288508623787,568.0826540247947,0.0,5696.37203585764,1384.405965776141,0.0,194.16987133836585,679.9752445209906,0.0,1430.1381293610802,2501.970924643463,251.53824241561028,0.0,0.0,0.0,1444.3180563889753,0.0,0.0,0.0,0.0,0.0,2623.990938535083,0.0778382546067294,0.0,0.0,0.0,0.0,0.2315189111379645,989.0558498986192,0.0,0.0
83,0.0,0.0370497719601326,0.0084856992159468,-8.704148513061224e-17,0.3136386363946029,0.0438464775019326,5.294977299327706,-5.8619775700208404e-15,775.5652319031641,0.0,3413.7335512958607,0.0,0.0,0.0,301.8056888599284,0.0,4543.7705884648185,0.0,0.0,0.0,325.6496423078634,0.0,725.0697019825901,1865.398509697477,0.0,0.0,0.0,0.0,2463.7739740090674,0.0,0.0,0.0,0.0,0.0,3430.8612005471987,100.9665090678416,0.0,0.0,0.0,0.0,111.60135580878408,1411.9925790353811,0.0,0.0
84,0.0,0.0403325899603881,0.0106071240199335,-8.704148513061224e-17,0.3071104157725532,0.0377915087242527,4.851536211409425,0.0024695148691482,547.1610457195314,0.0,2583.48549766922,0.0,0.0,0.0,108.75975376140951,0.0,3391.971131754901,0.0,0.0,0.0,85.19347504769455,0.0,229.91581701635775,1156.2635846049984,0.0,0.0,60.50403546827973,0.0,4454.794664271922,657.4872421592346,0.0,19.244396254490407,0.0,0.0,5978.876860129008,1962.2714115912304,0.0,158.8021851874917,0.0,0.0,1191.6802983576026,2603.114219013436,0.0,0.0
85,0.0,0.0455314496095365,0.0147240049200703,0.0038629650029313,0.2928293826179408,0.0301982823388706,4.664246874031679,0.0430121562071467,2.409991653151228,0.0,872.0283218013709,0.0,0.0,0.0,0.4702422737856044,0.0,1280.0259295513729,0.0,0.0,0.0,0.3630546966727097,0.0,0.9888918404609056,5.079308089640095,0.0,0.0,335.88418221993334,168.00946955881614,5606.303422898378,1463.641455706272,0.0,118.20575434396883,0.0,0.0,7668.1800457365425,3289.9544942089005,0.0,515.398555913859,134.00787533295804,0.0,1915.979364279386,3500.955401020834,117.67979854350492,0.0
86,0.0,0.0463632839999997,0.0233352609966777,0.0169549245448504,0.2932003724421163,0.0226050559534885,4.59597071904244,0.1475717178691481,0.0,0.0,360.6420606283272,0.0,0.0,0.0,0.0,0.0,835.1465279470825,0.0,0.0,0.0,0.0,0.0,0.0,0.0,0.0,0.0,447.6806092704286,398.2108366389733,4856.443587422472,1273.2390340100378,0.0,176.7140638188166,68.058490546458,0.0,6485.096191129018,2683.6023425562557,0.0,502.2560524759669,211.1780390031965,0.0,1585.8954656200108,2931.38848047353,173.8248673116911,0.0
87,0.0,0.0463632839999997,0.0316496317873754,0.0297897299401992,0.3021416531474793,0.0153804327906978,4.607166253530568,0.3186432234834549,0.0,0.0,30.4133189457367,0.0,0.0,0.0,0.0,0.0,542.4173177674841,0.0,0.0,0.0,0.0,0.0,0.0,0.0,0.0,0.0,1229.4268851078327,1525.2370028901755,5779.471692916105,1229.2708192700393,0.0,522.0778328154994,199.79726566400907,0.0,6966.32626194374,2231.9319488529213,0.0,313.1188127397733,105.5972571393905,0.0,771.4654293929904,2268.6915089414247,97.93856738968393,0.0
88,0.0,0.0463632839999997,0.0397943215415283,0.0423626005315614,0.3016688805233225,0.0083032509169437,4.781482965249981,0.5624937563704925,0.0,0.0,4.060602106890887,0.0,0.0,0.0,0.0,0.0,460.69484908954,0.0,0.0,0.0,0.0,0.0,0.0,0.0,0.0,0.0,1810.6783611294,2393.5927682481693,6568.3145697821465,1239.4751066589938,0.0,769.825468476024,277.12302326773533,0.0,7448.143066011134,1958.563636193205,0.0,184.8894867204221,84.75868715834896,0.0,222.8935563843289,1806.442521581772,148.6464447729735,0.0
89,0.0,0.0452011481743206,0.0480287939800665,0.0555903081328904,0.3007223772194649,0.001425362699238,5.116327206932204,0.9033386995919428,0.0,0.0,0.0,0.0,0.0,0.0,0.0,0.0,317.93497004520555,0.0,0.0,0.0,0.0,0.0,0.0,0.0,0.0,0.0,2236.221745874136,3242.5803197014798,7125.850494944723,1450.698163823465,0.0,935.0100767883304,171.25605398397315,0.0,7561.275508501649,1751.188910074631,0.0,110.68794693992191,61.84206312512794,0.0,95.96294412309676,987.7431294186728,221.81931289227492,0.0
90,0.0,0.0394656499696046,0.0544931472558141,0.0684251135282392,0.3116221153075559,1.8651746813702587e-16,5.381840523369216,1.4338838685126118,0.0,0.0,0.0,0.0,0.0,0.0,0.0,0.0,207.9877427039364,0.0,0.0,0.0,0.0,0.0,0.0,0.0,0.0,0.0,2415.2169857311683,3293.192152389515,7237.997398853744,1479.3485548943545,0.0,1080.6830206068098,264.317497066182,0.0,7618.976875451715,1704.2268967805633,0.0,63.07909066378996,44.38963469376323,0.0,68.85139711721072,932.977059142966,277.67456915421786,0.0
91,0.0,0.0368603222591359,0.0589057866901525,0.0781775924921958,0.3280041050435647,1.865174681370259e-16,5.3631648130343095,2.204261227276118,0.0,0.0,0.0,0.0,0.0,0.0,0.0,0.0,85.43570181528999,0.0,0.0,0.0,0.0,0.0,0.0,0.0,0.0,0.0,2113.554188089864,2650.6747849163507,6286.626964227191,1258.9830443542692,0.0,989.5133083800804,359.7734104765957,0.0,6809.978077253273,1608.4024782768324,0.0,42.89633815576939,44.97423396626753,0.0,89.21349719979318,1078.167357639073,342.7165204138387,0.0
92,0.0,0.0345473885182722,0.0572492285581397,0.078842376,0.3195846064139137,1.8651746813702592e-16,5.2061449710064736,3.204542176884888,0.0,0.0,0.0,0.0,0.0,0.0,0.0,0.0,15.287182389643776,0.0,0.0,0.0,0.0,0.0,0.0,0.0,0.0,0.0,1657.474620060951,1864.404846244076,5610.154600247478,1162.4508238121643,0.0,793.092910377554,505.2151541398295,0.0,6587.926866745459,1875.5090330240369,0.0,380.9860572812766,309.0479231991697,0.0,762.9524325773579,1920.2178890377145,404.03760790749607,0.0
93,0.0,0.0324346125049831,0.0552538289900334,0.078842376,0.2905083492159466,1.865174681370259e-16,5.060053716646042,4.308628902920563,0.0,0.0,0.0,0.0,0.0,0.0,0.0,0.0,0.0,0.0,0.0,0.0,0.0,0.0,0.0,0.0,0.0,0.0,1438.0148662346076,1337.174692617521,5954.385538321752,1296.0298678804954,0.0,707.1976039352671,756.6060859153528,0.0,7636.333933146193,2560.775548599257,0.0,884.4704917778265,703.0811473890858,0.0,1755.243956301296,3301.064337102114,471.645867053988,0.0
94,0.0,0.0302773569966775,0.0532164210099669,0.078842376,0.2576150244345268,1.865174681370259e-16,4.771074243400751,5.467696444158209,0.0,0.0,0.0,0.0,0.0,0.0,0.0,0.0,0.0,0.0,0.0,0.0,0.0,0.0,0.0,0.0,0.0,0.0,1261.742030356075,1018.3066459157004,5853.141946550029,1302.683382115527,0.0,650.7854941416372,810.174604569185,0.0,7701.389527843249,2732.0920137409416,0.0,1060.723275313973,856.6443190795245,0.0,2104.921877651742,3788.16853673802,523.5727244225502,0.0
95,0.0,0.0290382254043751,0.0491102424988404,0.0751251832613302,0.2194370087915761,1.865174681370259e-16,4.116445783519104,6.649417286102419,0.0,0.0,0.0,0.0,0.0,0.0,0.0,0.0,0.0,0.0,0.0,0.0,0.0,0.0,0.0,0.0,0.0,0.0,1001.3834532595122,787.8570420158654,4808.700917023944,1072.9227662886003,0.0,516.5525486126455,644.2306604962232,0.0,6276.028146516301,2244.764717815536,0.0,877.4845113327143,727.1971816011285,0.0,1726.9679431756867,3158.538143761253,460.411475257888,0.0
96,0.0,0.0326235130764117,0.0404681035215947,0.0620184188571429,0.1756661935180777,1.8651746813702592e-16,3.34830567063907,7.554133802975953,0.0,0.0,0.0,0.0,0.0,0.0,0.0,0.0,0.0,0.0,0.0,0.0,0.0,0.0,0.0,0.0,0.0,0.0,1108.740104154871,892.3738303204251,5356.479138161687,1190.4065359059464,0.0,548.1972906332882,684.9231562357209,0.0,6913.024940343112,2464.2424729043123,0.0,946.2129386792748,800.4900617366845,0.0,1836.3077144026088,3447.026362864554,516.5795648871077,0.0
97,0.0,0.0347194376760795,0.0325375056578072,0.0490526460598007,0.127446503324751,1.865174681370259e-16,2.645723282152852,8.191413352950986,0.0,0.0,0.0,0.0,0.0,0.0,0.0,0.0,0.0,0.0,0.0,0.0,0.0,0.0,0.0,0.0,0.0,0.0,1232.627717214696,1014.3998902541484,5976.542272598911,1328.9096387222482,0.0,583.2196369261009,731.412838648092,0.0,7625.701290331483,2714.847831834702,0.0,1019.6982081428996,886.6890451747472,0.0,1953.9013318582088,3762.313087474657,577.6088072185673,0.0
98,0.0,0.0665388534617938,0.0323135294352159,0.0363488080664451,0.0930539276696726,1.865174681370259e-16,1.9211475903006496,8.554514373965953,0.0,0.0,0.0,0.0,0.0,0.0,0.0,0.0,0.0,0.0,0.0,0.0,0.0,0.0,0.0,0.0,0.0,0.0,1329.09717627523,1130.9578178497034,6520.652651622656,1529.2236630605275,0.0,604.4062744036905,801.8328280015661,0.0,8157.607947644334,2975.301209193014,0.0,1074.986169200259,1032.6973710769707,0.0,2054.880871210323,3990.83974573729,628.3963998400574,0.0
99,0.0,0.1126105021403014,0.0348093233222591,0.0231211004651162,0.0688671522703808,0.011626303218247,1.1571797937339796,8.579463607150005,0.0,0.0,0.0,0.0,0.0,0.0,0.0,0.0,0.0,0.0,0.0,0.0,0.0,0.0,0.0,0.0,0.0,0.0,1326.919108176582,1023.6119115938724,6421.55481802032,1481.6910105805537,0.0,611.8279638833903,835.5625896739288,0.0,8043.108615610228,2879.4371766215577,0.0,1050.126955299215,1080.5189809060082,0.0,1997.3150140108305,3999.8203439482113,663.0404659556243,0.0
100,0.0,0.1612962837005723,0.0372556955481727,0.010155327667774,0.0476811949634551,0.0382507183255815,0.5533068493071526,8.298668424855864,0.0,0.0,857.4607452543311,0.0,0.0,0.0,0.0,0.0,1107.5876709703298,0.0,0.0,0.0,0.0,0.0,0.0,10.564929538007895,0.0,0.0,1254.838649280615,744.3554076076887,5754.197100474777,956.2456708870694,0.0,539.7353886555052,748.4908664601916,0.0,7161.3948697542255,2028.1815282936252,0.0,855.6783551214836,940.7057520220897,0.0,1623.9130722758937,3635.6403137736106,569.8771445059226,0.0
101,0.0,0.2168136510697672,0.0412143706046511,0.0006617595476071,0.0278151067477204,0.0658013490846118,0.3237991043729614,7.830416727538831,0.0,0.0,2008.2377301646363,0.0,0.0,0.0,0.0,0.0,2474.09130601518,0.0,0.0,0.0,0.0,0.0,0.0,145.4757948544418,0.0,0.0,1224.2474373379832,599.2041740036152,4693.074055649933,503.337271224518,0.0,454.34074293965216,588.109006858817,0.0,5655.547798645353,1094.6238601500695,0.0,585.7514769289563,663.0383757774995,0.0,908.6095747346558,2922.1021605936835,321.2579209295889,0.0
102,0.0,0.2810865213687707,0.0518565016345513,-8.881784197001243e-17,0.0150649653419512,0.0981868378604654,0.3057976065300119,7.1353623112417885,106.57113073014769,0.0,2519.4880146946207,0.0,0.0,0.0,0.0,0.0,3103.015096388347,0.0,0.0,0.0,0.0,0.0,0.0,492.301261829108,0.0,0.0,1057.2325999244165,240.2586032184613,3421.04540669562,82.22428486384239,0.0,183.7853049573376,216.16845569506523,0.0,3870.3094120823016,178.8346554837495,0.0,174.9282153794564,205.1934475273918,0.0,148.43824848303203,1940.9474287610524,52.481790852036895,0.0
103,0.0,0.3462380312784836,0.0630278966628882,-8.881784197001243e-17,0.0253242567449679,0.1318454601727579,0.3344081168419198,6.083247503451231,429.142253704922,23.74653170948465,3299.077693792832,83.57620794338135,0.0,4.633469601850663,15.927551756361655,0.0,4187.721442216864,106.74355595263464,0.0,11.352000524534123,51.60526769061176,0.0,87.51465710495441,1528.3021274151588,38.284042585291104,0.0,298.6960983617905,0.0,1963.354983605806,0.0,0.0,0.0,0.0,0.0,2161.251305253105,0.0,0.0,0.0,0.0,0.0,0.0,563.7538546651356,0.0,0.0
104,0.0,0.3778796683853824,0.0659499119999997,-8.881784197001243e-17,0.1129513215187837,0.1645461893145929,0.4884110550989212,4.954306940020184,750.2054125360862,327.3117222646291,3993.4253738633097,1044.7747454991984,0.0,74.65644892243762,216.7865286028149,0.0,5179.52893908089,1325.050234361369,0.0,154.88582647155968,585.4429122369561,0.0,1047.944573954777,2612.278925132368,433.3906184987064,0.0,0.0,0.0,571.7254703527137,0.0,0.0,0.0,0.0,0.0,829.9046743608146,0.0,0.0,0.0,0.0,0.0,0.0,0.0,0.0,0.0
105,0.0002016260522894,0.394969768335982,0.0661676896241511,-8.881784197001243e-17,0.2122632053404597,0.1841453063391598,0.7449744559283752,3.916862880744468,908.842418398076,644.0332895417642,4368.296689819138,1697.1001763480149,0.0,233.77934673919827,385.1276332243653,0.0,5797.524738478879,2301.5788075459946,0.0,275.53822231658813,853.9810701605344,0.0,1770.7165208992694,3239.152624656066,671.841556366544,0.0,0.0,0.0,62.704264031881365,0.0,0.0,0.0,0.0,0.0,146.6790062368449,0.0,0.0,0.0,0.0,0.0,0.0,0.0,0.0,0.0
106,0.0060450928504983,0.4084245240082748,0.0700247279601327,-8.881784197001243e-17,0.3216732368770768,0.1888496785146373,1.1950699589847882,3.0368874101623438,724.1221173280616,520.5266028057729,4272.67130601913,1501.0055672229548,0.0,391.97331794585824,415.97331794585824,0.0,5950.070224273885,2414.63201846497,0.0,427.1784235445601,895.5519723025449,0.0,2466.866748226029,3996.951049054039,816.3553760350127,0.0,0.0,0.0,0.0,0.0,0.0,0.0,0.0,0.0,138.92998408242752,0.0,0.0,0.0,0.0,0.0,0.0,0.0,0.0,0.0
107,0.0144047668305647,0.4103543897622894,0.0746250777270322,-8.881784197001244e-17,0.4364402183521598,0.1911555720000006,1.889990947988088,2.2317804483335726,306.2334511934658,129.96904549992104,3953.828406672155,1194.2637618978472,0.0,308.01073092561074,290.224144739665,0.0,5916.982004375239,2570.735445079559,0.0,669.8263667373997,860.8855557168577,0.0,3618.764988596291,5435.6068325837305,1091.5100319104936,0.0,0.0,0.0,0.0,0.0,0.0,0.0,0.0,0.0,413.854542115588,0.0,0.0,0.0,0.0,0.0,0.0,0.0,0.0,0.0
108,0.0221907376943521,0.3791934608770765,0.0715584468438538,-8.881784197001243e-17,0.5433310344318941,0.1911555720000006,2.8384119880942,1.6330288825497532,0.0,0.0,2599.2591917004943,711.0244830798804,0.0,120.55834608235494,116.01652244559727,0.0,4292.631080006416,2091.186807990665,0.0,626.4751021930545,547.0785330144367,0.0,3527.9181108861767,5045.542204335272,1012.4881770864162,0.0,0.0,0.0,0.0,0.0,0.0,0.0,0.0,0.0,423.7604496351194,0.0,0.0,0.0,0.0,0.0,0.0,0.0,0.0,0.0
109,0.0297308357940199,0.3374965307268522,0.0661022954551495,-8.881784197001243e-17,0.6396637004928506,0.1820769023824938,4.043199634247601,1.2914176941250823,0.0,0.0,1826.83263861716,451.4050020144842,0.0,98.40627717182043,142.0476446606124,0.0,3222.689065965708,1545.845352082731,0.0,545.9974765934793,437.7820312920266,0.0,3052.9784232671245,4441.926171051471,941.9707790138737,0.0,0.0,0.0,0.0,0.0,0.0,0.0,0.0,0.0,365.78326834157167,0.0,0.0,0.0,0.0,0.0,0.0,0.0,0.0,0.0
110,0.0380085521860465,0.2870549357632134,0.060112390126246,-8.881784197001243e-17,0.6718635959202672,0.1550695224318946,5.6678957851107405,1.022807126102801,0.0,0.0,2071.6748316039702,379.833733052874,0.0,72.88018554442606,171.96301178039477,0.0,4216.444941515732,1960.965005565101,0.0,907.9418074263529,642.0151814090697,0.0,5028.72933923081,7484.176871233379,1697.6453534873629,0.0,0.0,0.0,0.0,0.0,0.0,0.0,0.0,0.0,248.57411220622825,0.0,0.0,0.0,0.0,0.0,0.0,0.0,0.0,0.0
111,0.0467490425295077,0.2171357155614619,0.0533213596704321,-8.881784197001243e-17,0.6832149277873769,0.1228143854381159,7.740359492920827,0.727433760982172,0.0,0.0,2287.642744839988,293.51992132683733,0.0,44.25342876033093,205.63996428844783,0.0,5067.042518302804,2292.2559397112327,0.0,1251.8197217132015,858.2879775123132,0.0,6780.869978125603,10267.522520954266,2410.555912615952,0.0,0.0,0.0,0.0,0.0,0.0,0.0,0.0,0.0,120.93103193767796,0.0,0.0,0.0,0.0,0.0,0.0,0.0,0.0,0.0
112,0.049338468,0.1486455301794018,0.0436838062724253,-8.881784197001243e-17,0.6834389726511639,0.0910635291029902,9.625758881969452,0.4568355311627822,0.0,0.0,2151.8311081453053,54.67537686228732,0.0,36.33429274754469,268.66816678209534,0.0,4619.012476024095,1651.6803247273454,0.0,1589.7287616669523,1339.9280767414102,0.0,6424.19442848937,10592.303726438624,2885.3398393031925,0.0,0.0,0.0,0.0,0.0,0.0,0.0,0.0,0.0,58.08852411007313,0.0,0.0,0.0,0.0,0.0,0.0,0.0,0.0,0.0
113,0.049338468,0.0846336227250497,0.0335596471989368,-8.881784197001243e-17,0.6707710806793363,0.06089778269103,11.249924285488923,0.3031680536659054,0.0,0.0,2145.556899994322,14.480854404000254,0.0,114.22397466586644,444.42257266542913,0.0,4469.805962240193,1430.306986110712,0.0,1785.1742751693205,1720.7747927889716,0.0,6151.671428021891,10756.854951645644,3075.422928816828,0.0,0.0,0.0,0.0,0.0,0.0,0.0,0.0,0.0,10.660510196251463,0.0,0.0,0.0,0.0,0.0,0.0,0.0,0.0,0.0
114,0.049338468,0.0457059759069766,0.0302477039999999,-8.881784197001243e-17,0.5833403401993359,0.02819176289701,12.61149725622317,0.1999427588902317,0.0,0.0,2138.9509056324623,12.396552819213534,0.0,150.6184466163888,566.7256932088236,0.0,4390.16487038909,1304.0043698763384,0.0,1851.8102908670637,1887.427653531521,0.0,5967.22582532122,10685.261400378404,3140.88847702926,0.0,0.0,0.0,0.0,0.0,0.0,0.0,0.0,0.0,0.0,0.0,0.0,0.0,0.0,0.0,0.0,0.0,0.0,0.0
115,0.049290438774561,0.0236803300949216,0.0301678056478405,-8.881784197001243e-17,0.4874449415794973,0.0074709077740865,13.505287440111063,0.1128731316535273,0.0,0.0,1736.4218020888286,9.337979653943348,0.0,126.9205346444426,482.75272932267313,0.0,3550.619460976429,1030.0355831589836,0.0,1511.453145866007,1558.9798008872503,0.0,4799.23018892363,8633.967448989823,2558.420572537071,0.0,0.0,0.0,0.0,0.0,0.0,0.0,0.0,0.0,0.0,0.0,0.0,0.0,0.0,0.0,0.0,0.0,0.0,0.0
116,0.046161890730897,0.0096668769169434,0.0279314754817275,-8.881784197001243e-17,0.4089420060996686,0.0039438485581396,13.95445557186578,0.0561903694684301,0.0,0.0,1494.3340772784572,8.288808294833787,0.0,110.2885851112966,426.8889679266272,0.0,3035.9932797214374,864.0116535839595,0.0,1283.9988437981483,1345.343874086516,0.0,4035.4522977601778,7288.377167212856,2172.777472469593,0.0,0.0,0.0,0.0,0.0,0.0,0.0,0.0,0.0,0.0,0.0,0.0,0.0,0.0,0.0,0.0,0.0,0.0,0.0
117,0.0389496229833887,0.000400514277924,0.0235098841993355,-8.881784197001243e-17,0.3099564971533977,0.0005917391822661,14.043082072466492,0.0062105560038863,0.0,0.0,1488.2477084588802,8.948164916954624,0.0,112.7738523792905,456.54310934201055,0.0,2969.770205648429,798.972040114758,0.0,1232.8564391336477,1350.010090181525,0.0,3759.0973401912743,6869.16160818444,2084.3729653652376,0.0,0.0,0.0,0.0,0.0,0.0,0.0,0.0,0.0,0.0,0.0,0.0,0.0,0.0,0.0,0.0,0.0,0.0,0.0
118,0.0289507972425249,-8.526512829121174e-17,0.0173799508305648,-8.881784197001243e-17,0.1760374858604656,1.563194018672218e-16,13.703935821942483,-8.745004720367436e-15,31.6451448480449,0.0,1711.0586936031782,14.475046100380125,0.0,147.50976002878645,715.9426286958031,0.0,3086.641436088728,544.2229412270634,0.0,1138.050594434261,1613.885072990086,0.0,2740.1584254960744,5527.0478246729,1912.3497888667648,0.0,0.0,0.0,0.0,0.0,0.0,0.0,0.0,0.0,0.0,0.0,0.0,0.0,0.0,0.0,0.0,0.0,0.0,0.0
119,0.0195256746179401,-8.526512829121174e-17,0.0116017349501661,-8.881784197001243e-17,0.0609862975321481,1.563194018672218e-16,12.805192032905222,-8.745004720367436e-15,69.85960509341825,0.0,2242.876847153323,17.993462603988444,0.0,177.38090923435507,904.2784353408928,0.0,3951.212544698026,545.1992413230183,0.0,1289.8391932647603,1976.1822748979391,0.0,2925.8787821847227,6259.149541562715,2193.4989906741857,0.0,0.0,0.0,1640.360720985971,0.0,0.0,0.0,0.0,0.0,2336.6163918438383,83.75872979439848,0.0,0.0,0.0,0.0,48.43191858859775,537.540677521491,0.0,0.0
120,0.0109201278737541,-8.526512829121174e-17,0.0063259726245847,-8.881784197001243e-17,0.0368703438737546,5.2685931340134165e-05,11.574454772859369,0.0016751655082969,0.8633485198587428,0.0,1553.560697262191,0.2238310977411555,0.0,2.2063351063056804,38.73212386391851,0.0,2700.7531941855705,6.778884674446426,0.0,55.2358107902324,284.4257620347946,0.0,448.30336171909903,1959.6362289487688,284.854360256518,0.0,0.0,0.0,3519.14106406814,95.70221247716498,0.0,0.0,0.0,0.0,4475.330014040824,765.2504425712818,0.0,7.735044114636155,0.0,0.0,445.4250232045375,1682.454553499605,0.0,0.0
121,0.0025510783138557,-8.526512829121174e-17,0.0012753049693179,-8.881784197001243e-17,0.0588096609802623,0.0280976033269495,10.038061403824122,0.017965290648418,0.0,0.0,911.8080487299648,0.0,0.0,0.0,0.0,0.0,1459.6050366191414,0.0,0.0,0.0,8.730935982032046,0.0,14.117360196753438,177.77157546557785,8.3436767247645,0.0,0.0,0.0,4767.217816539683,953.76641887482,0.0,0.0,0.0,0.0,6346.561114041347,2306.3388568465816,0.0,154.69177568885192,0.0,0.0,1256.5968338285377,2568.0993033039204,0.0,0.0
122,0.0033137223787375,-8.526512829121173e-17,1.2434497875801717e-17,-8.881784197001243e-17,0.1200041093674935,0.0862305024916945,8.518706755394588,0.0839243325486751,0.0,0.0,52.50051743047949,0.0,0.0,0.0,0.0,0.0,256.45179177569,0.0,0.0,0.0,0.0,0.0,0.0,0.0,0.0,0.0,43.112169907055744,39.9038223790888,5763.280422411597,1505.8422854268008,0.0,9.22399914290495,0.0,0.0,7312.165309064799,2617.1394300912693,0.0,104.21238183092775,0.0,0.0,788.2735949226146,2074.1877361968563,0.0,0.0
123,0.0087220994950166,-8.526512829121174e-17,1.2434497875801717e-17,-8.881784197001243e-17,0.1979849472185472,0.1416461874219271,7.126987125762248,0.2366527951078925,0.0,0.0,0.0,0.0,0.0,0.0,0.0,0.0,102.16524112766004,0.0,0.0,0.0,0.0,0.0,0.0,0.0,0.0,0.0,900.082436446775,1087.96311132734,6622.189698028556,1936.4670589634168,0.0,243.16458528214204,0.0,0.0,7979.114175916986,2674.222161005203,0.0,23.180497981475103,0.0,0.0,215.10292907372624,1424.606085988147,0.0,0.0
124,0.0141304766112957,-8.526512829121173e-17,1.2434497875801717e-17,-8.881784197001243e-17,0.2801274560178892,0.1974620927656531,5.993320302326612,0.5269535829890023,0.0,0.0,0.0,0.0,0.0,0.0,0.0,0.0,72.97048484409284,0.0,0.0,0.0,0.0,0.0,0.0,0.0,0.0,0.0,1484.4013523993094,1953.0804199653176,6989.8307396723885,2052.8202930198504,0.0,432.15167210638026,0.0,0.0,8103.231040986702,2547.669823827324,0.0,9.739323566004986,0.0,0.0,92.05612930738076,1095.331455000959,0.0,0.0
125,0.0197044162923588,-8.526512829121174e-17,1.2434497875801717e-17,-8.881784197001244e-17,0.3819534253099192,0.263798824305648,5.17412077912727,0.9816366179100872,0.0,0.0,0.0,0.0,0.0,0.0,0.0,0.0,6.9814264929896055,0.0,0.0,0.0,0.0,0.0,0.0,0.0,0.0,0.0,3157.0653099859487,3131.915257229548,8212.75930747075,2055.1776519879154,0.0,1434.2188749116508,368.5142461908887,0.0,8166.026510736914,1900.438390606448,0.0,5.873881719730647,0.0,0.0,55.57159912886721,496.9709693438543,0.0,0.0
126,0.0250024183654484,-8.526512829121174e-17,1.2434497875801712e-17,-8.881784197001243e-17,0.48334759628529,0.3305729213693364,4.677907947609252,1.600872002864486,0.0,0.0,0.0,0.0,0.0,0.0,0.0,0.0,0.0,0.0,0.0,0.0,0.0,0.0,0.0,0.0,0.0,0.0,3362.264681024046,2976.6532977946777,7675.198487411568,1807.361542356832,0.0,1648.2822265222835,522.9470454761122,0.0,7485.575759796617,1657.9508260206069,0.0,16.206323468416162,42.81085296360514,0.0,71.88289463773162,349.09914187112605,7.781128997652194,0.0
127,0.0303556079601328,-8.526512829121174e-17,1.2434497875801717e-17,-8.881784197001243e-17,0.5656752099101661,0.3747391524550166,4.378566069175817,2.440601340912949,0.0,0.0,0.0,0.0,0.0,0.0,0.0,0.0,0.0,0.0,0.0,0.0,0.0,0.0,0.0,0.0,0.0,0.0,1291.9371170993015,1028.6761413486356,5778.697968134423,1337.6993167574374,0.0,672.7702107524975,306.6647597264617,0.0,7371.822770540682,2702.0105380177392,0.0,744.1166567714494,448.42165182297344,0.0,2278.481056243843,3242.1592760802764,451.17442531567065,0.0
128,0.0332199227003321,-8.526512829121174e-17,1.2434497875801712e-17,-8.881784197001243e-17,0.6199774712415596,0.3888183293820597,4.012539470347089,3.774031192691264,0.0,0.0,0.0,0.0,0.0,0.0,0.0,0.0,0.0,0.0,0.0,0.0,0.0,0.0,0.0,0.0,0.0,0.0,97.96727619653365,0.0,5118.448076005725,1156.9846398473526,0.0,122.48647638734296,176.98831292733342,0.0,8077.492486881857,3619.0,0.0,1311.5178645253618,671.5011687072666,0.0,4072.578637303228,5602.587986961361,836.0277150580379,0.0
129,0.0332228879999999,-8.526512829121174e-17,1.2434497875801717e-17,-8.881784197001243e-17,0.6523050250091378,0.402322283476744,3.7123156949202656,5.293930157220092,0.0,0.0,0.0,0.0,0.0,0.0,0.0,0.0,0.0,0.0,0.0,0.0,0.0,0.0,0.0,0.0,0.0,0.0,0.0,0.0,4963.0,1111.0,0.0,82.0,142.0,0.0,8055.0,3619.0,0.0,1365.0,675.0,0.0,4308.0,5866.0,919.0,0.0
130,0.0332228879999999,-8.526512829121173e-17,1.2434497875801717e-17,-8.881784197001243e-17,0.6700284999453114,0.4284825864173266,3.400260610271146,6.781236048834904,0.0,0.0,0.0,0.0,0.0,0.0,0.0,0.0,0.0,0.0,0.0,0.0,0.0,0.0,0.0,0.0,0.0,0.0,0.0,0.0,5075.1804598472645,1200.8633922383922,0.0,57.600006080966345,116.1122015737082,0.0,8203.185328922911,3823.721900198721,0.0,1366.7853654087098,667.8585383651608,0.0,4377.034129136779,5882.36584957984,981.785350206294,0.0
131,0.0332157376320067,-8.526512829121174e-17,1.2434497875801712e-17,-8.881784197001243e-17,0.6453148228492267,0.4280164539413301,3.0018689279949125,8.158309925824838,0.0,0.0,0.0,0.0,0.0,0.0,0.0,0.0,0.0,0.0,0.0,0.0,0.0,0.0,0.0,0.0,0.0,0.0,0.0,0.0,5486.883848888674,1497.573426282345,0.0,0.0,28.259208196617426,0.0,8723.369557545398,4433.211514270677,0.0,1314.5980771467505,607.7797480715213,0.0,4461.257766334095,5810.069955932976,1076.4806533514206,0.0
132,0.0302402907508305,0.0014477251933553,0.0001107045209302,-8.881784197001243e-17,0.585804026480533,0.3962653500199332,2.5345372075391386,9.298032895545251,0.0,0.0,0.0,0.0,0.0,0.0,0.0,0.0,0.0,0.0,0.0,0.0,0.0,0.0,0.0,0.0,0.0,0.0,0.0,0.0,5688.063620528064,1584.6845059479883,0.0,0.0,0.0,0.0,8962.089498704172,4590.897946766158,0.0,1213.1013106324417,525.0761750577348,0.0,4338.416804684453,5644.620885419925,975.4340653792626,0.0
133,0.0249422886777408,0.0274150191229234,0.0017758850232558,-8.881784197001243e-17,0.5104620305945399,0.3647936362126242,2.1352645523044926,10.149603421780151,0.0,0.0,0.0,0.0,0.0,0.0,0.0,0.0,0.0,0.0,0.0,0.0,0.0,0.0,0.0,0.0,0.0,0.0,0.0,0.0,5770.588302455701,1582.062005380015,0.0,0.0,0.0,0.0,9058.040977821986,4630.46363472889,0.0,1144.8118928584254,468.7894621813341,0.0,4265.257434656141,5561.021223854886,900.5915642072348,0.0
134,0.0196442866046511,0.0634730630830563,0.0039899754418604,-8.881784197001243e-17,0.4302948983728897,0.3332017289254479,1.802797374663393,10.495243955371691,0.0,0.0,0.0,0.0,0.0,0.0,0.0,0.0,0.0,0.0,0.0,0.0,0.0,0.0,0.0,0.0,0.0,0.0,0.0,0.0,5825.859625529523,1588.7654394899894,0.0,0.0,0.0,0.0,9065.09941494448,4632.421282032628,0.0,1140.6679509089847,492.7131175652747,0.0,4203.619677493367,5522.911513026013,880.807579411835,0.0
135,0.0137944093156146,0.1032871532890365,0.0064347002790697,-8.881784197001243e-17,0.3251771885246799,0.2895127675030844,1.3818844355659754,10.418539418639057,0.0,0.0,0.0,0.0,0.0,0.0,0.0,0.0,0.0,0.0,0.0,0.0,0.0,0.0,0.0,0.0,0.0,0.0,0.0,0.0,5879.885209515179,1595.6207055518323,0.0,0.0,0.0,0.0,9070.502266961334,4633.598321456956,0.0,1137.7608922429329,517.7839487173496,0.0,4143.014202066533,5486.184198540061,862.3166397009389,0.0
136,0.00925473902521,0.1454619999609147,0.0089024885581395,-8.881784197001243e-17,0.2120359654133286,0.2271451685745553,0.9390687839929678,10.00782532845026,0.0,0.0,0.0,0.0,0.0,0.0,0.0,0.0,0.0,0.0,0.0,0.0,0.0,0.0,0.0,0.0,0.0,0.0,0.0,0.0,5933.302315238492,1602.392883194791,0.0,7.686517099544328,6.437458070868374,0.0,9075.780783059392,4634.815836451496,0.0,1134.8585407132132,542.570641592057,0.0,4083.1010652506193,5449.85587039118,844.0259779188311,0.0
137,0.014333929116279,0.1994959349235882,0.0112650086990033,-8.881784197001243e-17,0.1323672247840535,0.1860917736877077,0.6042608588332248,9.380695882615278,0.0,0.0,0.0,0.0,0.0,0.0,0.0,0.0,0.0,0.0,0.0,0.0,0.0,0.0,0.0,0.0,0.0,0.0,9.40339177863735,0.0,6033.570399806927,1614.4218865084097,0.0,121.3749856653128,121.41417148296844,0.0,9078.548032550028,4635.370668008369,0.0,1156.8816619882416,622.1872879897799,0.0,3963.308841674351,5406.510837163262,849.1751414945619,0.0
138,0.0243383031379677,0.3374933903499032,0.0151932132810129,-8.881784197001243e-17,0.0781698062493577,0.1732558700332225,0.3979019063664543,8.336853077339184,0.0,0.0,43.05545032229356,0.0,0.0,0.0,0.0,0.0,129.85310395762656,0.0,0.0,0.0,0.0,0.0,0.0,0.0,0.0,0.0,102.65907159096167,0.0,6300.746498509571,1678.4219411422528,0.0,199.18637778642488,244.6981356315336,0.0,9088.919113846505,4487.379331240819,0.0,964.2660912915916,749.3854588385532,0.0,3302.973948089565,4935.323056839487,786.4212382316954,0.0
139,0.0375703467906977,0.4942232008504985,0.0180533209634551,-8.881784197001243e-17,0.0391580176544852,0.1597558820268436,0.2116295823994716,7.014824455249435,2.567764464738929,0.0,1009.1702451213264,20.56886326441913,0.0,0.0,0.0,0.0,1293.7604151265978,14.015714370033322,0.0,0.0,0.0,0.0,0.0,13.07955024226392,0.0,0.0,131.5523211390418,0.0,5852.630981267499,1401.5782870371677,0.0,139.05357812772232,130.4478455244484,0.0,8088.75867247581,3389.6426260514586,0.0,542.5721900020238,521.9643706244901,0.0,2177.838616624641,3672.6270290593534,507.3004930237393,0.0
140,0.0506769713222592,0.6399923903521602,0.0202797667973421,-8.881784197001243e-17,0.0097431953667268,0.1332016412430358,0.101632129571687,5.645457022390749,54.99779107760791,0.0,2576.831032897908,440.5566192553002,0.0,0.0,0.0,0.0,2982.6926381003195,300.19735466711256,0.0,0.0,0.0,0.0,0.0,280.1458070779423,0.0,0.0,88.05258563693118,0.0,4146.388091924374,515.7329632887302,0.0,46.86557136435924,38.01741922781806,0.0,5630.592420422425,1195.9399507423527,0.0,173.32217630143333,173.32217630143333,0.0,1221.1264161886952,2153.1895045204355,167.98788362581524,0.0
141,0.0632696105780731,0.7800451410498355,0.0251922082880253,-8.881784197001243e-17,5.009326287108716e-16,0.1059991669435215,0.0978850075995986,4.380399688726855,72.72672517393512,0.9798852913306808,2425.4733534584807,582.6608367681341,0.0,0.0,0.0,0.0,2819.472551089098,397.0357751362823,0.0,0.0,0.7887873299508383,0.0,3.216138030882026,370.5035057022209,0.8192816854901749,0.0,28.80093863619188,0.0,2422.146903232271,0.0,0.0,0.0,0.0,0.0,3239.330664410438,0.0,0.0,0.0,0.0,0.0,399.4027074445097,704.2868705674963,0.0,0.0
142,0.0748920933010718,0.9181247552390172,0.036779056263524,-8.881784197001243e-17,5.009326287108716e-16,0.0824732207043189,0.2110500596494733,3.217576919685583,24.538892186687868,272.72349125989297,818.4435178671728,196.58452311906427,0.0,0.0,0.0,0.0,951.3715025497332,133.96523489783775,0.0,0.0,219.54250155491405,0.0,895.123103516716,125.00138864426222,228.0257115991894,0.0,0.0,0.0,1402.943263637958,0.0,0.0,0.0,0.0,0.0,1959.892662794529,0.0,0.0,0.0,0.0,0.0,0.0,0.0,0.0,0.0
143,0.0773547839999999,1.0166845715378103,0.0472902202022591,-8.881784197001243e-17,0.0045983725642529,0.0579967311827242,0.4110038778019962,2.1894763556523635,331.64014971413576,668.5739649976182,532.0058947383426,178.27136132674525,0.0,164.0849269935431,0.0,0.0,540.208827453642,80.61768643129344,0.0,61.46832585290289,302.670931431318,0.0,1180.7918438809354,41.00410852360981,301.0624625089297,0.0,0.0,0.0,173.48946163143276,0.0,0.0,0.0,0.0,0.0,1104.823159484414,0.0,0.0,0.0,0.0,0.0,0.0,0.0,0.0,0.0
144,0.0773547839999999,1.0319821809461824,0.059245314538206,0.000352870660465,0.0474611038325586,0.0373355389873754,0.6493613461740891,1.6020121878485072,1585.2051293306904,1862.3196171159143,1900.7681091382567,700.8144950448484,0.0,527.7843880524952,17.654489983387585,0.0,1831.2113755620203,279.81515339891945,0.0,96.77580431882215,359.0895330899883,0.0,1205.9855826446783,95.40507173804768,308.46262040044684,0.0,0.0,0.0,1.2259187794057709,0.0,0.0,0.0,0.0,0.0,772.1456560285753,0.0,0.0,0.0,0.0,0.0,0.0,0.0,0.0,0.0
145,0.0773547839999999,1.0950316271760812,0.0815325617541528,0.002268454245847,0.1060144052890369,0.0363470208051151,1.055076840649912,1.249298855767572,1644.1300027870504,1918.4990357063505,1965.142599097612,725.3892074374422,0.0,544.7446705051752,23.23033235251432,0.0,1891.934495845754,289.1830990455959,0.0,98.33335559548472,361.7982223243998,0.0,1207.3940800230157,97.96724329919944,308.86848886656963,0.0,0.0,0.0,0.0,0.0,0.0,0.0,0.0,0.0,763.2729390278204,0.0,0.0,0.0,0.0,0.0,0.0,0.0,0.0,0.0
146,0.0760409138012912,1.180897551668527,0.1069402377408637,0.0044949000797341,0.1703419813261457,0.0619876313380556,1.7177270267062026,0.9734745135382724,3693.618026425662,3882.355780775722,4489.822406746664,1624.9590262690938,0.0,1091.2877731223832,305.17254444997405,0.0,4389.027709318967,711.9601658859784,0.0,166.24473149980764,479.88158490622106,0.0,1268.74847627472,387.4611994751205,326.60787809339416,0.0,0.0,0.0,0.0,0.0,0.0,0.0,0.0,0.0,416.30188303332926,0.0,0.0,0.0,0.0,0.0,0.0,0.0,0.0,0.0
147,0.0650982120398672,1.249827128350126,0.128282208835582,0.0066373290897009,0.2374802432259813,0.1017949721347888,2.5980561796471653,0.7464752928166005,1505.7129083177097,1801.9751638542853,4247.671138359759,1296.37910585392,0.0,271.0609620247826,462.3877337411747,0.0,5108.042074093371,1341.541120328102,0.0,201.79264536323524,535.108008088408,0.0,1297.5009318389305,2234.861222564673,335.85455223898674,0.0,0.0,0.0,0.0,0.0,0.0,0.0,0.0,0.0,178.16476092118623,0.0,0.0,0.0,0.0,0.0,0.0,0.0,0.0,0.0
148,0.0523770764651163,1.2328268952366794,0.1407832193230565,0.0087167454817274,0.3373617313554814,0.1630441193023255,3.780731360674288,0.561329793881464,885.7233287707837,902.245202724442,4013.349725974359,1254.5490629686385,0.0,201.34405481603477,625.8734246933913,0.0,5334.76812599181,1777.1957670809318,0.0,667.2219052268924,894.0809206170894,0.0,2134.9118247108418,3741.246654924009,755.7807891775832,0.0,0.0,0.0,0.0,0.0,0.0,0.0,0.0,0.0,56.91385663044031,0.0,0.0,0.0,0.0,0.0,0.0,0.0,0.0,0.0
149,0.0395274445714286,1.2075777804127608,0.1544252122357477,0.0108171660797341,0.4437748376587371,0.2293926993687704,5.170124101502993,0.4035761316119627,932.2405322647388,707.7727307459704,3613.553587918567,948.948730641076,0.0,396.9152419701957,936.3677367201838,0.0,5185.559880093144,1532.1008101685968,0.0,1132.590749308073,1414.1641543357753,0.0,2516.379856181205,4691.6724527149045,1174.7682065817864,0.0,0.0,0.0,0.0,0.0,0.0,0.0,0.0,0.0,128.3927740960251,0.0,0.0,0.0,0.0,0.0,0.0,0.0,0.0,0.0
150,0.0266778126777408,1.1746005015946863,0.1666089201934887,0.0125008632310962,0.5092621629105646,0.2933595836898338,6.647180787156682,0.2883367778998032,1624.9245499496874,1499.92435036169,3576.967769114158,820.7163938037936,0.0,539.7163938037936,977.8521119275126,0.0,5038.886967444937,1025.1964267709986,0.0,917.4666052084928,1303.17111657076,0.0,1606.9843881835786,3752.47079890677,925.8332208811386,0.0,0.0,0.0,0.0,0.0,0.0,0.0,0.0,0.0,37.5831921664217,0.0,0.0,0.0,0.0,0.0,0.0,0.0,0.0,0.0
151,0.0142136697408637,1.0604537619667755,0.1675968620035347,0.0126445319999998,0.5585660851694357,0.3353402890255181,8.0434470803475,0.2053382918637192,2813.6125298942197,2778.2377708481627,3754.339507720066,857.9430126323984,0.0,694.0964167095257,843.7982971266671,0.0,4886.031742866296,575.7858444232987,0.0,356.7757409651848,814.371016992761,0.0,439.8306587874552,2152.852105889365,399.4212288169755,0.0,0.0,0.0,0.0,0.0,0.0,0.0,0.0,0.0,0.0,0.0,0.0,0.0,0.0,0.0,0.0,0.0,0.0,0.0
152,0.0025592668047684,0.9275637442993908,0.1607192419933556,0.0126445319999998,0.6077014721344547,0.3653018556279075,9.212188105538408,0.1759291135251152,4112.275426949373,3605.118086342655,3948.627980796287,877.460583960704,0.0,946.2499191123834,795.18349554464,0.0,4654.570275541184,194.44347088588887,0.0,29.064071285760235,376.70210831091305,0.0,0.0,1080.5729513736342,64.30425771974451,0.0,0.0,0.0,0.0,0.0,0.0,0.0,0.0,0.0,0.0,0.0,0.0,0.0,0.0,0.0,0.0,0.0,0.0,0.0
153,1.7763568394002547e-18,0.8002985971487335,0.1532981043664707,0.0126445319999998,0.6537573525946848,0.3939052122565814,10.177234468521094,0.1862576636181985,4444.189314406054,3650.164031635829,4106.003085873737,984.3127169901736,0.0,955.248183460408,765.7467172503847,0.0,4624.660504025865,164.33287299015385,0.0,0.0,223.4710160920804,0.0,0.0,776.9066459456773,0.0,0.0,0.0,0.0,0.0,0.0,0.0,0.0,0.0,0.0,0.0,0.0,0.0,0.0,0.0,0.0,0.0,0.0,0.0,0.0
154,1.7763568394002547e-18,0.7417926622794597,0.1423998435278485,0.0121824394684384,0.6283778154606218,0.3967273133445386,10.702322090912652,0.1909076400000027,3243.5003350774878,2567.333348437938,3414.26317192651,1092.778909887843,0.0,531.2118581546501,493.2618110719536,0.0,3731.4397200244193,390.0679128740351,0.0,0.0,53.9674213044908,0.0,0.0,479.6218534828133,0.0,0.0,0.0,0.0,0.0,0.0,0.0,0.0,0.0,0.0,0.0,0.0,0.0,0.0,0.0,0.0,0.0,0.0,0.0,0.0
155,1.7763568394002547e-18,0.6367688705804181,0.1214969196513584,0.010166035694352,0.5791477359468434,0.3749298250998636,10.769261146773507,0.1909076400000027,1240.9996768400874,984.628305339502,1351.7841913686425,448.5912591080164,0.0,196.12247622062293,171.026981529954,0.0,1465.4208417222887,166.50037119517668,0.0,0.0,0.0,0.0,0.0,167.42891432360966,0.0,0.0,0.0,0.0,0.0,0.0,0.0,0.0,0.0,0.0,0.0,0.0,0.0,0.0,0.0,0.0,0.0,0.0,0.0,0.0
156,1.7763568394002547e-18,0.524182558108047,0.097905958086379,0.0081286277142856,0.5335247024798485,0.345465648239203,10.499448061978637,0.1909076400000027,3045.650138444135,2442.3439718967065,4809.209316235363,1881.024107024692,0.0,255.9622609802132,12.158457701028128,0.0,4898.363634809974,812.0768201122952,0.0,0.0,0.0,0.0,0.0,34.13199197320979,0.0,0.0,0.0,0.0,183.62054502252064,0.0,0.0,0.0,0.0,0.0,698.0277583709646,0.0,0.0,0.0,0.0,0.0,0.0,564.3744220087245,0.0,0.0
157,1.7763568394002547e-18,0.4174816572956824,0.0766200878614145,0.0062802575880397,0.4983354164565718,0.3174518033222596,10.012128149698166,0.189323126631232,1896.888450927676,1411.3531145366665,4599.911803722127,1482.7566420786434,0.0,3.042104308596579,0.1236627767722184,0.0,4615.637040342575,547.5654602256964,0.0,0.0,0.0,0.0,0.0,0.3874767005529513,0.0,0.0,0.0,0.0,1409.5351874787816,0.0,0.0,0.0,0.0,0.0,2570.0146099145245,0.0,0.0,39.927490142201016,0.0,0.0,0.0,1852.0544253137164,0.0,0.0
158,1.7763568394002547e-18,0.2924691536212629,0.059260690166113,0.0041168243720929,0.4232766913943676,0.2611036963853817,9.106127623142104,0.1625470197608004,1440.4256050911904,975.8986615466558,4501.795091844923,1354.6427836339578,0.0,0.0,0.0,0.0,4514.795091844923,468.245237711496,0.0,0.0,0.0,0.0,0.0,0.0,0.0,0.0,0.0,0.0,2526.5232772312893,0.0,0.0,0.0,0.0,0.0,3896.875411935081,0.0,0.0,159.0667073982501,0.0,0.0,29.41840088968464,2360.724262696176,0.0,0.0
159,1.7763568394002547e-18,0.1626017954352158,0.0417525653317926,0.0018693743322258,0.3313387170949006,0.1959276452292356,7.922783218810062,0.1286149309235912,1383.860172936637,892.919612918322,4401.993607497532,1252.6836937203043,0.0,0.0,0.0,0.0,4411.638772768077,432.0877877673292,0.0,0.0,0.0,0.0,0.0,0.0,0.0,0.0,44.24597647524426,34.05775820791828,3590.22284182272,60.69267167821335,0.0,27.144324383661367,9.460488391088411,0.0,5085.675228700296,150.93117633167202,0.0,295.3356444912846,20.95862043564202,0.0,326.09368806826603,2759.6738528419605,16.737787153464115,0.0
160,1.7763568394002547e-18,0.0576297908902409,0.0274706418037987,0.0001830932672223,0.2815892391274368,0.1378683288171508,6.691111388730907,0.0995132344298904,856.8275683463997,181.8421364947964,3216.861475547801,255.10771173880573,0.0,0.0,0.0,0.0,3185.516947883994,87.99422181368134,0.0,0.0,0.0,0.0,0.0,0.0,0.0,0.0,582.932990189715,530.8235921237881,4741.463704759416,700.7827188628971,0.0,332.7197998311481,135.03085698750294,0.0,6326.254123874966,1664.4208839060082,0.0,420.56853913830497,229.3097416817291,0.0,1123.8201607059043,3079.2008521310368,203.34015524905325,0.0
161,1.7763568394002547e-18,0.03346781034756,0.0210182087840531,-8.881784197001243e-17,0.2421611973687712,0.0952740962284697,5.384459867701772,0.1257502486889882,104.61051732900704,0.0,1077.0198560647905,0.0,0.0,0.0,0.0,0.0,1127.2052049248748,0.0,0.0,0.0,0.0,0.0,0.0,0.0,0.0,0.0,1053.7075893765802,1286.3562091286626,4647.39929135262,873.3632790313079,0.0,502.2877406165217,285.4552559405065,0.0,5870.188586441834,1718.702004600885,0.0,342.4392024142354,319.83574795948,0.0,911.1287290890378,2334.838360512304,381.6745074651641,0.0
162,1.7763568394002547e-18,0.0281595238831807,0.0164796529036544,-8.881784197001243e-17,0.2056760391535199,0.0662332628571428,4.346155150717771,0.271502607713207,0.0,0.0,101.62546602502653,0.0,0.0,0.0,0.0,0.0,385.11554105661537,0.0,0.0,0.0,0.0,0.0,0.0,0.0,0.0,0.0,657.9206010837668,818.9653007674104,2787.459086608989,524.2450947940455,0.0,310.75249962458537,179.0987422016515,0.0,3498.950892498416,1012.8844473512996,0.0,267.2139049512401,503.3579256137105,0.0,1265.1042996207393,1359.1823323934543,511.1552804855437,0.0
163,1.7763568394002547e-18,0.0280163160000006,0.0121321941129568,-8.881784197001243e-17,0.1612615589227579,0.0399164513895349,3.4425676695149563,0.4854185259966809,0.0,0.0,20.544671174314637,0.0,0.0,0.0,0.0,0.0,258.74878620804066,0.0,0.0,0.0,0.0,0.0,0.0,0.0,0.0,0.0,1202.732094750338,1731.8321241314409,3566.6912224816483,610.0247906037541,0.0,558.1720648224787,322.03086539167754,0.0,4127.162000067244,990.2907047028636,0.0,189.4794342328064,706.7915649678808,0.0,1689.7432137223286,1182.3265350583135,647.4668667883615,0.0
164,1.7763568394002547e-18,0.0280163160000006,0.0071636697807308,-8.881784197001243e-17,0.1373513568168016,0.032724067525629,2.745343122650695,0.8142639343569089,0.0,0.0,0.0,0.0,0.0,0.0,0.0,0.0,146.64158672266518,0.0,0.0,0.0,0.0,0.0,0.0,0.0,0.0,0.0,1819.2180851312803,2630.175094277635,5095.8568499157545,818.976370921165,0.0,872.9355071462202,581.4191307851586,0.0,5880.772283517294,1372.0232733148057,0.0,278.8302495464333,884.8945983536111,0.0,2061.501496181435,1766.2451451049394,766.8330540332037,0.0
165,1.7763568394002547e-18,0.0267697272769206,0.0020688779495798,-8.881784197001243e-17,0.1249634938604654,0.0298432700730899,2.281782185745564,1.3060897220355714,0.0,0.0,0.0,0.0,0.0,0.0,0.0,0.0,64.48552062094508,0.0,0.0,0.0,0.0,0.0,0.0,0.0,0.0,0.0,1078.437572983525,987.8505729024176,4984.169108154573,679.5475686417946,0.0,723.8252065339021,940.8179904101544,0.0,6959.9523606578,2185.0088526219674,0.0,1190.2748493761992,1102.4786843980196,0.0,2515.363827801747,4398.200628107027,912.6488280977726,0.0
166,1.7763568394002547e-18,0.0224290654182065,-5.3290705182007346e-18,-8.881784197001243e-17,0.1111224963922925,0.0243525235215948,1.985289560101804,1.9520484025610667,0.0,0.0,0.0,0.0,0.0,0.0,0.0,0.0,35.046515303917865,0.0,0.0,0.0,0.0,0.0,0.0,0.0,0.0,0.0,1024.421787314184,839.7311040408192,4781.942845412431,592.021080855344,0.0,745.1913554743925,975.909610940068,0.0,6839.118857807497,2099.847097480155,0.0,1315.3178507722912,1198.476428979466,0.0,2561.478863318748,4648.405845396125,962.7442749046044,0.0
167,1.7763568394002547e-18,0.0226425340465122,-5.3290705182007346e-18,-8.881784197001244e-17,0.0877201537275749,0.0189705046245848,1.7772979616513775,2.688320052825008,0.0,0.0,0.0,0.0,0.0,0.0,0.0,0.0,1.2195770323455053,0.0,0.0,0.0,0.0,0.0,0.0,0.0,0.0,0.0,1086.5151499713647,1012.9554458006958,4974.385773747237,736.1469468605917,0.0,760.0221090660392,969.2847791258909,0.0,7030.863565774642,2229.1968142783508,0.0,1268.687462522389,1189.9689956994955,0.0,2426.8822095310693,4500.162344668234,924.658999812894,0.0
168,1.7763568394002547e-18,0.0249665876611302,-5.3290705182007346e-18,-8.881784197001243e-17,0.0632398752119605,0.0326400748241862,1.5681137899407391,3.4152062015075098,0.0,0.0,0.0,0.0,0.0,0.0,0.0,0.0,0.0,0.0,0.0,0.0,0.0,0.0,0.0,0.0,0.0,0.0,1127.8975347373694,1164.584035300927,5255.76626835497,948.7448769399264,0.0,739.0371029718565,954.1744124609124,0.0,7332.354390999528,2495.7427949855783,0.0,1219.4068276204046,1182.1996770346416,0.0,2370.3445078980426,4407.60117387215,887.6097326248704,0.0
169,1.7763568394002547e-18,0.0271263142524923,-5.3290705182007346e-18,-8.881784197001243e-17,0.0434325991067872,0.1008107162192694,1.3705644874342744,4.089001310477456,0.0,0.0,0.0,0.0,0.0,0.0,0.0,0.0,0.0,0.0,0.0,0.0,0.0,0.0,0.0,0.0,0.0,0.0,1121.150790382823,1142.7555637532898,5295.861914011885,987.15839903923,0.0,728.437794693808,956.7520798541628,0.0,7366.341566009724,2553.2733289352545,0.0,1220.3841340739991,1197.7146075281896,0.0,2382.9787159678626,4424.779360703532,899.2980968665189,0.0
170,1.7763568394002547e-18,0.0294268925780737,-5.3290705182007346e-18,-8.881784197001243e-17,0.0276694818424304,0.1789900182657811,1.149060313779078,4.809213063348123,0.0,0.0,0.0,0.0,0.0,0.0,0.0,0.0,0.0,0.0,0.0,0.0,0.0,0.0,0.0,0.0,0.0,0.0,1110.011047234893,1087.8282502104075,5400.809723047148,1071.232143463248,0.0,705.3862245756319,960.9659124912469,0.0,7445.173033235364,2677.828663034692,0.0,1205.533985505953,1227.5235659950283,0.0,2378.93680973398,4433.9536413898095,913.4295545900244,0.0
171,1.7763568394002547e-18,0.0331212627666276,-5.3290705182007346e-18,-8.881784197001243e-17,0.0131239221129573,0.2686169078580837,0.9179236805686783,5.435009936595495,0.0,0.0,0.0,0.0,0.0,0.0,0.0,0.0,0.0,0.0,0.0,0.0,0.0,0.0,0.0,0.0,0.0,0.0,1153.9598675278316,1136.8056826684622,5521.677854801173,1068.5980128929202,0.0,716.152343855959,938.5554648158808,0.0,7491.916311139851,2643.790489221048,0.0,1085.5026252898174,1161.434387968092,0.0,2146.2706895989154,4189.669471478019,817.8939687004388,0.0
172,1.7763568394002547e-18,0.0428607095024435,-5.3290705182007346e-18,-8.881784197001243e-17,0.0013564792401802,0.3572304746710972,0.7030949524854483,5.723836370661711,0.0,0.0,0.0,0.0,0.0,0.0,0.0,0.0,0.0,0.0,0.0,0.0,0.0,0.0,0.0,0.0,0.0,0.0,1225.6888160479357,1288.58863327933,5786.691404856602,1163.3489616871304,0.0,710.7527012970979,870.6706650555133,0.0,7612.120004768351,2681.4161742924653,0.0,921.8717691597842,1004.5121029698012,0.0,1856.4516428273332,3809.0792540736825,696.125167316021,0.0
173,1.7763568394002547e-18,0.0724616277009974,-5.329070518200733e-18,-8.881784197001243e-17,4.938272013532709e-16,0.4449979908239212,0.5441088553447556,5.81598407223664,0.0,0.0,0.0,0.0,0.0,0.0,0.0,0.0,0.0,0.0,0.0,0.0,0.0,0.0,0.0,0.0,0.0,0.0,1239.8677802588368,1350.823421823762,6088.079142359527,1373.6840658919268,0.0,686.8282374621947,808.2514107375966,0.0,7841.357930609665,2843.7002226099,0.0,838.9091012444483,933.4032922659658,0.0,1779.6440690782308,3699.685762814077,611.8262003824328,0.0
174,1.7763568394002547e-18,0.1001237551295688,-5.3290705182007346e-18,-8.881784197001243e-17,4.938272013532709e-16,0.5076051573324224,0.437977595407864,5.7676297121320985,0.0,0.0,0.0,0.0,0.0,0.0,0.0,0.0,0.0,0.0,0.0,0.0,0.0,0.0,0.0,0.0,0.0,0.0,1234.3012506273794,1344.4867382695345,6184.356130109317,1439.2997234939833,0.0,670.6678535359717,785.6965149836575,0.0,7915.83595618749,2899.08476263634,0.0,809.0774486160927,909.150524856468,0.0,1760.7395071551862,3662.4345995176823,590.0673857557321,0.0
175,1.7763568394002547e-18,0.1281075352026586,-5.3290705182007346e-18,-8.881784197001243e-17,4.938272013532709e-16,0.5183367286787448,0.3661178259028472,5.570989876174002,0.0,0.0,65.36976245932757,0.0,0.0,0.0,0.0,0.0,78.12215072859524,0.0,0.0,0.0,0.0,0.0,0.0,0.0,0.0,0.0,1171.561285826193,1125.5129867239352,6492.374938944147,1603.458529515966,0.0,546.3936295275568,658.8290015792828,0.0,8116.043416164862,3026.113355940514,0.0,614.3594336237339,747.0313288792294,0.0,1617.4835186924315,3374.9604112063635,490.89720719483984,0.0
176,1.7763568394002547e-18,0.1691564710571664,0.0009679402751746,-8.881784197001243e-17,0.0061263971637076,0.5447406168960941,0.313737978512781,5.078627513674184,0.0,0.0,1115.0249655789212,0.0,0.0,0.0,0.0,0.0,1336.7685826709558,0.0,0.0,0.0,0.0,0.0,0.0,1.5921505230901387,0.0,0.0,1017.5458549255966,697.1798814751883,5873.30915237251,997.2891520927104,0.0,392.2615865231549,462.7843917771133,0.0,7158.923667477661,2018.6693994949192,0.0,383.8037821785452,499.8375629114591,0.0,1196.943174258775,2939.575003380912,287.0548797264408,0.0
177,1.7763568394002547e-18,0.2446734483327688,0.0081965824983388,0.000820651726083,0.0547163684252496,0.573753361634552,0.3080483909273929,4.455872096521789,0.0,0.0,1835.5389026610103,0.0,0.0,0.0,0.0,0.0,2221.967710915606,0.0,0.0,0.0,0.0,0.0,0.0,22.984577853245057,0.0,0.0,945.0,501.0,5528.0,668.0,0.0,326.0,375.0,0.0,6647.0,1489.0,0.0,287.0,389.0,0.0,995.0,2746.0,191.0,0.0
178,1.7763568394002547e-18,0.3290126281196022,0.0157844548704319,0.0106816683588038,0.1065926387242529,0.5862578472903661,0.3348190875641276,3.896287421203977,73.35194501914249,92.7626268487206,3003.341582302361,408.8502562209029,0.0,0.0,0.0,0.0,3745.869878552504,495.48319407080936,0.0,0.0,11.646409097746856,0.0,214.13046902524047,526.5343654021237,20.432296662713785,0.0,807.6949664265634,398.63419371980393,4848.830458931394,531.5122582930719,0.0,259.39071287955306,298.3788875148233,0.0,5742.870872674915,1184.7631026921918,0.0,228.35930857801145,309.5183659820434,0.0,791.6986482059978,2191.058822640693,151.97431337421665,0.0
179,1.7763568394002547e-18,0.4055119331496236,0.024961098861492,0.0241490710166111,0.1617801603189372,0.5356739717342196,0.4103646011271598,3.2475550863098657,425.3497466632984,514.6079416635898,4519.347003331844,2020.2304897609283,0.0,0.0,0.0,0.0,5659.10890142821,2407.865724762775,0.0,0.0,51.80503357169229,0.0,985.2047040508068,1899.8452197650088,90.88602380998648,0.0,248.11884500126308,0.0,2069.3227738401706,0.0,0.0,0.0,0.0,0.0,2137.0030580519337,0.0,0.0,0.0,0.0,0.0,0.0,27.265807142995943,0.0,0.0
180,1.7763568394002547e-18,0.4956186126271958,0.0383619170631229,0.0390978879667772,0.2230383092890368,0.4715814904983401,0.588715784250364,2.4958549728046884,996.809175112315,1011.8546326951488,4727.900384772612,2125.326324887209,0.0,0.0,0.0,0.0,5670.391706686857,2241.129814045264,0.0,0.0,19.09528897893534,0.0,501.3816620829048,1490.0063817841965,33.50050698058831,0.0,91.45638405700608,0.0,1099.9888497101604,0.0,0.0,0.0,0.0,0.0,1525.2379543905206,0.0,0.0,0.0,0.0,0.0,0.0,10.050152094176497,0.0,0.0
181,1.7763568394002547e-18,0.5884628953754156,0.0505122324518272,0.0524306165980064,0.2776739556677746,0.4110288453187062,0.8424684727259606,1.9275248931178124,2155.7465589305134,1923.1023956700133,4977.271363022562,2100.7779906640126,0.0,0.0,0.0,0.0,5497.250770983279,1827.8213288096115,0.0,0.0,0.0,0.0,0.0,1117.6849897361149,0.0,0.0,0.0,0.0,158.1032571101942,0.0,0.0,0.0,0.0,0.0,883.559289524356,0.0,0.0,0.0,0.0,0.0,0.0,0.0,0.0,0.0
182,1.7763568394002547e-18,0.6741594696838743,0.0611720095491949,0.0652246491229234,0.3249289521650915,0.3737294685517514,1.3127938573340232,1.5523917812399577,3492.004242961688,2928.505297877661,5183.839243262007,1961.6225128578617,0.0,975.7692307692308,147.19230769230768,0.0,5206.342341411945,1316.3430446892603,0.0,0.0,0.0,0.0,0.0,902.1825378821788,0.0,0.0,0.0,0.0,0.5888194575780759,0.0,0.0,0.0,0.0,0.0,657.074832928221,0.0,0.0,0.0,0.0,0.0,0.0,0.0,0.0,0.0
183,1.7763568394002547e-18,0.7085836103942829,0.0667002975548172,0.0783222518701184,0.3379395529435213,0.3629114946179406,2.07553037302853,1.2582264903155411,4056.3906696608583,3583.12784608361,5430.906487845258,1931.1016109346745,0.0,1102.386791379873,131.64409115069824,0.0,5167.476515690818,1080.9998006442509,0.0,0.0,0.0,0.0,0.0,703.9690381548082,0.0,0.0,0.0,0.0,0.0,0.0,0.0,0.0,0.0,0.0,514.3276091283566,0.0,0.0,0.0,0.0,0.0,0.0,0.0,0.0,0.0
184,1.7763568394002547e-18,0.7157492073089691,0.0709851555747508,0.081073764,0.3426024866710958,0.3724379064327072,3.1244394674421394,1.0702694754101183,3216.851756800455,3682.472465857826,5717.6394641665,2051.030559158607,0.0,846.025607890971,2.4516879909329705,0.0,5587.608975451117,1311.7186936446526,0.0,0.0,0.0,0.0,0.0,490.4336524430898,0.0,0.0,0.0,0.0,0.0,0.0,0.0,0.0,0.0,0.0,274.81252377525004,0.0,0.0,0.0,0.0,0.0,0.0,0.0,0.0,0.0
185,1.7763568394002547e-18,0.7126446696755019,0.0737962899179605,0.081073764,0.347210787610007,0.4323438014278932,4.481103636397865,0.947824166475004,2587.2825928278826,3730.121630268795,5161.052803860968,1692.7063134958537,0.0,539.4225875185715,0.0,0.0,5407.101794993943,1176.0985913798718,0.0,0.0,0.0,0.0,0.0,301.8301708844154,0.0,0.0,0.0,0.0,0.0,0.0,0.0,0.0,0.0,0.0,304.6474248776859,0.0,0.0,0.0,0.0,0.0,0.0,0.0,0.0,0.0
186,1.7763568394002547e-18,0.6888365484924448,0.0724800209512944,0.081073764,0.3460864340354793,0.4834898262443428,6.272173540839725,0.858844513988079,1625.4035194445594,2429.63823382424,3315.4666100141326,1071.0829303797277,0.0,321.5260285089945,0.0,0.0,3525.912123306241,759.0661982785953,0.0,0.0,0.0,0.0,0.0,196.261845360266,0.0,0.0,0.0,0.0,0.0,0.0,0.0,0.0,0.0,0.0,330.00702111229816,0.0,0.0,0.0,0.0,0.0,0.0,0.0,0.0,0.0
187,1.7763568394002547e-18,0.6154956486933407,0.0652835432691028,0.0800961999615773,0.3063364598870434,0.5259148410498335,8.364361803688583,0.7760615223795932,2365.4939826904,3463.167088479145,4891.465991534567,1594.189449336699,0.0,468.8048134746449,0.0,0.0,5322.43662963516,1166.873266169153,0.0,0.0,0.0,0.0,0.0,500.94234323977577,0.0,0.0,0.0,0.0,0.0,0.0,0.0,0.0,0.0,0.0,210.0603544436097,0.0,0.0,0.0,0.0,0.0,0.0,0.0,0.0,0.0
188,1.7763568394002547e-18,0.5236093541783168,0.0576149488504981,0.0695840514817274,0.2612424972887655,0.5307793277423547,10.368585497565942,0.6675935643986601,2626.4709940667344,3834.520126292511,5440.835302635919,1775.266924775346,0.0,520.6383334039556,0.0,0.0,5937.690988260589,1304.7458995592174,0.0,0.0,0.0,0.0,0.0,587.845503263246,0.0,0.0,0.0,0.0,0.0,0.0,0.0,0.0,0.0,0.0,142.58389896599115,0.0,0.0,0.0,0.0,0.0,0.0,0.0,0.0,0.0
189,1.7763568394002547e-18,0.4388125513347952,0.0480473348736913,0.0558473007707639,0.2095330166910306,0.5035581289435203,12.320415607967414,0.5856103796682641,2652.330674704489,3729.292136102294,5738.166200837122,1839.9299177354933,0.0,478.7482578404458,0.0,0.0,6246.755940773468,1386.5889166589664,0.0,0.0,0.0,0.0,2.2160681211220954,764.846239293639,0.0,0.0,0.0,0.0,0.0,0.0,0.0,0.0,0.0,0.0,17.357988021809234,0.0,0.0,0.0,0.0,0.0,0.0,0.0,0.0,0.0
190,1.7763568394002547e-18,0.3468094813484459,0.0353990884784053,0.0418412020066444,0.1565925332890372,0.4749891140332212,13.951942314043391,0.5290549577306888,2302.8578583218928,3447.587575962464,5929.468991010604,1939.3733530952184,0.0,325.0411779752528,0.0,0.0,6458.298989832351,1546.832452632342,0.0,0.0,0.0,0.0,44.165749023340375,944.4526417690604,0.0,0.0,0.0,0.0,0.0,0.0,0.0,0.0,0.0,0.0,0.0,0.0,0.0,0.0,0.0,0.0,0.0,0.0,0.0,0.0
191,1.7763568394002547e-18,0.2446261027176082,0.0230033121727575,0.028239125322259,0.1050320509307648,0.4505239750197995,15.090306652135029,0.4871980929336753,1965.603920744225,3311.154021567085,6012.402849060488,2038.919796542821,0.0,123.19701694726125,0.0,0.0,6551.808753147376,1660.289135096083,0.0,0.0,0.0,0.0,104.14422402671384,1027.7383199398262,0.0,0.0,0.0,0.0,0.0,0.0,0.0,0.0,0.0,0.0,0.0,0.0,0.0,0.0,0.0,0.0,0.0,0.0,0.0,0.0
192,1.7763568394002547e-18,0.1487564835611792,0.0122044163347706,0.015175744744186,0.0583962667570516,0.4045372041617295,15.639279143948269,0.4210277578714806,1775.1161943913594,3181.994178673828,6125.418105006639,2156.670675902852,0.0,0.0,0.0,0.0,6638.87885634432,1761.122015717531,0.0,0.0,0.0,0.0,147.42484936937433,1084.147147095346,0.0,0.0,0.0,0.0,0.0,0.0,0.0,0.0,0.0,0.0,0.0,0.0,0.0,0.0,0.0,0.0,0.0,0.0,0.0,0.0
193,1.7763568394002547e-18,0.0929000929435218,0.0072674552691029,0.0028594145663473,0.0477435050185662,0.3306622133421923,15.55015158797577,0.337190863230007,1779.377634899703,3143.511794482398,6195.162838569489,2257.284928722748,0.0,0.0,0.0,0.0,6685.227880940025,1803.865840417305,0.0,0.0,0.0,0.0,164.51053959881227,1098.6271449314293,0.0,0.0,0.0,0.0,0.0,0.0,0.0,0.0,0.0,0.0,0.0,0.0,0.0,0.0,0.0,0.0,0.0,0.0,0.0,0.0
194,1.7763568394002547e-18,0.0594641426710964,0.0029825972491694,-8.526512829121174e-17,0.0506168416345521,0.2536607942192693,14.92504823212976,0.2548749196943414,1790.6138308141292,2791.429009024685,6095.417847745636,2205.908228041289,0.0,0.0,0.0,0.0,6538.893172269325,1668.811964112714,0.0,0.0,0.0,0.0,173.7515513442636,1131.2274506232925,0.0,0.0,0.0,0.0,95.45671661514211,0.0,0.0,0.0,0.0,0.0,232.1670142480685,0.0,0.0,0.0,0.0,0.0,0.0,265.28087524440656,0.0,0.0
195,1.7763568394002547e-18,0.0373643531010112,9.116719191347988e-05,-8.526512829121174e-17,0.0595823515733378,0.1796790385913623,13.952201147880396,0.1759287582059679,1969.2573126793216,1065.943066755916,5126.733717608153,1245.8907229417553,0.0,0.0,0.0,0.0,5409.66592452061,655.5817317412074,0.0,0.0,0.0,0.0,26.2837750649562,1106.7780374314304,0.0,0.0,19.37194590255112,0.0,900.3161673212561,0.0,0.0,0.0,0.0,0.0,1885.8142234157967,0.0,0.0,19.6434197597862,0.0,0.0,15.451433041320536,1702.1182959080995,0.0,0.0
196,1.7763568394002547e-18,0.0273034243784824,0.0,-8.526512829121173e-17,0.0668642127308976,0.104942367089701,12.597253401491438,0.0961770236411849,2029.7631662321392,625.1104980119462,4235.819188527248,457.9213616759002,0.0,0.0,0.0,0.0,4411.936326102629,130.930677283312,0.0,0.0,0.0,0.0,1.878308272762581,657.7448484486916,0.0,0.0,146.14134345701677,0.0,2058.418987596448,0.0,0.0,0.0,0.0,0.0,3181.754773825779,0.0,0.0,77.0569198903797,0.0,0.0,187.23198789298,2040.4683336608664,0.0,0.0
197,1.7763568394002547e-18,0.0293119872159472,0.0,-8.526512829121174e-17,0.073142411083057,0.0326462050482705,10.739288475932767,0.0233875413617239,1907.224265330536,360.1797823251931,3587.26998237456,18.998181273358355,0.0,0.0,0.0,0.0,3677.3300674630063,0.0,0.0,0.0,0.0,0.0,0.0,393.3288997020185,0.0,0.0,340.18122469800653,71.46449385020786,3358.7430139347493,121.31985349084962,0.0,14.04593723621796,0.0,0.0,4453.4363100702985,271.65768720597373,0.0,149.18383669372773,0.0,0.0,561.4212852910998,2283.989941001142,0.0,0.0
198,1.7763568394002547e-18,0.0356317821328907,0.0,-8.526512829121174e-17,0.0797260823692459,0.0006041209719982,8.975099392188886,0.0009886097285124,1421.1832807423186,30.404982136983488,3092.8695767993727,0.0,0.0,0.0,0.0,0.0,3103.2490433091525,0.0,0.0,0.0,0.0,0.0,0.0,33.6521161516128,0.0,0.0,533.0557923050679,451.14502109252464,4622.811778527651,756.9111470733719,0.0,87.32021765973916,0.0,0.0,5713.040476043104,1658.9555107197823,0.0,217.98474478030008,0.0,0.0,912.534151156757,2508.302370415437,0.0,0.0
199,1.7763568394002547e-18,0.0403848589111298,0.0,-8.526512829121174e-17,0.08913896724917,1.936228954946268e-16,7.342563821444348,0.0438668208612842,1091.490495541502,0.0,2775.9353063976746,0.0,0.0,0.0,0.0,0.0,2735.322725713812,0.0,0.0,0.0,0.0,0.0,0.0,0.0,0.0,0.0,597.6683940362408,593.6705139898091,4922.451288492076,955.3383191500589,0.0,108.77830122310328,0.0,0.0,6121.233005195928,1928.8938616194807,0.0,228.333490366931,0.0,0.0,935.2219343272932,2505.44363310419,0.0,0.0
200,1.7763568394002547e-18,0.0409087800000003,0.0,-8.526512829121174e-17,0.0947002237182187,1.9362289549462683e-16,5.800331367730418,0.1942429465327704,115.43222629763903,0.0,1901.1617631752051,0.0,0.0,0.0,0.0,0.0,1821.6887563240657,0.0,0.0,0.0,0.0,0.0,0.0,0.0,0.0,0.0,868.4682906453065,1006.0223827954896,6668.36353361779,1929.597336874392,0.0,235.134700198346,0.0,0.0,8193.643295798782,3046.849400728533,0.0,103.79694963028308,0.0,0.0,854.2052099844348,2032.41495350346,0.0,0.0
201,1.7763568394002547e-18,0.0409087800000003,0.0,-8.526512829121174e-17,0.099164204350874,1.9362289549462683e-16,4.335927322189895,0.4417101616756932,0.0,0.0,1219.226815458134,0.0,0.0,0.0,0.0,0.0,1168.0919412161622,0.0,0.0,0.0,0.0,0.0,0.0,0.0,0.0,0.0,1226.676888622742,1448.6503468431108,7437.182083570268,2148.289542667559,0.0,392.7274124868361,0.0,0.0,8626.32853299635,3000.3466317909983,0.0,157.33960486093136,0.0,0.0,920.1777336311342,1450.1263428645198,0.0,0.0
202,1.7763568394002547e-18,0.0409087800000003,0.0,-8.526512829121174e-17,0.1085167887308977,1.936228954946268e-16,3.226984446204308,0.8227937453471644,0.0,0.0,802.6682671195287,0.0,0.0,0.0,0.0,0.0,732.6428841426883,0.0,0.0,0.0,0.0,0.0,0.0,0.0,0.0,0.0,1756.781429611152,2088.2482458328423,8188.851787737974,2245.040066991814,0.0,623.8893621111441,6.521637047241531,0.0,8784.924878589985,2618.714493857615,0.0,288.143071089754,0.0,0.0,1050.692304970842,659.6521296745942,0.0,0.0
203,1.7763568394002547e-18,0.038898607652752,0.0,-8.526512829121174e-17,0.1178777706344077,1.9362289549462683e-16,2.68484633457893,1.3023523261819905,0.0,0.0,668.8647748824143,0.0,0.0,0.0,0.0,0.0,572.3670090386987,0.0,0.0,0.0,0.0,0.0,0.0,0.0,0.0,0.0,2174.86790878467,2442.1638959628067,8285.540338370789,2158.4299620177085,0.0,867.6378964750203,138.70063283165314,0.0,8707.962740074314,2331.3051053032696,0.0,388.5153849978333,0.0,0.0,1150.8436713967574,465.6959908958161,0.0,0.0
204,1.7763568394002547e-18,0.0328666401926914,0.0,-8.526512829121174e-17,0.1211113976905972,1.9362289549462683e-16,2.3292571246237084,1.950804057530828,0.0,0.0,672.5766495259384,0.0,0.0,0.0,0.0,0.0,529.731417335958,0.0,0.0,0.0,0.0,0.0,0.0,0.0,0.0,0.0,2070.3701330469758,2265.408424895486,8010.337258098415,2025.724645040278,0.0,869.3740239601124,288.6679592222413,0.0,8732.882759528145,2442.7773957904665,0.0,485.7614169230166,25.37364246340899,0.0,1247.8995673213933,903.64656184927,0.0,0.0
205,1.7763568394002547e-18,0.0354718481461798,0.0,-8.526512829121174e-17,0.1173557661192522,1.9362289549462683e-16,1.9584373389599476,2.889457331112421,0.0,0.0,636.0573863538436,0.0,0.0,0.0,0.0,0.0,459.703776586466,0.0,0.0,0.0,0.0,0.0,0.0,0.0,0.0,0.0,1215.2676386164646,738.5931862676485,6647.265125399182,1550.5868585611731,0.0,730.4239536102092,784.5346309640173,0.0,8545.236633875735,3078.631449693586,0.0,901.960041302174,577.1598847003634,0.0,1926.0378756645905,3389.2139767504377,200.95938505145023,0.0
206,1.7763568394002547e-18,0.055318077149502,0.0,-8.526512829121174e-17,0.1123306700873286,1.9362289549462683e-16,1.592460705280483,3.944442814391067,0.0,0.0,529.8756673334391,0.0,0.0,0.0,0.0,0.0,340.10370405034496,0.0,0.0,0.0,0.0,0.0,0.0,0.0,0.0,0.0,1151.2977457675863,626.7245596828892,6480.174444531836,1499.9851026502142,0.0,716.3986247589189,858.8619182084062,0.0,8393.375475962646,3118.2415588256104,0.0,1046.1166553324508,744.4913690977071,0.0,2192.241675619553,3702.635373526524,389.3797574111461,0.0
207,1.7763568394002547e-18,0.076407535495017,0.0,-8.526512829121174e-17,0.1001620569169442,1.9362289549462683e-16,1.2245467303782755,5.172462062987321,0.0,0.0,479.82869846586544,0.0,0.0,0.0,0.0,0.0,295.7368696083664,0.0,0.0,0.0,0.0,0.0,0.0,0.0,0.0,0.0,1145.5234917901985,629.8550064433701,6420.407664295457,1482.518780175494,0.0,713.1318873940608,883.0760208844815,0.0,8304.72682300936,3095.610020656404,0.0,1083.8097172269806,807.2974217735164,0.0,2235.0375683116945,3804.388969959032,468.27876369335206,0.0
208,1.7763568394002547e-18,0.0993762525049837,0.0,-8.526512829121174e-17,0.0837169991760804,1.9362289549462683e-16,0.8752306305014574,6.47440341280124,0.0,0.0,432.1947162494245,0.0,0.0,0.0,0.0,0.0,262.7593807073007,0.0,0.0,0.0,0.0,0.0,0.0,0.0,0.0,0.0,1265.0842400905751,896.411494128289,6475.761729746288,1495.4485370582065,0.0,731.8942719596862,852.1890813908557,0.0,8181.683999115843,2883.5631226255755,0.0,965.6495732117849,765.3698387217871,0.0,1879.1926035633928,3626.7817453342495,452.20313202070326,0.0
209,1.7763568394002547e-18,0.1213687818817278,0.0,-8.526512829121174e-17,0.0693683533873761,1.9362289549462683e-16,0.625518854195341,7.426724992079723,0.0,0.0,396.16696368970815,0.0,0.0,0.0,0.0,0.0,237.8082977895306,0.0,0.0,0.0,0.0,0.0,0.0,0.0,0.0,0.0,1400.1069129959822,1114.3929081173296,6561.595187457333,1493.297796876666,0.0,757.0819315201721,836.7317983057601,0.0,8164.660472163992,2737.56495462733,0.0,874.0167494835313,705.558070204607,0.0,1660.0714288117867,3334.406445611198,372.9306105527426,0.0
210,1.7763568394002547e-18,0.1483448195752525,0.0,-8.526512829121174e-17,0.0608170994980261,1.9362289549462683e-16,0.4116431951670427,8.121411561187475,0.0,0.0,280.7410689167519,0.0,0.0,0.0,0.0,0.0,193.5632619398346,0.0,0.0,0.0,0.0,0.0,0.0,0.0,0.0,0.0,1510.2408220062484,1321.4177735286291,6689.614775714969,1529.8517001687126,0.0,766.0824291493639,798.2566185425669,0.0,8192.317188558374,2647.7235247257377,0.0,771.9798450861792,638.9864292264182,0.0,1448.5625035829778,3054.485654078056,287.52134460876414,0.0
211,1.7763568394002547e-18,0.1749555096097068,0.0,-8.526512829121174e-17,0.0522490098997551,1.9362289549462683e-16,0.2691161473832052,8.552938979583118,0.0,0.0,179.1441029092724,0.0,0.0,0.0,0.0,0.0,131.35574647818342,0.0,0.0,0.0,0.0,0.0,0.0,0.0,0.0,0.0,1501.6593510512073,1461.6239950034144,6983.27528846063,1730.0811518144362,0.0,704.2121388412552,667.4448330119845,0.0,8404.430215667497,2804.5396029091203,0.0,640.5434959732833,553.0741281670067,0.0,1293.4359399982384,2868.061995621541,188.68771563586157,0.0
212,1.7763568394002547e-18,0.1912304533047417,0.0,-8.526512829121174e-17,0.0421797403853828,1.9362289549462688e-16,0.1710201089650155,8.646457950340317,0.0,0.0,116.12767534141037,0.0,0.0,0.0,0.0,0.0,75.51024813070399,0.0,0.0,0.0,0.0,0.0,0.0,0.0,0.0,0.0,1462.0474130271048,1491.429484389373,7137.796970329602,1865.1402776057168,0.0,652.0046948818429,608.5285963184026,0.0,8526.330780491588,2920.940984583828,0.0,613.8372505138719,529.3927051590961,0.0,1287.9503873039448,2868.369772347247,160.75120251633948,0.0
213,1.7763568394002547e-18,0.2155139139582951,0.0,-8.526512829121174e-17,0.0320137046910306,1.9362289549462683e-16,0.0991990004905531,8.400222490177132,0.0,0.0,254.38032911112737,0.0,0.0,0.0,0.0,0.0,248.33032413782712,0.0,0.0,0.0,0.0,0.0,0.0,0.0,0.0,0.0,1404.6928306144107,1323.0890844329392,7021.419976153452,1783.4568436875477,0.0,584.2004274405377,553.8849124406909,0.0,8299.6634491515,2742.150396789802,0.0,536.2276721803206,505.7287691062993,0.0,1192.1626505592797,2796.118496240647,170.19799022934225,0.0
214,1.7763568394002547e-18,0.2470350505696956,0.0,-8.526512829121174e-17,0.0227446721461799,1.9362289549462683e-16,0.0711823587464869,7.904591946949005,0.0,0.0,1133.1294368820384,0.0,0.0,0.0,0.0,0.0,1288.63762029868,0.0,0.0,0.0,0.0,0.0,0.0,1.5178578405883787,0.0,0.0,1264.2190793578486,1009.7559217834868,6387.912282837587,1279.22280859272,0.0,493.2010966547528,400.3537284739812,0.0,7408.542546856488,1921.362940982616,0.0,375.96951786757165,353.8438601029871,0.0,916.1598691318844,2522.5153516447576,89.29627228690897,0.0
215,1.7763568394002547e-18,0.2980099396046519,0.0,0.0175623167601328,0.0322175141302331,0.0105796126285716,0.0602387311116176,7.088763112443185,31.73744426317973,0.0,2846.5839597094296,82.56553766432299,0.0,0.0,0.0,0.0,3325.461850160116,81.62441713520975,0.0,0.0,0.0,0.0,9.165789904646186,272.3018623750644,0.0,0.0,1134.4899751105804,856.5756532175127,5731.226974668983,731.5714204505701,0.0,438.7747598837762,323.5079386587424,0.0,6582.835925787565,1498.5089374083932,0.0,310.4736954787466,200.75680840271465,0.0,765.9919024914868,2268.8312352267008,29.262856818022808,0.0
216,1.7763568394002547e-18,0.3397588584261993,0.0,0.0740501222591361,0.0828935793887049,0.042489096449929,0.1128776031371518,6.110324638305643,129.64975943989958,7.234001503549308,3827.629852362381,775.9921181824362,0.0,0.0,0.0,0.0,4654.771935640137,974.335042883864,0.0,0.0,0.0,0.0,397.1389017984385,988.0824890761148,0.0,0.0,813.4851042417649,590.0866732671735,4362.408388679837,0.0,0.0,182.3466037766701,134.4361213852402,0.0,4974.178245919652,622.6879414217417,0.0,128.9973669342007,0.0,0.0,318.31546505265777,1583.14873233987,0.0,0.0
217,1.7763568394002547e-18,0.370800362247247,0.0,0.1319475982724249,0.1428104793887049,0.0901615837873756,0.2964771636341917,4.991266547739809,246.7503803005557,160.01058410698187,4572.97985472202,1646.640250027236,0.0,0.0,0.0,0.0,5820.814462419204,2207.8957191709337,0.0,0.0,0.0,0.0,1253.997619466883,2108.406322797181,0.0,0.0,612.9739632588484,401.5282257754791,3739.7504814439976,0.0,0.0,0.0,0.0,0.0,4202.673926633977,0.0,0.0,0.0,0.0,0.0,0.0,1114.6198883371544,0.0,0.0
218,1.7763568394002547e-18,0.3967746116607238,0.0,0.1939388352159464,0.2094292312026585,0.1497256624365044,0.6455012077491256,3.782977403373512,539.8882508648198,499.9386302207339,4317.964046934634,1355.7116928789792,0.0,7.106811924432356,14.76030168920566,0.0,5689.481569059924,1890.0959507927064,0.0,29.75489388141459,40.02462759639101,0.0,1752.4579816740336,3085.0011582046823,36.86170580584695,0.0,395.5569636113865,203.89846931859208,3072.374025410683,0.0,0.0,0.0,0.0,0.0,3382.898223346689,0.0,0.0,0.0,0.0,0.0,0.0,619.0287675409924,0.0,0.0
219,0.0003485215542857,0.4174518395601339,0.0010267844316279,0.2518363112292353,0.2717036872122266,0.2193341557873755,1.0537920515242427,2.7939171752276333,977.265913191439,1006.44278334948,3860.3188885159016,761.2853568928371,0.0,314.5767677469787,484.81907850298273,0.0,5420.660542774372,1334.3383490624517,0.0,870.0454851603109,1088.6757247084136,0.0,2563.7524349522223,4726.328085970308,1094.39991018951,0.0,12.137590809867543,0.0,1841.985848311155,0.0,0.0,0.0,0.0,0.0,2126.2742079014183,0.0,0.0,0.0,0.0,0.0,0.0,7.634936154594101,0.0,0.0
220,0.0095910970365448,0.4328787152642221,0.0031868734485049,0.3097337872425242,0.3388290924135879,0.2961939499119939,1.635125273842556,1.9876152194160912,935.8029177508774,954.402191102496,3462.852872953762,71.1375116576477,0.0,439.36585209503846,711.8600970782961,0.0,5029.392442778064,920.5211598526035,0.0,1261.651504795689,1461.015662101928,0.0,2873.015662101928,5623.455732893603,1511.4184949122523,0.0,0.0,0.0,908.7409066324512,0.0,0.0,0.0,0.0,0.0,1418.672932799577,0.0,0.0,0.0,0.0,0.0,0.0,0.0,0.0,0.0
221,0.0228295126644518,0.4252779663640929,0.0053260076810631,0.3502929342051656,0.3905174763498546,0.3671552183505315,2.5653681382431257,1.4047871162432668,872.4667986381896,877.2760311425344,3045.9264140780565,0.0,0.0,518.2398019101804,893.7028876578255,0.0,4607.153495371164,497.69189599725655,0.0,1588.9413795263577,1755.6559510780062,0.0,3163.2696938891604,6500.240658276065,1835.8782977543744,0.0,0.0,0.0,139.14879091151752,0.0,0.0,0.0,0.0,0.0,740.1126218130972,0.0,0.0,0.0,0.0,0.0,0.0,0.0,0.0,0.0
222,0.0351223271760796,0.4200557021461792,0.0073123466112956,0.3520634399999992,0.4016008301860471,0.414296078224014,3.697421506556231,1.0480629278272382,697.1139763011402,697.1139763011402,2377.8120954342485,0.0,0.0,447.3215098189308,784.4392056468489,0.0,3656.073909422901,287.34213114696064,0.0,1395.843846450678,1523.163920464379,0.0,2675.7215542877284,5578.399668873652,1597.4339636390384,0.0,0.0,0.0,42.42678461289135,0.0,0.0,0.0,0.0,0.0,502.79469241988926,0.0,0.0,0.0,0.0,0.0,0.0,0.0,0.0,0.0
223,0.0484958286777407,0.4075571591320155,0.009473308744186,0.3520634399999992,0.4112640004784059,0.4514392156293045,5.057535258355648,0.8280405681832445,288.67940602270613,288.67940602270613,984.6250489511044,0.0,0.0,185.20192104488584,324.8138291238086,0.0,1513.9479576356334,118.98280966909954,0.0,578.020787295878,630.6844855891911,0.0,1108.0376641595776,2309.96523050341,661.497145578693,0.0,0.0,0.0,63.0,0.0,0.0,0.0,0.0,0.0,488.0,0.0,0.0,0.0,0.0,0.0,0.0,0.0,0.0,0.0
224,0.0628149312956809,0.3822947037331343,0.0117870661794019,0.3520634399999992,0.4216076515712257,0.4807817361597384,6.630080260010299,0.6800205234190756,1030.9755802989343,952.1791739967774,2511.691646771744,0.0,0.0,867.108558376466,1332.2818253129974,0.0,3948.335367642612,45.25745954620904,0.0,1874.17997038448,2067.7019078613416,0.0,2919.0526116156043,6742.019022571289,2144.46512483272,0.0,0.0,0.0,58.33223443879108,0.0,0.0,0.0,0.0,0.0,345.98991073186573,0.0,0.0,0.0,0.0,0.0,0.0,0.0,0.0,0.0
225,0.0763668481023003,0.3280972602123742,0.0131230984186046,0.3348834448587718,0.4118200563317248,0.4853903533186224,8.466511799962381,0.5433097737927624,1081.127530020551,994.4431490602146,2585.080440833304,0.0,0.0,895.2899512410352,1364.0385318978729,0.0,4055.303018600801,49.696574878156135,0.0,1907.1855290931344,2107.3362233167018,0.0,2971.200953118357,6871.005643103224,2183.932829786984,0.0,0.0,0.0,60.2003433367924,0.0,0.0,0.0,0.0,0.0,336.81217057177463,0.0,0.0,0.0,0.0,0.0,0.0,0.0,0.0,0.0
226,0.0813216959999998,0.2635994902724253,0.0131403959999999,0.2815222556810625,0.360052863368771,0.4614380671751301,10.455628938754616,0.4313033661955354,1818.7099191363773,1554.8824161502375,2928.3196531967137,12.879452784453022,0.0,1077.6117454206676,1295.8601581879404,0.0,4331.942004638307,166.99629011591264,0.0,1472.0162232101895,1724.8490292067918,0.0,2347.761984472231,5655.000966110997,1738.0414586438153,0.0,0.0,0.0,29.225333651345423,0.0,0.0,0.0,0.0,0.0,251.4611409931636,0.0,0.0,0.0,0.0,0.0,0.0,0.0,0.0,0.0
227,0.0813216959999998,0.2026908760006642,0.0131403959999999,0.2218703106976739,0.2961790729833888,0.4143122461674417,12.563452346585368,0.3389573234132841,2251.2435164912827,1934.4033347007185,3355.399075786306,233.85685779365875,0.0,1029.9508259632576,1140.609569489873,0.0,4760.03969301212,495.6884980062134,0.0,966.23214360566,1342.3114398068012,0.0,1858.7429892256253,4469.224896539762,1320.8074559216443,0.0,0.0,0.0,0.0,0.0,0.0,0.0,0.0,0.0,144.87590125155108,0.0,0.0,0.0,0.0,0.0,0.0,0.0,0.0,0.0
228,0.0813216959999998,0.1468136339401996,0.0131403959999999,0.1592942507641193,0.2289318423787375,0.3543474392860673,14.46345833040813,0.2925102331863944,1947.2623919899804,1724.790990832962,3346.471173822897,304.4140519149742,0.0,862.0838512084142,1097.6048455847013,0.0,4800.6688899569535,602.5585873008633,0.0,999.7227021887926,1405.7949825114106,0.0,2039.6391035738463,4687.791672835327,1410.0193521679184,0.0,0.0,0.0,0.0,0.0,0.0,0.0,0.0,0.0,138.4601586427311,0.0,0.0,0.0,0.0,0.0,0.0,0.0,0.0,0.0
229,0.0809342799092332,0.0981627020618072,0.0121313704186046,0.1008119517607972,0.1660146331107629,0.2842379759601326,15.960488564190046,0.2490803231753227,1927.326429627392,1657.7267086614518,3524.681283019248,533.1825726706155,0.0,746.1749138739749,934.5143025893128,0.0,4980.316010458943,803.2512294859769,0.0,844.7746543589897,1229.5246679077618,0.0,1854.9495487138904,4227.482022501529,1213.5363301109592,0.0,0.0,0.0,0.0,0.0,0.0,0.0,0.0,0.0,91.99474440278212,0.0,0.0,0.0,0.0,0.0,0.0,0.0,0.0,0.0
230,0.0715955130897008,0.0543436982117942,0.0099316946511627,0.0417448297674418,0.0975951507508316,0.2058248133588046,17.122975919279888,0.1960396676611251,1911.046426834777,1602.956978008856,3670.220318861513,720.0054015405022,0.0,651.5146547681047,801.3252059421837,0.0,5127.022618393377,967.1481461606852,0.0,718.2390031333712,1085.5730154596906,0.0,1704.1187583621302,3851.56436790208,1053.078982388095,0.0,0.0,0.0,0.0,0.0,0.0,0.0,0.0,0.0,56.49148580487931,0.0,0.0,0.0,0.0,0.0,0.0,0.0,0.0,0.0
231,0.0587623550830563,0.036775481740864,0.0078580441196013,0.0018458464669539,0.0531395195032168,0.1367025579370896,17.60563276058894,0.1461546784584671,1885.6459551337853,1516.360822261788,3908.642242715961,1025.0486564477028,0.0,495.2326379640645,582.7920726858457,0.0,5364.982502615608,1232.14915982941,0.0,510.3720213743255,850.524574256697,0.0,1453.9510992122914,3235.700998614087,790.5805028778988,0.0,0.0,0.0,0.0,0.0,0.0,0.0,0.0,0.0,33.955253299461226,0.0,0.0,0.0,0.0,0.0,0.0,0.0,0.0,0.0
232,0.0456590253289035,0.0267881877209307,0.0057407377873754,-1.4566126083082035e-16,0.0552224132874424,0.0866676865060466,17.39353900328849,0.0957050961990651,1915.9936109050727,1576.2738421399338,4078.630508581832,1207.3884715572822,0.0,336.64338034451816,411.2038896006556,0.0,5446.8280090875605,1288.878981487725,0.0,336.15930629541833,710.6369912495916,0.0,1155.3313439942735,2790.9492147455016,614.2484729058929,0.0,0.0,0.0,0.0,0.0,0.0,0.0,0.0,0.0,21.183199153958125,0.0,0.0,0.0,0.0,0.0,0.0,0.0,0.0,0.0
233,0.0316100944584717,0.0160801611428576,0.0034706361528239,-1.4566126083082035e-16,0.0833895806710968,0.048847546166113,16.68019912514505,0.0515150803255763,1885.9429822348068,1423.955972985559,3886.190483043046,1049.4470066077529,0.0,191.1465687859292,336.0431657611895,0.0,5145.065066511085,985.9868964919232,0.0,223.4030923506364,634.8884354720436,0.0,855.2108868010878,2485.428325356214,513.1408782851423,0.0,0.0,0.0,7.1527997273093495,0.0,0.0,0.0,0.0,0.0,505.6342792483752,0.0,0.0,0.0,0.0,0.0,0.0,9.055627859894848,0.0,0.0
234,0.0185067647043189,0.006092867122924,0.001353329820598,-1.4566126083082035e-16,0.1531663478977058,0.0219201349439852,15.815780713716116,0.0141555705555075,1688.703679903084,598.198712630521,3216.075188194344,442.6136039024948,0.0,37.1955371606336,262.4282766921365,0.0,4243.357971340975,228.1131098664825,0.0,92.36496489747846,405.70593145228224,0.0,427.518335364085,1926.0412317112996,272.2124777954687,0.0,0.0,0.0,995.90897015182,0.0,0.0,0.0,0.0,0.0,1789.8588051462186,0.0,0.0,0.0,0.0,0.0,0.0,1253.8850296320034,0.0,0.0
235,0.0052541295107536,0.0001265165623365,3.446510578772513e-05,-1.4566126083082035e-16,0.2768174435985317,0.0071438433131668,14.599403638363327,6.0259744659757205e-06,1560.85998501644,269.3238435296347,2968.8571337580174,267.86461018077165,0.0,0.0,114.08544969752252,0.0,3781.681269107836,26.33349811648484,0.0,10.156589277558355,133.7267417863973,0.0,125.87816650819096,1394.3468252316964,33.797647712037374,0.0,0.0,0.0,2439.698551806756,16.784146008331625,0.0,0.0,0.0,0.0,3394.6893155970347,112.71879108753238,0.0,0.0,0.0,0.0,152.87797437977414,1620.3211631580573,0.0,0.0
236,1.4210854715202038e-17,4.3698378249246294e-16,0.0,-1.4566126083082035e-16,0.4576075494341315,0.0159138421240763,12.958541029891633,-5.085709631202916e-15,1079.48299261979,160.6516471080822,2052.746932375222,4.356136001112184,0.0,0.0,64.59271590121651,0.0,2599.6773969432443,0.3940561433546991,0.0,0.1519738709866245,2.134358701378523,0.0,1.9998685500629272,922.9356033482536,0.5056829689466449,0.0,0.0,0.0,3636.3865630579216,93.72234356250182,0.0,0.0,0.0,0.0,4401.600877674364,629.4195283460649,0.0,0.0,0.0,0.0,292.8347085638189,1585.7262468171043,0.0,0.0
237,0.001692352725425,4.3698378249246284e-16,0.0,-1.4566126083082035e-16,0.745092074987689,0.0846996665382062,11.223832315244069,0.0059133825084959,568.460010129359,84.31177346248161,1136.866487188708,0.0,0.0,0.0,33.84226490131497,0.0,1454.9387720869113,0.0,0.0,0.0,0.0,0.0,0.0,485.5021040804424,0.0,0.0,91.73918105465188,65.93075896126281,3870.250915358728,244.3201563974653,0.0,54.00249664919223,40.55609186103996,0.0,4761.726780818839,901.072403355302,0.0,71.24425762754879,66.79826894759522,0.0,469.6948234976881,1799.058089127521,47.60461049999076,0.0
238,0.0060961619003322,4.3698378249246294e-16,0.0,0.0007623039077902,1.055108288202863,0.1606031010897012,9.581042972852105,0.1018825526975337,35.12981954720678,5.2110729763120025,470.6415261073034,0.0,0.0,0.0,2.0909634513101456,0.0,758.3839602788212,0.0,0.0,0.0,0.0,0.0,0.0,30.000424830711577,0.0,0.0,782.6580553223476,524.8231696918497,5589.015984168943,1506.9224723129785,0.0,427.3350909324422,367.670050525797,0.0,7551.592145653442,3028.870227640003,0.0,726.0456828526659,653.3154694438074,0.0,1980.4118406985651,3625.200866024332,482.5462271659746,0.0
239,0.0104551524119601,4.3698378249246294e-16,0.0,0.0047543638006643,1.3383769608214824,0.2350438898130043,8.033961497377154,0.286997637811372,0.0,0.0,154.3953639133435,0.0,0.0,0.0,0.0,0.0,488.63584678662704,0.0,0.0,0.0,0.0,0.0,0.0,0.0,0.0,0.0,721.8959020991538,199.81454090709605,5390.491257585398,1585.54625250633,0.0,382.44363443849073,357.4766796425218,0.0,7397.739883881733,3124.91350111617,0.0,859.8093364305711,758.9288343194097,0.0,2289.973269725064,3824.2760226038577,582.1522042959243,0.0
240,0.0148586224186046,4.36983782492463e-16,0.0,0.0091578338073088,1.5834090033137576,0.3152084717541528,6.563459603613269,0.5412764771354104,0.0,0.0,28.70532177977749,0.0,0.0,0.0,0.0,0.0,277.9738073951766,0.0,0.0,0.0,0.0,0.0,0.0,0.0,0.0,0.0,447.53653966973417,0.0,3414.666030500879,1004.0660561307368,0.0,237.7114913616113,222.85926922710425,0.0,4691.414364761978,1985.0189848525524,0.0,553.5998317835495,488.4220817394278,0.0,1480.063081406754,2447.9817892095884,376.3927748214919,0.0
241,0.0194844899003322,4.3698378249246284e-16,0.0,0.0137837012890364,1.7929881517696582,0.4028857933754149,5.240720506901418,0.9126465695946792,0.0,0.0,0.0,0.0,0.0,0.0,0.0,0.0,175.98776977408264,0.0,0.0,0.0,0.0,0.0,0.0,0.0,0.0,0.0,260.96354931074995,0.0,1991.100230683161,585.4949410410774,0.0,138.6124862638266,129.9760516820218,0.0,2735.547106309224,1157.4897955160648,0.0,322.7815010262205,284.78316341341645,0.0,863.0055404487604,1427.3823962246313,219.4990257884025,0.0
242,0.0238434804119601,4.36983782492463e-16,0.0,0.0181426918006643,1.9478911430332213,0.4728877574189061,4.332563981888532,1.423773022729684,0.0,0.0,0.0,0.0,0.0,0.0,0.0,0.0,94.1646814810183,0.0,0.0,0.0,0.0,0.0,0.0,0.0,0.0,0.0,145.61410866645204,0.0,1156.6793890169515,337.1001252279062,0.0,77.75640383323011,72.52034191193499,0.0,1597.2819838691423,679.8800581418346,0.0,188.39127409835652,161.2461528697677,0.0,514.4891451379758,842.2683972125274,129.03335532942972,0.0
243,0.0266739428684259,4.3698378249246284e-16,0.001305400134144,0.0224572028172756,1.9831671941104467,0.5235371152004008,3.735992878436135,2.1762180091077488,0.0,0.0,0.0,0.0,0.0,0.0,0.0,0.0,26.837879067785373,0.0,0.0,0.0,0.0,0.0,0.0,0.0,0.0,0.0,49.36559917687276,0.0,3052.204608925896,718.5865107325201,0.0,49.56964888975092,23.786080349222352,0.0,4671.89450976316,2212.1178130418284,0.0,545.3887144764731,190.7142587832835,0.0,2097.313389732908,2955.5990916555056,425.64317990059175,0.0
244,0.0267766559999999,4.3698378249246284e-16,0.019333753833887,0.0263506606621065,1.9473481467578624,0.6282181641141287,3.179357528257163,3.280974617020905,0.0,0.0,0.0,0.0,0.0,0.0,0.0,0.0,6.924276089361478,0.0,0.0,0.0,0.0,0.0,0.0,0.0,0.0,0.0,20.835448001004245,0.0,5440.27977489741,1247.6254375451435,0.0,49.821965758371896,0.0,0.0,8459.292498432378,4092.808107185662,0.0,986.3768801543016,279.59422003857543,0.0,3951.310992403978,5452.269369061888,783.1491344345051,0.0
245,0.0267766559999999,4.3698378249246284e-16,0.0401732209435216,0.0267766559999998,1.8680825785806652,0.7517668902458458,2.674071118387792,4.539066972699127,0.0,0.0,0.0,0.0,0.0,0.0,0.0,0.0,0.0,0.0,0.0,0.0,0.0,0.0,0.0,0.0,0.0,0.0,54.692083628889975,0.0,5627.025548623868,1356.3168019659315,0.0,55.5489930865006,0.0,0.0,8728.397355045885,4371.612113073405,0.0,995.822813335516,277.78388938400946,0.0,4025.761045937081,5487.625488401043,812.5691313564888,0.0
246,0.0267766559999999,4.3698378249246284e-16,0.0623717837342192,0.0267766559999998,1.74191989993985,0.8676971160062934,2.069438693323287,6.053790036851889,0.0,0.0,0.0,0.0,0.0,0.0,0.0,0.0,0.0,0.0,0.0,0.0,0.0,0.0,0.0,0.0,0.0,0.0,79.95255533979189,0.0,5815.644909552747,1447.895043138775,0.0,50.16448346536395,0.0,0.0,8779.745690609256,4449.217649388424,0.0,970.4945598839902,296.8013102557936,0.0,3902.117480925255,5361.830612437799,850.988010280082,0.0
247,0.0251168485192946,4.3698378249246284e-16,0.0870620219401992,0.0267766559999998,1.4724579943830838,0.934232486830564,1.4918181222764917,7.722245179982607,0.0,0.0,0.0,0.0,0.0,0.0,0.0,0.0,0.0,0.0,0.0,0.0,0.0,0.0,0.0,0.0,0.0,0.0,113.19772745840169,24.237529060056318,5920.656239552292,1457.5014787384266,0.0,64.48457328197543,0.0,0.0,8772.057837024,4257.182385915906,0.0,860.9673062229382,303.0399304931735,0.0,3595.9576058805537,5091.049110901707,803.6884041870683,0.0
248,0.0206360146046511,4.36983782492463e-16,0.1101666485182722,0.0259772112095679,1.183891757413159,0.985597012302458,1.027466005756523,9.021306106013007,0.0,0.0,0.0,0.0,0.0,0.0,0.0,0.0,0.0,0.0,0.0,0.0,0.0,0.0,0.0,0.0,0.0,0.0,138.66184680205373,431.5589076667861,6151.11873612903,1517.4858760520844,0.0,53.65294827448329,0.0,0.0,8308.269468045157,3606.308807178353,0.0,445.1264294206791,198.8947551440781,0.0,2124.593811928052,3578.4714465609577,479.609603056113,0.0
249,0.0163659830830565,4.3698378249246284e-16,0.1310059902831142,0.022066771694352,0.9129640361210442,0.9995156003460928,0.7024303382305128,9.914493513632223,0.0,0.0,0.0,0.0,0.0,0.0,0.0,0.0,0.0,0.0,0.0,0.0,0.0,0.0,0.0,0.0,0.0,0.0,66.64833924531162,225.84308636125212,2953.4194718267304,728.7871935929228,0.0,25.38264484227174,0.0,0.0,3976.123218321115,1719.3077822785417,0.0,206.84389579824497,93.45611138248132,0.0,994.644798295526,1690.7334102966372,224.49354520374743,0.0
250,0.0120069925714285,4.3698378249246284e-16,0.1363626,0.0177077811827241,0.6704229544983367,0.9558171122039356,0.4509163297858196,10.400234523543562,0.0,0.0,0.0,0.0,0.0,0.0,0.0,0.0,0.0,0.0,0.0,0.0,0.0,0.0,0.0,0.0,0.0,0.0,89.3463355442014,164.7740994885333,2375.579124034908,659.2509515933361,0.0,23.07071152391889,0.0,0.0,3111.977685748415,1397.4603889798057,0.0,155.11198258067668,66.6377078885692,0.0,714.1763648909091,1218.0418852013272,126.1519149436094,0.0
251,0.0073366455946843,0.0181177167662512,0.1418156431081301,0.0130374342059798,0.4511598695462905,0.8688566897940204,0.2646127431153787,10.411325096373586,0.0,0.0,0.0,0.0,0.0,0.0,0.0,0.0,0.0,0.0,0.0,0.0,0.0,0.0,0.0,0.0,0.0,0.0,281.2960774920062,395.7843054295316,6501.546853470725,1886.7583272346087,0.0,72.20688776583565,0.0,0.0,8330.239299599638,3813.0507566075376,0.0,403.1139054723998,195.73078361215136,0.0,1825.7360784489983,3124.182479524337,300.9715634662721,0.0
252,0.0027107781129568,0.1028044199460625,0.1657388353754153,0.0084115667242523,0.2815209474606206,0.7966661140629286,0.1760803179667559,9.98528247757122,0.0,0.0,235.7771241599105,0.0,0.0,0.0,0.0,0.0,283.9498131969374,0.0,0.0,0.0,0.0,0.0,0.0,0.0,0.0,0.0,336.3711106341032,245.20264522020585,7043.368973154445,1833.5264609527733,0.0,72.90695890098554,0.0,0.0,8903.294801673434,3710.709753648918,0.0,363.21476096385845,193.9036667798377,0.0,1811.4956605833097,3237.851704918151,258.33961471366194,0.0
253,2.4256958166671388e-05,0.203670447784935,0.1952374986277036,0.0039636172225912,0.2194480945693938,0.7412619631608939,0.1059870048442393,9.252385446652102,0.0,0.0,1873.062504583661,7.014203985607231,0.0,0.0,0.0,0.0,2248.821906618129,12.428457805198052,0.0,0.0,0.0,0.0,0.0,117.62215253949938,0.0,0.0,292.93193796713734,142.79918987677806,6053.3742963255545,1089.4839408828375,0.0,21.69024664461353,0.0,0.0,7602.253468923547,2469.621177171188,0.0,183.71727492831607,51.48291334060746,0.0,1318.4439682548884,2681.3488939461663,94.3140556155322,0.0
254,1.5987211554602278e-17,0.3479973316658764,0.227751488372093,0.0003669306187536,0.1944033988305637,0.6402241846668945,0.0545785256969069,8.310082150407744,0.0,0.0,2818.517715647652,119.29767429698713,0.0,0.0,0.0,0.0,3348.14231080104,177.763667181526,0.0,0.0,0.0,0.0,0.0,414.7895773647345,0.0,0.0,178.35747339909568,105.0023122913519,3946.8357236281463,515.8019468004807,0.0,0.0,0.0,0.0,4902.705020049163,1313.986972031994,0.0,64.75557762917802,0.0,0.0,759.5851324774782,1694.1735515555172,0.0,0.0
255,1.5987211554602278e-17,0.5067822663245193,0.2579234124916942,-1.4743761767022062e-16,0.1726056292377394,0.5070371832526256,0.0478012401783169,7.126721537336602,0.0,0.0,3030.197008715936,316.317000744492,0.0,0.0,0.0,0.0,3648.7385625925294,412.4464469273427,0.0,0.0,0.0,0.0,123.79536333758892,655.7945808000317,0.0,0.0,80.40396037924808,61.51275499964032,1347.38042334346,148.0733032454261,0.0,0.0,0.0,0.0,1631.8021116458267,377.22027304594616,0.0,17.60910939086683,0.0,0.0,218.02770114239425,547.861610685969,0.0,0.0
256,1.5987211554602278e-17,0.6832528177275763,0.2880953366112952,-1.4743761767022062e-16,0.1553710281849604,0.3782659810365452,0.0998895989973339,5.774052290359472,1.3256413345674578,1.073417540822322,2367.6326382689845,395.2224066629496,0.0,0.0,0.0,0.0,2936.4362781272907,473.6492168246388,0.0,0.0,0.5103132571122515,0.0,252.09104199153865,691.6350921804202,0.6061191942712565,0.0,316.2638600043016,20.053987914006346,2387.2093533202515,9.349886413982285,0.0,0.0,0.0,0.0,2505.099624888553,23.78785055092237,0.0,0.0,0.0,0.0,13.742158636364662,662.8684898354335,0.0,0.0
257,1.5987211554602278e-17,0.8334193997072844,0.3120618146258411,-1.4743761767022062e-16,0.1491652813156133,0.2692113198936882,0.1834564786283341,4.588325029234788,399.1548170350025,323.7251170763214,799.9309070165319,152.630238744962,0.0,0.0,0.0,0.0,999.3127049637162,181.0700091719285,0.0,20.219128101811464,160.3394762004273,0.0,111.4870968601846,273.7944354813054,185.78228802156096,0.0,278.4864864864865,0.0,2583.945945945946,0.0,0.0,0.0,0.0,0.0,2640.7297297297296,0.0,0.0,0.0,0.0,0.0,0.0,384.4324324324325,0.0,0.0
258,1.5987211554602278e-17,0.938399702697463,0.3202729564784047,-1.4743761767022062e-16,0.1432975484586849,0.1439790492519561,0.3702908128942017,3.3695102008048305,781.6706905389406,643.100914831942,1814.6901564967388,670.0472556377724,0.0,1.9909778229846715,58.733845778047815,0.0,2389.126771999093,767.7450127077589,0.0,175.21454133596484,429.3318019392746,0.0,699.4712702596034,1300.7418247785051,420.3163054592381,0.0,0.0,0.0,1404.120050350083,0.0,0.0,0.0,0.0,0.0,1448.7911264572635,0.0,0.0,0.0,0.0,0.0,0.0,0.0,0.0,0.0
259,1.5987211554602278e-17,1.034077942534683,0.3229239074852525,-1.4743761767022062e-16,0.1524788860237292,0.0378090332418476,0.7384239494856384,2.263261357259464,920.1400848386072,820.4387511047985,4270.8599151613935,1580.6755608186454,0.0,33.20739863559087,208.43966064557168,0.0,5703.529109194626,1914.2498490581845,0.0,312.64524019961607,718.3917529783382,0.0,1778.085810385961,3313.799273923334,615.6018802362489,0.0,0.0,0.0,532.3093545296294,0.0,0.0,0.0,0.0,0.0,765.245764269392,0.0,0.0,0.0,0.0,0.0,0.0,0.0,0.0,0.0
260,1.5987211554602278e-17,1.0746476630431925,0.3198322799999994,-1.4743761767022062e-16,0.198415194684626,0.0014356543270316,1.3478969722713163,1.581730035665593,895.7323096212601,937.4156878711016,4279.347756816741,1531.091388280394,0.0,107.53255029688133,281.7521228454488,0.0,5890.9915086182045,2102.852002507638,0.0,506.9971695394016,827.5984644318903,0.0,2034.30165590592,3811.162149795354,710.3845528045194,0.0,0.0,0.0,0.0,0.0,0.0,0.0,0.0,0.0,703.9953509252322,0.0,0.0,0.0,0.0,0.0,0.0,0.0,0.0,0.0
261,1.5987211554602278e-17,1.08025172890705,0.3143777058983524,-1.4743761767022062e-16,0.2821767421827941,0.0018483701262464,2.215965444882144,1.2269596320381635,798.531916253522,976.537236710474,4171.377797889654,1393.0854376033958,0.0,206.24163099404717,288.5459247209472,0.0,5855.593457223522,2044.959726347108,0.0,548.9655441987054,781.7102646434565,0.0,2271.3142509979743,4069.5421368385655,781.074465506596,0.0,0.0,0.0,0.0,0.0,0.0,0.0,0.0,0.0,621.0262264792419,0.0,0.0,0.0,0.0,0.0,0.0,0.0,0.0,0.0
262,1.5987211554602278e-17,1.00504797784266,0.2916874676810627,-1.4743761767022062e-16,0.3711376147957466,0.0053245415051168,3.4517930737155926,1.1197312719715555,519.4995628083049,684.3186509745999,3951.429400654156,1106.9502654900775,0.0,311.3637729682561,298.4210818551317,0.0,5784.878098561444,2037.8831858250776,0.0,795.4680851792832,869.4684107111431,0.0,2868.151094149019,4951.772869105866,1032.1207385028188,0.0,0.0,0.0,0.0,0.0,0.0,0.0,0.0,0.0,476.796220619773,0.0,0.0,0.0,0.0,0.0,0.0,0.0,0.0,0.0
263,1.5987211554602278e-17,0.9134005265717328,0.2642191330691635,-1.4743761767022062e-16,0.4762395195004517,0.0120382929568112,4.973680003658995,1.088669262237384,396.08690422334473,468.7247729873717,3858.777004089141,1076.5849748821126,0.0,296.75492464633743,310.467995132162,0.0,5818.984949331414,2154.0522311017694,0.0,930.4412677725952,958.4221300244644,0.0,3296.414514602462,5577.640782548,1231.8902012889866,0.0,0.0,0.0,0.0,0.0,0.0,0.0,0.0,0.0,446.0,0.0,0.0,0.0,0.0,0.0,0.0,0.0,0.0,0.0
264,1.5987211554602278e-17,0.7726585094108541,0.214500717328904,-1.4743761767022062e-16,0.5850198529833867,0.019222555096346,6.839874386877057,1.0111904179424067,321.09381353813086,326.6253198159935,3803.015448816392,1070.9424691073743,0.0,279.82740732212324,318.82117004849715,0.0,5848.431342765376,2240.551500828003,0.0,1015.892156500359,1019.0128889652592,0.0,3578.8533140037207,5989.60036334695,1365.170032826744,0.0,0.0,0.0,0.0,0.0,0.0,0.0,0.0,0.0,445.8984330582539,0.0,0.0,0.0,0.0,0.0,0.0,0.0,0.0,0.0
265,1.5987211554602278e-17,0.61335382850094,0.1613724316146182,-1.4743761767022062e-16,0.6923049321554213,0.0265534348305653,8.999869411076395,0.8490991452159389,172.92005373489891,158.66316141917724,3694.695918807921,1062.7421525805285,0.0,246.4494288970159,334.7585705255405,0.0,5910.395829904818,2413.006842980721,0.0,1183.7851966858448,1138.4169912195357,0.0,4128.991471918645,6792.580001521322,1625.1175705177343,0.0,0.0,0.0,0.0,0.0,0.0,0.0,0.0,0.0,365.2008040840532,0.0,0.0,0.0,0.0,0.0,0.0,0.0,0.0,0.0
266,1.5987211554602278e-17,0.4328736218073104,0.1071815801860467,-1.474376176702206e-16,0.7658650662714733,0.0339289117304229,11.432653783742028,0.6826589929349696,147.5886484755704,161.7323142843285,3715.892478771304,1109.5531181583403,0.0,236.8609564956544,334.7360052330408,0.0,5982.874336746238,2444.001420140215,0.0,1204.091043432289,1163.9710915707285,0.0,4108.226657262346,6780.619686160304,1624.3207839537902,0.0,0.0,0.0,0.0,0.0,0.0,0.0,0.0,0.0,229.0328464077536,0.0,0.0,0.0,0.0,0.0,0.0,0.0,0.0,0.0
267,1.5987211554602278e-17,0.259089083251192,0.0569770154811498,-1.4743761767022062e-16,0.7972371105041146,0.0398490972159473,13.952950100923273,0.5382115591564272,180.8277529527859,156.4179867303436,3732.132975520372,1072.6830824234703,0.0,232.4948896950469,350.43542271788823,0.0,5921.816947384355,2237.874387361612,0.0,1171.0632419466515,1167.1299274829084,0.0,3979.496077254631,6634.621131832392,1617.1932795884695,0.0,0.0,0.0,0.0,0.0,0.0,0.0,0.0,0.0,39.53503247680402,0.0,0.0,0.0,0.0,0.0,0.0,0.0,0.0,0.0
268,1.5987211554602278e-17,0.1564348191327023,0.0268145459401994,-1.474376176702206e-16,0.8208196277876246,0.0438122715085568,16.111699342785908,0.4045302836080921,174.97061248773602,64.84741940625945,3649.834136408233,997.941224975472,0.0,209.5213352551454,365.0909840530023,0.0,5883.55072276741,2150.1231930814765,0.0,1179.599036310121,1206.4198897203266,0.0,4210.032209028474,6865.06723957316,1712.0615965407385,0.0,0.0,0.0,0.0,0.0,0.0,0.0,0.0,0.0,0.0,0.0,0.0,0.0,0.0,0.0,0.0,0.0,0.0,0.0
269,1.5987211554602278e-17,0.0671402746700935,0.0023690692880337,-1.474376176702206e-16,0.8285621682010907,0.0441318960000004,17.941199315245505,0.2580782204056836,179.78801014396646,2.2343696398799766,3609.633690819732,1019.5758329458336,0.0,185.28420031171365,417.0239648606191,0.0,5887.54459415726,2279.8728789609017,0.0,1246.412795317431,1245.2078015583415,0.0,4384.608207921334,7097.258325074565,1761.880469602463,0.0,0.0,0.0,0.0,0.0,0.0,0.0,0.0,0.0,0.0,0.0,0.0,0.0,0.0,0.0,0.0,0.0,0.0,0.0
270,1.5987211554602278e-17,0.0278769469156149,1.7585932710062468e-16,-1.4743761767022062e-16,0.7960626355263792,0.0439722640345519,19.07277113820197,0.1703431055912213,132.8917204808695,0.0,3616.050557830598,1000.0649882527308,0.0,192.0541397595653,409.7870228907065,0.0,5953.418790360652,2398.3682325300542,0.0,1241.3538021079212,1233.064988252731,0.0,4520.039709337431,7187.429638853818,1778.960290662568,0.0,0.0,0.0,0.0,0.0,0.0,0.0,0.0,0.0,0.0,0.0,0.0,0.0,0.0,0.0,0.0,0.0,0.0,0.0
271,1.5987211554602278e-17,0.0050701245090519,1.7585932710062466e-16,-1.4743761767022062e-16,0.7266540968372088,0.0422835258737546,19.458585788802463,0.1612175770764039,85.90260727111466,0.0,3588.7206791475005,974.9324432927835,0.0,209.86282590888936,369.33402022555936,0.0,5923.436385624723,2384.4861123275045,0.0,1217.882716590002,1214.0447540325033,0.0,4505.658095110563,7115.216736815561,1771.8777439197238,0.0,0.0,0.0,0.0,0.0,0.0,0.0,0.0,0.0,0.0,0.0,0.0,0.0,0.0,0.0,0.0,0.0,0.0,0.0
272,1.5987211554602278e-17,4.36983782492463e-16,1.7585932710062468e-16,-1.4743761767022062e-16,0.6425401099311615,0.0386867656417281,19.041315321695645,0.1528500944738789,54.94921716813487,0.0,3642.8011531438583,976.4053284031548,0.0,199.70885759401816,334.5828519359048,0.0,5957.375381031677,2407.804110973904,0.0,1179.587006743133,1174.140866615522,0.0,4381.816918687001,6966.084912244222,1738.7820869760671,0.0,0.0,0.0,0.0,0.0,0.0,0.0,0.0,0.0,0.0,0.0,0.0,0.0,0.0,0.0,0.0,0.0,0.0,0.0
273,1.5987211554602278e-17,4.36983782492463e-16,1.7585932710062468e-16,-1.4743761767022062e-16,0.5343222728284388,0.0315071326644524,17.994602873706548,0.1297850711202574,108.9904862323982,0.0,4087.550142812096,1450.647093522599,0.0,159.4051708347994,379.8380517480363,0.0,6252.350345163603,2938.200866204448,0.0,1041.2450177766111,1150.5452865006384,0.0,3957.195591022307,6257.181227348783,1614.180592486439,0.0,0.0,0.0,0.0,0.0,0.0,0.0,0.0,0.0,0.0,0.0,0.0,0.0,0.0,0.0,0.0,0.0,0.0,0.0
274,1.5987211554602278e-17,4.3698378249246284e-16,1.7585932710062468e-16,-1.4743761767022062e-16,0.414031201654486,0.0243228705249175,16.519622689253303,0.1044909825847091,141.27013521674732,0.0,3988.8187974608777,1359.7682694697094,0.0,162.96148530518687,398.4838010579471,0.0,6107.170112627722,2754.700283806557,0.0,928.9951101803472,1086.2713030722405,0.0,3569.803828194521,5664.119291428695,1494.2562701014258,0.0,0.0,0.0,71.17264613682578,0.0,0.0,0.0,0.0,0.0,272.87350754180096,0.0,0.0,0.0,0.0,0.0,0.0,213.5662989424044,0.0,0.0
275,1.5987211554602278e-17,4.36983782492463e-16,2.797266019951141e-05,-1.4743761767022062e-16,0.2942726983008636,0.0171386083853826,14.69368060635825,0.0811219501195929,135.25158882179682,0.0,3861.926582409468,1177.733290358382,0.0,116.01930138892806,279.19886213041866,0.0,5859.218544208812,2346.578710379903,0.0,660.715747254686,827.2996946822985,0.0,2919.2803575499884,4743.164772953293,1164.050256749661,0.0,0.0,0.0,660.0178113449864,0.0,0.0,0.0,0.0,0.0,1155.503062563934,0.0,0.0,32.2,0.0,0.0,0.0,1174.0471556892935,0.0,0.0
276,1.5987211554602278e-17,4.3698378249246284e-16,0.0044203557408639,-1.4743761767022062e-16,0.2194889311242002,0.0098415951612579,12.555336308722431,0.056799079594676,127.13156592960344,0.0,3778.6803178507016,1038.330186126163,0.0,73.64863725216614,177.2053505458211,0.0,5671.773718281916,2041.419728595804,0.0,446.4303169066391,616.4487016983414,0.0,2433.0526885522654,4069.2750279748047,906.9014262499464,0.0,0.0,0.0,996.0,0.0,0.0,0.0,0.0,0.0,1598.0,0.0,0.0,70.0,0.0,0.0,0.0,1681.0,0.0,0.0
277,1.5987211554602278e-17,4.3698378249246284e-16,0.0120984226445184,-1.4743761767022062e-16,0.1920830518405306,0.0068753767574756,10.292330827415253,0.0322377495548089,4.431372549019608,0.0,3130.6649808868788,262.5162158323454,0.0,0.0,0.0,0.0,4263.526426291352,590.875521274198,0.0,2.9019607843137254,9.803921568627452,0.0,576.4549111360767,1485.3668653860927,18.03921568627451,0.0,0.0,0.0,3019.8741698849667,27.24566866624404,0.0,1.0049252759995315,0.0,0.0,4139.322376381831,596.9918029955505,0.0,344.633038466111,22.82959359760318,0.0,1092.814355374349,3013.3860777574146,23.56267042391114,0.0
278,1.5987211554602278e-17,4.3698378249246284e-16,0.0197764895481729,-1.4743761767022062e-16,0.1782246319695879,0.0076431074145163,8.15611651741423,0.0125464014901526,0.0,0.0,2559.492504422642,16.52445194608487,0.0,0.0,0.0,0.0,3459.1323807793624,118.6370908949683,0.0,0.0,0.0,0.0,169.48155842138326,1024.6662361088129,0.0,0.0,0.0,0.0,3799.596510541254,177.893788136619,0.0,6.860289644267491,0.0,0.0,5077.941175018174,1466.37620946557,0.0,489.2915283268298,112.99088946824112,0.0,1724.8507446108988,3553.4937899035585,114.07233047152027,0.0
279,1.5987211554602278e-17,4.3698378249246284e-16,0.0270072904186047,-1.4743761767022062e-16,0.1817063151308965,0.0117722396810637,6.4987760118537885,0.028159748643181,0.0,0.0,2232.723608230084,0.0,0.0,0.0,0.0,0.0,3036.3104221561925,0.0,0.0,0.0,0.0,0.0,0.0,804.8130290968213,0.0,0.0,0.0,0.0,3916.3048158322586,278.96411952682627,0.0,13.507316252733082,0.0,0.0,5272.743734933005,1643.5478499747717,0.0,521.564893199529,151.30683410887482,0.0,1822.6663676627236,3657.3201210965967,150.3634579806021,0.0
280,1.5987211554602278e-17,4.3698378249246284e-16,0.0341635469501662,-1.4743761767022062e-16,0.1986200355770956,0.0160027338737547,5.5590361915286,0.1420098646292666,0.0,0.0,1496.1836551727654,0.0,0.0,0.0,0.0,0.0,2018.1950383969736,0.0,0.0,0.0,0.0,0.0,0.0,311.71573049704307,0.0,0.0,0.0,0.0,4289.443820852852,571.691276630451,0.0,58.46404352704839,0.0,0.0,5836.288809445683,2079.6305020387317,0.0,569.3119709592766,220.607056210516,0.0,1951.2467189944691,3790.226502055005,208.7138026265985,0.0
281,1.5987211554602278e-17,4.3698378249246284e-16,0.041727516035177,-1.4743761767022062e-16,0.2232172770756298,0.0204976339534889,5.008082624958343,0.3993649764705799,0.0,0.0,7.870603423959034,0.0,0.0,0.0,0.0,0.0,387.4487073221524,0.0,0.0,0.0,0.0,0.0,0.0,0.0,0.0,0.0,545.8244570052292,707.4110432442988,4841.606607321995,949.6856658821108,0.0,167.80134332023408,64.8225258749756,0.0,6562.440340490473,2488.907210483156,0.0,539.8103416205694,227.00500277679697,0.0,1808.8035135632103,3626.846456871948,190.67518726362815,0.0
282,1.5987211554602278e-17,4.3698378249246284e-16,0.0448756920000002,-1.4743761767022062e-16,0.239175007410192,0.0292338063541392,4.874032411975078,0.7027006970427565,0.0,0.0,0.0,0.0,0.0,0.0,0.0,0.0,336.7966366990453,0.0,0.0,0.0,0.0,0.0,0.0,0.0,0.0,0.0,595.1917724962236,769.281358630637,5407.2683739552185,1316.4889121670108,0.0,284.7311064980578,68.21640519959502,0.0,7277.5647450661745,2865.604509617019,0.0,498.4173719108858,223.9558477979959,0.0,1627.2558781772984,3405.934293922592,163.6312094791491,0.0
283,1.5987211554602278e-17,4.3698378249246284e-16,0.0448756920000002,-1.474376176702206e-16,0.2690084424206093,0.0846837521416666,5.030408255782572,1.1003060373996023,0.0,0.0,0.0,0.0,0.0,0.0,0.0,0.0,229.1676734419313,0.0,0.0,0.0,0.0,0.0,0.0,0.0,0.0,0.0,867.6214828885064,1078.330104131214,6219.570950039678,1631.8047664672415,0.0,510.1931119716665,46.73256518515367,0.0,7911.53735951231,3007.93720996466,0.0,352.9721645251199,182.1127998758639,0.0,1092.890057064866,2430.72316250017,113.88032449822872,0.0
284,1.5987211554602278e-17,4.3698378249246284e-16,0.0448756920000002,-1.4743761767022062e-16,0.3163267635594159,0.1578865571162797,5.386987357981058,1.7082164888303,0.0,0.0,0.0,0.0,0.0,0.0,0.0,0.0,153.9814892375295,0.0,0.0,0.0,0.0,0.0,0.0,0.0,0.0,0.0,667.6451932948015,829.6147970614912,4775.236165597061,1252.1339942072864,0.0,392.3556595835468,24.11083632572686,0.0,6071.56542075988,2307.04011323496,0.0,270.1514639467137,139.4915028943199,0.0,836.2408004270546,1860.1697172529316,87.23502882254284,0.0
285,1.5987211554602278e-17,4.3698378249246294e-16,0.0448685660860699,-1.4743761767022062e-16,0.3681236600772604,0.2276645981957824,5.623012325655541,2.427902220964218,0.0,0.0,0.0,0.0,0.0,0.0,0.0,0.0,26.214202841923356,0.0,0.0,0.0,0.0,0.0,0.0,0.0,0.0,0.0,284.2588212876286,353.20400366734304,2350.9652400420723,610.9185950266224,0.0,167.056622000994,0.0,0.0,3058.502512986375,1207.8862065681535,0.0,162.60824741100362,67.58613576136564,0.0,545.2150615067048,1064.7058795892258,61.71641770424592,0.0
286,1.5987211554602278e-17,4.3698378249246284e-16,0.040825586870432,-1.474376176702206e-16,0.4618759465710514,0.3495493694231816,5.412015995888639,3.307906879031647,0.0,0.0,0.0,0.0,0.0,0.0,0.0,0.0,4.6688691323679015,0.0,0.0,0.0,0.0,0.0,0.0,0.0,0.0,0.0,56.14315131672401,69.7606862861304,3692.359610494866,906.3234603497292,0.0,32.99334186873317,0.0,0.0,5470.496260676675,2590.8351865418954,0.0,540.249630891027,95.6899119625784,0.0,2141.766186622635,3106.1200307837576,277.62143850153245,0.0
287,1.5987211554602278e-17,4.3698378249246284e-16,0.0330009023720931,-1.4743761767022062e-16,0.5607925310033219,0.6693966313355487,5.115049799865023,4.427172872926391,0.0,0.0,0.0,0.0,0.0,0.0,0.0,0.0,0.0,0.0,0.0,0.0,0.0,0.0,0.0,0.0,0.0,0.0,0.0,0.0,4964.474963608457,1104.1894368950657,0.0,0.0,0.0,0.0,8203.600887090257,4348.437221289066,0.0,1139.6492780419746,174.94870058154817,0.0,4685.714135658193,6256.765561114389,833.8737547409985,0.0
288,1.5987211554602278e-17,4.3698378249246284e-16,0.0253228354684386,-1.4743761767022062e-16,0.6502396003173734,1.0230286922485832,4.869129037845564,5.704514035492664,0.0,0.0,0.0,0.0,0.0,0.0,0.0,0.0,0.0,0.0,0.0,0.0,0.0,0.0,0.0,0.0,0.0,0.0,0.0,0.0,4637.222999608808,899.300890690933,0.0,0.0,0.0,0.0,8112.330659636467,4449.374061754129,0.0,1344.430250003372,271.12459645188346,0.0,5559.29810842319,7294.906994888254,1274.494203489354,0.0
289,1.5987211554602278e-17,4.3698378249246294e-16,0.0178684015813954,-1.4743761767022062e-16,0.7180857424145364,1.3176804467071672,4.536532265096434,6.93628866904576,0.0,0.0,0.0,0.0,0.0,0.0,0.0,0.0,0.0,0.0,0.0,0.0,0.0,0.0,0.0,0.0,0.0,0.0,0.0,0.0,4362.0,720.0,0.0,0.0,0.0,0.0,7797.0,4300.0,0.0,1356.0,294.0,0.0,5782.0,7587.0,1456.0,0.0
290,1.5987211554602278e-17,4.3698378249246294e-16,0.0105630563720932,-1.4743761767022062e-16,0.767224271218116,1.591060366046514,3.8448809588937154,7.902122156076745,0.0,0.0,0.0,0.0,0.0,0.0,0.0,0.0,0.0,0.0,0.0,0.0,0.0,0.0,0.0,0.0,0.0,0.0,0.0,0.0,4167.740904754463,648.9206714241151,0.0,0.0,0.0,0.0,7505.660000234093,4061.388124423784,0.0,1558.561925719306,461.9566646250215,0.0,5864.08113664224,7918.856967098763,1609.0364940077357,0.0
291,1.5987211554602278e-17,4.36983782492463e-16,0.0032111394841197,-1.4743761767022062e-16,0.8010151801881716,1.8632039884122296,3.1284525476786404,8.557796869587502,0.0,0.0,0.0,0.0,0.0,0.0,0.0,0.0,0.0,0.0,0.0,0.0,0.0,0.0,0.0,0.0,0.0,0.0,0.0,0.0,3968.608941140778,568.2269776486744,0.0,0.0,0.0,0.0,7210.086471723951,3811.095781105803,0.0,1750.2001841205365,623.6813399275404,0.0,5940.328160869444,8214.328160869445,1757.6813399275404,0.0
292,1.5987211554602278e-17,4.3698378249246294e-16,1.7585932710062466e-16,-1.4743761767022062e-16,0.7871751738428348,2.079480774666761,2.4076264168520978,8.924731045692312,0.0,0.0,0.0,0.0,0.0,0.0,0.0,0.0,0.0,0.0,0.0,0.0,0.0,0.0,0.0,0.0,0.0,0.0,0.0,0.0,3926.470099316514,541.2553266308548,0.0,0.0,0.0,0.0,7151.354559498358,3750.948352108354,0.0,1770.5618466467406,644.8028977848381,0.0,5946.562301153355,8220.562301153357,1778.8028977848385,0.0
293,1.5987211554602278e-17,4.3698378249246294e-16,1.7585932710062466e-16,-1.4743761767022062e-16,0.7444127789688773,2.068748289409453,1.67279483377744,8.935091759025282,0.0,0.0,0.0,0.0,0.0,0.0,0.0,0.0,0.0,0.0,0.0,0.0,0.0,0.0,0.0,0.0,0.0,0.0,0.0,0.0,3852.161923119975,471.51695716951576,0.0,0.0,0.0,0.0,7032.246566202351,3641.254143750865,0.0,1828.451159116088,700.4709485588504,0.0,5904.6101111812295,8235.599735721029,1829.4249922193892,0.0
294,1.5987211554602278e-17,4.3698378249246284e-16,1.7585932710062468e-16,-1.474376176702206e-16,0.6875360283588021,1.9976886147109647,0.895305360027798,8.541295896054908,0.0,0.0,0.0,0.0,0.0,0.0,0.0,0.0,0.0,0.0,0.0,0.0,0.0,0.0,0.0,0.0,0.0,0.0,0.0,0.0,3841.8913265363744,426.2727217532605,0.0,0.0,0.0,0.0,6977.187689286965,3608.8553900235775,0.0,1866.5341188474597,749.0496244358848,0.0,5773.288696108906,8155.748849558026,1894.4103831013783,0.0
295,1.5987211554602278e-17,4.3698378249246284e-16,1.7585932710062468e-16,-1.4743761767022062e-16,0.6187287368020309,1.9202403494774276,0.2859251442563668,7.869313388899745,0.0,0.0,0.0,0.0,0.0,0.0,0.0,0.0,0.0,0.0,0.0,0.0,0.0,0.0,0.0,0.0,0.0,0.0,0.0,0.0,3874.860927112794,488.9446957680944,0.0,0.0,0.0,0.0,7017.773034670488,3643.280842919608,0.0,1854.348208351204,785.7400585131765,0.0,5687.541524441889,8034.294859159443,1863.565889862804,0.0
296,1.5987211554602278e-17,0.0017972203220641,0.0017910991424664,-1.4743761767022062e-16,0.4961439753253848,1.7816106842063693,0.1449969195184342,7.011264166588233,0.0,0.0,0.0,0.0,0.0,0.0,0.0,0.0,0.0,0.0,0.0,0.0,0.0,0.0,0.0,0.0,0.0,0.0,0.0,0.0,3927.944152132288,532.5908861751493,0.0,0.0,0.0,0.0,7041.455965047603,3649.284378847896,0.0,1876.433197885934,828.4891551654862,0.0,5562.00617008306,7892.405841343709,1817.9541362781745,0.0
297,1.5987211554602278e-17,0.0187151593754157,0.017747318511628,-1.4743761767022062e-16,0.3775394826179393,1.469234323973421,0.0629797227423148,6.030266036702056,0.0,0.0,0.0,0.0,0.0,0.0,0.0,0.0,0.0,0.0,0.0,0.0,0.0,0.0,0.0,0.0,0.0,0.0,0.0,0.0,4233.243607311434,663.8112381197569,0.0,0.0,0.0,0.0,7250.3546743523475,3794.168582204908,0.0,1809.4000432554133,1023.8971057400554,0.0,5124.912422024497,7435.150908679818,1729.5497454852962,0.0
298,1.5987211554602278e-17,0.0389039079468443,0.0365666752225915,-1.4743761767022062e-16,0.2657020387475075,1.1377113843538198,0.0173881019725579,4.906750962438538,0.0,0.0,489.3305650491329,0.0,0.0,0.0,0.0,0.0,559.3727218992498,0.0,0.0,0.0,0.0,0.0,0.0,0.0,0.0,0.0,0.0,0.0,4456.223348701956,690.6905882630762,0.0,0.0,16.886966558754747,0.0,7407.99213000333,3630.986270844127,0.0,1470.230419186758,924.4638601219184,0.0,4204.725528873356,6357.005159854667,1334.2706498663742,0.0
299,1.5987211554602278e-17,0.0580300908039871,0.0543955394750832,-1.4743761767022062e-16,0.1773945223056474,0.8652905050963452,0.0021917526122114,3.814987676004751,0.0,0.0,1369.00694739161,3.719282706921339,0.0,0.0,0.0,0.0,1522.7698078338717,0.0,0.0,0.0,0.0,0.0,0.0,0.0,0.0,0.0,0.0,0.0,4484.955142700498,560.1191873962,0.0,4.225240027491121,5.844109190995917,0.0,7147.8384232744975,2907.028050001676,0.0,949.8266124825348,641.183804325179,0.0,3005.787341000236,4872.667074976933,785.9409013135433,0.0
300,1.5987211554602278e-17,0.0792814050897014,0.0742053886445185,-1.4743761767022062e-16,0.0951914733488369,0.5816370112872039,0.0011096299053394,2.725006481381381,0.0,0.0,2481.6846733797074,206.69912800578948,0.0,0.0,0.0,0.0,2782.283484090309,141.50650929074425,0.0,0.0,0.0,0.0,0.0,0.0,0.0,0.0,0.0,0.0,3804.8475854069543,149.76207835501486,0.0,3.5901868098804925,0.0,0.0,5725.541665737989,1681.527105018668,0.0,511.3841474784989,352.34088003527256,0.0,1709.2368491403515,3359.3449336497465,410.67915827532977,0.0
301,1.5987211554602278e-17,0.1011702588039872,0.0946095332890367,-1.4743761767022062e-16,0.0180650265754146,0.2922551029156147,0.0290090324331891,1.7618383987295705,0.0,0.0,1681.1464378018825,291.665118254284,0.0,0.0,0.0,0.0,1894.1893497693504,215.2028422613253,0.0,0.0,0.0,0.0,32.78018923486688,319.44740138794816,0.0,0.0,0.0,0.0,2697.3445122371622,0.0,0.0,0.0,0.0,0.0,3639.448013879133,177.91889603901896,0.0,54.108206654276295,37.28211381240399,0.0,180.85428918277236,1558.7955418721974,43.45430207449265,0.0
302,1.5987211554602278e-17,0.1207886242516785,0.1128505472992069,-1.4743761767022062e-16,-5.577760475716786e-16,0.0653166591440775,0.0860494326199408,1.092470912726018,5.671525855762776,7.713275163837378,1193.109744602526,206.9757580078646,0.0,0.0,0.0,0.0,1344.2716617867836,152.7444182506298,0.0,0.0,4.484868138249333,0.0,49.52824918073457,482.47826299311714,3.682129094049064,0.0,0.0,0.0,1500.9696108212313,0.0,0.0,0.0,0.0,0.0,2329.9965083670263,0.0,0.0,0.0,0.0,0.0,0.0,702.6432133437659,0.0,0.0
303,0.0002652428667881,0.1279329120000004,0.1192552920000002,-1.4743761767022062e-16,0.0003326795205224,2.9706138248876397e-05,0.2516896404929469,0.6272635492496018,145.9259885012489,198.44638962233267,716.9723405851872,124.33529252923728,0.0,0.0,0.0,0.0,808.0545744099376,91.96874698181983,0.0,0.0,115.59551355662732,0.0,30.559868182950456,291.1070511849802,95.08032123959237,0.0,0.0,0.0,336.80141251972924,0.0,0.0,0.0,0.0,0.0,1168.4166124466822,0.0,0.0,0.0,0.0,0.0,0.0,0.0,0.0,0.0
304,0.0037601647176079,0.1364932013156151,0.120567217451163,-1.4743761767022062e-16,0.0111493070990027,2.842170943040408e-17,0.6038972984504648,0.4211783883960175,275.4157967103423,361.0389182442463,831.3000557619863,98.35347647018985,0.0,2.370005527915976,4.437457158651188,0.0,1215.6648468541955,270.8036645754022,0.0,25.868358208955225,428.3945355688199,0.0,875.3549060040589,1577.3577882783595,534.4693141712921,0.0,0.0,0.0,140.52898485869616,0.0,0.0,0.0,0.0,0.0,587.3168598866655,0.0,0.0,0.0,0.0,0.0,0.0,0.0,0.0,0.0
305,0.0081545740863787,0.1819046607308972,0.1271812909036546,-1.4743761767022062e-16,0.0375913509966771,2.842170943040408e-17,1.1457285730863456,0.3128890435001314,187.3239722592244,217.16124836309044,1629.7979432575228,155.3404961527756,0.0,51.250954091126125,93.88252339474607,0.0,2611.2355717417004,665.1358928835319,0.0,556.3183677375788,732.9509560374601,0.0,2402.7022206432066,4105.8999796477065,1109.208231409661,0.0,0.0,0.0,0.0,0.0,0.0,0.0,0.0,0.0,82.50186552812859,0.0,0.0,0.0,0.0,0.0,0.0,0.0,0.0,0.0
306,0.0128208025913621,0.2323664701676764,0.1330601186265391,-1.4743761767022062e-16,0.0680494766019146,2.842170943040408e-17,2.114713374707023,0.2273345698229465,77.80068861321949,58.22500685442508,2451.014409057987,201.05561901993107,0.0,104.05215848412016,120.54158719944527,0.0,4140.619023181976,1114.4326623860754,0.0,1136.219268672807,1037.5722993876675,0.0,4248.400165758947,7118.565929516945,1788.328437886496,0.0,0.0,0.0,0.0,0.0,0.0,0.0,0.0,0.0,0.0,0.0,0.0,0.0,0.0,0.0,0.0,0.0,0.0,0.0
307,0.0173511215282392,0.2658564127973423,0.1242320532757475,-1.4743761767022062e-16,0.0997101681092948,0.0001366660221032,3.3541265030610585,0.155034406156353,0.0,5.360033878429336,2110.9644110373733,116.7021946055238,0.0,94.73828718486986,10.586847351623122,0.0,3876.224579778696,1111.3923278393809,0.0,1122.494183660611,912.5022620369708,0.0,4983.325170371349,8008.508538344383,1996.569124047948,0.0,0.0,0.0,0.0,0.0,0.0,0.0,0.0,0.0,0.0,0.0,0.0,0.0,0.0,0.0,0.0,0.0,0.0,0.0
308,0.0217908340863787,0.2945934613554818,0.1119623022059799,-1.4743761767022062e-16,0.1464713132914767,0.0064791797740864,4.88908249164849,0.0958439821615064,0.0,4.257776896782698,901.6649105529572,99.01420334146484,0.0,40.44612477590471,4.517312884149918,0.0,1655.6638227154745,474.71944623377135,0.0,479.4557572101143,389.7484017290005,0.0,2128.503761828963,3420.674329260901,852.7686766680699,0.0,0.0,0.0,0.0,0.0,0.0,0.0,0.0,0.0,0.0,0.0,0.0,0.0,0.0,0.0,0.0,0.0,0.0,0.0
309,0.026163019249044,0.3245034506710965,0.0991917449700995,-1.474376176702206e-16,0.2215578974171624,0.0166452154684385,6.720139916299854,0.0487510962198998,0.0,3.1528129712569566,1879.8395013802656,126.78301940849218,0.0,135.51952792839674,54.94879010926402,0.0,3355.2765030713363,983.4843057430246,0.0,1052.0338144655166,909.8300264402136,0.0,3745.1162746228015,6585.002477966191,1746.3024798538854,0.0,0.0,0.0,0.0,0.0,0.0,0.0,0.0,0.0,0.0,0.0,0.0,0.0,0.0,0.0,0.0,0.0,0.0,0.0
310,0.0272725199999999,0.3457501271994802,0.0856017013858152,-1.4743761767022062e-16,0.3011156881126674,0.0265122501129568,8.526222757679596,0.0221612458552687,0.0,2.123092678295153,1774.2497283046832,118.08562285399525,0.0,141.28995131418415,71.0343930111438,0.0,3123.201395955556,914.7735984494748,0.0,976.91917978673,888.1568544288671,0.0,3376.458001087792,5993.845249783089,1622.0001856828785,0.0,0.0,0.0,0.0,0.0,0.0,0.0,0.0,0.0,0.0,0.0,0.0,0.0,0.0,0.0,0.0,0.0,0.0,0.0
311,0.0272725199999999,0.3299480703388706,0.0673411317607975,-1.4743761767022062e-16,0.3619782489169429,0.0359806166910299,10.207965418286507,0.0257816332225949,0.0,3.279676035232028,1242.5054476098023,86.089092737358,0.0,98.14513085430548,49.93039508432884,0.0,2183.2627304520265,639.926629811928,0.0,680.518631248176,619.4702039746868,0.0,2345.619531375855,4164.3634145638325,1126.7176937833524,0.0,0.0,0.0,0.0,0.0,0.0,0.0,0.0,0.0,0.0,0.0,0.0,0.0,0.0,0.0,0.0,0.0,0.0,0.0
312,0.0272725199999999,0.3103913284565913,0.048414687013352,-1.474376176702206e-16,0.424695129501911,0.046146652385382,11.806015438928837,0.0333063919576291,0.6311433596381306,81.55063096352492,1463.6480862905353,249.3486327711076,0.0,81.10599543453516,66.1517103916051,0.0,2401.7311302645003,723.3630279736378,0.0,644.1304470814805,620.9216711206833,0.0,1940.4038278043367,3463.198919986592,929.12364914739,0.0,0.0,0.0,0.0,0.0,0.0,0.0,0.0,0.0,0.0,0.0,0.0,0.0,0.0,0.0,0.0,0.0,0.0,0.0
313,0.0270140253312487,0.3117633701262457,0.0438839640000002,-1.4743761767022062e-16,0.4862153089622815,0.0563807155427007,13.109910022220037,0.043276901262462,8.802772486015503,197.71759279531236,2703.645599929775,555.6700224136082,0.0,126.55558069569584,126.1945576474248,0.0,4326.790800806695,1320.226769365085,0.0,1082.5157964368177,1082.4944280982702,0.0,3089.6799989968754,5525.858637831459,1476.007330432344,0.0,0.0,0.0,0.0,0.0,0.0,0.0,0.0,0.0,0.0,0.0,0.0,0.0,0.0,0.0,0.0,0.0,0.0,0.0
314,0.0234670520930232,0.309628700317076,0.0424419881932228,-1.4743761767022062e-16,0.5189341961541521,0.0599995439999998,13.893571045162512,0.0521361458671132,66.46777146468025,295.4491492519663,3439.3243103642326,947.4561355134564,0.0,88.50727591102033,159.5416690584314,0.0,5287.535885555797,1750.75225653677,0.0,1065.0750204943893,1269.3825501445224,0.0,3214.424376621213,5682.476630540693,1499.8633313848666,0.0,0.0,0.0,0.0,0.0,0.0,0.0,0.0,0.0,0.0,0.0,0.0,0.0,0.0,0.0,0.0,0.0,0.0,0.0
315,0.0190726427242524,0.271637923455149,0.0358850681461796,-1.4743761767022062e-16,0.5110639823886333,0.0599995439999999,14.177730694449416,0.0573744300996713,176.20124269117815,253.65464177199763,3914.411202540524,1460.304367739044,0.0,0.0,126.22359281246436,0.0,5746.103125047866,2279.2410271287995,0.0,739.7614765734775,1183.258369845532,0.0,2730.8620979190664,4575.32542020939,1149.855884463176,0.0,0.0,0.0,0.0,0.0,0.0,0.0,0.0,0.0,0.0,0.0,0.0,0.0,0.0,0.0,0.0,0.0,0.0,0.0
316,0.0146329301661129,0.2291781269900337,0.0287411670299005,-1.4743761767022062e-16,0.4862800901004495,0.0599995439999999,13.950203414511616,0.061890455516908,175.40506406955348,154.8235294117647,3944.584185496038,1516.539633320384,0.0,0.0,72.47058823529412,0.0,5738.027691116994,2375.825654985078,0.0,674.0196312123376,1106.605914816856,0.0,2636.9549344849293,4330.864838327898,1070.1530371829272,0.0,0.0,0.0,0.0,0.0,0.0,0.0,0.0,0.0,0.0,0.0,0.0,0.0,0.0,0.0,0.0,0.0,0.0,0.0
317,0.010465036744186,0.1893179099003333,0.022034647614618,-1.4743761767022062e-16,0.474855494737217,0.0599995439999999,13.39241460885243,0.0647572025780767,147.8293646373861,0.0,3527.871049037361,1355.817617380978,0.0,0.0,0.0,0.0,5104.950532368051,2068.423424685994,0.0,530.0281864326977,870.1861948192923,0.0,2156.7151545102843,3572.245704359628,841.5046291003281,0.0,0.0,0.0,0.0,0.0,0.0,0.0,0.0,0.0,0.0,0.0,0.0,0.0,0.0,0.0,0.0,153.08408968812734,0.0,0.0
318,0.0060706273754152,0.1467783327536793,0.0149636434485051,-1.474376176702206e-16,0.475065702899145,0.0548033858500236,12.371885183342895,0.0661980352147639,143.23515249240134,0.0,3567.215971199597,1370.5831322651024,0.0,0.0,0.0,0.0,5143.372144471976,2052.637801108413,0.0,485.858224610899,797.6691249975631,0.0,2041.9864337162396,3404.8883102418345,771.3777409618082,0.0,0.0,0.0,0.0,0.0,0.0,0.0,0.0,0.0,0.0,0.0,0.0,0.0,0.0,0.0,0.0,260.1210420125298,0.0,0.0
319,0.0013018256114837,0.0933426913754156,0.0070178758803989,-1.474376176702206e-16,0.4618563488620317,0.0439523306312292,10.863591234059042,0.0600409462972518,84.13866546698839,0.0,3960.1382938958336,1433.3416837643106,0.0,0.0,0.0,0.0,5384.210033626635,1683.944287419998,0.0,1.76688468528512,2.900824334118663,0.0,635.7076340384264,1414.4408178290128,2.805212401553484,0.0,0.0,0.0,1279.273585816661,0.0,0.0,0.0,0.0,0.0,2093.2399331757315,0.0,0.0,0.0,0.0,0.0,101.3764675764076,1459.0439407964914,0.0,0.0
320,1.4210854715202038e-17,0.0491764919377079,0.0007189822076413,-1.4743761767022062e-16,0.4511888947350495,0.0338859619534884,9.439561334486708,0.0946613402317312,90.7897320821353,0.0,3476.217343159867,909.6649625624448,0.0,0.0,0.0,0.0,4729.238979180567,972.1838007773767,0.0,0.0,0.0,0.0,335.9085070665752,1072.7342848152914,0.0,0.0,0.0,0.0,1318.1386140074633,0.0,0.0,0.0,0.0,0.0,1888.1494831163495,271.45643796907035,0.0,0.0,0.0,0.0,195.1528520700693,1046.4842610294463,0.0,0.0
321,1.4210854715202038e-17,0.0436360320000003,1.971756091734272e-16,-1.474376176702206e-16,0.4945045513070714,0.0235205922259136,8.071720524807306,0.2383546262997187,176.25534801768592,0.0,2694.058714486412,82.65996400589708,0.0,0.0,0.0,0.0,3641.610830481212,50.24664230450664,0.0,0.0,0.0,0.0,17.345203148459714,664.6407538015925,0.0,0.0,211.16071428571428,105.19642857142856,2436.365582992069,309.44642857142856,0.0,0.0,0.0,0.0,3154.457937172129,753.8047122857259,0.0,95.98214285714286,0.0,0.0,578.055732887875,1705.563609596844,60.660714285714285,0.0
322,1.4210854715202038e-17,0.0428455100658414,1.971756091734272e-16,-1.4743761767022062e-16,0.5444191533914224,0.013553890564784,6.886209648628807,0.5011545513832714,162.21115597734635,0.0,1978.030919740236,1.4582185584583611,0.0,0.0,0.0,0.0,2850.2442644859384,0.0,0.0,0.0,0.0,0.0,0.0,399.62236193065456,0.0,0.0,377.14487579166416,274.2312254030284,3964.1500261650976,490.9234855645727,0.0,53.875193634017975,66.74710887605694,0.0,4945.538676377185,1393.789921859277,0.0,190.50143965908543,74.32492994596699,0.0,1112.8870993560088,2648.271593856614,135.78175514028482,0.0
323,1.4210854715202038e-17,0.0366230982857145,1.971756091734272e-16,-1.474376176702206e-16,0.5790025792440298,0.0039843183712154,5.861844371285394,0.9476604764906952,23.698957273397376,0.0,286.35148926475165,0.0,0.0,0.0,0.0,0.0,1601.687841013293,0.0,0.0,0.0,0.0,0.0,0.0,57.2179244667108,0.0,0.0,1133.942346883535,1281.3853446346748,4881.99881398001,1128.003302476172,0.0,453.3469347654709,571.2209214450904,0.0,6320.846387140489,2249.995657654783,0.0,690.8880877287048,645.2656727441008,0.0,1621.7775844634243,3447.182249911616,566.1329903107859,0.0
324,1.4210854715202038e-17,0.0290846475747512,1.9717560917342721e-16,-1.4743761767022062e-16,0.6040645708540167,2.842170943040408e-17,4.979073934923583,1.5258609365065503,0.0,0.0,0.0,0.0,0.0,0.0,0.0,0.0,306.65969928557803,0.0,0.0,0.0,0.0,0.0,0.0,0.0,0.0,0.0,1183.3245485497018,1216.9688386042603,4763.949594337621,1014.1426503128464,0.0,549.3696118223589,827.7441195047084,0.0,6540.492800030128,2267.675294551039,0.0,1091.8841199197466,1128.4801702827476,0.0,2160.9156846671467,4190.483584998548,906.2677058814828,0.0
325,1.4210854715202038e-17,0.021981107481728,1.971756091734272e-16,-1.4743761767022062e-16,0.6402243216512346,2.842170943040408e-17,4.3766564771782,2.2071365104771368,0.0,0.0,0.0,0.0,0.0,0.0,0.0,0.0,37.69719065282115,0.0,0.0,0.0,0.0,0.0,0.0,0.0,0.0,0.0,1042.2394848082467,957.1864362100644,4560.958430742172,851.0997681662111,0.0,539.3973048836849,871.5838393168947,0.0,6479.009828183537,2199.713069832773,0.0,1251.9099092184226,1288.2100903069108,0.0,2437.6110007409943,4594.888223148773,1092.5831591733302,0.0
326,1.4210854715202038e-17,0.0148775673887047,1.9717560917342721e-16,-1.4743761767022062e-16,0.6797026304662891,2.842170943040408e-17,3.820958351416063,3.0054490015814,0.0,0.0,0.0,0.0,0.0,0.0,0.0,0.0,0.0,0.0,0.0,0.0,0.0,0.0,0.0,0.0,0.0,0.0,963.2343915521816,812.1126453310997,4454.548651924376,765.0114887595745,0.0,525.672328039444,877.4342002950648,0.0,6430.1019362415855,2159.109128234185,0.0,1315.5139526189653,1338.8612633129862,0.0,2553.799685397797,4778.845415487175,1182.376180260842,0.0
327,1.4210854715202038e-17,0.0074116017807313,1.971756091734272e-16,-1.4743761767022062e-16,0.6675850740107327,2.842170943040408e-17,3.228160209170965,3.893505642397908,0.0,0.0,0.0,0.0,0.0,0.0,0.0,0.0,0.0,0.0,0.0,0.0,0.0,0.0,0.0,0.0,0.0,0.0,882.6866028551656,648.3856795094688,4330.63031449216,655.325551575559,0.0,521.6537764896549,887.5086929854372,0.0,6368.776624689567,2100.2532995786623,0.0,1385.5427925104634,1391.172141211753,0.0,2670.975340477703,4976.810731343101,1282.3089965759116,0.0
328,1.4210854715202038e-17,0.0009756396720156,1.971756091734272e-16,-1.4743761767022062e-16,0.6203641044484344,2.842170943040408e-17,2.762779549746515,4.785885093861598,0.0,0.0,0.0,0.0,0.0,0.0,0.0,0.0,0.0,0.0,0.0,0.0,0.0,0.0,0.0,0.0,0.0,0.0,1433.6704574069634,1539.036270487288,4656.092873381344,662.844659170769,0.0,787.9930072,880.1444483929979,0.0,6346.47182600712,1814.862139025564,0.0,1003.3399607836836,975.1330026232592,0.0,1797.5290284876626,3891.903801131288,1096.787417972151,0.0
329,1.4210854715202038e-17,3.943512183468544e-16,1.971756091734272e-16,-1.4743761767022062e-16,0.5647775642790686,0.0347024183105959,2.3964453422141805,5.627901966071678,0.0,0.0,0.0,0.0,0.0,0.0,0.0,0.0,0.0,0.0,0.0,0.0,0.0,0.0,0.0,0.0,0.0,0.0,2043.131671056059,3103.26632571878,5506.702997223071,1032.99904685132,0.0,832.6123276895939,677.4388501298465,0.0,6768.760142255835,1761.8181042731808,0.0,308.0962402579848,300.13451849862315,0.0,669.284239362224,2214.1417111888204,748.38475517286,0.0
330,1.4210854715202038e-17,3.943512183468544e-16,1.971756091734272e-16,-1.4743761767022062e-16,0.4956553677247633,0.1581468445315614,1.984449755555329,6.56068960504447,0.0,0.0,0.0,0.0,0.0,0.0,0.0,0.0,0.0,0.0,0.0,0.0,0.0,0.0,0.0,0.0,0.0,0.0,2002.783747171416,3061.1610880760945,5544.684405246885,1075.6431940464709,0.0,797.3020365780046,660.0531593502849,0.0,6831.226788641699,1812.217862853824,0.0,304.2301499902925,304.4692257684599,0.0,686.1075897392121,2240.829449460951,570.0525550067639,0.0
331,1.4210854715202038e-17,3.943512183468544e-16,1.971756091734272e-16,-1.474376176702206e-16,0.3856896584873065,0.2938463705780728,1.478760224824922,7.454877423139724,0.0,0.0,0.0,0.0,0.0,0.0,0.0,0.0,0.0,0.0,0.0,0.0,0.0,0.0,0.0,0.0,0.0,0.0,1791.3808297847245,2840.6770525190677,5743.732001521584,1299.083140399744,0.0,612.34106325882,569.0506280888156,0.0,7158.459180072885,2076.1164386542428,0.0,283.9833508727506,327.2373429777961,0.0,774.2333793650673,2380.6516496675054,96.4746859555922,0.0
332,1.4210854715202038e-17,3.9435121834685447e-16,1.9717560917342724e-16,-1.4743761767022062e-16,0.2710555550742859,0.4269611437475078,1.0263559952475725,8.125683616510566,0.0,0.0,0.0,0.0,0.0,0.0,0.0,0.0,0.0,0.0,0.0,0.0,0.0,0.0,0.0,0.0,0.0,0.0,1578.0696311627453,2618.2063883355395,5944.446045067648,1524.4146926068624,0.0,425.8109272674021,477.2160041049021,0.0,7488.607228460049,2342.4129610465684,0.0,263.5008657801471,350.19599897377446,0.0,863.0871311411763,2521.721290973529,142.39199794754896,0.0
333,1.4210854715202038e-17,3.943512183468544e-16,1.971756091734272e-16,-1.4743761767022062e-16,0.1776381299102991,0.5536140347242523,0.6727478832882045,8.458188545317276,0.0,0.0,0.0,0.0,0.0,0.0,0.0,0.0,0.0,0.0,0.0,0.0,0.0,0.0,0.0,0.0,0.0,0.0,1703.520903897631,2780.149319014505,6300.21316152358,1605.6553709127295,0.0,462.67187608158,508.5887097723112,0.0,7659.22617319568,2340.0836275974016,0.0,230.28819155880163,345.92673975905524,0.0,753.9837992822721,2408.1765021706938,121.39750307863387,0.0
334,1.4210854715202038e-17,3.943512183468544e-16,1.971756091734272e-16,-1.4743761767022062e-16,0.1111661595893956,0.6789745492624594,0.4052798610099661,8.549562558862021,0.0,0.0,0.0,0.0,0.0,0.0,0.0,0.0,0.0,0.0,0.0,0.0,0.0,0.0,0.0,0.0,0.0,0.0,1744.32365442626,2828.7553672755744,6502.008725290114,1665.6962100937908,0.0,475.9268373309319,529.6065540657669,0.0,7796.573641279704,2359.943330689888,0.0,206.38369489746745,341.1714700553571,0.0,726.0731626690681,2359.2122248421106,97.52664907450858,0.0
335,1.4210854715202038e-17,3.943512183468544e-16,1.971756091734272e-16,-1.4743761767022062e-16,0.0577109092425242,0.7719717187635436,0.1768534625546719,8.394572513068317,0.0,0.0,0.0,0.0,0.0,0.0,0.0,0.0,0.0,0.0,0.0,0.0,0.0,0.0,0.0,0.0,0.0,0.0,1737.351623836734,2761.5390714693845,6712.753814405628,1788.2563356835049,0.0,469.7560954647896,505.9615187844024,0.0,8015.833489288494,2496.004905019096,0.0,175.38449491460403,318.6292726972584,0.0,739.2365558929371,2312.122256557309,57.67282441551258,0.0
336,1.4210854715202038e-17,0.0023023966697176,0.0006145847765312,-1.474376176702206e-16,0.011414305631542,0.7780106160000018,0.0274528624389122,7.990950435934052,0.0,0.0,0.0,0.0,0.0,0.0,0.0,0.0,0.0,0.0,0.0,0.0,0.0,0.0,0.0,0.0,0.0,0.0,1646.753350374187,2425.036130695144,7077.671223707567,2013.699910362192,0.0,415.1164766721106,437.13110740811095,0.0,8406.671116598949,2858.2890481019144,0.0,171.0182234825932,281.09899289275774,0.0,829.9574627064313,2303.00838497488,36.57752720045176,0.0
337,1.4210854715202038e-17,0.0509197902007149,0.0107623904053158,-1.474376176702206e-16,0.000167893775214,0.7780106160000018,-1.989519660128285e-15,7.370873887118914,0.0,0.0,583.304011320508,0.0,0.0,0.0,0.0,0.0,711.7638646642002,0.0,0.0,0.0,0.0,0.0,0.0,0.0,0.0,0.0,1325.1776912056037,1662.996334480082,7478.089699344362,2335.7006598146404,0.0,268.259306954976,290.23022341868585,0.0,8960.144363013409,3490.9845449876816,0.0,167.0647923926825,234.03148600642845,0.0,1004.0818714854277,2343.8158863266704,29.026367703268782,0.0
338,1.4210854715202038e-17,0.1382669658007901,0.0242520328106314,-1.474376176702206e-16,-6.217248937900862e-16,0.7780068860633127,-1.989519660128285e-15,6.604768234380496,1.9087706470068424,0.0,1673.1617267067063,1.761942135698624,0.0,0.0,0.0,0.0,2035.3370553668776,0.0,0.0,0.0,0.0,0.0,0.0,0.0,0.0,0.0,785.8883330290553,940.9265805058265,4829.091321393446,1540.419032747862,0.0,149.09849865767058,71.54152740669663,0.0,5806.831661500737,2329.9948361732104,0.0,100.78177494912563,64.03904513183706,0.0,668.4321979880817,1502.2921616592791,7.77042807039027,0.0
339,1.4210854715202038e-17,0.2632167030330898,0.037359892883721,-1.4743761767022062e-16,0.009803873761594,0.7324265962788055,0.0033833574992671,5.852411252919872,28.188416593377287,0.0,2275.534372444236,37.749792465627486,0.0,0.0,0.0,0.0,2716.020718403575,11.06624183502543,0.0,0.0,0.0,0.0,0.0,7.608041261579983,0.0,0.0,412.3329950435629,579.7322863359271,2516.676244020503,765.9905217201792,0.0,95.5220092631366,0.0,0.0,3015.493949163288,1158.559692195391,0.0,25.304715179554076,0.0,0.0,332.3610273284301,784.2712072478212,0.0,0.0
340,1.4210854715202038e-17,0.4031478542550681,0.0499587098471762,-1.4743761767022062e-16,0.0410521028172751,0.6106466316677752,0.0250828042101817,5.085389330456308,224.04673685040143,5.970997181224019,2937.8529606827205,410.7720339108009,0.0,0.0,0.0,0.0,3435.971525513082,256.5862203755424,0.0,0.0,0.0,0.0,2.148295282133509,219.1746451054627,0.0,0.0,454.2295820155149,379.1562546360288,2504.8221539806013,208.1568036625448,0.0,68.91570374664484,0.0,0.0,2832.1531454530755,314.8111322374031,0.0,0.0,0.0,0.0,90.32185688148334,801.405261415934,0.0,0.0
341,1.4210854715202038e-17,0.558421114963455,0.0624302660332227,-1.4743761767022062e-16,0.0728565891428565,0.4881105650631224,0.0997996818322578,4.2714133949461015,688.4240827469665,289.97853244149405,3641.010797697229,1038.9210328528984,0.0,0.0,0.0,0.0,4504.481399135415,978.177064793438,0.0,0.0,34.72054109580765,0.0,164.35025176955656,1208.3962850032165,4.850737923014476,0.0,706.0841599773706,167.98756657039715,3604.4121637521134,0.0,0.0,40.53537049126502,0.0,0.0,3870.409898959695,0.0,0.0,0.0,0.0,0.0,0.0,1164.3887491220803,0.0,0.0
342,1.4210854715202038e-17,0.7121158564707712,0.0739542582568743,-1.4743761767022062e-16,0.1168196803768992,0.3680752345116262,0.233587765941611,3.478786257930305,932.4985513011272,730.8430710496767,4003.704216636027,1391.8282568370823,0.0,0.0,0.9376488890371524,0.0,5125.505990380694,1468.8923143350926,0.0,0.5966856566600061,249.65833763521167,0.0,620.6181137668996,1936.013094212069,127.9080980238636,0.0,657.7247764422758,37.35826804442134,3190.2421401055176,0.0,0.0,13.03195396898419,0.0,0.0,3226.0090527736825,0.0,0.0,0.0,0.0,0.0,0.0,659.8355199975886,0.0,0.0
343,1.4210854715202038e-17,0.8181469047874529,0.0766109880000001,-1.4743761767022062e-16,0.2362716678167343,0.2555421121196011,0.4597583924799486,2.818420444776641,1002.3223759250128,920.0650154673287,4247.8253476925165,1634.514959534917,0.0,0.0,106.05080352738186,0.0,5505.391161103515,1806.424322296724,0.0,67.48687497197027,464.4057123604088,0.0,912.8859651634772,2352.9686733136773,343.1594224166944,0.0,266.97829898640686,0.0,1494.6613205247313,0.0,0.0,0.0,0.0,0.0,1729.153789289939,0.0,0.0,0.0,0.0,0.0,0.0,67.4834445777449,0.0,0.0
344,0.0022243439931263,0.9010800815041818,0.0766109880000001,-1.4743761767022062e-16,0.4056163401528234,0.1292549414352163,0.8585533527721373,2.2228946887121155,1390.1731365894043,1333.890031623834,4084.835988564302,1264.625478031072,0.0,112.01013408180988,420.4982533420029,0.0,5421.231531360338,1446.4033579562436,0.0,296.1679115490059,697.2310797622447,0.0,992.854660602622,2835.6862974555243,598.7928023828812,0.0,0.0,0.0,23.53448275862069,0.0,0.0,0.0,0.0,0.0,672.7073735369241,0.0,0.0,0.0,0.0,0.0,0.0,0.0,0.0,0.0
345,0.0151798632159468,0.9525893236213884,0.0766109880000001,-1.474376176702206e-16,0.5901636998814006,0.0295623592161973,1.4631665406747305,1.7040759868320745,1287.8542029885862,1256.207112934639,3996.0633710912,1095.8361688935197,0.0,218.5625952656802,512.7480672862401,0.0,5375.342606706026,1428.5033482105068,0.0,468.2405950397071,837.6429660179202,0.0,1297.886650659627,3279.561043614641,758.3420894890137,0.0,0.0,0.0,0.0,0.0,0.0,0.0,0.0,0.0,350.3002488939145,0.0,0.0,0.0,0.0,0.0,0.0,0.0,0.0,0.0
346,0.0288433051295681,0.971020130176276,0.0754098155223765,-1.4743761767022062e-16,0.7387937041993334,0.0252890639999998,2.189458856508109,1.2969833125972263,774.9656230837985,886.0036117196909,3748.31770227256,823.2084878429226,0.0,370.7180563441907,563.8906825630818,0.0,5370.266380531137,1478.6761104046989,0.0,773.3847382073006,997.7309073759136,0.0,1983.4047361638216,4241.776900177217,1026.104515174693,0.0,0.0,0.0,0.0,0.0,0.0,0.0,0.0,0.0,215.05082911452996,0.0,0.0,0.0,0.0,0.0,0.0,0.0,0.0,0.0
347,0.0413243338006645,0.9272504978154646,0.0654668152624585,-1.4743761767022062e-16,0.8738073362147358,0.0252890639999998,2.9456808595333723,1.042104116960135,1196.280321341711,1190.7861453333717,3789.054395557687,766.857127302734,0.0,607.7452140183723,624.7000932970482,0.0,5412.456189328246,1395.813066984951,0.0,788.8696289753078,927.7368692807894,0.0,1736.8570659027357,3982.885627453655,944.647858522542,0.0,0.0,0.0,0.0,0.0,0.0,0.0,0.0,0.0,131.85446255589625,0.0,0.0,0.0,0.0,0.0,0.0,0.0,0.0,0.0
348,0.052622949229236,0.8583885347783586,0.0545223884053157,-1.4743761767022062e-16,0.9966948181082076,0.0252890639999998,3.811161223503557,0.8837640474617972,1821.0726895425205,1782.553407458111,3813.0793150336126,747.7345928404492,0.0,833.1860015957716,675.0188201928174,0.0,5291.948370032729,1114.9278994027566,0.0,604.7692825071456,751.1906758187159,0.0,1305.217563319993,3407.5243629859783,760.31722108442,0.0,0.0,0.0,0.0,0.0,0.0,0.0,0.0,0.0,185.80223207288864,0.0,0.0,0.0,0.0,0.0,0.0,0.0,0.0,0.0
349,0.0662863911428573,0.7382920344826924,0.0412872675548173,-1.4743761767022062e-16,1.0633673017442906,0.025847342775265,5.075151725537667,0.7106510441140321,1872.2670244923147,1758.9168309100903,3787.0928839317753,737.1933663150505,0.0,865.2613221922713,753.8350097467888,0.0,5350.589237777514,1160.0157809502502,0.0,609.433519889295,771.0692061621628,0.0,1365.233560609413,3524.058987270296,771.7244409285328,0.0,0.0,0.0,0.0,0.0,0.0,0.0,0.0,0.0,189.15809269399068,0.0,0.0,0.0,0.0,0.0,0.0,0.0,0.0,0.0
350,0.0782700699339459,0.5798320644447912,0.0269067997076412,-1.4743761767022062e-16,1.0870533236810618,0.0264249385116277,6.740817660485439,0.4739214284932604,2651.681915319089,2012.0724905854177,3989.7592237344807,881.711064309431,0.0,1107.937047375929,892.4146992753583,0.0,5458.143309960693,1192.923608782973,0.0,431.28618251368624,683.5365675722288,0.0,888.7077427488754,2840.777988396788,569.7286106853352,0.0,0.0,0.0,0.0,0.0,0.0,0.0,0.0,0.0,135.67212928754986,0.0,0.0,0.0,0.0,0.0,0.0,0.0,0.0,0.0
351,0.0790903080000002,0.4249101448106315,0.0144352435215948,-1.4743761767022062e-16,1.104368202657806,0.0266671046511626,8.296997604676042,0.3154918664248267,3397.469341824117,2258.771992446093,4091.203246834298,885.2531756968249,0.0,1354.0323797911146,1037.8366017241246,0.0,5381.881931658812,1028.7277537028044,0.0,277.5632772451664,594.4809937079766,0.0,427.6093381744571,2211.1355897425283,388.1905897089367,0.0,0.0,0.0,0.0,0.0,0.0,0.0,0.0,0.0,80.81221676132598,0.0,0.0,0.0,0.0,0.0,0.0,0.0,0.0,0.0
352,0.0790903080000002,0.2656462308649157,0.0026653816751709,-1.474376176702206e-16,1.1064533615981935,0.0269142129568105,9.871127068887857,0.21980745367041,3685.3009979824255,2366.2394143635065,4061.092053489235,836.8567595407482,0.0,1444.6912402129144,1166.0555602975155,0.0,5216.514100591693,860.8118820560807,0.0,232.6734509112229,588.9205493104944,0.0,269.8693739208738,1985.608840514818,307.99768323241835,0.0,0.0,0.0,0.0,0.0,0.0,0.0,0.0,0.0,42.389598938513615,0.0,0.0,0.0,0.0,0.0,0.0,0.0,0.0,0.0
353,0.0790903080000002,0.157316004630897,1.8829382497642608e-16,-1.4743761767022062e-16,1.028892945022923,0.027144023681063,11.180362469636211,0.1426075622850532,3386.270253377679,2154.5800997236065,3631.363863829453,733.5317663891241,0.0,1321.0593148372398,1088.3471734174282,0.0,4625.9315733931535,717.6019804180103,0.0,198.20387852490987,530.0179592071763,0.0,201.73964871237175,1723.6640797788857,253.95185604796333,0.0,0.0,0.0,0.0,0.0,0.0,0.0,0.0,0.0,28.79588585126073,0.0,0.0,0.0,0.0,0.0,0.0,0.0,0.0,0.0
354,0.0770338726803989,0.0794537219481728,1.882938249764261e-16,-1.4743761767022062e-16,0.9097248391980652,0.0273787765714284,12.165248712712533,0.0676378863714915,1961.6657434140309,1248.1475233692615,2103.625612111453,424.93744649888697,0.0,765.2911276351982,630.4723521962338,0.0,2679.810981672816,415.7004659723461,0.0,114.82397277333304,307.03954381227123,0.0,116.86696802108511,998.521784125475,147.12786769696982,0.0,0.0,0.0,0.0,0.0,0.0,0.0,0.0,0.0,25.11916670402077,0.0,0.0,0.0,0.0,0.0,0.0,0.0,0.0,0.0
355,0.064435961780731,0.0286008281619761,1.8829382497642608e-16,-1.474376176702206e-16,0.7578076781277483,0.0270304937330908,12.86022576866169,0.004912855027145,1537.0525604697102,989.1709747403984,1499.1313424005214,196.5884318888548,0.0,494.13203092511446,585.276794255198,0.0,1873.8215531182648,101.34709080097714,0.0,191.0981510902219,420.2894574168436,0.0,80.75667319082882,925.8848694848716,235.93716526558288,0.0,0.0,0.0,0.0,0.0,0.0,0.0,0.0,0.0,18.120739228885043,0.0,0.0,0.0,0.0,0.0,0.0,0.0,0.0,0.0
356,0.0510352783654486,0.0053865912411691,1.882938249764261e-16,-1.4743761767022062e-16,0.6174429337674407,0.0267766559999998,13.027993962680586,2.8457236567192093e-15,3958.547077912934,2484.9455027651834,3825.9313599532193,472.5462790288895,0.0,1212.0846779742149,1565.984154115064,0.0,4780.460566716742,195.66271180189904,0.0,543.2562169955409,1184.015592414759,0.0,217.50526459788023,2467.344770355848,661.7264811663371,0.0,0.0,0.0,0.0,0.0,0.0,0.0,0.0,0.0,13.646210561866647,0.0,0.0,0.0,0.0,0.0,0.0,0.0,0.0,0.0
357,0.0375032157009967,2.629008122312373e-16,1.882938249764261e-16,-1.4743761767022062e-16,0.4732862327353255,0.0267766559999998,12.815761063304535,2.8457236567192097e-15,3814.302636092573,2013.133428143218,3753.019454942536,506.32337951975086,0.0,1009.4208424884944,1682.5095841291782,0.0,4750.595262372445,215.4754808077036,0.0,635.9805450574647,1403.6544205710711,0.0,283.9631517118829,2596.598612454041,732.3520711626766,0.0,0.0,0.0,0.0,0.0,0.0,0.0,0.0,0.0,8.563964762221948,0.0,0.0,0.0,0.0,0.0,0.0,0.0,0.0,0.0
358,0.0239711530365448,2.629008122312373e-16,1.882938249764261e-16,-1.4743761767022062e-16,0.3478173124247057,0.0267766559999998,12.207649810792589,2.8457236567192093e-15,3593.690052933786,1591.5895329328905,3561.2297790809075,473.3754648940962,0.0,831.6448590599985,1749.088074375078,0.0,4571.912905634104,205.39808411528088,0.0,713.2492182874563,1570.65942711838,0.0,306.539012402635,2703.2933133160554,787.2073531509121,0.0,0.0,0.0,276.808772398295,0.0,0.0,0.0,0.0,0.0,156.24204773439155,0.0,0.0,0.0,0.0,0.0,0.0,217.1401411703032,0.0,0.0
359,0.0112273658671096,2.629008122312373e-16,1.882938249764261e-16,-1.4743761767022062e-16,0.3022909022367099,0.0251786031553155,11.410597173396168,9.098390531846034e-05,2867.510694842638,1241.6270949323878,2625.715794142623,29.87001117625373,0.0,709.8043826193594,1606.7695149335868,0.0,3504.6431095129697,12.96987327389965,0.0,767.5189084719403,1573.2245865501973,0.0,87.82271231302816,2818.4763505683877,804.9332138865624,0.0,0.0,0.0,1290.8040228996872,0.0,0.0,0.0,0.0,0.0,1612.5997126143538,0.0,0.0,0.0,0.0,0.0,0.0,964.0507858147786,0.0,0.0
360,0.0010842307913157,2.629008122312373e-16,1.882938249764261e-16,-1.4743761767022062e-16,0.2723561849302313,0.0211705922392025,10.45590369783202,0.0464395619281493,2534.201630160711,948.979946823888,2130.1774576278503,0.0,0.0,576.5114629657883,1345.9288667896344,0.0,2851.908302719341,0.0,0.0,609.0586800924488,1267.1337680496033,0.0,21.87563422042541,2364.423063932632,577.0024614221159,0.0,6.059631271667603,0.0,2962.7723803252834,23.31807476692344,0.0,0.0,0.0,0.0,3730.2039767267215,281.5721190614103,0.0,7.670419331224815,0.0,0.0,282.9780375607081,1818.122492810173,0.0,0.0
361,1.4210854715202038e-17,2.629008122312373e-16,1.882938249764261e-16,-1.4743761767022062e-16,0.2393696972093013,0.0167226427375414,9.422956684158754,0.1799187336478432,1659.4932095723348,202.0173747785037,1478.7302164472678,0.0,0.0,129.62206982374985,752.59886260144,0.0,2023.935032863108,0.0,0.0,131.69050710817135,678.3612695078015,0.0,0.0,1389.4799611598182,111.23596062889168,0.0,62.90478057787431,2.762702014706223,3882.3200611202847,246.5430179192512,0.0,0.9209006715687408,0.0,0.0,4881.643453383858,1015.1634695952891,0.0,89.73456325666234,9.340563954482944,0.0,906.625753542212,2378.0693448743978,7.147943307890703,0.0
362,1.4210854715202038e-17,2.629008122312373e-16,1.8829382497642608e-16,-1.4743761767022062e-16,0.2067983514418598,0.0120967752558139,8.419233776434849,0.3300721502540494,793.5625616991504,0.0,1003.060757204088,0.0,0.0,0.0,225.06035705958783,0.0,1445.6591232394428,0.0,0.0,0.0,202.87983751082925,0.0,0.0,556.5144118740839,0.0,0.0,158.5527245155323,106.10394699850464,4163.420329849056,487.6763624603231,0.0,45.04183393935313,29.30157476957025,0.0,5425.822048114577,1464.407781400419,0.0,298.0967605460575,156.64278068766797,0.0,1273.5098792931765,2922.386803975669,112.74466095345838,0.0
363,1.4210854715202038e-17,2.629008122312373e-16,1.8829382497642608e-16,-1.474376176702206e-16,0.1746979723470191,0.0076488257541527,7.463796432209101,0.6452505287268878,175.0070673570163,0.0,339.2778860409473,0.0,0.0,0.0,0.0,0.0,611.8873950322082,0.0,0.0,0.0,0.0,0.0,0.0,83.00111471965872,0.0,0.0,1000.3498339840947,1226.5612354152186,4746.74731282073,708.3876591131783,0.0,578.2093933693088,512.5528273810515,0.0,6183.707763868531,1633.6525397527662,0.0,699.5739099534518,632.3314671935582,0.0,1365.6217110671816,3428.574740039094,357.21622401775795,0.0
364,1.4210854715202038e-17,2.629008122312373e-16,1.8829382497642608e-16,-1.474376176702206e-16,0.1377090449791253,0.0029339992823919,6.645027834441158,1.1851118517194283,0.0,0.0,0.0,0.0,0.0,0.0,0.0,0.0,105.02032893285649,0.0,0.0,0.0,0.0,0.0,0.0,0.0,0.0,0.0,1728.7360281577082,2248.689675862928,4995.303120556152,664.34353071942,0.0,1034.2128939542197,917.2078723000184,0.0,6423.718369538775,1427.6626948564003,0.0,902.6685531001104,933.925321361482,0.0,1215.4558005614815,3506.47184414231,459.81021117881255,0.0
365,1.4210854715202038e-17,2.629008122312373e-16,1.882938249764261e-16,-1.4743761767022062e-16,0.1164990983757161,4.322523316209609e-05,6.054842021969179,1.8237496025345843,0.0,0.0,0.0,0.0,0.0,0.0,0.0,0.0,29.288133320931003,0.0,0.0,0.0,0.0,0.0,0.0,0.0,0.0,0.0,1926.8281721390904,2590.913177448672,4878.629502799841,496.3237840690959,0.0,1144.210041189854,990.2817907601031,0.0,6240.912547715893,1173.0743483250974,0.0,894.6556259539142,965.8365162725388,0.0,1074.586181373241,3388.4548806674125,428.30446715658087,0.0
366,1.4210854715202038e-17,2.629008122312373e-16,0.0060911712816105,-1.4743761767022062e-16,0.1134029436279057,-9.059419880941263e-17,5.7081385975086825,2.530999714215363,0.0,0.0,0.0,0.0,0.0,0.0,0.0,0.0,11.930453300318698,0.0,0.0,0.0,0.0,0.0,0.0,0.0,0.0,0.0,1899.1957535087915,2473.431465676098,4622.87534867734,320.7113332058219,0.0,1167.802316719811,1066.196126215493,0.0,6072.56391194324,1025.6113353935923,0.0,1071.4640449243357,1128.7244436195354,0.0,1274.6324518682352,3678.7687127960103,561.936187477112,0.0
367,1.4210854715202038e-17,2.629008122312373e-16,0.0193839991893689,-1.4743761767022062e-16,0.1134929201227269,-9.059419880941263e-17,5.321891987251897,3.375847199523942,0.0,0.0,0.0,0.0,0.0,0.0,0.0,0.0,0.0,0.0,0.0,0.0,0.0,0.0,0.0,0.0,0.0,0.0,1595.440068591971,1857.7116864445895,4280.201674960635,191.4818348007276,0.0,1071.5138942055348,1110.137167878862,0.0,5981.552165964869,1072.349326187761,0.0,1401.901492152631,1387.2793832957773,0.0,1856.1179214552676,4389.877586463141,867.8346554379104,0.0
368,1.4210854715202038e-17,2.629008122312373e-16,0.0329617768903656,-1.474376176702206e-16,0.1014898522126233,-9.059419880941263e-17,4.877823617172933,4.455541539129194,0.0,0.0,0.0,0.0,0.0,0.0,0.0,0.0,0.0,0.0,0.0,0.0,0.0,0.0,0.0,0.0,0.0,0.0,1027.6567586835858,938.7881507685174,3969.4014635318526,197.52851346936103,0.0,821.0726524711488,1045.4748172211378,0.0,6083.719690239939,1463.1463762323497,0.0,1743.2611180275048,1609.085602629141,0.0,2854.9385658453944,5436.754466352992,1424.034753920028,0.0
369,1.4210854715202038e-17,2.629008122312373e-16,0.0460173323720932,-1.4743761767022062e-16,0.0845629332757463,0.0005961268806106,4.446170672368683,5.601309554725384,0.0,0.0,0.0,0.0,0.0,0.0,0.0,0.0,0.0,0.0,0.0,0.0,0.0,0.0,0.0,0.0,0.0,0.0,934.4830468636354,671.4971692062694,4068.761868738475,376.2818135666788,0.0,737.7533140946625,1015.830482240842,0.0,6298.205987164665,1746.034540618822,0.0,1793.9353360279251,1595.2109394223337,0.0,2998.9954890931463,5525.615786613301,1676.6318671071144,0.0
370,1.4210854715202038e-17,2.629008122312373e-16,0.0589423322990036,-1.4743761767022062e-16,0.0678052835282381,0.0419884690526449,3.994378626742131,6.707793670445184,0.0,0.0,0.0,0.0,0.0,0.0,0.0,0.0,0.0,0.0,0.0,0.0,0.0,0.0,0.0,0.0,0.0,0.0,1120.719226371722,1030.9592553916775,4286.281637264633,428.0606839698406,0.0,825.2751004289015,1066.4797909602885,0.0,6374.319897765521,1736.425267695995,0.0,1666.968226733558,1523.3707444317015,0.0,2622.2331137286155,5108.895547881522,1513.7404100741355,0.0
371,1.4210854715202038e-17,2.629008122312373e-16,0.0722496581964122,-1.4743761767022062e-16,0.0502806590216601,0.1141730978471759,3.339191074001852,7.810691479841066,0.0,0.0,0.0,0.0,0.0,0.0,0.0,0.0,0.0,0.0,0.0,0.0,0.0,0.0,0.0,0.0,0.0,0.0,1313.1948531925848,1434.2595249633457,4454.036516759305,433.6805795925496,0.0,890.019254518029,1146.0767460352706,0.0,6406.60350098616,1676.2101769143028,0.0,1528.0458955481954,1488.846947120507,0.0,2250.719622707318,4728.589674488979,1349.5568967091697,0.0
372,1.4210854715202038e-17,2.629008122312373e-16,0.0785911671289906,-1.4743761767022062e-16,0.0321067821528229,0.1821773035614619,2.621169263892525,8.793804326671966,0.0,0.0,0.0,0.0,0.0,0.0,0.0,0.0,0.0,0.0,0.0,0.0,0.0,0.0,0.0,0.0,0.0,0.0,1269.2390931926027,1322.6208479608376,4532.144403825229,524.9186202910946,0.0,826.7583459277168,1137.7249619722484,0.0,6509.441424741182,1835.2376829523928,0.0,1493.2117076092927,1520.8166705871076,0.0,2243.625309539423,4710.6690693934615,1272.7271716261969,0.0
373,1.4210854715202038e-17,2.629008122312373e-16,0.0785944440000003,-1.4743761767022062e-16,0.0151845202570907,0.2515982635614621,1.93549352925555,9.479876645346032,0.0,0.0,0.0,0.0,0.0,0.0,0.0,0.0,0.0,0.0,0.0,0.0,0.0,0.0,0.0,0.0,0.0,0.0,1189.6342091570027,1098.1473836918042,4685.153116997738,696.130506567334,0.0,750.8011044187043,1114.529803648371,0.0,6760.826169626186,2115.34129488156,0.0,1458.640380755651,1517.2448246355814,0.0,2278.518559436631,4681.856501467282,1202.216485300887,0.0
374,1.4210854715202038e-17,2.629008122312373e-16,0.0785944440000003,-1.4743761767022062e-16,0.0072303890232547,0.3245611092757475,1.2641664413093536,9.804276112059414,0.0,0.0,0.0,0.0,0.0,0.0,0.0,0.0,0.0,0.0,0.0,0.0,0.0,0.0,0.0,0.0,0.0,0.0,1103.51986445917,845.8667262150661,4947.221076655573,947.0033426866,0.0,652.1168246497624,995.455658707466,0.0,7148.575696602871,2483.716194774587,0.0,1325.3468617558965,1392.7858782244182,0.0,2309.377490157841,4547.065138504072,1081.0440043573076,0.0
375,1.4210854715202038e-17,2.629008122312373e-16,0.0785497313839406,-1.474376176702206e-16,0.0047889589634541,0.3972432927955867,0.6862536450422975,9.698320407563225,0.0,0.0,0.0,0.0,0.0,0.0,0.0,0.0,0.0,0.0,0.0,0.0,0.0,0.0,0.0,0.0,0.0,0.0,1040.065012750511,658.1984718620747,5169.95758989345,1158.3509333246625,0.0,577.3307098412374,884.1149801312404,0.0,7464.964602470545,2772.209697898019,0.0,1197.4920296595708,1269.619669760605,0.0,2329.9055404439696,4418.234616169126,979.1562146550024,0.0
376,1.4210854715202038e-17,0.0006219732863247,0.0712215558538209,-1.4743761767022062e-16,0.0023944794817265,0.4264255911278048,0.1973072071934255,9.30299509356865,0.0,0.0,0.0,0.0,0.0,0.0,0.0,0.0,0.0,0.0,0.0,0.0,0.0,0.0,0.0,0.0,0.0,0.0,996.90775405198,557.5891197685833,5353.22437458613,1361.4053988674634,0.0,555.8507189430288,828.6985616518722,0.0,7691.558429180774,2985.986589052792,0.0,1099.880343047313,1199.9576287142586,0.0,2330.0944994092797,4349.036220457806,940.0992085733589,0.0
377,0.0006263270993287,0.0505091730156623,0.0663146573072075,-1.4743761767022062e-16,0.0003363194470123,0.4264430399999995,0.0032046080921976,8.648575831119132,0.0,0.0,283.04182766891296,0.0,0.0,0.0,0.0,0.0,236.4794573358778,0.0,0.0,0.0,0.0,0.0,0.0,0.0,0.0,0.0,953.71809743698,473.8077539836818,5563.541890143327,1511.1675918542692,0.0,534.0599271186339,757.9566136963145,0.0,7933.54552937542,3252.3054542804703,0.0,1020.9566136963144,1120.202408419837,0.0,2311.4314862283554,4292.400921917376,892.8186716799644,0.0
378,0.0027284875415282,0.1680569254429238,0.0777917538538207,0.0030079505613287,0.0010915268077066,0.4377648671354148,-1.2011724948024502e-14,7.769527008640272,0.0,0.0,1170.2048145427837,0.0,0.0,0.0,0.0,0.0,1007.7413180747876,0.0,0.0,0.0,0.0,0.0,0.0,0.0,0.0,0.0,901.1959023606804,376.61177567104,5767.304504446735,1619.1214988646389,0.0,507.2516445405475,682.5760653279373,0.0,8139.062661196013,3486.078768959466,0.0,945.5760653279372,1025.49474281575,0.0,2292.4716154902267,4203.406885645135,800.9306479628739,0.0
379,0.004736654372093,0.317614012274324,0.0913797885106788,0.0133907990830563,0.0051356950621726,0.4799315154874227,-1.2011724948024502e-14,6.967789595985765,0.0,0.0,1177.9138139863342,0.0,0.0,0.0,0.0,0.0,1050.0552569229512,0.0,0.0,0.0,0.0,0.0,0.0,0.0,0.0,0.0,809.4631108520374,213.0733869176873,5842.401328522583,1590.6978878987568,0.0,446.2700250639131,541.6482730224883,0.0,8158.599336654143,3471.7818633518737,0.0,766.4778408131821,804.6022267404153,0.0,2114.563819288766,3897.490221301672,596.421951912857,0.0
380,0.0068103049036545,0.5103893681168432,0.1202371356677741,0.0246589378205978,0.0336626164528291,0.502264353778725,9.884332224712448e-05,6.133705173999123,0.0,0.0,1782.5280071201337,0.0,0.0,0.0,0.0,0.0,1841.1687073220237,0.0,0.0,0.0,0.0,0.0,0.0,0.0,0.0,0.0,534.3532260858839,0.0,5811.191700497432,1266.3284879190246,0.0,263.0510364064025,129.75345471671858,0.0,7781.606646020536,2820.858059275533,0.0,328.42678714335995,203.86228005309897,0.0,1410.0929792520676,2909.4284309056598,97.31509103753892,0.0
381,0.0091895460398671,0.756553378126245,0.1566086394553867,0.0375876443720929,0.0850011386710953,0.4960868093222589,0.0018990273288916,5.119098498604417,0.0,0.0,2770.433117066348,0.0,0.0,0.0,0.0,0.0,3133.759370042065,0.0,0.0,0.0,0.0,0.0,0.0,0.0,0.0,0.0,504.7388633683138,0.0,5477.815494618901,840.2168707195797,0.0,200.7158001956764,0.0,0.0,6838.002141047807,1741.2863408521305,0.0,99.0426860935762,1.420999021618217,0.0,819.7017585742432,2270.2576963799875,0.0,0.0
382,0.0114159918737541,0.9894720444206252,0.2027921707089412,0.0496860670166112,0.1330587619534874,0.4899115727641193,0.0094957991812677,4.192718638568254,80.62810424634885,27.76977462166409,4090.56102255986,463.8509940253134,0.0,0.0,0.0,0.0,4860.983503564973,476.1079979962548,0.0,0.0,0.0,0.0,132.91188680989578,297.8068933564668,0.0,0.0,409.09306235474463,0.0,4845.965285329447,674.27591700367,0.0,162.50534690376216,0.0,0.0,6012.801122806792,1397.0608927845824,0.0,78.42297835654195,0.0,0.0,658.1062307445891,1831.2169688409024,0.0,0.0
383,0.0130140728321198,1.1626955069196292,0.2466465460991023,0.0607169817807309,0.1768760067109628,0.4854583393508163,0.0614375390847409,3.48363000133088,625.451664977022,295.4084601206258,4843.825227361375,2458.773798193552,0.0,0.0,0.0,0.0,5853.070770754119,2590.4273286168677,0.0,0.0,118.9895109363857,0.0,802.2607757482496,1715.2585351754958,0.0,0.0,0.9084553383618814,0.0,1632.237345405873,1.497335478643888,0.0,0.3608686225508652,0.0,0.0,1890.4202632774584,3.1023929341686345,0.0,0.1741505292907162,0.0,0.0,1.4614281530169384,4.066504627252306,0.0,0.0
384,0.0131403959999999,1.273097759903957,0.2732984912691028,0.0701214746058593,0.2198279043905161,0.4841574499435213,0.221286685808505,2.9009160105847127,687.2939947650536,342.704582111718,4766.719657504658,2444.2575840262566,0.0,0.0,0.0,0.0,5760.855267664749,2597.197586633505,0.0,0.0,157.65847726453606,0.0,829.8610310901622,1750.347487455811,0.0,0.0,0.0,0.0,1461.5288752789372,0.0,0.0,0.0,0.0,0.0,1712.8381857127888,0.0,0.0,0.0,0.0,0.0,0.0,0.0,0.0,0.0
385,0.0131403959999999,1.3630381153536013,0.2987976439531118,0.0714044160000001,0.2697196170159843,0.4526703695741234,0.5981830326799855,2.38750299260302,571.1850358906275,353.9068107417634,2986.293276322589,1438.8913525422436,0.0,52.27931893208056,118.17614403739672,0.0,3617.333463069949,1521.1342426166505,0.0,17.64343251371427,149.70825818989502,0.0,508.2990809460066,1170.9434302059597,157.5636782423027,0.0,0.0,0.0,177.6157373645018,0.0,0.0,0.0,0.0,0.0,652.4977454287177,0.0,0.0,0.0,0.0,0.0,0.0,0.0,0.0,0.0
386,0.0131403959999999,1.4234768183062112,0.3115269698471756,0.0714044160000001,0.3053686818474012,0.4598955153495119,1.474471191172464,1.999737030877414,1566.2538675764813,1325.8066511849763,3176.322190813976,900.364011735639,0.0,392.66993617528885,480.9832818075189,0.0,3903.586395298223,895.2035847565285,0.0,135.20245469216815,506.7539387353427,0.0,461.6068240869944,1752.5640113576658,395.2735025220923,0.0,0.0,0.0,0.0,0.0,0.0,0.0,0.0,0.0,397.9653507029777,0.0,0.0,0.0,0.0,0.0,0.0,0.0,0.0,0.0
387,0.0125877321405244,1.4068421406599294,0.311813562905492,0.0714044160000001,0.3178554135548168,0.5078108628837193,2.601459098503134,1.8528129933781048,2547.055589359066,2335.888747805667,3578.916148436919,444.8534198090764,0.0,726.0033775835474,850.3098912984095,0.0,4499.221001576015,380.2118383837497,0.0,337.39023528971273,913.0351495568108,0.0,551.501227303876,2582.5432292392697,573.9677884996314,0.0,0.0,0.0,0.0,0.0,0.0,0.0,0.0,0.0,300.51140184981324,0.0,0.0,0.0,0.0,0.0,0.0,0.0,0.0,0.0
388,0.0104773921594684,1.314577161583904,0.2882987891162795,0.0685667267911992,0.3309075654693155,0.542886115150503,3.978394423600315,1.7512060214841128,1816.8754695630157,1726.541257744878,2401.4804932455454,184.48535911526616,0.0,533.0807639559509,657.7849175005261,0.0,3068.184350157177,143.76497530354197,0.0,309.81176775575693,697.2521154075247,0.0,435.7651792437172,1940.886566782412,428.130488495521,0.0,0.0,0.0,0.0,0.0,0.0,0.0,0.0,0.0,212.25363244484183,0.0,0.0,0.0,0.0,0.0,0.0,0.0,0.0,0.0
389,0.0081636347242525,1.166089361102238,0.2573435005849682,0.0567088850631229,0.3527155417230605,0.5403591918335097,5.813836433867975,1.5268981039117429,606.1501903547372,581.552736470127,920.3371097749914,87.28005952038744,0.0,190.72181333043065,254.90525708797608,0.0,1216.6828037013947,103.37982831068224,0.0,162.9645652150269,314.2670514721701,0.0,271.8172908868654,897.5084353368126,209.92576463274247,0.0,0.0,0.0,0.0,0.0,0.0,0.0,0.0,0.0,134.04647732590823,0.0,0.0,0.0,0.0,0.0,0.0,0.0,0.0,0.0
390,0.006089984192691,0.9911266442876124,0.2156818950299,0.0454407463255813,0.3464923636373979,0.5154885179401981,7.7763470543179745,1.3368910190118637,801.9352355597706,811.937163443833,2126.603791372725,311.973260083789,0.0,350.6126005348709,607.556757227171,0.0,3082.835338825128,559.3426677009778,0.0,670.6243388002529,1039.0908765840052,0.0,1324.2932499638566,3095.3012852788524,789.7572559996194,0.0,0.0,0.0,0.0,0.0,0.0,0.0,0.0,0.0,84.16222822694688,0.0,0.0,0.0,0.0,0.0,0.0,0.0,0.0,0.0
391,0.0040163336611295,0.7768187302724232,0.1716268201842914,0.0341726075880398,0.3194163143521583,0.4812111302140023,9.78913556950691,1.1588525223967885,1346.8653153439254,1363.0469049945466,3541.0513930953216,519.762351451304,0.0,579.1677805135846,980.0837733315584,0.0,5126.655477935095,922.3794160769372,0.0,1135.8700525683776,1773.2803275420697,0.0,2213.2832842918874,5216.846149739364,1363.1538464318282,0.0,0.0,0.0,0.0,0.0,0.0,0.0,0.0,0.0,50.67349780873438,0.0,0.0,0.0,0.0,0.0,0.0,0.0,0.0,0.0
392,0.0017244041262458,0.5372476397940191,0.1170412015813957,0.0217183489833886,0.2871130810963443,0.4183868973887028,11.84436416432965,0.9949108183378474,1369.327454962062,1294.5381259013243,3518.922288766623,512.4787728740044,0.0,568.0357860062027,1001.2527902338628,0.0,5110.05037461484,900.2990602938903,0.0,1197.6646246750902,1861.6221704230995,0.0,2273.4041081458054,5379.44603337298,1461.464966814469,0.0,0.0,0.0,0.0,0.0,0.0,0.0,0.0,0.0,17.914310944586443,0.0,0.0,0.0,0.0,0.0,0.0,0.0,0.0,0.0
393,7.639765116280516e-05,0.3490372978320985,0.0696037251045237,0.0093827023654483,0.2551174976810619,0.3489925648926647,13.888720275541251,0.8203514678326098,1242.805060043339,949.426284865238,3416.8349566620664,511.1636160598324,0.0,524.8323229746021,1136.9304705274478,0.0,5082.127179924205,929.130245735353,0.0,1354.6968928713793,2016.0677600324564,0.0,2534.333152487016,5785.621256005611,1630.7395327583745,0.0,0.0,0.0,0.0,0.0,0.0,0.0,0.0,0.0,0.0,0.0,0.0,0.0,0.0,0.0,0.0,0.0,0.0,0.0
394,1.4210854715202038e-17,0.2332887221735886,0.040949141023256,0.0004820671196011,0.2215437673679388,0.2840566774011625,15.6179405611445,0.7221803725664468,1137.9866571839525,660.6971714151841,3323.717410692152,519.1898772450438,0.0,489.094101290488,1258.5957063804442,0.0,5051.910188602515,953.5909340340183,0.0,1490.6906299257082,2159.227316471806,0.0,2751.293652561603,6124.452612546379,1772.7661143244186,0.0,0.0,0.0,0.0,0.0,0.0,0.0,0.0,0.0,0.0,0.0,0.0,0.0,0.0,0.0,0.0,0.0,0.0,0.0
395,1.4210854715202038e-17,0.1489435702524922,0.0172936516868772,-1.5276668818842126e-16,0.1731814286561446,0.2494122130714279,16.779880228455127,0.7439081082333904,1205.6179450264422,606.6616740295137,3251.997488334255,505.4190751845488,0.0,505.7753740322951,1348.6754844579852,0.0,4967.298326252766,894.5285018622286,0.0,1475.2684419448944,2291.138203965715,0.0,2700.153556461558,6097.041004485493,1814.3665458758603,0.0,0.0,0.0,0.0,0.0,0.0,0.0,0.0,0.0,0.0,0.0,0.0,0.0,0.0,0.0,0.0,0.0,0.0,0.0
396,1.4210854715202038e-17,0.1003252801897676,0.00792229227907,-1.5276668818842126e-16,0.1467234394086361,0.2038524085913612,17.267469749181906,0.74684857832133,1273.865342063979,571.4604288808741,3318.1003200110954,602.8276621425085,0.0,484.9202794829166,1366.79393372184,0.0,5032.676560799948,997.023167050908,0.0,1419.9746936563452,2292.54343636118,0.0,2612.960526961283,5928.816868669416,1776.881648051788,0.0,0.0,0.0,0.0,0.0,0.0,0.0,0.0,0.0,0.0,0.0,0.0,0.0,0.0,0.0,0.0,0.0,0.0,0.0
