Time,r-biceps,l-biceps,r-lats,l-lats,r-quat,l-quat,r-hamstring,l-hamstring,L1,L2,L3,L4,L5,L6,L7,L8,L9,L10,L11,L12,L13,L14,L15,L16,L17,L18,R1,R2,R3,R4,R5,R6,R7,R8,R9,R10,R11,R12,R13,R14,R15,R16,R17,R18
0,0.1457840159999998,0.7200159279022873,0.0983374447199532,0.0080833326003518,0.0231605247379323,0.5868675286222412,0.317730212013289,0.9498237449982408,115.97889063997172,69.3300390804334,3628.41610418818,743.8333191355961,0.0,0.0,0.0,0.0,4392.106046505042,1189.4600251593165,0.0,8.078853071450721,53.20129433932809,0.0,791.5686805320563,1939.08062779648,129.48914969784266,0.0,1669.208301154987,682.1189903319897,4456.062701590388,0.1070979446613988,0.0,240.70547183284685,633.7106432111954,0.0,4757.162728650628,0.6025423495297838,0.0,284.9571538991028,705.8293416275532,0.0,98.591476502941,2039.767004393032,467.4379330740393,0.0
1,0.1463375911808862,0.7784809454750838,0.0986769360000001,5.684341886080815e-17,0.0030088152651445,0.5448359590641129,0.4771820512798473,0.8928119297566962,366.462281291629,376.88772049106666,4301.931816934012,1557.200050806168,0.0,20.222222812980316,5.650326962450382,0.0,5579.204678933252,2429.5769271697404,0.0,109.55779319615988,439.4477772122853,0.0,1794.2159634963357,3384.0534526708,525.8929752956932,0.0,21.945574539512336,8.62600617738058,3105.448213482045,0.0,0.0,2.883023455006878,7.957144735818982,0.0,3632.967895086156,0.0,0.0,3.1251974252274537,8.510685239180292,0.0,0.0,25.17456080912005,5.523872939793177,0.0
2,0.1637954012304082,0.8340103648293931,0.0986769360000001,5.684341886080815e-17,0.0315572972655853,0.4983650913722888,0.654568356401017,0.8654103526245831,572.1381290993123,639.7986597954791,4197.937934156929,1561.531984053073,0.0,117.19553276392736,40.46180539994859,0.0,5657.453480406131,2557.117185001869,0.0,357.27397605408305,740.5936099250381,0.0,2207.619166989104,4211.919706156673,854.0278579749001,0.0,0.0,0.0,2680.42863402686,0.0,0.0,0.0,0.0,0.0,3293.764189651412,0.0,0.0,0.0,0.0,0.0,0.0,0.0,0.0,0.0
3,0.1906641402600852,0.854806601829141,0.0986769360000001,5.684341886080815e-17,0.1452064297532036,0.4440235604053162,0.8426460490963465,0.8628576649919304,978.8737339664316,914.5171975297636,3876.891100737452,1253.2985263817998,0.0,303.3239434814094,196.33768180688716,0.0,5270.109727364485,1889.725114000497,0.0,451.5258095637222,858.1529092177659,0.0,1865.3881367225588,4066.793297102556,911.2240839121056,0.0,0.0,0.0,2411.147756833898,0.0,0.0,0.0,0.0,0.0,3024.927445267356,0.0,0.0,0.0,0.0,0.0,0.0,0.0,0.0,0.0
4,0.2472095002430683,0.814420182757112,0.0945829803783752,5.684341886080815e-17,0.3140493915261855,0.3818282344657218,1.1340414023115686,0.8466458165168221,845.3361106993956,721.4726896857807,2402.223832392958,701.6566847311509,0.0,295.40499714667493,190.12569734339493,0.0,3227.73692231238,961.7562521606732,0.0,453.95951702373617,556.1214618847325,0.0,967.3367190094932,2403.4697477879395,552.4098681283853,0.0,0.0,0.0,2165.1081694978534,0.0,0.0,0.0,0.0,0.0,2745.026993914504,0.0,0.0,0.0,0.0,0.0,0.0,0.0,0.0,0.0
5,0.3431851615954658,0.7281985237475073,0.0783218011694353,5.684341886080815e-17,0.5505470653320306,0.2925144083580238,1.530296482140317,0.8188414357521988,1127.0500646705657,1078.9156043591847,2345.684093038229,456.6103154945094,0.0,382.5456771663859,365.6056665695533,0.0,3082.127532823725,587.537875715047,0.0,497.190596386169,659.6693694032617,0.0,902.9280624172956,2431.336397783692,568.0957265665676,0.0,0.0,0.0,1977.549302758005,0.0,0.0,0.0,0.0,0.0,2519.7833014125617,0.0,0.0,0.0,0.0,0.0,0.0,0.0,0.0,0.0
6,0.497073167468694,0.6394084227370295,0.0633584745264504,5.684341886080815e-17,0.969134792572962,0.2397824948019425,1.9508636025057495,0.7882483131029896,1488.1524266070378,1467.2192430308155,3636.3896531417313,605.3378320952938,0.0,545.4307436250559,653.3195129294999,0.0,4909.755725974912,905.488875229888,0.0,753.9094820560672,1290.958694041379,0.0,1855.51128316112,4513.170721621735,1128.1430189101725,0.0,0.0,0.0,1813.0280248001104,0.0,0.0,0.0,0.0,0.0,2302.8924407677337,0.0,0.0,0.0,0.0,0.0,0.0,0.0,0.0,0.0
7,0.6716544118754152,0.5284650502450173,0.0523869607973421,5.684341886080815e-17,1.4771884486071427,0.2470332636603,2.374458389277408,0.7674432180722578,2112.543928270185,1889.1478067257544,3588.964356460554,567.6400367628956,0.0,842.626510497575,794.3254229181002,0.0,4786.604809700401,767.2034004207962,0.0,823.2845691722185,1280.2123423910923,0.0,1495.3928833911543,4108.100856495686,1076.4514120908366,0.0,0.0,0.0,1663.4261202127038,0.0,0.0,0.0,0.0,0.0,2101.5788447399536,0.0,0.0,0.0,0.0,0.0,0.0,0.0,0.0,0.0
8,0.8398727769878179,0.3849561638471759,0.042556992398671,5.684341886080815e-17,1.9816746084274628,0.3066335389833898,2.8192348177607958,0.7752514229634544,3309.663182163984,2982.475592562656,3742.04135405693,575.478585252946,0.0,1162.670601165809,922.9290953835684,0.0,4704.478585252946,526.2880447772612,0.0,576.7681054673857,1113.5524407437345,0.0,755.432804884481,3155.2422644087965,823.887741326639,0.0,0.0,0.0,1559.0948356537665,0.0,0.0,0.0,0.0,0.0,1953.1486903185107,0.0,0.0,0.0,0.0,0.0,0.0,0.0,0.0,0.0
9,0.990511641398006,0.2559231714312288,0.0330161407176079,5.684341886080815e-17,2.384604686051827,0.3768376950299012,3.229248495973421,0.7701951660305645,3429.5097834252547,3178.870967862671,3771.972765745848,536.392384995629,0.0,1149.390798580942,933.9635113928314,0.0,4696.268640907256,464.1345848560758,0.0,521.9122157139001,1119.1710734632445,0.0,752.1382864903449,3171.8286618669645,865.4664198197571,0.0,0.0,0.0,1508.6653093829457,0.0,0.0,0.0,0.0,0.0,1878.180618739156,0.0,0.0,0.0,0.0,0.0,0.0,0.0,0.0,0.0
10,1.1093333846917957,0.1603187522951699,0.0282345316422181,5.684341886080815e-17,2.729316954220037,0.4518912354127276,3.5303466276271425,0.7890037200252998,2914.011526350621,2907.693431085568,3739.061077478817,508.4817043205733,0.0,1016.6809596297657,883.3339365645721,0.0,4746.126870484204,513.7477398422751,0.0,621.2988899707058,1213.364534489799,0.0,1040.5216024180606,3639.504217106272,1003.6559403519624,0.0,0.0,0.0,1462.0196316388565,0.0,0.0,0.0,0.0,0.0,1839.4317062558264,0.0,0.0,0.0,0.0,0.0,0.0,0.0,0.0,0.0
11,1.2020834028227465,0.0957017519999999,0.0344092501301543,5.684341886080815e-17,3.0451804316365103,0.5519687294821192,3.728019431781908,0.8254883746093409,1048.7961703238302,1374.9202441587884,3520.291387193935,549.4640308483049,0.0,485.8201201074156,683.077179646149,0.0,4958.504500410726,1014.6566710410324,0.0,1100.2964347701584,1641.7325625896503,0.0,2432.980815073468,5525.514595563172,1567.2192551240094,0.0,0.0,0.0,1304.1755737307094,0.0,0.0,0.0,0.0,0.0,1689.8651607603542,0.0,0.0,0.0,0.0,0.0,0.0,0.0,0.0,0.0
12,1.2168245201275734,0.0388911315322258,0.0391970882232557,5.684341886080815e-17,3.1543114013315683,0.6153855100146186,3.827282939372765,0.8587388127627902,848.2981102801267,727.9332715978977,3550.5147493378377,780.2055279465997,0.0,385.34347061773457,706.8139614416039,0.0,5086.426498261088,1372.3430330384151,0.0,1212.8357670854175,1711.53061099977,0.0,2773.9187947287714,5818.068533756248,1656.0884607237708,0.0,0.0,0.0,1181.1700494426611,0.0,0.0,0.0,0.0,0.0,1551.9259989463335,0.0,0.0,0.0,0.0,0.0,0.0,0.0,0.0,0.0
13,1.1881386214261396,0.0044807365548981,0.0406608479999999,5.684341886080815e-17,3.0892957426629963,0.6286690640930236,3.8583701990869543,0.8413981755912813,696.6611304690326,94.62291521625532,3628.109841801637,1003.728572181454,0.0,318.7279823661533,782.3797349428345,0.0,5273.326339669587,1747.7342413526535,0.0,1355.4598975207823,1800.6732836833492,0.0,3043.398030763024,6083.545198747522,1720.6286926379253,0.0,0.0,0.0,1106.1254328058806,0.0,0.0,0.0,0.0,0.0,1480.7321547052811,0.0,0.0,0.0,0.0,0.0,0.0,0.0,0.0,0.0
14,1.1129369663010795,8.88045473233633e-07,0.040697656841362,5.684341886080815e-17,2.9337585834580544,0.6236095215348835,3.775938799077665,0.771187106246264,706.9931798824829,80.91933813185969,3642.8046245201695,1012.4206936780254,0.0,326.37521425146434,801.0299427183643,0.0,5292.682458633241,1765.6444314819182,0.0,1364.531930422251,1813.4409715691288,0.0,3027.294418765912,6074.44368266146,1719.4674374200283,0.0,0.0,0.0,1049.890026594582,0.0,0.0,0.0,0.0,0.0,1427.328234349829,0.0,0.0,0.0,0.0,0.0,0.0,0.0,0.0,0.0
15,1.012895653147991,0.0060740344747808,0.041962603321957,5.684341886080815e-17,2.727173468231649,0.6177928915451516,3.594272806125343,0.6767011528505003,788.3040942568691,192.04896954012372,3671.342921103874,1016.7246690547526,0.0,370.9154869644181,862.4105112625002,0.0,5299.605347143969,1751.8276905772896,0.0,1339.4592895133408,1868.803466376984,0.0,2877.6800473366616,5916.192324361929,1724.205090706135,0.0,0.0,0.0,985.9060984421196,0.0,0.0,0.0,0.0,0.0,1367.224461462437,0.0,0.0,0.0,0.0,0.0,0.0,0.0,0.0,0.0
16,0.8858843300762789,0.0201034962059798,0.0423377579099002,5.684341886080815e-17,2.41548363828598,0.5826013381004647,3.4122940960209984,0.5790653665116287,912.3439255250348,297.4786358381708,3722.9203504100033,1056.3819661064888,0.0,418.9995056563941,882.3663831400777,0.0,5335.182531718584,1729.91544063036,0.0,1171.4730251514145,1786.2684843413583,0.0,2523.406840356728,5384.828659435539,1584.0399986386526,0.0,0.0,0.0,1177.8987011525633,0.0,0.0,0.0,0.0,0.0,1555.4671632344266,0.0,0.0,0.0,0.0,0.0,0.0,85.69987232248596,0.0,0.0
17,0.7478473968320748,0.0341565455481726,0.0396888886644517,5.684341886080815e-17,2.06445624927907,0.5030330237940197,3.210530137502268,0.4731222856653568,1045.5788011096577,223.34266301084608,3439.0936735584924,786.1405387207534,0.0,398.1427615290561,692.3220943933394,0.0,4953.800395506947,1174.404665852103,0.0,661.5504774987179,1281.8917827399853,0.0,1623.702314061317,3972.8668062353418,1017.6133453786993,0.0,0.0,0.0,2069.1392795403303,0.0,0.0,0.0,0.0,0.0,2649.316302997992,0.0,0.0,0.0,0.0,0.0,0.0,522.7128930705426,0.0,0.0
18,0.6259530477987959,0.0583750900352988,0.0347071852225913,5.684341886080815e-17,1.706101650611089,0.3903839921623758,2.952158087713459,0.3219306928430224,1043.0288014497835,77.08626903830708,3070.1605888126032,409.8595089889724,0.0,327.4035145193039,521.6144250223272,0.0,4441.373722032142,589.020503217929,0.0,424.7435862822936,976.1588149578628,0.0,1129.7903617918244,3253.5438393416,693.8003959161512,0.0,0.0,0.0,3022.799558608489,0.0,0.0,0.0,0.0,0.0,3848.693271768381,67.35353015898825,0.0,0.0,0.0,0.0,114.64313234897404,1210.1113888174089,0.0,0.0
19,0.6546175849539214,0.1167627928903652,0.0296332280132889,5.684341886080815e-17,1.4922303661482008,0.2809534947308981,2.667639108872749,0.2176229307707636,924.0539153624228,0.0,2839.2425906799867,200.39926777865577,0.0,137.71959883234322,192.2562782499569,0.0,3906.611176484344,230.5077800101137,0.0,156.36454894093416,448.468941586957,0.0,557.0370162491755,2154.8120247016304,255.5357731292792,0.0,143.29600746718054,50.160279417078165,4219.832719495238,61.33998554739251,0.0,2.847826086956522,6.479025653378297,0.0,5357.124815126576,813.2927972812679,0.0,19.47499096712032,35.532349753101286,0.0,701.9997777433872,2211.53786398798,26.210737082982053,0.0
20,0.7262743558344636,0.1708696274950163,0.0253839679144878,5.684341886080815e-17,1.372144575364434,0.1906617672358818,2.4662508893742645,0.1444872166809182,748.0870552373295,0.0,1829.720316522456,0.0,0.0,0.0,0.0,0.0,2482.1519893264867,0.0,0.0,0.0,13.23180135569645,0.0,0.0,967.7978561602448,0.0,0.0,1059.357423393065,654.3008996683768,5549.335970481614,919.3206045864268,0.0,144.8980413442259,302.05713552237825,0.0,7132.838458631087,2279.0589399548103,0.0,334.4402015288089,545.9706611221,0.0,1583.551531945423,3115.58826335239,466.1984166145824,0.0
21,0.8265175204250111,0.2248898859397243,0.0194687073281917,5.684341886080815e-17,1.2770895980182686,0.0918020740514963,2.326392421186763,0.0831982335313238,488.12848937091496,0.0,1316.923605077326,0.0,0.0,0.0,0.0,0.0,1864.2475932684615,0.0,0.0,0.0,8.360369337781952,0.0,0.0,631.4881762796248,0.0,0.0,1028.660031954253,709.5773960761114,5162.034934307413,984.4349510792728,0.0,182.1469949262852,330.90629153199615,0.0,6653.113617379342,2269.6758454300752,0.0,356.02685906096247,568.1139638433247,0.0,1477.6460544905726,2891.693292586668,462.0598273450143,0.0
22,0.9643280938777994,0.2728534814421489,0.0143244029120324,5.684341886080815e-17,1.3037249232878758,0.0421757114456172,2.213102665825225,0.0554985557446186,0.0,0.0,254.8357632321713,0.0,0.0,0.0,0.0,0.0,579.3443916336618,0.0,0.0,0.0,0.0,0.0,0.0,0.0,0.0,0.0,807.1281167158955,665.2459387779049,3719.146489526936,906.4932312754792,0.0,203.5019042163529,314.5742190151623,0.0,4821.030199846826,1863.642963597571,0.0,325.0494942319606,501.20929788015246,0.0,1071.6617971956591,2073.5644304447505,376.2219577897868,0.0
23,1.1050382285916294,0.3494144224895678,0.012892464,6.935506445239568e-06,1.3670060297740796,0.1316366371805992,2.1190061902604698,0.0661622604039861,0.0,0.0,0.0,0.0,0.0,0.0,0.0,0.0,157.3827583869727,0.0,0.0,0.0,0.0,0.0,0.0,0.0,0.0,0.0,388.2373081696683,319.96006383993154,1788.9233839821743,436.0686697649744,0.0,97.88751902880334,151.33905953997456,0.0,2318.9527445950525,896.4301246269561,0.0,156.34517822048562,241.09398096336693,0.0,515.476234835603,997.3916187210466,180.97308230923463,0.0
24,1.26002402767885,0.4888940204208192,0.013829492593577,0.0104340414307863,1.4106738197674358,0.2917099514861585,2.010367116476196,0.1250800008504977,0.0,0.0,0.0,0.0,0.0,0.0,0.0,0.0,20.87543874397747,0.0,0.0,0.0,0.0,0.0,0.0,0.0,0.0,0.0,220.94882277144768,132.19103852199564,1240.6621604874615,253.1201600061276,0.0,59.32034394079903,158.76330242917757,0.0,1693.4964649401911,686.095891368136,0.0,220.04662343932003,327.9062105051794,0.0,639.4859461743968,1024.601514554307,290.54179063835124,0.0
25,1.3185345323814728,0.6937903880273594,0.0285420752597225,0.0314684190299003,1.4215849139214354,0.5282472688903667,1.896467383762365,0.1943699826812577,0.0,0.0,0.0,0.0,0.0,0.0,0.0,0.0,0.0,0.0,0.0,0.0,0.0,0.0,0.0,0.0,0.0,0.0,988.3921517834068,560.9923751465694,5760.929839594703,1165.3284608531833,0.0,267.4915004390239,737.2999753276972,0.0,7894.990753910865,3220.984197663748,0.0,1054.641631687737,1558.8326173145217,0.0,3063.0839229042563,4868.968463815156,1400.8251476727476,0.0
26,1.377148787866046,0.9184585258261784,0.0663476245809967,0.0517259460797343,1.3880198400302968,0.8360208392962137,1.7521981436140917,0.2779514088733547,0.0,0.0,0.0,0.0,0.0,0.0,0.0,0.0,0.0,0.0,0.0,0.0,0.0,0.0,0.0,0.0,0.0,0.0,922.6824900534376,421.3570656067527,6360.073997007857,1319.3753912416491,0.0,269.3075292249265,711.4254879162671,0.0,8748.695530428151,3671.7618179791393,0.0,1189.6536738243417,1660.402063359997,0.0,3454.1282351838936,5477.577069473366,1580.4186940017285,0.0
27,1.4270562309767438,1.1322490209368772,0.1092025142790698,0.0705794861063124,1.2969727840655367,1.1733410729302332,1.593515518105413,0.4076543097426752,0.0,0.0,0.0,0.0,0.0,0.0,0.0,0.0,0.0,0.0,0.0,0.0,0.0,0.0,0.0,0.0,0.0,0.0,1207.4221415810912,753.1110639724365,6523.550568770157,1355.4891670143618,0.0,427.2676037878524,859.751818768375,0.0,8719.047198094915,3510.4605507210213,0.0,1234.9544160687506,1718.4749687943106,0.0,3070.829960560004,5138.304886933434,1480.7069265658247,0.0
28,1.4505245338648942,1.3440577220797365,0.1538821670232558,0.0902353044318939,1.1708141922081945,1.508147475601328,1.429374976338879,0.575459873289036,0.0,0.0,0.0,0.0,0.0,0.0,0.0,0.0,0.0,0.0,0.0,0.0,0.0,0.0,0.0,0.0,0.0,0.0,1607.53620482377,1345.086794215799,6707.384790921779,1345.5720086668002,0.0,624.8746671557136,966.4449929988348,0.0,8620.98126597648,3180.886841410609,0.0,1130.541102291137,1663.8623750227086,0.0,2510.574733250168,4553.6367175275855,1282.2046432198536,0.0
29,1.3618088478897017,1.5028565060475785,0.2017800594968768,0.111068840942193,0.9836434399335524,1.7709018536380057,1.2937224210051912,0.7529628944451825,0.0,0.0,0.0,0.0,0.0,0.0,0.0,0.0,0.0,0.0,0.0,0.0,0.0,0.0,0.0,0.0,0.0,0.0,2182.783867959767,2155.9320488110397,6792.826819159035,1266.128887059863,0.0,879.4692912019204,1032.5719676095653,0.0,8364.329057771029,2713.8532991957723,0.0,863.2407602074302,1404.0417067561011,0.0,1728.745208375195,3565.269920507311,902.2370773683948,0.0
30,1.245065120650238,1.5866086237196988,0.2494192855090779,0.1207337467393961,0.8090525529123048,1.9645868480920952,1.2112646505082372,0.9104704563810556,0.0,0.0,0.0,0.0,0.0,0.0,0.0,0.0,0.0,0.0,0.0,0.0,0.0,0.0,0.0,0.0,0.0,0.0,1715.319423829763,1782.3484212285196,4757.585257626336,864.4776584182497,0.0,681.171100070966,737.5576795348845,0.0,5737.919169949088,1738.888643495629,0.0,497.17368607102566,876.7434457811243,0.0,977.0989626288184,2151.634713977728,492.77540532757246,0.0
31,1.100167419264906,1.5824824997677966,0.2900563794544495,0.1207428840000003,0.5991785519643267,2.100568154901905,1.165380254876733,1.0791270718887922,0.0,0.0,0.0,0.0,0.0,0.0,0.0,0.0,0.0,0.0,0.0,0.0,0.0,0.0,0.0,0.0,0.0,0.0,1496.8866092014084,1396.537614559605,4362.181629962372,824.0341943009438,0.0,568.8208863678792,781.2807138687501,0.0,5344.2454320079,1691.94127222425,0.0,579.0180133323489,1001.5809478832336,0.0,1090.580910121833,2256.3335768338707,579.1691231278795,0.0
32,0.9273982261494992,1.5402894420872129,0.3093614087541522,0.1207428840000003,0.4161079238795679,2.148709627921094,1.1779961472408709,1.2263203557682734,0.0,0.0,0.0,0.0,0.0,0.0,0.0,0.0,0.0,0.0,0.0,0.0,0.0,0.0,0.0,0.0,0.0,0.0,2002.084783788128,1580.085932406526,6215.659648944237,1228.2533779868152,0.0,714.3386931707115,1294.3621905860905,0.0,7758.44307988379,2579.1054813534893,0.0,1037.423058639317,1768.1020437675345,0.0,1889.756632676744,3703.9550983826616,1044.8604406694988,0.0
33,0.7623202869296279,1.4563910420143775,0.3173916736345509,0.1206263836660831,0.3077431576135291,2.03816467062712,1.2205692210237464,1.283374238034674,0.0,0.0,0.0,0.0,0.0,0.0,0.0,0.0,0.0,0.0,0.0,0.0,0.0,0.0,0.0,0.0,0.0,0.0,2036.242956169968,1371.8796360349202,6742.398344386435,1389.876412769936,0.0,712.1452095292422,1558.9004535315155,0.0,8623.025840589338,3067.2134899143543,0.0,1292.8331681715797,2265.570791931484,0.0,2483.4057599308217,4586.7648617757095,1432.685540179936,0.0
34,0.6065140421688956,1.3279605325992423,0.3243677518154981,0.1101337007441863,0.2449958169697882,1.9109673723643656,1.2501427557506062,1.2779150475098529,0.0,0.0,0.0,0.0,0.0,0.0,0.0,0.0,0.0,0.0,0.0,0.0,0.0,0.0,0.0,0.0,0.0,0.0,1838.8653786781808,1060.8797504603638,6732.636920921254,1438.059174500898,0.0,626.6494431144608,1599.6450570812658,0.0,8686.724889935384,3359.848257286104,0.0,1415.64193927018,2499.6786058288835,0.0,2911.4595524540778,5027.428908351871,1611.1152311907103,0.0
35,0.5469802400321371,1.2482222878144351,0.3164136938421021,0.0904778824186049,0.206685505315612,1.7202075383079432,1.249223331048753,1.2662639347824811,0.0,0.0,0.0,0.0,0.0,0.0,0.0,0.0,0.0,0.0,0.0,0.0,0.0,0.0,0.0,0.0,0.0,0.0,1617.3202681702005,786.1247679186625,6279.118591925465,1366.18890495425,0.0,571.3946146540776,1536.3170161131843,0.0,8220.69458999741,3338.428738858986,0.0,1444.0285838340685,2450.056269991367,0.0,3030.4357862434367,5057.04998136157,1637.7990890567094,0.0
36,0.4723339352890366,1.3144672738747023,0.2818226687783579,0.0710226336677742,0.1669760242923559,1.4885508782847665,1.2367169596915102,1.2530922387536771,0.0,0.0,0.0,0.0,0.0,0.0,0.0,0.0,0.0,0.0,0.0,0.0,0.0,0.0,0.0,0.0,0.0,0.0,1250.773315143483,600.3859164459533,4862.113324815976,1058.2284496119578,0.0,445.3670546247039,1192.7262727899802,0.0,6375.919564331064,2594.153637346989,0.0,1126.5685643029,1898.9610766097896,0.0,2361.9175929286885,3936.8671258643367,1275.0574385399254,0.0
37,0.3923787482192683,1.487371867684386,0.2350481847906982,0.0513668153421927,0.126857167176077,1.216723818916946,1.219310072094454,1.1853155442835772,0.0,0.0,0.0,0.0,0.0,0.0,0.0,0.0,0.0,0.0,0.0,0.0,0.0,0.0,0.0,0.0,0.0,0.0,833.5338107240759,400.1054362038313,3239.985297303983,705.1928774541805,0.0,296.77080265222304,794.7994843035837,0.0,4248.762990761489,1728.6928544920909,0.0,750.7454014101878,1265.4115444422132,0.0,1573.921188218839,2623.4089540054188,849.6805275895497,0.0
38,0.3075283456146171,1.7083031668206008,0.1854057735747517,0.0305075795681063,0.0842820535016589,0.942818882681066,1.1769881855980144,1.0888479992317268,0.0,0.0,207.8118881567385,0.0,0.0,0.0,0.0,0.0,236.40651255692072,0.0,0.0,0.0,0.0,0.0,0.0,0.0,0.0,0.0,554.0472570105019,233.826072654979,2231.496360181535,461.9077675618683,0.0,170.04733897644056,455.4959442935567,0.0,2889.783738499162,1103.3033607669795,0.0,404.0771660819364,718.5760750735875,0.0,903.7489677163776,1576.6269268740352,464.7147289687284,0.0
39,0.2231558769489804,2.019986991606553,0.1379126309736596,0.0146074544765068,0.0417069398272402,0.7619823034748493,1.0965495340700129,0.9960544251670616,0.0,0.0,993.3319427902716,0.0,0.0,0.0,0.0,0.0,1134.419407399541,0.0,0.0,0.0,0.0,0.0,0.0,0.0,0.0,0.0,935.1448965024564,281.9056653769697,4066.126556208088,753.9587722519561,0.0,185.43929458636163,508.0750853961705,0.0,5122.102484809701,1689.5089227539645,0.0,345.8068985717342,771.3884893916836,0.0,1022.3430862149742,2076.473570806876,430.8079705711688,0.0
40,0.1675112009773486,2.499128838271825,0.0919508538438535,0.0229847790498339,0.0050438923654461,0.6112895999909402,0.9974285452470628,0.9036527216846876,16.2314645789579,0.0,1830.8131455544683,101.67904242853808,0.0,0.0,0.0,0.0,2189.247599512189,141.79292625583048,0.0,1.0010594894511482,19.02013029957181,0.0,94.17109625765444,510.437292901004,12.084218122660287,0.0,1356.5304293159886,310.39479810868266,6393.493563450372,988.7924241562548,0.0,121.3654529017961,466.4837476328984,0.0,7737.153239763517,2143.0421853222538,0.0,190.96519744986344,639.5842895977892,0.0,1027.801771923549,2529.847446388505,300.8390924004759,0.0
41,0.1340179782528824,2.9652095459214447,0.0601184467023646,0.0413346299800664,-2.405187160547943e-15,0.5303595765284347,0.9058611585647908,0.7910838728348645,155.313184096007,0.0,3300.521383202201,972.9256722315286,0.0,0.0,0.0,0.0,4091.036433513671,1356.7623665953097,0.0,9.577694496501309,181.99564066005823,0.0,901.0856715478188,1717.9885147206514,115.62721931531108,0.0,1256.8120623807456,211.5825316630172,5852.764788246795,329.3779096701871,0.0,36.63090700069537,310.83569748026565,0.0,6853.959329663871,1478.3645171024666,0.0,56.14737384532814,419.8960133189044,0.0,693.4505457846082,1946.5312758018783,92.77828084602352,0.0
42,0.1292172379918508,3.319363830272683,0.0491880427616123,0.0614228878405315,-2.405187160547943e-15,0.490430787721933,0.8492285351655556,0.6542959360258258,172.32875231002313,0.0,3057.291745270509,1079.5617527828758,0.0,0.0,0.0,0.0,3816.484671675683,1505.4844301228563,0.0,10.629106843026968,201.9380553376963,0.0,999.8542679126788,1699.0713961189333,128.27818312969245,0.0,1007.3048500040576,61.427704669804605,4651.940786086604,0.0,0.0,0.0,90.23851862987166,0.0,5107.265587327459,429.1429856318092,0.0,0.0,121.9038901521916,0.0,201.2822712302325,980.1518246598424,0.0,0.0
43,0.1410763749470557,3.5726383253981786,0.0486646860199336,0.080738520398671,0.0023189975333262,0.4871070424610164,0.8445509065455646,0.5742807538502865,99.1994958936621,309.15514722722736,1592.4165184211977,562.8824360124667,0.0,168.37455567271004,128.62049502835467,0.0,1988.1816912430395,781.6040329601776,0.0,5.421055587381616,107.18273045255714,0.0,517.416694237582,883.2036142891491,67.46491308166719,0.0,291.11848452460066,0.0,3339.08633497972,0.0,0.0,0.0,0.0,0.0,3727.5165470683287,0.0,0.0,0.0,0.0,0.0,0.0,131.43055182443322,0.0,0.0
44,0.1868445845647838,3.7913357067087454,0.0495154250033223,0.1002473092823919,0.0440959737740839,0.4618775473355487,1.001100940062022,0.5630847503565898,602.5933564762058,1010.6389105875328,1983.342954055908,730.7206878795695,0.0,489.6761605220042,371.9434289446114,0.0,2493.75625070072,844.8566018584854,0.0,1.8968472736807376,236.56466363135183,0.0,472.5208272399433,1009.257942871928,117.15357950465898,0.0,0.0,0.0,2576.180441899703,0.0,0.0,0.0,0.0,0.0,3162.242042812846,0.0,0.0,0.0,0.0,0.0,0.0,0.0,0.0,0.0
45,0.2729866155184169,3.8419084495250586,0.0528469940930232,0.1153645717275746,0.1830545559529082,0.438029196383072,1.3109449803189432,0.5591653944362281,1636.8402916272153,1139.0489777304872,3520.619558223661,1341.7490211709191,0.0,411.1321863086363,292.62451903973613,0.0,4420.746163210104,1335.1798556152892,0.0,0.0,479.411288875065,0.0,578.0284320407414,1589.7924666474596,198.87492677484917,0.0,0.0,0.0,2340.759199692926,0.0,0.0,0.0,0.0,0.0,2902.233400150417,0.0,0.0,0.0,0.0,0.0,0.0,0.0,0.0,0.0
46,0.3868948129864556,3.5785608478780957,0.0585830748392537,0.1162801079999998,0.3748052450562204,0.4246533897768991,1.6850301422683442,0.5454757919624338,2606.243214991494,1765.0670185074528,4545.729542001067,1784.2193908808515,0.0,465.51015112021474,130.93215251170147,0.0,5377.156826197873,1485.008804675531,0.0,0.0,230.79997940531692,0.0,350.3195164778214,1190.2202198616974,71.65095811182498,0.0,0.0,0.0,1924.6457985908908,0.0,0.0,0.0,0.0,0.0,2396.6283466822742,0.0,0.0,0.0,0.0,0.0,0.0,0.0,0.0,0.0
47,0.602074988183123,3.180065120467772,0.0709249105698339,0.1162828756130231,0.7159201897825889,0.398967479342194,2.143464163133032,0.5361686331404651,2962.101422325185,2525.33468930074,4147.275536880226,1493.0407990094263,0.0,768.1944635458273,122.5402242637269,0.0,4549.597255738404,1019.5547363796134,0.0,0.0,219.40576119720936,0.0,389.7225504074133,516.6012484422431,138.0492846035043,0.0,0.0,0.0,1889.2427392022155,0.0,0.0,0.0,0.0,0.0,2353.265797411728,0.0,0.0,0.0,0.0,0.0,0.0,0.0,0.0,0.0
48,0.8480803211038195,2.774705580757471,0.0884861894750829,0.1292618227151162,1.122210246019932,0.3769707216677749,2.67175137158971,0.5400364286262457,1801.1471237106591,1439.5872201246004,2446.354864468601,847.8951774082597,0.0,461.5395797545297,166.85975594826314,0.0,2710.064017574679,581.333275926732,0.0,0.0,543.8403425255148,0.0,438.33284287529824,432.4718272205424,219.8761281490233,0.0,0.0,0.0,1806.3107622560265,0.0,0.0,0.0,0.0,0.0,2235.004674953945,0.0,0.0,0.0,0.0,0.0,0.0,0.0,0.0,0.0
49,1.0893363509808316,2.2977085269376403,0.1043609814395603,0.1689316964482493,1.5380619547551744,0.3565995247973433,3.270430429212887,0.6546914061497573,2477.641826691737,1550.9097063935149,3080.444801291922,930.7540844159222,0.0,601.8588401929596,624.0331683834896,0.0,3540.7442960625526,659.6999202146872,0.0,0.0,881.3086401975665,0.0,488.7946034710712,1126.7949979770542,304.9492200900402,0.0,0.0,0.0,1635.9874681290446,0.0,0.0,0.0,0.0,0.0,2014.88414777543,0.0,0.0,0.0,0.0,0.0,0.0,0.0,0.0,0.0
50,1.3076480426552994,1.6666603702483525,0.1148240184236193,0.200412249129568,1.934558659179089,0.3585582699667788,3.81498177878243,0.7765030532973112,3177.2546992008315,1665.9962823364938,3736.1949362478913,1016.426100395467,0.0,747.0166650670589,1096.8229658081543,0.0,4399.765850855079,740.8055051590308,0.0,0.0,1230.2699144399464,0.0,541.0448863845915,1844.7864029210264,392.9494905452642,0.0,0.0,0.0,1551.7101870390034,0.0,0.0,0.0,0.0,0.0,1911.5898849268665,0.0,0.0,0.0,0.0,0.0,0.0,0.0,0.0,0.0
51,1.4800033523861642,1.1564874627906985,0.1201457055946844,0.2304375556544849,2.222527196836426,0.3586805482009004,4.232368436510463,0.9163784918248974,3600.20332256069,1658.231093011509,4161.942767084517,1061.968604375251,0.0,841.289266641911,1477.323871900626,0.0,5002.842990326788,818.7414546289153,0.0,439.6265142156022,1563.7678962260914,0.0,685.8522875431048,2508.51488108925,525.9576009609456,0.0,0.0,0.0,1428.9072925450928,0.0,0.0,0.0,0.0,0.0,1763.8748405048884,0.0,0.0,0.0,0.0,0.0,0.0,0.0,0.0,0.0
52,1.6113805376806405,0.8542710431888026,0.1236193648810349,0.2587306329568106,2.438012622035199,0.3516362055124069,4.567634586858849,1.072944140445041,3021.745010222492,944.7276451903292,3858.148692751932,939.8708346075222,0.0,774.4941220291986,1845.4717128001805,0.0,4972.464238567097,978.738806998938,0.0,1004.6976164727372,2255.9299116054203,0.0,1516.1334934321292,3764.447246666801,1041.5349640757531,0.0,0.0,0.0,1356.9569109979516,0.0,0.0,0.0,0.0,0.0,1692.8378373060305,0.0,0.0,0.0,0.0,0.0,0.0,0.0,0.0,0.0
53,1.6356165150681408,0.6409349824625397,0.1225922795416639,0.2864453591532985,2.510909670200553,0.3540468960000015,4.79693595576325,1.2253204731241434,2836.865763479024,781.3329440178048,3763.100598305467,899.8054372178129,0.0,754.5892650338545,1896.3614103859904,0.0,4956.685231460944,981.1668476038031,0.0,1110.5846331554783,2378.8240998602973,0.0,1704.0777909483404,4052.463299850206,1191.321748717634,0.0,0.0,0.0,1316.276798427405,0.0,0.0,0.0,0.0,0.0,1657.5173338109262,0.0,0.0,0.0,0.0,0.0,0.0,0.0,0.0,0.0
54,1.594402861566595,0.4456515922923593,0.1153733141199034,0.3024994856710963,2.480982720651467,0.3540468960000015,4.814127637037462,1.3342212161271527,2628.186974336697,634.3697455200432,3659.828121573076,857.4445745561142,0.0,731.9076193482216,1914.4445433035096,0.0,4940.076232001092,957.032033962482,0.0,1194.789953458859,2458.090196895437,0.0,1868.549072208276,4311.698959497714,1352.8155942648527,0.0,0.0,0.0,1229.3724395683707,0.0,0.0,0.0,0.0,0.0,1568.770411217859,0.0,0.0,0.0,0.0,0.0,0.0,0.0,0.0,0.0
55,1.5247007690681047,0.2957291556839707,0.1061779343583887,0.2931834253268273,2.3820149269435253,0.3536604031656992,4.676174897430657,1.337376688568525,2593.4558825810773,610.9315061726379,3646.506369615272,859.4494805104674,0.0,724.7234558199157,1913.4155659067897,0.0,4941.301787697182,958.381586392436,0.0,1202.9109305088343,2463.273675454783,0.0,1885.6462909059733,4343.361910292629,1375.7919496472778,0.0,0.0,0.0,1199.0026337813122,0.0,0.0,0.0,0.0,0.0,1534.9286374473368,0.0,0.0,0.0,0.0,0.0,0.0,0.0,0.0,0.0
56,1.4303189502011968,0.2415551065905653,0.1002428119112293,0.29008044,2.242743466812759,0.3256456346814632,4.472852780174363,1.3011786011242557,2596.4434752053467,614.0342667665502,3651.756674113704,868.8593810889481,0.0,721.7223140227474,1909.228871480943,0.0,4945.434285431432,963.9435218675496,0.0,1195.9669793980045,2454.337995927774,0.0,1873.2826706354715,4328.451045517081,1369.688047256197,0.0,0.0,0.0,1191.0695930488423,0.0,0.0,0.0,0.0,0.0,1526.0945767170713,0.0,0.0,0.0,0.0,0.0,0.0,0.0,0.0,0.0
57,1.212643090957026,0.2129141225819313,0.0889997629036545,0.29008044,1.9366607680246493,0.2662883740580875,4.155857865761023,1.2468266589941046,2681.4290826746687,696.7367510301971,3741.610045652559,1016.3261580907728,0.0,683.3751437938132,1858.0475615499124,0.0,5031.06592959681,1069.5233061865626,0.0,1081.3159819811565,2318.018427675369,0.0,1681.9134269762185,4064.4489803394536,1273.719020822133,0.0,0.0,0.0,1051.7587928406772,0.0,0.0,0.0,0.0,0.0,1380.188646561865,0.0,0.0,0.0,0.0,0.0,0.0,0.0,0.0,0.0
58,0.9343298502951748,0.1695020854566133,0.0759805267584887,0.2800516541221916,1.468701337883889,0.2011983048381118,3.685995773948319,1.1663510909704375,2799.2419240021272,806.4374857143201,3808.667462715193,1099.815770164265,0.0,678.4509430532812,1854.0612708702104,0.0,5121.405675894729,1166.0301221243717,0.0,1003.170842374622,2245.1410854640417,0.0,1577.9776565859909,3853.744575531841,1216.3002203441013,0.0,0.0,0.0,922.8479120614844,0.0,0.0,0.0,0.0,0.0,1312.3240655790955,0.0,0.0,0.0,0.0,0.0,0.0,10.983050847457626,0.0,0.0
59,0.8190653500631236,0.1435891451162793,0.0841650889036545,0.2416529779534883,1.1326406418405304,0.1702864518936888,3.268985891083065,1.0268437376212625,2614.706078786586,703.5051379420613,4080.844411486507,1338.495882305786,0.0,612.8537068244435,1539.5597856110296,0.0,5382.597020159198,1429.989644712555,0.0,663.7059214793594,1798.6158460462032,0.0,1254.3579421242232,3218.570768627964,863.3129044076451,0.0,0.0,0.0,2602.5521809509264,0.0,0.0,0.0,0.0,0.0,3636.866774536987,0.0,0.0,0.0,0.0,0.0,0.0,929.3114976391116,0.0,0.0
60,0.84263306218206,0.1252386077740869,0.0948959977108306,0.2002129150963454,0.8970459321863089,0.1452807387508322,2.953216763531171,0.8839821068132885,2244.292557470412,472.9778004074031,4131.72081703067,1331.005847298698,0.0,497.8072911263556,1104.414446138368,0.0,5346.030054761197,1401.5978159452418,0.0,257.7970854637955,1263.0683584578487,0.0,899.1866942034278,2538.9980897384453,362.85257369736047,0.0,0.0,0.0,3189.3529325731133,0.0,0.0,0.0,0.0,0.0,4163.534098599288,34.859028346851744,0.0,0.0,0.0,0.0,141.95604314742036,1404.3928192749909,0.0,0.0
61,0.983787483483388,0.0979563578845519,0.1162512786976745,0.1454394672265365,0.7265707878756192,0.1165339860436065,2.7331292136453564,0.7193042592626666,1847.3088680213248,238.44753650274683,3868.231961913969,1010.0512986342028,0.0,351.5351102581347,668.5650681759247,0.0,4933.334501891196,1007.183964122578,0.0,0.0,761.5256652256354,0.0,561.6215141914246,1908.022249121596,0.0,0.0,381.4667826256646,0.0,3613.236854625866,0.0,0.0,0.0,0.0,0.0,4543.935563684386,133.9836272721652,0.0,0.0,0.0,0.0,378.96898620084704,1747.5267790415946,0.0,0.0
62,1.188835647293748,0.0656696762051344,0.141668958826699,0.1228267708059197,0.6484824476600403,0.1286100187099988,2.580810181690374,0.5904633344553301,1526.7348470743837,51.172805751055016,3607.352492839113,697.6398967358932,0.0,213.9922888786756,240.46161564441996,0.0,4506.272543358834,628.6267179832631,0.0,0.0,270.2840296602184,0.0,222.9485135215785,1300.950350912306,0.0,0.0,569.2988279101432,277.72597605269937,4050.724910014284,94.14533176040062,0.0,0.0,0.0,0.0,5043.015011769046,442.0443164082817,0.0,0.0,0.0,0.0,380.184734501909,1699.089764900988,0.0,0.0
63,1.4619755923763214,0.0408212624750831,0.1672078380915133,0.170711890026578,0.7379881498432489,0.1550958806511644,2.5371551560474237,0.522997184612201,1702.2939727004702,167.93424257249546,3420.585619418841,503.0370373913883,0.0,154.06844401878854,1.9691694403649829,0.0,4091.4389349465714,423.31523671866654,0.0,0.0,2.2127062969472244,0.0,1.8300055223179903,949.1141449399606,0.0,0.0,984.8954026573552,563.661338126265,5100.932895694929,627.8887856049439,0.0,6.307306182564594,14.960141851770397,0.0,6240.416623470423,1366.1344409690585,0.0,0.0,10.564737855795697,0.0,398.4188165051,1483.0676879788464,0.0,0.0
64,1.7308884982361177,0.0308211717750356,0.1899862937406267,0.2572536313127669,0.8909192547636448,0.1771550478815865,2.7186569553588087,0.4867035038948734,1856.409205376312,270.2562583160681,3261.1450942631523,337.2596852590804,0.0,103.28676158329196,0.0,0.0,3736.169681312335,248.72258157776133,0.0,0.0,0.0,0.0,0.0,649.6338860151305,0.0,0.0,868.3255923996363,650.5234564427716,4167.774337688546,783.0609462079752,0.0,28.24834074436038,66.99310812139358,0.0,5137.761454149766,1460.928196907979,0.0,0.0,47.31200600250425,0.0,473.3578092309057,1206.8975687337595,0.0,0.0
65,1.8944226715514951,0.0238091254933555,0.1940137914019936,0.4353552756079736,1.003619229194352,0.1822550397159482,3.0459660634360533,0.6160687027026571,1063.868895048675,185.09312701012269,1706.1328967101092,119.94296121530806,0.0,36.7492925483667,0.0,0.0,2030.2691698765263,68.67373030663676,0.0,0.0,0.0,0.0,0.0,238.58769459800337,0.0,0.0,603.6200173114886,478.725727513511,2742.0924939478623,559.2571033975361,0.0,43.67824256574542,71.21044236425074,0.0,3370.0589432083707,1004.4515005397964,0.0,134.1441185092584,55.05268984487329,0.0,324.1634762465206,790.4488395921932,106.6338592430002,0.0
66,1.932615090621264,0.0444354044883721,0.1953444696279072,0.6108990939867112,1.045394981820598,0.2542860011129584,3.269580781448514,0.8200296444651157,0.0,0.0,0.0,0.0,0.0,0.0,0.0,0.0,270.66131928792964,0.0,0.0,0.0,0.0,0.0,0.0,0.0,0.0,0.0,1105.7015971386622,986.0749923290756,4029.937534549598,999.170609946681,0.0,250.41834134045217,286.5018668548218,0.0,4844.493599185074,1598.5194713472188,0.0,274.8160955290388,247.517181618935,0.0,480.6292099575151,1133.2843517550716,201.2967887649937,0.0
67,1.970748193297496,0.2611244085542738,0.1953704160000003,0.8068745733934165,1.0725998540498938,0.4684450570967094,3.447532394868989,1.1491928256079726,0.0,0.0,0.0,0.0,0.0,0.0,0.0,0.0,159.2212176674617,0.0,0.0,0.0,0.0,0.0,0.0,0.0,0.0,0.0,2142.9904133411733,1980.8633786655305,7210.92429769027,1929.017629130161,0.0,591.3400457713848,655.6009152420814,0.0,8587.657222371965,2965.646598125652,0.0,244.19364598649412,578.3001274953384,0.0,874.5739193148032,2016.0763085071237,146.18227295903273,0.0
68,2.0099237144569644,0.6106489904288739,0.1908302314512234,1.0074985082274244,1.1017973215424326,0.738837135356087,3.610604325087893,1.5635586905336742,0.0,0.0,0.0,0.0,0.0,0.0,0.0,0.0,87.75398094298103,0.0,0.0,0.0,0.0,0.0,0.0,0.0,0.0,0.0,2088.2251778258105,1971.0165158880989,8004.438429209922,2205.580106646487,0.0,526.3452004180959,719.548173889848,0.0,9707.208112427932,3639.467242978692,0.0,358.4142048875537,806.5986425028964,0.0,1405.1756301615137,2649.7665642301404,291.2750969290793,0.0
69,1.9230488057427644,1.02780453132226,0.1616401322790699,1.150817150870432,1.0743067712520156,1.0304369408011398,3.6933189137921274,2.0109255529188395,0.0,0.0,0.0,0.0,0.0,0.0,0.0,0.0,44.3730264996239,0.0,0.0,0.0,0.0,0.0,0.0,0.0,0.0,0.0,1619.057899433941,1408.9636705433984,7658.863404775133,2065.238948191056,0.0,387.71722785169527,668.6781148973819,0.0,9679.113470945542,3951.821781802116,0.0,581.1580498016792,986.3529679212382,0.0,2210.711345276966,3498.654683470686,613.5251421784677,0.0
70,1.6844954062310256,1.5464868431515462,0.1260292909910555,1.2738331303171473,0.97173902898952,1.3719934990764124,3.5740828018520383,2.5131167970398613,0.0,0.0,0.0,0.0,0.0,0.0,0.0,0.0,0.0,0.0,0.0,0.0,0.0,0.0,0.0,0.0,0.0,0.0,600.705166582758,501.465642317889,6523.558518800704,1515.5694831755134,0.0,138.4807603571624,601.0308751320798,0.0,9246.94917814503,4378.008559290824,0.0,1175.3237274434534,1429.93170092324,0.0,4162.854572921716,5683.628314066547,1496.3534639007412,0.0
71,1.4418796673213925,2.03149055984053,0.0942487551627907,1.3233155623212465,0.8579188166788935,1.677225169960422,3.2714657303686305,2.901972434404154,0.0,0.0,0.0,0.0,0.0,0.0,0.0,0.0,0.0,0.0,0.0,0.0,0.0,0.0,0.0,0.0,0.0,0.0,622.9074806097393,995.4404443899772,6112.786352604176,1274.7475319301536,0.0,194.4529623321992,714.2292031441838,0.0,8807.784661117606,4060.794873176325,0.0,1350.1773630253942,1607.66931499502,0.0,4282.121599621077,5962.665965444056,1755.0966784835457,0.0
72,1.182268051686522,2.487328839021354,0.061146126538206,1.305535926596581,0.7271913661872292,1.897955879057428,2.9189532253818244,3.1784881811646843,0.0,0.0,0.0,0.0,0.0,0.0,0.0,0.0,0.0,0.0,0.0,0.0,0.0,0.0,0.0,0.0,0.0,0.0,820.5134133384141,1251.5161986607452,6341.590899544368,1444.3320784858254,0.0,219.3191845502895,659.2013786438137,0.0,8790.751188577797,3936.574082503878,0.0,1104.6703047994044,1405.5843732953847,0.0,3615.080224201995,5130.276347520655,1470.6244486185606,0.0
73,0.8908534661887643,2.723284432788578,0.0286925690631229,1.218806324162789,0.5834383598272409,1.973966853859861,2.5513983290223514,3.3049809037049176,0.0,0.0,0.0,0.0,0.0,0.0,0.0,0.0,0.0,0.0,0.0,0.0,0.0,0.0,0.0,0.0,0.0,0.0,1494.135144650148,1926.9501881398544,7126.72607318729,2023.1079446302929,0.0,304.18081996764005,472.49654592022216,0.0,8741.352297462143,3517.4958701199544,0.0,269.89145494787306,718.9163521989668,0.0,1347.6008002430094,2301.2317402504686,503.5366405886816,0.0
74,0.6277918140665693,2.8498599300515206,0.0055478922898515,1.1060066550554726,0.4415791541668641,2.008549428820661,2.07879639884185,3.3349185521258664,0.0,0.0,0.0,0.0,0.0,0.0,0.0,0.0,0.0,0.0,0.0,0.0,0.0,0.0,0.0,0.0,0.0,0.0,715.341869729484,920.2734910678004,3408.619179787712,968.1283132893806,0.0,145.5116224662697,225.6685616646671,0.0,4179.5070475015045,1681.2817031415632,0.0,127.9123780571378,342.82303839832383,0.0,641.2474112961257,1096.4301225068243,239.4222181924348,0.0
75,0.4606556822418364,2.9585161407075726,0.001378864345515,0.9197623684009256,0.3269320901563329,2.048424860943773,1.5248262484122117,3.255730752905658,0.0,0.0,0.0,0.0,0.0,0.0,0.0,0.0,0.0,0.0,0.0,0.0,0.0,0.0,0.0,0.0,0.0,0.0,267.3050668323149,333.21170324370775,1149.6188762523689,326.5294202510381,0.0,61.182412031590616,76.57929979337568,0.0,1378.956458008017,527.4289293708787,0.0,30.55057877123233,98.89802151697496,0.0,178.84714471121984,318.74085179492573,53.39766680504505,0.0
76,0.4180091158576193,2.952603282253435,1.0590355956403584e-05,0.721026205176079,0.2802945980844785,1.9682834519743715,1.0913819355605123,3.0794294824442296,0.0,0.0,0.0,0.0,0.0,0.0,0.0,0.0,0.0,0.0,0.0,0.0,0.0,0.0,0.0,0.0,0.0,0.0,1259.0963587491449,1506.6564865234325,4687.985106233675,1331.69339761025,0.0,327.8377685452557,315.45643784795504,0.0,5424.4636332765385,1893.7748288955204,0.0,42.896076467199,295.0202258896938,0.0,486.8783050477202,968.6850022257056,40.41852526185918,0.0
77,0.3675222198518291,2.678931700588701,6.750155989720954e-17,0.5016849244325586,0.248505236356145,1.7201195153342217,0.7347998985787414,2.730753332495676,0.0,0.0,0.0,0.0,0.0,0.0,0.0,0.0,0.0,0.0,0.0,0.0,0.0,0.0,0.0,0.0,0.0,0.0,2182.38151239452,2526.747617934845,7745.210640602657,2199.6262434906757,0.0,607.4445923551633,556.3034174464518,0.0,8902.909418088138,3030.7797238696894,0.0,63.23589149094229,472.86532677576247,0.0,767.6191549697788,1529.7581419906714,46.32669861870691,0.0
78,0.3069866770460794,2.2967453176328183,6.750155989720954e-17,0.3028452134690168,0.2003332102845575,1.4218999043322291,0.4261574329365922,2.301396200353889,0.0,0.0,0.0,0.0,0.0,0.0,0.0,0.0,0.0,0.0,0.0,0.0,0.0,0.0,0.0,0.0,0.0,0.0,1407.1144892758489,1584.67719247358,4935.801197890325,1409.3436713122346,0.0,402.4701957936092,378.03600371738287,0.0,5674.95762032615,1938.7739315732815,0.0,55.71770301293696,323.4151933383229,0.0,517.8561105141415,1002.755118038194,52.32919251297959,0.0
79,0.266248491308971,1.9909944022583548,9.69052179078641e-07,0.180389063122923,0.1609169286378723,1.1540446114543697,0.1905763049091293,1.8898318797209304,0.0,0.0,0.0,0.0,0.0,0.0,0.0,0.0,0.0,0.0,0.0,0.0,0.0,0.0,0.0,0.0,0.0,0.0,1591.1350819091065,1621.8837292042958,6001.191236895692,1792.6928661908732,0.0,440.2035398027796,562.3526135116795,0.0,7010.071371122728,2640.564975692655,0.0,198.037769046284,600.0967759922729,0.0,898.6699968923438,1552.4530956932051,253.59086376857664,0.0
80,0.2284140616486233,1.8250198772421335,0.0173895121453977,0.077998008534688,0.1234941684940376,0.9845845834098113,0.081948317440691,1.5459332050060588,0.0,0.0,25.04994105880745,0.0,0.0,0.0,0.0,0.0,25.96746796968237,0.0,0.0,0.0,0.0,0.0,0.0,0.0,0.0,0.0,1856.745430710851,1760.1347086898888,7318.289737547295,2233.927900697477,0.0,500.0050167909247,755.3024259960547,0.0,8622.814695030405,3406.410517254796,0.0,327.8950726854736,872.6744185616051,0.0,1278.9595401502124,2122.045853721513,438.9876709702215,0.0
81,0.2409363101479139,1.701609047586594,0.0577903957475083,0.0511974208080308,0.0943602045899156,0.948999482205693,0.0656663641724713,1.3324450682054,0.0,0.0,931.1861120471192,0.0,0.0,0.0,0.0,0.0,966.829563161478,0.0,0.0,0.0,0.0,0.0,0.0,0.0,0.0,0.0,1667.440083330779,1393.8484513391156,6584.302859736719,1737.7156652881174,0.0,357.5470614680093,602.5533988653386,0.0,7662.172268303535,2655.432702930503,0.0,134.0166994463732,661.9820250658856,0.0,986.5656122095572,1783.9447117144512,297.1921510665026,0.0
82,0.2865877318892593,1.6277501073067544,0.102385741849391,0.0622898108925799,0.0674812513222571,1.0295535700110776,0.0790425184739783,1.1890141307663342,0.0372280668240388,0.0,1968.8744450551903,17.08768267223382,0.0,0.0,0.0,0.0,2140.3452956143806,21.666734891590597,0.0,0.0,0.0,0.0,0.0,23.565366299616574,0.0,0.0,1816.92252403992,1250.160129544626,7206.172090889155,1466.0363542799005,0.0,231.21181057222591,474.9218735470921,0.0,8179.381392566194,2200.6222408491167,0.0,0.0,425.0440905397255,0.0,738.3470741939636,1627.9481687168736,131.0328450222425,0.0
83,0.3811611374774294,1.7988591831088507,0.1633418848106313,0.0853536637029506,0.05440874281102,1.2964457793535318,0.185058376444013,1.1970719010263833,0.817549759532702,0.0,1313.0055848858217,382.816517773754,0.0,0.0,0.0,0.0,1464.5025128801656,485.3797296123224,0.0,0.0,0.0,0.0,0.0,527.9188058394569,0.0,0.0,1790.5564889745103,1119.752161291203,7145.999266817345,1081.4427778428344,0.0,76.50144086080192,160.13437197133962,0.0,7687.469690914142,1455.0509444210124,0.0,0.0,29.822595589804138,0.0,298.8742731934719,1019.5591263018958,0.0,0.0
84,0.4855338806466339,2.052333508930832,0.2208563429501659,0.1124837007308967,0.0743417100597987,1.597613491109036,0.3443741221803111,1.3166620368936908,173.40544993821712,0.0,1483.6941785289791,489.5330776522507,0.0,0.0,0.0,0.0,1762.6461451191526,628.2788004648426,0.0,0.0,168.87168827302148,0.0,623.6117844719034,655.4201755692851,0.0,0.0,1531.505948749632,827.5426706090027,5940.905119623419,405.653269785231,0.0,0.0,0.0,0.0,6024.826553809945,429.0563430420712,0.0,0.0,0.0,0.0,0.0,452.4594162989114,0.0,0.0
85,0.5946249528239215,2.2656692603612143,0.2741328936478401,0.1409703462059797,0.1019135119145255,1.877030833313809,0.529148646356089,1.4669859566375747,1156.346816600107,414.39301041541415,4313.050450582798,1496.7512458745578,0.0,221.36130950350108,338.8270110374828,0.0,5364.888655164212,1908.930817844675,0.0,61.15851786938151,707.2883426285903,0.0,939.7907838578442,2102.3948742594184,328.0093986286976,0.0,295.65571281565667,73.63165869804843,3480.6266526104127,5.794259488084726,0.0,0.0,0.0,0.0,3778.2176895862935,6.128543689320392,0.0,0.0,0.0,0.0,0.0,6.462827890556042,0.0,0.0
86,0.707855426086682,2.346569281013885,0.3210481651857439,0.1693737423905159,0.1713329555681045,2.08592601105105,0.7707839523216581,1.587757875863486,2504.750722698855,1262.154862065706,4400.566675570538,1310.203456735414,0.0,846.8856682874494,1166.3256868480912,0.0,5552.39932229106,1570.5581043839695,0.0,360.6294142472567,1275.940508564042,0.0,1034.8513835411788,2706.972185122762,821.6212915849832,0.0,0.0,0.0,2939.653250751571,0.0,0.0,0.0,0.0,0.0,3445.7307232635303,0.0,0.0,0.0,0.0,0.0,0.0,0.0,0.0,0.0
87,0.8558185647476172,2.386946770306284,0.35724159454485,0.1865567801487507,0.3772081316366931,2.200242841147153,1.1384422990584102,1.745059869658769,1981.9387866903892,860.6765251737231,4222.427786439254,1152.71223978567,0.0,698.8759788909322,1190.8387918921512,0.0,5514.9596222637565,1562.368252164982,0.0,590.8385971311179,1502.274274672081,0.0,1566.686055995479,3449.209921827769,1085.8070811281168,0.0,0.0,0.0,2640.632272906593,0.0,0.0,0.0,0.0,0.0,3112.885318992778,0.0,0.0,0.0,0.0,0.0,0.0,0.0,0.0,0.0
88,1.0515768390163625,2.4213986834747017,0.3944236316141159,0.1935641319927278,0.7944482449502894,2.293788815074788,1.6736821314794736,1.9492387730443124,1677.8820688299534,535.4922378068019,4145.275484432021,1080.6761056147427,0.0,608.2821206516013,1182.9386354734015,0.0,5539.5399691379125,1586.3179859536906,0.0,695.6517779811555,1578.0442467928249,0.0,1842.8834404127892,3824.384214271995,1206.630263747028,0.0,0.0,0.0,2393.625449451204,0.0,0.0,0.0,0.0,0.0,2852.26770622489,0.0,0.0,0.0,0.0,0.0,0.0,0.0,0.0,0.0
89,1.2958916802617146,2.370206049673877,0.4224108880452906,0.1956726109667088,1.3475480073585986,2.3303971369752565,2.3308756361535043,2.115451893657599,2183.269203251232,803.0414486619209,4364.112014971329,1241.219728424212,0.0,693.8799588635716,1083.4405020151478,0.0,5620.249759899905,1585.5312027374514,0.0,376.4273486006277,1185.2067944454416,0.0,1159.14998451489,2878.734875500577,835.7381318522991,0.0,0.0,0.0,2176.129304994869,0.0,0.0,0.0,0.0,0.0,2632.920440655816,0.0,0.0,0.0,0.0,0.0,0.0,0.0,0.0,0.0
90,1.6393534367066651,2.13857292523432,0.4383045778393584,0.2059874970310722,1.9955548587179963,2.203082292717608,2.993209032715264,2.169332078823527,2516.882442943625,1144.1276245506897,4508.483853045072,1307.7580402761105,0.0,750.6539422461423,1012.083704508666,0.0,5598.472045551158,1494.359613796128,0.0,163.0635123715448,939.8917960904398,0.0,538.9726721411895,2321.6998849209053,420.9850219968114,0.0,0.0,0.0,1974.266323201634,0.0,0.0,0.0,0.0,0.0,2406.1711324101675,0.0,0.0,0.0,0.0,0.0,0.0,0.0,0.0,0.0
91,1.883878534409054,1.908213013876248,0.4353290546710961,0.2030340682524912,2.537671331601326,1.9833971058538216,3.538834209855896,2.1656622100851317,2887.524179696821,1455.809303593183,4660.274368461374,1378.57595945895,0.0,863.9602672594601,986.5588978059104,0.0,5600.249778581566,1444.0102427690492,0.0,0.0,766.8975808497544,0.0,0.0,1920.7938701129071,0.0,0.0,0.0,0.0,1850.9415696469612,0.0,0.0,0.0,0.0,0.0,2271.808143375658,0.0,0.0,0.0,0.0,0.0,0.0,0.0,0.0,0.0
92,2.1351255617505287,1.6731000364765936,0.434205236049532,0.1927217144886737,3.1278785370498308,1.6977754606644582,4.111789640207188,2.206341526466928,3721.085182967384,2047.2411630071065,4951.975576495199,1482.1373360114517,0.0,1177.1627542091796,1037.9647828228317,0.0,5590.896035424987,1344.6229961591623,0.0,0.0,506.2044138881693,0.0,0.0,1280.8396290335506,0.0,0.0,0.0,0.0,1769.977246193531,0.0,0.0,0.0,0.0,0.0,2176.784681859348,0.0,0.0,0.0,0.0,0.0,0.0,0.0,0.0,0.0
93,2.3635560686135526,1.4149396715150784,0.4161518027641198,0.1750218707242521,3.67929423515752,1.3038653273621348,4.642056137403873,2.1616093856957312,5157.870745033862,2995.044806873196,5274.430201737548,1549.373491500855,0.0,1757.227713169546,1204.714203863344,0.0,5348.34066874287,1083.0232099895177,0.0,0.0,88.0669109886715,0.0,0.0,202.0904036660624,0.0,0.0,0.0,0.0,1612.9406885544745,0.0,0.0,0.0,0.0,0.0,1993.9621902205452,0.0,0.0,0.0,0.0,0.0,0.0,0.0,0.0,0.0
94,2.4664527365947744,1.2348369578999758,0.4015615711322619,0.160010041156146,3.939214854430448,0.9701618341136766,4.882379505077844,2.0755516181262443,4972.676862843669,2137.3141800338326,4867.532234700361,1440.9509210237277,0.0,1663.758145231806,1295.6453760536049,0.0,4965.261694245502,1060.5160238613937,0.0,0.0,127.8910428775017,0.0,0.0,205.83132576067015,0.0,0.0,0.0,0.0,1415.9786718225223,0.0,0.0,0.0,0.0,0.0,1801.835243389197,0.0,0.0,0.0,0.0,0.0,0.0,0.0,0.0,0.0
95,2.487168661726124,1.091138525912169,0.3766677823293188,0.1423907556353821,4.04900830331685,0.6093852595994609,4.853777788666943,1.969399771712411,5430.822071238785,1746.2016538751589,5319.704766719714,1615.0103452411304,0.0,1764.869315608118,1499.6659611181994,0.0,5518.092646571335,1261.7757597032414,0.0,0.0,194.94987120429613,0.0,0.0,312.9850332512124,0.0,0.0,0.0,0.0,1370.7177861005896,0.0,0.0,0.0,0.0,0.0,1749.5734548675946,0.0,0.0,0.0,0.0,0.0,0.0,0.0,0.0,0.0
96,2.368826413465119,1.1139284969576422,0.3529350115863787,0.1131297345074752,3.96576824891112,0.3463948784302365,4.660304992851333,1.8796673198122864,5873.228085400423,1216.7185818420724,5846.36882582126,1839.045642153582,0.0,1848.8098661492368,1716.9353507297158,0.0,6172.003813960088,1521.6996374091143,0.0,0.0,289.4524822082452,0.0,0.0,446.8593222629081,0.0,0.0,0.0,0.0,1314.0798361585223,0.0,0.0,0.0,0.0,0.0,1666.814811760604,0.0,0.0,0.0,0.0,0.0,0.0,0.0,0.0,0.0
97,2.264244169290244,1.177707127244941,0.3436008791072185,0.102710567242525,3.804615807649649,0.2712183385442506,4.452057689722743,1.8063863252745345,5753.550698369734,1150.2185843198683,5811.478217279473,1837.698586556908,0.0,1705.3208869898408,1654.8077606455463,0.0,6090.098665163515,1423.2257650079375,0.0,0.0,335.77506796567195,0.0,0.0,444.8723549134996,0.0,0.0,0.0,0.0,1268.41201993987,0.0,0.0,0.0,0.0,0.0,1600.0888421655218,0.0,0.0,0.0,0.0,0.0,0.0,0.0,0.0,0.0
98,2.1103711180593714,1.21463212682199,0.3268629762844283,0.0967498764923374,3.4583318198767525,0.1908012771454328,4.134677083625552,1.6432747495916782,5131.515874008034,1178.853484519629,6075.868161109177,2109.5877687696807,0.0,1327.7265738265162,1503.5239626539844,0.0,6421.037155139476,1692.3615947505414,0.0,0.0,450.475637302838,0.0,0.0,584.3346980400817,0.0,0.0,0.0,0.0,1218.130054456146,0.0,0.0,0.0,0.0,0.0,1521.785323872559,0.0,0.0,0.0,0.0,0.0,0.0,0.0,0.0,0.0
99,1.922917363886789,1.2320710029683104,0.3025136943986714,0.0938849040230002,2.9021570803692773,0.1234248644911872,3.606985272749045,1.419919600547143,3048.857565111569,877.1761342464569,6109.459465471136,2399.888753124342,0.0,658.413815726739,1077.5558363117918,0.0,6759.784448020878,2228.538048518188,0.0,0.0,554.8423843991129,0.0,81.89114792853636,1096.1177761220852,0.0,0.0,0.0,0.0,1335.762770894664,0.0,0.0,0.0,0.0,0.0,1606.9461044667069,0.0,0.0,0.0,0.0,0.0,0.0,0.0,0.0,0.0
100,1.7953065393917147,1.217056754619947,0.2694502534214257,0.0819139322392025,2.390086983951353,0.112585543543914,3.155202944613555,1.2237030666405018,2360.792754279003,678.6125695144635,5689.928620782704,2122.680528401976,0.0,444.6548174459337,813.9758155836232,0.0,6366.813402215008,1990.0384372242029,0.0,0.0,460.0611342413824,0.0,152.9651700703376,1081.9985200127908,0.0,0.0,0.0,0.0,894.5945761545437,0.0,0.0,0.0,0.0,0.0,1074.4693624748477,0.0,0.0,0.0,0.0,0.0,0.0,412.10526855087824,0.0,0.0
101,1.7987812719728793,1.2057313740410882,0.229919351046444,0.0659087272823918,1.965776527006847,0.1075505952558177,2.891137842474748,1.004726249888941,1723.993839675824,390.7171662508791,4670.396890664919,1095.1073194565286,0.0,240.45213909588236,391.3275901803231,0.0,5204.64719138788,851.1508729958886,0.0,0.0,105.3423166123593,0.0,35.97054713592757,548.3686893143438,0.0,0.0,130.68633043272095,12.640791759524102,2374.0132720924667,15.247140575920824,0.0,2.150237773527296,1.3683331286082792,0.0,2908.250233625787,249.25892201537343,0.0,0.0,2.9973011388562303,0.0,159.63922612565565,1201.0437598498747,0.0,0.0
102,1.8351018823671443,1.1753712166271302,0.1896126172242884,0.0508450049700994,1.6356798014759313,0.1071780926291125,2.838167211430269,0.7729930730911139,1597.03810103498,389.6148340837938,3873.420924952229,422.5199524700416,0.0,95.77692952383627,102.63829787234044,0.0,3922.5529149596064,196.08510638297872,0.0,0.0,0.0,0.0,0.0,148.59574468085106,0.0,0.0,912.0189361589076,372.5060508102459,4717.969197072627,362.60967753502126,0.0,98.50559329066016,177.37916260087076,0.0,5848.074752783246,1117.1483212253083,0.0,78.84574437890275,183.30047258968327,0.0,779.8255136534109,2207.9069471057924,36.16289716222387,0.0
103,1.9756893393292816,1.112681656505737,0.1494212637623022,0.0351536275614615,1.4563304059595052,0.1185134231339598,2.9233371806594413,0.6291873854201687,1626.9720600970204,359.1904906002081,2685.096976200937,49.86185978611283,0.0,19.699085154379848,0.0,0.0,2271.6970730797366,0.0,0.0,0.0,0.0,0.0,0.0,0.0,0.0,0.0,1277.863398236001,812.4303050916604,5375.834461706479,643.4781469386437,0.0,211.8822218563996,339.15968394364666,0.0,6744.612920097236,1490.0893553423125,0.0,132.30140658109678,342.3775902853336,0.0,895.3201340922575,2386.7577359912657,85.27101402305843,0.0
104,2.20888291202837,1.0615396445673406,0.1056354266856633,0.0186776812823916,1.4738546473585443,0.1451197065049873,3.18514185289344,0.5122932808259623,742.5131041509366,119.8654948283861,1492.6228476625267,0.0,0.0,0.0,0.0,0.0,1041.465155166373,0.0,0.0,0.0,0.0,0.0,0.0,0.0,0.0,0.0,1768.2565344587797,1768.1282864074706,6619.702549172713,1465.718117933472,0.0,364.23496495343227,467.61778066227777,0.0,8082.900740391467,2432.7307435930825,0.0,120.03143892195376,431.6592854355923,0.0,852.9689055406973,2211.3105973145166,78.07161704375147,0.0
105,2.4555385501088707,1.0284145544313827,0.0716754431224127,0.0034181731587014,1.6422725802949096,0.2007186000674714,3.6534026988124286,0.4917941420462535,0.0,0.0,703.5176359438751,0.0,0.0,0.0,0.0,0.0,525.5728683952528,0.0,0.0,0.0,0.0,0.0,0.0,0.0,0.0,0.0,2433.2066893550755,2879.3931872118023,8049.332778634181,2303.377174777487,0.0,584.6297829430594,575.7375956169576,0.0,9297.804730039816,3234.402377538833,0.0,139.01847804454206,385.26613299979215,0.0,583.9024307024479,1726.9253601874907,59.660735883822696,0.0
106,2.6651744153527983,1.0647082659735636,0.0466293372757475,-3.3928415632544676e-16,1.789227890337734,0.3598552906394326,4.081792213160398,0.5655260570894157,0.0,0.0,535.1158173227652,0.0,0.0,0.0,0.0,0.0,432.1234862954127,0.0,0.0,0.0,0.0,0.0,0.0,0.0,0.0,0.0,2532.792380248984,2673.0627203607582,8167.540557169471,2191.3570668078173,0.0,662.6770995511132,673.7652600999514,0.0,9350.948750461605,3157.3171650377058,0.0,269.1480581460224,516.6841457610112,0.0,704.2943464470591,1792.6015975692758,62.88762392394361,0.0
107,2.798113875986713,1.1477902571694356,0.0338337946445182,-3.3928415632544676e-16,1.8671455983521537,0.5565005709076448,4.334213108255156,0.7131741740252467,0.0,0.0,379.493601460514,0.0,0.0,0.0,0.0,0.0,343.18519156758,0.0,0.0,0.0,0.0,0.0,0.0,0.0,0.0,0.0,2267.616438274056,2126.6585745004454,8053.217790797864,2076.3583318473457,0.0,643.7429339147417,805.0586093649711,0.0,9459.18969998027,3334.1703659026944,0.0,397.0761228450053,816.237211836956,0.0,1171.0041617654038,2317.734264136241,150.81801641829438,0.0
108,2.929286883650989,1.3230053974170326,0.0807715837789823,-3.3928415632544676e-16,1.9506377771393548,0.8876029327931496,4.413869248995982,0.9886393773918492,0.0,0.0,223.869049979028,0.0,0.0,0.0,0.0,0.0,239.04239793419703,0.0,0.0,0.0,0.0,0.0,0.0,0.0,0.0,0.0,2033.291782950096,1703.1102711366368,7821.291138089648,1959.415047837304,0.0,587.4761966355718,907.896290412153,0.0,9353.412145965289,3413.7485208279145,0.0,618.327024386129,1144.6837123528735,0.0,1616.8839251193297,2947.989778774437,489.4502892733369,0.0
109,2.9696035423897182,1.5494597902290923,0.1607573289039433,-3.392841563254468e-16,1.957807124819294,1.2563715228637922,4.351567199062254,1.3210761522545116,0.0,0.0,168.87703949743,0.0,0.0,0.0,0.0,0.0,169.16541182509397,0.0,0.0,0.0,0.0,0.0,0.0,0.0,0.0,0.0,1890.964323849436,1405.5711608051686,7642.956419454866,1857.7781763807031,0.0,562.1436816896836,996.5213029738726,0.0,9253.260686882377,3442.5376104891657,0.0,794.1428285952218,1402.5945233292791,0.0,1936.964974750008,3421.7695285597406,751.3389757394252,0.0
110,2.8379057587469254,1.713496701031073,0.2417312289169433,-3.3928415632544676e-16,1.8051566009958937,1.5911172009568169,4.219124852604261,1.6841439005675187,0.0,0.0,96.75883758125902,0.0,0.0,0.0,0.0,0.0,88.55749359510607,0.0,0.0,0.0,0.0,0.0,0.0,0.0,0.0,0.0,3238.9471246934518,3084.662399125207,8109.922044783397,2000.249812875388,0.0,1169.5748307691513,1030.7337043990635,0.0,9081.559305586226,2617.8973438422704,0.0,374.7256195749777,784.9480433192995,0.0,762.0262398247028,2015.007236998381,444.7934065487873,0.0
111,2.576811841865485,1.830997184587978,0.3284662441993357,-3.3928415632544676e-16,1.5605402989611972,1.917911298997061,3.9211154021728856,2.063145444622076,0.0,0.0,47.89884775189096,0.0,0.0,0.0,0.0,0.0,43.03265710535278,0.0,0.0,0.0,0.0,0.0,0.0,0.0,0.0,0.0,4417.772350794704,4242.961327311239,8403.699868105996,2122.914041861657,0.0,1728.4424696184358,1173.7808064642882,0.0,8915.88053112544,2011.077901548099,0.0,77.83926882424126,367.7505373865563,0.0,69.36939299132621,1064.0144391808997,291.7610131902829,0.0
112,2.296871682276356,1.8782760345303549,0.4093633257607978,-3.3928415632544676e-16,1.3236717507118667,2.131592318586838,3.5119099417438857,2.3699089412872225,0.0,0.0,12.503127965993247,0.0,0.0,0.0,0.0,0.0,7.04122358772953,0.0,0.0,0.0,0.0,0.0,0.0,0.0,0.0,0.0,4259.003948213503,3992.466933275572,8063.354700748664,2069.4104968637566,0.0,1678.4093190792248,1204.9978789441518,0.0,8557.192825728098,1994.3997242017497,0.0,127.55037454622996,425.9807113115125,0.0,193.40437678376583,1103.0109238676623,233.2671620895074,0.0
113,1.9142361370281509,1.8440442424668675,0.486177542278721,-3.3928415632544676e-16,1.0315729715187956,2.3144550465291167,3.014794912265782,2.5966123272033554,0.0,0.0,1.8644664614034905,0.0,0.0,0.0,0.0,0.0,0.0,0.0,0.0,0.0,0.0,0.0,0.0,0.0,0.0,0.0,3769.799683405846,3506.4919606692206,8006.258174105224,2088.786440195473,0.0,1454.7603911111737,1264.3673482650083,0.0,8751.45363012631,2406.8261057488485,0.0,410.0735440145236,803.3972972438635,0.0,630.3612810220145,1681.8534331284643,183.2457528432053,0.0
114,1.5052185911280602,1.7187907428375129,0.5106021196789503,-3.3928415632544676e-16,0.7022728750555731,2.388647894197225,2.491154746850194,2.767822185460281,0.0,0.0,0.0,0.0,0.0,0.0,0.0,0.0,0.0,0.0,0.0,0.0,0.0,0.0,0.0,0.0,0.0,0.0,3536.143558229816,3201.4019912452127,8317.935591952539,2249.69589367271,0.0,1309.8000044069136,1369.130680845516,0.0,9358.778404891233,2897.637711441528,0.0,664.9222822077023,1153.465831623691,0.0,1040.738957395621,2242.518794676909,249.38624908080308,0.0
115,1.1469970895861654,1.5604799050696403,0.5107152091694368,-3.3928415632544676e-16,0.4200567356494685,2.398950960913189,2.035500801271736,2.819237507286903,0.0,0.0,0.0,0.0,0.0,0.0,0.0,0.0,0.0,0.0,0.0,0.0,0.0,0.0,0.0,0.0,0.0,0.0,3442.55783872674,3076.175825643538,8338.152090071237,2268.741031722112,0.0,1251.6454061650156,1368.2950212248425,0.0,9414.605957243242,2965.880638870602,0.0,697.7063313790734,1208.9733577757825,0.0,1112.9524929594058,2329.9747103796985,298.08048778753954,0.0
116,0.904143239012709,1.3747704230760212,0.5083594433222608,-3.3928415632544676e-16,0.2488303113699409,2.295011314623421,1.5567632514043404,2.764593020592533,0.0,0.0,0.0,0.0,0.0,0.0,0.0,0.0,0.0,0.0,0.0,0.0,0.0,0.0,0.0,0.0,0.0,0.0,3182.457856790959,2728.129861063783,8394.282375614708,2321.701089775757,0.0,1090.1028030360535,1366.0100416319526,0.0,9569.769558172864,3155.5542278112225,0.0,788.9076581626377,1363.159908881489,0.0,1313.7134146422034,2573.0776086760798,433.4395194754614,0.0
117,0.752880279654207,1.1769511324962194,0.500367873090551,-3.3928415632544676e-16,0.1649865044998917,2.138678449174812,1.242860122659788,2.614261183954758,0.0,0.0,0.0,0.0,0.0,0.0,0.0,0.0,0.0,0.0,0.0,0.0,0.0,0.0,0.0,0.0,0.0,0.0,2966.808510638298,2484.276595744681,8484.425531914894,2405.191489361702,0.0,991.0851063829788,1325.7446808510638,0.0,9766.234042553191,3358.5106382978724,0.0,827.2553191489362,1418.787234042553,0.0,1428.1702127659576,2728.851063829787,506.9574468085106,0.0
118,0.5972562211197925,0.9551753819763066,0.4384657760125378,0.0050327569502911,0.0818766173309081,1.8441554532012805,1.070706456523539,2.3946545400895114,0.0,0.0,0.0,0.0,0.0,0.0,0.0,0.0,0.0,0.0,0.0,0.0,0.0,0.0,0.0,0.0,0.0,0.0,2804.2850348101365,2289.3132059077534,8629.25718366487,2448.340362327771,0.0,920.0782519400396,1293.5355223063834,0.0,9860.917459933358,3472.3117339827013,0.0,820.9251259162969,1431.7720013007677,0.0,1513.5351161537012,2810.149142458916,526.814108782049,0.0
119,0.4539474380355703,0.7773534048121965,0.3535783269697092,0.0228917581160832,0.0378651324635516,1.4919734240695732,0.9775918221317186,2.128257526297438,0.0,0.0,0.0,0.0,0.0,0.0,0.0,0.0,0.0,0.0,0.0,0.0,0.0,0.0,0.0,0.0,0.0,0.0,2388.854868956147,1731.9913340522603,7947.225901409715,2242.140500833616,0.0,769.5326932085445,1199.9836708235955,0.0,9232.1935214279,3406.5564925167,0.0,795.9264314919166,1457.0139281871368,0.0,1621.1821582458629,2832.5395054187857,615.1339567597767,0.0
120,0.330707516531564,0.6811039283697489,0.2706569034817276,0.062030628914598,0.0272478091694337,1.1634528321938669,0.8890798558686738,1.8172881652249364,0.0,0.0,0.0,0.0,0.0,0.0,0.0,0.0,0.0,0.0,0.0,0.0,0.0,0.0,0.0,0.0,0.0,0.0,1278.704004398229,799.8665164106616,4513.926030683869,1267.476698037559,0.0,403.13291209115226,718.6799305522866,0.0,5274.658229100715,2046.9608564063965,0.0,499.37128262491535,918.818967932298,0.0,1050.0349136995455,1765.0217041174967,418.64890694540185,0.0
121,0.2135365830897048,0.6885492440375565,0.191877128252492,0.1286431335019496,0.0193394480687548,0.9274849438552712,0.7810685633759936,1.531700743026145,0.0,0.0,0.0,0.0,0.0,0.0,0.0,0.0,0.0,0.0,0.0,0.0,0.0,0.0,0.0,0.0,0.0,0.0,1524.2792257264323,709.1565231978684,6287.601050228362,1839.126627932013,0.0,487.79108196798336,872.1384622874017,0.0,7380.688845642313,3048.412935521467,0.0,638.9641626565884,1199.7388457108516,0.0,1499.554684626432,2454.218873668601,598.0819324931382,0.0
122,0.1187127295732632,0.7914107951126172,0.1147216782857147,0.2334842329622344,0.0139344373554803,0.8232267795389553,0.657032861439013,1.2977437990377636,0.0,0.0,1000.8068614981404,0.0,0.0,0.0,0.0,0.0,1056.945951128327,0.0,0.0,0.0,0.0,0.0,0.0,0.0,0.0,0.0,1814.757432710043,664.2046505264639,8088.780437963373,2344.881956442704,0.0,574.7184460261454,1023.4973639382724,0.0,9493.8406503478,3931.304781635952,0.0,753.0649674064596,1456.8766708496164,0.0,1898.42501931291,3114.9192433939284,750.0768367486609,0.0
123,0.0865733271317869,0.9829450233909176,0.0376674969634551,0.5582716144385379,0.0109089774928003,0.7624941058516091,0.5485353488992256,1.2854524790675517,57.46681528114279,0.0,2557.7611892433547,57.94857942133329,0.0,0.0,0.8950873069323734,0.0,2858.9000024374104,93.56047796211868,0.0,0.0,1.426071302570222,0.0,80.08028058669714,364.7898048156575,0.0,0.0,1701.8664423097466,545.7910030622157,7540.43411649858,1455.8051300687923,0.0,357.0816701543578,590.0181187113423,0.0,8549.43047815149,2440.2129896445117,0.0,258.37640233428226,762.5353676221001,0.0,1093.6483769110291,2245.3886605456523,294.7081264210805,0.0
124,0.0899630131781904,1.217043342010208,0.014515001243011,0.966322734826027,0.0146246932225899,0.8068294714703867,0.5095453221080969,1.420128278411473,190.534793334858,0.0,3364.63853121122,189.1585048494551,0.0,0.0,5.225014175538501,0.0,3909.4793091268816,307.40556926120746,0.0,0.0,8.324598855942696,0.0,267.2505003728268,1037.5488957965977,0.0,0.0,1455.5703790112714,494.0007172348836,7262.097762497818,1115.6030957481505,0.0,177.73088535203377,189.57961104216932,0.0,7961.027273465422,1703.482178066416,0.0,0.0,192.3139323552776,0.0,562.3587500625889,1434.6072489441085,0.0,0.0
125,0.1481669637608013,1.425310638023368,0.0131132992961392,1.394242165206323,0.0189466174883706,0.8739867434290329,0.5373236895053293,1.6189665058260947,291.523361345177,0.0,3325.4982442264068,253.92943853371725,0.0,2.124953294770723,40.35985964154153,0.0,4063.474365565442,437.7962561264417,0.0,0.0,62.26003312697296,0.0,426.5701195125948,1369.9341066838413,8.924803838037034,0.0,722.1565515860107,245.09007574177696,6595.739190699022,553.4875511216513,0.0,88.17816378163562,94.05670803374466,0.0,7171.046583750818,845.1537851685999,0.0,0.0,95.41329516884674,0.0,279.0047541193291,711.7560502168948,0.0,0.0
126,0.2157593222990076,1.6170714456670043,0.0147626620265779,1.8710052153626373,0.0237487555614604,0.9321039339023792,0.7098744291060591,1.874336393725528,1214.3335332834206,419.87513267083466,3905.326385818051,799.9052316068282,0.0,186.82503441456532,328.312212862239,0.0,4824.582294140792,1045.79608613882,0.0,35.55032520171597,301.8875311020748,0.0,603.84512397837,1716.5648880050978,129.30449423668148,0.0,0.0,0.0,5319.264276809436,0.0,0.0,0.0,0.0,0.0,5794.623182073628,0.0,0.0,0.0,0.0,0.0,0.0,0.0,0.0,0.0
127,0.2814011543069812,1.7141214371269065,0.0312611775308969,2.275265868661795,0.031055162421261,0.932853018442527,0.9565904436305672,2.127439145581392,3855.937063470375,2082.357334615216,5234.8108195583145,1985.41318516248,0.0,787.8054958638958,866.7863438509012,0.0,5924.960319103588,1796.8953971952565,0.0,141.6742724400531,381.0239892400025,0.0,140.71911468200963,992.4215669454202,80.29775580685033,0.0,0.0,0.0,4385.790887895095,0.0,0.0,0.0,0.0,0.0,4893.914172475305,0.0,0.0,0.0,0.0,0.0,0.0,0.0,0.0,0.0
128,0.4043511537033464,1.747194230788349,0.0756958151221418,2.6325296044338486,0.0857758312847357,0.9192136477850325,1.2981978256931817,2.3856881111526227,4574.223227327032,2537.1643917637875,4927.82631490366,1575.766957617322,0.0,971.937028408177,1084.78082723847,0.0,5451.747049143214,1210.0979307900586,0.0,118.656838673271,387.2191473936362,0.0,221.06064160961412,736.9258911985919,31.91887535681401,0.0,0.0,0.0,3366.9903606344515,0.0,0.0,0.0,0.0,0.0,3901.138184034849,0.0,0.0,0.0,0.0,0.0,0.0,0.0,0.0,0.0
129,0.6274189653511417,1.7134018190201863,0.1604475654196268,2.795642043157164,0.2542259119059531,0.8954057368681341,1.758524381721698,2.4783330399230725,4476.484181412548,2351.688363452845,4421.502065042947,989.243650866416,0.0,941.789221072177,1324.607856265544,0.0,5049.5422061375575,626.2469024355794,0.0,97.03347350284182,713.6184707399249,0.0,296.55486905260443,1215.1614616450136,145.07458256826553,0.0,0.0,0.0,2415.2879595466006,0.0,0.0,0.0,0.0,0.0,2903.966380793556,0.0,0.0,0.0,0.0,0.0,0.0,0.0,0.0,0.0
130,1.0250107248186089,1.6230519591202637,0.2540176003083055,2.811755718803981,0.6167084546657795,0.8622127528451855,2.2387970574803995,2.467408940364117,3483.8087044452823,1814.522868097385,4279.939267416101,918.0417124551344,0.0,716.535850433827,1558.2570913126929,0.0,5225.889985130312,799.6897298040765,0.0,190.20354727554016,1190.6762617730888,0.0,472.1370407789658,2222.260635222903,614.4805539271897,0.0,0.0,0.0,2206.838120831175,0.0,0.0,0.0,0.0,0.0,2697.975732024659,0.0,0.0,0.0,0.0,0.0,0.0,0.0,0.0,0.0
131,1.5368122445483643,1.4485639628684244,0.3571629317342193,2.780062697146617,1.162819263441358,0.7962908181332697,2.733800059271612,2.464883000299876,3562.1619457911083,1876.491400976013,4346.849209030205,975.5312712352236,0.0,759.8607264201278,1603.357808054192,0.0,5316.994306335797,908.1960313430548,0.0,176.64793763461756,1178.838106233498,0.0,461.977418831825,2225.6929959217546,620.4745394843443,0.0,0.0,0.0,2059.58365715076,0.0,0.0,0.0,0.0,0.0,2547.4507129328854,0.0,0.0,0.0,0.0,0.0,0.0,0.0,0.0,0.0
132,2.0841809308751262,1.205636771805357,0.4663854811670906,2.683244174980652,1.769615061847175,0.7045455266922056,3.306865914648427,2.4858070613984733,3694.190747086361,1974.781729555119,4451.452182961685,1054.318113454859,0.0,804.9090959236167,1609.670453406566,0.0,5436.111199580678,1014.7687036917872,0.0,122.6782886394532,1118.2691945403355,0.0,409.96978386501394,2132.7010054298503,583.3997427093489,0.0,0.0,0.0,1875.171607922748,0.0,0.0,0.0,0.0,0.0,2362.924993831345,0.0,0.0,0.0,0.0,0.0,0.0,0.0,0.0,0.0
133,2.5734797790124646,0.9528317112259144,0.5554794278671099,2.373229488784883,2.3435215963106333,0.6007503558737579,3.832058716938537,2.352765729261627,3793.162464873141,2048.7321902639737,4544.490304298776,1126.2177207257578,0.0,839.2318333268112,1609.995232000639,0.0,5539.268437542047,1106.97954956713,0.0,78.72616060333756,1069.3753871052954,0.0,378.0531672634873,2064.1003735796285,558.4336760599687,0.0,0.0,0.0,1774.1218177465391,0.0,0.0,0.0,0.0,0.0,2233.29852386622,0.0,0.0,0.0,0.0,0.0,0.0,0.0,0.0,0.0
134,2.993325883647725,0.6849166492361315,0.616828644277565,1.938971189823604,2.8773433158056867,0.4980400606057832,4.2371752863712135,2.1059235134765864,3390.4275953822707,1848.0983952374213,4575.689576710198,1194.8412853812204,0.0,779.6438971663164,1611.636268175519,0.0,5663.707916748032,1258.546412201424,0.0,205.3619468095376,1201.67886294579,0.0,644.0012666514402,2398.4366685175883,680.6501599360737,0.0,0.0,0.0,1499.97462529484,0.0,0.0,0.0,0.0,0.0,1891.8566444939736,0.0,0.0,0.0,0.0,0.0,0.0,0.0,0.0,0.0
135,3.2791445501368885,0.4764221957714284,0.6408271222086372,1.5150652817700954,3.295410042508981,0.4176918183335589,4.464004073366113,1.878809513073752,2340.216198784583,1289.179473767132,4063.199047440041,1038.174138927733,0.0,621.6709686127557,1711.3017724429903,0.0,5357.436162647837,1310.499707852976,0.0,624.968674136455,1568.595685275391,0.0,1241.866419729717,3149.037601048536,963.666500475739,0.0,0.0,0.0,1432.138566757585,0.0,0.0,0.0,0.0,0.0,1847.6821323482916,0.0,0.0,0.0,0.0,0.0,0.0,0.0,0.0,0.0
136,3.361038766960566,0.3017244679110837,0.6492970663980665,1.0807790041804877,3.5100320608954525,0.3453837430680807,4.528214637427482,1.6444909775405596,1345.026810223281,691.960320197304,2415.860588444263,598.4201446726715,0.0,376.6513107238798,1117.3388694599162,0.0,3241.263079528872,813.7914445856863,0.0,484.935836239145,1076.8528381046965,0.0,888.286475349065,2144.3877158413666,690.7985267146923,0.0,0.0,0.0,1399.1692384632815,0.0,0.0,0.0,0.0,0.0,1828.877154571063,0.0,0.0,0.0,0.0,0.0,0.0,0.0,0.0,0.0
137,3.305122844962136,0.1936683339906976,0.6329924051130906,0.6427199059343532,3.5351801833036656,0.3023689877748882,4.484414417683456,1.3992931021467114,776.6561631191638,380.8441570120138,1342.6594538419013,325.1890325845821,0.0,214.65137360068923,642.5127096702232,0.0,1802.4654722417783,445.06938225481366,0.0,283.68015863077324,623.2644650816662,0.0,501.7105712045365,1229.2238473932175,404.3217313993285,0.0,0.0,0.0,1292.4925861823465,0.0,0.0,0.0,0.0,0.0,1705.900239739228,0.0,0.0,0.0,0.0,0.0,0.0,0.0,0.0,0.0
138,3.174501866202082,0.1368175538471766,0.5847359691475482,0.267691248494822,3.4752471130529665,0.2846161485729964,4.283225005503225,1.1656685861520435,1300.5159533451215,575.4948354810837,1845.4370979305927,396.1800169078599,0.0,305.2473805659436,969.2595145966252,0.0,2465.5790680975383,468.9311624289846,0.0,401.4649988057288,932.9121290635584,0.0,596.9130708334959,1736.9731572184485,587.5956699879872,0.0,0.0,0.0,1217.4137542481344,0.0,0.0,0.0,0.0,0.0,1610.457900699136,0.0,0.0,0.0,0.0,0.0,0.0,0.0,0.0,0.0
139,2.9528119907128705,0.0885474622488307,0.5005413567837819,0.1010161775298668,3.3068455731225184,0.282238331844604,3.962873090389589,1.0962667652621882,2403.779476399178,1022.411465496404,3135.4242010244525,631.67425845958,0.0,525.4413214886413,1717.354993303334,0.0,4181.133592717909,678.3724064505553,0.0,690.512914166312,1646.3435554592832,0.0,936.0918545007584,2988.0260594841825,1022.6801401681392,0.0,0.0,0.0,1192.9807076996065,0.0,0.0,0.0,0.0,0.0,1577.2744229433,0.0,0.0,0.0,0.0,0.0,0.0,0.0,0.0,0.0
140,2.54613455572853,0.0625497017142858,0.4032359055003044,0.0520261826710971,2.929410430725881,0.2727305119880712,3.667114773929356,1.0936711194475557,3094.0993578316197,1341.8023551282106,3833.0703804054647,777.9949494530056,0.0,572.2581718103947,2102.2843800545397,0.0,5118.076235522404,746.2277436208087,0.0,836.9092329984913,1999.4981060448767,0.0,1059.272373848932,3594.832727535966,1211.8951893364135,0.0,0.0,0.0,1105.3836105722712,0.0,0.0,0.0,0.0,0.0,1491.3838578932996,0.0,0.0,0.0,0.0,0.0,0.0,0.0,0.0,0.0
141,2.090260155771617,0.0408008760398671,0.3043814213421921,0.018545497494554,2.428745626513793,0.2458257560744845,3.450736884928075,1.0602688713182409,3059.309382090556,1457.5957742841233,3910.254390599642,842.6274136704104,0.0,568.2931107665589,2104.7184807973754,0.0,5171.180209793894,835.4822476838474,0.0,936.553575162623,2070.785436690252,0.0,1188.745401364965,3746.3986284799857,1289.531279731232,0.0,0.0,0.0,1031.762105713473,0.0,0.0,0.0,0.0,0.0,1421.9676550030686,0.0,0.0,0.0,0.0,0.0,0.0,0.0,0.0,0.0
142,1.6680988661241112,0.0181629311476036,0.1980904018391074,0.0010674049186056,1.875717749520172,0.1994040472425289,3.221527652530142,0.9786244201957752,3018.17476002575,1584.356464012256,3743.857796008144,687.6619417634223,0.0,724.3286339282603,2239.6978121359143,0.0,4996.396408103846,771.4010027283958,0.0,1045.991619348434,2224.494047358065,0.0,1236.0412488290592,3946.2113872667737,1387.0627348261048,0.0,0.0,0.0,1208.643261889071,0.0,0.0,0.0,0.0,0.0,1677.7589450748,0.0,0.0,0.0,0.0,0.0,0.0,182.82443302294777,0.0,0.0
143,1.44372977436834,0.0045706620537341,0.1027732217324858,1.008970684779344e-15,1.3979094302912043,0.1515144576079773,3.0189449649455486,0.8640247554730602,3166.760886726025,1710.2984902704245,3337.281162671811,306.79073328431963,0.0,866.9115092418476,2216.187162391217,0.0,4522.370106836565,324.62853535216686,0.0,869.5960394060313,1966.9750012193208,0.0,712.9976300021497,3356.31261210975,1188.0839934222925,0.0,0.0,0.0,2151.344244174809,0.0,0.0,0.0,0.0,0.0,2820.568204515881,0.0,0.0,0.0,0.0,0.0,0.0,910.2851671613196,0.0,0.0
144,1.4109872121720353,0.0001890153894294,0.0376740424215039,1.008970684779344e-15,1.069233340351318,0.1040943737541566,2.9285085508167974,0.7439879207840534,3277.717217847174,1720.9799445281683,2957.9626626479176,0.7721356655171937,0.0,917.875656074644,2151.164454869019,0.0,4037.2374226120105,0.812246609180423,0.0,778.224621284514,1819.3609984929687,0.0,336.9446127232691,2953.0107957803134,969.5555365697358,0.0,54.52037834290383,0.0,2759.6049228157426,0.0,0.0,0.0,0.0,0.0,3307.767013538864,0.0,0.0,0.0,0.0,0.0,0.0,1292.6398698045114,0.0,0.0
145,1.5643056343366124,0.0002330178746026,0.010795040247402,1.008970684779344e-15,0.8620843799830382,0.0563789867123807,3.038530967745536,0.6492880439974552,2648.9160969363115,1370.818433553113,2333.8219589689606,0.0,0.0,721.627957965847,1666.2204502648676,0.0,3167.0483546620085,0.0,0.0,569.0172660048904,1386.851843883489,0.0,68.44163487192229,2257.5609238912957,718.9086641138016,0.0,729.7565435491807,332.160991418469,3310.179064830731,0.0,0.0,44.6996634136226,12.071562227278095,0.0,3765.8272983817888,0.0,0.0,0.621330408756961,0.0,0.0,13.66926899265314,1617.407112495349,0.0,0.0
146,1.925136970137976,0.0248813352956813,0.0010294564315025,1.008970684779344e-15,0.8704802398147381,0.0189536108149341,3.2118896758639925,0.5907714845323431,3132.1000954866945,1420.057909183541,2210.469659247163,0.0,0.0,645.4560237767045,1242.3832856178185,0.0,2808.025467966469,0.0,0.0,82.9315848245223,754.8739278406558,0.0,0.0,1293.427550729688,204.4637094737196,0.0,1246.2746371057297,947.2941767889794,4295.928949541157,54.65277021099494,0.0,218.3952592980299,209.391583255094,0.0,4897.952894538602,250.16622499574305,0.0,63.98229205252697,93.32509123618918,0.0,307.3673813715252,1997.2868220494368,32.07458677276476,0.0
147,2.4187375756853333,0.0780137394817278,0.0080967911505043,1.008970684779344e-15,1.0648136072555656,0.0001432917344735,3.398833317419929,0.579748582123237,2420.983073997286,966.7829510295552,1681.7288116256382,0.0,0.0,287.9111852688517,494.73665858294265,0.0,1961.6553125427115,0.0,0.0,6.314375763557611,123.44604617755128,0.0,0.0,213.58376020233615,27.46753457147561,0.0,1786.6006399831358,1860.4687872347956,5491.941991787096,730.4211396907675,0.0,613.4781454582835,660.9045149083579,0.0,6766.0834914681,1579.1399961324269,0.0,481.7479236549641,628.5017877821876,0.0,1017.4389904741048,2683.3914002962533,294.0877030049161,0.0
148,2.8420773668688795,0.1320803422700805,0.0247685214711742,1.008970684779344e-15,1.2813882589751828,3.5846881019096995e-15,3.631137777999615,0.6361145180965407,686.5878684209657,174.21180113331098,669.3453876827537,0.0,0.0,21.02170642686937,21.02170642686937,0.0,744.040151549023,0.0,0.0,0.0,0.0,0.0,0.0,0.0,0.0,0.0,2531.7723583729344,3119.180628733902,6548.44869881313,1520.8863943453775,0.0,957.8624594235904,820.0123051678519,0.0,8085.882236310751,2372.0313622562394,0.0,431.9766189388026,573.4245944178452,0.0,824.4984956660628,2250.6591209440685,247.5521109950484,0.0
149,3.1301795711529627,0.208186853011296,0.045243883375415,1.008970684779344e-15,1.4860452832194044,0.013146277177678,3.8175765269573496,0.7654942178934223,0.0,0.0,0.0,0.0,0.0,0.0,0.0,0.0,146.78046316445045,0.0,0.0,0.0,0.0,0.0,0.0,0.0,0.0,0.0,3338.647172475941,4316.548956352946,7198.531838429722,1728.0116480252982,0.0,1298.4622307278264,773.3988011533031,0.0,8352.323909866984,2141.79213240868,0.0,264.7204435504188,371.9188374295585,0.0,425.54606557618735,1208.3065768441766,161.98195414297513,0.0
150,3.344489730911958,0.5009004619559804,0.0686958515656143,1.008970684779344e-15,1.6524082633804025,0.1135155838305683,3.8509763335216025,0.96553089877824,0.0,0.0,0.0,0.0,0.0,0.0,0.0,0.0,91.83335815981653,0.0,0.0,0.0,0.0,0.0,0.0,0.0,0.0,0.0,3734.5078012485465,4706.585056293587,7446.517035300691,1662.8249669572442,0.0,1544.5857158248743,775.2196021855602,0.0,8267.458286689773,1865.771119744625,0.0,370.6902540675488,478.1377316891495,0.0,570.8850363294542,825.2371506405867,119.29911893589264,0.0
151,3.485322448879884,1.069091812957322,0.1353137994855607,1.008970684779344e-15,1.7927161877242572,0.2745211229724033,3.719165521312554,1.240508706147969,0.0,0.0,0.0,0.0,0.0,0.0,0.0,0.0,43.90080382636412,0.0,0.0,0.0,0.0,0.0,0.0,0.0,0.0,0.0,3828.403847763456,4693.061934391632,7479.462853936225,1467.1056546096172,0.0,1652.5156812410328,943.04237314412,0.0,8120.593458088814,1667.87557471537,0.0,472.4315382683853,580.1250754144492,0.0,710.438135829708,1057.028712513885,78.36449383197572,0.0
152,3.5794770446900337,1.634187869745847,0.2305681112093021,1.008970684779344e-15,1.9331563012833928,0.4925418553465152,3.5526471986272434,1.545475926241196,0.0,0.0,0.0,0.0,0.0,0.0,0.0,0.0,0.3165702449758152,0.0,0.0,0.0,0.0,0.0,0.0,0.0,0.0,0.0,2728.6553876979224,3559.443365076639,7106.841190194888,1244.299690090788,0.0,1167.1643889836937,1157.9480501230234,0.0,8289.19537449986,2110.2928574608545,0.0,722.3503070280155,883.5790266478778,0.0,1141.3374984983684,2588.6520072124044,246.33734353264444,0.0
153,3.4806864888794538,2.22468765829236,0.324265976647603,1.008970684779344e-15,2.009904281421218,0.766129648664456,3.314475853146182,1.9463212698509724,0.0,0.0,0.0,0.0,0.0,0.0,0.0,0.0,0.0,0.0,0.0,0.0,0.0,0.0,0.0,0.0,0.0,0.0,2248.2638541301853,2633.9346783486358,6807.492168236643,1224.6975302171277,0.0,1013.860232101162,1341.5215454264028,0.0,8371.298444855473,2481.3681128603216,0.0,1129.0829817665656,1420.2416210660597,0.0,1879.45235604093,3546.517365576692,778.5106386031858,0.0
154,3.2450728084983456,2.8887144043823207,0.4199297244311268,1.008970684779344e-15,2.004895148278561,1.075440057009971,2.9797211144152884,2.441057433147967,0.0,0.0,0.0,0.0,0.0,0.0,0.0,0.0,0.0,0.0,0.0,0.0,0.0,0.0,0.0,0.0,0.0,0.0,2273.222474310735,2648.7718618072595,6784.486079999353,1270.152307877242,0.0,1041.831827331202,1386.6214801820984,0.0,8439.186146503685,2554.607998096747,0.0,1260.360166045221,1550.4402976009742,0.0,1927.2482359085736,3755.280803646175,907.6873990531798,0.0
155,2.8510241895642,3.501198782631239,0.5070108941590774,1.008970684779344e-15,1.8944593622896224,1.3593204527160467,2.6170803608630124,2.86698871048036,0.0,0.0,0.0,0.0,0.0,0.0,0.0,0.0,0.0,0.0,0.0,0.0,0.0,0.0,0.0,0.0,0.0,0.0,2379.064422330558,2816.0265691445466,6884.567804306733,1349.3847805463831,0.0,1108.525477773252,1417.0772411712148,0.0,8520.510775892779,2605.331524099958,0.0,1255.4526547167554,1524.7768569653888,0.0,1877.5022066886504,3681.182401964656,876.3288824822424,0.0
156,2.4040302823443387,3.857536259568506,0.5889686760093804,1.008970684779344e-15,1.7261868592378324,1.5618286002001185,2.419931685661917,3.230157423848349,0.0,0.0,0.0,0.0,0.0,0.0,0.0,0.0,0.0,0.0,0.0,0.0,0.0,0.0,0.0,0.0,0.0,0.0,2596.20700778438,2987.0929291971684,6852.087625315269,1304.9562282796542,0.0,1245.0324167042015,1579.7423211171397,0.0,8414.514786477517,2555.897541965268,0.0,1345.6817314492516,1635.872655671076,0.0,1891.196075538329,3752.1632220612464,912.8838732368084,0.0
157,1.9704992542203568,3.9073617392438833,0.6190520458995187,1.008970684779344e-15,1.5697066783198843,1.740046939307887,2.2791436468468413,3.484202348373721,0.0,0.0,0.0,0.0,0.0,0.0,0.0,0.0,0.0,0.0,0.0,0.0,0.0,0.0,0.0,0.0,0.0,0.0,2520.168553631216,2717.7615219792783,6779.815671699452,1276.2669862175371,0.0,1178.4152493043357,1641.8235590341178,0.0,8385.483080312104,2616.4305599935938,0.0,1426.8024543919305,1766.6463039704654,0.0,2062.170647012953,3970.159521881047,1009.7094854408066,0.0
158,1.578546213095399,3.882295829172957,0.6040783248027669,1.008970684779344e-15,1.3994644873900617,1.846871708548651,2.132326650888878,3.627045069512781,0.0,0.0,0.0,0.0,0.0,0.0,0.0,0.0,0.0,0.0,0.0,0.0,0.0,0.0,0.0,0.0,0.0,0.0,2382.293479595717,2305.7527313908904,6776.190636841673,1315.26562164684,0.0,1087.5114735421712,1694.557284283862,0.0,8481.369216869723,2773.9494490946663,0.0,1513.5230036219552,1901.3135073620772,0.0,2271.2791495119423,4205.256695455432,1105.7807875753217,0.0
159,1.2894935875070312,3.8074832494523294,0.5837315950166124,1.008970684779344e-15,1.2105326153605935,1.8986045360968613,2.0380939432187644,3.613457419440585,0.0,0.0,0.0,0.0,0.0,0.0,0.0,0.0,0.0,0.0,0.0,0.0,0.0,0.0,0.0,0.0,0.0,0.0,2326.061294204264,2074.1659698781605,6850.071462054153,1376.5736558594122,0.0,1062.7273430484186,1721.524905716031,0.0,8622.26573519808,2941.153156707452,0.0,1530.9226774810263,1955.3971220419355,0.0,2361.5148803219377,4275.458012418675,1150.972892740613,0.0
160,1.0682067762937746,3.5181470708868217,0.5601569719462801,1.008970684779344e-15,1.048058616575953,1.8607629582823249,2.0087708614061004,3.472802626698807,0.0,0.0,0.0,0.0,0.0,0.0,0.0,0.0,0.0,0.0,0.0,0.0,0.0,0.0,0.0,0.0,0.0,0.0,2331.8325683715348,2048.470700005662,6959.154412917594,1452.561657262889,0.0,1054.3277821450563,1720.8832264444109,0.0,8723.353800108662,3020.4256249260493,0.0,1495.793932184003,1961.541379976738,0.0,2342.89341415483,4241.562774949499,1138.7989311074966,0.0
161,0.9012974880820808,2.963639665240563,0.4961978061739313,1.008970684779344e-15,0.8952455472628487,1.7802260055477857,2.0225645394653187,3.2494420951893708,0.0,0.0,0.0,0.0,0.0,0.0,0.0,0.0,0.0,0.0,0.0,0.0,0.0,0.0,0.0,0.0,0.0,0.0,2312.1053055768834,2025.1999196585728,7182.097537510217,1590.4995427194413,0.0,1014.8305646856476,1632.0349027229595,0.0,8922.423309347187,3182.1560889451757,0.0,1414.5209535400984,1894.055540557432,0.0,2273.7389157778894,4157.4382094308885,1067.3336350947873,0.0
162,0.683732270006144,2.388988595303449,0.3885865293582403,0.0075874372128136,0.7062980761466817,1.6351569053549848,1.9273318446785008,2.923544658387764,0.0,0.0,0.0,0.0,0.0,0.0,0.0,0.0,0.0,0.0,0.0,0.0,0.0,0.0,0.0,0.0,0.0,0.0,2202.101451052568,1895.259400387822,7568.469497394161,1857.176222551621,0.0,909.838688929406,1414.9581941681618,0.0,9349.409510617754,3538.6227959270814,0.0,1217.5124669463296,1645.4594175559337,0.0,2184.8229909346687,3930.4970495594425,915.2114647937556,0.0
163,0.4635183464850503,1.9595072643705271,0.2889990262208324,0.0268870310431903,0.499928511705297,1.4322350234809509,1.809946141390665,2.5017583386015247,0.0,0.0,0.0,0.0,0.0,0.0,0.0,0.0,0.0,0.0,0.0,0.0,0.0,0.0,0.0,0.0,0.0,0.0,2028.4435827441137,1669.0642914156872,8083.963653819868,2202.3219258599443,0.0,783.4828231539187,1133.8561389859333,0.0,9902.112317021174,3931.848423980663,0.0,947.6066037980528,1305.018642549275,0.0,2062.5750598051613,3608.0021423483217,712.2660353888339,0.0
164,0.2701306938329824,1.6316599798595564,0.2050372367559648,0.0453335724581707,0.3110324724309877,1.2903336952651812,1.7028730928462756,2.094272955209304,0.0,0.0,0.0,0.0,0.0,0.0,0.0,0.0,0.0,0.0,0.0,0.0,0.0,0.0,0.0,0.0,0.0,0.0,1632.573686005763,1314.2187711012325,7190.61342066591,2056.5472489950507,0.0,610.2346669680819,830.1089557573966,0.0,8684.37070930606,3523.126428446667,0.0,724.1760347826616,957.767269059063,0.0,1717.9483749131466,2973.35334693388,520.0392422218947,0.0
165,0.2049686776232697,1.3819197076123586,0.132656736944023,0.0836198187839288,0.2035716609192015,1.172710231846304,1.5334458834381053,1.6948319604044382,0.0,0.0,33.20328258393005,0.0,0.0,0.0,0.0,0.0,37.85302042412428,0.0,0.0,0.0,0.0,0.0,0.0,3.275588512851616,0.0,0.0,698.1263451681938,556.6655822540686,3101.36960784564,877.7162382190738,0.0,255.7667959269756,345.347045350753,0.0,3733.042291449263,1498.3112307840088,0.0,299.9157377082962,397.25221864358014,0.0,726.192885961239,1263.7978842602731,214.1157858899777,0.0
166,0.2125034846370937,1.3539541001625912,0.0736223018729724,0.1452280223122934,0.1434994270353732,1.1300745566769634,1.2658040425866772,1.3161240150861824,15.171175699108632,0.0,2914.001406081695,331.0608221064605,0.0,0.0,0.0,0.0,3563.018282407696,562.4734692938639,0.0,0.0,0.0,0.0,460.03856681875993,1239.4019567438104,0.0,0.0,1525.3485044330985,916.9510898092544,5806.254947042644,475.75992115938135,0.0,218.51082455159136,305.96853802904906,0.0,6397.626006661574,919.3096529231002,0.0,17.024197376035044,208.1513831659055,0.0,572.4349545050688,1740.9191347458825,17.946299638021014,0.0
167,0.2446635149150846,1.617574625973684,0.0651358878195349,0.2139455473355489,0.0906997362554159,1.0960673734022637,1.051268878036948,1.036346831153223,133.57718165927426,0.0,3350.63578984552,595.9704706808983,0.0,0.0,0.0,0.0,4166.851752995933,900.9272539791888,0.0,0.0,0.0,0.0,781.4058993363501,1856.6927921828187,0.0,0.0,1749.2769922291543,1137.0005600201632,5821.359823824933,242.27535068889253,0.0,253.9683609078364,244.2414246489217,0.0,6112.653561017796,471.5460282137317,0.0,0.2012783124062709,5.333875278766182,0.0,297.25640416475864,1536.0678520799418,0.3019174686094063,0.0
168,0.3280581036478417,1.8999000330697664,0.0934699521528238,0.2726329641389576,0.0662166815317069,1.097603523258708,0.9064045640540266,0.8348483196972419,516.3324600030154,0.0,3758.860880654923,1071.9242760901989,0.0,0.0,0.0,0.0,4877.435987043312,1617.0785293110157,0.0,0.0,0.0,0.0,1177.211149076937,2485.062967398856,0.0,0.0,1607.153567362406,1109.2797241595729,5156.427204882374,23.61467296387724,0.0,239.93933673515548,153.6999706955995,0.0,5202.807591780278,45.95973985442775,0.0,0.0,0.0,0.0,28.974224316277954,1094.9669291563,0.0,0.0
169,0.423324358939689,2.077789611521341,0.123135304245847,0.3211118891760801,0.0727743305895743,1.1192147072652747,0.9061925846596004,0.7322744168464101,901.4425052142476,390.82655704773873,4143.232994923779,1518.9339170125922,0.0,100.65526887719425,320.73636240268934,0.0,5546.467604663833,2274.938523161517,0.0,171.33142477596408,498.0398842618096,0.0,1530.4929531864598,3063.50953383263,415.5916521471128,0.0,382.3030964373524,265.6964875022122,3426.33365573941,0.0,0.0,57.26217403064918,34.565530505773694,0.0,3789.733744431351,0.0,0.0,0.0,0.0,0.0,0.0,251.53711356008807,0.0,0.0
170,0.5996512675518944,2.193309944484521,0.1566332567378071,0.3707145324287044,0.1144929054163465,1.0890676682192733,1.0515189516422645,0.7389151496946191,1366.8720448334332,1048.057494014237,4225.182801417773,1591.5037352236968,0.0,283.31057917464994,718.443652457589,0.0,5679.196264776303,2191.8302837426404,0.0,326.931052016349,996.01057917465,0.0,1409.5418794893224,3156.1576714239263,789.288947983651,0.0,0.0,0.0,1693.999603516071,0.0,0.0,0.0,0.0,0.0,2026.6822852681105,0.0,0.0,0.0,0.0,0.0,0.0,0.0,0.0,0.0
171,0.8401881108289048,2.2359500826503336,0.1882589993297341,0.3999025268745846,0.2710317015722602,1.0277523926137913,1.3273630105888758,0.7829020219485064,2187.5668847996653,1524.8627622297818,4072.305977579114,1265.7881624331928,0.0,557.907685599068,950.7500825102848,0.0,5322.551207274965,1506.436059893109,0.0,225.94036218248948,1037.102258545007,0.0,849.7739340310303,2659.0962956648204,697.5392815145921,0.0,0.0,0.0,1350.1721656341736,0.0,0.0,0.0,0.0,0.0,1642.78583415482,0.0,0.0,0.0,0.0,0.0,0.0,0.0,0.0,0.0
172,1.1731235167607312,2.2074085932098466,0.2164600676615365,0.4033503822051664,0.6207332060722771,0.9462648962562928,1.8175750185135315,0.8416604035468183,2951.3003798324576,1910.910119656479,3935.3020404222016,937.1976614169064,0.0,824.9838965916684,1138.2036857675778,0.0,5052.946093608015,899.564846214541,0.0,105.13074894940262,1050.6660375478573,0.0,458.1151688565068,2262.746009148673,617.9984852883374,0.0,0.0,0.0,2171.4440010358644,0.0,0.0,0.0,0.0,0.0,2665.6915455575686,0.0,0.0,0.0,0.0,0.0,0.0,0.0,0.0,0.0
173,1.668668008959028,2.0301756385825027,0.2471702657674425,0.3843910790143969,1.1748264989191592,0.8868781307353315,2.525287971725364,0.9025205135836112,2378.5745738210235,1675.252928110704,4035.490784434789,1050.3695219425822,0.0,630.1719601571056,1060.4105558704812,0.0,5273.576361339842,1131.8458064935942,0.0,176.76262749865805,1076.2278516598878,0.0,761.59094089769,2576.330132224259,667.7160431472762,0.0,0.0,0.0,2050.638299213125,0.0,0.0,0.0,0.0,0.0,2533.135638578105,0.0,0.0,0.0,0.0,0.0,0.0,0.0,0.0,0.0
174,2.2279496977358515,1.767367060087503,0.2836562301678692,0.3643156137431211,1.8956401112307408,0.7937007500964126,3.3005666744557205,0.9841475564184796,1622.025887703622,1277.671142292082,4257.757598890498,1333.0180256332535,0.0,382.9313941241019,956.003989520262,0.0,5659.889952962452,1651.9879431990887,0.0,262.88328605668346,1098.765259978612,0.0,1182.5340123863136,3008.200785037117,739.1123443020381,0.0,0.0,0.0,1881.9107355051128,0.0,0.0,0.0,0.0,0.0,2339.778604783626,0.0,0.0,0.0,0.0,0.0,0.0,0.0,0.0,0.0
175,2.698585754105326,1.4566112255519847,0.3109325955077409,0.3265723605787812,2.558130584903086,0.6867107041433551,3.9516546919895466,1.0420520095296522,1527.9490488374784,1127.9182095617518,4292.819129983647,1368.5594456122512,0.0,384.629147308717,1005.7627301220768,0.0,5759.163903437259,1799.350770694031,0.0,340.85039365025773,1176.4782037153743,0.0,1377.0570426638849,3221.6862482632555,829.8499692593731,0.0,0.0,0.0,1736.282907343091,0.0,0.0,0.0,0.0,0.0,2173.3176773033547,0.0,0.0,0.0,0.0,0.0,0.0,0.0,0.0,0.0
176,3.030663109395351,1.1558070912558107,0.3220395062990029,0.2738775483986723,3.1409842646697603,0.5788017843189398,4.440265092310973,1.0285444834152826,1465.0066700850446,1027.6481695581829,4316.254120190832,1392.3475508649658,0.0,385.73368097905,1039.057249002282,0.0,5825.647761808754,1898.057982592823,0.0,393.0099090811035,1228.4565201244554,0.0,1507.294689267787,3364.6520413856047,890.6126207176934,0.0,0.0,0.0,1594.5297178178798,0.0,0.0,0.0,0.0,0.0,2050.3899878033603,0.0,0.0,0.0,0.0,0.0,0.0,0.0,0.0,0.0
177,3.27918072666208,0.8187375654717545,0.3189484265424765,0.2073230447441872,3.666454158451342,0.4718563543618938,4.851433782527532,0.9789578546112948,1363.0521226761828,865.3620562032136,4354.263312352073,1430.852434913828,0.0,387.50864881823856,1093.0086740324434,0.0,5933.215104911505,2057.73792926341,0.0,477.5189091162912,1312.6938668252078,0.0,1718.1434705122151,3596.0006137944624,988.9533788250412,0.0,0.0,0.0,1565.602494809388,0.0,0.0,0.0,0.0,0.0,1990.904662694092,0.0,0.0,0.0,0.0,0.0,0.0,0.0,0.0,0.0
178,3.39068592544568,0.5146026784779775,0.3042175061661121,0.1462627226219001,3.995902360859534,0.388834960997814,5.106163010031531,0.9283204118552324,1277.7077161986515,717.4910347213572,4390.767852908607,1467.3480943712325,0.0,387.2386156272775,1139.170014588843,0.0,6027.424808877355,2202.19036077942,0.0,553.2337498117757,1386.4010254200637,0.0,1907.545308178425,3797.2514199389834,1075.3985106029568,0.0,0.0,0.0,1483.1901153477202,0.0,0.0,0.0,0.0,0.0,1890.6629051129892,0.0,0.0,0.0,0.0,0.0,0.0,0.0,0.0,0.0
179,3.3482641144514425,0.3586442087441829,0.2830146121876095,0.0998835997733063,4.11533043280124,0.3219803456634797,5.035090690618728,0.8757653696447113,1249.4107084878808,609.1556611424171,4419.977912512116,1511.8567686491397,0.0,381.7487501671063,1144.971004749359,0.0,6070.236967749174,2282.3363567628294,0.0,585.6204089672511,1409.5566781138643,0.0,2004.1777281651928,3879.691171946301,1113.837949751711,0.0,0.0,0.0,1400.4779395338344,0.0,0.0,0.0,0.0,0.0,1799.9224603016005,0.0,0.0,0.0,0.0,0.0,0.0,0.0,0.0,0.0
180,3.18070825400778,0.2513909028896556,0.2551403070044533,0.0529558531880974,4.0758644003653,0.2902548528977219,4.806454827359023,0.7576723581409474,1194.0561266380066,449.6437042775503,4440.600338168885,1582.8133307078533,0.0,383.8907825402048,1155.2586787438752,0.0,6127.442312219803,2364.212276818993,0.0,622.5259221527526,1441.9310263644898,0.0,2108.9883995187797,4009.618096750704,1169.3892213980153,0.0,0.0,0.0,1296.232441965216,0.0,0.0,0.0,0.0,0.0,1684.681714473752,0.0,0.0,0.0,0.0,0.0,0.0,0.0,0.0,0.0
181,2.941187711455932,0.2073243045120154,0.2230715962313854,0.0231899516224359,3.924135921054524,0.276073630597621,4.450259124473725,0.640429772053156,1276.429015598188,404.458067275178,4366.212191719107,1562.6027294541386,0.0,383.3674642781714,1248.2738291271078,0.0,6076.445604198421,2263.8024580964893,0.0,692.6865949037825,1533.3625794274617,0.0,2060.635567875886,4085.0665222587104,1200.2420840747811,0.0,0.0,0.0,1142.671415341185,0.0,0.0,0.0,0.0,0.0,1511.0210770350575,0.0,0.0,0.0,0.0,0.0,0.0,0.0,0.0,0.0
182,2.5690353326632653,0.1829207759672483,0.1920007706582817,0.0129019511938785,3.5351419079921724,0.2568139991611348,3.910581190644527,0.5342546434036543,1360.4056080551763,405.0541524940305,4290.574450731078,1502.3423860623463,0.0,389.1422550452059,1337.2483805877862,0.0,5984.990371683166,2129.1113100013545,0.0,750.0848290935921,1614.1883310458927,0.0,2006.2676857397612,4131.002083423465,1234.099593624456,0.0,0.0,0.0,1054.0439783702357,0.0,0.0,0.0,0.0,0.0,1450.991337695255,0.0,0.0,0.0,0.0,0.0,0.0,0.0,0.0,0.0
183,2.069705483274595,0.1735324701779535,0.1616549766838078,0.0128868772035254,2.9756942249319693,0.2243063867441912,3.2572549793708023,0.4433511214051706,1472.7955656389634,479.2311805815722,4194.142491403124,1373.8565191840205,0.0,410.3783689680451,1418.3389123599145,0.0,5831.951983854255,1934.946059702388,0.0,799.2737051109939,1686.527382786293,0.0,1941.804996414552,4124.158424695782,1300.624270994759,0.0,0.0,0.0,945.2146427655616,0.0,0.0,0.0,0.0,0.0,1356.271133050618,0.0,0.0,0.0,0.0,0.0,0.0,0.0,0.0,0.0
184,1.5677822629775275,0.1658640369169393,0.1284839312198556,0.0116503329169445,2.3138276914989278,0.1866013659269152,2.635352598789144,0.3239136855149498,1551.1940605296445,531.7324796596878,4168.820470994843,1322.4573438491875,0.0,420.1964543992696,1441.7365627540228,0.0,5756.120751439946,1869.1322149823936,0.0,824.5169575922631,1716.779337723129,0.0,1902.4306580963312,4139.476674457406,1344.0060827864258,0.0,0.0,0.0,965.4395249862388,0.0,0.0,0.0,0.0,0.0,1370.9386113178748,0.0,0.0,0.0,0.0,0.0,0.0,0.0,0.0,0.0
185,1.1206183517037334,0.154101681568102,0.096026368329099,0.0094658954950176,1.6686325084502638,0.1517474662044213,2.088225786972062,0.2030752691209689,1745.5489740952214,674.6305106007277,4186.182975358998,1264.9807483669454,0.0,436.2764661425354,1521.2756870648168,0.0,5687.195471769221,1747.837450117266,0.0,862.1723592484525,1829.537026915414,0.0,1795.254584053029,4135.791356583975,1356.93566276844,0.0,1.140871697628994,0.0,1490.2075045408774,0.0,0.0,0.0,0.0,0.0,1923.37216276928,0.0,0.0,0.0,0.0,0.0,0.0,4.432994929676059,0.0,0.0
186,0.9556292970846124,0.1485126875583473,0.0774866276725809,0.0074096564600278,1.1486329763296812,0.1238548012624635,1.7117822721286575,0.1403739914950163,1560.8777779468464,635.9813980216094,3549.6553705559686,1049.5666158250497,0.0,374.852373067657,1324.1675246697669,0.0,4785.359984157123,1422.7351343563423,0.0,741.2849496535675,1601.2944772189933,0.0,1465.6784011329248,3479.7164307871394,1138.0300506935885,0.0,159.6009782847326,0.0,2365.681994344709,0.0,0.0,0.0,0.0,0.0,2845.605031683486,0.0,0.0,0.0,0.0,0.0,0.0,620.0024270211458,0.0,0.0
187,1.197185247829589,0.1614622142989991,0.0953319616884894,0.0095696809833897,0.8651725795215953,0.0975565178706324,1.4195853555044051,0.0914564313089699,1091.1127404945928,444.586551385163,2481.333558373699,733.6790880200994,0.0,262.02962418060986,925.6289995050688,0.0,3345.1339745663413,994.5410427932272,0.0,518.1950868135295,1119.3433223564014,0.0,1024.5618505316784,2432.426782074415,795.5334858428056,0.0,343.9989591318165,0.0,2967.0268556361816,0.0,0.0,0.0,0.0,0.0,3506.264911261427,0.0,0.0,0.0,0.0,0.0,0.0,1329.4309359219308,0.0,0.0
188,1.660598559605942,0.1744949753002874,0.129332368704319,0.0144294776611306,0.8071157718831113,0.0794222568239251,1.316795967073845,0.0415405535681061,691.9952618050594,250.67281539662,1328.4992755300586,298.1293117371608,0.0,144.8485117591993,427.0987573758359,0.0,1734.3194690271632,332.4740702937739,0.0,173.22812839185443,476.6427196522751,0.0,342.55395992289374,1100.7298345936974,265.9496743995041,0.0,477.2357202052103,35.79805096327473,3703.3453365802216,0.0,0.0,0.0,26.0095214030043,0.0,4380.118015563792,101.52103515366196,0.0,30.763950046564226,30.763950046564226,0.0,167.80336389035034,1821.742543979601,0.0,0.0
189,2.2577148674028265,0.1803009964684344,0.1694026793347176,0.0191434804385392,0.9337472450556482,0.0747349726320646,1.496680145833066,0.004036050844684,1453.0215134708033,433.143689890733,2059.643524729025,128.41242637872688,0.0,240.76017543113235,420.8479364342306,0.0,2488.6990844317816,0.0,0.0,0.0,306.6166178683218,0.0,0.0,995.6164855403993,0.0,0.0,604.8853606028451,189.9214041385023,4298.19488287486,0.0,0.0,0.0,125.99405672807433,0.0,5122.536321223504,525.7195262821775,0.0,139.5156135381378,145.5261587560428,0.0,671.0523175120857,2162.907852015252,0.0,0.0
190,2.8742671644916964,0.1985100446938736,0.2100067586141431,0.024395355627908,1.197146839907927,0.0793382400000049,1.7090977278880024,0.0021630213687704,2203.254738780012,722.7854842974508,2065.7584933797643,2.1266851968486784,0.0,395.360920299277,495.0491909734513,0.0,2388.907822016751,0.0,0.0,0.0,255.607771690341,0.0,0.0,699.6564857476828,0.0,0.0,789.2284089047198,416.7871610475405,4912.361515720126,85.79325188518715,0.0,18.07750709105806,246.84813427093923,0.0,5985.119440042287,1121.848193541384,0.0,247.66426520614957,275.677265256155,0.0,931.3645180852884,2366.441684547388,25.56818682492189,0.0
191,3.523537139406568,0.2264044510362142,0.2570772083283041,0.0316067996810642,1.478987189179459,0.0797795916377152,2.023851483386754,0.005517266808997,1173.9968012200698,40.73921284839931,951.3656170671802,0.0,0.0,22.25607361645124,27.046428509135037,0.0,1094.7521815605471,0.0,0.0,0.0,14.879774932141688,0.0,0.0,28.53016675023177,0.0,0.0,1019.930756740969,749.8612290759992,5724.0930797992905,970.4165728098128,0.0,195.50171594223775,382.1574649580441,0.0,7072.3818999139285,1898.4402836664824,0.0,366.5142406145872,421.2946019422127,0.0,1205.1423600472715,2547.7545264847554,240.15579320153708,0.0
192,4.04667970156299,0.2722626164198783,0.3021565912164573,0.039446453240226,1.7096459311771044,0.1082433222059847,2.3344081971175696,0.0291148549810883,98.35401297359265,0.0,629.0022076759144,0.0,0.0,0.0,0.0,0.0,799.4954927671076,0.0,0.0,0.0,0.0,0.0,0.0,0.0,0.0,0.0,1421.3412833926714,1661.6991854166165,7437.6279860657,2272.599949946313,0.0,393.039992491947,507.42700840417547,0.0,9023.795250147336,3448.7973431180217,0.0,459.5459706782275,554.6883068129526,0.0,1322.3148013595228,2370.288319326374,208.26805363817644,0.0
193,4.193314225542349,0.437075887308135,0.3161231843322252,0.0421514773729247,1.7855062537774096,0.1997099295722637,2.5767298023613074,0.0860559307699332,0.0,0.0,378.45876005288113,0.0,0.0,0.0,0.0,0.0,585.4078000583502,0.0,0.0,0.0,0.0,0.0,0.0,0.0,0.0,0.0,1451.7436290798514,1733.276944431788,7615.536067210828,2395.9699838140305,0.0,410.0406459579555,518.6783781702044,0.0,9225.334610337975,3610.214445381032,0.0,473.3660063181693,571.8835735734758,0.0,1349.2787096191523,2369.1166191230936,211.36344715584744,0.0
194,4.244270731420471,0.7719965907516925,0.3763187854944382,0.0462470535643518,1.837812352261448,0.3246021507421685,2.716832928981955,0.1610624181294234,0.0,0.0,58.56718996081237,0.0,0.0,0.0,0.0,0.0,292.51704306835165,0.0,0.0,0.0,0.0,0.0,0.0,0.0,0.0,0.0,1297.6704651126936,1402.4985202715982,7830.859047190658,2339.4017793620064,0.0,373.4390961624589,512.6842699136974,0.0,9474.225941844084,3819.51026579379,0.0,573.5364074026496,663.0659051035929,0.0,1671.7396862098574,2707.234699546214,348.80602002070293,0.0
195,4.263975843395486,1.181255951960129,0.4911403582461294,0.0550030140598018,1.8977342163978244,0.4994362046766148,2.725675974772327,0.2716561323579556,0.0,0.0,0.0,0.0,0.0,0.0,0.0,0.0,142.6264217852233,0.0,0.0,0.0,0.0,0.0,0.0,0.0,0.0,0.0,1057.8599228484431,888.7584713201654,8163.517390957048,2250.948699715179,0.0,316.6974912534112,504.8183910385218,0.0,9859.593745731763,4144.701417143274,0.0,731.2167029726919,807.286195988897,0.0,2176.3160750124184,3238.7931455690195,564.6240107634613,0.0
196,4.095597327373044,1.636170222583765,0.6209611235602753,0.064681555077125,1.8917926890291896,0.7184093282192752,2.67568864530186,0.451610417868296,0.0,0.0,0.0,0.0,0.0,0.0,0.0,0.0,52.07613008029252,0.0,0.0,0.0,0.0,0.0,0.0,0.0,0.0,0.0,988.0584839309456,773.6456728684133,8187.976136629135,2216.673170420136,0.0,311.7518002277792,554.3735209580489,0.0,9917.370626006032,4230.162475864303,0.0,845.6437825842168,928.3352307475898,0.0,2428.467412444522,3581.992231406765,694.4901185373474,0.0
197,3.6108315179617305,2.0832717428635177,0.725282876375282,0.0704831138671108,1.7527377787319611,0.944164906332765,2.6117741208773526,0.6955646595787377,0.0,0.0,0.0,0.0,0.0,0.0,0.0,0.0,0.0,0.0,0.0,0.0,0.0,0.0,0.0,0.0,0.0,0.0,1017.1015009239048,791.7650100224985,8045.785147525816,2203.0011889610773,0.0,375.09773147229447,702.300053913774,0.0,9870.178552621335,4275.126528272517,0.0,1063.4067843861385,1117.863623469501,0.0,2766.437312418981,4017.0969834985713,852.1738653444218,0.0
198,3.029347669514952,2.488613226547579,0.8118306824053141,0.0729373111893699,1.573563935144028,1.13437464496698,2.5490527686894766,0.9395558780707448,0.0,0.0,0.0,0.0,0.0,0.0,0.0,0.0,0.0,0.0,0.0,0.0,0.0,0.0,0.0,0.0,0.0,0.0,1025.0514625328717,628.5204656662767,7783.4858815938705,2067.999039933126,0.0,413.5168230672797,834.1660285818579,0.0,9680.60383327332,4224.518683580875,0.0,1205.71149905328,1289.7753943250782,0.0,3021.8630717190194,4336.982391571003,994.8676124381274,0.0
199,2.418683320647903,2.760494547874621,0.8981036673217553,0.0754542569257204,1.3720485700374825,1.2696012586181975,2.431957947744508,1.1612560935991982,0.0,0.0,0.0,0.0,0.0,0.0,0.0,0.0,0.0,0.0,0.0,0.0,0.0,0.0,0.0,0.0,0.0,0.0,1014.4331343682836,235.79561604434969,7264.051654955243,1850.57611556633,0.0,484.0026641286081,1064.110239044566,0.0,9415.020258040086,4152.961306147196,0.0,1490.8833429709507,1638.762836358753,0.0,3475.5392571738744,4876.951885724916,1292.2526607199684,0.0
200,1.7862864255735773,2.8229511678608445,0.9229590506077758,0.0730558424217326,1.1362398604502633,1.390996426571826,2.340359871785038,1.375782388115696,0.0,0.0,0.0,0.0,0.0,0.0,0.0,0.0,0.0,0.0,0.0,0.0,0.0,0.0,0.0,0.0,0.0,0.0,1034.6843981517086,300.71991484367203,7389.694234094463,1926.421083899402,0.0,478.4777061486052,1031.0678293095884,0.0,9514.796512071234,4165.983229095979,0.0,1420.9810930464198,1568.613364767782,0.0,3319.5524704194604,4721.775772160948,1234.2288655851228,0.0
201,1.2259228099853816,2.8008984937222485,0.8907294174033211,0.0663378720398683,0.90263315531163,1.4529347672637936,2.262477190150175,1.5324926224823965,0.0,0.0,0.0,0.0,0.0,0.0,0.0,0.0,0.0,0.0,0.0,0.0,0.0,0.0,0.0,0.0,0.0,0.0,1060.2405777972954,382.4456330315333,7544.380643940126,2018.587961670936,0.0,471.7300037987605,991.0502317650296,0.0,9634.84930470491,4181.098249157893,0.0,1334.524996688929,1481.83046732882,0.0,3128.541920263068,4532.782546184769,1162.2341871266035,0.0
202,0.8285903376695102,2.763932667358364,0.8532631529492999,0.0599677064226503,0.7171593541334688,1.4703704312682415,2.2153565621687195,1.6155252701279823,0.0,0.0,0.0,0.0,0.0,0.0,0.0,0.0,0.0,0.0,0.0,0.0,0.0,0.0,0.0,0.0,0.0,0.0,1083.1768573174486,462.746010274237,7687.131904842688,2101.0867683850865,0.0,462.95012584919095,953.7598664031,0.0,9740.080746330128,4187.713659560305,0.0,1252.4065303170507,1410.1682974668731,0.0,2948.769282662311,4360.393262766984,1099.3178082661257,0.0
203,0.6673497364196572,2.594222284110506,0.8376671563308297,0.0567677864346925,0.6343519481902414,1.42333349377444,2.1152544084392435,1.6167950342402515,0.0,0.0,0.0,0.0,0.0,0.0,0.0,0.0,0.0,0.0,0.0,0.0,0.0,0.0,0.0,0.0,0.0,0.0,1103.260339985907,576.2656840757301,7817.762704393366,2155.2628233722257,0.0,436.5405750880199,917.8884587081558,0.0,9788.63360863546,4132.694386621885,0.0,1162.2772749318767,1404.7799239432054,0.0,2763.0402136167627,4221.116450709224,1068.5740648650492,0.0
204,0.5945515038232869,2.2485690724580447,0.7714957544875973,0.0522177354215039,0.5748641047057312,1.322313714919915,2.002424261371885,1.5671031281868923,0.0,0.0,0.0,0.0,0.0,0.0,0.0,0.0,0.0,0.0,0.0,0.0,0.0,0.0,0.0,0.0,0.0,0.0,1133.6164791571257,733.4974523990167,7712.904356150932,2141.322671194752,0.0,434.74128236927686,905.769354952602,0.0,9482.115515952026,3973.183411384677,0.0,1149.5753780555328,1414.6593138656256,0.0,2660.3399762487534,4125.47561946127,1073.087070742416,0.0
205,0.4983440193631309,1.9223578342310492,0.640823513494892,0.0427900979003333,0.4768865017441228,1.1965461280536611,1.954962112231184,1.5098029648301872,0.0,0.0,0.0,0.0,0.0,0.0,0.0,0.0,0.0,0.0,0.0,0.0,0.0,0.0,0.0,0.0,0.0,0.0,741.9189000210027,525.892147793063,4949.506121254306,1394.2939612602677,0.0,292.5597748318222,590.6637555423134,0.0,6037.084166050269,2552.853394958601,0.0,760.4218841432285,923.364122073718,0.0,1709.6961348812156,2653.4261797405334,701.1870544498028,0.0
206,0.4122220064316282,1.7110877561844478,0.5012350308143518,0.0330758585581406,0.3753225586907644,1.122926728315221,1.869091179055424,1.4393857493087063,0.0,0.0,0.0,0.0,0.0,0.0,0.0,0.0,0.0,0.0,0.0,0.0,0.0,0.0,0.0,0.0,0.0,0.0,829.377031422062,633.1086664949216,4353.292209894863,1152.73243513273,0.0,337.31146679978184,668.0016945227803,0.0,5128.05062423105,1953.2282943615892,0.0,738.9463144510216,942.4277611203308,0.0,1462.5190234179825,2423.7026921574966,672.6062981623082,0.0
207,0.3478136347508307,1.6074301930365404,0.3871133735946839,0.0269487532066455,0.285946647524253,1.108411004364124,1.7630720183043282,1.3759521466764149,3.9789347158233,0.0,131.39028020008442,0.0,0.0,0.0,0.0,0.0,200.58505357150167,0.0,0.0,0.0,0.0,0.0,0.0,65.07065344913083,0.0,0.0,1537.4476171144645,1192.8861770688409,7137.370879712646,1706.904116404712,0.0,600.8000093066474,1214.7076074598697,0.0,8274.378010591014,2764.1187609279955,0.0,1268.8353498950817,1674.219264398315,0.0,2290.2376655695803,4049.810004175017,1191.8869331267192,0.0
208,0.3227029325242912,1.5518875452057854,0.2883511325611482,0.0947635175086828,0.2013520843853831,1.1571334722838376,1.6510656137413755,1.396028301928416,65.9424167706505,0.0,640.6595963151417,0.0,0.0,0.0,0.0,0.0,875.5485064094335,0.0,0.0,0.0,0.0,0.0,0.0,357.7935538546655,0.0,0.0,1644.5237913477497,1261.0069431191066,6998.551754672804,1440.6628445785122,0.0,622.0138862382136,1275.6081279152784,0.0,8074.259124532073,2328.623224140368,0.0,1258.5466589815655,1727.6646920063804,0.0,2118.717370393119,4020.744123731298,1230.3710427274011,0.0
209,0.312629199612575,1.669615383599531,0.196517014378482,0.2424114420490683,0.112139808338871,1.3206564000920042,1.5952390783769572,1.5518900088170224,768.6061705245492,284.84533791869615,1489.7071891518212,0.0,0.0,71.76988902215165,115.95701481967598,0.0,1771.887814201145,0.0,0.0,95.3445559355245,201.82823392538376,0.0,46.988443434842274,1368.0324057526475,114.34083690635772,0.0,1940.0341661457655,1220.2117992549988,5222.311274085126,423.41916546649713,0.0,320.22898613769416,1140.1656813905904,0.0,5921.008320701976,734.1733770979562,0.0,540.0807464127529,1261.8102976132743,0.0,812.0615676140247,2367.950322699386,676.9084628466869,0.0
210,0.3180631377770239,1.942717858820666,0.1647939621750752,0.3827954954347532,0.0426234817730051,1.4895751878204453,1.5995836104003798,1.69897083911149,1433.1818588097456,1687.2634275325192,1953.8830907624808,0.0,0.0,424.7019892486749,699.506656348099,0.0,2392.3675206582634,0.0,0.0,564.0410098942615,1197.8182860258128,0.0,308.7257840910814,2164.739601651239,685.1128537667669,0.0,1965.0114008367805,1079.8876055785192,4077.5982789106697,0.0,0.0,35.66097935441342,910.7265496665582,0.0,4542.966366094785,0.0,0.0,0.0,800.0860752592755,0.0,0.0,1038.7403217080423,196.59257849227916,0.0
211,0.3856115674590166,2.2303614821458084,0.1982205032922984,0.5327276170365453,0.0560335155993965,1.6847057276556934,1.65806074294196,1.852248004374509,1459.4264375032446,1697.797118383027,1972.1795209051425,0.0,0.0,427.2488197251033,707.0045252707042,0.0,2416.8476551976933,0.0,0.0,567.3824514793356,1205.8662703313264,0.0,318.17961881958354,2196.185826909796,691.3271201292521,0.0,1921.226291286024,1055.825151237224,4051.325175715834,0.0,0.0,34.86636824576776,890.4334044303768,0.0,4519.160632265514,0.0,0.0,0.0,782.2582619242768,0.0,0.0,1015.5947263382612,192.21203007282227,0.0
212,0.5960219222943144,2.429153799930422,0.2677076739292556,0.7132636692241549,0.2050571746374834,1.809975665180379,1.8677428198264696,2.014071168586281,3102.9652604676608,2405.597711216706,2745.753690472331,0.0,0.0,725.6963116464071,1284.233219391815,0.0,3415.5506200396258,0.0,0.0,800.3232439265406,1684.5637940136344,0.0,660.2286631708175,3592.3721961270167,995.7624179054604,0.0,13.405043493623394,7.366848006500326,2789.160870816624,0.0,0.0,0.2432744049564035,6.212854034271224,0.0,3375.534888278524,0.0,0.0,0.0,5.458079598380835,0.0,0.0,7.086146770012148,1.3411281298878617,0.0
213,0.9104261385600018,2.563208706500729,0.3626641886256477,0.988404129706844,0.5022180276542196,1.8797929126086392,2.2345222064316363,2.2609972420337536,4699.832760481042,3083.0387457456395,2672.4258212714603,0.0,0.0,1349.7491042018655,2172.685583019915,0.0,3233.3461668011864,0.0,0.0,1163.8665122219763,2175.1323876632578,0.0,523.2401166223693,3815.9916270117233,1154.7142568523457,0.0,0.0,0.0,2146.576929014982,0.0,0.0,0.0,0.0,0.0,2773.3852964450057,0.0,0.0,0.0,0.0,0.0,0.0,0.0,0.0,0.0
214,1.3009589831794748,2.654624678293629,0.4576078663221883,1.212760911473528,0.968803236722698,1.9381592950335789,2.703716896733168,2.54495187835301,4076.797008216689,2373.930074438236,2755.322402512137,13.018369257042702,0.0,1189.3704255808643,2091.218758159184,0.0,3451.265362633746,3.8018246502868074,0.0,1266.6757523916183,2189.8387037095376,0.0,833.0131661115144,4106.798443697115,1218.7782652688547,0.0,0.0,0.0,2007.776150895432,0.0,0.0,0.0,0.0,0.0,2605.7736996956046,0.0,0.0,0.0,0.0,0.0,0.0,0.0,0.0,0.0
215,1.8089549302184895,2.633492163963255,0.5673327933664256,1.3686686568239204,1.680912919094001,1.9519166625014697,3.24499868408209,2.721708714669534,3967.04748909281,2021.9621737694888,3069.13105121475,128.82020482809722,0.0,1126.7931740148242,1930.116922527788,0.0,3750.0275687470776,64.36303773378813,0.0,1116.5566726063862,1915.5714016834345,0.0,821.1551173234275,3895.382970781232,1053.773669955227,0.0,0.0,0.0,1825.790563876549,0.0,0.0,0.0,0.0,0.0,2421.5235447885184,0.0,0.0,0.0,0.0,0.0,0.0,0.0,0.0,0.0
216,2.298344239982396,2.5027851575960067,0.6695413132485049,1.5110854103122924,2.3921380893468456,1.900680153990703,3.796907539867784,2.886201225792359,3532.870471649356,1799.2557831745123,3148.156922906333,258.6747275317525,0.0,1007.0705716099876,1878.824973924876,0.0,3904.4990808735374,266.2269886027156,0.0,1181.1925763376146,1998.350899260056,0.0,1113.4896748171554,4188.288380683038,1149.771037790781,0.0,0.0,0.0,1684.5967904197576,0.0,0.0,0.0,0.0,0.0,2277.8107075402595,0.0,0.0,0.0,0.0,0.0,0.0,0.0,0.0,0.0
217,2.793315292805042,2.2620254270347875,0.7632813858485753,1.6608673352313337,3.124492633034452,1.7911771834684465,4.421604562657119,3.035516981254066,3126.896435603239,1604.210019952869,3208.778012937812,376.2653048178626,0.0,896.6166408163056,1837.4936144692188,0.0,4037.213081436716,454.444185597392,0.0,1249.1569371179676,2089.026335870206,0.0,1390.671635794994,4474.987107730253,1248.0459435868734,0.0,0.0,0.0,1627.023130724075,0.0,0.0,0.0,0.0,0.0,2214.5699603531693,0.0,0.0,0.0,0.0,0.0,0.0,0.0,0.0,0.0
218,3.206860883286597,1.9170152673215524,0.8326436323371219,1.7406756156908545,3.8629747929085623,1.6090716569218464,5.045448685349196,3.1210895325931123,2448.3012850452724,1278.2107154990335,3310.0655541645174,572.7835752616047,0.0,711.9564885927431,1768.447122575195,0.0,4259.038714372862,769.026721786875,0.0,1362.7381214396337,2240.62083010652,0.0,1853.962535929808,4954.230123729536,1412.2708985218924,0.0,0.0,0.0,1495.8495585769767,0.0,0.0,0.0,0.0,0.0,2064.62707641601,0.0,0.0,0.0,0.0,0.0,0.0,0.0,0.0,0.0
219,3.433057456767752,1.5382992233693713,0.83641101357626,1.6288240376457284,4.361020468918169,1.3810878335373056,5.410211783126561,3.010532880563579,2355.5580012985524,1205.4735228784657,3301.926613832062,592.5585440669821,0.0,695.3880692877234,1782.4391357303318,0.0,4282.374249285491,815.4712505011344,0.0,1405.34093116415,2274.37118298932,0.0,1939.558908365184,5072.351249686399,1452.9502721289623,0.0,0.0,0.0,1382.095075870094,0.0,0.0,0.0,0.0,0.0,1935.4525749468824,0.0,0.0,0.0,0.0,0.0,0.0,0.0,0.0,0.0
220,3.526646092852068,1.177255074681253,0.8222493177009952,1.483482588877081,4.651595639420775,1.1322484314301409,5.585199389046719,2.7855524725128054,2586.855400074674,999.0520270789276,3089.814925613777,498.8684155291266,0.0,761.8633871831324,1942.3462433140887,0.0,4108.47166082343,613.6877798405945,0.0,1505.3445606033292,2429.3279295018588,0.0,1807.5967130122865,5179.644889920895,1586.1901262063948,0.0,0.0,0.0,1206.4923412837168,0.0,0.0,0.0,0.0,0.0,1744.9977716240203,0.0,0.0,0.0,0.0,0.0,0.0,0.0,0.0,0.0
221,3.4645421667199963,0.8661223042900948,0.7798994870221253,1.324361313926916,4.679444991691861,0.8605447434621779,5.613128012223915,2.562683712006021,2797.119024519551,1063.7140391494272,3074.714387349624,470.8684093595716,0.0,765.5296595084601,1943.119372719748,0.0,4032.8049826806737,468.7797773122228,0.0,1416.3424202169178,2437.578340847021,0.0,1585.6673210945671,4951.946365443047,1567.452051625181,0.0,0.0,0.0,1135.2009086257688,0.0,0.0,0.0,0.0,0.0,1662.861463231208,0.0,0.0,0.0,0.0,0.0,0.0,0.0,0.0,0.0
222,3.2740757596564385,0.6894745829715511,0.7196999668636229,1.1691217287464577,4.551471066308737,0.706596576839162,5.461226350418936,2.374950391791593,2803.952322674081,1096.3574968244484,3108.9616133704058,500.4671919776577,0.0,733.2783596658015,1951.556439220039,0.0,4060.6058377715335,498.1492637325328,0.0,1388.77278105855,2433.520053927585,0.0,1583.4420987186672,4940.235327688046,1578.1143405013718,0.0,0.0,0.0,1076.0278930362572,0.0,0.0,0.0,0.0,0.0,1590.2417047354245,0.0,0.0,0.0,0.0,0.0,0.0,0.0,0.0,0.0
223,2.96859214163073,0.5495977010631161,0.6265218744089179,0.9018417255791432,4.265642975812836,0.5922604334791447,5.215711824218941,2.1269476885788654,2810.887610428498,1129.2829667297856,3143.5029726512125,530.3722992976682,0.0,700.7613164337639,1960.1076163499251,0.0,4088.632473284384,527.8471910533298,0.0,1360.8970745330707,2429.4440062068247,0.0,1581.1840356268274,4928.45660797362,1588.8970136792398,0.0,0.0,0.0,1002.0806149253318,0.0,0.0,0.0,0.0,0.0,1541.0771119556966,0.0,0.0,0.0,0.0,0.0,0.0,0.0,0.0,0.0
224,2.562763817776136,0.4064181274032637,0.5222669997293629,0.6423791397791979,3.7525415531009503,0.4769523103202214,4.914219367449024,1.8561738223784867,2817.665664216628,1161.4991630936431,3177.316224455399,559.6601477507525,0.0,668.8922073620906,1968.482725578384,0.0,4116.094665927817,556.8650403701317,0.0,1333.60101930005,2425.530401131708,0.0,1579.0431477213306,4916.8831516981045,1599.439577857053,0.0,0.0,0.0,1237.362581440963,0.0,0.0,0.0,0.0,0.0,1847.578744564028,0.0,0.0,0.0,0.0,0.0,0.0,0.0,0.0,0.0
225,2.128201699847444,0.3415836920746769,0.4123933019091023,0.4804551497541531,3.02941331795482,0.3988276654628634,4.674876669673364,1.7103744204016005,2817.602250624047,1185.0412813283303,3217.082525117873,600.6416102965632,0.0,635.7621466480906,1959.6163576021563,0.0,4156.294557194819,602.7584725337608,0.0,1287.2420402400398,2391.1188471160544,0.0,1558.7920380005091,4842.011775742861,1582.481899732076,0.0,0.0,0.0,2090.71282478127,0.0,0.0,0.0,0.0,0.0,2763.562788021306,0.0,0.0,0.0,0.0,0.0,0.0,74.17133273206605,0.0,0.0
226,1.7869669712569731,0.3337832986809111,0.3051836638283971,0.3302132999202659,2.377225484507296,0.3368650436611355,4.484889471582849,1.5378770718746246,2730.7280124302865,1069.4461661092296,3250.479928548157,711.5173800488202,0.0,561.0346837076178,1604.6154326276478,0.0,4225.040746789557,642.1337308441238,0.0,894.2671701872557,1793.0624183564382,0.0,1172.1288490794332,3669.361420280631,1085.5468206435428,0.0,0.0,0.0,2882.836141893676,0.0,0.0,0.0,0.0,0.0,3631.193222041589,0.0,0.0,0.0,0.0,0.0,75.81231362645235,1302.317477560236,0.0,0.0
227,1.5365884922813735,0.3370631421528168,0.1976357972323027,0.1768414115481729,1.816686627948375,0.2736193202192755,4.294946628358813,1.335143441316127,2659.754807897675,914.7038572679512,2814.092666405014,423.4895542350978,0.0,437.5506317207028,1117.1737517465149,0.0,3533.8091025427752,7.159895771496616,0.0,524.4691356022139,1150.0628762488666,0.0,689.213263116578,2558.1387955982264,636.0456042776984,0.0,80.1819029647931,60.54872398222868,3521.5849390014087,56.7791536175763,0.0,14.371487015237156,29.842432053497923,0.0,4385.6693203741925,142.45834669748746,0.0,49.08294745641105,44.920713512107405,0.0,396.9186308289405,1971.750719864788,27.56498329152044,0.0
228,1.4058912735557263,0.3516720354201074,0.1144098912530951,0.0391707661966175,1.365110578027482,0.2139472134445857,4.210570842183942,1.1323340299380869,2622.4446241467544,873.2559916657702,2714.038179876288,395.6748140931523,0.0,415.7983602928487,1055.0739968033777,0.0,3384.7301020267787,0.0,0.0,490.0260021961146,1080.8462577257958,0.0,643.9534783902831,2416.5025061468696,594.2624410638399,0.0,119.85347939079082,90.5063982471104,3609.2154130721337,84.87175866752376,0.0,21.482063397174063,44.60756333839424,0.0,4489.583801279149,212.94242077854508,0.0,73.36770285920105,67.1461216567408,0.0,450.48303514033375,2047.7076441293957,41.2033019257273,0.0
229,1.380762026420396,0.4144051747306339,0.0736423618742647,0.0002168058576543,1.068052437407103,0.1686791390876631,4.201586148353448,0.9947183114635852,1633.0052289610114,94.74153371778483,811.2063700601568,42.927662791270414,0.0,45.110912203808816,114.46738367317568,0.0,666.6262582148058,0.0,0.0,53.16403832637373,117.26347502607572,0.0,69.86398120122885,262.1718669556531,64.4728872571099,0.0,949.571063627636,737.8968577676306,5300.687062913484,670.3858030672004,0.0,186.4918073747861,371.58964876299166,0.0,6513.359887773069,1669.0246351065084,0.0,590.5278451689549,558.5078811883809,0.0,1514.600304723374,3516.6305775243704,345.58877654030744,0.0
230,1.4479517703167246,0.5166814714197046,0.0430620390653372,3.623767952376505e-16,0.9265151571627888,0.1534779161395412,4.271149640916953,0.9279706860974556,308.0480628965929,0.0,118.0439725032612,0.0,0.0,0.0,0.0,0.0,68.40071922971359,0.0,0.0,0.0,0.0,0.0,0.0,0.0,0.0,0.0,1287.050217724507,1182.335233314386,5694.866770390638,890.83838567361,0.0,395.26754737659024,662.6192448926328,0.0,7141.0590260115205,2104.1879749729264,0.0,881.2959320936184,988.966364672887,0.0,1901.0332094439173,4082.7973574701823,635.8812105218028,0.0
231,1.591308070216161,0.6133548335451965,0.0395403257490629,3.623767952376505e-16,1.0410308388379148,0.1821752005120583,4.351686428248258,0.8782594412305116,0.0,0.0,0.0,0.0,0.0,0.0,0.0,0.0,0.0,0.0,0.0,0.0,0.0,0.0,0.0,0.0,0.0,0.0,1515.4840280803062,1540.224491257049,5849.239180041714,1034.4689272193923,0.0,581.2085994258712,909.4240822904457,0.0,7479.531771658296,2349.161565153158,0.0,1103.423801997372,1353.013802806942,0.0,2146.198702798465,4445.311452977339,884.8511144217135,0.0
232,1.6765262165972112,0.7143568014282978,0.0416767926139529,0.004164005584585,1.1437246647556143,0.2559624598214013,4.410048935804658,0.9413026178806676,0.0,0.0,0.0,0.0,0.0,0.0,0.0,0.0,0.0,0.0,0.0,0.0,0.0,0.0,0.0,0.0,0.0,0.0,1214.5876265443055,1310.1666732265214,4249.656968399312,821.6573781458231,0.0,525.0520884600537,794.9526674637518,0.0,5519.055729656546,1816.962398467817,0.0,917.9523149733508,1180.8703263755997,0.0,1672.8609159852351,3377.355573272971,778.7838407972527,0.0
233,1.7054086250191909,0.9058975860272492,0.0423308630838696,0.0221860560846162,1.1641763974167738,0.4197310236856797,4.400939163722294,1.1217848835324458,0.0,0.0,0.0,0.0,0.0,0.0,0.0,0.0,0.0,0.0,0.0,0.0,0.0,0.0,0.0,0.0,0.0,0.0,759.1688147954934,818.9476832643553,2656.227470134142,513.5587251124788,0.0,328.1916236158205,496.8645889840329,0.0,3449.6783924738293,1135.6989575254909,0.0,573.745494602279,738.0929126317191,0.0,1045.6336610756944,2111.024362035932,486.7993206051356,0.0
234,1.7179147813346456,1.197505307411047,0.0403437256744182,0.0428642303920269,1.1681850270906071,0.7001655279368832,4.332638956794935,1.3209869938523136,0.0,0.0,0.0,0.0,0.0,0.0,0.0,0.0,0.0,0.0,0.0,0.0,0.0,0.0,0.0,0.0,0.0,0.0,538.8374544553023,581.2956785045184,1885.3144490109416,364.5180822305561,0.0,232.97691900459552,352.6585788947583,0.0,2448.537551720455,806.0862719855355,0.0,407.22296291281856,523.8714148899011,0.0,742.202279278665,1498.3839715905451,345.53220821988896,0.0
235,1.6732834250954325,1.5703614382353015,0.03773920413289,0.0671450925049838,1.1534948959995408,1.0625573779308113,4.203348848258687,1.5782936006449813,0.0,0.0,0.0,0.0,0.0,0.0,0.0,0.0,0.0,0.0,0.0,0.0,0.0,0.0,0.0,0.0,0.0,0.0,459.2880589598711,479.4218635513808,1777.367567088308,237.2197599393364,0.0,231.40783675670167,397.43007332563633,0.0,2282.598398005062,679.4980950615684,0.0,550.5924911498622,637.3196838786855,0.0,866.3489647566478,1743.436891577478,471.81643026848656,0.0
236,1.5245356526710987,1.91515372370542,0.0347631659313395,0.0938064312956816,1.0492034241794,1.4468604058073136,4.034040389813963,1.910022763796241,0.0,0.0,0.0,0.0,0.0,0.0,0.0,0.0,0.0,0.0,0.0,0.0,0.0,0.0,0.0,0.0,0.0,0.0,1083.5318169923976,1150.881158937432,4151.088218626654,440.8516735622426,0.0,567.6187028331236,990.2550958395306,0.0,5275.202647611961,1479.728492781094,0.0,1413.249789925528,1609.6934374549032,0.0,2094.502873394033,4282.152562766068,1214.709096408398,0.0
237,1.2933129790166131,2.185262921396473,0.0304552749767436,0.1178492457408643,0.8712149267242516,1.773350918818693,3.963956146529167,2.183135091054507,0.0,0.0,0.0,0.0,0.0,0.0,0.0,0.0,0.0,0.0,0.0,0.0,0.0,0.0,0.0,0.0,0.0,0.0,1849.8584270099968,2216.6905811090523,5778.012099988705,528.8102697862939,0.0,921.9367770457628,1405.1881343598227,0.0,7152.648330221236,1826.666727126708,0.0,1808.4010406580603,2188.6141729222354,0.0,2433.5895042477687,5382.840306366005,1552.1561364931192,0.0
238,1.0644527321509654,2.3819055073857758,0.025741272199335,0.1365194478785387,0.6976183108114281,2.030857138883723,3.961278836695026,2.370948494478945,0.0,0.0,0.0,0.0,0.0,0.0,0.0,0.0,0.0,0.0,0.0,0.0,0.0,0.0,0.0,0.0,0.0,0.0,1975.6553963772108,2453.3710133645563,5806.137354850473,554.0084167200225,0.0,977.1183395818584,1432.5818237665192,0.0,7142.1237859480925,1766.5205517265338,0.0,1750.7971301687785,2177.8116738548188,0.0,2291.896365233568,5175.051974002323,1487.312665751021,0.0
239,0.8196612517421931,2.485393464544846,0.0211389623760792,0.1417928873860469,0.5170859907667773,2.200584046051828,4.0439755256770855,2.4685194816983445,0.0,0.0,0.0,0.0,0.0,0.0,0.0,0.0,0.0,0.0,0.0,0.0,0.0,0.0,0.0,0.0,0.0,0.0,1972.6186818656545,2445.0494744886264,5818.027927656213,572.3153776396566,0.0,967.0163130651858,1430.1711938253052,0.0,7157.693773008636,1784.229742491785,0.0,1745.8368862368495,2173.325845174109,0.0,2287.4197897954505,5160.148805818071,1478.516351300405,0.0
240,0.5786553687624918,2.469394824967335,0.0184911145116274,0.1433046960000004,0.3381232367840532,2.2386486636760488,4.113054121004964,2.5544336049161958,0.0,0.0,0.0,0.0,0.0,0.0,0.0,0.0,0.0,0.0,0.0,0.0,0.0,0.0,0.0,0.0,0.0,0.0,1930.512736667915,2341.6779936042144,5953.240599475464,767.8856305798873,0.0,859.6667900131513,1393.5954685375305,0.0,7335.382625689179,1978.3919728658325,0.0,1683.2128454899157,2114.7389850100435,0.0,2243.3657149045985,4995.879568675597,1380.6087127166456,0.0
241,0.382515881468177,2.373747341992015,0.0161155799999996,0.1433046960000004,0.1570379377730232,2.209100725327576,4.152853784437493,2.581692934927581,0.0,0.0,0.0,0.0,0.0,0.0,0.0,0.0,0.0,0.0,0.0,0.0,0.0,0.0,0.0,0.0,0.0,0.0,1904.6616320493576,2256.0456796537087,6146.168402506549,907.8931236780246,0.0,823.9876548698189,1326.0727288846174,0.0,7548.208278798057,2132.443834992465,0.0,1581.5582489896285,2018.391998036317,0.0,2242.1614563290645,4846.566253083782,1301.979947180903,0.0
242,0.2770742577267973,2.270021025561061,0.0138458659863197,0.1389709492976358,0.0488174247942144,2.134277343036938,4.165590307914819,2.492814067743605,0.0,0.0,0.0,0.0,0.0,0.0,0.0,0.0,0.0,0.0,0.0,0.0,0.0,0.0,0.0,0.0,0.0,0.0,1888.19034821396,2203.79174836224,6226.178713370687,960.2818058509667,0.0,808.2118981003197,1304.3851722838704,0.0,7629.363325595244,2206.076706005324,0.0,1559.5519693231402,1997.4055609708669,0.0,2266.19053538656,4829.235951480973,1286.7342591489723,0.0
243,0.2558454181380346,2.0880476053975943,0.0123249385913617,0.1198670016170004,0.0252042234817265,1.964894887009848,4.131912385618032,2.3210685307443177,0.0,0.0,0.0,0.0,0.0,0.0,0.0,0.0,0.0,0.0,0.0,0.0,0.0,0.0,0.0,0.0,0.0,0.0,1749.700706071198,1779.8951564700114,6755.451230777884,1288.5848674468411,0.0,696.7289830506351,1183.1819980687562,0.0,8145.337548306101,2739.0660945121067,0.0,1489.4578148303522,1930.008026499518,0.0,2527.6503867692127,4892.045938745468,1255.6688648223435,0.0
244,0.2275768651694394,1.856027136367276,0.0101718015548169,0.0973458459269106,0.0058682088697242,1.666529608521956,4.01013644770512,2.1212630269108725,0.0,0.0,0.0,0.0,0.0,0.0,0.0,0.0,0.0,0.0,0.0,0.0,0.0,0.0,0.0,0.0,0.0,0.0,1651.551660595915,1533.0387124331746,6926.034562043353,1404.2943710396376,0.0,642.9315652555396,1138.1460910091664,0.0,8343.630842590808,2973.236683545608,0.0,1480.877344177844,1922.8684646443423,0.0,2701.495130794201,5017.224796831516,1290.8417677423013,0.0
245,0.1994925310242823,1.6520467750817711,0.0080108394219265,0.0737791268172759,-8.082423619271111e-16,1.3336306949578391,3.817091913354988,1.8853806776826043,0.0,0.0,0.0,0.0,0.0,0.0,0.0,0.0,0.0,0.0,0.0,0.0,0.0,0.0,0.0,0.0,0.0,0.0,1560.8254013240864,1312.961176681716,7102.669664611529,1573.100724040472,0.0,573.3718542915099,1101.566171782401,0.0,8537.394020738935,3206.748016635827,0.0,1445.3473429360768,1878.7028403919928,0.0,2798.382291597549,5093.976781124102,1305.911489541608,0.0
246,0.1892568456363447,1.5074241997988669,0.0060854538737537,0.0497334769626885,0.0017354764791711,1.0537539905090787,3.5414279619897897,1.6178431522333327,12.898111896002744,0.0,0.0,0.0,0.0,0.0,0.0,0.0,3.9536925912370218,0.0,0.0,0.0,0.0,0.0,0.0,0.0,0.0,0.0,1563.813574703386,1238.2861737382495,7297.442332194031,1692.9640014077754,0.0,495.0318749247054,986.6966310075748,0.0,8572.008947919137,3100.786524030299,0.0,1202.965609491648,1594.133231450213,0.0,2411.3212648307003,4547.825738790269,1060.306585160171,0.0
247,0.2294647726245882,1.4944135737433983,0.0161501751627903,0.0320911319601332,0.0177333157076403,0.8453340470949393,3.20130056023554,1.4098337985469789,103.28577853661932,0.0,0.0,0.0,0.0,0.0,0.0,0.0,31.66046477755668,0.0,0.0,0.0,0.0,0.0,0.0,0.0,0.0,0.0,1567.0,1222.0,7250.0,1648.0,0.0,466.0,952.0,0.0,8475.0,2962.0,0.0,1101.0,1495.0,0.0,2252.0,4340.0,981.0,0.0
248,0.2880235207599702,1.616889859343014,0.0323089991162786,0.0204020339277412,0.036630923382059,0.7061278909858865,2.8310580292500145,1.2847089423787457,493.1606152688028,53.046293811632616,981.5620413051712,0.0,0.0,0.0,0.0,0.0,1140.086159618669,0.0,0.0,0.0,0.0,0.0,0.0,319.100186029666,0.0,0.0,1645.908365313084,1157.5752904265275,6228.2738285874775,615.0955710260167,0.0,398.3954886335575,888.9397066338038,0.0,7015.027398116993,1288.8478574986648,0.0,817.9269057596147,1206.56794463907,0.0,1441.1238431611785,3576.517738755146,742.5013656235769,0.0
249,0.3799330635240143,1.9511911583891173,0.0565011793000298,0.022272785139958,0.0571207322392018,0.6556913157963203,2.4204784055202806,1.2305776016190957,666.2360308948091,209.465789662493,2194.9853713842067,0.0,0.0,0.0,0.0,0.0,2404.3337747162577,0.0,0.0,0.0,32.86677369219233,0.0,0.0,846.2258903212069,0.0,0.0,1753.0067875781506,1003.3616799692152,5077.163554283909,0.0,0.0,236.19637104285192,795.9463085705236,0.0,5404.476636546626,166.48261366955762,0.0,460.6063623568855,909.57020651742,0.0,623.2717962279055,2539.112117275513,411.98275077167006,0.0
250,0.4913435653953528,2.381573014923577,0.0915379770498334,0.0281135119335551,0.0801334894405307,0.7527800709076463,2.0635475908545,1.2025392988039958,606.24250983813,305.4077036612283,1479.9276093315425,0.0,0.0,0.0,0.0,0.0,1648.7409025713655,0.0,0.0,0.0,81.58094516957289,0.0,0.0,810.229639500084,0.0,0.0,217.95118507755893,6.329407855817309,3355.24628069457,0.0,0.0,0.0,4.930492143372312,0.0,3913.765741662842,0.0,0.0,0.0,4.759056394298171,0.0,0.0,61.8478585730266,1.124618513926369,0.0
251,0.6056773159429396,2.8012338848348515,0.1255400799069762,0.0350325444916946,0.1607240549525103,0.8869318871104218,1.838671529020923,1.2076682281899644,609.6777327709358,322.0188068870254,1039.0500666512307,507.946149389299,0.0,204.41136909748835,503.1153466874159,0.0,1180.1598324091185,575.238950882115,0.0,333.6744107938832,133.86422908049647,0.0,938.3315044149448,619.067922307019,633.0096402373538,0.0,0.0,0.0,2873.9019813040704,0.0,0.0,0.0,0.0,0.0,3524.4244957075293,0.0,0.0,0.0,0.0,0.0,0.0,0.0,0.0,0.0
252,0.7761833134408428,3.1992191220176163,0.1621325114183484,0.041919706414516,0.4636302105141826,0.9620729757669372,1.8133057586396757,1.220893407248412,2137.6691719625405,1176.0923693752989,2224.7305572539726,593.710226455688,0.0,559.8558415303573,846.2687503224463,0.0,2629.201174488504,543.7446911610473,0.0,343.8017882242674,632.9632554477013,0.0,850.9975486769222,1552.6890130837687,715.0713807337963,0.0,0.0,0.0,2486.0771756593717,0.0,0.0,0.0,0.0,0.0,3186.26765382166,0.0,0.0,0.0,0.0,0.0,0.0,0.0,0.0,0.0
253,0.926496918216426,3.470179806541036,0.1965737157778825,0.0456862856896064,0.9272970588324628,0.9869496117807384,1.9561031305771397,1.1991336102971135,3399.0865926389647,1888.7544621829527,3205.45498898716,574.4802672931679,0.0,835.644642123006,1079.6842572556138,0.0,3837.78633940351,424.5757434433779,0.0,328.6250350727365,1061.953193557904,0.0,663.767191629224,2381.8196609728266,714.46327917219,0.0,0.0,0.0,2210.930045799917,0.0,0.0,0.0,0.0,0.0,2842.909698565426,0.0,0.0,0.0,0.0,0.0,0.0,0.0,0.0,0.0
254,1.1209164597968355,3.607991969809852,0.2572953613884481,0.054248921880399,1.4724170631098903,1.0021298023623886,2.395246008523654,1.197689858146698,3619.282165451688,2096.913264783507,3305.409760160122,332.6388788899254,0.0,912.8011457622512,1229.0647583854973,0.0,4070.45684613944,258.05909493881234,0.0,541.9545337063574,1311.0397697778087,0.0,765.9610930860152,3066.40668530491,869.7330126984086,0.0,0.0,0.0,1445.313103715204,0.0,0.0,0.0,0.0,0.0,1864.943804425372,0.0,0.0,0.0,0.0,0.0,0.0,0.0,0.0,0.0
255,1.4266151037976595,3.540526540897629,0.3371099528582707,0.0640652993222595,2.1061144551522624,0.9926773932185852,3.035381572555395,1.2201324604137231,3790.2157340140143,2262.6900530268963,3255.048799610144,228.22824088515557,0.0,985.986805518497,1279.423444580852,0.0,4006.418405206249,230.0545163856414,0.0,603.9118670146815,1376.6852445939094,0.0,752.3108787755648,3170.8888018790253,898.5883187206189,0.0,0.0,0.0,1304.751628651003,0.0,0.0,0.0,0.0,0.0,1736.8545525383447,0.0,0.0,0.0,0.0,0.0,0.0,0.0,0.0,0.0
256,1.7286226052448392,3.353502876539064,0.4051848675634838,0.0730252674210606,2.718239691497041,0.9046266197948908,3.7585398730599593,1.3303493211775326,2788.519507273111,1673.371089806029,2335.153880436417,162.61075387778243,0.0,730.0288854953776,918.6948015434992,0.0,2856.804033623418,175.28471228118525,0.0,419.5611962762109,987.0034614628256,0.0,275.14685062514656,2233.0882201715185,627.964062153607,0.0,0.0,0.0,1521.765923976156,0.0,0.0,0.0,0.0,0.0,2085.648898410744,0.0,0.0,0.0,0.0,0.0,0.0,0.0,0.0,0.0
257,1.9800471813007643,3.0537628907125165,0.4613824747281609,0.0767625477607978,3.2610298757881564,0.7762512048637907,4.519895924695735,1.5473807105475943,1140.5909888762587,684.441281713227,955.1481069926584,66.5417099902886,0.0,298.5780724990879,375.7693641328906,0.0,1168.5118700033768,147.13563092875566,0.0,171.65388275120924,403.70476809502446,0.0,0.0,913.3672724031812,256.8468718170721,0.0,0.0,0.0,1438.958429438375,0.0,0.0,0.0,0.0,0.0,2057.6640632389267,0.0,0.0,0.0,0.0,0.0,0.0,0.0,0.0,0.0
258,2.165044004647404,2.6281247052275947,0.5121742516123615,0.0789898172890371,3.625554364157456,0.6277723251473747,5.19558798918976,1.8914991355185944,653.0386802236652,374.3750287547136,508.31290777818674,50.76547130614553,0.0,169.66413562751896,203.9976976322756,0.0,600.5222966619524,166.73244018292712,0.0,68.67624977590812,183.79863515590728,0.0,0.0,405.2231678517919,106.5076422228372,0.0,0.0,0.0,1345.0547557543148,0.0,0.0,0.0,0.0,0.0,1968.5047873169292,0.0,0.0,0.0,0.0,0.0,0.0,0.0,0.0,0.0
259,2.300890192737011,2.095825899119192,0.5451346614809303,0.0787553279808643,3.7530470593937424,0.4770477239059187,5.680287369560949,2.297815259350972,3535.3167054082464,1835.5865020441536,2330.752774442238,412.8859009461512,0.0,904.2508692909709,982.5141680878402,0.0,2503.225665926878,192.22726515593976,0.0,48.69637997897442,478.3404312580306,0.0,0.0,908.97950624927,134.48901997430207,0.0,0.0,0.0,941.7092989404514,0.0,0.0,0.0,0.0,0.0,1411.4413935105486,0.0,0.0,0.0,0.0,0.0,0.0,0.0,0.0,0.0
260,2.353789774472729,1.5637036195549252,0.5285310290986409,0.0715551520664456,3.7741353226336334,0.3105681896212675,5.88661348804496,2.742576713611849,5740.7487239414,2871.710321413147,3899.397948644619,748.1371587877757,0.0,1417.7918833687754,1577.4908576910852,0.0,4190.666419007114,265.5877806580144,0.0,61.31638668899146,765.8657648187528,0.0,0.0,1470.1342351812473,211.32406719464203,0.0,0.0,0.0,676.1698585870166,0.0,0.0,0.0,0.0,0.0,1016.725558296244,0.0,0.0,0.0,0.0,0.0,0.0,0.0,0.0,0.0
261,2.293676865169439,1.0994058318069069,0.494219082378737,0.0639153869501663,3.694651137502436,0.1624462060324464,5.953940798478812,3.1821656799632683,4673.522211860984,2199.01599966234,3344.4276359644364,707.9638772497865,0.0,1086.970173417987,1264.8158060951007,0.0,3609.072250389204,303.052912532082,0.0,46.2393779876072,628.6602338657444,0.0,0.0,1238.0821218224592,179.5036641233891,0.0,0.0,0.0,885.2222069722062,0.0,0.0,0.0,0.0,0.0,1338.9045510265369,0.0,0.0,0.0,0.0,0.0,0.0,0.0,0.0,0.0
262,2.202678641592425,0.7239927754361971,0.459385784293206,0.0574456533730121,3.405709549615889,0.0944798627675179,5.835320962445198,3.5017277755012453,3253.692359261413,1525.0254640591927,2370.585167478865,520.0557580141677,0.0,746.3556521522812,865.7564479794626,0.0,2546.659386775996,220.0288847179176,0.0,46.97250962532561,418.28033021885904,0.0,0.0,857.0433636034088,117.4037961608602,0.0,0.0,0.0,1002.0980710419732,0.0,0.0,0.0,0.0,0.0,1525.0708598853116,0.0,0.0,0.0,0.0,0.0,0.0,0.0,0.0,0.0
263,2.204669490097228,0.4338854714836155,0.4231442113599558,0.0533601472693744,2.966731668810362,0.0620591328922696,5.657322512483572,3.6982061258569465,5397.763048541807,2544.120805897672,4115.251275818616,975.6753078133012,0.0,1204.0737609065436,1398.365826516002,0.0,4386.913396218757,420.9775069891218,0.0,47.73738879514082,645.6926851964707,0.0,0.0,1424.2337568301757,182.26141200295632,0.0,0.0,0.0,907.091037561956,0.0,0.0,0.0,0.0,0.0,1449.022054950451,0.0,0.0,0.0,0.0,0.0,0.0,0.0,0.0,0.0
264,2.2481260236455416,0.2165466156968981,0.3587268105034496,0.0441108917940201,2.4926226637873774,0.0341944830092057,5.363431236016114,3.736569280077952,4899.633051683737,2539.1485840919527,4271.281377886719,1130.6935067381185,0.0,1044.5276884207428,1305.318518221501,0.0,4622.141716232095,615.726130581103,0.0,48.36898278574285,684.2531920233438,0.0,116.92740201027355,1587.8143357597826,246.27140802340656,0.0,0.0,0.0,938.3940708015626,0.0,0.0,0.0,0.0,0.0,1500.493061498019,0.0,0.0,0.0,0.0,0.0,0.0,0.0,0.0,0.0
265,2.3016172845660563,0.1257741668316856,0.2877822100795933,0.0348554502059802,2.051417916895741,0.0169748859888372,5.101250549491495,3.66927353340412,3249.2930536763592,2231.8474249766127,4221.6888513224085,1298.881616789684,0.0,565.6887563600462,984.8624608887802,0.0,4840.072820936021,982.2007800094487,0.0,53.11131447852304,787.3108613414005,0.0,350.1270618427163,2034.5916753392028,393.5081074639907,0.0,0.0,0.0,1564.6933380182936,0.0,0.0,0.0,0.0,0.0,2166.7876645748192,0.0,0.0,0.0,0.0,0.0,0.0,165.25735707763104,0.0,0.0
266,2.492128640986518,0.0912165424420459,0.2250110572624586,0.0256934979269107,1.6787122500480784,0.0145368809443089,4.737251211330086,3.427516835596648,2868.573500691157,1792.1599620141706,4003.8247919592254,1216.9837503400868,0.0,470.41682770504354,890.0760832272936,0.0,4640.997380060816,870.1267187993756,0.0,79.77825356813783,735.9331147680047,0.0,347.94197821886644,2006.8795247123016,356.538780234552,0.0,0.0,0.0,2209.2182252939697,0.0,0.0,0.0,0.0,0.0,2849.097868777631,0.0,0.0,0.0,0.0,0.0,0.0,1186.0498174074614,0.0,0.0
267,2.7612705767441863,0.0988772180587878,0.1586212924784051,0.0159706097940203,1.4703858020535348,0.0248961617940255,4.333478817031792,3.003051102991047,2196.9695935063537,895.7658382522068,2861.4455264374205,584.3132982987664,0.0,263.4618328664211,457.2973184979879,0.0,3264.4188413743827,393.9082905062037,0.0,51.40127672424467,352.5788608096997,0.0,174.1719485203349,1216.1241756106429,165.07755999196834,0.0,282.0475369721749,112.73376621912472,3448.933505452727,11.664645015068675,0.0,38.243503735554846,26.225339826981987,0.0,4153.687775503866,142.8149075904699,0.0,129.50694642740874,37.89860725408735,0.0,386.38640586397,2143.174025289408,34.18947676830473,0.0
268,3.052049525705688,0.1365837861598494,0.0926467665530582,0.0062477216611299,1.4988218450256046,0.0371889763056534,4.048417218331846,2.460136271594307,1109.941092308307,85.861733894503,1282.531910008488,0.0,0.0,31.48263576131777,21.575512619644343,0.0,1398.5462367378773,0.0,0.0,0.0,0.0,0.0,0.0,112.72104552303983,0.0,0.0,871.6635449460385,588.6477157423199,4633.586450805799,113.07704765460788,0.0,216.46438429163288,254.228396795877,0.0,5399.782525895068,707.1729945828614,0.0,487.8623816984639,363.626394202708,0.0,1145.64771574232,2981.478454528557,331.43272588419546,0.0
269,3.264305065947927,0.1936240115722686,0.0452240955552806,0.0001425949013369,1.700614875571355,0.0497924193664584,3.855899417382069,1.949651871122628,231.09476235383173,0.0,409.7383962414645,0.0,0.0,0.0,0.0,0.0,498.392102728422,0.0,0.0,0.0,0.0,0.0,0.0,0.0,0.0,0.0,1136.7024194074852,886.0043018962934,5189.778023632727,535.3085710395,0.0,414.8222971268005,571.0861544976759,0.0,6384.070081953797,1551.3529133693012,0.0,872.4474557622892,860.3648743252274,0.0,1802.649582187708,3771.699569533531,719.1748143913809,0.0
270,3.4917672382414207,0.2754674157807208,0.0291992631184936,3.6770586575585124e-16,1.928938111406428,0.0760148620930287,3.81300977449392,1.4934582291472993,0.0,0.0,0.0,0.0,0.0,0.0,0.0,0.0,72.45159463522647,0.0,0.0,0.0,0.0,0.0,0.0,0.0,0.0,0.0,1016.6749276168504,841.2986830938572,4098.272760880881,885.1732801419669,0.0,491.2144422324759,727.590704710599,0.0,5521.217670366137,2021.7165567836755,0.0,1035.8733629056212,1133.128967228606,0.0,2004.591135876655,3516.626534489482,905.0399636153423,0.0
271,3.76928936027696,0.4449745155348734,0.0257849279999997,0.0072002492980976,2.135352670507707,0.2874754130096703,3.781170290171864,1.1296497598070194,0.0,0.0,0.0,0.0,0.0,0.0,0.0,0.0,23.729191216183043,0.0,0.0,0.0,0.0,0.0,0.0,0.0,0.0,0.0,545.5473454543197,451.4518485723466,2199.238425942267,475.0150921049979,0.0,263.59028676048905,390.4536745174679,0.0,2962.809821651494,1084.9099234530645,0.0,555.882811404307,608.0626260848899,0.0,1075.70527611071,1887.104545540784,485.6799900070735,0.0
272,3.922053032576629,0.7467145997792761,0.0258575563541814,0.084525741685108,2.276632671256976,0.6804903259344272,3.8108360126017766,0.9268268299743008,0.0,0.0,0.0,0.0,0.0,0.0,0.0,0.0,0.0,0.0,0.0,0.0,0.0,0.0,0.0,0.0,0.0,0.0,139.51529559970564,113.74445089034488,795.6990965125786,128.6808306306252,0.0,69.29462100602878,118.14930792145148,0.0,1110.617284826634,405.7691949046293,0.0,249.78050657564617,231.16880040792108,0.0,548.4661810300701,902.1145911513888,256.15768557416567,0.0
273,3.9552568260723886,1.2221772752355209,0.052970960093023,0.2004564251582449,2.3110828129498246,1.231970292994585,3.794369218063312,0.8461654566252959,0.0,0.0,0.0,0.0,0.0,0.0,0.0,0.0,0.0,0.0,0.0,0.0,0.0,0.0,0.0,0.0,0.0,0.0,133.45406765311856,97.31501389773364,2337.257507398389,171.94824289192732,0.0,79.13271309233939,236.84815913092336,0.0,3446.753671474059,1255.1210902416185,0.0,966.0519072485484,732.2677720921521,0.0,2371.089598801273,3696.845672972466,1136.1550643940814,0.0
274,3.925200147424298,1.670437760945885,0.1158365780090173,0.3020013565116284,2.298050407614625,1.7488118372890415,3.660888838143344,0.8897549922145351,0.0,0.0,0.0,0.0,0.0,0.0,0.0,0.0,0.0,0.0,0.0,0.0,0.0,0.0,0.0,0.0,0.0,0.0,192.636572218873,185.12754004279108,4632.547436079293,207.96114874049908,0.0,155.03999846330248,428.2125731408915,0.0,6863.548583283096,2338.6503002470536,0.0,2062.958854332896,1508.5554280884664,0.0,5001.686857098952,7994.097128148752,2487.5439944678888,0.0
275,3.812427679719032,2.164341110166103,0.1848263045980063,0.4122244280930238,2.2252096124841083,2.307125401304231,3.3820319135662174,0.9909774183274914,0.0,0.0,0.0,0.0,0.0,0.0,0.0,0.0,0.0,0.0,0.0,0.0,0.0,0.0,0.0,0.0,0.0,0.0,245.5936283587169,222.4297778830212,4644.565125778887,144.72866343408776,0.0,223.34782413860515,478.8614001572326,0.0,6822.035449539031,2225.1540271920926,0.0,2137.787411601855,1570.3544968654835,0.0,4743.880620966329,7898.995579652774,2479.677114355531,0.0
276,3.435696769559549,2.7858804558875967,0.2772275133289034,0.5599960185647846,2.060610039913739,3.0474984167671715,3.02212602002839,1.1467333301161229,0.0,0.0,0.0,0.0,0.0,0.0,0.0,0.0,0.0,0.0,0.0,0.0,0.0,0.0,0.0,0.0,0.0,0.0,466.4284873091296,436.2815238347976,4852.336348207393,226.20709909112276,0.0,368.6691966771343,681.7250699290744,0.0,6868.42469076064,2132.252626579175,0.0,2277.6946341579605,1758.1753136809905,0.0,4363.610087450078,7611.640630469566,2510.960307630252,0.0
277,2.950722430578377,3.208229016287216,0.3552383698803988,0.6803188371655096,1.7834641906762343,3.4944971367408715,2.7660426125327784,1.2541850449263197,0.0,0.0,0.0,0.0,0.0,0.0,0.0,0.0,0.0,0.0,0.0,0.0,0.0,0.0,0.0,0.0,0.0,0.0,515.1729388294926,652.5266474982208,4400.30026208953,120.9104717716114,0.0,387.3275721789013,705.74817912579,0.0,6133.375758060093,1670.6151728242758,0.0,2120.869115615851,1683.244966055386,0.0,3775.134308660636,6813.6856109009,2360.129019497306,0.0
278,2.4346881352564784,3.42290192567242,0.4337458454850506,0.7195274795740869,1.4795345394777455,3.6777598498066455,2.4461708326445266,1.3322870657222703,0.0,0.0,0.0,0.0,0.0,0.0,0.0,0.0,0.0,0.0,0.0,0.0,0.0,0.0,0.0,0.0,0.0,0.0,338.1136562699488,442.8812056646529,2752.414947322307,16.17516311818142,0.0,247.56424515254565,459.0825069986042,0.0,3828.401337571535,998.0598319665222,0.0,1348.1654647468747,1082.296243826469,0.0,2363.339377838965,4308.275509511089,1518.4335548011074,0.0
279,1.9424803898755512,3.478846231237412,0.4823084778867886,0.728404827502173,1.139206846330954,3.739529716780981,2.11056097245388,1.3758211750503553,0.0,0.0,0.0,0.0,0.0,0.0,0.0,0.0,0.0,0.0,0.0,0.0,0.0,0.0,0.0,0.0,0.0,0.0,469.8314045629931,596.3027953436066,3193.024643352937,0.0,0.0,314.980352554468,674.208390604099,0.0,4456.647322191137,981.7702280933336,0.0,1770.1967714402558,1527.2667403652174,0.0,2899.030042503221,5596.878145537011,2095.936688716522,0.0
280,1.559094161063128,3.415360990150163,0.4817412112026589,0.7291680120000006,0.8829232294192721,3.715542137730231,1.900178359391369,1.3385407179827358,0.0,0.0,0.0,0.0,0.0,0.0,0.0,0.0,0.0,0.0,0.0,0.0,0.0,0.0,0.0,0.0,0.0,0.0,645.5223680059231,800.9477949519298,4020.05393491568,0.0,0.0,412.20515695942805,949.3488732813762,0.0,5614.5049233959535,1118.8921279037218,0.0,2366.548962566759,2105.589012682962,0.0,3728.780235081511,7416.333159319927,2856.8774526181287,9.021177850625111
281,1.2266540922915783,3.239723018661707,0.481731876000001,0.71902684864491,0.6667091589274989,3.490918479534105,1.7446275022818114,1.229364870404546,0.0,0.0,0.0,0.0,0.0,0.0,0.0,0.0,0.0,0.0,0.0,0.0,0.0,0.0,0.0,0.0,0.0,0.0,705.0536240008464,819.6707235847575,4416.327991270363,0.0,0.0,421.6391041942802,1052.9537522588028,0.0,6118.03211169877,1281.9256208604413,0.0,2533.071529209021,2249.604887480201,0.0,3825.912176554441,7712.850507172587,2993.6048783276665,71.59586047364517
282,0.9955324224487634,2.878533827314585,0.4813763726856642,0.6270830564582166,0.5083126669872269,3.0333295822563318,1.5144683863777215,1.067806406240237,0.0,0.0,0.0,0.0,0.0,0.0,0.0,0.0,0.0,0.0,0.0,0.0,0.0,0.0,0.0,0.0,0.0,0.0,745.7673654830359,799.6711846533116,4517.57063930322,0.0,0.0,438.6182709237801,1143.326064544053,0.0,6250.436709786905,1378.0744709694072,0.0,2492.5660481511413,2290.1024990153896,0.0,3616.0790621214855,7387.788841576232,2843.954973697045,37.49349664822725
283,0.8003704826804309,2.4146433091634925,0.4490804566262817,0.514812860741076,0.4344438636491177,2.5064425725770905,1.3053546894287231,0.8900220068842987,0.0,0.0,0.0,0.0,0.0,0.0,0.0,0.0,0.0,0.0,0.0,0.0,0.0,0.0,0.0,0.0,0.0,0.0,820.0782407260878,810.4797433478208,4507.120245684137,0.0,0.0,504.9784271827991,1278.1568104934308,0.0,6232.080434334457,1380.1799517406157,0.0,2524.2792497859377,2414.8770452095264,0.0,3576.0209476388154,7364.420552789309,2776.761592559676,0.0
284,0.5894176748001934,1.901884909522268,0.3800698716677741,0.3993190203246322,0.3601471931821862,1.9602128078597936,1.1716370174165145,0.6976830518427132,0.0,0.0,0.0,0.0,0.0,0.0,0.0,0.0,0.0,0.0,0.0,0.0,0.0,0.0,0.0,0.0,0.0,0.0,919.1248549685262,806.0252729908882,4529.326897329421,3.5567636743384603,0.0,578.9256242135821,1470.6200532686482,0.0,6176.714210418041,1403.0478556660669,0.0,2538.4898078012093,2628.734192719823,0.0,3576.9229205608867,7397.938561504312,2732.4186479185646,0.0
285,0.3817702876386918,1.4998697393508371,0.3064372381139594,0.2876886802637751,0.2834280823737272,1.509747357690723,1.0900780536734258,0.5006565956517399,0.0,0.0,0.0,0.0,0.0,0.0,0.0,0.0,0.0,0.0,0.0,0.0,0.0,0.0,0.0,0.0,0.0,0.0,969.8217602153566,768.425130465328,4578.147197248926,26.816656841156323,0.0,609.1925050336149,1523.3767300659465,0.0,6218.26209705753,1543.5636846768414,0.0,2565.5750128014483,2705.437305967041,0.0,3718.451141415684,7520.162220837975,2763.5856073439827,0.0
286,0.225334831308473,1.3072187891079985,0.2374644921727572,0.1836756035880405,0.2028232024983433,1.1803055485503735,0.9425085791460006,0.3540679079766948,0.0,0.0,0.0,0.0,0.0,0.0,0.0,0.0,0.0,0.0,0.0,0.0,0.0,0.0,0.0,0.0,0.0,0.0,1018.0760463891324,703.7585879891054,4618.041085291095,76.82375841384145,0.0,604.7626788518072,1624.8152271108502,0.0,6377.419389567518,1693.11427788602,0.0,2613.976513551805,2761.314454668573,0.0,3829.473685866446,7558.760465504572,2784.815813889064,0.0
287,0.1416290075111575,1.3142666258528644,0.1799891595149498,0.0980218244252497,0.1308323161196056,1.1392115524015256,0.7631977086179499,0.2920839588410195,0.0,0.0,0.0,0.0,0.0,0.0,0.0,0.0,0.0,0.0,0.0,0.0,0.0,0.0,0.0,0.0,0.0,0.0,1037.1837328160195,690.9939625332443,4671.733731019671,130.1736501487966,0.0,599.0487209894195,1621.6176223425634,0.0,6448.530778773335,1739.735643048942,0.0,2525.366896634024,2742.055628114669,0.0,3744.28229739867,7413.200862910906,2682.70444878635,0.0
288,0.1034229475399375,1.516393395560922,0.1244512712906306,0.0909866784199341,0.0622537812813333,1.3251213037578788,0.587805175435226,0.254389631929847,0.0,0.0,20.204856175926103,0.0,0.0,0.0,0.0,0.0,46.03276194798259,0.0,0.0,0.0,0.0,0.0,0.0,0.0,0.0,0.0,1016.4059874027678,592.4834784275961,4685.393607770377,320.80063352517305,0.0,539.4736221763327,1477.5966459962908,0.0,6456.928652640086,1930.138196770161,0.0,2164.8646266152846,2485.1550636343595,0.0,3357.84279195143,6541.205019148381,2274.154634073006,0.0
289,0.0962017978328687,1.878591567068225,0.0898766330623558,0.1128406455103507,0.023618358409409,1.6288123691224163,0.399179263832364,0.2282419825185404,0.0,0.0,241.7181444950426,0.0,0.0,0.0,0.0,0.0,432.0781817532097,0.0,0.0,0.0,0.0,0.0,0.0,0.0,0.0,0.0,665.4503637364116,343.59648862609623,3164.08653884369,271.6665729478684,0.0,323.9769699608042,926.1356532863211,0.0,4347.138873319138,1306.6071665439645,0.0,1264.403037986375,1553.4177683387254,0.0,2019.9511825887032,4025.57652050411,1317.899471490113,0.0
290,0.1227049086932486,2.34411069412181,0.1008733169900327,0.1435005827198234,0.0139501333089745,1.9939002155813983,0.2237205265094233,0.2270733591162914,0.0,0.0,1175.1574361980934,0.0,0.0,0.0,0.0,0.0,1307.676164363947,0.0,0.0,0.0,0.0,0.0,0.0,0.0,0.0,0.0,400.5686971920851,81.62314446648904,2453.840153581235,64.5378697824641,0.0,76.97150290011923,548.0894531393454,0.0,3254.081727349253,310.43124943867923,0.0,300.3965761225482,919.2450314640772,0.0,479.9089827341528,2382.303524708628,313.1227653135599,0.0
291,0.1467672792261294,2.667586192415916,0.1127397119457123,0.1620534866405602,0.0123978443042385,2.219199146230866,0.0882193475558164,0.2373377308695961,0.0,0.0,1669.6896847117448,0.0,0.0,0.0,0.0,0.0,1742.9718352914865,0.0,0.0,0.0,0.0,0.0,0.0,0.0,0.0,0.0,329.42092238345754,0.0,2462.087723182065,0.0,0.0,0.0,443.13358646238623,0.0,3191.4541266297933,0.0,0.0,0.0,743.2030025339341,0.0,0.0,1926.092199285764,0.0,0.0
292,0.1547998324678779,2.803935535268599,0.1175173435411515,0.1691415167441864,0.0137455626863957,2.3246089866495385,0.0494789001163515,0.252591110542481,0.0,0.0,2916.1665910609854,0.0,0.0,0.0,0.0,0.0,3096.106366339947,0.0,0.0,0.0,0.0,0.0,0.0,0.0,0.0,0.0,73.55277246842032,0.0,2472.1676790538204,0.0,0.0,0.0,67.01888510139572,0.0,2956.6070948692045,0.0,0.0,0.0,112.42262892267296,0.0,0.0,291.3262533148942,0.0,0.0
293,0.1686948684817312,2.851454057073088,0.1167030064086373,0.1762961258870435,0.043556288090536,2.343421877813126,0.1945652719310728,0.2571678960074879,37.97493566682775,0.9957238824224274,3664.7059615870407,223.39246311283063,0.0,0.0,0.0,0.0,4140.704251681472,265.83802595102725,0.0,0.0,0.0,0.0,91.57222653927306,118.58573979916515,0.0,0.0,13.677329303961772,0.0,2114.6870640689235,0.0,0.0,0.0,0.0,0.0,2707.5431474192683,0.0,0.0,0.0,0.0,0.0,0.0,0.0,0.0,0.0
294,0.2903943876702696,2.845860159964284,0.1158699082126243,0.1810502666038209,0.1339258718621307,2.3064812625149527,0.5610311449609732,0.2635624240265909,816.0900991202149,166.44629700176566,4670.448901737126,2847.911569108925,0.0,0.0,0.0,0.0,5549.745364727296,3269.4944835797337,0.0,0.0,0.0,0.0,1208.9654445664316,1720.8599004832615,0.0,0.0,0.0,0.0,1561.2195661573369,0.0,0.0,0.0,0.0,0.0,2330.1604497889693,0.0,0.0,0.0,0.0,0.0,0.0,0.0,0.0,0.0
295,0.5699188728684269,2.7142578576367087,0.1153421116897164,0.1716073702993129,0.308815157327363,2.16186727720498,0.9708627684972666,0.2670784304136728,1761.944537243371,544.7311607719386,4863.316611274726,2604.9379273720187,0.0,216.80508005195213,337.8112101299305,0.0,5825.902115294827,2762.3568147390674,0.0,0.0,140.506619796349,0.0,982.6682395558032,1718.4593151457896,8.317714039626324,0.0,0.0,0.0,1192.8367781157244,0.0,0.0,0.0,0.0,0.0,1915.6739319507485,0.0,0.0,0.0,0.0,0.0,0.0,0.0,0.0,0.0
296,0.9701453829251554,2.411479547953088,0.1096683618878249,0.1499972126112967,0.6080956018065318,1.9019591962712563,1.539069214611696,0.2643467102568042,2794.0,946.0,4665.0,2053.0,0.0,240.0,316.0,0.0,5557.0,1908.0,0.0,0.0,39.0,0.0,519.0,1386.0,0.0,0.0,0.0,0.0,1161.057506303912,0.0,0.0,0.0,0.0,0.0,1831.4803845192932,0.0,0.0,0.0,0.0,0.0,0.0,0.0,0.0,0.0
297,1.4482827363730468,2.0318872863417097,0.1066494736345512,0.1285865134684393,1.0276405246245897,1.5816388323758948,2.339561896539164,0.301180819654498,3251.01525568615,1222.2012838483486,5055.203514178486,2330.088211769528,0.0,282.87684560207447,102.25376289015917,0.0,5730.704066556184,1915.4621497080611,0.0,0.0,76.18727387992239,0.0,568.8529210159,832.2767954197232,0.0,0.0,0.0,0.0,1124.155724152525,0.0,0.0,0.0,0.0,0.0,1738.4625597005445,0.0,0.0,0.0,0.0,0.0,0.0,0.0,0.0,0.0
298,2.042748468825641,1.5519774374319952,0.1100760421395345,0.1031514695726078,1.5988253459897177,1.177775032913306,3.414246037475092,0.4255567315916966,3479.821867856953,1402.777759290182,5140.902917789927,2337.597907869869,0.0,346.90057709121794,122.63972229430492,0.0,5734.938161280165,1865.099422908782,0.0,0.0,271.4464826631706,0.0,831.0035154366034,751.6869846420442,0.0,0.0,0.0,0.0,1058.529970082423,0.0,0.0,0.0,0.0,0.0,1614.780465459494,0.0,0.0,0.0,0.0,0.0,0.0,0.0,0.0,0.0
299,2.7235888252923663,0.9985008268106254,0.1146885834233505,0.0683934012956812,2.2678620831521203,0.7348401919413917,4.686216448638834,0.6485123905543556,3533.0219922687616,1485.6781660105858,5098.768516592194,2256.075135490019,0.0,388.1860235286025,206.35487506979635,0.0,5691.095239181967,1813.2899719670763,0.0,0.0,424.5906898654704,0.0,1036.541047033176,870.6550262519395,0.0,0.0,0.0,0.0,1006.3089565539896,0.0,0.0,0.0,0.0,0.0,1541.7765436770308,0.0,0.0,0.0,0.0,0.0,0.0,0.0,0.0,0.0
300,3.1971256060199424,0.5328695304212553,0.1189356985913619,0.0379878133926913,2.773981754769445,0.388104259596021,5.570152279518944,0.8781155634418737,3155.9451986064696,1559.558685175268,4677.603359918976,1768.0532506381005,0.0,427.11800521262137,605.0617883806286,0.0,5503.565564599939,1611.2297606064149,0.0,84.57958285902632,673.5755386040987,0.0,1370.793143083313,1914.861630536304,72.612042518083,0.0,0.0,0.0,868.4384997564043,0.0,0.0,0.0,0.0,0.0,1359.0923997944628,0.0,0.0,0.0,0.0,0.0,0.0,0.0,0.0,0.0
301,3.4606619270316994,0.2246545084898988,0.1227558345939175,0.0195984131653468,3.1561052963966385,0.1759355220038401,6.356260071837214,1.1316939143046385,2760.9391180885164,1566.2881602509365,4283.936745969315,1333.1426082490011,0.0,439.0836608087087,950.4187725318236,0.0,5346.032887635119,1445.3816058162668,0.0,526.9834318316433,838.0400919866222,0.0,1591.033441559108,2887.882175585736,449.91706631299735,0.0,0.0,0.0,850.4672070760685,0.0,0.0,0.0,0.0,0.0,1335.638579869821,0.0,0.0,0.0,0.0,0.0,0.0,0.0,0.0,0.0
302,3.613338647498156,0.0813343905835376,0.1329812377791672,0.0122384506843859,3.4224480466656373,0.0713023425038177,7.019624082831351,1.414832526036362,2667.1114487231425,1411.220027347063,4056.5154916397023,1089.3282830299484,0.0,455.8190013075696,1179.1520049982096,0.0,5245.734849171867,1360.8377706184883,0.0,813.6728647203811,1122.729743675414,0.0,1899.767303591751,3543.43937056224,695.914168209812,0.0,0.0,0.0,822.8154684854269,0.0,0.0,0.0,0.0,0.0,1298.8624482444684,0.0,0.0,0.0,0.0,0.0,0.0,0.0,0.0,0.0
