Time,r-biceps,l-biceps,r-lats,l-lats,r-quat,l-quat,r-hamstring,l-hamstring,L1,L2,L3,L4,L5,L6,L7,L8,L9,L10,L11,L12,L13,L14,L15,L16,L17,L18,R1,R2,R3,R4,R5,R6,R7,R8,R9,R10,R11,R12,R13,R14,R15,R16,R17,R18
0,0.0074066596146179,0.0240181036146179,0.0018189842736823,0.0,2.990838155328727,2.6055909639414576,0.3287615497555899,0.5169683404988781,2573.085368440557,834.863374005702,3530.6333643707194,0.0,0.0,237.61360678609628,564.7816216624572,0.0,3511.339235832773,0.0,0.0,0.0,691.9347997009386,0.0,0.0,538.9780428639692,0.0,0.0,2225.77733472592,1824.608686039353,3096.137670091571,0.0,0.0,894.1366635629281,685.0462069356271,0.0,3124.8871947339167,0.0,0.0,620.9567380526544,662.6638210519815,0.0,0.0,2310.3790306082974,415.7198694810957,0.0
1,0.0024950474140365,0.0195672711827242,-2.309263891220321e-17,0.0,2.960985787398465,2.3216326096040283,0.2691453728646181,0.4441933958845512,3947.321057575896,1999.7701504214544,3300.337912174201,0.0,0.0,615.8475976254655,965.3716456415468,0.0,3370.427855951756,0.0,0.0,0.0,797.5249220481074,0.0,0.0,799.466585621445,186.5615256013432,0.0,2502.0362037989225,2031.0307102811985,3110.243223665741,0.0,0.0,899.3350648718935,757.1125789342846,0.0,3038.1376101444475,0.0,0.0,501.5894703909953,643.4217114623654,0.0,0.0,2040.32102996178,335.4051131329417,0.0
2,7.105427357601019e-18,0.0145876269767442,-2.309263891220321e-17,0.0,2.8855471935653947,1.9222638306285165,0.2044198415445118,0.4490655868509046,4254.105621749782,2240.3217039079136,3315.6795094975632,0.0,0.0,658.2277422738887,1026.876828415977,0.0,3333.369247176363,0.0,0.0,0.0,769.7945233292986,0.0,0.0,764.8804080696989,182.5895863103508,0.0,1859.862965713785,1575.7705629509426,2834.203982982661,0.0,0.0,114.11995061593632,224.73797010339527,0.0,2415.2132798836838,0.0,0.0,41.15420906445453,77.07161093659292,0.0,0.0,620.0306622107158,27.47617406813177,0.0
3,7.105427357601019e-18,0.0104012004318937,-2.309263891220321e-17,0.0,2.744060879954933,1.5534049101415566,0.14891364269103,0.489473349462372,5196.467056049019,2962.877402466552,3471.917178833657,0.0,0.0,722.2966480272856,1148.1710303500774,0.0,3254.0585089401443,0.0,0.0,0.0,638.1985880839394,0.0,0.0,489.3423096998377,81.53271858707653,0.0,1524.6098434431235,1343.1085110214683,2832.85275299115,0.0,0.0,0.0,247.72454425454828,0.0,2235.6943099652985,0.0,0.0,0.0,0.0,0.0,0.0,267.5228856043409,0.0,0.0
4,7.105427357601019e-18,0.0059063003521595,0.0009189340116278,0.0,2.554720436770052,1.1377486957467948,0.0893215920541054,0.5864772036336019,4830.368010814574,2588.021114056245,4088.84175750358,10.923189461360904,0.0,446.8389501961752,786.136059323581,0.0,3461.7052748940746,0.0,0.0,0.0,216.87509714083265,0.0,0.0,128.05204793293356,9.263061504213368,0.0,1708.5932304238615,1654.0422631987506,2905.088824491318,0.0,0.0,0.0,355.97499372921266,0.0,2257.241328159562,0.0,0.0,0.0,0.0,0.0,0.0,301.3032803150935,0.0,0.0
5,0.0042243798461538,0.0093881514203936,0.00317163510299,0.0,2.371069834794787,0.7493375779971887,0.0375728020334781,0.688909633732685,644.9470371182495,267.23890760357745,3204.417535070397,36.52069507338748,0.0,32.07761040661929,65.83175097386328,0.0,2036.9510327017451,0.0,0.0,0.0,0.0,0.0,0.0,0.0,0.0,0.0,1967.4879655346608,2074.9880269081445,2995.784253269745,0.0,0.0,0.0,483.25271581896607,0.0,2294.5421057913054,0.0,0.0,0.0,0.0,0.0,0.0,362.3050574654816,0.0,0.0
6,0.0228237468039867,0.0496712405182725,0.0051040220531561,0.0,2.2525823352289054,0.5182488618607974,0.015063557573422,0.7722673041677736,0.0,0.0,2373.96283502452,0.0,0.0,0.0,0.0,0.0,1203.611073157943,0.0,0.0,0.0,0.0,0.0,0.0,0.0,0.0,0.0,2025.7618457576411,2169.729852779405,3016.1898133012573,0.0,0.0,0.0,511.8963238544655,0.0,2302.924152607717,0.0,0.0,0.0,0.0,0.0,0.0,376.0321184036024,0.0,0.0
7,0.0465448203516848,0.099171976305648,0.0071204258272424,0.0,2.139479463453489,0.4013923031354999,0.0226037027413385,0.8411058240078318,0.0,0.0,1039.749040956449,0.0,0.0,0.0,0.0,0.0,429.9406116546375,0.0,0.0,0.0,0.0,0.0,0.0,0.0,0.0,0.0,2723.573744447327,3096.4174412171665,3185.8869507345785,0.0,0.0,505.9662910392258,698.0780832016272,0.0,2492.1618768171707,0.0,0.0,136.0743982231474,141.82688697088733,0.0,0.0,883.4808605309462,19.30920152765727,0.0
8,0.0794121824083823,0.1481570794285717,0.0091283075328392,0.0,2.044250324568362,0.4214948123414253,0.0375016633539485,0.9259620041645816,0.0,0.0,268.17561262005535,0.0,0.0,0.0,0.0,0.0,49.46661173311699,0.0,0.0,0.0,0.0,0.0,0.0,0.0,0.0,0.0,3671.20224008091,4010.969426278095,3547.9512078375,0.0,0.0,1604.1672466179357,1300.4596920535394,0.0,3359.9125499882007,0.0,0.0,911.3428845190092,1094.7108500350764,0.0,294.0230144195809,2696.660676320043,530.1326047024727,0.0
9,0.1592598203401994,0.1966265498870436,0.0204077913640591,0.0,1.9826844230359404,0.5235427960070066,0.054157079960133,1.0062264732953208,0.0,0.0,210.64853825186685,0.0,0.0,0.0,0.0,0.0,129.1082203696208,0.0,0.0,0.0,0.0,0.0,0.0,0.0,0.0,0.0,3490.7012112057128,3260.701036373936,4038.5452797136777,0.0,0.0,1803.4013283610277,2158.2699588025266,0.0,4672.500117155315,0.1454545454545454,0.0,1775.7279232182093,2488.069210810904,0.0,1264.8894689817355,4681.257059444521,1557.655255424334,0.0
10,0.2863650992314103,0.2589200976340688,0.0458268493090908,0.0,1.9077051435950456,0.7420211483387489,0.0736827545780733,1.0686068683795844,0.0,0.0,261.34297344911914,0.0,0.0,0.0,0.0,0.0,288.6136274392374,0.0,0.0,0.0,0.0,0.0,0.0,0.0,0.0,0.0,3259.8284738234265,3026.9175650047414,3804.636345910066,0.0,0.0,1720.0285766332283,2346.669831312073,0.0,4645.735964066476,0.0,0.0,1857.741772720467,2791.233907271548,0.0,1335.5407271547638,4861.553096770974,1851.2720252532813,0.0
11,0.4160657267043187,0.347963374639919,0.0853190846910298,0.0034792374226935,1.7960028707518525,0.9720343550953218,0.0926759107973425,1.1164917162995145,0.0,0.0,284.02486294105904,0.0,0.0,0.0,0.0,0.0,359.97942312971,0.0,0.0,0.0,0.0,0.0,0.0,0.0,0.0,0.0,2662.374969431552,2472.151410515546,3627.1619947472177,0.0,0.0,1404.785885486849,1916.5778416180065,0.0,4441.649776912711,0.0,0.0,1517.2593389729,2279.663285421969,0.0,1090.7660421969356,3970.539364675351,1511.9753512252332,0.0
12,0.535605280617336,0.4241141565412272,0.1177350517511325,0.0179886609568106,1.6550722500380544,1.1419018576091802,0.1064987625285415,1.1302334533373606,221.69839191792136,14.332951302305656,407.5010158257003,0.0,0.0,13.408244766673034,0.0,0.0,748.5088733419875,0.0,0.0,0.0,0.0,0.0,0.0,60.337101450028655,0.0,0.0,0.0,0.0,2545.109911929287,0.0,0.0,0.0,0.0,0.0,3169.553214388276,0.0,0.0,0.0,0.0,0.0,0.0,0.0,0.0,0.0
13,0.7523800345933556,0.5413937053156157,0.1565031487235882,0.0357223885116279,1.5212282590106314,1.3202507770883705,0.134668782390698,1.1338874313727578,1013.455037376222,474.7817203720164,594.2012468316196,0.0,0.0,141.89719545843676,79.95146758381469,0.0,1029.080244283594,0.0,0.0,20.58156591266517,66.98903905228038,0.0,0.0,363.2589354810688,13.852977056601556,0.0,0.0,0.0,1803.018298578874,0.0,0.0,0.0,0.0,0.0,2245.367568370946,0.0,0.0,0.0,0.0,0.0,0.0,0.0,0.0,0.0
14,1.0392897909629448,0.6937046753621272,0.20647405347125,0.0570791356744185,1.3529880824835154,1.5024153144433918,0.2158321875686177,1.134703471703552,4372.562515875774,6005.464382959851,1961.6841576099685,0.0,0.0,1415.8157572765488,1196.5103771967667,0.0,2179.021716383006,0.0,0.0,533.6763168604286,1050.293664215245,0.0,0.1933226415312822,2332.475603173979,587.5863996673193,0.0,0.0,0.0,773.8972527935496,0.0,0.0,0.0,0.0,0.0,963.8118745050768,0.0,0.0,0.0,0.0,0.0,0.0,0.0,0.0,0.0
15,1.258368952250121,0.834052794029189,0.2435742450299007,0.0776731418671095,1.1736779639202657,1.6298030211150905,0.3154905870697679,1.1449163663286654,6653.5781178139205,8656.809857533746,1853.270434623493,0.0,0.0,2305.529102293254,2108.4903162877117,0.0,1815.7253538890875,0.0,0.0,885.8985826697871,1498.7655957875988,0.0,0.0,2536.254917244594,800.6136517782234,0.0,0.0,0.0,99.5610762428413,0.0,0.0,0.0,0.0,0.0,123.99861073884092,0.0,0.0,0.0,0.0,0.0,0.0,0.0,0.0,0.0
16,1.4456111895713672,0.926804908487682,0.2669388093416914,0.0984578333023253,0.9928262798580824,1.7022917249926637,0.4111663538441678,1.2341140659269094,8282.792999348008,9969.917994675388,1730.7373805439574,0.0,0.0,2839.3443691298367,2497.2826434708422,0.0,1516.3925097998613,0.0,0.0,1004.6163726043142,1356.781479204427,0.0,0.0,2306.280655029265,572.8471858524898,0.0,0.0,0.0,76.33772651731836,0.0,0.0,0.0,0.0,0.0,84.88308790366224,0.0,0.0,0.0,0.0,0.0,0.0,0.0,0.0,0.0
17,1.6108431209293852,0.97077761455941,0.2742383265249171,0.1136769884914113,0.8598973137493456,1.7505332533325788,0.4869343295282395,1.3373851659387843,9048.718932713346,11645.269919614624,1563.191022320102,0.0,0.0,2860.480880437783,2640.4056651967285,0.0,1262.5496315954151,0.0,0.0,1114.5240976100729,1445.9534491098682,0.0,0.0,2510.627140826029,693.5573477457939,0.0,0.0,0.0,492.2286394675282,0.0,0.0,0.0,0.0,0.0,500.4166307536855,0.0,0.0,0.0,0.0,0.0,0.0,0.0,0.0,0.0
18,1.7237402457583055,0.967901868650329,0.2797861997117943,0.1147925159999997,0.7474300021993349,1.7361674082508316,0.5593371832051501,1.4103744125905304,9071.550945867266,11847.677762459818,1524.3304667968894,0.0,0.0,2815.4024317417498,2598.6580139967145,0.0,1189.3426488024977,0.0,0.0,1091.7066480821954,1413.6547473438857,0.0,0.0,2486.8337804181942,695.7999321919384,0.0,0.0,0.0,1897.868987577687,0.4670999737155403,0.0,0.0,0.0,0.0,2146.292851351791,42.13241762914173,0.0,0.0,0.0,0.0,0.0,0.0,0.0,0.0
19,1.6989798640501357,0.9267838188039832,0.2716847055502875,0.1147925159999997,0.6274639243745092,1.6938413591561476,0.6419572196276051,1.5039758984352154,8634.645537962626,11420.458181726475,1503.0550851867274,0.0,0.0,2629.6218323213,2281.3530422812287,0.0,1062.7447855098671,0.0,0.0,888.9596940872308,1181.22796333041,0.0,0.0,2161.129226832206,557.6125144604479,0.0,0.0,0.0,5202.915548929807,72.27942143264232,0.0,0.0,0.0,0.0,6067.376651734676,645.395287456381,0.0,0.0,0.0,0.0,0.0,0.0,0.0,0.0
20,1.6252036295232553,0.8694076677714733,0.2491015136006174,0.1147925159999997,0.5400067511148555,1.5848424003438544,0.7503271460624112,1.609256509727098,7753.31783019913,10342.488824486198,1454.1137901253255,0.0,0.0,2251.055331905935,1696.9491518340544,0.0,827.872913516655,0.0,0.0,517.4793334407744,815.776981605093,0.0,0.0,1552.6380609594328,306.9987873010655,0.0,0.0,0.0,5679.6576100804805,286.23362233048744,0.0,0.0,0.0,0.0,6863.594436698535,1263.5884621463342,0.0,0.0,0.0,0.0,0.0,0.0,0.0,0.0
21,1.547821758495994,0.7802015460715259,0.2095873805182727,0.1112450582356847,0.6389081340199334,1.4798796205737716,0.9388529599218296,1.6688898402563987,5147.91893045024,3346.649511058603,1030.4180335145616,0.0,0.0,829.3780711689907,922.2068584953932,0.0,346.58263786496656,0.0,0.0,0.9808168877926332,219.94995645383383,0.0,0.0,327.13115073373064,0.0,0.0,0.0,0.0,6615.150207827638,732.1369948759609,0.0,0.0,0.0,0.0,8413.993624547436,2515.9434306993726,0.0,0.0,0.0,0.0,504.3792632627478,982.8177934273008,0.0,0.0
22,1.4424160451205217,0.688667626669966,0.1718678924735987,0.0941342616478403,0.8609497848264649,1.4052650113313077,1.219060420726373,1.6610282766217594,4609.099450802482,1873.700056576909,753.5476104928616,0.0,0.0,207.16334665282287,707.6246367825062,0.0,97.4751780997764,0.0,0.0,0.0,16.313871793557034,0.0,0.0,21.295646049606,0.0,0.0,0.0,0.0,7071.966332258549,1111.9790666336028,0.0,0.0,0.0,0.0,9095.941625504607,3371.292019507707,0.0,0.0,0.0,0.0,1358.6609455004866,1922.421712877928,0.0,0.0
23,1.2392226841945524,0.5639190441297011,0.1310049130341529,0.0756377931229234,1.1569784505201326,1.3545166982639223,1.5129474867125583,1.6297894860518285,3931.114617720045,959.501677773012,579.4902992204882,0.0,0.0,0.0,480.70310494568,0.0,0.0,0.0,0.0,0.0,0.0,0.0,0.0,0.0,0.0,0.0,0.0,0.0,7332.563034437685,1449.7396097715475,0.0,0.0,0.0,0.0,9487.40293751221,4006.2464227571672,0.0,0.0,0.0,0.0,2188.011725260052,2779.7856144512484,0.0,0.0
24,1.01700899179535,0.4426134780438537,0.0874978111654484,0.0575226950830564,1.5348794873674418,1.352897051585382,1.8038408068730911,1.640425192265779,3537.8009678040885,593.5685261626127,465.9173619992861,0.0,0.0,0.0,368.499980669068,0.0,0.0,0.0,0.0,0.0,0.0,0.0,0.0,0.0,0.0,0.0,0.0,0.0,7281.557834927067,1570.1637723135225,0.0,0.0,0.0,0.0,9409.510177327964,4180.979645344071,0.0,41.6,0.0,0.0,2770.1364732930056,3441.375124343634,67.88888888888889,0.0
25,0.8534178275052414,0.3407920064850495,0.0556240796013287,0.0415051347109634,1.9519033318221308,1.4043819741374897,2.080981664740099,1.7004816556575495,3265.2092440727324,312.91612863431965,354.8564125465033,0.0,0.0,0.0,321.5081862889871,0.0,0.0,0.0,0.0,0.0,0.0,0.0,0.0,0.0,0.0,0.0,0.0,0.0,7176.643551777447,1551.3991134735877,0.0,0.0,0.0,0.0,9209.718215346287,4252.111725321621,0.0,159.4201148899262,0.0,0.0,3248.7250083442664,4038.403139121255,245.29455188134432,0.0
26,0.6768241021027832,0.2198268022313131,0.0283110441353819,0.021864554730897,2.544873303169433,1.5370991708995014,2.434883015334097,1.672439141491071,3281.6724567472,460.8420193111586,297.9455085730908,0.0,0.0,0.0,361.2511749693461,0.0,0.0,0.0,0.0,0.0,0.0,0.0,0.0,0.0,0.0,0.0,341.2530416200441,476.32331794701145,6735.544070000205,1119.493722775157,0.0,183.9062997492649,89.72242501095192,0.0,8344.560193892328,3159.4781293086826,0.0,292.0022673404709,129.78999516909698,0.0,2555.724615493594,3701.208777764185,333.77474535576675,0.0
27,0.4596442831428564,0.1152817599379847,0.0146337538604651,0.0022950107619047,3.1985184731694347,1.683179032361018,2.8744993700310086,1.6224649945249192,3448.769084580926,1023.3796059679148,254.26217790445352,0.0,0.0,0.0,394.5575880542916,0.0,0.0,0.0,0.0,0.0,0.0,0.0,0.0,0.0,0.0,0.0,2038.7366566893888,3074.808295783589,5848.562991184252,317.9863616264845,0.0,1090.813219365366,538.7128273193734,0.0,6621.388307349153,1117.5818364639856,0.0,524.8707655810734,464.42550919141945,0.0,1120.0090921063686,2909.905972118624,469.5336052013282,0.0
28,0.2955742359731392,0.0767087622721426,0.0059977917641902,3.5527136788005095e-18,3.722153413932283,1.806742541482998,3.246456676348908,1.5997472920401534,3539.097387637087,1731.393157353212,219.6168609948992,0.0,0.0,0.0,374.3123914456495,0.0,1.3924640774939332,0.0,0.0,0.0,0.0,0.0,0.0,0.0,0.0,0.0,3777.317154304742,5711.525838932467,4985.067444795466,0.0,0.0,2052.067979687,1185.7073120971793,0.0,5195.737540981051,312.8722439291667,0.0,589.720414285072,529.7310555200468,0.0,138.67193327535944,2111.678889757217,423.1123629192177,0.0
29,0.234323745607973,0.0818347308591874,0.0014921328791208,3.5527136788005095e-18,4.158943898309226,1.923317864145156,3.584642336402761,1.5642439192731938,3424.0293143763543,2326.840832358124,173.79223477516524,0.0,0.0,0.0,194.9352032227219,0.0,0.0,0.0,0.0,0.0,0.0,0.0,0.0,0.0,0.0,0.0,3570.965296522248,5213.500612680312,3540.7731314060884,0.0,0.0,1975.5694555907996,1272.375131903753,0.0,3642.209457153416,323.67371455830386,0.0,460.81175350073175,563.0176792387724,0.0,350.92250519603203,1412.551776352027,307.4647525763151,0.0
30,0.1920047610208979,0.0893812263864538,-3.5527136788005095e-18,3.5527136788005095e-18,4.665970675365771,2.107843678366734,3.952373369551816,1.476765188725111,3397.0,2349.0,166.0,0.0,0.0,0.0,155.0,0.0,0.0,0.0,0.0,0.0,0.0,0.0,0.0,0.0,0.0,0.0,3006.704846744773,4389.686347208549,2981.288151840882,0.0,0.0,1663.3875745359776,1071.313069301196,0.0,3066.695782076815,326.90733908088214,0.0,388.0074344641671,474.0485762395852,0.0,524.4968449860918,1189.3389982963922,258.89018109599715,0.0
31,0.1378814100159467,0.089999316,-3.5527136788005095e-18,3.5527136788005095e-18,5.058066992077076,2.294733884675084,4.224054830301925,1.3343825935758162,3248.388498935227,2009.1636135593733,158.50518366388033,0.0,0.0,0.0,133.80037664926147,0.0,0.0,0.0,0.0,0.0,0.0,0.0,0.0,0.0,0.0,0.0,1644.2187789341049,2271.9591814296714,1773.7115440074188,0.0,0.0,911.639864129838,674.4937807822812,0.0,1911.8232053431248,336.5913387582036,0.0,324.76531772500056,446.9024505084577,0.0,1045.8539107298982,992.3296561622852,316.74255938477444,0.0
32,0.0944770293802706,0.089999316,-3.5527136788005095e-18,3.5527136788005095e-18,5.365218890364427,2.426169474538208,4.28306469476642,1.2554772600820383,2610.64028461436,721.0551844853537,128.00307013278214,0.0,0.0,0.0,68.69248870057945,0.0,0.0,0.0,0.0,0.0,0.0,0.0,0.0,0.0,0.0,0.0,1725.2257575547296,1718.3462532190724,2603.178873205451,0.0,0.0,966.9678198301252,1166.2350063918338,0.0,3220.8163089442364,346.0612317773948,0.0,923.2725559222388,1440.156204353042,0.0,1554.8708753512958,2810.4838663468518,1238.5684450082422,0.0
33,0.0599141649123433,0.0890558374807054,-3.5527136788005095e-18,3.5527136788005095e-18,5.726668755194736,2.54762856077741,4.199587295605166,1.1787109740161037,2084.8462679176414,490.8231988645131,115.40019486333296,0.0,0.0,0.0,141.04135056743604,0.0,0.0,0.0,0.0,0.0,0.0,0.0,0.0,0.0,0.0,0.0,2411.687689715872,1974.55377288704,4048.921495495833,0.0,0.0,1332.2848044709867,1924.6318748654317,0.0,5219.123834402169,330.0759013713806,0.0,1602.3380024517255,2609.698294586548,0.0,1855.9741534087084,4947.064899528023,2290.8798080200954,0.0
34,0.0387778827109634,0.0794127278108268,-3.5527136788005095e-18,3.5527136788005095e-18,6.096315252839556,2.6038358725081103,3.958002017438344,1.032085825383623,1869.295796129123,568.3470269311209,140.5206912751342,0.0,0.0,0.0,212.61020871089465,0.0,0.0,0.0,0.0,0.0,0.0,0.0,0.0,0.0,0.0,0.0,2646.349815833749,2284.037921333737,3986.965459304783,0.0,0.0,1324.4378275640945,2003.962399717404,0.0,5184.413263887618,209.7821040264768,0.0,1308.6315030283718,2515.53938094402,0.0,1363.2417190180663,4432.908664654752,2189.3875400295537,0.0
35,0.0221833244451826,0.0646563000199336,-3.5527136788005095e-18,3.5527136788005095e-18,6.414805949748343,2.558439480508305,3.6144907506054818,0.8523046204285719,2384.066645074456,829.8682809079087,217.9886283946805,0.0,0.0,0.0,282.88926837451646,0.0,0.0,0.0,0.0,0.0,0.0,0.0,0.0,0.0,0.0,0.0,2811.208148280324,2538.3809607803123,4022.366762323552,0.0,0.0,1271.4506236392954,1875.9303413705263,0.0,5123.420952670859,106.70952607331763,0.0,860.8975235205538,2144.733480205897,0.0,790.4048961995841,3460.9973635507,1761.1702029408705,0.0
36,0.0062109622818056,0.0498557480531562,-3.5527136788005095e-18,3.5527136788005095e-18,6.625569092379133,2.464527725353918,3.220430546450653,0.7018770800086009,2895.300036844018,1308.7643525380352,481.12105812314206,0.0,0.0,685.1967728315043,689.398019064992,0.0,297.3630800539248,0.0,0.0,175.64339249788168,196.68935772075972,0.0,0.0,700.3475831587286,9.91346799219422,0.0,2118.89624141644,1649.3528165843677,5506.67509584174,422.3818783015598,0.0,469.6202685862322,869.5116441750273,0.0,6555.480781238777,936.588756859224,0.0,223.30077916398227,790.974039958193,0.0,270.2876142583484,1774.90819642934,618.0854328510226,0.0
37,-1.0658141036401539e-16,0.034756195036545,-3.5527136788005095e-18,3.5527136788005095e-18,6.934414605371168,2.353643713994952,2.7765470593076413,0.541205375838938,3592.7524581056564,2600.3206316256737,1249.7114035383845,0.0,0.0,1534.1268804833817,1079.7240593090503,0.0,1225.1638467372543,0.0,0.0,445.5197151451521,352.24638128631466,0.0,0.0,1563.7628548675286,88.27703314749175,0.0,1356.9816716786147,230.59724538619272,5489.571044036627,624.0491016013095,0.0,5.211237183868763,58.81253393223318,0.0,6391.525654284728,1318.314219060598,0.0,0.0,11.16693682257592,0.0,1.3028092959671906,192.25742896201544,7.630740162093547,0.0
38,-1.0658141036401539e-16,0.0202797054584014,1.2267788223616133e-06,3.5527136788005095e-18,7.139960772803284,2.2278323042612587,2.337289278756202,0.3738822796943521,4264.880124118345,3569.273598695085,2141.528318434102,0.0,0.0,1676.0872487653558,1110.620883491229,0.0,1955.7984965986293,0.0,0.0,194.6678686754975,337.5350400372833,0.0,0.0,1442.2859415439066,57.95130455045265,0.0,998.3624663296152,0.0,4441.046584861291,459.11861536409,0.0,0.0,0.0,0.0,5221.478345686239,969.9417040693532,0.0,0.0,0.0,0.0,0.0,0.0,0.0,0.0
39,-1.065814103640154e-16,0.0815112749079541,0.0245375478843072,3.5527136788005095e-18,7.1357185850373295,2.0575672856025053,1.84861332604104,0.2076055234543676,4487.0,3833.0,2458.0,0.0,0.0,1662.0,1108.0,0.0,2116.0,0.0,0.0,23.0,330.0,0.0,0.0,1306.0,17.0,0.0,720.1114706564006,0.0,3627.463499185108,331.1569980029428,0.0,0.0,0.0,0.0,4313.5596452528525,699.6327384029398,0.0,0.0,0.0,0.0,0.0,0.0,0.0,0.0
40,-1.065814103640154e-16,0.3051089049638462,0.0887629507774086,3.5527136788005095e-18,6.972798464036744,1.8413906732843504,1.3571964518483504,0.0894403828540166,4699.087086266793,4104.539349000171,2407.046242404524,0.0,0.0,1721.6034325152002,1215.271049332389,0.0,2140.438182116164,0.0,0.0,85.54971616213483,397.422101222509,0.0,0.0,1429.3618960924732,103.98777611041103,0.0,321.9859462372944,0.0,2150.6956068731306,98.90337934456768,0.0,0.0,0.0,0.0,2665.361849325913,208.90688575302755,0.0,0.0,0.0,0.0,0.0,0.0,0.0,0.0
41,0.0028360262786935,0.5850808063654486,0.1552383797740862,3.5527136788005095e-18,6.687823045463055,1.6343740382681655,0.9351487457782246,0.0497267388679246,5323.875622697296,4904.426778573248,2256.9540364430272,0.0,0.0,1897.183500677896,1531.2540946249387,0.0,2212.429582827955,0.0,0.0,269.83875754909263,596.0133511304405,0.0,0.0,1792.810829935856,360.23322398807863,0.0,254.75879487376667,0.0,1537.5480231198226,0.0,0.0,0.0,0.0,0.0,1916.0793969877293,0.0,0.0,0.0,0.0,0.0,0.0,0.0,0.0,0.0
42,0.0187773482990032,0.8719265986445184,0.2210746219534882,3.5527136788005095e-18,6.267524673635887,1.4121719916637905,0.6008965121996026,0.0234620440313625,5655.879514114794,5405.010953262291,2164.417579438524,0.0,0.0,1981.3628131270668,1692.340906602484,0.0,2267.857065401632,0.0,0.0,384.41757943852434,710.2308317909899,0.0,0.0,2045.977822381128,535.7031775409718,0.0,185.0386617311675,0.0,1574.1405541799077,0.0,0.0,0.0,0.0,0.0,1803.3508729762616,0.0,0.0,0.0,0.0,0.0,0.0,0.0,0.0,0.0
43,0.035170925142857,1.1364931060863777,0.2817973695946842,3.5527136788005095e-18,5.677709336199336,1.176896869926911,0.3871312020013283,0.0089608061182727,5278.41527101058,4957.784706572249,2009.8287278953812,0.0,0.0,1752.8708340478388,1452.7688318010928,0.0,2059.193869713882,0.0,0.0,243.76846392369225,441.9490592694472,0.0,0.0,1847.8777534552587,353.9391463203739,0.0,119.78133670484908,0.0,1608.419634933127,0.0,0.0,0.0,0.0,0.0,1697.8039062088355,0.0,0.0,0.0,0.0,0.0,0.0,0.0,0.0,0.0
44,0.0501839902524916,1.3787803286910263,0.3374066226976742,3.5527136788005095e-18,5.054730320004747,0.9802562910868527,0.2867298671048889,0.0062291885382063,4551.877067162679,3779.179836983853,1612.3047961487257,0.0,0.0,1292.3439393125575,987.5601619174022,0.0,1489.2344775537017,0.0,0.0,0.0,0.0,0.0,0.0,1217.399324686078,0.0,0.0,492.240077556713,577.5967746750318,2318.5350735852903,0.0,0.0,0.0,0.0,0.0,2282.256790493342,0.0,0.0,0.0,0.0,0.0,0.0,761.7309937584681,0.0,0.0
45,0.0677855148637873,1.5989440957016556,0.3817458013813951,3.5527136788005095e-18,4.340451142355482,0.8178555261029911,0.2771239337641206,0.003918725880399,3504.35288959699,2335.7673679960617,1106.9382878528727,0.0,0.0,820.5966397920663,536.6175124053902,0.0,855.7486778694006,0.0,0.0,0.0,0.0,0.0,0.0,536.0234726949492,0.0,0.0,2249.6684522126848,2762.536912545312,3779.0942320308536,0.0,0.0,798.8252259915521,849.8160430720753,0.0,4113.927669973977,0.0,0.0,738.702577898309,1069.7844230125431,0.0,522.4833698886245,3384.1154666514863,804.1441119434561,0.0
46,0.08624985930897,1.6661484483418332,0.3847904639999998,3.5527136788005095e-18,3.645632892107725,0.6984359581955217,0.3232082000650327,0.0015007886350466,195.77969910300763,29.02014421959697,57.18201766274288,0.0,0.0,10.212399293433345,6.609299861531255,0.0,10.581391403929352,0.0,0.0,0.0,0.0,0.0,0.0,6.489920061076668,0.0,0.0,2330.9243249505503,2930.1027428641564,4845.803294077821,165.80545701100314,0.0,1031.8679277993326,1068.094701714498,0.0,5495.761291108975,654.3583829903959,0.0,1050.6996479068025,1511.1375876489722,0.0,1373.676605495687,3820.3146785352455,1240.1775765336636,0.0
47,0.1013841085074907,1.6765151427260014,0.3847904639999998,3.5527136788005095e-18,2.9515062220254493,0.6071288662107476,0.3836145703759808,0.001397560653169,0.0,0.0,0.0,0.0,0.0,0.0,0.0,0.0,0.0,0.0,0.0,0.0,0.0,0.0,0.0,0.0,0.0,0.0,1348.7550327965764,1697.076884189111,2828.3208393344185,131.37809895618014,0.0,597.1002105885552,617.0303053193371,0.0,3211.675241328252,518.5075954654634,0.0,610.0305215979058,877.1023938762819,0.0,811.9539242487574,2218.2903177365124,722.0191056738696,0.0
48,0.103883508,1.676469132561388,0.3847851688220216,3.5527136788005095e-18,2.361305645566753,0.5372620376350963,0.4503987277548324,0.0036695583388708,0.0,0.0,0.0,0.0,0.0,0.0,0.0,0.0,0.0,0.0,0.0,0.0,0.0,0.0,0.0,0.0,0.0,0.0,656.0216802562625,825.4744267563659,1375.7209605066064,63.87573470969531,0.0,290.4337540968945,300.1412732728936,0.0,1562.189587205248,252.18272171572872,0.0,296.75024126548504,426.5974184000197,0.0,394.9661447182457,1078.977363525666,351.2283726145273,0.0
49,0.103883508,1.6295849274429943,0.3690029261592783,3.5527136788005095e-18,2.0372718822253475,0.5007680172973927,0.5129746263115349,0.0055722922923591,0.0,0.0,0.0,0.0,0.0,0.0,0.0,0.0,0.0,0.0,0.0,0.0,0.0,0.0,0.0,0.0,0.0,0.0,1224.7596190837503,1635.6039448341082,1825.175080645602,129.43828312316126,0.0,490.9422829164802,511.2917401403565,0.0,2012.1424054963145,169.3932399828659,0.0,325.1481257589741,527.0043569962695,0.0,246.95129290171457,1070.30363478644,282.5041641221669,0.0
50,0.1039196590299003,1.481362651299,0.3247909199999997,3.5527136788005095e-18,1.814590786950169,0.465318690654488,0.5611903067342215,0.0071805555149505,0.0,0.0,0.0,0.0,0.0,0.0,0.0,0.0,0.0,0.0,0.0,0.0,0.0,0.0,0.0,0.0,0.0,0.0,4537.929542349126,6425.869367360368,5000.940683706212,85.88083674684252,0.0,1952.3404922744028,1996.5097744028965,0.0,5431.080361357822,28.723568745726595,0.0,1170.6233483480858,1883.645216735972,0.0,380.7205390186404,3094.73160365094,922.0969723862768,0.0
51,0.1284504666179401,1.229274417074513,0.2615114250897008,3.5527136788005095e-18,1.5590609256497383,0.4376306266597082,0.5934049045942126,0.0159128727422879,0.0,0.0,0.0026250756918645,0.0,0.0,0.0,0.0,0.0,0.0,0.0,0.0,0.0,0.0,0.0,0.0,0.0,0.0,0.0,4699.49188759578,6496.755841842312,4874.864105798254,31.871126073913253,0.0,2018.037596464304,1962.735257969958,0.0,5082.306816970049,0.0,0.0,1123.1678065252995,1773.2578811167284,0.0,198.42346233113733,2934.9420341300765,820.578605373539,0.0
52,0.1700245170897009,0.8836658905514942,0.1803346992956809,3.5527136788005095e-18,1.259160706382887,0.4927723147300685,0.5827238049767464,0.0590176359811049,0.0,0.0,9.211627548974684,0.0,0.0,0.0,0.0,0.0,0.0,0.0,0.0,0.0,0.0,0.0,0.0,0.0,0.0,0.0,4928.486485322032,6430.796940770733,4664.382936410617,0.0,0.0,2083.5495321034505,1815.4819912872583,0.0,4400.765711141425,0.0,0.0,972.7547707056358,1468.369188543197,0.0,0.0,2550.1218948968985,560.0069127799192,0.0
53,0.2020496757946465,0.5666012235747493,0.1055498416744185,3.5527136788005095e-18,1.0950276174941351,0.595746684658938,0.5560657376513521,0.1172373185442239,0.0,0.0,779.2112729820341,0.0,0.0,0.0,0.0,0.0,357.6934471327272,0.0,0.0,0.0,0.0,0.0,0.0,0.0,0.0,0.0,4965.954299439645,6107.20702293027,4393.012888863576,0.0,0.0,1990.016363601585,1631.164729502534,0.0,3820.3009058245625,0.0,0.0,616.7974718414885,1175.9961540550862,0.0,0.0,2144.871842664858,267.4110223597141,0.0
54,0.2343632829368767,0.2848432459511434,0.0390862835669337,3.5527136788005095e-18,0.9826964013898752,0.7009183966879051,0.5086458628446359,0.1912807735415285,0.0,0.0,1849.1233412863903,1.3656168236994954,0.0,0.0,0.0,0.0,1502.678850497013,2.471469577673544,0.0,0.0,0.0,0.0,0.0,0.868354175939353,0.0,0.0,4508.1582409554085,5089.443876062192,3943.118114707527,0.0,0.0,1476.0560879981308,1336.6458427473874,0.0,3459.7304384013078,0.0,0.0,0.0,894.3166667167432,0.0,0.0,1656.3357092544854,0.0,0.0
55,0.2666838137740858,0.0977055367766105,0.0113098506195348,3.5527136788005095e-18,0.8534789587207965,0.7826551319218619,0.4376691538516944,0.2741537166410632,208.71504462766524,0.0,3512.698715473199,381.1690634858273,0.0,0.0,28.77580621106397,0.0,3653.724881004748,602.7593790123075,0.0,0.0,72.2545790993139,0.0,169.5185309655917,951.8285576397049,61.33237528197576,0.0,4049.543882953517,4070.863025194547,3493.1994589100013,0.0,0.0,961.4711717860436,1042.1487864560308,0.0,3099.981515477434,0.0,0.0,0.0,612.895163105088,0.0,0.0,1168.021615974001,0.0,0.0
56,0.2921150351514802,0.0704077458338864,0.0381609356411959,3.5527136788005095e-18,0.7944079870954962,0.8578777028249112,0.3826392547587478,0.3749249190154802,580.1941148494064,48.70975217611554,3666.4311711189935,568.1857013015624,0.0,7.403882330769563,190.78329182606535,0.0,3953.7129969997327,790.4089006768438,0.0,0.0,382.2903304377161,0.0,452.47217184796233,1693.9323899927508,328.66184351086827,0.0,3610.517715884276,3099.878640226376,3064.351211024072,0.0,0.0,465.94134719275314,684.7272776213495,0.0,2741.374766962348,0.0,0.0,0.0,302.4410505704544,0.0,0.0,625.3064406777188,0.0,0.0
57,0.2883216587477029,0.0834280762689069,0.0663329298737541,3.5527136788005095e-18,0.8256726237303094,0.8870854980316603,0.4066513928606616,0.4603466064014069,747.5267190134057,265.0982151976953,3141.620310320859,523.5853037961895,0.0,69.82930346978152,422.9533920540521,0.0,3478.3714358382053,700.9491505524471,0.0,0.0,562.3498263941948,0.0,579.5331166456234,1887.9727326601528,498.9186500643084,0.0,3335.253960280502,2472.563860693785,2795.204125723018,0.0,0.0,159.95495908606807,123.90460715980991,0.0,2409.773550253513,0.0,0.0,0.0,4.50001554483524,0.0,0.0,26.82342664880296,0.0,0.0
58,0.2909914459534875,0.1084212401860459,0.0956548014219267,3.5527136788005095e-18,0.9521758607488744,0.9243814092452622,0.533594547266759,0.5391706511643541,1301.454473617022,762.1265760487579,3023.892445102979,236.5170920184965,0.0,393.5695315432886,1004.0304919589922,0.0,3624.514585787775,440.0550902410357,0.0,259.2228035003832,1319.3120688744536,0.0,997.4081309232848,3060.9996688693022,1176.6601000494616,0.0,3163.823734055054,2008.600122345861,2699.823821212978,0.0,0.0,72.90194555265583,14.33294351165438,0.0,2242.059185884744,0.0,0.0,0.0,0.0,0.0,0.0,0.0,0.0,0.0
59,0.2955879006827234,0.1359429277275741,0.1241142649833883,3.5527136788005095e-18,1.1774874130166098,1.0299987958754175,0.7009297103720941,0.6175753083139542,1670.056381219784,1308.3471523779128,2827.229266255636,20.84622738877723,0.0,615.4566618230214,1240.296830184964,0.0,3496.9035439526865,99.86952815199088,0.0,548.6682186702157,1625.7138848525176,0.0,981.5032633494488,3460.6453855790646,1497.1537726112228,0.0,3253.823637808177,2059.9868145330847,2630.163366615399,0.0,0.0,89.20222979999124,0.0,0.0,2093.970455256204,0.0,0.0,0.0,0.0,0.0,0.0,0.0,0.0,0.0
60,0.292606485934158,0.1615186373621254,0.1505614432425244,3.5527136788005095e-18,1.4957454883074583,1.2109036882262183,0.8822429398378148,0.6815241640872862,1701.0,1366.0,2799.0,0.0,0.0,635.0,1253.0,0.0,3469.0,61.0,0.0,563.0,1642.0,0.0,965.0,3474.0,1518.0,0.0,3316.80504318999,2130.658951291588,2601.772125249236,0.0,0.0,104.93490629300696,0.0,0.0,2031.354755908803,0.0,0.0,0.0,0.0,0.0,0.0,0.0,0.0,0.0
61,0.2563628112195703,0.1835208538836596,0.1714585090517662,3.5527136788005095e-18,1.926086976330532,1.4381589718883747,1.1354964658727893,0.7462185449947462,2298.5520693278063,2629.7644566762588,2407.246170939338,0.0,0.0,900.016639380239,1401.3496240156226,0.0,2955.7478786769075,23.324253471057677,0.0,573.4918987288502,1601.6778727446788,0.0,445.3348302093413,3105.513667494152,1301.297968646523,0.0,3485.375706171539,2401.6916867070063,2521.0327885637344,0.0,0.0,148.77330507208214,0.0,0.0,1883.3503833953305,0.0,0.0,0.0,0.0,0.0,0.0,0.0,0.0,0.0
62,0.2098966777475075,0.1891585250431889,0.1730565359999994,3.5527136788005095e-18,2.397654592820728,1.686318822220069,1.451501337743523,0.7774297467428589,2694.882118240964,3454.578669374374,2165.251039029473,0.0,0.0,1075.7715227533663,1510.114751605489,0.0,2630.7364926168534,0.0,0.0,584.591892957086,1584.51454641262,0.0,121.57942460341162,2874.8286824395022,1163.24272679369,0.0,3537.080153702192,2500.2265345553405,2503.8239325904838,0.0,0.0,163.8565878024878,0.0,0.0,1867.155286820059,0.0,0.0,0.0,0.0,0.0,0.0,0.0,0.0,0.0
63,0.1634051719933548,0.1926473282325583,0.1730565359999994,3.5527136788005095e-18,2.862683962664449,1.94586129321152,1.7112966627663344,0.7919258338205998,2800.6630202397464,3510.91529780782,2140.947351784476,0.0,0.0,1105.4241131917906,1585.070562172298,0.0,2565.2004869503016,0.0,0.0,611.5725184627655,1631.7365964290273,0.0,118.20458820849912,2878.0734142711813,1154.5027595382255,0.0,3316.3816045463645,2349.019418850607,2248.77002925759,0.0,0.0,182.8277653255766,0.0,0.0,1670.4355470270275,0.0,0.0,0.0,0.0,0.0,0.0,0.0,0.0,0.0
64,0.1146047136877072,0.1893936897807311,0.1730565359999993,3.5527136788005095e-18,3.287974411830917,2.187996710375066,1.8877162704327408,0.7754209910584593,3002.743414631588,3265.386606817938,2040.976312202203,0.0,0.0,1126.6765533596165,1707.0556329398958,0.0,2389.336506909838,0.0,0.0,672.3398612484949,1708.0127121509972,0.0,121.29187555454416,2878.494955186696,1146.2622095310062,0.0,2110.9948251312094,1446.5988733713143,1390.5087069989086,0.0,0.0,131.105767939044,0.0,0.0,1034.4173475013192,0.0,0.0,0.0,0.0,0.0,0.0,0.0,0.0,0.0
65,0.0663329298737538,0.1763429149564196,0.1635693859605232,3.5527136788005095e-18,3.6110480665608735,2.374223707047105,2.019269471341018,0.733795962943914,3023.662264556184,3271.981296857752,2040.759881023141,0.0,0.0,1135.2658972962984,1713.7797104996332,0.0,2387.074090816005,0.0,0.0,674.6867816809602,1705.632385481027,0.0,119.5948443361121,2870.3754114491503,1142.1877057245752,0.0,2137.823713706314,1455.9732342026005,1400.823835829916,0.0,0.0,135.4373967943179,0.0,0.0,1042.387543142847,0.0,0.0,0.0,0.0,0.0,0.0,0.0,0.0,0.0
66,0.0217404799410767,0.1513867849833879,0.1343206617009963,3.5527136788005095e-18,3.831545681631037,2.517920042437918,2.1245923905542536,0.6537564939321757,4422.603642960988,3733.674479089956,2041.72036355862,0.0,0.0,1711.395345221316,2184.061387634284,0.0,2273.1032976563283,0.0,0.0,825.3025960869695,1564.0617500548924,0.0,5.268104822829127,2359.1391956583952,894.5217670471671,0.0,4136.731857419952,2207.321245542272,2238.552213391048,0.0,0.0,457.28445595170587,116.263801143134,0.0,1693.1565269226594,0.0,0.0,0.0,0.0,0.0,0.0,0.0,0.0,0.0
67,0.010119908810631,0.1268492255192117,0.1038489128372091,3.5527136788005095e-18,3.9793169146505303,2.6702018568126435,2.1099255645884814,0.5690439124881839,4629.695253152008,3695.419528179043,2071.377687990883,0.0,0.0,1752.035392537438,2451.55402689339,0.0,2397.4531896844032,0.0,0.0,836.7450163482207,1761.651214865886,0.0,0.0,2588.8544601045783,1074.2915852211968,0.0,3952.600647521439,2086.871435425449,2339.877468106048,0.0,0.0,567.7041532410336,267.4272408804092,0.0,1828.5957988776963,0.0,0.0,0.0,0.0,0.0,0.0,0.0,0.0,0.0
68,0.0055352260465114,0.1040564838139525,0.077401734578073,3.5527136788005095e-18,4.01285460851009,2.7617343589051937,1.9843633732501955,0.4953996264686945,4723.163605046851,3810.191464927617,2110.1737852182937,0.0,0.0,1741.2669132258284,2481.271385672599,0.0,2451.695478958769,0.0,0.0,838.2970659797094,1803.8044835954383,0.0,0.0,2620.199526522921,1151.5140101418376,0.0,3627.570835537681,1910.9175936572344,2390.9377170573207,0.0,0.0,662.379093127767,379.4852038379016,0.0,1927.765715897915,0.0,0.0,0.0,0.0,0.0,0.0,0.0,0.0,0.0
69,0.0012003209678846,0.0782027773355475,0.0506670869900332,3.5527136788005095e-18,3.91584946345293,2.7988204226976787,1.8043146507774117,0.4189965074772979,4909.7333879089965,3258.111707760916,2489.8709411996683,0.0,0.0,1303.936255628731,2206.8139269686235,0.0,2672.326600661071,0.0,0.0,312.65576833174225,1584.0505551383094,0.0,0.0,2059.676585387288,1059.245884371932,0.0,3260.985258275162,1712.4468473321112,2448.5107835331114,0.0,0.0,769.1098683648029,505.798850895112,0.0,2039.6009825724743,0.0,0.0,0.0,0.0,0.0,0.0,0.0,0.0,0.0
70,-1.9007018181582643e-16,0.0479011213554814,0.0193329301395348,3.5527136788005095e-18,3.686479012706489,2.7319766808514667,1.5682530631770497,0.3393923251368163,4789.540190130173,2492.712798322201,2998.9780164133745,38.87395630429548,0.0,865.7644385231396,1698.5536175343198,0.0,2866.1002741129137,13.288125191064912,0.0,24.43636363636364,1147.4626477665297,0.0,0.0,1328.9894666233083,692.3786298622106,0.0,2997.1383950537424,1611.720087852532,2539.3053017645266,0.0,0.0,896.4332580075287,641.5852244333917,0.0,2193.207453195637,0.0,0.0,84.18619870008597,47.17155033606549,0.0,0.0,412.3815386413853,0.0,0.0
71,-1.9007018181582643e-16,0.026853978116632,0.0010971083008411,3.5527136788005095e-18,3.4559197140708227,2.589646515324239,1.3092560388633672,0.2562062375977945,3844.58418677128,1095.78584889561,3940.120616460808,343.45232019618857,0.0,261.05432418462505,557.2997839119313,0.0,3131.109013346507,115.2413371148686,0.0,0.0,257.8376011344276,0.0,0.0,264.6921794876945,111.51871705507448,0.0,3234.9924902251423,2105.9565305416004,2930.523978708961,0.0,0.0,1265.4482618946913,948.751540567446,0.0,2755.4074541591367,0.0,0.0,458.3111792308026,404.81177430738086,0.0,0.0,1468.116470121009,0.0,0.0
72,-1.9007018181582643e-16,0.0670033363220631,0.0353760896400234,3.5527136788005095e-18,3.234774149937849,2.38138417895564,1.0312122409951154,0.1922434784287671,1727.7321426199103,226.63314018427232,3688.82444908768,278.3071906631403,0.0,32.37616288346747,67.08574291168937,0.0,2413.110492011116,83.20813643345298,0.0,0.0,0.0,0.0,0.0,0.0,0.0,0.0,3707.9826365197287,2880.2171846258143,3463.880350603169,0.0,0.0,1749.077645789271,1337.433257874826,0.0,3511.0792549318057,0.0,0.0,892.3074014407371,897.9259923770055,0.0,0.0,2282.018936819788,6.488894741036468,0.0
73,-1.9007018181582643e-16,0.1649218274832905,0.0926260772890365,3.5527136788005095e-18,2.9397286903443383,2.14417278706117,0.7985071355434852,0.1427939731999221,0.0,0.0,1619.8690707901994,0.0,0.0,0.0,0.0,0.0,562.7144992053413,0.0,0.0,0.0,0.0,0.0,0.0,0.0,0.0,0.0,4164.6721676201005,3596.670347250577,3922.754848994528,0.0,0.0,2212.9118094004502,1751.5247808989875,0.0,4240.424392231656,0.0,0.0,1336.283809927091,1435.317810654998,0.0,148.079516595585,3103.3809046226825,340.01813485279547,0.0
74,0.0001666369487214,0.2760197088126531,0.1471167534617942,3.5527136788005095e-18,2.664239292527804,1.918411704127401,0.6422384974121071,0.1430189456853965,0.0,0.0,0.0,0.0,0.0,0.0,0.0,0.0,0.0,0.0,0.0,0.0,0.0,0.0,0.0,0.0,0.0,0.0,3440.726368743486,3037.5027233203086,3111.184156954179,0.0,0.0,1883.585710953692,1686.6196261802163,0.0,3647.7816084280944,0.0,0.0,1307.4255173859838,1574.1756638102372,0.0,509.4732905423383,2859.919803656971,1048.4176339445592,0.0
75,0.0060566730240373,0.4141864680398662,0.2016074296345518,3.5527136788005095e-18,2.435692269547,1.7134381702794592,0.5125059206910324,0.1727362319530974,0.0,0.0,0.0,0.0,0.0,0.0,0.0,0.0,0.0,0.0,0.0,0.0,0.0,0.0,0.0,0.0,0.0,0.0,1461.1814919996575,1289.8942548552236,1321.2027377281115,0.0,0.0,799.9163132586561,716.2482248659945,0.0,1549.0734451411836,0.0,0.0,555.250146850126,668.5216906797165,0.0,216.39033072549208,1214.5056948628526,445.2158535027011,0.0
76,0.0154739220996675,0.5460718773887028,0.2527275485182728,3.5527136788005095e-18,2.2401584915382045,1.5408671710096349,0.393890392094355,0.2102946250813951,0.0,0.0,0.0,0.0,0.0,0.0,0.0,0.0,0.0,0.0,0.0,0.0,0.0,0.0,0.0,0.0,0.0,0.0,692.1006887584159,624.8991268028715,772.5321988056396,4.668600065304213,0.0,335.106577270357,346.36629893856286,0.0,945.74171782671,73.07374015258769,0.0,219.4141817175008,328.1574326154338,0.0,124.278105800135,577.1331052427342,185.3555750090768,0.0
77,0.0241919031229234,0.6678122552491672,0.2999153505647841,3.5527136788005095e-18,2.020734946193295,1.3976486952159477,0.2983570331724584,0.2601480424539412,0.0,0.0,0.0,0.0,0.0,0.0,0.0,0.0,0.0,0.0,0.0,0.0,0.0,0.0,0.0,0.0,0.0,0.0,795.6501395024696,714.7831963488122,909.7534195771308,5.973576161038239,0.0,383.6910540538565,401.6742620989456,0.0,1117.833102900433,93.49945295538114,0.0,257.30505303530566,385.9417252495815,0.0,153.84713940743737,682.0980518388741,218.728416835816,0.0
78,0.034881808425249,0.7867317801132917,0.3477791124950727,3.5527136788005095e-18,1.7461782351486022,1.2630199439053993,0.2251590430274264,0.3331453725955293,0.0,0.0,0.0,0.0,0.0,0.0,0.0,0.0,0.0,0.0,0.0,0.0,0.0,0.0,0.0,0.0,0.0,0.0,3168.321638233159,2693.9076525965547,4374.82785622846,71.7346981845284,0.0,1483.1854797439446,1713.9858406776625,0.0,5517.511676323555,722.532725890156,0.0,1218.319826090086,1837.4681510624096,0.0,1006.0168772400468,3389.1024630247834,1079.7527057438745,0.0
79,0.0465057831229235,0.8386993124275024,0.3750165068172755,0.013161578932113,1.5472778097002458,1.1151605879706623,0.1644578352437816,0.4006223978562034,0.0,0.0,0.0,0.0,0.0,0.0,0.0,0.0,0.0,0.0,0.0,0.0,0.0,0.0,0.0,0.0,0.0,0.0,2623.7371532216766,1775.713341513433,4907.343772540712,388.9437631648595,0.0,1184.216487373863,1490.9037157770156,0.0,6466.105927604089,1405.322238036329,0.0,1309.594355295168,1836.255357750625,0.0,1471.065696594096,3868.281273523449,1161.5932682247646,0.0
80,0.0573850759606343,0.8714595484054375,0.3992891319867104,0.044411128385382,1.402731448859273,0.9925912472224648,0.1210141281043092,0.4287622524676246,0.0,0.0,0.0,0.0,0.0,0.0,0.0,0.0,0.0,0.0,0.0,0.0,0.0,0.0,0.0,0.0,0.0,0.0,1800.9493984535786,437.5183270546484,4294.957230318434,299.34826739154465,0.0,715.739949261326,934.750066252178,0.0,6076.371617744795,1083.7638178117372,0.0,902.0996754073476,1142.835038729737,0.0,1176.8454112390154,3361.45268270477,721.4981318690732,0.0
81,0.0624404895337111,0.8933326382614782,0.4225140017893289,0.0762943017478991,1.2404661060551092,0.8759830510658578,0.08976214047919,0.4470263381661137,139.9184354846364,107.87660284104987,412.077530912327,18.539010231141184,0.0,61.52907726319692,65.90837101858459,0.0,619.049274817385,46.56649026562234,0.0,55.61703069342354,81.16291093318502,0.0,103.13236793937988,382.8113755803911,80.57900509913333,0.0,1584.3995282237804,196.20563215033272,2838.7175440589176,0.0,0.0,300.71481630783313,710.4267186916612,0.0,4058.0258825667374,104.55960118346242,0.0,348.6691489755465,819.8645246653608,0.0,213.1985297231585,2103.5315369967407,382.3576803199906,0.0
82,0.0624788639999999,0.9068711176664428,0.414175576970099,0.1089245174352158,1.0901209994046503,0.791830889318272,0.1251069448079767,0.4643016249009969,1300.2476596488975,1010.0017029027975,2274.8877050463766,157.3436830853508,0.0,566.877433715633,609.9600320793802,0.0,2955.8136709919227,395.217597671078,0.0,507.2977872062011,739.5812872121646,0.0,912.0016870167046,2529.7439868765364,728.4604623011256,0.0,582.0182509083098,68.3726875701755,2066.909333101741,0.0,0.0,73.47512694108411,248.3187160508861,0.0,2771.690903355725,0.0,0.0,80.27837943562893,283.355466397792,0.0,0.0,663.3171182181204,111.23317828580788,0.0
83,0.0651316667027855,0.878849068542549,0.3817283485652949,0.1421622319335548,1.0425277809821083,0.7226620304789163,0.3382646746084876,0.4674684677924868,2501.826176478783,2053.2704211887462,3053.6013480859133,96.295905885672,0.0,1018.9744257691068,1136.7760784306697,0.0,3797.775531224072,241.8771179333021,0.0,836.5159057497265,1208.6640050355595,0.0,1076.26689754814,3540.7731019966614,1104.0,0.0,0.0,0.0,1511.872103758075,0.0,0.0,0.0,0.0,0.0,2062.69120889758,0.0,0.0,0.0,0.0,0.0,0.0,0.0,0.0,0.0
84,0.075169258124822,0.8672683864506399,0.3300362056345517,0.1790097869302329,1.0867615740832923,0.6448115024124356,0.6249131943531118,0.4296030992555769,3240.918450131444,2780.3074680221903,2828.443505714702,0.0,0.0,1241.25844950816,1431.910686588243,0.0,3437.5207116092,0.0,0.0,930.4902522900652,1330.5506228059908,0.0,651.1899020366296,3339.428208250124,1103.8074872672444,0.0,0.0,0.0,1327.7786861497457,0.0,0.0,0.0,0.0,0.0,1929.693798645538,0.0,0.0,0.0,0.0,0.0,0.0,0.0,0.0,0.0
85,0.0791635534362381,0.8335880776690517,0.2693661744318939,0.1981534891326354,1.1072860923795025,0.5733467417495534,0.9172115083347844,0.3722340672956811,4602.545418125894,4149.174239573649,2594.9145751153874,0.0,0.0,1583.824403938184,1803.0436927506332,0.0,2904.5030695652795,0.0,0.0,958.3754359692184,1385.8204458104335,0.0,151.80294797330984,2899.576913152397,980.932887918422,0.0,0.0,0.0,1189.911322250717,0.0,0.0,0.0,0.0,0.0,1738.9458020181153,0.0,0.0,0.0,0.0,0.0,0.0,0.0,0.0,0.0
86,0.0787361194285712,0.7986721651295684,0.2159990173554817,0.2025382042524923,1.180125460195317,0.5302407305419147,1.173794756117133,0.3173715984791776,5549.83387102453,5157.900576187816,2442.1688547544627,0.0,0.0,1789.0129271820838,1960.886747943861,0.0,2425.9396474565697,0.0,0.0,896.0102126997798,1311.62521139407,0.0,0.0,2497.1826829984184,781.5158420112313,0.0,0.0,0.0,1207.467853020244,0.0,0.0,0.0,0.0,0.0,1747.0389525217042,0.0,0.0,0.0,0.0,0.0,0.0,0.0,0.0,0.0
87,0.0786804937716827,0.7545558316952017,0.1653382395136777,0.2059211695330465,1.279078751967767,0.5035513290837625,1.4327558103346332,0.2864189082997098,5556.451108086003,5195.378646241168,2362.742403388453,0.0,0.0,1796.16934652264,1964.925713379901,0.0,2275.743071132374,0.0,0.0,900.1472112774713,1302.8316385879343,0.0,0.0,2451.1953362497206,748.5767064163421,0.0,0.0,0.0,1343.6162801457865,0.0,0.0,0.0,0.0,0.0,1922.5476860203064,0.0,0.0,0.0,0.0,0.0,0.0,0.0,0.0,0.0
88,0.0851778211096343,0.7045029651129587,0.124462344488372,0.2062794240000006,1.4071336386428592,0.5044630258305643,1.7034632760897042,0.2956150997566444,5332.361913108053,4556.038208153363,1373.7792549270882,0.0,0.0,1449.865077619291,1755.4624883323447,0.0,679.4105379516158,0.0,0.0,586.5293776477442,937.9262842424364,0.0,0.0,1487.1507930330602,226.77619759172956,0.0,0.0,0.0,2753.3857737385483,0.0,0.0,0.0,0.0,0.0,3721.4574738796746,0.0,0.0,0.0,0.0,0.0,0.0,0.0,0.0,0.0
89,0.0923949081916417,0.7007594729805932,0.1000969850631229,0.1919445411323662,1.5346458577842297,0.5377217336967999,1.8642295373023288,0.3234520554082881,4994.163214887599,3479.9201413634737,1030.9573251611864,0.0,0.0,667.9454717147067,1272.9226361860256,0.0,306.1538562636704,0.0,0.0,5.774270963455839,471.5857257246245,0.0,0.0,651.0203407061291,1.8810834094888569,0.0,57.2983509680794,65.87292813759832,4338.569713001536,30.061458782548694,0.0,0.0,0.0,0.0,5593.591547451043,476.3596917837757,0.0,0.0,0.0,0.0,23.50442918232834,139.21078228160133,0.0,0.0
90,0.0925924046639202,0.6841966067162811,0.0755953728637873,0.160385645780731,1.6171112484789365,0.5948772174562127,1.9892780034721644,0.4092866068688369,5014.953992577601,3315.418682526691,974.1751898922282,0.0,0.0,237.74847767253047,1227.5550804915065,0.0,277.6135643279396,0.0,0.0,0.0,427.8688460508737,0.0,0.0,231.62465324763195,0.0,0.0,1616.5054989656956,1996.0806281313023,5149.440840854458,85.69111826104107,0.0,417.8471352786289,471.9159210624732,0.0,5475.364909152194,417.5859203524024,0.0,13.811758006770216,412.07951199088507,0.0,297.5347269704614,1807.84236161062,237.23537832197243,0.0
91,0.0980949325790953,0.6737079267761322,0.0522386958139534,0.1289916126869409,1.7681114078073088,0.6960239452133911,2.110358660448767,0.5212617916544845,5128.279847365224,2584.498525907041,719.8429299797815,0.0,0.0,0.0,1036.2091720271246,0.0,157.56184731775008,0.0,0.0,0.0,242.83940373990117,0.0,0.0,0.0,0.0,0.0,2653.994160250882,3181.8863588629965,5088.918512045543,0.0,0.0,910.517045123792,1037.7675266562417,0.0,5151.227153379519,72.5657130831484,0.0,179.37454476783518,927.3279216437968,0.0,452.42112643847344,2476.215707180905,591.4102414781387,0.0
92,0.1078537147774087,0.6254294742059794,0.0295689798538205,0.095298965461794,1.968289824130627,0.8598419159228102,2.162118284303393,0.6298128951415849,5174.058709604793,1901.9119691714577,481.3774080720154,0.0,0.0,0.0,818.6885511864367,0.0,47.33295785170333,0.0,0.0,0.0,72.9550701901954,0.0,0.0,0.0,0.0,0.0,2792.459864628035,3336.870063579507,5023.776379716195,0.0,0.0,1017.5987292927203,1152.2822972169308,0.0,5075.13350771817,26.40492501732764,0.0,262.3941281119257,1060.430214644365,0.0,479.9324778350522,2587.445579437327,677.9639964799316,0.0
93,0.1139703145938539,0.5624516058712611,0.0080825008305647,0.0627465646644518,2.200545451395347,1.0415622290382067,2.034473260051502,0.7022257247940206,4267.611193862797,1358.2742729051076,336.51143560989846,0.0,0.0,0.0,226.45666947789783,0.0,0.0,0.0,0.0,0.0,0.0,0.0,0.0,0.0,0.0,0.0,2772.182283238737,3137.469069491299,5034.029189400201,0.0,0.0,999.1233812919104,1287.7738841207486,0.0,5195.49499752649,150.35997866472425,0.0,438.94848467251177,1277.0322051781193,0.0,716.2841679248804,2883.326015167581,822.4449444503904,0.0
94,0.1075940076922381,0.4734640439401978,-1.7763568394002496e-17,0.0312221344186046,2.4255982799456337,1.2118867861558449,1.8570483265759663,0.7326849622398065,3488.5596188040263,1048.614545964696,334.1920138706974,0.0,0.0,0.0,19.620448520587374,0.0,0.0,0.0,0.0,0.0,0.0,0.0,0.0,0.0,0.0,0.0,2746.3803473492776,2883.4677187504744,5047.144210351565,0.0,0.0,975.5536639130524,1460.3695803992898,0.0,5348.806538689824,308.22477626022146,0.0,663.8978212063507,1552.960411418823,0.0,1017.3803451369236,3260.283317588084,1006.5131969633512,0.0
95,0.1047203814617941,0.3779110656759809,-1.7763568394002496e-17,0.0096795715004885,2.7668238756138352,1.3974615227875693,1.654330558055896,0.7663745927535647,2615.0911998742067,767.6535171537226,259.8518920938144,0.0,0.0,0.0,19.264656349414626,0.0,0.0,0.0,0.0,0.0,0.0,0.0,0.0,0.0,0.0,0.0,2688.1929252911223,2525.799191065896,5069.438842952484,45.02495645099302,0.0,944.3334405435406,1613.4168838806595,0.0,5520.039956681096,502.93257525843234,0.0,874.5570264718968,1796.2449042893977,0.0,1302.0343019006134,3572.796054591252,1145.070065305173,0.0
96,0.1058554322790695,0.2639503840664446,-1.7763568394002496e-17,0.0043869961196013,3.249601487534639,1.62543921172407,1.4443147243310217,0.7895964461610363,1605.9795488034283,472.0218305712655,150.5419470174657,0.0,0.0,0.0,18.84216953258842,0.0,0.0,0.0,0.0,0.0,0.0,0.0,0.0,0.0,0.0,0.0,2391.9399231075363,1163.193509941781,5177.228719420397,369.9998219879018,0.0,837.0843212639671,1871.1085656354703,0.0,6025.276763133159,1152.7345579981509,0.0,1292.0483107309085,2200.71102567504,0.0,1897.807113100563,3995.7591583938506,1251.0603439106112,0.0
97,0.1065775768846697,0.1630889770243399,-1.7763568394002496e-17,0.0003804459301647,3.7892698062507257,1.831325318156077,1.2263439385718375,0.7668203752140471,3283.4438662838465,968.6613932910024,254.30200947026665,0.0,0.0,0.0,18.439795825247977,0.0,0.0,0.0,0.0,0.0,0.0,0.0,0.0,0.0,0.0,0.0,2310.219763854864,824.0329485974082,5280.657846031691,460.5411424823896,0.0,838.7905833328122,1798.0897461390384,0.0,6197.157643432637,1338.991508758825,0.0,1231.8708670512035,2102.4044628966435,0.0,1952.0560931101916,3932.730068021795,1197.3616100688764,0.0
98,0.1004421129966775,0.1107053446245838,-1.7763568394002496e-17,-2.6645352591003848e-17,4.37508366696942,1.9427933533204935,1.0256950706320445,0.6986639877656794,5108.942950765436,1502.5141554567847,371.70935551779695,0.0,0.0,0.0,17.616797623819515,0.0,0.0,0.0,0.0,0.0,0.0,0.0,0.0,0.0,0.0,0.0,2048.279583641811,423.1844317582679,5238.202168308215,604.2709864225271,0.0,748.707637926224,1536.2565142050355,0.0,6193.698392537632,1563.0689855755136,0.0,1060.2968582882736,1791.8897809935006,0.0,1933.262106644129,3636.122920198417,1039.966086338254,0.0
99,0.0940610705211201,0.0732980500920735,-1.7763568394002496e-17,-2.6645352591003845e-17,4.96789004835121,1.983902167774084,0.95743872199051,0.6930847276915054,5112.533719616687,1497.5183031420004,375.9980743247902,0.0,0.0,0.0,17.267822645948552,0.0,0.0,0.0,0.0,0.0,0.0,0.0,0.0,0.0,0.0,0.0,1921.2893700308168,386.9169464339802,5031.802258644079,602.8032750012244,0.0,693.775708440735,1431.6038267437343,0.0,5956.319206308393,1530.909240042138,0.0,992.790734120842,1678.248911166062,0.0,1858.0652984755268,3462.0803020096173,981.3227209989412,0.0
100,0.0944073512278846,0.0579765087883321,-1.7763568394002496e-17,-2.6645352591003848e-17,5.751075346947914,1.9864352745499176,0.9090278026384409,0.72955348699589,5073.54902130495,1498.809016857476,419.3964867788636,0.0,0.0,0.0,24.009852065951808,0.0,0.0,0.0,0.0,0.0,0.0,0.0,0.0,0.0,0.0,0.0,952.8524603605084,217.11534516338068,3456.786457479577,567.5117395544166,0.0,263.5178054813581,639.4630637690765,0.0,4114.213491195199,1238.8875228795828,0.0,465.2279259092287,851.6643285144722,0.0,1270.8353173740986,2189.3411368223115,581.7204736367985,0.0
101,0.0886698733156147,0.0446788290498332,-1.7763568394002496e-17,-2.6645352591003848e-17,6.496692532487172,1.9310028982987224,0.8226998901952401,0.7482901289616184,4790.801929660496,1680.1261116623364,435.00056137239454,0.0,0.0,0.0,91.74837788765534,0.0,0.0,0.0,0.0,0.0,0.0,0.0,0.0,0.0,0.0,0.0,1950.4594647999627,968.836612271573,5743.283719149926,680.0240817379711,0.0,579.1723434392795,1413.6443392794515,0.0,6645.074912412209,1641.7835076699405,0.0,894.1197455810919,1892.425267957663,0.0,2018.897327238751,4064.0509685775337,1291.4749101504706,0.0
102,0.078192481156146,0.0326734838671089,-1.7763568394002496e-17,-2.6645352591003848e-17,7.175472189962725,1.768387394278509,0.704711954286619,0.8028035367815766,4714.533955551362,1580.45793123219,425.7818255760848,0.0,0.0,0.0,109.21817442391522,0.0,0.0,0.0,0.0,0.0,0.0,0.0,0.0,0.0,0.0,0.0,2301.6260610135387,1248.4353471247612,5748.375919802657,595.1750542411348,0.0,654.0687665595556,1632.628345933585,0.0,6575.1138590032615,1477.4327015887802,0.0,872.6340102968259,2108.008236041468,0.0,1823.564800590747,4063.3111974060816,1404.0650916853451,0.0
103,0.0683390649249166,0.0208946546312286,-1.7763568394002496e-17,-2.6645352591003845e-17,7.764860895452495,1.5464411175548214,0.5951408966617968,0.9408533054245852,4563.546237377679,1542.7132544527965,411.8793551556763,0.0,0.0,0.0,109.02295742142002,0.0,0.0,0.0,0.0,0.0,0.0,0.0,0.0,0.0,0.0,0.0,2657.158087496421,1531.279671739014,5665.354461236648,488.52179147432105,0.0,722.5189401841569,1839.873500179462,0.0,6397.404870932195,1263.135277210421,0.0,820.9445989288446,2294.760699194546,0.0,1558.202716933058,3961.4311530801137,1494.8294413903695,0.0
104,0.065882902041821,0.0100218891827236,-1.7763568394002496e-17,-2.6645352591003848e-17,8.207472351407471,1.3657448325894137,0.522934666431115,1.1561873311799886,4241.324782518197,1579.940834214151,383.4147107334307,0.0,0.0,4.301658612144306,402.6875439723892,0.0,0.0,0.0,0.0,0.0,0.0,0.0,0.0,0.0,0.0,0.0,2809.1219266639105,1649.5714327861176,5532.480997948214,367.6290985397929,0.0,718.1189835602098,1823.3463350621928,0.0,6189.455434102699,1012.3194590963536,0.0,673.2674220836336,2186.7290341675584,0.0,1231.0701038456973,3557.4174167318747,1409.8899198600268,0.0
105,0.0578035748571425,0.0007596948551363,-1.7763568394002496e-17,-2.6645352591003848e-17,8.484808196237454,1.1781544474376011,0.4549564633122328,1.3226525055984453,3958.691418489184,1879.0410312929164,497.7922866319349,0.0,0.0,619.2400750379428,1072.5098326374523,0.0,210.8086514215247,0.0,0.0,151.08254908990662,343.5893484584565,0.0,0.0,558.3668049180159,0.0,0.0,3147.446746266161,2039.210520365876,5473.337990449149,219.25767606017408,0.0,679.5868749225882,1615.3849429425334,0.0,5931.512883268558,606.8040375634864,0.0,193.9093405527498,1697.16179473796,0.0,478.08563390091336,2508.5809018962927,976.296134492122,0.0
106,0.0462574392757472,0.0025736488435976,0.0053160599877331,-2.6645352591003848e-17,8.541484391155132,0.9974470366092532,0.3698505651252268,1.4956651233871698,4123.273528555221,2440.59577766405,942.7435370724916,0.0,0.0,1308.3525324463126,1505.6513761574524,0.0,776.5703327704657,0.0,0.0,435.581817860345,729.1301750500362,0.0,0.0,1369.5759994983491,0.0,0.0,2816.839372189242,1887.221411520521,6109.084224299879,630.6881555413529,0.0,379.6044933604416,1038.5841609573383,0.0,6560.621130722893,997.88555995508,0.0,0.0,973.4267080374638,0.0,102.7883575808384,1552.701371809902,433.56217623984287,0.0
107,0.0394967400500457,0.0122351559069761,0.0241968452890365,-2.6645352591003848e-17,8.49638806972447,0.8540359923664403,0.2905672433621292,1.6972243857756384,4426.54241600422,2933.9350487079787,1396.244819504717,0.0,0.0,1530.300990696427,1676.131316545378,0.0,1299.3417661858648,0.0,0.0,634.301746361079,830.6063527020597,0.0,0.0,1772.1438361293517,132.01075119165068,0.0,971.8416184835968,656.5192048187025,4776.011734685667,312.2174883662248,0.0,88.66286686201079,290.4830112755373,0.0,5063.959161639843,454.3540687053238,0.0,0.0,251.1539574923885,0.0,0.0,445.3842845091671,81.41804116511497,0.0
108,0.0426182849489934,0.0422832513089695,0.051153260468243,0.0008730191080711,8.247642519836624,0.7686696151799906,0.2136707241375838,1.8561135799452757,4894.229219914206,3491.5108619770444,1863.7006351044035,0.0,0.0,1754.7259947072364,1910.805334448297,0.0,1816.41039493789,0.0,0.0,808.2952304355844,953.2081263002792,0.0,0.0,2141.5030711197296,467.15432279674775,0.0,0.0,0.0,3794.437979244791,0.0,0.0,0.0,0.0,0.0,3976.914539919011,0.0,0.0,0.0,0.0,0.0,0.0,0.0,0.0,0.0
109,0.0481399927176077,0.1505520111346485,0.094513613274184,0.0835222519898377,7.781758991547397,0.7169271386851692,0.1342146958452246,1.891183513700212,5859.872395395934,4017.819934181372,2140.751569581314,0.0,0.0,1872.0505906236176,2457.5606069653,0.0,2109.93966761104,0.0,0.0,855.5224694670817,1256.2784316873262,0.0,0.0,2374.8750425954795,692.2578529868589,0.0,0.0,0.0,3423.592192958751,0.0,0.0,0.0,0.0,0.0,3643.62947103106,0.0,0.0,0.0,0.0,0.0,0.0,0.0,0.0,0.0
110,0.0536063226150923,0.3536775083065963,0.1357411226112956,0.2253182952558139,7.186266619352641,0.6584403393573828,0.0757164167100164,1.8370250897569984,5370.907608669606,3758.843328596302,2101.6292171719715,0.0,0.0,1824.5223522068231,2548.408265694969,0.0,2264.5453190359685,0.0,0.0,1042.8001061343662,1472.2796903176727,0.0,0.0,2827.330936304891,904.1128910975792,0.0,0.0,0.0,2768.6861049657523,0.0,0.0,0.0,0.0,0.0,3054.985549405521,0.0,0.0,0.0,0.0,0.0,0.0,0.0,0.0,0.0
111,0.0661970203056476,0.7060510300066436,0.1778792664318939,0.3709433382458476,6.548114816584224,0.6080898688572703,0.049023630260643,1.7657227796637618,4688.113707654971,3417.698582155251,2082.912738081693,0.0,0.0,1723.812112021076,2524.214035628871,0.0,2422.9954912384187,0.0,0.0,1201.552434024231,1614.0594816528126,0.0,0.0,3226.695800010676,1087.755909624136,0.0,0.0,0.0,2173.109128334765,0.0,0.0,0.0,0.0,0.0,2523.9332098657883,0.0,0.0,0.0,0.0,0.0,0.0,0.0,0.0,0.0
112,0.0832524355614617,1.0999860478437855,0.2196376619410134,0.5272986475614628,5.828575208282599,0.5724299033417872,0.0490437871429952,1.621789208408705,2429.555501535925,2077.534713096437,2210.5231589252444,0.0,0.0,1154.9162846162055,1917.619907994414,0.0,3128.636554209529,4.983373535565105,0.0,1446.10462979295,1562.792778535285,0.0,752.0676340968736,4331.876621739208,1372.6157347227145,0.0,0.0,0.0,2020.662165527662,0.0,0.0,0.0,0.0,0.0,2219.8049735939226,0.0,0.0,0.0,0.0,0.0,0.0,0.0,0.0,0.0
113,0.097031474429637,1.486059555511316,0.2461659993089707,0.683653956877078,5.00044987053846,0.5339475239134979,0.081722835149504,1.3905265365222843,1402.747910852139,1368.8776518737836,2210.8854073892085,0.0,0.0,729.4619553390702,1059.5967560637785,0.0,3265.863730615781,55.28943050656179,0.0,1049.0794875998977,839.0963056079609,0.0,1033.3500690024855,3940.5255468230007,966.9839406664756,0.0,28.19011487381767,32.9332135668727,2597.56664464251,0.0,0.0,0.0,0.0,0.0,2865.386165934761,0.0,0.0,11.723508090381314,33.291183279556094,0.0,15.034727932702756,230.80097225262148,20.31478119478289,0.0
114,0.101550976550116,1.874341753118539,0.2649074547380435,0.845300771959383,4.151434594503107,0.4814296423383721,0.1241911483033934,1.1028449742210211,852.1564879872201,722.6878506700231,1472.310410131404,0.0,0.0,340.3341146840109,164.8443271360728,0.0,2219.992119518632,18.53279417506144,0.0,180.0607265640179,125.43775425857372,0.0,202.30007957409163,2284.542909883025,171.08695254240925,0.0,607.5659278977389,816.9743955659438,3244.685176167511,0.0,0.0,166.75297773582344,128.8379775029479,0.0,3696.313403034228,0.0,0.0,261.0246114551916,452.74086976521824,0.0,434.2724756852224,2318.721667239146,332.1369659451516,0.0
115,0.1130061751014984,2.17951500766832,0.2669982885106792,0.9220085432528334,3.479222325940745,0.4266792889882737,0.1775747012426626,0.8919974076327843,505.0347347187844,167.96967822282582,632.7434641845606,0.0,0.0,79.10293451028859,0.0,0.0,1017.8127055994996,0.0,0.0,0.0,0.0,0.0,0.0,736.5743696441388,0.0,0.0,1462.452202870854,2070.6076276472118,4208.338755177847,0.0,0.0,538.2837277502188,378.30125990359903,0.0,4619.455173659078,15.788840575936678,0.0,489.9836336982676,682.6349328681983,0.0,897.2712464083115,3047.494535957311,494.3678909621765,0.0
116,0.1660641946445182,2.3586371230098284,0.262610320982541,0.9228029040000026,2.9524078522143262,0.3724445825416021,0.30712376272171,0.705422253283943,71.8684703420088,0.0,68.02434285859901,0.0,0.0,0.0,0.0,0.0,117.49659221030744,0.0,0.0,0.0,0.0,0.0,0.0,48.13516153139194,0.0,0.0,2172.998524499119,3130.822366684577,5482.523356248446,262.8367078801084,0.0,866.9094933615427,564.9136159929969,0.0,5758.911373731618,612.9328415648012,0.0,530.0925664033462,651.4029125319367,0.0,1042.5938341523108,2940.0205255471164,392.0959750262454,0.0
117,0.224602287284147,2.3880637264185984,0.2436249022325587,0.9228029040000024,2.414517587480978,0.3049168226711001,0.4958310522259155,0.5103917459514808,0.0,0.0,0.0,0.0,0.0,0.0,0.0,0.0,0.0,0.0,0.0,0.0,0.0,0.0,0.0,0.0,0.0,0.0,2614.14371863955,3665.927766273904,6107.956106857364,841.432902378461,0.0,1050.6801536575206,679.8798152482336,0.0,6421.416501815866,1310.0846074054025,0.0,485.9484204155902,646.1315884492457,0.0,962.280965989042,2725.3251493357684,269.6249104098187,0.0
118,0.2736257038504981,2.380664068205973,0.216349001653655,0.9222767520722618,1.982339345023257,0.2393227466312324,0.6832224268380425,0.3573897908870418,0.0,0.0,0.0,0.0,0.0,0.0,0.0,0.0,0.0,0.0,0.0,0.0,0.0,0.0,0.0,0.0,0.0,0.0,2271.204601684165,3136.7408050790823,5138.682472456969,880.7456035678894,0.0,912.0287932285908,590.6471796011843,0.0,5424.019196250976,1253.4466808767877,0.0,390.3254763138995,523.3164684395844,0.0,724.5041229497479,2107.7307052967944,228.31566216757795,0.0
119,0.3186984317764783,2.300637499783653,0.1747119145395353,0.8466051140348193,1.6721787413326248,0.171108597700468,0.8371317558689728,0.2565686329690338,0.0,0.0,0.0,0.0,0.0,0.0,0.0,0.0,0.0,0.0,0.0,0.0,0.0,0.0,0.0,0.0,0.0,0.0,1403.0978700000342,1937.8008938011412,3174.5629718451423,544.0981800772262,0.0,563.4065352572296,364.8960435120353,0.0,3350.8308743388134,774.360480703003,0.0,287.44944397893846,323.3037316817577,0.0,447.58556068820633,1302.1127354259747,265.81122429821767,0.0
120,0.3632380894285713,2.0953175314389365,0.1303945225714285,0.6944188183654499,1.470231175352294,0.1219700073719631,0.9861590024850518,0.2007144790612594,0.0,0.0,0.0,0.0,0.0,0.0,0.0,0.0,0.0,0.0,0.0,0.0,0.0,0.0,0.0,0.0,0.0,0.0,655.4992975520436,905.2971934410608,1483.0998149810018,254.1619207709921,0.0,263.18404705968305,170.4848613608122,0.0,1565.4040284541222,361.7545902982234,0.0,172.91842499337426,151.02932714222987,0.0,209.10890463989085,608.3107432966273,307.5552697289679,0.0
121,0.3997881436758423,1.7092491356575708,0.0833772252558138,0.5319319282923597,1.2603150625365516,0.0821610846713367,1.1300273848896547,0.1557939469057877,0.0,0.0,35.22073064656423,0.0,0.0,0.0,0.0,0.0,23.626717889243256,0.0,0.0,0.0,0.0,0.0,0.0,0.0,0.0,0.0,293.2871723619085,411.6587417754232,622.0264128933139,98.25954619638549,0.0,113.8821546301502,77.68472578576298,0.0,652.9270330948001,139.82814927489468,0.0,72.26479488470405,69.34436137358333,0.0,80.83492837063254,258.4802397777116,346.308927266706,0.0
122,0.3933593563455146,1.3733908699740676,0.0471938336148322,0.3985700468172761,1.0999832790594852,0.0567952932577458,1.179680463801522,0.1551250819444838,0.0,0.0,815.4095268874172,0.0,0.0,0.0,0.0,0.0,564.6055884939698,0.0,0.0,0.0,0.0,0.0,0.0,0.0,0.0,0.0,941.396506059324,1466.866353522556,1089.1491571186066,0.4331705309626914,0.0,280.1422495038093,281.2616161479896,0.0,1057.2091633676691,0.6166811992523045,0.0,120.85473246760102,261.6944135136192,0.0,0.3563521116786673,530.9636783607746,379.9174659789265,0.0
123,0.385518066169036,1.0669819515548185,0.0264644758405315,0.2744055364784052,1.014830979189373,0.0551475724186074,1.1495786440425264,0.2084278659787354,497.2386220408163,0.0,1950.914564239324,0.0,0.0,0.0,0.0,0.0,1458.3003360907044,0.0,0.0,0.0,0.0,0.0,0.0,0.0,0.0,0.0,2791.980857869976,4391.636282842372,2974.0904388558697,0.0,0.0,806.6638503589041,843.1140731712649,0.0,2842.351075986081,0.0,0.0,326.9640067460712,787.3062234151292,0.0,0.0,1490.3223005282507,423.0851953983964,0.0
124,0.4128157568723463,0.6619354403626295,0.0042909868643504,0.1073768097084295,0.9358741236353432,0.055397507810803,1.0979053711224749,0.2822388139237548,1003.4992686574428,1816.0758018186848,1786.6282348197428,0.0,0.0,349.9833530408441,193.8580757201553,0.0,1345.1547832959202,0.0,0.0,0.0,0.0,0.0,0.0,0.0,0.0,0.0,3696.2966203653914,5389.127271553146,3915.428217520055,0.0,0.0,748.779789686888,1026.9129201098094,0.0,3822.83281890445,0.0,0.0,143.0031991308209,994.1957623372484,0.0,0.0,1644.8240536629523,442.3893704770506,0.0
125,0.4476210630137838,0.327844074556867,9.568874814443342e-05,0.0026199088530429,0.8965848880248848,0.0611726249607718,1.0459767729144005,0.3921217468186873,4509.307726610556,4484.511722404918,1830.0390055707037,0.0,0.0,1157.731565562943,1111.3367764798709,0.0,1313.3859357761098,0.0,0.0,0.0,67.42571483932002,0.0,0.0,91.4991652774225,0.0,0.0,3218.0254656058005,4074.645958610389,3570.6731494728115,0.0,0.0,235.5855053787081,622.558202015004,0.0,3699.123094841528,0.0,0.0,4.953549225628402,551.2341021485352,0.0,0.0,1018.9609134924992,172.58286541586529,0.0
126,0.4389178909634546,0.1216580861322626,-4.973799150320687e-17,-1.136868377216163e-16,0.9017941443888958,0.0666139184376634,0.9425972739321766,0.5662722276173737,5535.763686421442,5026.473955286317,1874.0689185251515,0.0,0.0,1351.6370444247962,1367.1027339201946,0.0,1330.004213746262,0.0,0.0,0.0,131.79283598104604,0.0,0.0,178.8477068511207,0.0,0.0,3105.1380479001928,3734.6576290517633,3471.548802495182,0.0,0.0,145.58755085221622,528.1492694664097,0.0,3645.105757602664,0.0,0.0,0.0,416.8810061266525,0.0,0.0,870.6803923358691,94.5103742898198,0.0
127,0.4163115994684371,0.0667291268571419,-4.973799150320687e-17,-1.136868377216163e-16,1.027626550722158,0.0715762213009295,0.8085192432495215,0.8068930393859037,6828.883425805209,6365.578894893156,1951.5337575791225,0.0,0.0,1700.3527715130467,1788.9566506239437,0.0,1406.0591460450723,0.0,0.0,62.98742964205689,632.8132113774427,0.0,0.0,861.1916630801009,67.34402458154956,0.0,2976.1359127169458,3041.6914105628816,3228.325433380288,0.0,0.0,139.73131631086073,437.1869207481504,0.0,3312.913069327902,0.0,0.0,0.0,119.51259751028142,0.0,0.0,496.59699456414256,22.764914373798625,0.0
128,0.3951438901594663,0.0442463895149491,-4.973799150320686e-17,-1.136868377216163e-16,1.2450242736556445,0.1112242183472512,0.7197474555071545,1.0520748386078258,5881.177735382413,5872.222076577724,2000.756490587504,0.0,0.0,1510.73811174221,1908.2875349150645,0.0,1717.5494231728546,0.0,0.0,230.5000789231856,1057.8758226897587,0.0,0.0,1559.83711593429,426.3447783621983,0.0,2793.9449603383555,2525.334751584818,3061.8741139944063,0.0,0.0,35.36441024906898,278.1057070451785,0.0,2987.498046802774,0.0,0.0,0.0,0.0,0.0,0.0,93.98693990180604,0.0,0.0
129,0.3686526621588887,0.0241647212093013,-4.973799150320686e-17,-1.136868377216163e-16,1.5212972684815864,0.2025903118734683,0.6872289515230431,1.262245842387401,4733.58452450295,5019.116984840844,2014.104179572264,0.0,0.0,1259.1363592110988,1867.3414830308811,0.0,1983.837029443684,0.0,0.0,338.97661446114046,1254.937801513532,0.0,3.088513439621746,1993.7599870101235,682.9454006151533,0.0,2748.4833122663117,2176.633762055051,2974.76872977552,0.0,0.0,22.708289496053325,159.4643405926253,0.0,2737.83975237362,0.0,0.0,0.0,0.0,0.0,0.0,0.0,0.0,0.0
130,0.3149563624470804,0.0081283923730412,-4.973799150320686e-17,-1.136868377216163e-16,1.861985102572144,0.3486366067361208,0.6675630582899889,1.4931645570512535,3916.8874969475073,4240.159129502084,1923.125870655171,0.0,0.0,1150.8398188273643,1926.9942941939444,0.0,2197.625548447833,0.0,0.0,583.6698062492903,1522.8115898998492,0.0,116.0872007032732,2676.338708178565,1029.766691007466,0.0,2637.419510089572,2041.535708610756,2827.584152381751,0.0,0.0,16.891084662990917,35.07797987048042,0.0,2401.3362327702166,0.0,0.0,0.0,0.0,0.0,0.0,0.0,0.0,0.0
131,0.2600329729289549,0.0004389023674919,-4.973799150320686e-17,-1.136868377216163e-16,2.2687599156532112,0.524758152415541,0.6534425112688508,1.6929834022869872,3875.0219705186655,4143.74795843114,1833.1491669364775,0.0,0.0,1192.4715950768511,2027.2598622990283,0.0,2135.1216511150683,0.0,0.0,701.2474907140095,1650.7387808821018,0.0,214.55029960247867,2897.584565866828,1170.6234588253633,0.0,2652.4260570215274,2070.281727471542,2799.7555288667645,0.0,0.0,13.982438752934192,29.09392123621341,0.0,2359.099183372456,0.0,0.0,0.0,0.0,0.0,0.0,0.0,0.0,0.0
132,0.2518989120000002,-1.0196288258157457e-15,-4.973799150320687e-17,-1.136868377216163e-16,2.641620918192696,0.7059477570392052,0.7010229068119636,1.79499985743521,3727.4551910805367,3631.1163670172914,1664.6314928768286,0.0,0.0,1199.4249069232087,2264.1978623723203,0.0,2049.3425714856594,0.0,0.0,943.6753310598476,1963.8315632247568,0.0,447.968406713773,3369.4502274735405,1472.3116269341256,0.0,2700.058257243643,2088.836480030188,2719.2849185399023,0.0,0.0,7.699830175346918,16.049579995080116,0.0,2274.9176225338647,0.0,0.0,0.0,0.0,0.0,0.0,0.0,0.0,0.0
133,0.2421368439904722,-1.0196288258157457e-15,-4.973799150320687e-17,-1.136868377216163e-16,2.970205311590301,0.9488018060347292,0.7637553574650571,1.8151200874150264,3478.056992660083,2474.496224460855,1629.1650196914306,0.0,0.0,976.6254736540128,2468.791260725745,0.0,2130.6882695534823,0.0,0.0,1064.313120517157,2261.420391773978,0.0,651.5959160071625,3649.822341527423,1655.0924866305086,0.0,2978.087827134661,1975.0438979291096,2632.821840145868,0.0,0.0,16.87879477926481,16.891121224532355,0.0,2232.791470867064,0.0,0.0,0.0,0.0,0.0,0.0,0.0,0.0,0.0
134,0.2084470443289036,-1.0196288258157457e-15,-4.973799150320686e-17,-1.136868377216163e-16,3.2428095195024973,1.2766931436304017,0.7993176326162826,1.7941294584692655,3290.0329610931367,1399.2937906090583,1619.751469699654,0.0,0.0,783.8787780101379,2667.040073083721,0.0,2253.0240869032145,0.0,0.0,1165.9984073699352,2532.0885866413746,0.0,832.79623016701,3892.131240260792,1809.2204743641548,0.0,3072.8043415780758,2009.1813488395765,2609.886050397127,0.0,0.0,89.33977324388657,61.25013660646537,0.0,2240.254521567813,0.0,0.0,0.0,0.0,0.0,0.0,0.0,0.0,0.0
135,0.1675040123720928,-1.0196288258157457e-15,-4.973799150320687e-17,-1.136868377216163e-16,3.445019693631046,1.606209674864417,0.8097024582375764,1.6927373212082966,3265.4392772570845,1299.028277975294,1581.2770589137665,0.0,0.0,816.7207606910471,2623.3524681983604,0.0,2283.1493210973235,0.0,0.0,1141.8714307425446,2554.10660562319,0.0,841.2244600895496,3903.654305691299,1841.8840587529687,0.0,3244.373302790346,2083.035913570684,2517.0447575557446,0.0,0.0,217.91215510396552,193.4896640173677,0.0,2201.811441208799,0.0,0.0,0.0,0.0,0.0,0.0,0.0,0.0,0.0
136,0.126915649475083,-1.0196288258157457e-15,-4.973799150320686e-17,-1.136868377216163e-16,3.594367362492908,1.9240038757783176,0.7904530059178526,1.518305802681361,1854.4056549529005,792.1859456598821,862.4842339377647,0.0,0.0,470.3405751840236,1443.80812318612,0.0,1254.07576327097,0.0,0.0,635.7729060242185,1423.1813434770977,0.0,456.060065760233,2166.2122990024964,1038.9883280729755,0.0,3117.1729771101877,1988.593907673692,2467.046938976074,0.0,0.0,221.804919385007,208.67256653160257,0.0,2112.60576600506,0.0,0.0,0.0,0.0,0.0,0.0,0.0,0.0,0.0
137,0.0859088498471761,-1.0196288258157457e-15,-4.973799150320686e-17,-1.136868377216163e-16,3.66154664524696,2.3277399214086407,0.7247435988017751,1.2855225998626765,1017.0891466407688,434.46761945069846,473.04308816427215,0.0,0.0,257.972903649054,791.9286480545327,0.0,687.797240717335,0.0,0.0,348.73765626129847,780.5609989823726,0.0,250.12875569097295,1188.1302271775526,569.8935399656882,0.0,2576.238179019449,1583.2162746286292,2366.5988720208275,0.0,0.0,181.34747512449343,49.08650985145167,0.0,1936.133138581024,0.0,0.0,0.0,0.0,0.0,0.0,0.0,0.0,0.0
138,0.0423914298338869,-1.0196288258157457e-15,-4.973799150320686e-17,-1.136868377216163e-16,3.6466066723335593,2.781693089772761,0.6211774321690406,1.0106527566402626,2634.667611448635,1208.2499534163403,1045.900184962167,0.0,0.0,404.6300877620438,1343.312582361772,0.0,1467.2804155422157,0.0,0.0,235.3531220105876,1162.9501414881397,0.0,135.77989384969874,1560.962910658371,974.9954946096444,0.0,1991.126765132792,1056.381446549958,2295.892134055923,0.0,0.0,121.12404922781484,8.63503703500863,0.0,1841.03648828946,0.0,0.0,0.0,0.0,0.0,0.0,0.0,0.0,0.0
139,0.0095602162690401,-1.0196288258157457e-15,-4.973799150320687e-17,-1.136868377216163e-16,3.523091262672854,3.148745973504173,0.4935666698276206,0.7473955132361276,4807.925876980088,1978.949629165688,2125.1040643023043,0.0,0.0,433.4574305174978,1990.089144288734,0.0,2691.133069234583,0.0,0.0,113.46451525352958,1558.48409300869,0.0,57.43842062684308,2068.187942274068,1252.1412761293352,0.0,1628.9176820985988,721.8788872366699,2314.1293754120643,0.0,0.0,67.45895805068147,34.56376722473711,0.0,1865.5743529983436,0.0,0.0,0.0,0.0,0.0,0.0,106.28211672837811,0.0,0.0
140,0.0011795962078403,0.0007632187128229,0.0007557560419933,-1.136868377216163e-16,3.3359028037786094,3.385294367116548,0.357082868643191,0.488484703511759,4057.956246303508,1266.260302921534,2670.5165439725592,114.65273368513088,0.0,64.35317284361767,1082.5794005423666,0.0,2796.8125482650626,50.92542028097318,0.0,0.0,647.4861677529855,0.0,0.0,956.5800656548836,442.8493696179647,0.0,2329.1539638873755,1670.9865331700637,2534.9399330577457,0.0,0.0,429.2653043458649,494.8807256988711,0.0,2143.7068621871435,0.0,0.0,112.16945140679296,158.965210410243,0.0,0.0,850.1511581386923,7.332821880955049,0.0
141,-1.9539925233402699e-16,0.0394304957461784,0.0305155858772092,-1.136868377216163e-16,3.1085389130208694,3.5620335252478457,0.2271389563040551,0.2805398189533535,1640.1524309821796,118.57797466651722,2310.955348370332,194.8689510144603,0.0,0.0,0.0,0.0,2063.569444476396,108.98710906849008,0.0,0.0,0.0,0.0,0.0,0.0,0.0,0.0,3497.898759660255,3204.580665882529,2852.3772799555195,0.0,0.0,1512.9091361864132,1346.6964844623465,0.0,2714.171242251065,0.0,0.0,834.6386434854702,1039.1606062998296,0.0,5.766105234543026,2312.4327454397176,223.88349269982345,0.0
142,-1.9539925233402699e-16,0.1102019704701964,0.0786100941926909,-1.136868377216163e-16,2.855733120968539,3.684155446407665,0.1183657990048881,0.1486400711854571,444.4857397057897,0.0,1089.2991154999347,0.0,0.0,0.0,0.0,0.0,559.2234617649959,0.0,0.0,0.0,0.0,0.0,0.0,0.0,0.0,0.0,4055.1672338909634,4428.777190565154,3264.084564836358,0.0,0.0,2088.3592177723763,1878.641006096884,0.0,3474.696193423041,0.0,0.0,1536.418808749024,1774.422376443268,0.0,266.7805343901384,3473.1317808177805,921.9557396258364,0.0
143,-1.9539925233402699e-16,0.188551874152823,0.1253481591229234,4.1359971724317295e-06,2.6448825297332346,3.642353291705666,0.0595802309985178,0.0852771989569492,0.0,0.0,461.42025862292553,0.0,0.0,0.0,0.0,0.0,0.0,0.0,0.0,0.0,0.0,0.0,0.0,0.0,0.0,0.0,4315.027782482986,5092.5571272580855,3509.1108005347724,0.0,0.0,2300.1132663246485,2123.904323601659,0.0,3869.7203681746064,0.0,0.0,1825.4861087585064,2097.38796657029,0.0,457.544139514356,3932.627157566142,1309.042906619418,0.0
144,0.00043986925794,0.2662929708039858,0.1731412117794018,0.0076457616111626,2.432272341310573,3.445828241642794,0.0307502893459161,0.0584031090283028,0.0,0.0,0.0,0.0,0.0,0.0,0.0,0.0,0.0,0.0,0.0,0.0,0.0,0.0,0.0,0.0,0.0,0.0,4521.60514875695,5994.094114990151,3450.8262993205967,0.0,0.0,2207.4561075599886,2170.0,0.0,3727.007476322567,0.0,0.0,1748.8797178808666,2152.7900639202026,0.0,385.7116244433881,3694.452007964604,1404.9122151199774,0.0
145,0.0612380579904663,0.343232612850497,0.2301019002059799,0.0229287678338869,2.227110197101261,3.2675090071096395,0.0242062282420941,0.0644729743073784,0.0,0.0,0.0,0.0,0.0,0.0,0.0,0.0,0.0,0.0,0.0,0.0,0.0,0.0,0.0,0.0,0.0,0.0,4771.81476523312,6530.025603320976,3426.9537173656518,0.0,0.0,2260.6981091021426,2226.70486220502,0.0,3604.6392331915736,0.0,0.0,1707.957747179098,2171.052016203322,0.0,199.32460999095264,3460.4656217513225,1385.6593498366328,0.0
146,0.1995972035681059,0.4260345170189827,0.2921021830785476,0.0391860232624583,1.996079719008785,3.099118979082349,0.0267500918571454,0.0841453202391998,0.0,0.0,0.0,0.0,0.0,0.0,0.0,0.0,0.0,0.0,0.0,0.0,0.0,0.0,0.0,0.0,0.0,0.0,5293.526319138758,5863.410378599745,3417.360742451513,0.0,0.0,2640.231591058472,2748.811891282148,0.0,3749.354133637909,0.0,0.0,1758.695005704555,2613.7351440473767,0.0,164.65157728362485,3631.3561922762888,1395.2939720724746,0.0
147,0.3444406265134877,0.4802844143888359,0.3304388603816611,0.0561745215891028,1.7276379337985444,2.8035961933993394,0.0275204520000025,0.1049254813554788,0.0,0.0,0.0,0.0,0.0,0.0,0.0,0.0,0.0,0.0,0.0,0.0,0.0,0.0,0.0,0.0,0.0,0.0,4788.879691813208,3865.3421767005984,3439.906600336189,0.0,0.0,2392.867439987381,2864.450527334721,0.0,4213.70047164099,0.0,0.0,1746.6220236589722,2956.494047169299,0.0,472.423693887432,3997.165556922564,1499.8143079914073,0.0
148,0.4981395206763414,0.5151803912239894,0.3585525041063119,0.0781444250935477,1.4858865841961937,2.4846969683500637,0.0275204520000025,0.1178301273614239,0.0,0.0,0.0,0.0,0.0,0.0,0.0,0.0,0.0,0.0,0.0,0.0,0.0,0.0,0.0,0.0,0.0,0.0,4258.571180919091,3273.845804403839,3165.930774001687,0.0,0.0,1957.3575022151504,2566.8714868190905,0.0,3928.548049341348,21.470038684904484,0.0,1438.7214184812665,2713.590408939403,0.0,341.30280226095374,3609.99328156018,1357.0945495481546,0.0
149,0.7644066527898401,0.5924948128022715,0.3940537306843846,0.1514746412858214,1.2057143467767697,2.1442817111310712,0.0272141572695342,0.1933657697985181,0.0,0.0,0.0,0.0,0.0,0.0,0.0,0.0,0.0,0.0,0.0,0.0,0.0,0.0,0.0,0.0,0.0,0.0,3798.2946962196497,2794.794281930005,2918.018664089148,0.0,0.0,1574.4531193288385,2298.4188099449366,0.0,3658.372095702744,108.08750536990192,0.0,1161.7655628745754,2487.4716714031706,0.0,213.83681514162743,3251.1573728878284,1225.633334948825,0.0
150,1.11195189195466,0.7083734120062534,0.4315104884088322,0.271916364447919,0.9285696043103454,1.8541932415438769,0.0250069729106924,0.3354668224983358,272.66337400242105,166.18241641073348,55.79481973524928,0.0,0.0,64.8101406978569,64.8101406978569,0.0,71.12086537168221,0.0,0.0,0.0,41.37030619507712,0.0,0.0,81.13788866346844,0.0,0.0,3101.9649306875563,2072.0621886456497,2535.9576163036995,0.0,0.0,948.4091369304562,1846.2552513287835,0.0,3189.6235463868807,44.65898425146556,0.0,687.6125780531112,2082.9162483223063,0.0,27.79749458774149,2590.562456164565,966.1759372861316,0.0
151,1.3583453321169412,0.8015974332518264,0.4260578805209293,0.382285206780067,0.7476274234312362,1.5830521349900364,0.0359930636279095,0.4645930113541496,1997.6440937477248,1290.5756078443494,488.0578078283273,0.0,0.0,476.8222252868765,489.8609019509242,0.0,609.3654103605812,0.0,0.0,6.649142486901523,317.1681304813059,0.0,0.1414711167425856,625.4792268600382,13.892463664121909,0.0,1800.305304666328,1159.6880562965785,1881.3493261573565,0.0,0.0,353.2667518843157,946.2250185255758,0.0,2207.403921058537,0.0,0.0,197.91110026041667,1060.3059983168191,0.0,0.0,1186.521069137449,397.3358734544377,0.0
152,1.602051743481726,0.8894401849305204,0.4026246822657804,0.5109553160730903,0.6990408717842039,1.30251955404189,0.0955585903403174,0.622548155549325,3519.211045567603,3211.801955506865,1857.47183336759,0.0,0.0,864.1394382501494,1054.6381006580314,0.0,2173.110026067866,0.0,0.0,102.64769485903192,729.3409505528948,0.0,3.6650016955190834,1454.302965358129,310.543008879043,0.0,0.0,0.0,978.0501634552224,0.0,0.0,0.0,0.0,0.0,1149.442832057299,0.0,0.0,0.0,0.0,0.0,0.0,0.0,0.0,0.0
153,1.878686196877076,0.9988902441558902,0.3761978587613087,0.6500786385762858,0.7272994772024083,1.1139955897666745,0.1950004029928466,0.7861124736478364,6130.282886289196,5538.365848150751,2750.205683324612,4.983933762877489,0.0,1444.8323978778085,1461.8572589076357,0.0,2619.791682401481,0.0,0.0,29.166002764383627,540.7067886020185,0.0,0.0,795.4220399392447,109.50740314815825,0.0,0.0,0.0,824.0958090069645,0.0,0.0,0.0,0.0,0.0,964.7484393579002,0.0,0.0,0.0,0.0,0.0,0.0,0.0,0.0,0.0
154,2.1329024411457804,1.0958221925413962,0.331968164263655,0.7805324551024607,0.8098137514668505,1.0057966665871103,0.3073518608627264,0.9548271849265066,8235.998538346787,6893.515311850889,2841.649587121878,13.875419372770123,0.0,1994.3562463315163,1790.3598331017192,0.0,1967.5277302990944,0.0,0.0,54.788697825852665,290.8864400592176,0.0,0.0,134.73096131004712,0.0,0.0,0.0,0.0,689.8113979092337,0.0,0.0,0.0,0.0,0.0,865.5559785364636,0.0,0.0,0.0,0.0,0.0,0.0,0.0,0.0,0.0
155,2.233114960687017,1.1433863088329486,0.2713339802392028,0.8527820769319892,0.9266143864298948,0.8955567733020762,0.4435645528422265,1.0507650338373926,8949.443939208722,7010.935966858726,2788.4546158970406,0.0,0.0,2200.493505097178,1984.7266799969789,0.0,1629.4242759870187,0.0,0.0,91.84349300750644,257.0736816840752,0.0,0.0,106.82907812841084,0.0,0.0,0.0,0.0,904.9377657205424,0.0,0.0,0.0,0.0,0.0,1205.8762988843007,0.0,0.0,0.0,0.0,0.0,0.0,0.0,0.0,0.0
156,2.206318862392028,1.2106875768953824,0.2069118813898324,0.890528134823544,1.0696138648189124,0.7602491237289556,0.6578121628839743,1.0968805878756305,9088.77454651868,6736.216495999817,2711.122371515569,0.0,0.0,2215.898029003873,1940.651064033486,0.0,1330.4700690831155,0.0,0.0,127.06334398236253,194.9749584482103,0.0,0.0,90.077912984619,0.0,0.0,0.0,0.0,1114.6148325963588,0.0,0.0,0.0,0.0,0.0,1508.5280623737783,0.0,0.0,0.0,0.0,0.0,0.0,0.0,0.0,0.0
157,2.160463956210071,1.2982057076281657,0.1697940410738561,0.9166831400884222,1.24132544661897,0.6780016078298008,0.9247850452570944,1.149879850058773,8601.321602859489,6184.756841654611,2280.761247984425,0.0,0.0,2021.7092562534604,1924.921585094393,0.0,972.6114623792172,0.0,0.0,164.07648753166114,262.2704805510905,0.0,0.0,225.38942184759512,0.0,0.0,0.0,0.0,1500.6716659543154,0.0,0.0,0.0,0.0,0.0,1800.4585959731771,293.2681090572918,0.0,0.0,0.0,0.0,0.0,0.0,0.0,0.0
158,2.009187696752495,1.3537868062245864,0.1401400622990032,0.9065739424724236,1.319497234038545,0.6267291403395376,1.1590979149315646,1.163775016201988,7506.368619401945,5315.7421475595365,1470.569680278764,0.0,0.0,1645.5043829939025,1923.0786440807944,0.0,472.0540430787678,0.0,0.0,167.7843037171646,486.25660833131934,0.0,0.0,506.4801099393951,0.0,0.0,645.05,1151.4,3044.4977389107844,33.25,0.0,0.0,0.0,0.0,3274.6066043285587,225.71862987070327,0.0,0.0,0.0,0.0,0.0,603.25,0.0,0.0
159,1.746079856147328,1.3445305210599152,0.1053488602524917,0.8451164836118675,1.412291154673622,0.5958446737399502,1.4337152885553932,1.106635861612551,5285.928245034295,3586.6115261031414,811.9454666215413,0.0,0.0,641.4115679262908,1351.246658893159,0.0,69.86771061240215,0.0,0.0,24.85929778343897,537.9257776927727,0.0,0.0,464.166049109559,0.0,0.0,1471.359781367568,2855.7128019383726,4636.790166720172,12.06896551724138,0.0,237.13102096126696,57.03177937735111,0.0,4300.481637129163,60.11123107217654,0.0,0.0,0.0,0.0,0.0,650.7453241826018,0.0,0.0
160,1.412730851807845,1.3062165628903668,0.0686709203968106,0.7448500322407962,1.5855245798878466,0.6238520336260482,1.7749968501097704,0.9951347998405264,3883.8602712754578,2698.73345465735,443.21409313395617,0.0,0.0,17.06756960409439,52.26713788436651,0.0,0.0,0.0,0.0,0.0,23.71107519192468,0.0,0.0,19.746994509683407,0.0,0.0,3492.700804691128,6968.331426667017,4759.471671479446,0.0,0.0,1069.3462684485894,699.9346533051457,0.0,3840.521917008909,0.0,0.0,2.5048678017547075,18.846148222725898,0.0,0.0,1040.9978673778744,0.0,0.0
161,1.162975177440308,1.2451682894886542,0.0458934101856223,0.6468009602400494,1.7988983073878622,0.7626316465811852,2.098964902256029,0.8985930022792066,3046.841826456073,2260.9258121088105,235.99927906713629,0.0,0.0,0.0,0.0,0.0,0.0,0.0,0.0,0.0,0.0,0.0,0.0,0.0,0.0,0.0,4950.171539247775,9465.6014939923,4401.997754567653,0.0,0.0,1706.442891095169,1315.6913451144426,0.0,3305.3557079812526,0.0,0.0,17.16196038464468,145.4130290225888,0.0,0.0,987.1358586597216,0.0,0.0
162,0.8999050247043172,1.1157337149884703,0.0294610758936876,0.5141752099745946,1.9708305583279315,0.9877376853898788,2.4342874346030907,0.7993214300895024,2406.893688741339,1873.9948199969797,65.10192049863748,0.0,0.0,0.0,0.0,0.0,0.0,0.0,0.0,0.0,0.0,0.0,0.0,0.0,0.0,0.0,5783.745244445097,10507.568290591187,4264.3564601833,0.0,0.0,2047.5806750773252,1613.2374081313894,0.0,3138.5074431635207,0.0,0.0,41.61675444429489,216.6272543838767,0.0,0.0,936.013576909592,0.0,0.0
163,0.6119869923400418,0.9357225337627496,0.0162755059112759,0.36946307874067,2.1373154023724887,1.2558483396677746,2.793585640512021,0.7197054112823903,2668.92645526906,1562.7605827829923,26.072337743574234,0.0,0.0,0.0,0.0,0.0,0.0,0.0,0.0,0.0,0.0,0.0,0.0,0.0,0.0,0.0,5811.808349593587,9988.82110956796,4257.721990822002,0.0,0.0,2135.036154007031,1758.316794000302,0.0,3241.414472502265,0.0,0.0,223.7877962024417,350.2413934294012,0.0,0.0,1112.6873590769587,0.0,0.0
164,0.3645124300690773,0.7752817476940977,0.019711829541528,0.2327887523292172,2.3433539699770614,1.5569476084009275,3.1655665270797977,0.6483724857355949,3051.7210115058306,1443.06174740705,26.96324725610783,0.0,0.0,0.0,0.0,0.0,0.0,0.0,0.0,0.0,0.0,0.0,0.0,0.0,0.0,0.0,5615.966749357513,9419.631482476125,4264.495366110406,0.0,0.0,2098.661549390059,1796.9814644416265,0.0,3347.044428658804,0.0,0.0,334.6960735239657,461.154368517625,0.0,0.0,1261.4292181646786,0.0,0.0
165,0.2131079174197573,0.6648109567761855,0.0268952679867107,0.1537414581747918,2.5696529794529845,1.8538228988066985,3.491902966011528,0.6616453480900362,3706.079787413301,1554.118854930865,36.57970047488447,0.0,0.0,0.0,47.49275402985696,0.0,0.0,0.0,0.0,0.0,0.0,0.0,0.0,0.0,0.0,0.0,3338.615033849294,5242.10964509973,4423.465999537594,0.0,0.0,1109.803774199602,1457.745326173133,0.0,4398.4373138390665,0.0,0.0,822.9566638358383,1057.01819900841,0.0,543.6747178562501,2705.0393947269786,649.5528306131256,0.0
166,0.1106324476744186,0.5382216762718464,0.033585725362126,0.1043657273239932,2.8009039913846627,2.0702958035291066,3.7134231430235447,0.7096434654851902,4042.054858031813,1611.152033748407,41.501991749163686,0.0,0.0,0.0,148.9817438515437,0.0,0.0,0.0,0.0,0.0,0.0,0.0,0.0,0.0,0.0,0.0,2333.1846582735075,3441.1264677714908,4509.002479523224,0.0,0.0,649.5712351131896,1280.5786736828588,0.0,4887.391535886129,2.8711380452229323,0.0,1017.004959046446,1299.801686272598,0.0,842.5737146364127,3358.0855014098065,1008.5761941596356,0.0
167,0.0170436970380492,0.4154891795113134,0.04031017178562,0.062994620995675,3.0508979382262926,2.256647177882281,3.858145616338998,0.7424706757873711,4257.433003227409,1664.5368153534705,50.46458882689191,0.0,0.0,0.0,220.159738106973,0.0,0.0,0.0,0.0,0.0,0.0,0.0,0.0,0.0,0.0,0.0,2260.2404738844966,3262.864715599767,4394.4114831026245,0.0,0.0,640.7343124106302,1273.401734674525,0.0,4787.874762300558,35.26297466643776,0.0,1002.1340089696316,1307.7950307085946,0.0,834.7459578462732,3279.0930419344536,1002.4921725902664,0.0
168,-1.172395514004167e-16,0.3124104314615268,0.0423963719999998,0.0474377932823921,3.507510889734223,2.4529790453645206,3.883787961914154,0.7730755336584673,4339.0890279672,1739.0982648043216,67.21759709827441,0.0,0.0,0.0,241.53360037098943,0.0,0.0,0.0,0.0,0.0,0.0,0.0,0.0,0.0,0.0,0.0,1676.5175815012649,2398.3311269761457,3267.6379561320146,0.0,0.0,478.8033323454585,954.703463402441,0.0,3567.7923187430847,66.86527770547758,0.0,748.5366078633853,985.0648986636204,0.0,624.8643305303117,2440.2644465992503,751.4398091518613,0.0
169,-1.172395514004167e-16,0.2460012604385384,0.0423963719999998,0.0340960040132892,4.015684773023259,2.5863342970152843,3.78265452041728,0.7639180293288992,4045.639130983321,1719.7930643519803,107.80504655446494,0.0,0.0,0.0,140.83154769414517,0.0,0.0,0.0,0.0,0.0,0.0,0.0,0.0,0.0,0.0,0.0,688.2144593878529,984.4648384682024,1341.3918171801536,0.0,0.0,196.5638698661822,391.9264146753805,0.0,1464.5970040288328,89.46460397163835,0.0,307.25580614502115,404.37083242915895,0.0,256.5209741532302,1001.7080580017328,308.48829838594366,0.0
170,-1.172395514004167e-16,0.1786037056146183,0.0423963719999998,0.0201924551960136,4.652912677339982,2.6513443249479525,3.5722036306024374,0.7458556477275701,3065.6842888090114,1325.613721899576,84.18126985136354,0.0,0.0,0.0,118.54132531775444,0.0,0.0,0.0,0.0,0.0,0.0,0.0,0.0,0.0,0.0,0.0,904.3590106177652,1058.838969066578,1245.9268876565664,0.0,0.0,298.5525187577821,535.3394405163846,0.0,1337.522757429167,109.5886401896405,0.0,346.93786376653844,558.8286904722254,0.0,219.5419372705062,990.2227257876244,378.22026862530464,0.0
171,-1.172395514004167e-16,0.1029899738709423,0.0420656270370558,0.0056427973608487,5.426998770505242,2.6451123913485826,3.2593701307367744,0.7129960089368728,2633.7014632865207,1254.9763155009437,46.17128055632763,0.0,0.0,0.0,95.58112761845184,0.0,0.0,0.0,0.0,0.0,0.0,0.0,0.0,0.0,0.0,0.0,3385.166932087402,3854.851296639174,4575.063582458751,0.0,0.0,1110.3592628263582,2017.690076767212,0.0,4914.5980943012,149.8754254871359,0.0,1277.1771369254195,2122.4630534239523,0.0,807.4706406291277,3655.042709716477,1428.58708122144,0.0
172,-1.172395514004167e-16,0.0700412018471755,0.037051419348837,1.0671417940490664e-05,6.144243062968772,2.606276632845182,2.886413507843188,0.6413943181395317,2348.6763380077045,1230.761816711382,59.52774838848783,0.0,0.0,0.0,75.31181482179092,0.0,0.0,0.0,0.0,0.0,0.0,0.0,0.0,0.0,0.0,0.0,3204.4857111947445,3384.679001702622,4688.45256453875,0.0,0.0,934.6933271851476,1960.855946885157,0.0,5113.446812769896,281.3744491927084,0.0,1174.3978299651628,2152.3705360329086,0.0,881.5215788406692,3713.0289055533526,1481.4954494779386,0.0
173,-1.172395514004167e-16,0.0554914648106304,0.0302905361063121,2.9132252166164074e-16,6.791020216162596,2.503073794632796,2.461964097814344,0.5391178378205947,2262.069979142302,1243.9665455996148,627.5516619313878,0.0,0.0,0.0,50.19375044072452,0.0,0.0,0.0,0.0,0.0,0.0,0.0,0.0,0.0,0.0,0.0,2435.9373104334,2058.279865174483,5205.901128763923,342.9721108178599,0.0,471.59995922675006,1487.349348309383,0.0,5879.868654944693,923.1399328143564,0.0,736.5145429916469,1765.103809568282,0.0,932.228273815323,3301.557513589724,1256.804717181438,0.0
174,-1.172395514004167e-16,0.0398808094485041,0.0230366717940198,2.9132252166164074e-16,7.32473217062331,2.3243226141850277,1.9815569409905436,0.4222500239003294,2290.4546480603103,1155.4467571054652,1243.0466683215186,0.0,0.0,0.0,32.00966527836888,0.0,0.0,0.0,0.0,0.0,0.0,0.0,0.0,0.0,0.0,0.0,1120.8703418083264,398.6560314016722,6590.117824301481,1382.3492925686598,0.0,0.0,478.0736463332874,0.0,7705.020037850629,2389.414414537128,0.0,61.67876181796051,632.4929057564473,0.0,573.8684603984464,1885.323808591866,467.6477884016645,0.0
175,0.0003860116859186,0.0241185943255808,0.0157123816146178,2.9132252166164074e-16,7.694666340725276,2.1038509364973206,1.509150235473547,0.3042475710099644,2033.219342379103,1584.099312261419,1802.3022076773443,0.0,0.0,6.202479031810373,47.825537746071696,0.0,36.016887586587345,0.0,0.0,0.0,0.5989933021374504,0.0,0.0,22.51055474161709,0.0,0.0,714.3987412473637,139.70605467022125,7149.226888547793,1744.4721038017435,0.0,0.0,145.47151523775472,0.0,8432.72965823557,2792.6396085105825,0.0,0.0,188.58049720572183,0.0,189.81583364551537,1145.0705608411483,139.03924618917463,0.0
176,0.0224894641794018,0.0089626182458466,0.0105321678338868,2.9132252166164074e-16,7.843792885965947,1.9336460184642896,1.084016585688537,0.1907058005631206,1564.879322841524,2395.778235379916,2452.1508722421963,0.0,0.0,175.01938198241052,83.49839998583185,0.0,1144.641773967748,0.0,0.0,0.0,16.98640408714176,0.0,0.0,697.058882807644,7.014251342965502,0.0,238.5106271204952,13.226097622208604,5978.181665570937,853.0832966324551,0.0,0.0,0.0,0.0,7144.348580421146,1321.2871524586396,0.0,0.0,0.0,0.0,0.0,363.7176846107366,0.0,0.0
177,0.1084008327382194,0.0001204779065693,0.0083542443213775,0.0001612759921353,7.779387125260832,1.8196424072870057,0.729535547781951,0.0892483420920718,1911.3583740221648,3461.0840491377867,2683.61451227692,0.0,0.0,561.5499627881514,366.9271046919952,0.0,2514.5490979595347,0.0,0.0,0.0,189.0578340694452,0.0,0.0,1694.4762026515298,192.758689850555,0.0,0.0,0.0,2963.1515592490523,0.0,0.0,0.0,0.0,0.0,3702.952407515488,0.0,0.0,0.0,0.0,0.0,0.0,0.0,0.0,0.0
178,0.2643946460379127,-5.559996907322784e-16,0.0109320714418602,0.0706176586867308,7.450519416916944,1.7332517826015263,0.5153887055657603,0.0388891783537204,2733.1251380691283,4380.727162854539,2545.255472311386,0.0,0.0,945.7517879066452,740.4024806547735,0.0,2453.318264243659,0.0,0.0,71.71856227827001,416.8711678614234,0.0,47.738692727669005,2006.9745580520985,398.8514255391609,0.0,0.0,0.0,1636.2218119805395,0.0,0.0,0.0,0.0,0.0,2187.7936657803857,0.0,0.0,0.0,0.0,0.0,0.0,0.0,0.0,0.0
179,0.4582731981328902,-5.559996907322784e-16,0.0154986329302323,0.2226309924318941,6.987262130060632,1.664150009210137,0.4119873928828891,0.045621959083054,3832.14742593508,5623.486823976826,2296.1334213559767,0.0,0.0,1506.0987984623855,1305.108832660324,0.0,2302.7370712061456,0.0,0.0,440.1447792372132,815.2820049288044,0.0,156.8017422366739,2498.677638445744,696.4249643522561,0.0,0.0,0.0,1477.4383724379632,0.0,0.0,0.0,0.0,0.0,1991.215712804192,0.0,0.0,0.0,0.0,0.0,0.0,0.0,0.0,0.0
180,0.6542455974219276,-5.559996907322784e-16,0.0215816873465259,0.3683878265182727,6.346231995993644,1.5944560460132935,0.3822345404252476,0.0613110802854229,4967.806952063894,6960.9873744123415,1877.8226321657733,0.0,0.0,2149.5141019656558,1976.5646439133716,0.0,1988.2136811982937,0.0,0.0,1037.1132531771314,1354.809811829853,0.0,223.02903004436192,3088.230052870569,1035.808542794103,0.0,0.0,0.0,1455.4890505647004,0.0,0.0,0.0,0.0,0.0,1903.9538547947589,0.0,0.0,0.0,0.0,0.0,0.0,75.45889927624364,0.0,0.0
181,0.8531771634980017,-5.559996907322784e-16,0.0321405536212623,0.5156952652225916,5.540654696595021,1.530032901925286,0.3995119833341904,0.1076192812787283,4898.96710861138,6914.15357359681,1828.7297949203123,0.0,0.0,2116.5344079441834,1942.2855308931048,0.0,1939.8787017851532,0.0,0.0,1027.6653476262954,1332.6049091883467,0.0,217.9656179232934,3043.396221761457,1019.578554689487,0.0,0.0,0.0,1501.2226159397894,0.0,0.0,0.0,0.0,0.0,1933.015097169034,0.0,0.0,0.0,0.0,0.0,0.0,139.9724529506711,0.0,0.0
182,1.0535521357798558,-5.559996907322784e-16,0.0424030392618314,0.6738569362524928,4.558747006804735,1.4506785261430477,0.4407445342084854,0.1976993729272212,3540.219577296254,5721.138278789315,1084.106593200953,0.0,0.0,1461.814493734934,1283.7797401141522,0.0,1186.5238237584813,0.0,0.0,768.9884607331122,890.815023734189,0.0,129.42133772744484,2163.021875175249,697.3628453602565,0.0,69.82296989746652,221.61203489195896,2226.039135375409,0.0,0.0,5.312617274807235,0.0,0.0,2451.3053965519443,0.0,0.0,0.0,0.0,0.0,0.0,1149.7774321983395,0.0,0.0
183,1.197616321718718,-5.559996907322784e-16,0.051256028451827,0.8396252873421949,3.555725594580286,1.3368210943344443,0.526057309665557,0.29738904947951,1906.2753710553748,3430.359747654129,524.4663843958053,0.0,0.0,708.3089423606262,621.7484086602692,0.0,574.2184065031983,0.0,0.0,372.8749674475176,431.4850653698789,0.0,62.61623002122983,1048.3569531880598,337.871265402508,0.0,481.06516802029415,1365.1502175717706,2718.183500628868,0.0,0.0,75.22146257217719,0.0,0.0,2967.065468630632,0.0,0.0,15.393338634844246,0.0,0.0,0.0,1762.6221774367502,0.0,0.0
184,1.2636580548940888,-5.559996907322784e-16,0.0604220992026576,0.931937526100468,2.812870102214748,1.209449428141397,0.6516282591962765,0.386458626275877,471.12562249310935,1337.6486597326686,47.35845034277153,0.0,0.0,63.97020848354866,56.13359134336904,0.0,51.860126047299694,0.0,0.0,33.67036840890416,38.95420332752356,0.0,5.663961611078874,94.6587359928468,30.514369413667385,0.0,1187.0285911101316,2433.678395524631,3802.247534983721,0.0,0.0,496.98551857893807,199.81666268581907,0.0,4165.5781808465945,157.5808798406297,0.0,480.8838063860538,270.0600105769501,0.0,634.5767426778403,2933.7874390185666,347.9019026439818,0.0
185,1.2838754635360938,-5.559996907322784e-16,0.0706116476266987,0.9334639800000027,2.2582569097674376,1.1185639570465131,0.8297513885780713,0.4565222985049795,30.579308062506662,105.12670231218507,0.0,0.0,0.0,0.0,0.0,0.0,0.0,0.0,0.0,0.0,0.0,0.0,0.0,0.0,0.0,0.0,822.317541417998,1566.0312016196187,2483.3551015514545,53.37228221868818,0.0,397.0521761010723,225.4170336980481,0.0,2797.9315800896684,177.80808013979512,0.0,441.6984278768646,304.646005380142,0.0,715.8891697185109,2035.5595068964265,392.4815165186743,0.0
186,1.2925239605815917,4.1023208910915575e-05,0.0824333119054132,0.9334639800000027,1.8414144150627292,1.0360268959921863,1.0144959617002136,0.526767413156924,0.0,0.0,0.0,0.0,0.0,0.0,0.0,0.0,0.0,0.0,0.0,0.0,0.0,0.0,0.0,0.0,0.0,0.0,1240.5698931177456,2335.043692271481,2531.3188008153534,149.56315015708492,0.0,647.010816372454,452.715661505304,0.0,2865.8164021805683,131.84567142520444,0.0,558.080872818757,473.877957118621,0.0,597.009833806368,1985.0740255839871,450.51414776844416,0.0
187,1.2470530844980832,0.0036024272491688,0.0874269185382059,0.93340898256172,1.5838708607756178,0.9354903631479732,1.1954298150873992,0.5702958729108065,0.0,0.0,0.0,0.0,0.0,0.0,0.0,0.0,0.0,0.0,0.0,0.0,0.0,0.0,0.0,0.0,0.0,0.0,2812.6379136208,5527.526525260161,4948.0440800857705,0.0,0.0,1475.2554506034105,1068.7023703447585,0.0,5603.001901033939,95.40664172345616,0.0,1224.1696667242938,1050.0004752584848,0.0,1090.5104259483364,3861.659716034442,1044.1469137936813,0.0
188,1.1362474255176065,0.0090754643720924,0.091652196,0.8774602871282413,1.5078188215548165,0.8160173194498381,1.3277868390857128,0.564442357286375,0.0,0.0,0.0,0.0,0.0,0.0,0.0,0.0,0.0,0.0,0.0,0.0,0.0,0.0,0.0,0.0,0.0,0.0,2795.278269967353,5754.405068078798,4823.6687929187765,0.0,0.0,1433.5176389638657,1033.108699005167,0.0,5453.022343213113,0.0,0.0,1224.058727025012,1019.9830105481436,0.0,1088.8136999048868,3810.9485248879632,1160.706017497408,6.2569839678500125
189,0.9644403102956792,0.0163830335561456,0.0947968002,0.7170354060398682,1.4792955857461785,0.6899349146053194,1.4213253363368752,0.5433348783388671,0.0,0.0,0.0,0.0,0.0,0.0,0.0,0.0,0.0,0.0,0.0,0.0,0.0,0.0,0.0,0.0,0.0,0.0,2829.441468364532,6025.710666101647,4309.477786883273,0.0,0.0,1381.0773400698106,1015.0519800161308,0.0,4614.829993978256,0.0,0.0,1130.631848793791,1041.6172201263223,0.0,737.0385831244154,3404.329961765608,1244.280211737164,0.0
190,0.7815104933023247,0.0285681912159462,0.0970406575915939,0.5573231303920266,1.3988588746204085,0.6059510949684042,1.4448113075398274,0.5283814608322615,0.0,0.0,673.1934505173372,0.0,0.0,0.0,0.0,0.0,192.6086054445414,0.0,0.0,0.0,0.0,0.0,0.0,0.0,0.0,0.0,3448.288319715836,6714.076161503697,4347.787363138683,0.0,0.0,1686.0687131359973,1311.9296254579597,0.0,4257.720900867707,0.0,0.0,1206.8411479604454,1262.9657213144037,0.0,303.8287300091196,3350.268170257264,1144.58697523977,0.0
191,0.6134085434340428,0.0403758497541523,0.0953582553042798,0.4115662963056479,1.3295810004330588,0.5878462390213053,1.3947277942888414,0.5467423403650545,0.0,0.0,1775.5225737215528,0.0,0.0,0.0,0.0,0.0,1341.613695321025,0.0,0.0,0.0,0.0,0.0,0.0,0.0,0.0,0.0,3665.837375259772,5541.270852529768,3691.886410112592,0.0,0.0,1416.173524489188,1418.212539403299,0.0,3467.301052622216,0.0,0.0,786.3559130248899,1271.0741757510625,0.0,17.203736840167174,2566.8957868359416,840.3212648647751,0.0
192,0.4236826114219268,0.0534602802990029,0.093924112812846,0.2487528114219271,1.3211377250653311,0.5777737680066485,1.3186947391384292,0.5719355139601299,6.762710435510415,0.0,2385.8357855233958,31.461305069548448,0.0,0.0,0.0,0.0,2150.142059603016,42.78149427681588,0.0,0.0,0.0,0.0,0.0,12.64332820551947,0.0,0.0,3727.852389558437,4524.126023140908,3178.133540150739,0.0,0.0,1162.5243154350285,1454.089836833353,0.0,2861.5344420036618,0.0,0.0,451.659661688926,1224.229507429825,0.0,0.0,1943.8910259021989,585.3699808233551,0.0
193,0.2866824372151493,0.0626880823654481,0.1003700397408636,0.0876479816284386,1.3280422063000614,0.630214117011034,1.2189771995561476,0.600561746340995,82.15041505104087,0.0,2966.761391480584,226.386354529332,0.0,0.0,0.0,0.0,2944.89546040953,294.62794037628134,0.0,0.0,0.0,0.0,0.0,126.72869159685511,0.0,0.0,3112.150668154662,3555.316033166646,2980.813529616986,0.0,0.0,818.6158296301932,1190.2070367495865,0.0,2687.417971065788,0.0,0.0,292.9918410185768,886.7466626822392,0.0,0.0,1639.391466941298,375.9517903864988,0.0
194,0.2298501462641853,0.0696071149235877,0.106177084923588,0.0015264538995352,1.3031513161498964,0.7924354974466488,1.1040366492071754,0.6551960089132217,208.6042821184274,0.0,3074.473053986693,299.315360041142,0.0,0.0,0.0,0.0,3107.5650430085448,350.5776493178033,0.0,0.0,0.0,0.0,0.0,276.63798101394025,0.0,0.0,2755.9401798636336,3011.81587765943,2874.8195318019566,0.0,0.0,623.999672652722,1037.4123745091158,0.0,2596.16690116177,0.0,0.0,206.5253596486896,692.7083714196549,0.0,0.0,1473.1712710346246,259.0024457058288,0.0
195,0.2414769496251702,0.0751501902927493,0.1096740146922025,3.552713678800497e-16,1.379389927115102,0.997229971405906,0.9549889707719356,0.7381615753120956,394.2922496097743,0.0,3565.628855223459,833.1007466444594,0.0,1.4611117021924178,56.903713913824575,0.0,3902.903953746818,1201.1825981048798,0.0,0.3176329787374821,112.46784949975996,0.0,632.6823601400175,1287.428834495438,40.37423174868845,0.0,2011.6483974102728,1872.989113468101,2653.163875785102,0.0,0.0,218.21681112523964,714.659818282821,0.0,2397.0448245046487,0.0,0.0,26.90102891924194,276.1917641798895,0.0,0.0,1115.1614035180269,16.261704463492904,0.0
196,0.2510472120398662,0.0754322813820595,0.1089015508985733,0.0039262441102211,1.633205592023447,1.2752974591635766,0.8754551598913408,0.8151261704522159,377.51480856142194,0.0,4046.8923405344176,1430.3108865479223,0.0,14.238274182029947,202.47320284699524,0.0,4723.848343154492,2278.7597067880743,0.0,10.35637934683932,263.02478714772207,0.0,1615.1682778743514,2388.217206462756,187.61373329428295,0.0,1926.9575790724757,1690.5357187468792,2619.671516031045,0.0,0.0,173.51764054573437,639.069737321347,0.0,2286.819298331557,0.0,0.0,12.868341960368973,118.0001483738816,0.0,0.0,967.001181072271,0.0,0.0
197,0.2538959052376128,0.0715654482458468,0.109979669900332,0.0165126006777412,1.968554724539068,1.5789942107329231,0.853662680522894,0.8550935629573857,161.83959842869643,0.0,4044.498749430775,1653.0783792037964,0.0,14.34297588872478,113.8048577458884,0.0,5034.807849962198,2773.6159406149222,0.0,90.23326853826404,151.52563113797066,0.0,2045.4331388908408,2956.7807095596336,123.18864925032965,0.0,2016.9222183702964,1541.7657546605728,2566.5874271830617,0.0,0.0,157.96716264775438,582.7692143651409,0.0,2148.416084040706,0.0,0.0,3.597185636089771,12.72850302000996,0.0,0.0,846.937097802928,0.0,0.0
198,0.2791177303584123,0.0660924111229231,0.107346415961696,0.0295360320797345,2.4063076357193616,1.99981647563651,0.860263700350985,0.8930047917584494,123.70301607409964,0.0,3850.385168334592,1548.8403788354474,0.0,20.449893997309868,103.6816888891186,0.0,4881.689068598214,2656.421764717344,0.0,171.74953550975755,143.50027113576536,0.0,2096.943966112439,3007.033484307909,85.42136214878848,0.0,2169.398442025439,1422.5376339755355,2508.482280007583,0.0,0.0,150.72000799888886,548.8489200112869,0.0,2036.0163180081877,0.0,0.0,0.0,0.0,0.0,0.0,782.0035959749312,0.0,0.0
199,0.3137468261262454,0.0588921111698253,0.0997922181528236,0.0432307743787379,2.959553995896027,2.4971564390103618,0.9208337253687672,0.9280462030775818,158.78909416648807,0.0,3747.32286298268,1433.1203898904114,0.0,34.32929890353689,161.60426584659655,0.0,4801.701283655835,2531.593558740254,0.0,194.96766414718672,198.43275302304585,0.0,2061.3663034713063,3040.364857890855,115.56235494459082,0.0,2322.321339859684,1302.9724345867298,2450.1804106235545,0.0,0.0,143.45123145738438,514.782383588555,0.0,1923.220724376886,0.0,0.0,0.0,0.0,0.0,0.0,716.9260430104498,0.0,0.0
200,0.3437635426957762,0.0467998420066437,0.0909318556772659,0.0566569923189373,3.607012469856393,2.9210829312558184,1.076707991579358,0.9381051278524618,397.3385699118853,0.0,3520.8199168021824,1069.918310003562,0.0,51.08648805564942,285.3361819579882,0.0,4523.101460283287,1939.3681756746275,0.0,188.8024826834408,362.1317121286961,0.0,1756.771981058297,2985.8686609845204,201.02970137725947,0.0,2566.973361915227,1245.4781173606575,2366.445553473462,0.0,0.0,144.70467562940016,480.97947888001136,0.0,1789.5554078765445,0.0,0.0,0.0,0.0,0.0,0.0,631.8053909823317,0.0,0.0
201,0.3460608741838322,0.0338616629700989,0.0816580073532664,0.0704859967973426,4.206237812604647,3.2868510131406485,1.348291755107417,0.8556767107043166,781.9629629629629,3.333333333333333,3293.333333333333,634.8148148148148,0.0,61.44444444444444,468.5185185185185,0.0,4093.814814814815,1105.037037037037,0.0,168.37037037037038,577.6666666666666,0.0,1237.6666666666667,2817.5925925925926,303.85185185185185,0.0,2928.679785336205,1959.5845017899992,2202.1030767631714,0.0,0.0,225.29319747714203,536.2390707656767,0.0,1812.012636407591,0.0,0.0,0.0,0.0,0.0,0.0,547.0150118338235,0.0,0.0
202,0.3622961949368777,0.0212953205946131,0.0724421482058383,0.0804201537688559,4.672391964464831,3.5793658753075643,1.5764881614321022,0.7370650326353276,2757.618598219268,859.9967975933429,2392.4039399306143,2.8072005628472305,0.0,553.0691428710061,1585.0689730464107,0.0,3108.1726145709504,116.03095659768556,0.0,466.50117664184,1470.0073995002306,0.0,635.1288726072928,3191.678667604745,921.2543729833328,0.0,2773.410862700181,2179.3846630475773,2084.4353253057607,0.0,0.0,176.0766723338103,477.33424688091526,0.0,1825.6833941678144,0.0,0.0,0.0,0.0,0.0,0.0,432.4014135296742,0.0,0.0
203,0.3853996889352167,0.0130695582857137,0.0585601381196011,0.0808258320000003,5.072868388330562,3.794947648390373,1.7363559656162753,0.6203530973945166,3299.6196268201006,1347.3589766279536,1776.9230693849524,0.0,0.0,734.5995624790062,1798.833776875538,0.0,2369.512171630759,0.0,0.0,511.06361728077474,1582.3113349095945,0.0,202.1279953722537,2793.803156742914,925.7045453382204,0.0,2541.50228102439,2213.65752943332,1992.8100971610863,0.0,0.0,111.45017816797774,378.91714001639207,0.0,1806.9964654994135,0.0,0.0,0.0,0.0,0.0,0.0,370.37542759805433,0.0,0.0
204,0.3870229003382671,0.0067040483322253,0.0451092093488371,0.0808258320000003,5.331253509587131,3.875663214549084,1.865547991155236,0.4934871550655361,2904.5122384253377,1511.3619984938332,1167.605127482609,0.0,0.0,671.5181280024897,1401.4877028747596,0.0,1495.6671732751602,0.0,0.0,380.284006148781,1159.6091149011754,0.0,0.3454145900363802,1843.660299088344,644.3241817331748,0.0,2117.585191626207,1968.412506380072,1905.4970388352813,0.0,0.0,85.92321346940236,233.31093440147643,0.0,1726.019119791471,0.0,0.0,0.0,0.0,0.0,0.0,370.5164101312344,0.0,0.0
205,0.3565686362591366,0.0009031808571422,0.0307810460930231,0.0808258320000003,5.430342344764113,3.8564461216279113,1.960135962095234,0.3399249766578049,6311.650920112857,4067.1249957115497,1579.0559764752436,0.0,0.0,1495.15228595471,2555.616494770556,0.0,1821.036825139652,0.0,0.0,619.7399281538849,1890.2042047609268,0.0,0.0,2434.9917871876783,953.2329907519954,0.0,1803.387009136302,1870.3842378835025,1853.2783004333712,0.0,0.0,44.15956931721235,158.6290675028637,0.0,1683.9839322858786,0.0,0.0,0.0,0.0,0.0,0.0,502.7777306055238,0.0,0.0
206,0.3162467384850499,-5.595524044110788e-16,0.016892712309158,0.0776100360007525,5.291843652329461,3.728376736252248,1.936420861153885,0.1790687121592159,6170.483224464447,3750.747839074978,1835.168750559326,0.0,0.0,1237.8286619245628,2208.734877324181,0.0,2155.2228490020807,0.0,0.0,343.1043165170389,1474.4586390353518,0.0,0.0,2076.914368777814,746.8312864365859,0.0,1793.0579612073034,1777.0656416090658,1851.9275390369808,0.0,0.0,58.89827018785743,199.44243096070252,0.0,1697.27728141426,0.0,0.0,0.0,0.0,0.0,0.0,567.210278978238,0.0,0.0
207,0.2727749324891866,0.0007437959999994,0.0060228531029898,0.0641789691428575,5.009455833756902,3.521802709419425,1.7706585271773296,0.0925560943519068,5417.173585123261,3022.8217786246155,2380.479961188621,6.297502486580171,0.0,723.1454063161508,1597.1170802755923,0.0,2663.0520644995117,0.0,0.0,46.89435323669138,925.7460965593876,0.0,0.0,1426.5452679886296,382.8327886474543,0.0,1703.283616728985,1618.375022465886,1765.2702507781537,0.0,0.0,68.54696540775323,224.2460441925583,0.0,1629.799743589416,0.0,0.0,0.0,0.0,0.0,0.0,593.1757210348634,0.0,0.0
208,0.209200244172757,0.0029685944451821,2.3838683603487573e-05,0.0502157024850501,4.565404569277302,3.154685879702173,1.555907965951142,0.0510988158866502,1458.3901070324746,656.4297709951258,3992.385759349227,692.1460604244102,0.0,24.493839167825453,252.3654546924524,0.0,3746.64964722224,726.4855116952193,0.0,0.0,84.61141425040158,0.0,0.0,242.6968891711237,12.136471326819953,0.0,1056.027448699685,1043.160149470993,1207.6900604990062,0.0,0.0,147.4028506894933,175.9005837859242,0.0,1106.5569460769032,0.0,0.0,527.0796555156838,459.1715573655576,0.0,196.1177038536936,425.8144158960678,271.6852257463208,0.0
209,0.1485004570116274,0.0268536371013283,0.000435168022425,0.0369237467242526,4.023499201382882,2.705589095942697,1.350193449909468,0.0211225434019912,4.6295236514675855,0.0,1890.6208122979888,281.7584887148772,0.0,0.0,0.0,0.0,1854.9437010794643,321.8276998418672,0.0,0.0,0.0,0.0,0.0,0.0,0.0,0.0,2044.21731422788,2315.496642825672,3049.469251905401,38.19594689589204,0.0,940.1497359532008,550.983329272295,0.0,2737.906588955936,35.98015992126847,0.0,864.7654635030575,731.6129124696581,0.0,223.76668759780364,1156.2530485170453,335.40897678357334,0.0
210,0.1063754515948383,0.1343857335548167,0.0138268590419529,0.0247058883986715,3.52188800533693,2.312937706090094,1.1372446026707843,0.0144716967855963,0.0,0.0,8.595362882370333,0.0,0.0,0.0,0.0,0.0,955.35293880702,0.0,0.0,0.0,0.0,0.0,0.0,0.0,0.0,0.0,3575.6369225816434,4265.06345174438,5793.29356170177,443.7574189641831,0.0,2066.852792839738,1086.9692870007814,0.0,5171.100764193678,299.3784392683106,0.0,689.5097820920316,545.2043389245136,0.0,12.41111886026281,2162.117775965535,80.32235727945844,0.0
211,0.1033656850573837,0.2543469316146174,0.0535104798936875,0.013025078790698,3.094247970266373,1.9614129469589303,0.9009756775995144,0.0238982560863767,0.0,0.0,0.0,0.0,0.0,0.0,0.0,0.0,1039.7674650899796,0.0,0.0,0.0,0.0,0.0,0.0,0.0,0.0,0.0,3705.6864407037096,4453.902327196608,6007.030727721864,519.8198522822516,0.0,2144.43489842161,1110.133411578542,0.0,5358.412803861816,293.42421491289235,0.0,646.4394957878764,506.62232280567065,0.0,0.0,2140.05520332938,61.961003508607206,0.0
212,0.1154737112292353,0.3997822818463037,0.1108519622192689,0.0015675578680903,2.6911641139985703,1.588618652419808,0.6665475670937298,0.0356173674817255,0.0,0.0,0.0,0.0,0.0,0.0,0.0,0.0,1602.870580425809,0.0,0.0,0.0,0.0,0.0,0.0,0.0,0.0,0.0,4144.230155320959,5258.167613619624,6683.506354870942,930.2969934327006,0.0,2245.7825462284927,992.6164699448158,0.0,5978.132667868857,494.7134462283656,0.0,261.0961379638998,195.71930762090147,0.0,0.0,1198.8293782245785,23.93689373780809,0.0
213,0.1317910963455145,0.5936347239476399,0.1770920123178737,3.446132268436473e-16,2.2750049552387885,1.25711573071097,0.487285486904449,0.0480061423853799,0.0,0.0,0.0,0.0,0.0,0.0,0.0,0.0,2275.1454220550645,0.0,0.0,0.0,0.0,0.0,0.0,0.0,0.0,0.0,3996.60439712852,5090.049234285534,7319.300814684468,1289.199308920393,0.0,1969.8087668111675,714.5520775597972,0.0,6747.532182560855,831.8462930712673,0.0,0.0,0.0,0.0,0.0,643.8929189293469,0.0,0.0
214,0.1664554494617937,0.845625214285713,0.2619208011827243,3.446132268436473e-16,1.9595416818737408,1.0524274992883642,0.3516434399308392,0.059061742764931,0.0,0.0,0.0,0.0,0.0,0.0,0.0,0.0,2666.25870038578,0.0,0.0,0.0,0.0,0.0,0.0,0.0,0.0,0.0,3420.514354385942,4230.838578764661,7381.5952734488865,1278.6912571540115,0.0,1551.3201455502622,475.9276490504445,0.0,6932.426945228278,945.8818040517835,0.0,0.0,0.0,0.0,0.0,727.1302239883122,0.0,0.0
215,0.2012103540438536,1.0796455291986706,0.3455517517554818,0.0010335167601332,1.692780596417264,0.939950518110304,0.227751030764116,0.0793207410710941,578.7119060026821,271.675602248487,608.1545591617506,0.0,0.0,177.46149431277317,418.2308812595974,0.0,3303.327553447353,0.0,0.0,349.68887151800664,677.7924304643584,0.0,460.8515491352775,1229.2697892564568,435.1794509411544,0.0,2475.641418281892,2319.180626756501,7161.881752237451,949.5425427781082,0.0,747.1776763400787,119.22852552387609,0.0,6893.161999997907,823.9438293387664,0.0,0.0,0.0,0.0,0.0,628.9723511945472,0.0,0.0
216,0.2255667819887449,1.2273399531444855,0.418584054515425,0.0138166490631232,1.4393687301023663,0.9077666998031104,0.1533514136839081,0.1482765151096324,1816.2038212944724,1415.3716596089157,2229.7482771787195,0.0,0.0,895.4366855433841,1960.6964185522909,0.0,3413.6582037805874,0.0,0.0,1534.5920635596112,2816.6009804372634,0.0,1611.775386272499,5179.915021759926,1986.2325031883051,0.0,1720.9056521447462,4.45627897835391,5864.601094504849,1.8620616954179572,0.0,1.4201166727712913,0.2077141606439332,0.0,5667.726759688921,1.6293039834907093,0.0,0.0,0.0,0.0,0.0,1.2433386637126274,0.0,0.0
217,0.2496480588018882,1.433624962222766,0.4728696617604475,0.0323703643455152,1.1676499518894787,0.887685764653267,0.320386192775657,0.2361992976478384,2583.9403089618445,2129.668433918469,2276.652762503805,0.0,0.0,998.2397557766992,1987.311733302529,0.0,3262.979979003916,0.0,0.0,1259.021721245898,2557.0083258208665,0.0,9.614597258074005,4408.353848886487,1688.5717093809662,0.0,1002.068541465958,0.0,4570.319273570321,0.0,0.0,0.0,0.0,0.0,4438.166253429255,0.0,0.0,0.0,0.0,0.0,0.0,0.0,0.0,0.0
218,0.2849224071314661,1.7094146540958677,0.5165173121860465,0.04969883427907,0.961726757117218,0.8937210412966368,0.5742932932823885,0.3183158586976726,3265.891432622207,2762.049240423643,2358.0553011636766,0.0,0.0,1062.3548027314262,1956.6800549032264,0.0,3159.680514558163,0.0,0.0,963.1313277160444,2245.694330529167,0.0,0.0,3601.077386772065,1350.0018813379586,0.0,404.7578426130197,0.0,3448.7723378498945,0.0,0.0,0.0,0.0,0.0,3382.6596239237524,0.0,0.0,0.0,0.0,0.0,0.0,0.0,0.0,0.0
219,0.3204397678701099,1.9449817283701591,0.556428850748044,0.0679024794617943,0.8097427500765079,0.976404295836465,0.8369127599858497,0.4010796043712344,4304.302219736652,3724.985021930848,2482.070948798057,0.0,0.0,1159.9811314794129,1910.0516280743611,0.0,3002.3904636894167,0.0,0.0,512.5536329750182,1771.7075080185366,0.0,0.0,2371.819904932658,834.4737747446463,0.0,0.0,0.0,2270.517276464704,0.0,0.0,0.0,0.0,0.0,2360.9178653750514,0.0,0.0,0.0,0.0,0.0,0.0,0.0,0.0,0.0
220,0.3442331911834307,2.00864704437209,0.5561462288914967,0.086981299893688,0.663238078969382,1.099472987122929,1.1033056369435177,0.4799142980221949,4157.558308815305,3587.5171214224874,2109.976895692971,0.0,0.0,1020.1666958090492,1538.902430661441,0.0,2339.1399523552614,0.0,0.0,54.01109067966873,1178.170335195721,0.0,0.0,1272.0389040012424,120.0013408775676,0.0,0.0,0.0,1709.878308653549,0.0,0.0,0.0,0.0,0.0,1965.5975561768275,0.0,0.0,0.0,0.0,0.0,0.0,0.0,0.0,0.0
221,0.3491171983584124,2.029271527255812,0.5184744099667777,0.102420352265781,0.5479761052976234,1.1897075082376445,1.3422646659902262,0.5869889831620085,4460.903738435641,3455.4740262346104,1970.3161841814235,8.460550853486934,0.0,1069.787340379917,1347.2149393272634,0.0,1725.2405287103995,0.0,0.0,0.0,816.8445061805148,0.0,0.0,879.8235018228902,0.0,0.0,0.0,0.0,2339.7879484369173,0.0,0.0,0.0,0.0,0.0,2702.4371506565008,0.0,0.0,0.0,0.0,0.0,0.0,0.0,0.0,0.0
222,0.3474891036405468,2.049831621349323,0.4770433876574019,0.1363002001302976,0.4445606392580711,1.2705319437783065,1.5695352437040735,0.7736326403380592,5107.473900579021,3564.040287809675,1957.5134734255048,93.30813888161474,0.0,1200.5722747193458,1243.515640251359,0.0,1187.1219874277156,0.0,0.0,0.0,494.6867559561126,0.0,0.0,532.8011064078162,0.0,0.0,0.0,0.0,3994.051112191652,19.61090321763919,0.0,0.0,0.0,0.0,4668.220316633403,49.09883068357841,0.0,0.0,0.0,0.0,4.031925357397838,20.61292017036528,0.0,0.0
223,0.3371133564254994,2.0069128880155445,0.4250685117058856,0.215735435162791,0.3631489517123932,1.442121025645841,1.697179737970534,1.0675432992558131,5528.422198591135,3517.8512873619293,1676.691860434302,71.04958608036269,0.0,1257.799209384717,1125.30893905813,0.0,361.84500579185766,0.0,0.0,0.0,182.6962032852175,0.0,0.0,196.7352782656788,0.0,0.0,0.0,12.310935262627948,5982.783779244724,510.91558094087736,0.0,0.0,0.0,0.0,7167.115752737746,1251.9238770348325,0.0,0.0,0.0,0.0,110.7295231102023,555.676170597865,0.0,0.0
224,0.3108312989523804,1.7914771454950165,0.3352901400598002,0.3070436014883721,0.2990100799645507,1.6876803236987872,1.8091418505138364,1.4068023495370994,5047.461962256003,3087.3239038209363,1359.455620847505,0.0,0.0,981.3748420620268,943.6334603502748,0.0,31.889457298319144,0.0,0.0,0.0,57.36065673533103,0.0,0.0,61.76059451446619,0.0,0.0,301.54143260965435,562.8936316501378,6495.705592109894,794.0055548474348,0.0,32.41219927539724,0.0,0.0,7255.287280023419,1671.25567398634,0.0,0.0,0.0,0.0,205.01596265260724,1123.201897396393,0.0,0.0
225,0.3030447079711219,1.5804704287260427,0.2412803988216195,0.3955824598811649,0.310162631034744,1.9245428296491245,2.017387233462301,1.73017812861283,4142.526648511641,2379.242290854149,1081.2702038666396,0.0,0.0,476.34190369849136,632.1578556164309,0.0,0.0,0.0,0.0,0.0,0.0,0.0,0.0,0.0,0.0,0.0,851.7865989886557,1358.4810448960015,4617.209373642927,469.0619209367075,0.0,91.79826623533788,101.70882222414606,0.0,4591.086092978404,782.3967376991627,0.0,0.0,18.282442349104123,0.0,121.60211721367354,981.9547389949952,41.35535267003912,0.0
226,0.310639046947318,1.4797260327252029,0.169943383196013,0.4623211067441858,0.4252818074693757,2.143690262525872,2.2338410402278104,1.972996199598482,3526.974389281765,1655.3620785351147,828.3901284044498,0.0,0.0,137.0844143950049,300.3927703324092,0.0,0.0,0.0,0.0,0.0,0.0,0.0,0.0,0.0,0.0,0.0,707.5788044706815,976.8786168481532,3541.8431697662413,376.285274290782,0.0,82.49816238328633,449.1235960136164,0.0,3650.593060332441,703.3835282488894,0.0,0.0,218.17539575778807,0.0,392.02762229471256,1202.3160024817726,302.0947021226964,0.0
227,0.3202563060854288,1.3260088203018487,0.1212382184822018,0.5287806649157573,0.6403811887951943,2.4587548966537787,2.3540676541808248,2.1870452676635,3568.8619240819144,1183.1595081382834,612.2339041523757,0.0,0.0,0.0,43.40184448143732,0.0,0.0,0.0,0.0,0.0,0.0,0.0,0.0,0.0,0.0,0.0,988.9683314417092,1101.1656678202285,4438.622330564985,502.6905618208356,0.0,126.11411455792611,595.423893037033,0.0,4818.01354325002,1076.2970034606856,0.0,9.068534478711184,579.3592605434593,0.0,1055.1175596584612,2354.1809969609017,652.6824838107402,0.0
228,0.3168477446464718,1.0691215622380277,0.0740501222591359,0.5666819133195241,0.9504310823005546,2.816455481897993,2.463997023928081,2.254963359824893,3857.0,1191.0,550.0,0.0,0.0,0.0,14.0,0.0,0.0,0.0,0.0,0.0,0.0,0.0,0.0,0.0,0.0,0.0,1230.2889634713383,1207.7469508735828,5207.53945236132,611.0919535298704,0.0,163.51891703404232,720.8193152594562,0.0,5819.029491276017,1396.0907141272023,0.0,594.0000877325676,889.1187092566317,0.0,1623.6834610053493,3341.9170656122337,953.245873424786,0.0
229,0.3087376954149993,0.8356043766276952,0.0355827898443483,0.5506586193887059,1.3362391967899792,3.073484577782715,2.5773504235606084,2.196961694551493,3890.3427309243593,1206.9248864116346,475.581780807169,0.0,0.0,0.0,13.04297557622388,0.0,0.0,0.0,0.0,0.0,0.0,0.0,0.0,0.0,0.0,0.0,1641.550626596895,1425.2664613683207,5623.190457658699,457.768555577753,0.0,375.6695164344588,1046.8953509234195,0.0,6371.041584279646,1348.6381338469987,0.0,898.2204343585825,1410.4289854395493,0.0,2033.9038853336945,4253.156614980295,1321.0790914867353,0.0
230,0.2919401042430355,0.6708418030764135,0.0224287853621258,0.5333301494551514,1.8466306738573872,3.3417159322609318,2.711182340960128,2.1333475896509086,3932.1627487443207,1241.2031075397963,342.2232826193406,0.0,0.0,0.0,10.506622996455103,0.0,0.0,0.0,0.0,0.0,0.0,0.0,0.0,0.0,0.0,0.0,1980.438097609322,1489.5463606919689,5222.23151223153,80.98666366626368,0.0,675.4570367620737,1472.2148709120763,0.0,5905.439576002919,893.5062130654055,0.0,1200.2522266098936,1899.426987261426,0.0,1946.456540635929,4355.62864722435,1516.371495168194,0.0
231,0.2581960553222577,0.5087313413222568,0.0124727917275744,0.516987065075085,2.5384077802476965,3.653919084840404,2.8468546603821867,2.0316580663239905,4032.247220369135,1071.0399316654398,279.9071117032276,0.0,0.0,3.30142530953692,7.995373847177575,0.0,0.0,0.0,0.0,0.0,0.0,0.0,0.0,0.0,0.0,0.0,2004.247429994987,1061.6633569472183,5238.147741299809,177.8159212731688,0.0,721.105585845783,1585.6235848113456,0.0,6116.962344414406,1213.4200677510107,0.0,1408.1243532698877,1954.813756920348,0.0,2119.94690064228,4339.023903234803,1502.1751274638448,0.0
232,0.2245040633436497,0.3628781249516226,0.0036983072807711,0.4858125582711305,3.351920943147546,3.9095578609075488,2.9588637419985355,1.8546688566864955,4103.219181438393,1002.7486827947484,270.139035245028,0.0,0.0,5.748660062538834,7.6561500729956515,0.0,0.0,0.0,0.0,0.0,0.0,0.0,0.0,0.0,0.0,0.0,1985.7358512202145,1026.7278456937618,5244.445704243851,205.0152105002601,0.0,717.4061648489319,1538.6631313871194,0.0,6159.100495057008,1274.2962163500154,0.0,1408.072742565305,1875.932395798077,0.0,2138.479662502463,4300.596015422541,1469.30482377486,0.0
233,0.1974826813227898,0.2418643708720257,0.0001067507880395,0.4093242002790713,4.199877193565171,4.032110735698609,3.126695063987236,1.563735953302327,4822.413077101959,772.1400780917237,291.55147851774694,0.0,0.0,37.09151696881296,3.4053330368636443,0.0,0.0,0.0,0.0,0.0,0.0,0.0,0.0,0.0,0.0,0.0,1708.5255279820776,530.2869631275194,5478.509213185953,587.3388396037742,0.0,537.081988188373,1197.5474479839772,0.0,6658.934266690306,1794.4186711425866,0.0,1225.3126708011002,1392.0789744300928,0.0,2371.816559175443,4013.090309214484,1355.8734283778947,0.0
234,0.1829166702616429,0.1894480536079725,-2.7711166694643907e-16,0.3214294233488383,5.225078049799775,4.091311698388521,3.304427687336544,1.2257627998457965,4582.996593621428,723.7998506289551,279.45900320337574,0.0,0.0,27.5679431284168,8.904986144088374,0.0,0.0,0.0,0.0,0.0,0.0,0.0,0.0,0.0,0.0,0.0,1746.8565233923302,326.7587116830667,5401.161147195269,623.418370858369,0.0,604.923049724077,1447.4795871697818,0.0,6733.675784875418,1940.1446265707284,0.0,1342.1353536888455,1732.4279512860408,0.0,2664.0579243642164,4398.323109839784,1578.217647835104,0.0
235,0.1560019444385375,0.1455756213289028,-2.771116669464391e-16,0.2378013831627913,6.19739673677341,4.111942152624591,3.3307044302830504,0.902661106006642,4108.8525095808645,727.1156714526832,259.43056454109217,0.0,0.0,19.13818664650892,159.91715372199755,0.0,0.0,0.0,0.0,0.0,0.0,0.0,0.0,0.0,0.0,0.0,2056.4766290920543,457.3691209417832,4915.515609236855,300.7712233663873,0.0,853.0244041582582,2081.158604479528,0.0,6357.911567674558,1649.8125325136275,0.0,1702.663044887566,2573.9799503551067,0.0,2900.224014293512,5280.523752270256,2032.9592568460885,0.0
236,0.1204635339439957,0.0972264102458453,-2.771116669464391e-16,0.1456398694883723,7.155934244803023,4.004952846234463,3.2383117226008498,0.5427386412985254,2948.744752259746,510.926069514345,200.333616359363,0.0,0.0,14.22793914479998,429.9460834885583,0.0,0.0,0.0,0.0,0.0,0.0,0.0,0.0,0.0,0.0,0.0,2163.9369244565755,547.172890158119,4633.820602335139,170.92227558993747,0.0,919.3600719531594,2300.5958217509465,0.0,6028.32145448992,1367.8561249366894,0.0,1808.9626443166635,2921.921725681036,0.0,2857.480179081177,5667.88045311273,2269.4453960564592,0.0
237,0.0933006668125851,0.0461911318803973,-2.771116669464391e-16,0.0484431929935511,7.934609384489338,3.731629474166117,2.967170875230015,0.2042028743873343,2895.0625069367247,635.4976868417506,209.8433643367172,0.0,0.0,10.248435893554094,646.7130621801695,0.0,0.0,0.0,0.0,0.0,0.0,0.0,0.0,0.0,0.0,0.0,2223.211344861226,686.0614804955225,4154.5202832717005,320.2719263536615,0.0,838.3209694089495,2477.269873327595,0.0,5386.090272260213,605.3184184282154,0.0,1707.2315255068474,3361.0446067248195,0.0,2349.893643189978,5919.378812840684,2655.1812121912976,0.0
238,0.0888416650689361,0.0064792140946829,-2.771116669464391e-16,0.0006657509601333,8.325517829205138,3.469607152654492,2.642143712421925,0.0724264662483372,3579.126794496217,974.5303899366722,279.7135188822441,0.0,0.0,10.447382897099091,867.7496453874769,0.0,0.0,0.0,0.0,0.0,28.842615916993694,0.0,0.0,0.0,0.0,0.0,2022.2072413536916,605.3911808497211,4528.549035937218,543.8796189469901,0.0,592.7710900568247,2059.953897642705,0.0,5745.929899071882,809.7782226137605,0.0,1233.5770205878116,2889.2914138389165,0.0,1846.161905181884,5156.415490890076,2297.369966976194,0.0
239,0.0929395918333547,-1.4175327578413986e-15,-2.771116669464391e-16,4.973799150320713e-16,8.56082335327175,3.2595283643226662,2.28979952718458,0.0505031718139516,4427.849925724961,1806.069095232468,547.4473008139075,0.0,0.0,464.19294956890815,1140.2791698494636,0.0,9.3,0.0,0.0,0.0,355.47916126534096,0.0,0.0,24.5,0.0,0.0,1539.0060282969291,320.82538511632816,5710.965693631809,796.0250863063883,0.0,216.86767602605912,1095.237360294284,0.0,7065.944226586642,1906.7485293089703,0.0,451.2952634953521,1568.0229359509797,0.0,1328.2458341861302,3416.277022209594,1237.8230316486092,0.0
240,0.1262647991457798,-1.4175327578413986e-15,-2.771116669464391e-16,4.973799150320713e-16,8.678202318959189,2.997169819013428,1.9055691918179365,0.0318484716039848,4378.605101839028,2099.132796057804,930.7968971451944,0.0,0.0,1168.903211402428,1453.9600663666995,0.0,484.5666324777753,0.0,0.0,39.46616216216216,773.157498042217,0.0,0.0,738.4602834106043,29.247567567567568,0.0,0.0,0.0,5679.913694909236,357.3128471883184,0.0,0.0,0.0,0.0,7050.813844037104,891.1425200834406,0.0,0.0,0.0,0.0,0.0,2.674497359193999,0.0,0.0
241,0.1775250778604644,-1.4175327578413986e-15,-2.771116669464391e-16,8.392322228983596e-05,8.631541658084851,2.702600250784662,1.5418283418211984,0.0157959865913604,3718.1114402595417,2033.681848884467,1395.0046790793904,0.0,0.0,1329.947844697548,1680.9131323854228,0.0,1315.1439817150567,0.0,0.0,1093.0,1286.8727858169989,0.0,0.0,1785.2315632195932,810.0,0.0,0.0,0.0,4344.773550031119,0.0,0.0,0.0,0.0,0.0,4986.212306680602,0.0,0.0,0.0,0.0,0.0,0.0,0.0,0.0,0.0
242,0.2350148251694347,0.0053771965409831,3.4370518876195256e-05,0.0032733613554822,8.283184269827586,2.434109184208764,1.160497416564659,0.002576800482511,2756.6251274612305,2252.1354193542966,1994.0947522856427,0.0,0.0,1364.8933108900587,1863.355037373437,0.0,2348.389143293009,0.0,0.0,1232.4381637524657,1822.1103205383552,0.0,207.28920174866747,3187.6835037636424,1041.909050219659,0.0,0.0,0.0,3397.4030206612706,0.0,0.0,0.0,0.0,0.0,3645.543465891606,0.0,0.0,0.0,0.0,0.0,0.0,0.0,0.0,0.0
243,0.287913062555328,0.0394507459550203,0.0023381197797083,0.0080767349701001,7.788004897788635,2.2250383303225187,0.810324842407357,0.0019142656744168,3444.7085698906208,3430.49607325178,1974.8577523608496,0.0,0.0,1592.1571367159306,2099.56540842923,0.0,2433.7247748117684,0.0,0.0,1167.4311371612794,1884.8048898446143,0.0,124.63079875115724,3168.615083760354,1030.0318872589146,0.0,0.0,0.0,2578.7906382586766,0.0,0.0,0.0,0.0,0.0,2897.560024617033,0.0,0.0,0.0,0.0,0.0,0.0,0.0,0.0,0.0
244,0.3191205596271251,0.0849583065647825,0.006768296491694,0.0127005432159473,7.156336349159256,2.0193218324604305,0.5447347388149277,0.0042898001860447,3784.964068501492,3807.425603635864,1931.1471325549453,0.0,0.0,1671.826349532119,2203.8673726006346,0.0,2314.9383376630058,0.0,0.0,1136.1147128562866,1917.147060748768,0.0,104.97624505588996,3090.126655267041,1038.0356786564105,0.0,0.0,0.0,1883.3514339882,0.0,0.0,0.0,0.0,0.0,2224.511119045499,0.0,0.0,0.0,0.0,0.0,0.0,0.0,0.0,0.0
245,0.3454041401242118,0.1328973178604634,0.0110926918405312,0.0171896774352164,6.450737961118158,1.806777478212492,0.3551291631383793,0.0065961443720912,2549.165088639594,2565.0631538400185,1295.5559043562198,0.0,0.0,1124.3131992397523,1482.123509014059,0.0,1551.4721490651766,0.0,0.0,762.0559884100184,1287.9476707741824,0.0,70.009364220901,2072.915918441044,697.1443184474798,0.0,0.0,0.0,1778.4100746104568,0.0,0.0,0.0,0.0,0.0,2090.635688691856,0.0,0.0,0.0,0.0,0.0,0.0,0.0,0.0,0.0
246,0.3569701872558138,0.1770012082524899,0.0150711355614615,0.0213196809169439,5.698965066934076,1.6406023823299096,0.2311068360491359,0.008717981023254,1220.2320149657396,1227.8275915009517,620.1598244226051,0.0,0.0,538.1804294438069,709.4628822157764,0.0,742.6858816956848,80.02432123840164,0.0,364.7662665508552,616.5048300106757,0.0,33.508587191261654,992.2677367813702,333.70735422080423,0.0,0.0,0.0,1701.5242409877983,0.0,0.0,0.0,0.0,0.0,1986.3315764459685,0.0,0.0,0.0,0.0,0.0,0.0,0.0,0.0,0.0
247,0.3571997773476505,0.224856908747981,0.0193522869568103,0.0256061274902709,4.883657029178201,1.5059464695021385,0.2054067345427121,0.01100126176744,213.1443221017805,182.3817626350788,167.11479529345692,27.3438098949124,0.0,105.81372703171732,146.55204544943825,0.0,239.2315712622008,354.0768771954263,0.0,93.46586872653408,139.845034115277,0.0,48.30072051700755,298.52884517686846,89.9094237175087,0.0,0.0,0.0,1689.2945298890622,0.0,0.0,0.0,0.0,0.0,1913.2945298890625,0.0,0.0,0.0,0.0,0.0,0.0,8.298636578955412,0.0,0.0
248,0.3378489465647841,0.2715565121949947,0.0238620387500167,0.0270245880000004,4.217482091288881,1.363654459480376,0.2494763932901187,0.0133240798405297,428.659987509959,102.00356804550589,820.6591309919772,6.774948872003188,0.0,310.036686556007,481.1399892008257,0.0,1384.0788019989143,213.1754741420029,0.0,433.4030823110671,546.1842931851122,0.0,446.9386394568704,1632.5566132996184,441.71539298698633,0.0,0.0,0.0,1975.8657199513316,0.0,0.0,0.0,0.0,0.0,2217.0384487162146,0.0,0.0,0.0,0.0,0.0,0.0,324.05231369962684,0.0,0.0
249,0.314373253756498,0.2889565817353907,0.0260014627093997,0.027204347179207,3.684992126059,1.198852695914016,0.3091454756646449,0.0138841919999982,735.7763203039324,145.8982387096974,1462.0356138541192,0.0,0.0,542.8863294535613,846.3601162084324,0.0,2475.208065031219,55.492286418726295,0.0,771.0212742218687,966.732783983912,0.0,805.6328174669947,2915.999104789976,786.9310201837088,0.0,14.51914886236919,14.075841139555704,1609.617377762148,0.0,0.0,0.0,0.0,0.0,1824.7876546124107,0.0,0.0,6.285118381222355,6.583940624007742,0.0,16.159387436779102,396.9973677397544,5.428056783782942,0.0
250,0.2705514706046505,0.2951881686777402,0.0260328599999997,0.0423106069268429,3.150290593571887,1.0733584300912642,0.3683414558882615,0.017365880786221,809.9997403051543,154.86669426460077,1619.9994806103086,0.0,0.0,599.7564705156357,935.7702677685272,0.0,2744.425539573894,0.0,0.0,854.1132835199194,1069.9880694645144,0.0,894.4724826313002,3232.4902730138488,871.9464180109946,0.0,54.308377344324505,52.65020004216827,1453.8414704384984,0.0,0.0,0.0,0.0,0.0,1655.2612589286173,0.0,0.0,23.509269306126235,24.62700363572784,0.0,60.4436333623026,400.9140260929039,20.30345985529084,0.0
251,0.2191663051827235,0.2973516018936873,0.0260328599999997,0.1132480738361024,2.647022904050928,0.9759529108394264,0.449433310345513,0.0349258760730879,383.3532999339288,73.29466337091338,766.7065998678576,0.0,0.0,283.8502417819009,442.8774507927311,0.0,1298.8702769487925,0.0,0.0,404.2311737426132,506.3994923808561,0.0,423.3322072271542,1529.8595190874285,412.6711652822941,0.0,515.6550225827543,510.8407685161471,2141.007389525295,400.7592592592592,0.0,184.7962962962963,184.7962962962963,0.0,2518.7122024517616,811.9074074074074,0.0,233.7161132187988,242.61409559030412,0.0,582.7264838483253,1077.4836159051547,202.6214773256537,0.0
252,0.1634769706843847,0.2938887816850495,0.0259992532704316,0.1841327539534889,2.2552249457700846,0.8728209110591375,0.5662117076677721,0.0529621740199317,0.0,0.0,0.0,0.0,0.0,0.0,0.0,0.0,0.0,0.0,0.0,0.0,0.0,0.0,0.0,0.0,0.0,0.0,993.093949775516,1011.9723186705596,3115.0417466547883,1273.0,0.0,587.0,587.0,0.0,3726.139070485398,2579.0,0.0,477.1323595981336,489.8819161866792,0.0,1144.9563145778022,1937.4913750430003,415.5688835769288,0.0
253,0.1169013752625936,0.2746982337449311,0.0239022316723843,0.2504104963056484,1.9453146481122616,0.7461091354619315,0.6474586753518178,0.0684984223255796,0.0,0.0,0.0,0.0,0.0,0.0,0.0,0.0,0.0,0.0,0.0,0.0,0.0,0.0,0.0,0.0,0.0,0.0,1739.7559781833854,2096.2572105991107,5663.673349197919,911.8338591986264,0.0,769.0572179141618,778.2706398733804,0.0,6822.160605548259,1965.7546343944025,0.0,1073.631099950112,1134.4770836349735,0.0,1779.2051567919093,4098.965613958341,1001.4157827388336,0.0
254,0.0997065997009963,0.292626067395348,0.0194807832757472,0.3230339799468444,1.656347982026561,0.633281081306759,0.7112952936500524,0.0849999031295664,0.0,0.0,0.0,0.0,0.0,0.0,0.0,0.0,0.0,0.0,0.0,0.0,0.0,0.0,0.0,0.0,0.0,0.0,2594.700595388775,3560.6067079873505,5255.205802477455,218.99381665688944,0.0,1302.7375509056828,1277.7375509056828,0.0,6100.473530931332,619.5754096429713,0.0,1343.5960047264778,1642.7941975225444,0.0,1273.3854452441904,4173.800903220381,1322.8731508288472,0.0
255,0.1047744004867491,0.3179937942059793,0.0152861197873751,0.3913345815381293,1.39898367389259,0.5606525412748244,0.7607590465542734,0.1005401326245831,0.0,0.0,0.0,0.0,0.0,0.0,0.0,0.0,0.0,0.0,0.0,0.0,0.0,0.0,0.0,0.0,0.0,0.0,3076.870601200249,4507.241944143531,5177.382129289267,91.06080302952172,0.0,1510.8901130521267,1485.8901130521267,0.0,5775.392513691734,292.1189011307788,0.0,1326.8658464533917,1720.6178707107329,0.0,906.2759954451336,3912.2092762267744,1220.705436489673,0.0
256,0.1401717745315609,0.3439718785315606,0.011091456299003,0.4475010606777413,1.2604830389833737,0.5230815460287969,0.7998337877164977,0.1137298130033207,0.0,0.0,0.0,0.0,0.0,0.0,0.0,0.0,0.0,0.0,0.0,0.0,0.0,0.0,0.0,0.0,0.0,0.0,3617.5068698103223,5441.598869699869,5051.659409648134,0.5128641202123179,0.0,1753.7363943763037,1699.4891554949595,0.0,5363.382876222777,47.08016361782148,0.0,1314.7289000463522,1783.091193384542,0.0,573.0827491278116,3623.068380488408,1096.6425127950563,0.0
257,0.1845738064662714,0.3719287631934121,0.0067670609501658,0.4528983835770624,1.2034033024497914,0.5036672684451866,0.8026464366595387,0.121529744889497,0.0,0.0,0.0,0.0,0.0,0.0,0.0,0.0,0.0,0.0,0.0,0.0,0.0,0.0,0.0,0.0,0.0,0.0,4609.114854522094,6757.497655995919,4700.745422143143,0.0,0.0,2228.828625791506,2029.472301721402,0.0,4459.326786295042,0.0,0.0,1312.9615796493365,1820.0660520493927,0.0,207.43371151174856,3105.9900611071107,839.3429182759777,0.0
258,0.253739450049439,0.4051475533595352,0.002281982378512,0.4514841720000004,1.1362285326682664,0.4924594059850253,0.7315087000522541,0.1418568926254838,0.0,0.0,66.10690349005701,0.0,0.0,0.0,0.0,0.0,17.585719957549145,0.0,0.0,0.0,0.0,0.0,0.0,0.0,0.0,0.0,4900.106407134053,6520.134269523901,3995.386151801348,0.0,0.0,2052.463614328701,1999.140633444508,0.0,3483.9589205578254,0.0,0.0,966.1437554504992,1659.5193015368295,0.0,3.183504016138312,2487.2887398604407,586.097537456858,0.0
259,0.337639747355017,0.4537630852485512,1.0344068608235397e-05,0.4513460978397594,1.0519898810733057,0.5086435220953445,0.6555445634152811,0.1687733253687689,0.0,0.0,1020.605161683282,0.0,0.0,0.0,0.0,0.0,669.3533556545517,0.0,0.0,0.0,0.0,0.0,0.0,0.0,0.0,0.0,4270.649898897338,5014.636463364241,3627.880693125604,0.0,0.0,1404.4724788162462,1718.253220274475,0.0,3212.903703119692,0.0,0.0,613.1795212392968,1487.4637777903538,0.0,0.0,2183.2422685358592,544.4863756354833,0.0
260,0.410123563967287,0.4625695614732942,-2.788880237858393e-16,0.4378880037385641,1.030858091247875,0.5096303245062649,0.5916864549031414,0.1913696216496277,0.0,0.0,1750.5839016008383,0.1756279316685963,0.0,0.0,0.0,0.0,1752.3580207312866,6.76167536924096,0.0,0.0,0.0,0.0,0.0,0.0,0.0,0.0,3213.636112067785,3189.7053638233765,3172.385074430767,0.0,0.0,475.6265357232068,1191.351217758932,0.0,2917.5814657465908,0.0,0.0,120.40623859738368,990.2410214502434,0.0,0.0,1523.7794015877903,251.7145765421046,0.0
261,0.5092873738634724,0.4714043962126232,-2.788880237858393e-16,0.3672408321328906,1.0627463364698633,0.5409841893499695,0.5085718942995012,0.20724073747458,1359.6190315779666,1160.9974857524742,2322.5051590332787,9.988113316853124,0.0,170.22898441779768,249.71235967366397,0.0,2623.1845336148035,58.466917274765805,0.0,0.0,271.70004371177185,0.0,0.0,810.1039653784804,144.54090049813203,0.0,2909.976539965123,2770.22343391974,3032.3941523977883,0.0,0.0,246.04720058288888,1007.5115512340752,0.0,2823.5153942740867,0.0,0.0,0.0,771.8803251448514,0.0,0.0,1276.629939581209,59.905660377358494,0.0
262,0.612177055774085,0.4808847607537116,-2.788880237858393e-16,0.2877436191229237,1.246261630487289,0.6198171938840389,0.3998303613416885,0.2316685435516813,2674.532486114312,2105.991476205191,2763.044912345401,57.76197669573033,0.0,368.3416506707137,585.7049870502861,0.0,3086.6945534319625,55.79038375851553,0.0,0.0,600.9972717042741,0.0,0.0,1568.5576225743678,354.8802162819864,0.0,2700.5040868841947,2369.7349460774976,2887.4291975734554,0.0,0.0,184.05477569517996,829.4807026659064,0.0,2713.3321819875614,0.0,0.0,0.0,522.212003520877,0.0,0.0,1082.2166606736168,0.0,0.0
263,0.7083003114520376,0.4760567445915011,5.2050472891500296e-05,0.2127462483588041,1.549646678934033,0.7043416363955644,0.3344171554870972,0.2469397637630573,2768.4811036023734,1821.5939147321535,3114.675689399922,116.13168116368648,0.0,424.4473828860757,766.2831604125753,0.0,3336.082966766556,33.72694392933218,0.0,0.0,732.8177670395007,0.0,27.236991978584246,1594.9198118280417,445.5154737232569,0.0,2633.0632880023268,2053.6746592871614,2722.6460380054345,0.0,0.0,205.89897476590448,673.9000121757398,0.0,2541.228877011077,0.0,0.0,0.0,214.95246491673464,0.0,0.0,795.30888586766,0.0,0.0
264,0.7879910568829218,0.4234653849169419,0.0015790220730894,0.1399987987176082,1.958587959131147,0.8021655187726263,0.2977078991226548,0.2486795026245824,2698.350993415584,1452.2735525875603,3345.9190730748737,120.51181792542933,0.0,436.1465096227771,957.5047506586614,0.0,3521.5815778594115,37.49146348748693,0.0,0.0,869.8565775478643,0.0,157.57231804619445,1666.7934116146123,523.1962796980015,0.0,3083.743792860608,2396.8796870589176,2667.831480774095,0.0,0.0,379.1038740655157,709.7829928857993,0.0,2311.8923098794385,0.0,0.0,0.0,12.823748179897557,0.0,0.0,525.0170726503034,0.0,0.0
265,0.8477496702849152,0.3597114420597993,0.0038029968239199,0.0651847823162792,2.503680216826828,0.917976137465782,0.2724080776744157,0.2460024959800643,2789.497713325705,1575.0910121666634,3051.204780961963,0.0,0.0,491.2631306075251,1169.5555203899478,0.0,3310.118944863204,0.0,0.0,0.0,1094.8011639824408,0.0,117.61867770073886,1836.9060894495603,695.1546040213444,0.0,3202.4230648977664,2562.8311261595586,2636.790439556164,0.0,0.0,382.9153072716072,685.9169052559463,0.0,2230.398024011909,0.0,0.0,0.0,0.0,0.0,0.0,414.9385222159296,0.0,0.0
266,0.883273850351231,0.2990992227072536,0.0058712933421924,0.0068828474736928,3.0191371926369324,1.0644644638572218,0.2556358408746012,0.2458070026612047,3140.815782560961,2141.3234460586027,2735.1343478102453,0.0,0.0,681.9092765499174,1297.122500832695,0.0,2974.6807252718554,0.0,0.0,0.0,1155.1036642328,0.0,54.642801918503885,1855.4941216202487,708.4766251807666,0.0,3250.2506443109914,2696.0582304945387,2571.48759134255,0.0,0.0,359.7675252428358,629.8041296521704,0.0,2202.333593583491,0.0,0.0,0.0,0.0,0.0,0.0,384.5229147071863,0.0,0.0
267,0.8819921828514469,0.2362927869568091,0.0077616718803983,4.813927034774693e-16,3.49266283805979,1.1936911675358357,0.2595266158775483,0.2486941918405293,3651.0264589198127,2914.9215080253225,2549.7760970356,0.0,0.0,835.1381450381474,1349.8950651176897,0.0,2701.631264989056,0.0,0.0,0.0,1066.453785538765,0.0,0.0,1630.4996945162309,584.263189161096,0.0,3146.795852755929,2817.927182151518,2496.3253496067177,0.0,0.0,275.9792637796438,465.28387716600514,0.0,2234.626265879118,0.0,0.0,0.0,0.0,0.0,0.0,379.5225847773368,0.0,0.0
268,0.8456028072252902,0.1558543873174815,0.0101190851162787,4.813927034774693e-16,3.984419172997291,1.298024497840742,0.316538918316027,0.2289088304177719,4137.357985641409,3652.3262927777664,2373.1326177562423,0.0,0.0,981.1600241013804,1400.161968223966,0.0,2441.3738914851606,0.0,0.0,0.0,982.0185032179436,0.0,0.0,1416.051513122081,465.8911029829667,0.0,3145.0,2873.0,2464.0,0.0,0.0,267.0,415.0,0.0,2246.0,0.0,0.0,0.0,0.0,0.0,0.0,346.0,0.0,0.0
269,0.7827299980058298,0.0809445784674201,0.012606759730422,4.813927034774693e-16,4.443363608570603,1.4239646539217603,0.3727869006866874,0.1984139666312271,4999.770353457804,5570.627919874891,2077.6968705799154,0.0,0.0,1530.6886650517304,1589.1564044847305,0.0,2030.970354586832,0.0,0.0,210.877422171588,829.616748495949,0.0,0.0,1229.455803865325,300.41533753735104,0.0,3090.443142399072,3011.692130994812,2390.201947710623,0.0,0.0,234.29376749250812,374.91074361348575,0.0,2171.1012949213364,0.0,0.0,0.0,0.0,0.0,0.0,329.5542361605197,0.0,0.0
270,0.7063978053289016,0.0645628855922669,0.0133883279999996,4.813927034774693e-16,4.78918101647622,1.5672466284887974,0.4132189117250343,0.1703462371273915,5256.455454726548,5852.478171039209,2048.896036207694,0.0,0.0,1581.5387505711906,1691.4498488594138,0.0,1951.5406757443216,0.0,0.0,258.86009816150454,894.4460833392815,0.0,0.0,1254.4385522990167,337.74665897293386,0.0,3026.6292548232573,3077.410201242756,2335.234278293298,0.0,0.0,185.65863265800832,349.97069297138705,0.0,2142.061216558545,0.0,0.0,0.0,0.0,0.0,0.0,343.88025425702085,0.0,0.0
271,0.6115869016511613,0.0548213894551482,0.0133883279999996,4.813927034774693e-16,5.010935507843843,1.6945131734219308,0.4431401710930195,0.1522206153521574,5859.766888717963,6827.61382901132,1971.2107279211396,0.0,0.0,1668.1073895004606,1866.1901797862988,0.0,1735.2215982383962,0.0,0.0,260.3047604839153,994.4591926616072,0.0,0.0,1237.3522676458183,395.40388548745983,0.0,2888.601823082803,2997.4045872816537,2293.4885782464025,0.0,0.0,141.40258448040314,318.5077886169133,0.0,2109.689389539415,0.0,0.0,0.0,0.0,0.0,0.0,310.24195454099544,0.0,0.0
272,0.5162249006910301,0.0432348118313804,0.0133883279999996,4.813927034774693e-16,5.123683502310325,1.781441084718484,0.4555092692289055,0.1577361181199261,8104.696516770045,10845.877347215264,1644.9154279311756,0.0,0.0,2006.0411224151744,2294.5347807383177,0.0,968.3390405698608,0.0,0.0,44.761658304107584,1069.354016018924,0.0,0.0,845.4037443348642,363.74757829400863,0.0,2588.876311188862,2848.3275760201645,2244.490659445476,0.0,0.0,145.36181140745066,239.36723903728435,0.0,2063.6997635148737,0.0,0.0,0.0,0.0,0.0,0.0,288.4132808060592,0.0,0.0
273,0.4178786573810634,0.032640947940198,0.0133883279999996,4.813927034774693e-16,5.127069412384376,1.8673569194262485,0.4390349585232525,0.1844735574916926,8899.237324391142,11235.036174248004,1638.6838197764816,0.0,0.0,2067.7829273662514,2305.536987284322,0.0,862.6888247734687,0.0,0.0,0.0,903.1831461704836,0.0,0.0,592.9145828131633,182.8957793770512,0.0,2221.137144221926,2665.9127125804807,2185.15746569448,0.0,0.0,152.02096037796372,142.10132035993962,0.0,2007.661353438696,0.0,0.0,0.0,0.0,0.0,0.0,262.643163552176,0.0,0.0
274,0.3339250594506254,0.0236474411561447,0.012320820119601,4.813927034774693e-16,5.089883602482495,1.9287167258615976,0.4072227807325902,0.2221323506541299,8431.293132170918,9937.514646786023,1880.1293793877967,0.0,0.0,1890.7604090841744,1998.1854116448487,0.0,1077.9297510616143,0.0,0.0,0.0,654.0585189713025,0.0,0.0,454.651261091173,55.38228493707495,0.0,1918.3509002900937,2525.451937618719,2177.135251945377,0.0,0.0,185.6519194923492,135.52717704178832,0.0,2062.411837676418,0.0,0.0,33.30776012341668,19.011951574870583,0.0,0.0,548.4249505658381,21.664782027178106,0.0
275,0.2307048444717596,0.0123797142657793,0.0098966876411957,4.813927034774693e-16,4.912466192271773,1.9692103523187243,0.3581414806245812,0.2790503489302308,4773.805098874739,5042.0051358200335,3094.5277602203028,10.516789927550889,0.0,851.8008185044289,871.9947521284458,0.0,2007.731148226169,2.6212060001798565,0.0,0.0,165.7137032455459,0.0,0.0,147.08696915980624,0.0,0.0,1777.3343558513563,2570.930493042086,2393.37921992384,0.0,0.0,447.8470364583015,378.0971636350567,0.0,2482.965986108235,0.0,0.0,326.44783388472337,200.6679409521492,0.0,0.0,1677.2614968289213,217.98451129743356,0.0
276,0.140410754274523,0.0026263060895248,0.0076727128903651,4.813927034774693e-16,4.692705141153692,1.942948640939678,0.3056203443525052,0.3313147093261038,2211.663208932297,2120.364846462886,3960.5567433525375,137.5240361399049,0.0,211.14735467611703,241.64383037906225,0.0,2529.2854579003024,34.27650748775745,0.0,0.0,0.0,0.0,0.0,0.0,0.0,0.0,2075.6493251067973,2980.33096431826,2987.121870912006,0.0,0.0,837.2024078161743,706.9130409152159,0.0,3140.3726821513155,0.0,0.0,708.4049962559808,591.7779418167601,0.0,0.0,2539.05760394994,534.6461629353898,0.0
277,0.0992584642126243,0.0030282172440569,0.0059602523322256,4.813927034774693e-16,4.485179198036284,1.8828856018880695,0.2531160365673367,0.3706715824707365,125.57799513902094,104.90202220199023,1221.253649971807,41.73248525327059,0.0,0.0,0.0,0.0,404.1412123948715,10.401409698383556,0.0,0.0,0.0,0.0,0.0,0.0,0.0,0.0,2929.077127717745,4142.300913389295,4250.159013233286,0.0,0.0,1436.043918987201,1202.1532362232924,0.0,4353.470858425984,0.0,0.0,1086.3003700821337,1188.095007378324,0.0,356.539011676654,3180.930210656188,850.6852999693792,0.0
278,0.0608003318044606,0.0079420609435202,0.0036917980863784,4.813927034774693e-16,4.242783124072132,1.823540709843384,0.1833840157873729,0.4006589618433777,0.0,0.0,98.65922156802296,0.0,0.0,0.0,0.0,0.0,0.0,0.0,0.0,0.0,0.0,0.0,0.0,0.0,0.0,0.0,3088.205456427001,4405.796337497341,4446.616996856369,0.0,0.0,1510.1962297426192,1255.4772604682737,0.0,4535.68312113107,6.980173493062159,0.0,1076.1870030582368,1224.455305027637,0.0,402.3681313058946,3136.1221890129264,822.9347085773917,0.0
279,0.0878475281179965,0.020707420384006,0.0010168932826208,4.813927034774693e-16,3.951667121736732,1.7045501242188166,0.1180732622013949,0.4126189918893333,0.0,0.0,113.50662083427494,0.0,0.0,0.0,0.0,0.0,0.0,0.0,0.0,0.0,0.0,0.0,0.0,0.0,0.0,0.0,3494.616825477397,5094.099767056183,4935.518315325711,35.01712923553622,0.0,1687.3883910121651,1378.8105358617668,0.0,4986.671881074932,87.56487648851618,0.0,1024.1599565469328,1292.9873800416717,0.0,378.8146570839288,2968.054909145052,723.8702221389365,0.0
280,0.2904878392265773,0.0579378370365435,-2.788880237858393e-16,4.813927034774693e-16,3.681714273685043,1.559291884316285,0.0745271145063097,0.4170875195481716,0.0,0.0,127.47852302617018,0.0,0.0,0.0,0.0,0.0,0.0,0.0,0.0,0.0,0.0,0.0,0.0,0.0,0.0,0.0,3939.9954350930807,5656.340125360292,5110.881330185869,109.29437150891172,0.0,1886.8730790953484,1597.4727989748194,0.0,5164.211688429064,117.64485097079762,0.0,1036.1747887966444,1464.9530833482163,0.0,359.92629495063227,2909.9311882817037,705.8949538707642,0.0
281,0.5026030336660249,0.0939342773296018,0.0016344263563557,4.813927034774693e-16,3.4537779690131054,1.4358674845473027,0.0453979142192661,0.4137773303846814,0.0,0.0,141.9259317176689,0.0,0.0,0.0,0.0,0.0,0.0,0.0,0.0,0.0,0.0,0.0,0.0,0.0,0.0,0.0,3793.1054606050457,5217.304874532614,4332.523593022921,1.148692626465687,0.0,1913.3438734340612,1828.893812369134,0.0,4605.157541441396,8.408559354713498,0.0,1200.1726916465857,1777.7108533442106,0.0,493.78114513963385,3097.843170392471,999.2317717532594,0.0
282,0.8052790046580145,0.1846361856453474,0.0417357691295678,0.0006248493874589,3.103525155513279,1.2749017628571475,0.0164479278008693,0.3729429463772828,38.97591195936587,0.0,151.5228099608338,0.0,0.0,0.0,5.381002770509466,0.0,10.543856780052332,0.0,0.0,0.0,5.090137755887333,0.0,0.0,0.0,0.0,0.0,2446.588632807491,3349.7371323476104,2741.193438424539,0.0,0.0,1184.575919874677,1167.6259858022895,0.0,2908.379330249793,1.5201363843828566,0.0,738.734185022748,1136.251946373468,0.0,294.60449984790586,1943.1579676443464,629.4024518681929,0.0
283,1.189004054559888,0.3437114538338855,0.1028542946815874,0.0559702335401298,2.6628711245854086,1.0854551109746509,0.0038825194558461,0.3382830334883708,1087.619023692012,314.3170249412768,163.40217858430367,0.0,0.0,67.35364820170217,366.7036208723281,0.0,175.96009958547884,0.0,0.0,0.0,280.4266707301139,0.0,0.0,183.4955159341245,0.0,0.0,2555.041397330113,3352.6705555782246,2346.750713298826,0.0,0.0,703.6574863494928,1065.2804274760651,0.0,2408.444288746893,0.0,0.0,377.3618119568387,1041.9984742564222,0.0,68.11750657137688,1417.1307192966551,466.31021071109234,0.0
284,1.5179973340300446,0.5082022251393891,0.1666560190365447,0.1857618423180705,2.2371916787797126,0.927867406630656,0.0250914668874737,0.360635609216523,2138.8499580774665,856.7448058701572,188.63432577807737,0.0,0.0,202.35308731967024,792.9292596359595,0.0,301.0837080640699,0.0,0.0,580.8960547668065,591.8469267780799,0.0,0.0,424.1102899014256,536.1963418466944,0.0,3116.4887085632085,3945.2232187240993,2403.2982314295245,0.0,0.0,330.19153153219776,1146.8034576913287,0.0,2371.8901457775714,0.0,0.0,70.06473332701317,1127.7900399442974,0.0,0.0,1122.4166171969043,379.7247095886051,0.0
285,1.7500103891941572,0.6613006927936318,0.2238002265647841,0.3176299128591519,1.897621301800193,0.8148175130603459,0.1337559904890647,0.4063769835756764,5454.336089037646,4844.006100417031,758.8779357128759,0.0,0.0,1472.1230180749208,1946.6724672599933,0.0,690.9316348072466,0.0,0.0,1135.409402230022,1347.672104364647,0.0,0.0,1067.8313227679923,911.6238920841269,0.0,505.50889209430574,635.7336652333541,1438.354459199954,0.0,0.0,38.17953576122099,181.57476891092307,0.0,1533.1294117657185,0.0,0.0,0.0,178.7630976726936,0.0,0.0,164.4087760880485,56.08544206784013,0.0
286,1.8626677844073745,0.8089976566891947,0.2886492710631228,0.4957535113437969,1.5080031460465049,0.7075047085219427,0.3339901657509422,0.4710321715752081,8292.016894876166,8081.970891871582,1275.6206487776967,0.0,0.0,2517.065585661473,2892.1057887176826,0.0,1041.542237656589,0.0,0.0,1006.3163306501726,1909.9687755054767,0.0,0.0,1544.5301578436895,675.5116485711341,0.0,0.0,0.0,1135.235112129455,0.0,0.0,0.0,0.0,0.0,1242.7836603415446,0.0,0.0,0.0,0.0,0.0,0.0,0.0,0.0,0.0
287,1.938228392214836,0.9540471103765198,0.3513345620199329,0.7452914170963459,1.15220152176522,0.5804416987596936,0.5723448442923552,0.5543332419224801,9531.367315651789,9259.898143700171,1799.6702325509616,0.0,0.0,3005.9418298721525,3038.961310421193,0.0,1283.629214800031,0.0,0.0,682.1481915176179,1602.5798681084957,0.0,0.0,1292.9716562728722,436.8158690182776,0.0,0.0,0.0,933.9939346301628,0.0,0.0,0.0,0.0,0.0,1114.3779039299725,0.0,0.0,0.0,0.0,0.0,0.0,0.0,0.0,0.0
288,1.9615671967159776,1.0407841929885386,0.3717925671229227,0.9799805383898572,0.916204658366798,0.4886388725345483,0.7915727435083013,0.6681213675674282,9647.73408366669,9641.128371899304,2032.555541295778,0.0,0.0,3161.3548594093545,3067.356300185,0.0,1274.2687978846025,0.0,0.0,613.3018073864572,1445.1211680210763,0.0,0.0,1114.9906991273017,286.45152647978904,0.0,0.0,0.0,1089.812734350029,0.0,0.0,0.0,0.0,0.0,1436.2989037019324,0.0,0.0,0.0,0.0,0.0,0.0,0.0,0.0,0.0
289,1.9113592100616972,1.0708115503442928,0.3848047861956733,1.1483073877995813,0.7435803097503498,0.4372203577641907,1.002041863615427,0.7658494244838289,9851.0,9984.0,1946.0,0.0,0.0,3287.0,3236.0,0.0,1157.0,0.0,0.0,706.0,1573.0,0.0,0.0,1225.0,199.29951990279343,0.0,0.0,0.0,1482.2965353625057,0.0,0.0,0.0,0.0,0.0,1826.0069654481315,0.0,0.0,0.0,0.0,0.0,0.0,0.0,0.0,0.0
290,1.723122358990565,1.0556044756289695,0.386525987999999,1.2490215169467138,0.6058877704959407,0.3856743868831936,1.2784868925249122,0.8560550133855136,9245.350346480396,9675.004505764931,1649.3730242726251,0.0,0.0,2936.576764653447,3083.9079976911053,0.0,842.4862436614984,0.0,0.0,741.9910296795312,1591.0226983969253,0.0,0.0,1253.5971021320747,266.3218186830077,0.0,167.72254767576098,330.00838391956864,2490.061246334972,0.0,0.0,0.0,0.0,0.0,2543.002045948548,0.0,0.0,0.0,0.0,0.0,0.0,0.0,0.0,0.0
291,1.5390489100320153,1.0224343519915418,0.3835538741334934,1.3178506840048358,0.5322887127490119,0.3439764837318079,1.4902876271289598,0.9630447162186644,6841.186198487722,7761.821867130463,594.4789024085896,0.0,0.0,1356.452852139989,2188.929509977385,0.0,0.0,0.0,0.0,564.1436438544378,1262.0339509271505,0.0,0.0,896.7022385924391,318.2728334245576,0.0,958.1848514549396,1594.439100903255,4218.042464589377,0.0,0.0,70.33053026156475,0.0,0.0,3487.6305960278696,0.0,0.0,0.0,0.0,0.0,0.0,0.0,0.0,0.0
292,1.2876823771353552,0.9378731228693586,0.3428397106445181,1.3706304443483053,0.5459643985611335,0.3157494396626348,1.6954948325703527,1.0917253844734751,4935.82847694808,5285.569424524789,59.50949014854655,0.0,0.0,4.70717300425271,1004.8082926628094,0.0,0.0,0.0,0.0,0.7368129060179667,40.20710554896524,0.0,0.0,1.5678542213550064,0.4156876246976363,0.0,1906.633407048809,2821.459529769894,5473.065277968191,54.47723892570737,0.0,391.8355289588845,0.0,0.0,4853.3332800114185,0.0,0.0,0.0,0.0,0.0,0.0,381.4284551761849,0.0,0.0
293,0.9635977091074204,0.7896604150409727,0.2843483967641201,1.3291988861107442,0.6021823332513778,0.2995074540708793,2.0106034709944587,1.2132042339645628,3282.845633823379,3462.834648953414,29.50566147344501,0.0,0.0,0.0,295.1084161333669,0.0,0.0,0.0,0.0,0.0,0.0,0.0,0.0,0.0,0.0,0.0,3065.6203026296625,4656.500987786793,5357.254296477664,2.5794663760944188,0.0,1003.4878851618286,123.79097356323231,0.0,4606.679451717878,0.0,0.0,0.0,0.0,0.0,0.0,665.1545787874826,0.0,0.0
294,0.6807598983657214,0.6266883649475878,0.2205120387109628,1.1992958836878418,0.6837763343236769,0.292942155900473,2.348014479880123,1.263955301979253,3046.590391170342,2311.917380274499,90.8373143550282,0.0,0.0,0.0,295.02384071205324,0.0,0.0,0.0,0.0,0.0,0.0,0.0,0.0,0.0,0.0,0.0,4131.795681096213,6380.666360027197,5202.351175067679,0.0,0.0,1552.2198950754946,853.3049464182036,0.0,4326.831407441021,0.0,0.0,0.0,0.0,0.0,0.0,904.3433163231684,0.0,0.0
295,0.4510035904719993,0.4495213966117681,0.1530947152225909,1.041718348535595,0.8108150672690965,0.3120840078616563,2.6390661059515863,1.2651272173213095,3278.494622092,1611.463586802241,171.80395335261554,0.0,0.0,0.0,366.4376389872664,0.0,0.0,0.0,0.0,0.0,0.0,0.0,0.0,0.0,0.0,0.0,4281.605584751319,6811.004157900387,5196.807131974441,0.0,0.0,1596.5885115325066,1154.4411478570096,0.0,4443.252297292895,0.0,0.0,57.1903773987611,105.69321619569423,0.0,0.0,1234.0805979000204,0.0,0.0
296,0.366202689913931,0.3051869944186018,0.0895298102192691,0.8630247996909539,1.0360198842611386,0.350806808065213,2.794521642753301,1.221174536414741,3858.442877580447,1675.7081389961545,237.6173764012748,0.0,0.0,0.0,396.5754977262807,0.0,0.0,0.0,0.0,0.0,0.0,0.0,0.0,0.0,0.0,0.0,3825.297714620645,6017.554483640589,5221.194091899738,0.0,0.0,1383.7239381025372,1169.4197917018132,0.0,4694.273000849254,0.0,0.0,224.50696648237783,330.35007082236245,0.0,0.0,1671.4289034382743,0.0,0.0
297,0.3188803000414124,0.1877349226009413,0.0388782010207831,0.6682978230697689,1.2632923656339268,0.3994448676863212,2.9094567153432704,1.1240404948704312,3929.659813143984,1804.7629634955103,220.8513184857962,0.0,0.0,0.0,184.2166636282616,0.0,0.0,0.0,0.0,0.0,0.0,0.0,0.0,0.0,0.0,0.0,3481.697876379136,5350.881551863564,5229.872759508934,0.0,0.0,1234.2603826524849,1149.192920717359,0.0,4847.981473101355,0.0,0.0,357.85159660403144,493.6171079810944,0.0,0.0,1968.5086480427217,0.0,0.0
298,0.3031383365077809,0.0951182729323294,0.0172045039335544,0.4394322519594337,1.547185202570372,0.4484027747809108,3.0916617079398474,0.9919002388242693,3754.8831950308927,1670.97845729498,209.50625703656303,0.0,0.0,0.0,25.775210137671028,0.0,0.0,0.0,0.0,0.0,0.0,0.0,0.0,0.0,0.0,0.0,3050.52176667508,4514.279647759466,5240.780490244979,0.0,0.0,1046.7362387186029,1123.8346583162638,0.0,5040.883788676051,0.0,0.0,525.1813775985671,698.4765970977405,0.0,16.19075785744515,2341.3343515125,16.59468528840012,0.0
299,0.2786586189046757,0.0398935767109621,0.0022206324525935,0.242129374254281,1.9475496425228656,0.5075303791165399,3.2861685354357277,0.8699548327682074,3119.5069712302525,1263.6585657537937,208.1298943697917,0.0,0.0,0.0,0.0,0.0,0.0,0.0,0.0,0.0,0.0,0.0,0.0,0.0,0.0,0.0,2638.35996054973,3714.573247451172,5251.222200135368,0.0,0.0,867.4634095268996,1099.5712935217755,0.0,5225.246036020721,16.515895852940186,0.0,685.0746865712913,894.3101295265099,0.0,343.7489478316565,2697.707417303076,343.836469843887,0.0
300,0.241546721382059,0.0154994566245832,-3.623767952376505e-16,0.1356050596099279,2.5342773555512923,0.5666127068430776,3.431651119058822,0.7728889329708808,2666.10579397635,923.8660369625192,174.62408288937766,0.0,0.0,0.0,0.0,0.0,0.0,0.0,0.0,0.0,0.0,0.0,0.0,0.0,0.0,0.0,2265.4013926812054,2570.813251066112,5239.018573183178,51.80325171821962,0.0,734.8748156639243,1216.4722292178578,0.0,5492.708880751505,387.0628397070451,0.0,994.8262796123436,1257.6520128384902,0.0,1022.2172775676764,3224.7205487463366,847.6365455269266,0.0
