Time,r-biceps,l-biceps,r-lats,l-lats,r-quat,l-quat,r-hamstring,l-hamstring,L1,L2,L3,L4,L5,L6,L7,L8,L9,L10,L11,L12,L13,L14,L15,L16,L17,L18,R1,R2,R3,R4,R5,R6,R7,R8,R9,R10,R11,R12,R13,R14,R15,R16,R17,R18
0,0.2929328935415279,0.6816680297940189,0.4669463899775932,0.1595196748370546,1.0116575338743727,0.0632711047213164,1.599623990579312,12.042850112858837,0.0,0.0,0.0,0.0,0.0,0.0,0.0,0.0,0.0,0.0,0.0,0.0,0.0,0.0,0.0,0.0,0.0,0.0,0.0,14.850109109291637,4042.465904144118,765.8733851510274,0.0,0.0,0.0,0.0,7309.637870834573,3260.9707751866326,19.222591559113752,1115.2383823714122,12.86591326338636,0.0,4671.077685292466,5797.383540582662,1080.1410509375162,0.0
1,0.3945041054995175,0.6954196070033214,0.4906731977612248,0.1841624069501661,1.0823417919867102,0.0617350679999999,1.8596155602471365,12.67906268877954,0.0,0.0,0.0,0.0,0.0,0.0,0.0,0.0,0.0,0.0,0.0,0.0,0.0,0.0,0.0,0.0,0.0,0.0,0.0,8.882673103878046,2963.3849180735283,555.6123982387519,0.0,0.0,0.0,0.0,5306.747903580611,2373.061841364515,21.47833564361068,832.456627716807,7.71347287663909,0.0,3689.0071121030073,4504.556265739012,965.991987931087,0.0
2,0.5087980231241316,0.6943527980151004,0.4854064513862878,0.2064014056454245,1.1625650541274526,0.0661000240555722,2.053839584132894,13.039760044265766,0.0,0.0,0.0,0.0,0.0,0.0,0.0,0.0,0.0,0.0,0.0,0.0,0.0,0.0,0.0,0.0,0.0,0.0,0.0,75.29272009461351,957.6997827023258,163.55131296986298,0.0,0.0,0.0,0.0,1606.345610487867,643.9757447040471,0.0,212.6811047599295,1.5414370968863662,0.0,965.9154888482088,1211.59167270159,270.4453300218319,0.0
3,0.6196533175614615,0.6419436558454624,0.4423926455880401,0.2145108806543781,1.224098314595648,0.1540477694442181,2.0844553953674887,12.914899069352897,0.0,0.0,0.0,0.0,0.0,0.0,0.0,0.0,0.0,0.0,0.0,0.0,0.0,0.0,0.0,0.0,0.0,0.0,0.0,666.8640308022296,2630.3020743399534,399.0932569376032,0.0,0.0,0.0,0.0,3763.741521061064,1049.046422391759,0.0,193.83230111031276,0.0,0.0,1030.2600830883184,1617.5129818092128,290.44139787371915,0.0
4,0.7452967711096338,0.5339368003455159,0.3869369026919083,0.2133171928760734,1.325456019262334,0.3195028022591359,2.025117123771583,12.2958130077322,0.0,0.0,0.0,0.0,0.0,0.0,0.0,0.0,0.0,0.0,0.0,0.0,0.0,0.0,0.0,0.0,0.0,0.0,0.0,1786.9523787904295,5199.187252248253,791.7973030210135,0.0,0.0,0.0,0.0,6965.3014640410165,1722.146095696429,0.0,242.04359908442692,0.0,0.0,1319.679800541035,2306.784066867208,399.3336843538978,0.0
5,0.8067161740894444,0.4360291948704309,0.3318376251827252,0.2138166074888831,1.3834643405458722,0.4556034674551488,1.940341725571174,11.451264430107832,0.0,0.0,0.0,0.0,0.0,0.0,0.0,0.0,0.0,0.0,0.0,0.0,0.0,0.0,0.0,0.0,0.0,0.0,0.0,2922.585902797617,5663.832092105309,916.361264541726,0.0,0.0,0.0,0.0,6764.755104768679,1481.420096548725,0.0,196.3607778257073,0.0,0.0,772.1320891782824,1411.4638547852037,324.0040516459738,0.0
6,0.8452909898316343,0.3317363107774072,0.2679608820625045,0.2067560079677912,1.4760396587891202,0.6005802629900321,1.7951619421793998,10.455414905200952,0.0,0.0,0.0,0.0,0.0,0.0,0.0,0.0,0.0,0.0,0.0,0.0,0.0,0.0,0.0,0.0,0.0,0.0,0.0,3636.204876493644,5955.7684074796725,994.6271001159712,0.0,0.0,0.0,0.0,6638.799133092481,1330.1530215915009,0.0,167.64507970722656,0.0,0.0,428.0697108851831,848.8930085333408,276.6506615774932,0.0
7,0.8685052531105416,0.2194104972775602,0.1960184949722143,0.1922539684186052,1.5929972271546378,0.7529538338073074,1.5054364395638766,9.360314427838093,0.0,0.0,0.0,0.0,0.0,0.0,0.0,0.0,0.0,0.0,0.0,0.0,0.0,0.0,0.0,0.0,0.0,0.0,359.3084363854318,4400.074316216445,6341.011763300785,1104.1615527036745,0.0,141.1713706912039,0.0,0.0,6539.769316453425,1186.1057169301168,0.0,130.0973976015655,0.0,0.0,45.62624009110978,226.3929056518992,214.737050848373,0.0
8,0.8410363118943883,0.1166622154747332,0.1554200116041267,0.1910882458247944,1.6843750518139546,0.8933557731071846,1.2084078513152654,8.539767669284819,0.0,0.0,0.0,0.0,0.0,0.0,0.0,0.0,0.0,0.0,0.0,0.0,0.0,0.0,0.0,0.0,0.0,0.0,1745.2011636406496,3722.030722175872,6752.896664919085,1268.743127524065,0.0,640.6961620289402,20.790975711700945,0.0,7043.749152658442,1479.633622492366,0.0,85.18606769066601,0.0,0.0,17.54143909658411,462.7119045159057,140.57853002013718,0.0
9,0.7814145329102992,0.0600441170966476,0.1393521986511625,0.2074085591942006,1.855291480124434,0.9496501730703693,0.919790298067956,8.078599776672288,0.0,0.0,0.0,0.0,0.0,0.0,0.0,0.0,0.0,0.0,0.0,0.0,0.0,0.0,0.0,0.0,0.0,0.0,1297.422806255023,2022.5362245661763,5183.215946024123,1011.792143394317,0.0,543.4436619649072,90.40798652839187,0.0,5776.847078002209,1424.5346984412697,0.0,45.23973682338788,0.0,0.0,3.8975180792461273,835.5854103574667,77.80740149303236,0.0
10,0.7255346962126239,0.0439762177674418,0.1222800378644236,0.2384568510875798,2.0290578048595456,0.952306811999998,0.6833164174468082,8.03675442353289,0.0,0.0,0.0,0.0,0.0,0.0,0.0,0.0,0.0,0.0,0.0,0.0,0.0,0.0,0.0,0.0,0.0,0.0,728.924712351352,1134.0606655321978,2939.0439135887304,574.9806987964198,0.0,305.807569108614,99.0849733468648,0.0,3289.5954102877763,819.2095767794506,0.0,28.121817161112137,0.0,0.0,17.245411002393542,491.6843382557384,89.93867641282479,0.0
11,0.6526861181616115,0.03710784241196,0.0945028648704321,0.2736077884983385,2.2206931923877398,0.952306811999998,0.4434342735233111,8.175924669119265,0.0,0.0,0.0,0.0,0.0,0.0,0.0,0.0,0.0,0.0,0.0,0.0,0.0,0.0,0.0,0.0,0.0,0.0,470.7108991421177,760.3299481111217,2927.223582424847,615.4384154174184,0.0,203.1349340085564,109.19912319639649,0.0,3762.9349240629326,1217.5266161400848,0.0,128.43398813716027,0.0,0.0,613.4124428222311,1111.0971093979751,139.1976347580316,0.0
12,0.5492492783521586,0.0299874165847175,0.0654161580598007,0.3069760585514948,2.310094708694935,0.9362180908962264,0.2413395864787983,8.439595847892111,0.0,0.0,0.0,0.0,0.0,0.0,0.0,0.0,0.0,0.0,0.0,0.0,0.0,0.0,0.0,0.0,0.0,0.0,408.6532893645675,709.4564639407733,4389.363666425767,971.9967644292346,0.0,186.63144678928063,119.0959639749307,0.0,6208.68961798764,2293.7502733015176,0.0,310.63317884965426,0.0,0.0,1616.5571034693849,2392.953004381491,187.35344010879737,0.0
13,0.4594469479802065,0.0276606552939845,0.0401905185249169,0.3351397457388845,2.319406331083055,0.8218743030986059,0.2055537492757497,8.839819911455702,0.0,0.0,0.0,0.0,0.0,0.0,0.0,0.0,0.0,0.0,0.0,0.0,0.0,0.0,0.0,0.0,0.0,0.0,366.2804108042103,627.3778894856496,5283.902411381843,1162.2144786231852,0.0,181.15593284307988,129.18999957132792,0.0,7708.345936145598,2990.493666436272,0.0,475.9351019608156,1.0684866905553043,0.0,2361.435377751404,3349.4080819541546,236.9953742171428,0.0
14,0.3744326228388022,0.0339588589036544,0.0176260871768772,0.3501464726081062,2.285953747676016,0.6702075584252483,0.1953091001924273,9.36433251521939,0.0,0.0,0.0,0.0,0.0,0.0,0.0,0.0,0.0,0.0,0.0,0.0,0.0,0.0,0.0,0.0,0.0,0.0,128.3908112421929,24.8,5160.47417025214,1084.610259079343,0.0,111.62988896599585,330.67538861901454,0.0,7994.986051815868,3454.571477446218,0.0,919.902510756419,456.4785995836225,0.0,3578.51015105251,4727.243803145963,589.733470043951,0.0
15,0.3146228250697663,0.0393121073336496,0.0068308972624586,0.3576810943170385,2.185448859756053,0.5246722981196007,0.2004418629027074,9.973970724563824,0.0,0.0,0.0,0.0,0.0,0.0,0.0,0.0,0.0,0.0,0.0,0.0,0.0,0.0,0.0,0.0,0.0,0.0,78.03921813295511,0.0,5176.157336676052,1134.5204844702575,0.0,85.8338412824796,460.8434156512327,0.0,7986.768419317817,3562.1269133694946,0.0,1062.549165653813,643.1305953734768,0.0,3888.04686455952,4991.930627361654,737.6490307364905,0.0
16,0.2543465119967406,0.0409087799999999,0.0229665412135649,0.3533341050987278,1.998688128953801,0.3743913228039865,0.2231451408923737,10.60943958017149,0.0,0.0,0.0,0.0,0.0,0.0,0.0,0.0,0.0,0.0,0.0,0.0,0.0,0.0,0.0,0.0,0.0,0.0,112.70898148615493,0.0,5167.143206573771,1169.3702743326264,0.0,124.82032279254868,628.1611604594424,0.0,7825.66564759073,3475.7486837853357,0.0,1165.3981996126602,943.3018550154784,0.0,3927.8880916901376,5274.510310139857,923.4551697648034,0.0
17,0.2013874517616276,0.0409087799999999,0.1335920010847177,0.3448697225357147,1.8078633777308968,0.2146189174684384,0.2305767600000024,11.30932412440115,0.0,0.0,0.0,0.0,0.0,0.0,0.0,0.0,0.0,0.0,0.0,0.0,0.0,0.0,0.0,0.0,0.0,0.0,129.20924513693458,0.0,5340.423871766226,1294.2842903878382,0.0,116.10898554133986,621.3807115672819,0.0,7939.563894632377,3546.857006746834,0.0,1118.661024396219,1006.264773097896,0.0,3794.991588270293,5163.086400858905,955.3623337030818,0.0
18,0.2045186211043642,0.0409080415154083,0.2874267382249973,0.3222123448305648,1.7007440314402564,0.0582006523413906,0.2305767600000024,11.860433160809016,0.0,0.0,3.872609902069296,0.0,0.0,0.0,0.0,0.0,5.723489634675946,0.0,0.0,0.0,0.0,0.0,0.0,0.0,0.0,0.0,156.7161468093631,0.0,5663.545068598486,1453.6259578375723,0.0,96.51143160275772,576.1950281368623,0.0,8164.948155948358,3630.461984489399,0.0,998.8211206702364,1040.38723736855,0.0,3465.2069249415213,4883.382411356502,971.532641642204,0.0
19,0.2127355403322257,0.0399663295146178,0.4524590142657805,0.2975454171747503,1.5536109581790705,0.0025530612368768,0.2292079035408661,12.08813416665846,0.0,0.0,345.01756714238815,0.0,0.0,0.0,0.0,0.0,378.4261954684201,0.0,0.0,0.0,0.0,0.0,0.0,0.0,0.0,0.0,190.65430723127432,0.0,5430.161604140382,1138.2758020430024,0.0,96.81618571298443,522.4735920051247,0.0,7575.715961297699,2917.2716342212625,0.0,858.7062285488148,954.6135453574624,0.0,2911.52995329796,4508.231320777441,871.2548718385036,0.0
20,0.2159776013023258,0.0349472921262458,0.614759749415282,0.2530861644468434,1.3916896931340763,-2.1138646388863056e-16,0.2175467684608467,11.854386174577352,0.0,0.0,1545.729055158946,0.0,0.0,0.0,0.0,0.0,1701.5516438883649,0.0,0.0,0.0,0.0,0.0,0.0,0.0,0.0,0.0,225.3505864584401,0.0,4951.037590461887,674.3538574313516,0.0,94.10044638751212,474.1516454791205,0.0,6713.428279461632,1959.075180923776,0.0,731.6051180697034,823.624509751752,0.0,2380.1429886734472,4142.197260128184,746.0954222286791,0.0
21,0.219287205209303,0.0282877232890365,0.780441749880398,0.2031283812558137,1.2306131492007606,-2.113864638886306e-16,0.1883084724717621,11.240351447794964,0.0,209.16413528744232,2347.981667536315,0.0,0.0,0.0,0.0,0.0,2713.3584420747784,0.0,0.0,0.0,0.0,0.0,0.0,0.0,0.0,0.0,323.8297666331382,0.0,3976.5938006688502,75.71428571428571,0.0,123.2832697151798,366.3356777482612,0.0,5166.68257679313,479.64347849448495,0.0,531.7061655877371,503.9209873279516,0.0,1317.7475081457028,3324.3728174244966,408.6029075215571,0.0
22,0.2224248470799906,0.0218999735880398,0.9226047263069248,0.1577947151960132,1.089710276536164,-2.1138646388863056e-16,0.1765365179156669,10.294760889437004,0.0,574.046053507621,2844.155554278502,236.3782765981209,0.0,0.0,0.0,0.0,3377.4953635289453,290.2883300638041,0.0,0.0,0.0,0.0,38.708432907748985,84.36453326047855,0.0,0.0,309.3298402126235,0.0,3274.818726478599,0.0,0.0,105.79863017610802,243.7024895706338,0.0,4196.116809826776,0.2946029552682373,0.0,339.92418185043755,263.8187251478226,0.0,573.5434721056236,2569.8671198044126,178.86464815702843,0.0
23,0.2177683826285271,0.0143569925581395,0.9920733233864508,0.1051298273594234,0.9235977550889142,-2.1138646388863056e-16,0.179007727694354,8.980012855645024,0.0,1061.9649131320325,3411.9915040699884,913.0123149646412,0.0,0.0,0.0,0.0,4227.786129406079,1206.4872431663678,0.0,0.0,0.0,0.0,321.62377261702414,589.7322013646843,0.0,0.0,2.2473615344041704,0.0,2362.2653208573406,0.0,0.0,0.7685277786045343,1.769942762846806,0.0,3097.9563929965702,0.0,0.0,2.468604379760018,1.9154972663703935,0.0,4.162858800774556,1221.673234807596,1.2983461714303872,0.0
24,0.2034025685132896,0.0070858306644518,1.017569454024916,0.0677645792990034,0.745060919960133,-2.1138646388863056e-16,0.1821365306910317,7.815535158879572,95.40971450295108,1692.7870216317644,3459.123178850585,1268.4511205353044,0.0,97.965514319338,0.0,0.0,4585.174082629726,1670.624265149401,0.0,0.0,0.0,0.0,809.3704217801143,1170.6894391278988,0.0,0.0,0.0,0.0,491.0274648469984,0.0,0.0,0.0,0.0,0.0,1122.1712592618308,0.0,0.0,0.0,0.0,0.0,0.0,45.95585417766097,0.0,0.0
25,0.1990893960000005,0.0014645440995424,1.017760859999999,0.0374199060109071,0.6637199163573,-2.1138646388863056e-16,0.1871429371927555,6.980410764446819,108.869135268957,1219.743453707746,2227.783035965512,743.693796805181,0.0,126.85864114575708,0.0,0.0,2992.905108656107,980.7044408519964,0.0,95.11246534425834,0.0,0.0,674.6873482454075,1026.9636209881355,0.0,0.0,0.0,0.0,55.25839343657161,0.0,0.0,0.0,0.0,0.0,652.3222800449308,0.0,0.0,0.0,0.0,0.0,0.0,0.0,0.0,0.0
26,0.1986857342865454,0.0063952659119601,0.9863844716536532,0.0287601120000001,0.6298216870564793,-2.1138646388863056e-16,0.2026984642848856,6.312196319384558,229.67978811767173,1603.3447616597052,2231.2339747067854,362.0176234855808,0.0,346.9402777987879,0.0,0.0,3195.5412304553174,549.3789953032239,0.0,675.6624692757133,0.0,0.0,1380.106240191191,2485.065629550613,0.0,0.0,0.0,0.0,4.838510562598349,0.0,0.0,0.0,0.0,0.0,348.6890498478049,0.0,0.0,0.0,0.0,0.0,0.0,0.0,0.0,0.0
27,0.1898503319092389,0.0413399051290026,0.875116503989255,0.0287601120000001,0.5726064285881113,0.00306421309168,0.2368303877248906,5.8137788665277474,447.87529909180927,2350.6302263765765,2653.6679412444,135.45544720230478,0.0,628.4174905161076,0.0,0.0,3951.874218756913,238.3318351438859,0.0,1080.7078031589265,217.76453062804305,0.0,2197.9220209178816,4155.05205452981,478.850165581437,0.0,0.0,0.0,0.0,0.0,0.0,0.0,0.0,0.0,197.15537543003765,0.0,0.0,0.0,0.0,0.0,0.0,0.0,0.0,0.0
28,0.1717076661829673,0.0953871007574751,0.7490855642285065,0.0275645899632121,0.5254380827407833,0.0231219241594682,0.2566248282103575,5.410150389588526,1498.758362651684,4150.929462006879,3186.8904080750194,288.39623066484165,0.0,948.217743281396,0.0,0.0,4201.127495093148,109.41868022854712,0.0,517.9058595990572,182.04664877688583,0.0,1192.326836569575,2649.6933794369675,397.3842356402855,0.0,0.0,0.0,0.0,0.0,0.0,0.0,0.0,0.0,69.23672313435728,0.0,0.0,0.0,0.0,0.0,0.0,0.0,0.0,0.0
29,0.1392055810564782,0.1574907719800665,0.5788269069966777,0.0228361022192692,0.4670577885727579,0.0499101118803984,0.2726712480199352,4.944061927877744,2933.473297744021,6179.212031524256,3779.7476396843927,577.1251305808394,0.0,1498.611017153203,66.72962894080419,0.0,3962.150278854541,120.92073215948534,0.0,0.0,0.0,0.0,76.78417788588885,383.001901165232,0.0,0.0,0.0,0.0,0.0,0.0,0.0,0.0,0.0,0.0,0.0,0.0,0.0,0.0,0.0,0.0,0.0,0.0,0.0,0.0
30,0.1018349801461792,0.2269730972093025,0.3877854166644519,0.017437609435216,0.3975610212358811,0.0798810545780728,0.2912402016478421,4.384169760075226,3986.767277074711,6830.90948845102,4107.306807185527,680.8970707652301,0.0,2197.2577902049284,482.2337999364189,4.029260010257892,3622.561357056807,199.8082107148865,0.0,0.0,0.0,0.0,0.0,0.0,0.0,0.0,0.0,0.0,0.0,0.0,0.0,0.0,0.0,0.0,0.0,0.0,0.0,0.0,0.0,0.0,0.0,0.0,0.0,0.0
31,0.0697557917541527,0.2866172170963454,0.2237940488571431,0.0128035050099668,0.3379554652207799,0.1056083239734215,0.3049396801893705,3.896882797881912,4931.78907231978,7050.984233677879,4279.087464252664,701.040780054577,0.0,2888.893507067281,667.1365544745519,211.06738393114597,3225.418596484956,312.1835714902605,0.0,0.0,0.0,0.0,0.0,0.0,0.0,0.0,0.0,0.0,0.0,0.0,0.0,0.0,0.0,0.0,0.0,0.0,0.0,0.0,0.0,0.0,0.0,0.0,0.0,0.0
32,0.03847931773461,0.3401311290498333,0.0853168235692789,0.0082649491295681,0.2894899803564584,0.1308051342059796,0.2942646942528842,3.580990749012314,3041.799177578254,4332.2969998110175,2707.1495059026056,496.346820809931,0.0,1845.7274000307352,425.5859091251576,89.75091412873994,2042.3292907879973,417.7166209000412,0.0,0.0,0.0,0.0,0.0,0.0,0.0,0.0,0.0,0.0,0.0,0.0,0.0,0.0,0.0,0.0,0.0,0.0,0.0,0.0,0.0,0.0,0.0,0.0,0.0,0.0
33,0.0125142205027684,0.3698536058715384,0.0244473856544851,0.0032486505249169,0.2892550067375413,0.1555139818028787,0.292595987297898,3.2894005912181656,4580.440378083649,6457.758988485513,4348.653732498879,1003.493179820134,0.0,3035.685821911389,697.3281516826025,0.0,3287.8215342937074,519.0655550605615,0.0,0.0,0.0,0.0,0.0,0.0,0.0,0.0,0.0,0.0,0.0,0.0,0.0,0.0,0.0,0.0,0.0,0.0,0.0,0.0,0.0,0.0,0.0,0.0,0.0,0.0
34,0.0008057734344974,0.3701624759999991,0.0023034723868189,0.0007546375986352,0.3398521489672266,0.1596682079999994,0.3308409995406324,2.9744269803663497,5546.386132629244,7734.027976145142,6085.849213545443,1681.8802265948136,0.0,4035.551505342528,784.7108802021557,0.0,4701.334831406789,741.3470634067654,0.0,0.0,0.0,0.0,0.0,0.0,0.0,0.0,0.0,0.0,0.0,0.0,0.0,0.0,0.0,0.0,0.0,0.0,0.0,0.0,0.0,0.0,0.0,0.0,0.0,0.0
35,-1.9539925233402699e-16,0.3701624759999991,0.0151098491960135,0.0026984226976744,0.4263652514614447,0.1596682079999994,0.3914329375667091,2.5554346615751014,4132.725915854595,5758.62337569639,6558.919444406755,2147.326756926972,0.0,3543.6318664592472,397.7937983767524,0.0,5510.704828943258,1245.653148463624,0.0,0.0,0.0,0.0,75.65032368316974,63.2804734593001,0.0,0.0,0.0,0.0,0.0,0.0,0.0,0.0,0.0,0.0,0.0,0.0,0.0,0.0,0.0,0.0,0.0,0.0,0.0,0.0
36,-1.9539925233402699e-16,0.3658081590584999,0.0313143881860467,0.0049042761727575,0.5485399342637587,0.1596682079999994,0.4923535042030927,2.113181843915068,1290.805924893659,2323.017411060613,6415.127432723734,2213.830318487276,0.0,1722.9102997402038,73.36731155484891,0.0,6898.816431398131,2627.3743063824195,0.0,0.0,0.0,0.0,583.551694991354,485.6704833977075,0.0,0.0,0.0,0.0,0.0,0.0,0.0,0.0,0.0,0.0,0.0,0.0,0.0,0.0,0.0,0.0,0.0,0.0,0.0,0.0
37,-1.9539925233402699e-16,0.3347468989257235,0.0473616015548176,0.0070887135946844,0.6748937762270997,0.1573104270434261,0.6587891395949235,1.6706763675491243,465.4743321939641,838.4553373388325,5879.66926709452,1981.692461526583,0.0,1012.4698407024244,0.0,0.0,7327.103123433108,3417.622036143952,0.0,0.0,0.0,0.0,1483.2741325276604,1302.413460756136,0.0,0.0,0.0,0.0,0.0,0.0,0.0,0.0,0.0,0.0,0.0,0.0,0.0,0.0,0.0,0.0,0.0,0.0,0.0,0.0
38,-1.9539925233402699e-16,0.2765007981486274,0.0651393967574754,0.0095087276013289,0.7996147315824443,0.1328330697009962,0.9378487940521084,1.1593848293505882,1080.7677448449642,1390.663339076597,5373.669500767189,1559.552320844669,0.0,1257.761455453093,0.0,0.0,6843.229316468864,2940.8607631737964,0.0,0.0,0.0,0.0,1943.2834579397972,1974.182221852258,0.0,0.0,0.0,0.0,0.0,0.0,0.0,0.0,0.0,0.0,0.0,0.0,0.0,0.0,0.0,0.0,0.0,0.0,0.0,0.0
39,-1.9539925233402699e-16,0.2513420946179403,0.081501261368771,0.0182801260795929,0.9000409342724258,0.1052491932358801,1.2271853593414868,0.7606391649941356,1585.3619096964485,2196.950469643289,5394.313065865357,1403.8471731170368,0.0,1451.362998154517,0.0,0.0,6627.579663973745,2393.3849896768584,0.0,0.0,0.0,0.0,1383.9341847377978,1572.334654739141,0.0,0.0,0.0,0.0,0.0,0.0,0.0,0.0,0.0,0.0,0.0,0.0,0.0,0.0,0.0,0.0,0.0,0.0,0.0,0.0
40,-1.9539925233402699e-16,0.2306838402657812,0.093319559292359,0.0842919378338871,0.9465702784858812,0.0800523830033221,1.4864233321569784,0.5740862885955166,2069.139605935876,2970.003772056485,5414.108252602411,1254.5358230714385,0.0,1636.9226891745504,0.0,0.0,6420.77257063402,1868.410061980477,0.0,4.625027986018677,0.0,0.0,847.6363747824471,1186.987959274831,0.0,0.0,0.0,0.0,0.0,0.0,0.0,0.0,0.0,0.0,0.0,0.0,0.0,0.0,0.0,0.0,0.0,0.0,0.0,0.0
41,0.0001735541525409,0.2100255859136218,0.0947100240000002,0.1644654039069767,0.9711547789456432,0.054855572770764,1.7291208805129037,0.5581208170331532,2652.8109874133074,4620.344835181531,5426.755914698796,967.8787949720108,0.0,1959.5113365287425,0.0,0.0,6029.421532989319,1017.612775916596,0.0,46.11659176102113,0.0,0.0,182.15599807941075,834.5676028145865,0.0,0.0,0.0,0.0,0.0,0.0,0.0,0.0,0.0,0.0,0.0,0.0,0.0,0.0,0.0,0.0,0.0,0.0,0.0,0.0
42,0.0204636604468123,0.1981307556467124,0.0947100240000002,0.248852890285714,0.979271969675422,0.0283326146312291,2.0078170557517745,0.5644601466668356,2593.650821035268,4693.459745798677,5224.2176021508685,810.089247634092,0.0,1806.3343043590496,34.865819328925134,0.0,5794.351782821944,844.4652627330386,0.0,87.78689886775302,0.0,0.0,349.11961528532987,1085.7436001863832,0.0,0.0,0.0,0.0,0.0,0.0,0.0,0.0,0.0,0.0,0.0,0.0,0.0,0.0,0.0,0.0,0.0,0.0,0.0,0.0
43,0.0695165085448502,0.2210604765870178,0.0959239910723232,0.3374597509833888,0.971868253961155,0.0037445462054687,2.2562378448269915,0.6084299751244591,2655.212803190368,4726.708560399252,4950.845645904336,537.4332690505597,0.0,1765.6568793852884,164.68685602673742,0.0,5395.933427268314,488.25958370561847,0.0,147.5280233150268,0.0,0.0,547.9107508385459,1381.125609952153,0.0,0.0,0.0,0.0,0.0,0.0,0.0,0.0,0.0,0.0,0.0,0.0,0.0,0.0,0.0,0.0,0.0,0.0,0.0,0.0
44,0.1174357511760794,0.2615981483379214,0.0967112146437049,0.4217461835131874,1.0126335643788724,-2.1671553440683127e-16,2.407444145059059,0.6704890013373122,2681.7338440475983,4691.902435515717,4915.22162510142,457.797250134852,0.0,1612.492096237525,185.8713038192331,0.0,5303.817681919837,389.5245807210648,0.0,264.87062257225097,0.0,0.0,621.047665690023,1486.6194177508426,0.0,0.0,0.0,0.0,0.0,0.0,0.0,0.0,0.0,0.0,0.0,0.0,0.0,0.0,0.0,0.0,0.0,0.0,0.0,0.0
45,0.1634572020199334,0.2730279076744188,0.0869318782325584,0.4974131288322254,1.1828234423122914,-2.1671553440683122e-16,2.5442893381943565,0.7028367858812287,2822.9421698344177,4678.198669690705,5161.722641053814,607.5766014263112,0.0,1619.24546535276,115.38139122534676,0.0,5353.505031926958,343.1786380401599,0.0,145.378751538899,0.0,0.0,334.2110687904024,1076.221956250978,0.0,0.0,0.0,0.0,0.0,0.0,0.0,0.0,0.0,0.0,0.0,0.0,0.0,0.0,0.0,0.0,0.0,0.0,0.0,0.0
46,0.210901996704319,0.2826239468770767,0.0755648961727576,0.5157438631893674,1.4252466220058777,-2.1671553440683122e-16,2.604433754718636,0.6931219432885256,2871.806326614223,4528.164991220951,5244.934781570131,736.704453230231,0.0,1586.6529374965098,43.61151487731468,0.0,5247.013660500723,294.66064470667567,0.0,39.18397691027913,0.0,0.0,152.27988645799576,647.4865020310493,0.0,0.0,0.0,0.0,0.0,0.0,0.0,0.0,0.0,0.0,0.0,0.0,0.0,0.0,0.0,0.0,0.0,0.0,0.0,0.0
47,0.2594506871784252,0.2924925400805162,0.0638569046511628,0.5135380097142838,1.7054746125284348,-2.1671553440683122e-16,2.5847756659534946,0.6467943937088153,1770.1014068406023,2768.208774483164,3232.247129881904,465.8092693036592,0.0,972.0114683174212,19.57911394194312,0.0,3214.430790214078,176.23661988927918,0.0,113.58008844589854,0.0,0.0,787.7109612544759,354.85743478118576,0.0,0.0,0.0,0.0,0.0,0.0,0.0,0.0,0.0,0.0,0.0,0.0,0.0,0.0,0.0,0.0,0.0,0.0,0.0,0.0
48,0.2852747740284591,0.285907915240018,0.05203524330897,0.5113107401860448,1.9624568760586725,-2.1671553440683122e-16,2.433832878128254,0.5936899354029976,439.95453694327006,704.3801499694024,884.9708418533278,135.55054352473388,0.0,242.57864809692143,5.037088419706659,0.0,898.834391632625,79.49759417933281,0.0,228.01582910327923,0.0,0.0,1645.5428694592863,155.7487141629279,0.0,0.0,0.0,0.0,0.0,0.0,0.0,0.0,0.0,0.0,0.0,0.0,0.0,0.0,0.0,0.0,0.0,0.0,0.0,0.0
49,0.2856176640000005,0.2478990522259142,0.0393948122553192,0.5026250059204056,2.212834880581608,-2.167155344068312e-16,2.2246387536308774,0.5249661204102654,129.97273081707888,504.3684549866912,1788.3140235542787,411.8444415753642,0.0,86.27295225544884,4.448573394791453,0.0,2138.294707253865,696.6063722791173,0.0,324.36106919849897,0.0,0.0,2367.9778773360363,1319.9948899805154,0.0,0.0,0.0,0.0,0.0,0.0,0.0,0.0,0.0,0.0,0.0,0.0,0.0,0.0,0.0,0.0,0.0,0.0,0.0,0.0
50,0.2856176640000005,0.2109378274086381,0.0277317116949302,0.4383011766768731,2.420953680742741,-2.1671553440683122e-16,2.0229214884310296,0.4490022913849508,284.556054590263,870.0383882478851,4251.218942739088,1016.576666790809,0.0,66.89985844805346,8.698222959697043,0.0,5221.548710581087,1868.308231542967,0.0,461.2022213096298,0.0,0.0,3292.981542172142,3602.8491478818264,15.996167998432364,0.0,0.0,0.0,0.0,0.0,0.0,0.0,0.0,0.0,0.0,0.0,0.0,0.0,0.0,0.0,0.0,0.0,0.0,0.0
51,0.2855299405514955,0.174374035116279,0.0262807920000002,0.3606591024119596,2.5149267668935424,-2.1671553440683122e-16,1.8123335699644705,0.3612362972760384,612.5816845807051,751.6891632906252,4232.902703816097,739.7538854350395,0.0,47.1463978639069,12.986305770866638,0.0,5683.00404510755,2026.9282520532915,0.0,956.4962742374718,0.0,0.0,4742.274430529617,6087.851394586226,508.9552906378587,0.0,0.0,0.0,0.0,0.0,0.0,0.0,0.0,0.0,0.0,0.0,0.0,0.0,0.0,0.0,0.0,0.0,0.0,0.0
52,0.2661766681032276,0.1380690593564306,0.0262807920000002,0.2745838663056478,2.567364174493356,-2.1671553440683127e-16,1.618923224846944,0.2735765469482691,809.8914713593949,1068.3293591385489,3798.799762778273,261.0831325313936,0.0,111.67242558951448,15.577530541196628,0.0,5263.727969163641,1484.85257858432,0.0,1226.8989916227445,72.87501870300473,0.0,4632.834165775544,6618.614191177818,737.8345865755398,0.0,0.0,0.0,0.0,0.0,0.0,0.0,0.0,0.0,0.0,0.0,0.0,0.0,0.0,0.0,0.0,0.0,0.0,0.0
53,0.2165756034019934,0.1114260771827239,0.0251072213586088,0.1842892558803987,2.5975893621622044,-2.1671553440683122e-16,1.5122921709908206,0.1985033939964838,868.7978845673006,1247.0698717229134,3806.698305771316,261.3380563600037,0.0,209.45844845305203,16.35263294568989,0.0,5237.795837626301,1407.1295484072796,0.0,1205.1987529434389,92.46319069655732,0.0,4386.717772425104,6338.044523086018,683.5556412940631,0.0,0.0,0.0,0.0,0.0,0.0,0.0,0.0,0.0,0.0,0.0,0.0,0.0,0.0,0.0,0.0,0.0,0.0,0.0
54,0.1672330169302324,0.0963642198387761,0.0232616724540841,0.0998008591728201,2.573169107987966,-2.1671553440683122e-16,1.541561883762557,0.1569237361256201,1409.138604761123,2995.0118741250617,3938.206845923063,333.96738234362874,0.0,1252.242604942164,24.000280729828283,0.0,4975.862488660914,804.0096231614107,0.0,830.3906082652705,283.78324557722766,0.0,1824.9099292700053,3201.9080503115133,122.35078412968868,0.0,0.0,0.0,0.0,0.0,0.0,0.0,0.0,0.0,0.0,0.0,0.0,0.0,0.0,0.0,0.0,0.0,0.0,0.0
55,0.1183648784053154,0.1102794946445179,0.0242685066976746,0.0465991900624584,2.3948556299904333,-2.1671553440683122e-16,1.636703230492229,0.168285088778473,835.8741231603067,1837.5297210356623,2409.4997366376715,206.45787399278768,0.0,784.5734992291397,20.937221924790265,0.0,2982.547644669949,556.3178904049317,0.0,415.1418995252639,354.99146055394203,0.0,955.8391694538344,1678.4673248190954,96.200889701631,0.0,0.0,0.0,0.0,0.0,0.0,0.0,0.0,0.0,0.0,0.0,0.0,0.0,0.0,0.0,0.0,0.0,0.0,0.0
56,0.0704456357740862,0.126086189262458,0.0252668242524919,0.061735891694352,2.116937720927889,-2.1671553440683122e-16,1.816305158694552,0.2076521833167885,101.49413248878072,760.1634092600402,2585.8399437487496,351.5221388923718,0.0,159.62653837647125,15.988425478895882,0.0,3479.5699001674184,1076.0168182795144,0.0,643.0179640626795,432.9059932187114,0.0,1971.805235466097,2916.378558263342,120.38689347996558,0.0,0.0,0.0,0.0,0.0,0.0,0.0,0.0,0.0,0.0,0.0,0.0,0.0,0.0,0.0,0.0,0.0,0.0,0.0
57,0.0242963721023535,0.1478315624307623,0.02812429006178,0.0923295473222589,1.7964180410156256,-2.167155344068312e-16,2.015895309315337,0.2901488066312304,0.0,736.4142689194856,3978.4037015165286,597.9373562702243,0.0,96.22745631430412,11.748978529577617,0.0,5540.508649159426,1806.9798237123837,0.0,1210.284166002202,500.4710566722589,0.0,3502.303988419892,5217.23180735722,370.6797468833234,0.0,0.0,0.0,0.0,0.0,0.0,0.0,0.0,0.0,0.0,0.0,0.0,0.0,0.0,0.0,0.0,0.0,0.0,0.0
58,0.0003563366370917,0.1817305382051981,0.0364188220863789,0.1229232029501658,1.4558669759531035,-2.1671553440683122e-16,2.26913721767208,0.3870327861387539,0.0,261.80598373670625,3968.444402891878,755.5156961071687,0.0,38.028881086104384,6.687903840276472,0.0,5677.1073102577175,2043.7085133395967,0.0,1327.0963560722707,630.2075740247402,0.0,3715.726078037778,5518.245727111879,581.1008075872165,0.0,0.0,0.0,0.0,0.0,0.0,0.0,0.0,0.0,0.0,0.0,0.0,0.0,0.0,0.0,0.0,0.0,0.0,0.0
59,0.000536785135415,0.2088341120332222,0.0465414161405983,0.1544533990564783,1.0958015507609329,-2.1671553440683122e-16,2.600536392935287,0.5173868039441869,0.0,0.0,3139.8595873749728,813.8349569310687,0.0,0.0,2.3158044069898747,0.0,4560.828478347667,1944.98399045002,0.0,1009.4801268136036,577.6242149058049,0.0,2941.752678715587,4276.117954949245,504.7401072068224,0.0,0.0,0.0,0.0,0.0,0.0,0.0,0.0,0.0,0.0,0.0,0.0,0.0,0.0,0.0,0.0,0.0,0.0,0.0
60,0.0043894672026575,0.2346013306046507,0.0568510336778118,0.1824290385758112,0.8156548148758057,-2.167155344068312e-16,2.9507324579020326,0.6239513809791493,0.0,0.0,2668.911638479,864.9297596286294,0.0,0.0,0.0,0.0,3820.701333149737,1948.8758076388224,0.0,530.8774802661096,303.7619570706668,0.0,2185.916340877155,2912.377915972728,265.4580497784504,0.0,0.0,0.0,0.0,0.0,0.0,0.0,0.0,0.0,0.0,0.0,0.0,0.0,0.0,0.0,0.0,0.0,0.0,0.0
61,0.0090021555747505,0.2611370326945398,0.0647376359518589,0.1879324560000001,0.6757070625572659,-2.1671553440683122e-16,3.3103735017055143,0.7018493651162818,0.0,0.0,4337.022099273884,1733.7340235472589,0.0,0.0,0.0,0.0,6102.5096457568325,3727.216637075093,0.0,242.6152064514746,138.7897502688811,0.0,2955.943276700845,3363.4086929741125,121.33319347490912,0.0,0.0,0.0,0.0,0.0,0.0,0.0,0.0,0.0,0.0,0.0,0.0,0.0,0.0,0.0,0.0,0.0,0.0,0.0
62,0.0137993514817273,0.2774770604158682,0.078030213368771,0.1879324560000001,0.5927622568762978,-2.1671553440683122e-16,3.583743713196802,0.7787699975892158,0.0,0.0,5369.155154460277,2292.850993737159,0.0,0.0,0.0,0.0,7507.372167549916,4864.301853816246,0.0,23.62062302260648,13.52809614066286,0.0,3393.24799473446,3552.679282608729,11.810311511303238,0.0,0.0,0.0,0.0,0.0,0.0,0.0,0.0,0.0,0.0,0.0,0.0,0.0,0.0,0.0,0.0,0.0,0.0,0.0
63,0.0181814054352156,0.2739461771144661,0.0915494713301119,0.1879324560000001,0.5378227282144395,-2.1671553440683122e-16,3.7235366397155008,0.8237031319924533,0.0,0.0,4185.648300350827,1796.8230793932998,0.0,0.0,0.0,0.0,5849.5635353105845,3808.131362246169,0.0,0.6672791137530397,0.3821689469676502,0.0,2628.2260467179817,2730.434381944217,0.3336395568765198,0.0,0.0,0.0,0.0,0.0,0.0,0.0,0.0,0.0,0.0,0.0,0.0,0.0,0.0,0.0,0.0,137.08617876358397,0.0,0.0
64,0.0236696653622513,0.2522107502486043,0.0974925101458034,0.1854310827493262,0.4635242055939344,-2.1671553440683122e-16,3.736497740908426,0.8332926914897546,0.0,0.0,2870.2554879724967,1232.3832864385054,0.0,0.0,0.0,0.0,4011.169089152555,2611.759038566557,0.0,0.0,0.0,0.0,1801.837401910468,1871.3525320759045,0.0,0.0,0.0,0.0,0.0,0.0,0.0,0.0,0.0,0.0,117.1559595755798,0.0,0.0,0.0,0.0,0.0,0.0,832.1979785939003,0.0,0.0
65,0.0479232770525456,0.2266131427774075,0.100219715521595,0.1599120215282391,0.3769919275948218,-2.1671553440683127e-16,3.5859669110578403,0.7814716619971557,0.0,0.0,1545.347431604834,598.3426105151948,0.0,0.0,0.0,0.0,2152.621544045686,1268.049500783468,0.0,0.0,0.0,0.0,874.8511606306855,908.5921707856148,0.0,0.0,0.0,0.0,839.5316795707122,1.2465334759253823,0.0,0.0,0.0,0.0,1997.0545200617253,76.62025765354683,0.0,0.0,0.0,0.0,298.9244941252192,1718.7849730412968,0.0,0.0
66,0.077367139415282,0.2003570616079725,0.1029609703255818,0.1274452849435213,0.2868737978870454,-2.1671553440683122e-16,3.2996453524015763,0.7153590008299642,0.0,0.0,1787.0886999203587,124.25856386231992,0.0,0.0,0.0,0.0,2420.0642234905604,263.3373569293677,0.0,0.0,0.0,0.0,181.68422371156703,188.6905470911217,0.0,0.0,0.0,0.0,2282.948185812464,87.48653269585725,0.0,0.0,0.0,0.0,3531.530536491401,828.371508970856,0.0,0.0,0.0,0.0,857.992356003996,2269.9520584047937,0.0,0.0
67,0.1054707670166109,0.1682143523610656,0.1036977736862943,0.0956029086777407,0.2102824208227927,-2.167155344068312e-16,2.988487697786676,0.6642198174846984,0.0,0.0,2321.565643065026,0.0,0.0,0.0,0.0,0.0,3080.049597995064,0.0,0.0,0.0,0.0,0.0,0.0,0.0,0.0,0.0,8.461506845584356,68.92153473950201,3645.2240453886607,869.0223933878749,0.0,0.0,0.0,0.0,5132.196047124534,2177.182541626004,0.0,35.69056821208581,0.0,0.0,1166.6501918932356,2594.326334294223,0.0,0.0
68,0.1309460957661124,0.1317992783760799,0.0948327544584721,0.0668823340066444,0.1696421032584746,-2.1671553440683122e-16,2.9115814887734284,0.6536346907774092,0.0,0.0,2307.550823728682,0.0,0.0,0.0,0.0,0.0,3070.570547699574,0.0,0.0,0.0,0.0,0.0,0.0,0.0,0.0,0.0,32.10099090201877,176.9094201899045,4008.138279383611,1089.787259515915,0.0,0.0,0.0,0.0,5623.244591694299,2530.0106814382425,0.0,91.18077341116364,0.0,0.0,1307.0052441668645,2789.9147415985744,0.0,0.0
69,0.1568031743992744,0.1078458896810631,0.0831400012823923,0.0412448285753548,0.1424009535330741,-2.1671553440683122e-16,3.127378117770465,0.6840303851960141,0.0,0.0,1214.3130661911614,0.0,0.0,0.0,0.0,0.0,1770.6263518766243,0.0,0.0,0.0,0.0,0.0,0.0,0.0,0.0,0.0,732.5972529939779,1281.9563089006174,4116.030078758281,876.6291011597627,0.0,279.523568059926,0.0,0.0,5824.882686425004,2027.742858326333,0.0,362.204667482876,0.0,0.0,1124.1658971983688,2931.964643752847,0.0,0.0
70,0.1817385279161758,0.082344312538206,0.0720146151121903,0.0285690307505749,0.1668795094906745,-2.1671553440683122e-16,3.506803779813445,0.8445471884620501,0.0,0.0,572.4038391263492,0.0,0.0,0.0,0.0,0.0,888.6626649274002,0.0,0.0,0.0,0.0,0.0,0.0,0.0,0.0,0.0,2106.994029210324,3554.879962311495,4501.461530077867,664.7094674771312,0.0,1002.70263682666,0.7378481290137505,0.0,5568.039930643704,1098.13626993829,0.0,220.4846759934304,0.0,0.0,304.23941782406666,1732.5488819474494,0.0,0.0
71,0.1912926096712397,0.056311452538206,0.0641818520730898,0.0376568346976743,0.2415924364186072,0.000504673948288,4.056787439531998,1.1474375687563203,0.0,0.0,418.3720652032729,0.0,0.0,0.0,0.0,0.0,649.5600656415352,0.0,0.0,0.0,0.0,0.0,0.0,0.0,0.0,0.0,2638.309637645866,5074.791080979119,4641.062363485568,464.288920955186,0.0,1254.8069955241915,46.07762293834758,0.0,5142.935740398693,512.4916291222588,0.0,138.3640115138607,0.0,0.0,230.00359286773565,1452.2652197471205,0.0,0.0
72,0.1885802916079725,0.0276221782524917,0.0517810937451507,0.0586511563455148,0.3257921204850526,0.0098899253762724,4.77422726967914,1.669307769016397,0.0,0.0,276.3081642353432,0.0,0.0,0.0,0.0,0.0,428.9773844595918,0.0,0.0,0.0,0.0,0.0,0.0,0.0,0.0,0.0,1974.8241179362608,4244.606779023603,4439.847991553969,242.79334313567307,0.0,958.5898231726552,69.9729894809833,0.0,5322.462943104855,521.860555743084,0.0,429.5069094748196,0.0,0.0,161.51570274881263,2203.575376842754,0.0,0.0
73,0.1856911836677731,0.0030794978960697,0.0354760339640195,0.0810062210631226,0.41605407842287,0.0290009415788877,5.573066627215459,2.312524628974613,0.0,0.0,177.90659953058076,0.0,0.0,0.0,0.0,0.0,260.7874324465348,0.0,0.0,0.0,0.0,0.0,0.0,0.0,0.0,0.0,1975.1983729975127,3980.087829021791,5256.943939706559,890.2850982781925,0.0,825.4637817852046,2.6667611042683204,0.0,6032.788621643462,1240.7109017443215,0.0,223.65522434704243,0.0,0.0,521.5872509459904,1422.1508150694317,0.0,0.0
74,0.182198445049833,8.661603720935186e-05,0.0271456710697676,0.1000566240398667,0.4988655422192718,0.1039906980916941,6.089521551029919,2.886952862904986,0.0,0.0,303.39212793317085,0.0,0.0,0.0,0.0,0.0,387.4963995968738,0.0,0.0,0.0,0.0,0.0,0.0,0.0,0.0,0.0,1331.810902252665,2819.80669918488,5317.747019507655,1129.7943421852024,0.0,495.5980116973328,0.0,0.0,6600.153753008997,1871.0943649939893,0.0,555.4468484964984,0.0,0.0,1534.9787702843298,2200.2574313152086,0.0,0.0
75,0.1584007444302633,4.973799150320687e-17,0.0193156325581396,0.1153548194972727,0.5817714200381139,0.2023849971029897,6.326520396870322,3.427489783804178,0.0,0.0,352.2763649385947,0.0,0.0,0.0,0.0,0.0,430.4485785164233,0.0,0.0,0.0,0.0,0.0,0.0,0.0,0.0,0.0,80.73556329048964,608.9694424117645,5147.846565549749,1423.3076342592694,0.0,1.2894068133496748,0.0,0.0,7381.768919963169,2867.721519468,0.0,835.8663016464127,15.282361821217547,0.0,2345.649182719966,3976.729236674265,303.8640917558445,0.0
76,0.1324941194750825,4.973799150320686e-17,0.0120448825116281,0.1170239039999994,0.6223221739671285,0.2938690221727573,6.456071549264568,3.8456547622294144,0.0,0.0,333.6255794997198,0.0,0.0,0.0,0.0,0.0,406.7762748993836,0.0,0.0,0.0,0.0,0.0,0.0,0.0,0.0,0.0,23.752028885832186,486.1598718732488,5162.725852055632,1454.1049085536706,0.0,0.0,0.0,0.0,7458.775988333589,2948.2235340567527,0.0,842.9224298232208,21.86302154974782,0.0,2378.5982411228283,4062.041150848235,421.53429237352896,0.0
77,0.1065946979601322,4.973799150320686e-17,0.0045373056300429,0.1170239039999994,0.6352180813811125,0.3875741243542954,6.474738605354306,4.167851501767919,0.0,0.0,273.16010492410425,0.0,0.0,0.0,0.0,0.0,337.98966624974554,0.0,0.0,0.0,0.0,0.0,0.0,0.0,0.0,0.0,70.44608185865533,394.04844147082514,5630.847467720644,1734.9243595520013,0.0,0.0,0.0,0.0,8041.117647641598,3423.277897095019,0.0,685.4548516197752,6.518149319489799,0.0,2187.1899127872543,3893.1251134028944,301.24568326532443,0.0
78,0.0796627914150261,1.026449885003696e-05,5.417374393279737e-06,0.1170293213743925,0.6670931067186336,0.4868535758011763,6.216012628307187,4.376605437112704,0.0,0.0,170.58484391222856,0.0,0.0,0.0,0.0,0.0,253.4580670339472,0.0,0.0,0.0,0.0,0.0,0.0,0.0,0.0,0.0,104.46687050561772,438.00696064654574,6315.7931028518005,1998.3456071537237,0.0,0.0,0.0,0.0,8597.515977527924,3749.9327064501567,0.0,552.4503084391438,0.0,0.0,2056.970308218854,3775.958106339737,162.87769833006297,0.0
79,0.0823653167441858,0.0036374043066143,2.30926389122033e-16,0.1143990746486253,0.7120436759913051,0.5774297491484155,5.518587929790877,4.586760196157054,0.0,0.0,104.54974627648564,0.0,0.0,0.0,0.0,0.0,205.14046082053545,0.0,0.0,0.0,0.0,0.0,0.0,0.0,0.0,0.0,113.92832768764782,471.5667256871776,6548.431809751739,2011.0917586268895,0.0,0.0307951813894305,0.0,0.0,8722.986272923668,3804.23324452706,0.0,551.8116278395087,0.0,0.0,2151.7687976344,3815.129772717592,161.97983610085333,0.0
80,0.0920338802733741,0.0412434548599905,0.0035549275415284,0.1021003077864257,0.7052345331741844,0.6050309777513064,4.700493738962507,5.0214819170916005,0.0,0.0,61.54070603986005,0.0,0.0,0.0,0.0,0.0,166.89335305035755,0.0,0.0,0.0,0.0,0.0,0.0,0.0,0.0,0.0,105.14757097215882,435.2426527917237,6043.972290034992,1856.1669131294689,0.0,0.2831157766621025,0.0,0.0,8051.006063593489,3511.178012353568,0.0,509.300653947969,0.0,0.0,1986.004259364065,3521.2267433439824,145.42760505096606,0.0
81,0.1186070445448501,0.1490864284216714,0.0291188308903656,0.1465801007510858,0.667114110924613,0.6049570421316137,3.786899777043193,5.630133646274216,0.0,0.0,41.40088760313169,0.0,0.0,0.0,0.0,0.0,131.25690198363938,0.0,0.0,0.0,0.0,0.0,0.0,0.0,0.0,0.0,79.77214133608231,330.26805882817587,4586.113699764936,1408.4433097545543,0.0,0.9970154113823306,0.0,0.0,6109.022504671689,2664.2650806586344,0.0,386.44670512432526,0.0,0.0,1506.954587514946,2671.864540952929,97.83495053189624,0.0
82,0.1568701182857141,0.3495281087840529,0.0603825618737544,0.2301014883588038,0.6449938624584746,0.6354097748993561,2.758295521951145,6.347140471176081,0.0,0.0,0.0,0.0,0.0,0.0,0.0,0.0,56.747034205202674,0.0,0.0,0.0,0.0,0.0,0.0,0.0,0.0,0.0,34.93878675491326,89.25812636835481,991.87558507935,298.886787987155,0.0,8.744067795694043,0.0,0.0,1316.020222306705,562.7268600015507,0.0,78.84517759690266,0.0,0.0,308.0101514263951,556.3724527063531,0.0,0.0
83,0.1966191366378738,0.5747578568970091,0.092860418332226,0.3192062722923591,0.6201838355595655,0.723056008692217,1.7755516476756077,7.209421839395113,0.0,0.0,0.0,0.0,0.0,0.0,0.0,0.0,42.675648500734845,0.0,0.0,0.0,0.0,0.0,0.0,0.0,0.0,0.0,547.728477540425,686.4650082237364,2477.349138555499,597.0806029876368,0.0,209.80409657706304,0.0,0.0,3151.5755710143526,1053.6507307712568,0.0,73.54385201869616,0.0,0.0,303.4349959961166,830.2816192057528,0.0,0.0
84,0.2314153632199339,0.7978188507285034,0.1250347434219269,0.4074444968196685,0.5721342750681749,0.7549935316576746,1.1790234766835912,8.030882376598008,0.0,0.0,0.0,0.0,0.0,0.0,0.0,0.0,21.54705559799249,0.0,0.0,0.0,0.0,0.0,0.0,0.0,0.0,0.0,1427.4498283664664,1782.172967853796,6079.742568274104,1412.6484616034193,0.0,565.6336736647868,0.0,0.0,7765.812839866145,2538.64681859874,0.0,197.40978564989828,0.0,0.0,728.7643958188269,2043.4637074196687,0.0,0.0
85,0.2362791960000003,1.005035413173957,0.1552511032230157,0.4907737266323615,0.5131125102424556,0.7606207808372101,1.0713410034053896,8.679951282846966,0.0,0.0,0.0,0.0,0.0,0.0,0.0,0.0,3.578478224859313,0.0,0.0,0.0,0.0,0.0,0.0,0.0,0.0,0.0,1280.5954620015352,1641.6074437830498,5783.72219990466,1260.4323846905645,0.0,546.5568103616121,0.0,0.0,7754.241108059497,2629.100444229005,0.0,395.1329066632812,0.0,0.0,1193.4802470003958,2606.977924379308,0.0,0.0
86,0.2362791960000003,1.1833596852419446,0.1865025226046514,0.5828396772844159,0.5039499925783637,0.7659064274950186,1.1632932373754188,9.064865413391017,0.0,0.0,0.0,0.0,0.0,0.0,0.0,0.0,0.0455826551864947,0.0,0.0,0.0,0.0,0.0,0.0,0.0,0.0,0.0,375.2023997566785,416.1836438991575,4599.514063430037,1094.7098358462974,0.0,99.31198513967408,0.0,0.0,7160.013377672657,3095.054914590292,0.0,858.8206297509869,0.0,0.0,2690.673529238249,4139.8365519971085,75.15151888424411,0.0
87,0.2368158896769392,1.3013157093096543,0.1988027503654487,0.6238925031497321,0.5238993603814892,0.7716032680540749,1.4624542259298925,9.458847966139531,0.0,0.0,0.0,0.0,0.0,0.0,0.0,0.0,0.0,0.0,0.0,0.0,0.0,0.0,0.0,0.0,0.0,0.0,159.71620871008474,145.21266656936476,2345.8104989365065,556.4712168728571,0.0,39.336784405164,0.0,0.0,3717.8021104500817,1634.2840771604758,0.0,492.7779514813629,8.944440148901128,0.0,1498.9139489249203,2284.452935704369,57.15035228506961,0.0
88,0.2350028628810028,1.3378208727680423,0.207372466405316,0.648104450577772,0.508672896463911,0.7431724633754165,1.831531342604656,9.933611238157654,0.0,0.0,0.0,0.0,0.0,0.0,0.0,0.0,0.0,0.0,0.0,0.0,0.0,0.0,0.0,0.0,0.0,0.0,71.02767662567653,156.92565391184252,1428.712651731057,384.4163036426113,0.0,13.747752735399644,0.0,0.0,2089.9396808850693,879.3340984132333,0.0,157.7940062809693,63.58239329490655,0.0,520.8638986713046,879.7732899908784,8.035439995065499,0.0
89,0.208037187747508,1.3588474421965966,0.2153540646777414,0.7235792458205978,0.4763157949189006,0.6679173570334187,2.1523741986695355,10.356548203326165,0.0,0.0,0.0,0.0,0.0,0.0,0.0,0.0,0.0,0.0,0.0,0.0,0.0,0.0,0.0,0.0,0.0,0.0,266.60149430380466,678.7404549744095,5128.018455064761,1436.2335863678386,0.0,44.02267741296446,0.0,0.0,7266.695884988161,2999.3055722322542,0.0,397.7823666785556,13.148307381820723,0.0,1394.0446201142297,2539.494102037817,0.6920161779905644,0.0
90,0.175900752598006,1.3445745472167263,0.2192130888684781,0.8036680974875896,0.435919578918118,0.6396069013953493,2.3881069138440494,10.56798821780027,0.0,0.0,0.0,0.0,0.0,0.0,0.0,0.0,0.0,0.0,0.0,0.0,0.0,0.0,0.0,0.0,0.0,0.0,721.1301922102664,1548.659504261556,6681.3454148758265,1989.5140578730468,0.0,118.41850406924,3.473497283937621,0.0,8633.873448568142,3321.5787022060235,0.0,220.49084539697128,0.0,0.0,823.5289364915225,2036.0749992651083,0.0,0.0
91,0.1450245698073083,1.2551318365756692,0.2004071492347497,0.8211187475473238,0.3932559038399681,0.6442457727325936,2.514378359423204,10.545114889544635,0.0,0.0,0.0,0.0,0.0,0.0,0.0,0.0,0.0,0.0,0.0,0.0,0.0,0.0,0.0,0.0,0.0,0.0,1649.2226306790324,2234.606259600412,7734.41816520578,2148.895880652521,0.0,514.264223933275,68.4313556671017,0.0,8694.724630179358,2643.676417414106,0.0,0.0,0.0,0.0,28.66497654838932,965.0809986909128,0.0,0.0
92,0.1125730715681054,1.060425344511626,0.1707967305448506,0.8104518180598015,0.3805757523794515,0.6650486577358796,2.581911661079265,10.24079159029164,0.0,0.0,0.0,0.0,0.0,0.0,0.0,0.0,0.0,0.0,0.0,0.0,0.0,0.0,0.0,0.0,0.0,0.0,2184.9514115618376,2439.774772128279,7862.71994114415,2010.5975067304996,0.0,810.3668333299908,229.4435017546477,0.0,8438.471983948195,2171.58250769771,0.0,0.0,0.0,0.0,0.0,894.2638968020777,0.0,0.0
93,0.0792857809659462,0.8512761693887043,0.1392294681926908,0.7981161714418628,0.3975328611852181,0.6634940376079724,2.5257930412724305,9.579327559671912,0.0,0.0,0.0,0.0,0.0,0.0,0.0,0.0,0.0,0.0,0.0,0.0,0.0,0.0,0.0,0.0,0.0,0.0,2673.706928359062,2787.3545933905084,7857.82189675243,1927.6631330131504,0.0,1074.5186805260148,353.1483909662664,0.0,8143.242918158948,1778.596059679817,0.0,0.0,0.0,0.0,0.0,735.9040209376786,0.0,0.0
94,0.0504429927045844,0.6530985371409977,0.1094833940531557,0.7688911992972791,0.431940639688508,0.6557447211428565,2.3290666019713013,8.752344810302993,0.0,0.0,0.0,0.0,0.0,0.0,0.0,0.0,0.0,0.0,0.0,0.0,0.0,0.0,0.0,0.0,0.0,0.0,2958.4458987541057,2992.326985720132,8116.8418194476435,2001.333754760337,0.0,1251.7648906064678,354.6425269865224,0.0,8233.617570084398,1709.3275265102309,0.0,0.0,0.0,0.0,0.0,481.0419816211792,0.0,0.0
95,0.0466112159999997,0.4427949718264622,0.0779707620175884,0.6824060760844265,0.4826118399820241,0.647758180704318,2.0257254100136843,7.81683800209107,0.0,0.0,0.0,0.0,0.0,0.0,0.0,0.0,0.0,0.0,0.0,0.0,0.0,0.0,0.0,0.0,0.0,0.0,3184.027106770274,3132.5920962240334,8733.507793816474,2232.576919990107,0.0,1393.758974673782,246.7483024524597,0.0,8676.089463015809,1845.879502195682,0.0,0.0,0.0,0.0,0.0,188.13727139891972,0.0,0.0
96,0.0466112159999997,0.2633988932411953,0.0460341357368773,0.5965375894139531,0.5370896094564818,0.6401670135548164,1.699250349467113,7.131587343322262,0.0,0.0,0.0,0.0,0.0,0.0,0.0,0.0,0.0,0.0,0.0,0.0,0.0,0.0,0.0,0.0,0.0,0.0,2825.2609528395906,2797.2614396497474,8869.83518876025,2354.819368521573,0.0,1234.4421014808536,217.0288280787211,0.0,9002.479632908322,2215.788617758334,0.0,0.0,0.0,0.0,49.06811968334035,405.3670757287248,0.0,0.0
97,0.0461396121298812,0.1512301898080612,0.0347533121063125,0.5693206116248972,0.5955017210668874,0.6276259095909223,1.3374256192184577,6.591289828409455,0.0,0.0,0.0,0.0,0.0,0.0,0.0,0.0,0.0,0.0,0.0,0.0,0.0,0.0,0.0,0.0,0.0,0.0,1627.9665747031424,1824.520904706136,8763.673827663742,2496.6623316509385,0.0,524.6692134166199,257.42988698831203,0.0,9613.361691452135,3245.6346097324736,0.0,0.0,0.0,0.0,438.9659125740098,1489.607357258555,0.0,0.0
98,0.0448258584916941,0.1225826053355482,0.0289561512558143,0.5679276803671084,0.6250715275290735,0.6067342379377066,1.0785309185855516,6.307752814400334,0.0,0.0,0.0,0.0,0.0,0.0,0.0,0.0,0.0,0.0,0.0,0.0,0.0,0.0,0.0,0.0,0.0,0.0,1544.5298110831072,1728.9337046219937,8680.247962797746,2479.7563162805936,0.0,494.3697295207765,263.0915498762869,0.0,9605.744721424704,3320.607294529359,0.0,0.0,0.0,0.0,574.5346019100332,1640.9860512030186,0.0,0.0
99,0.0418637787200239,0.1021946475330716,0.0220667716943525,0.5531722350262749,0.6273497428649982,0.5931560437094524,0.8151086240006082,6.1676210920066445,0.0,0.0,0.0,0.0,0.0,0.0,0.0,0.0,0.0,0.0,0.0,0.0,0.0,0.0,0.0,0.0,0.0,0.0,380.4583231612953,360.50797460015264,6894.293256152349,1928.64071298695,0.0,117.26231111973836,331.8367465625517,0.0,9132.5190257695,4238.71117033181,0.0,675.0096777793054,79.80690101315102,0.0,3003.0516414172525,4468.261101611717,50.75869407565997,0.0
100,0.0325449875481725,0.1038692567802562,0.0112286014086381,0.5680516316582817,0.6351944361234002,0.5978000984337916,0.508029717165641,6.29872654125107,0.0,0.0,0.0,0.0,0.0,0.0,0.0,0.0,0.0,0.0,0.0,0.0,0.0,0.0,0.0,0.0,0.0,0.0,249.34006674706305,78.96606282729748,5380.047701405894,1079.2234737592066,0.0,211.9982560849053,372.0756534242054,0.0,8051.2920819752,3563.1650941926823,0.0,1485.4395724338272,420.7734781575186,0.0,3883.127981789412,6050.967900663164,350.6439619390434,0.0
101,0.0234085697940195,0.1563812481995768,0.0019142357218969,0.6038488918470558,0.6483246278221703,0.6155039422861976,0.3650288084382999,6.982243386893389,0.0,0.0,0.0,0.0,0.0,0.0,0.0,0.0,0.0,0.0,0.0,0.0,0.0,0.0,0.0,0.0,0.0,0.0,357.3491029283578,80.57395339376046,4508.09560049391,422.9932677544492,0.0,438.5199647644797,411.1168208054976,0.0,7052.033259847545,2513.437239824995,0.0,1757.627472406153,843.3083693207465,0.0,3834.5980585970074,6624.595467515939,733.4767534539038,0.0
102,0.0152787065382056,0.2202352774086373,2.7178259642823837e-16,0.6367055698309632,0.6430933854275106,0.5939873969214614,0.283016898504721,7.841237509461533,0.0,0.0,0.0,0.0,0.0,0.0,0.0,0.0,0.0,0.0,0.0,0.0,0.0,0.0,0.0,0.0,0.0,0.0,334.677646386682,110.0996153487175,4431.10745120444,418.2235361331798,0.0,401.0658783200921,459.57882890654383,0.0,6855.156062075929,2357.528622297896,0.0,1823.240005713203,948.2400057132028,0.0,3807.536458153618,6643.88311720268,817.9011825198619,0.0
103,0.0080073140100994,0.2823418315614611,2.7178259642823837e-16,0.731549312372092,0.6181060077209333,0.5441819106976736,0.2543625818073126,8.781354419322263,0.0,0.0,0.0,0.0,0.0,0.0,0.0,0.0,0.0,0.0,0.0,0.0,0.0,0.0,0.0,0.0,0.0,0.0,322.68558002936857,128.41506216348506,4422.283326480666,444.47724326970143,0.0,373.2299324522761,473.42053842388646,0.0,6780.825787567303,2347.459238374938,0.0,1842.9439686735195,973.9729632892804,0.0,3767.514523739599,6572.438404307392,854.2764816446403,0.0
104,0.0025341597395346,0.3422164668890356,2.7178259642823837e-16,0.8441101841116267,0.5887277954790724,0.4971530816611285,0.241614703622595,9.688462120310964,0.0,0.0,0.0,0.0,0.0,0.0,0.0,0.0,0.0,0.0,0.0,0.0,0.0,0.0,0.0,0.0,0.0,0.0,412.9755137629949,138.5502631574381,4344.678061497146,473.2810233134648,0.0,420.4494877845558,634.9184567349955,0.0,6654.340471589625,2263.553484919727,0.0,1934.754286448005,1180.5911012536876,0.0,3622.004108112401,6560.925499477258,1000.2634973430268,0.0
105,1.132579733956366e-06,0.4027223586877066,2.7178259642823837e-16,0.9633783623521582,0.5547508873729264,0.4510452458720916,0.2335255171395386,10.613216904216776,0.0,0.0,0.0,0.0,0.0,0.0,0.0,0.0,0.0,0.0,0.0,0.0,0.0,0.0,0.0,0.0,0.0,0.0,500.3426044646717,227.4029077565373,4267.167493624514,383.859322400018,0.0,483.5256197274516,775.0355926545177,0.0,6430.643694041001,2028.9421775816736,0.0,2012.3788578487888,1351.4487236623584,0.0,3497.555415310264,6581.926208655306,1112.4821226503127,0.0
106,-2.629008122312373e-16,0.4304825718893374,0.0011290902654185,1.0550784973634544,0.5120052193587467,0.3927730357293859,0.2317560506921208,11.497444132797098,0.0,0.0,0.0,0.0,0.0,0.0,0.0,0.0,0.0,0.0,0.0,0.0,0.0,0.0,0.0,0.0,0.0,0.0,581.7454254427977,310.81839086304893,4194.441567586144,299.3017355788708,0.0,542.3461448577754,905.7114854094616,0.0,6220.516564439433,1808.6855038555025,0.0,2084.794238416948,1510.972288296031,0.0,3381.6164817077906,6601.996907428069,1217.3598757175491,0.0
107,-2.629008122312373e-16,0.4304099519999988,0.0058787065913624,1.1395937823435591,0.4581517839702984,0.3238072028313464,0.2233093047309003,12.069226846658587,0.0,0.0,0.0,0.0,0.0,0.0,0.0,0.0,0.0,0.0,0.0,0.0,0.0,0.0,0.0,0.0,0.0,0.0,696.92432474148,441.02443380711776,4109.779454817797,192.06433670759645,0.0,616.6049169760396,1055.868335493576,0.0,5973.106914316886,1520.8214170864564,0.0,2154.9957620447367,1681.9614169951085,0.0,3193.647691193122,6561.125296919024,1319.0619552806725,0.0
108,0.0006830912803858,0.4304099519999987,0.0108472309235883,1.2100936621846654,0.4227685239536171,0.2935679774284462,0.2025136643773616,12.24266632099693,0.0,0.0,0.0,0.0,0.0,0.0,0.0,0.0,0.0,0.0,0.0,0.0,0.0,0.0,0.0,0.0,0.0,0.0,891.055784148282,753.3875128478438,4031.781369418108,67.66923480108115,0.0,689.6864201321621,1147.8178209197024,0.0,5689.11962398559,1065.5342685345674,0.0,2085.9384654733094,1722.1086244413657,0.0,2689.373624319759,6101.343020993106,1291.8226839762433,0.0
109,0.0069882228837206,0.4445422819235869,0.0186293235598009,1.16304588882558,0.4065805087126278,0.2951238175564786,0.1647331045714316,12.061082571779904,0.0,0.0,52.94500905643878,0.0,0.0,0.0,0.0,0.0,65.45928392432431,0.0,0.0,0.0,0.0,0.0,0.0,0.0,0.0,0.0,880.4464421008538,780.5279437380483,4009.3400748300046,29.532330113336823,0.0,642.6246422292238,1011.5149671029524,0.0,5536.690215484345,1031.5823522598007,0.0,1935.0208772409237,1612.5424470884427,0.0,2435.970179784275,5676.794457736789,1177.9841733213905,0.0
110,0.0146485803588037,0.5180508251461785,0.0625815089885001,1.0621173711137224,0.3888117398272452,0.2884950818165089,0.1316132892473834,11.453845302117305,0.0,0.0,706.9490231592632,0.0,0.0,0.0,0.0,0.0,881.4412177751767,0.0,0.0,0.0,0.0,0.0,0.0,0.0,0.0,0.0,560.1405132106582,488.9509988573666,2605.8085746415545,6.265859698454558,0.0,402.6261427030395,621.8888090055781,0.0,3582.4566883452626,667.5610792237495,0.0,1229.4048746417736,1022.9307109975896,0.0,1548.7067008458073,3628.836891526456,740.938605205088,0.0
111,0.0223089378338867,0.5955973240066441,0.1339114400506647,0.9723361757142868,0.359261550500833,0.2679166611353819,0.1512354311461822,10.56262825695349,0.0,11.721219467401284,1129.8310654199363,0.0,0.0,0.7193766452402816,0.0,0.0,1512.8710179747598,0.0,0.0,0.0,0.0,0.0,3.808076369758188,10.5068588919498,0.0,0.0,472.4557513346936,355.4915348801341,2195.043067916944,0.0,0.0,302.78258396837253,499.2267451016037,0.0,3003.545452316201,190.1588297267251,0.0,977.3321533855049,823.6769996322668,0.0,1142.498719438349,3098.76587993306,601.0650690363829,0.0
112,0.0298926917342189,0.6724541847707641,0.2065111243760022,0.877835894982999,0.2975367150861859,0.2268819093992577,0.2538940450787601,9.47081086683682,0.0,170.48269734780965,1339.63928886008,0.0,0.0,10.46318356470228,0.0,0.0,1853.123895784944,0.0,0.0,0.0,0.0,0.0,55.38767813608455,152.82007555051402,0.0,0.0,496.9885392967104,313.69059911053495,2313.5787601937377,0.0,0.0,273.82386879129973,471.6207076540809,0.0,3153.9941421631643,0.0,0.0,917.5676025855706,779.6160595761536,0.0,1019.1780444876572,3251.4967674462987,571.60393607375,0.0
113,0.0376296527840528,0.7508637093887047,0.2773432423853827,0.7173224635215952,0.2292136282166139,0.1802218531694359,0.3877197682245877,8.334772068885847,0.0,637.0457094582185,1645.164504560759,0.0,0.0,39.097963024181205,0.0,0.0,2277.6542041016223,0.0,0.0,0.0,0.0,0.0,206.96811619222527,571.0454782981328,0.0,0.0,477.7298225895317,222.53217275788185,2243.389019051117,0.0,0.0,194.25070642179367,334.5678228466484,0.0,3048.8198543495564,0.0,0.0,650.9226378940925,553.059786127946,0.0,723.0051053810836,3024.9857581022347,405.4959447689011,0.0
114,0.0446329595705977,0.8269442382259142,0.3459166208970103,0.554441675945183,0.1661002827533254,0.1344922475307313,0.531018348294023,7.49448472073422,183.366482788024,2229.86627840091,2511.9101863677247,0.0,0.0,241.589471832272,0.0,0.0,3453.254566119414,8.67509265562363,0.0,29.318373130414127,0.0,0.0,672.510792069936,1797.8813013586848,0.0,0.0,308.6475960863385,0.0,1542.5338499844709,0.0,0.0,0.0,0.0,0.0,2172.592124395168,0.0,0.0,0.0,0.0,0.0,0.0,1449.0632230582603,0.0,0.0
115,0.0461153519999996,0.8915322032951707,0.4131600181548684,0.4406876933207256,0.107377255115515,0.086650935097368,0.7052530761029931,6.939735181104778,1155.1310091340613,3501.864099671854,2725.4709141726994,137.9807302190491,0.0,858.3410375564418,0.0,0.0,3498.3157145539058,256.8345964170149,0.0,36.04901846006208,0.0,0.0,550.3809461835021,1621.3952663178227,0.0,0.0,0.0,0.0,0.0,0.0,0.0,0.0,0.0,0.0,1089.7783906407535,0.0,0.0,0.0,0.0,0.0,0.0,0.0,0.0,0.0
116,0.0461153519999996,0.8981690109401104,0.4447754486457752,0.3710700758660317,0.0588223734607187,0.0497483338572326,0.8777788579685764,6.681961324364908,549.7755885939256,1649.2448060608615,1278.8043767692527,94.97273395727456,0.0,407.7140503195232,22.420155055332188,0.0,1638.2217772799352,123.19773641383902,0.0,15.542291495606618,0.0,0.0,255.022858765116,754.4568251503855,0.0,0.0,0.0,0.0,0.0,0.0,0.0,0.0,0.0,0.0,166.8703492357014,0.0,0.0,0.0,0.0,0.0,0.0,0.0,0.0,0.0
117,0.0465765659242521,0.9150012829435225,0.4442800588265779,0.2873058255747506,0.0197509412950191,0.0222705262205979,1.0213548306538234,6.622397199669766,264.12281128982283,524.8981576208556,416.7381911359499,61.54493145571807,0.0,183.8560651859873,104.70596744745863,0.0,517.582638423708,19.473243402142863,0.0,27.04894416792124,0.0,0.0,77.57789922407174,240.05219971510544,0.0,0.0,0.0,0.0,0.0,0.0,0.0,0.0,0.0,0.0,9.85219760208733,0.0,0.0,0.0,0.0,0.0,0.0,0.0,0.0,0.0
118,0.0498903166451609,0.9351270188970104,0.4402959316146178,0.2089096394911583,0.0495005232210935,0.0140580446498767,1.1087300096727064,6.588149940131177,1564.5740448598908,2789.7877313104887,2232.3768674270686,130.72328845065917,0.0,1074.3456684286484,176.72562538254772,0.0,2743.922087862532,68.06795534083645,0.0,183.4078404327386,0.0,0.0,405.6458631312524,1275.6709639839055,0.0,0.0,0.0,0.0,0.0,0.0,0.0,0.0,0.0,0.0,0.0,0.0,0.0,0.0,0.0,0.0,0.0,0.0,0.0,0.0
119,0.0497897595072337,0.949964384687172,0.4348355554710104,0.1778843414519342,0.1568031200499436,0.0147146220462972,1.1809963952414564,6.556279558257427,2399.22211481619,4247.3793985646125,3361.625014668133,111.20814846093133,0.0,1544.8301256589805,230.48807204035649,0.0,3975.3015868111074,147.98747647335472,0.0,288.64859632625047,0.0,0.0,569.735500690896,1904.7240569723288,0.0,0.0,0.0,0.0,0.0,0.0,0.0,0.0,0.0,0.0,0.0,0.0,0.0,0.0,0.0,0.0,0.0,0.0,0.0,0.0
120,0.0464538903787373,0.8655456673023255,0.3974955070276854,0.1752362753133996,0.3394232095149527,0.0296414497032115,1.2867427047486215,6.328174466363235,2439.5603007315767,4350.663998156064,3429.834993869468,55.08916179977379,0.0,1478.727134812348,240.94149887819327,0.0,3912.5841228358127,201.10759798946867,0.0,311.41528490804694,0.0,0.0,563.9065928634658,1956.1392293359947,0.0,0.0,0.0,0.0,0.0,0.0,0.0,0.0,0.0,0.0,0.0,0.0,0.0,0.0,0.0,0.0,0.0,0.0,0.0,0.0
121,0.043311496425249,0.7298063751229227,0.3212037760251284,0.1562655266312287,0.5487534143521619,0.0491234837740864,1.3288345882858386,5.892217020817639,1837.2084688324856,3892.063380421184,3498.764645539909,96.81405917150038,0.0,1131.9245934781654,245.4105799112448,0.0,4019.608303677919,252.0816882128262,0.0,486.46598856588304,0.0,0.0,961.0228595683144,2505.455345448848,0.6113041875284759,0.0,0.0,0.0,0.0,0.0,0.0,0.0,0.0,0.0,0.0,0.0,0.0,0.0,0.0,0.0,0.0,0.0,0.0,0.0
122,0.0402555903787373,0.5954996193206941,0.2434854556239989,0.1367303230001949,0.75507072829236,0.0680701012624586,1.256872740877078,5.470090138341999,890.1815669898905,3132.256138132657,3603.028962318139,193.37359915733916,0.0,627.3789214839551,249.33191385655735,0.0,4229.923471737174,313.7380349602021,0.0,761.7115146986008,0.0,0.0,1586.3276333735057,3356.9514228737557,35.678061165364504,0.0,0.0,0.0,0.0,0.0,0.0,0.0,0.0,0.0,0.0,0.0,0.0,0.0,0.0,0.0,0.0,0.0,0.0,0.0
123,0.0365627151535903,0.4480456599269081,0.1712538809102995,0.1140759019136212,0.948416820380271,0.0877141819435218,1.155601357751087,5.020666972606178,1091.2812525598129,3149.6557028159277,3678.561543918813,254.838597398086,0.0,790.6546765920114,251.90088892724503,0.0,4256.689824623639,345.4864631057827,0.0,779.6255376744334,0.0,0.0,1472.589668108289,3242.8702242675104,26.77554826262069,0.0,0.0,0.0,0.0,0.0,0.0,0.0,0.0,0.0,0.0,0.0,0.0,0.0,0.0,0.0,0.0,0.0,0.0,0.0
124,0.0299787435677151,0.2966477550697661,0.0991818606378738,0.0905750783521595,1.0958673700769983,0.1219480457424273,1.029509374053552,4.473080561703334,1872.6953014379555,3531.066850922754,3821.1093752956767,353.4994923112952,0.0,1290.202937585787,256.0243269826189,0.0,4276.554687647837,358.87898964816486,0.0,643.0300279981402,0.0,0.0,986.9020642088047,2622.042337292937,0.0,0.0,0.0,0.0,0.0,0.0,0.0,0.0,0.0,0.0,0.0,0.0,0.0,0.0,0.0,0.0,0.0,0.0,0.0,0.0
125,0.0287601119999996,0.1745274851500128,0.0380005053258371,0.0700403781528239,1.2524833159151558,0.1527870020209558,0.9219743730835728,3.92787839187324,2231.30791411277,3708.955952629497,3952.1387539002926,478.7667262163946,0.0,1488.3923106221912,178.34717766536937,0.0,4394.352126035848,463.3217799060485,0.0,456.3550616869459,0.0,0.0,781.6405658765871,2233.0220427294944,0.0,0.0,0.0,0.0,0.0,0.0,0.0,0.0,0.0,0.0,0.0,0.0,0.0,0.0,0.0,0.0,0.0,0.0,0.0,0.0
126,0.0287601119999996,0.1454368572338182,0.0047821563842368,0.0561851858746705,1.4504107777825657,0.1743695047973421,0.8449876748571461,3.352864391158664,1710.712912537505,3157.5456478654205,4091.042034709836,802.6934409249138,0.0,1182.5270738396096,0.0,0.0,4728.201860619897,1109.6190123882338,0.0,283.8882005662924,0.0,0.0,1246.9767139504568,2425.1127381149245,0.0,0.0,0.0,0.0,0.0,0.0,0.0,0.0,0.0,0.0,0.0,0.0,0.0,0.0,0.0,0.0,0.0,0.0,0.0,0.0
127,0.0280731024576897,0.1284757265780729,7.198442603126842e-05,0.0514965472026576,1.782651300888805,0.1957377836810629,0.9946156624373692,2.728256261074842,21.28617483406171,1601.8358974680027,4192.75593353144,1331.4778102434602,0.0,184.77735550786468,0.0,0.0,5311.630077910178,2442.8736721779,0.0,195.05360073536423,0.0,0.0,2689.5885580873937,3522.6375673492284,0.0,0.0,0.0,0.0,0.0,0.0,0.0,0.0,0.0,0.0,0.0,0.0,0.0,0.0,0.0,0.0,0.0,0.0,0.0,0.0
128,0.0253360145780727,0.1082276720132885,3.9079850466805397e-16,0.0897480084682429,2.0681814271753023,0.215733787774086,1.2960692056767675,2.2650079571303423,0.0,894.9413985894807,3644.502500117936,910.4552946259354,0.0,85.40251504460568,0.0,0.0,5260.1484736231405,2660.802900188464,0.0,427.0301169746188,0.0,0.0,3985.134021704504,4711.769577754712,0.0,0.0,0.0,0.0,0.0,0.0,0.0,0.0,0.0,0.0,0.0,0.0,0.0,0.0,0.0,0.0,0.0,0.0,0.0,0.0
129,0.0230033121727571,0.0891706794817269,7.061806245886258e-05,0.2486486140863785,2.3078012647468484,0.2287534301820595,1.6795270431176113,1.9525895368026496,0.0,625.1766640716596,3354.5806018018784,701.8074382491917,0.0,96.40264923014524,0.0,0.0,5296.958718488329,2627.651290960888,0.0,700.0557824542483,0.0,0.0,4549.294172095768,5528.422151461527,0.0,0.0,0.0,0.0,0.0,0.0,0.0,0.0,0.0,0.0,0.0,0.0,0.0,0.0,0.0,0.0,0.0,0.0,0.0,0.0
130,0.020792104684385,0.0708036205020939,0.0058478180531565,0.4116570996547737,2.5054347817752465,0.2175842171362124,2.1189894262897613,1.756907481416429,0.0,607.7120981420027,3135.22684537843,658.6843566576911,0.0,78.93096272278936,0.0,0.0,5275.868437374085,2511.8394479316844,0.0,1188.619403952267,0.0,0.0,4796.158714836605,6153.7055869948745,0.0,0.0,0.0,0.0,0.0,0.0,0.0,0.0,0.0,0.0,0.0,0.0,0.0,0.0,0.0,0.0,0.0,0.0,0.0,0.0
131,0.0183136083787372,0.0485666663920264,0.0164759462790701,0.5908693184252491,2.6158958632930718,0.197126120511628,2.630599822388231,1.6297682200287045,0.0,611.4141480972988,2979.135039291813,506.118200297799,0.0,203.41554758598824,0.0,0.0,5075.260018556332,2013.0011967524983,0.0,1426.8981892701695,0.0,0.0,4600.7432357885855,6120.87359502141,0.0,0.0,0.0,0.0,0.0,0.0,0.0,0.0,0.0,0.0,0.0,0.0,0.0,0.0,0.0,0.0,0.0,0.0,0.0,0.0
132,0.015786514106312,0.0268299215681061,0.0273124691760801,0.7731864784235883,2.6475874912350474,0.1762668847375418,3.163282945220933,1.6665965015581328,0.0,615.0641117883046,3047.721630819653,420.5308959184285,0.0,463.9061253542957,0.0,0.0,4916.777182289928,1522.393338706639,0.0,1487.5074272570023,0.0,0.0,3950.29410467028,5627.179135143987,0.0,0.0,0.0,0.0,0.0,0.0,0.0,0.0,0.0,0.0,0.0,0.0,0.0,0.0,0.0,0.0,0.0,0.0,0.0,0.0
133,0.0139127881812822,0.0271094285182722,0.0378364000664455,0.9538561810764126,2.5412747457295803,0.1550471428117595,3.5591717950429422,1.8831831173391784,0.0,671.4721430926054,3089.1736973792003,401.5485352380224,0.0,543.1682342007952,0.0,0.0,4896.797436635291,1423.8326140344016,0.0,1474.7988457760234,0.0,0.0,3738.9247684932207,5454.853919105743,0.0,0.0,0.0,0.0,0.0,0.0,0.0,0.0,0.0,0.0,0.0,0.0,0.0,0.0,0.0,0.0,0.0,0.0,0.0,0.0
134,0.0141321239999997,0.0331059234019931,0.0486729229634555,1.10239936319484,2.439227468801254,0.1189669989767437,3.9849958703334023,2.084733371371501,131.6396389695096,1384.193583764382,3212.286651456101,348.5751355206586,0.0,790.5766910707417,0.0,0.0,4823.051730559184,1105.6884257255033,0.0,1321.9258730178349,0.0,0.0,2969.0563483798933,4658.5482220094,0.0,0.0,0.0,0.0,0.0,0.0,0.0,0.0,0.0,0.0,0.0,0.0,0.0,0.0,0.0,0.0,0.0,0.0,0.0,0.0
135,0.0141321239999997,0.0390751233160052,0.0591233270197384,1.113887638285714,2.2850473263083915,0.084054342390463,4.334589551648232,2.2443226662223905,716.5457978658228,2378.393012651349,3314.473383992193,262.3902493960547,0.0,1133.4363934584053,0.0,0.0,4642.137492524035,640.3041952355388,0.0,1244.6192094525695,0.0,0.0,2256.5572032189502,4044.8727869168106,0.0,0.0,0.0,0.0,0.0,0.0,0.0,0.0,0.0,0.0,0.0,0.0,0.0,0.0,0.0,0.0,0.0,0.0,0.0,0.0
136,0.0141321239999997,0.0458595949036542,0.0627267960000002,1.110245673707641,2.125703561520356,0.0655652467375415,4.50677502380482,2.3685656970423548,989.1704309805452,2709.171158961208,3261.8463256564,169.69604059464555,0.0,1232.729688648594,0.0,0.0,4469.301720471138,390.7199431700214,0.0,1372.4552600346788,0.0,0.0,2236.775615471053,4243.459377297188,8.5,0.0,0.0,0.0,0.0,0.0,0.0,0.0,0.0,0.0,0.0,0.0,0.0,0.0,0.0,0.0,0.0,0.0,0.0,0.0
137,0.0141115831220927,0.0579275794678153,0.0627267960000002,1.1094957,1.868763151016617,0.046745478179402,4.504888081616488,2.5038478031056868,1067.760095009874,2894.971021381437,3219.654869357208,177.0060570101397,0.0,1253.5788598562206,0.0,0.0,4365.619714961948,241.99976246688448,0.0,1426.8011876487164,17.251543944174365,0.0,2186.8945368142186,4328.725178147729,155.59073634338444,0.0,0.0,0.0,0.0,0.0,0.0,0.0,0.0,0.0,0.0,0.0,0.0,0.0,0.0,0.0,0.0,0.0,0.0,0.0
138,0.012723606657807,0.077492780260465,0.0627267960000002,1.0820390385514955,1.6371258936903708,0.0268784646219269,4.3685473246750846,2.5425706473036502,1001.2587304006828,3077.821311810726,3166.658208229922,357.72055929456803,0.0,1197.682278113254,0.0,0.0,4270.374102519005,113.94100851393692,0.0,1428.0659269247556,57.658208229921904,0.0,2051.80523838372,4309.938397660133,204.5168080879144,0.0,0.0,0.0,0.0,0.0,0.0,0.0,0.0,0.0,0.0,0.0,0.0,0.0,0.0,0.0,0.0,0.0,0.0,0.0
139,0.0143134821153016,0.0910066941926909,0.0627081417455543,0.9250005205315626,1.4577287674520285,0.0148816858604651,4.115620357062344,2.473431845149885,1029.4309949249246,3688.216706475255,3105.6065360703333,493.4703678007231,0.0,958.5792147248856,0.0,0.0,3989.151470576979,2.6695175461284943,0.0,1331.079622624798,142.81990317258914,0.0,1582.564271418255,3931.061201920176,309.697216823598,0.0,0.0,0.0,0.0,0.0,0.0,0.0,0.0,0.0,0.0,0.0,0.0,0.0,0.0,0.0,0.0,0.0,0.0,0.0
140,0.0320183668010628,0.1034856636279069,0.0570873726179404,0.7388558931229244,1.266699430972231,0.015139502192691,3.657153254818607,2.406545351971288,1134.7810917886004,3666.4969722988026,3098.922240501121,640.2320097863617,0.0,1036.080680589442,0.0,0.0,3879.065720403182,0.0,0.0,1247.862647209426,134.73779550177414,0.0,1317.7193107255496,3538.838544446499,238.20596971278573,0.0,0.0,0.0,0.0,0.0,0.0,0.0,0.0,0.0,0.0,0.0,0.0,0.0,0.0,0.0,0.0,0.0,0.0,0.0
141,0.071296923887043,0.1167668119507389,0.0458340603787378,0.5398101529235886,1.1684913736091231,0.0235699428789093,3.095967656870434,2.2382468176606616,1386.945090318026,3791.97916237024,3136.04562750642,814.7174376447591,0.0,1206.8105468066476,0.0,0.0,3803.51426857817,0.0,0.0,1079.8991163512108,76.17137713876679,0.0,912.1040215450204,2866.393655746229,108.9149939476604,0.0,0.0,0.0,0.0,0.0,0.0,0.0,0.0,0.0,0.0,0.0,0.0,0.0,0.0,0.0,0.0,0.0,0.0,0.0
142,0.1093918633063122,0.1265989664531562,0.035101734817276,0.3499794932890368,1.157175778400005,0.0509715061182724,2.563594164340202,1.937447179136203,3352.528793569539,5814.856874511995,4036.089892961043,976.3020454818784,0.0,1981.7599222677663,65.66407337282622,0.0,3786.503833082292,0.0,0.0,316.9782740315422,11.20299067406367,0.0,160.10964569179745,880.3911154359797,15.457290930037216,0.0,0.0,0.0,0.0,0.0,0.0,0.0,0.0,0.0,0.0,0.0,0.0,0.0,0.0,0.0,0.0,0.0,0.0,0.0
143,0.1480792160859878,0.1270785471463748,0.0250987906046516,0.1730499464451827,1.2380048911799937,0.099580528704319,2.185749760840339,1.6366798378956322,3899.140088408471,6869.647243003603,5092.158392616545,1227.433494489162,0.0,2258.2473541521963,112.62945635584543,0.0,4028.2031021841503,0.0,0.0,0.0,0.0,0.0,0.0,0.0,0.0,0.0,0.0,0.0,0.0,0.0,0.0,0.0,0.0,0.0,0.0,0.0,0.0,0.0,0.0,0.0,0.0,0.0,0.0,0.0
144,0.1889398341926909,0.1210814223787374,0.0153042410631234,0.0226118466429733,1.26196759693611,0.1527310158547479,1.8297753220242632,1.3984345570949446,3322.676493218999,6766.241499718997,5497.429556208553,1548.7732439523822,0.0,2121.876895769127,83.25697831816123,0.0,4378.250153307225,29.287808568421624,0.0,0.0,0.0,0.0,0.0,0.0,0.0,0.0,0.0,0.0,0.0,0.0,0.0,0.0,0.0,0.0,0.0,0.0,0.0,0.0,0.0,0.0,0.0,0.0,0.0,0.0
145,0.2273935204971662,0.1136484045448502,0.0078954979863205,3.9079850466805397e-16,1.318248952704326,0.2008834022990035,1.6345401706843887,1.2324550647473032,3248.16353338917,6661.392705039312,5830.340774077158,1844.6560590533184,0.0,2448.6077383441,65.03431367311727,0.0,4908.975284180371,428.10951545734383,0.0,0.0,0.0,0.0,0.0,0.0,0.0,0.0,0.0,0.0,0.0,0.0,0.0,0.0,0.0,0.0,0.0,0.0,0.0,0.0,0.0,0.0,0.0,0.0,0.0,0.0
146,0.2581582065667773,0.1044318825149498,0.0123501024538209,3.9079850466805397e-16,1.4888995735993416,0.257295757395349,1.6579037393103029,1.054397343318927,3292.518185973648,6423.266852968718,6173.785038942366,2127.281401747636,0.0,3010.260668787972,40.65699253826492,0.0,5615.246120009053,899.2097480617575,0.0,0.0,0.0,0.0,0.0,0.0,0.0,0.0,0.0,0.0,0.0,0.0,0.0,0.0,0.0,0.0,0.0,0.0,0.0,0.0,0.0,0.0,0.0,0.0,0.0,0.0
147,0.2780730355813951,0.0984746067145874,0.0220655361528242,3.9079850466805397e-16,1.624144255624589,0.3099238921549377,1.7466295901452782,0.977419867493194,2611.822378763622,4801.789119060405,4692.388121570752,1572.9218025995149,0.0,2439.6717353444824,18.27963907732682,0.0,4328.160062480052,647.7239016277998,0.0,0.0,0.0,0.0,0.0,0.0,0.0,0.0,0.0,0.0,0.0,0.0,0.0,0.0,0.0,0.0,0.0,0.0,0.0,0.0,0.0,0.0,0.0,0.0,0.0,0.0
148,0.2932673134485046,0.0899961859614613,0.0294511915614621,3.9079850466805397e-16,1.656317668766971,0.3361214241670616,1.875247555366308,1.043850813785657,1648.662496100702,2893.024201019059,2852.4012213224846,932.3654324321292,0.0,1540.9946619497716,15.580657164415584,0.0,2617.5673165281087,395.04624495290375,0.0,0.0,0.0,0.0,0.0,0.0,0.0,0.0,0.0,0.0,0.0,0.0,0.0,0.0,0.0,0.0,0.0,0.0,0.0,0.0,0.0,0.0,0.0,0.0,0.0,0.0
149,0.3067902174162312,0.0833479841063118,0.0386131438405318,3.9079850466805397e-16,1.6558663234855278,0.3410472209890842,2.117477046149032,1.1815176383483528,1357.6414194594322,2159.2141954362683,1977.195351239082,528.6705228880022,0.0,1162.9892595595716,96.3820085696984,0.0,1834.733946069128,182.75364988848293,0.0,0.0,0.0,0.0,0.0,0.0,0.0,0.0,0.0,0.0,0.0,0.0,0.0,0.0,0.0,0.0,0.0,0.0,0.0,0.0,0.0,0.0,0.0,0.0,0.0,0.0
150,0.3012772592397664,0.0790614476148682,0.0494579036810633,3.9079850466805397e-16,1.6407308294946448,0.3332403766644525,2.467310054562029,1.2995545307407907,3874.3245193383455,6062.624231661046,5517.927371739956,1357.1404744340623,0.0,3201.362226746987,349.1303793361321,0.0,5171.718407339464,455.0450579861347,0.0,0.0,0.0,0.0,0.0,40.19197202522351,0.0,0.0,0.0,0.0,0.0,0.0,0.0,0.0,0.0,0.0,0.0,0.0,0.0,0.0,0.0,0.0,0.0,0.0,0.0,0.0
151,0.2751443903122921,0.0767433696696542,0.0560991492042878,3.9079850466805397e-16,1.54635304960522,0.3251248581234879,2.708422269402624,1.3726428577418546,3198.246529202277,5404.34836827738,5726.091319974704,1132.234778237496,0.0,2251.3717397567666,329.73580682536704,0.0,5711.568749244466,554.6417958730565,0.0,0.0,0.0,0.0,125.36237275046258,539.3034071341123,0.0,0.0,0.0,0.0,0.0,0.0,0.0,0.0,0.0,0.0,0.0,0.0,0.0,0.0,0.0,0.0,0.0,0.0,0.0,0.0
152,0.2463492975904434,0.0752201537982608,0.0562805640000002,3.9079850466805397e-16,1.3746352358297915,0.2983729566022476,2.8276037870245303,1.416993419957575,2168.856656317707,4264.194903836295,5542.542674424989,1085.3785283514285,0.0,1402.4574777597545,289.36539265472186,0.0,5771.76863963174,743.8475323432807,0.0,9.654601935249993,0.0,0.0,587.9015361516763,1238.7431815425573,0.0,0.0,0.0,0.0,0.0,0.0,0.0,0.0,0.0,0.0,0.0,0.0,0.0,0.0,0.0,0.0,0.0,0.0,0.0,0.0
153,0.2029216339734224,0.0705935624544373,0.0563768038597534,3.9079850466805397e-16,1.2157181616570991,0.2461165776478399,2.9347239863336525,1.4254519832641084,1147.0208049873406,2979.030462776161,5321.106678106975,1095.8462072667578,0.0,628.8895208038682,297.64621600123263,0.0,5801.048773746582,995.8123612591734,0.0,306.7591295096398,47.54925227987941,0.0,1187.4278960283843,2073.8071550737614,0.0,0.0,0.0,0.0,0.0,0.0,0.0,0.0,0.0,0.0,0.0,0.0,0.0,0.0,0.0,0.0,0.0,0.0,0.0,0.0
154,0.1571501743654481,0.0714917276013285,0.0669803536345517,3.9079850466805397e-16,1.145996418335482,0.1885234829857916,2.983379618600698,1.3770692526404107,365.87808214281,748.8840557036297,4944.907092140822,1303.6578851243648,0.0,154.5679947737735,292.90428822969733,0.0,5825.341807128205,1500.6444747166488,0.0,1091.4823536480042,510.4037526015056,0.0,2166.195199223542,3436.2871895116027,0.0,0.0,0.0,0.0,0.0,0.0,0.0,0.0,0.0,0.0,0.0,0.0,0.0,0.0,0.0,0.0,0.0,0.0,0.0,0.0
155,0.1186134887418408,0.0749872603197182,0.0819479944232952,3.9079850466805397e-16,1.0487925918163032,0.1385610402259135,2.88667351961697,1.2738398108758966,124.23992720627125,203.7984992447108,4985.625724048673,1546.8107662732466,0.0,68.63715316098089,181.6885746757879,0.0,5914.322575241143,1704.9049560374492,0.0,1069.2315845991006,617.4117564005301,0.0,2141.5190230431804,3416.3639067866043,0.0,0.0,0.0,0.0,0.0,0.0,0.0,0.0,0.0,0.0,0.0,0.0,0.0,0.0,0.0,0.0,0.0,0.0,0.0,0.0
156,0.0925089314782725,0.0797286217012621,0.0918361544053158,3.9079850466805397e-16,0.8835797156483758,0.0872308792823921,2.7121284774777474,1.163577115396934,70.33006204014872,108.04328371385166,5256.387730960769,1799.0433409716827,0.0,23.44335401338291,73.89752895522872,0.0,6206.432076907036,1956.3877309607692,0.0,840.6078875207501,465.2282194071117,0.0,1934.7426834219295,3040.3776052665075,0.0,0.0,0.0,0.0,0.0,0.0,0.0,0.0,0.0,0.0,0.0,0.0,0.0,0.0,0.0,0.0,0.0,0.0,0.0,0.0
157,0.0740460037873755,0.0768885729966776,0.101264159960133,3.9079850466805397e-16,0.7112600555642936,0.0382962142944794,2.5219169328120508,1.040326317285634,0.0,0.0,5454.54659117431,1936.8738626608529,0.0,0.0,0.0,0.0,6402.628754331282,2136.256142050274,0.0,628.2528179774105,270.03202028792134,0.0,1795.691573585394,2740.3203424457324,0.0,0.0,0.0,0.0,137.17836843027445,0.0,0.0,0.0,0.0,0.0,216.43698130109965,0.0,0.0,0.0,0.0,0.0,0.0,51.032611136200856,0.0,0.0
158,0.0557940180423588,0.0738367854219268,0.1104977736478406,3.9079850466805397e-16,0.5391966550739254,0.0083301411054817,2.274404304961798,0.8755587818521504,0.0,0.0,5416.737165037194,1868.5167439596896,0.0,0.0,0.0,0.0,6345.212647546879,2072.3044750501062,0.0,544.0005713440839,220.91042696253427,0.0,1720.927992154212,2611.1421707736813,0.0,0.0,0.0,0.0,333.24517490315657,0.0,0.0,0.0,0.0,0.0,525.7868315138693,0.0,0.0,0.0,0.0,0.0,0.0,123.9726905812566,0.0,0.0
159,0.0406196632823919,0.0708492460066444,0.1195369954684386,3.9079850466805397e-16,0.3715060862272464,-5.151434834260747e-17,1.9854357768318984,0.6896915998697579,0.0,0.0,5128.309681566511,1421.3460970850392,0.0,0.0,0.0,0.0,5937.262667997578,1618.4044890206258,0.0,124.328496369787,0.1768458375632993,0.0,1286.8367279876318,1915.2255138307223,0.0,0.0,0.0,0.0,2078.7641612487373,0.0,0.0,0.0,0.0,0.0,2807.929295354756,117.08076862458503,0.0,0.0,0.0,0.0,43.25668044741053,882.0548319640347,0.0,0.0
160,0.0268161933289035,0.0670707268922458,0.1218925903601831,3.9079850466805397e-16,0.1950987056536117,-5.151434834260748e-17,1.686340386538213,0.4956178863441259,0.0,0.0,4600.603100368372,792.2981972914046,0.0,0.0,0.0,0.0,5248.72362529976,812.1068177039064,0.0,4.79306827005048,0.0,0.0,797.529841060725,1367.684629219339,0.0,0.0,0.0,0.0,2603.79310227784,6.922739627937886,0.0,0.0,0.0,0.0,3475.570712487174,459.2193719722332,0.0,0.0,0.0,0.0,227.16429366650905,1192.94127782214,0.0,0.0
161,0.0110407990963453,0.0598632714479417,0.1150647120810857,3.9079850466805407e-16,0.0593990428954377,-5.151434834260748e-17,1.433927628871678,0.3137520195889316,0.0,0.0,4159.890148406785,371.12017547348745,0.0,0.0,0.0,0.0,4741.05267022785,382.705619233816,0.0,0.0,0.0,0.0,654.0220073519031,1295.8374781789344,0.0,0.0,0.0,0.0,2907.2852902857658,80.48784067185149,0.0,0.0,0.0,0.0,4038.1897828095066,797.5493826164139,0.0,0.0,0.0,0.0,456.7096270118551,1409.2722681215575,0.0,0.0
162,0.0003157495016609,0.0506033879601327,0.1147925160000001,3.9079850466805397e-16,0.0199144583521639,-5.151434834260747e-17,1.2746109987508385,0.1908053920744097,0.0,0.0,3805.4839441814775,29.31170751709633,0.0,0.0,0.0,0.0,4334.4276260890765,159.4674244387902,0.0,0.0,0.0,0.0,512.5078251023407,1154.1477680065357,0.0,0.0,0.0,0.0,3092.001786314468,184.5510715570105,0.0,0.0,0.0,0.0,4305.242039421597,955.7300898411646,0.0,0.0,0.0,0.0,397.2992495980072,1397.3803555412778,0.0,0.0
163,-1.9007018181582643e-16,0.0482553099269101,0.1147447106447691,3.9079850466805397e-16,0.0143378300084041,-5.151434834260748e-17,1.1233190784905729,0.1117239437101392,0.0,0.0,3393.721850262677,0.0,0.0,0.0,0.0,0.0,3827.697368370221,22.64765469773322,0.0,0.0,0.0,0.0,190.34673994901783,652.5492115409183,0.0,0.0,0.0,0.0,3302.3089457439974,328.6319003975968,0.0,0.0,0.0,0.0,4627.186303845383,1019.3941239458654,0.0,0.0,0.0,0.0,240.4837760895369,1158.4526319068382,0.0,0.0
164,-1.9007018181582643e-16,0.04647777751495,0.1080923390312293,3.9079850466805397e-16,0.0141134261382104,-5.151434834260748e-17,1.017721240301668,0.0727423427362033,0.0,0.0,2835.667248931929,0.0,0.0,0.0,0.0,0.0,3152.33094949191,0.0,0.0,0.0,0.0,0.0,15.510448814220537,64.45900805909832,0.0,0.0,0.0,0.0,3490.899768649604,435.1934924885733,0.0,0.0,0.0,0.0,4928.230315758648,1120.166154122296,0.0,0.0,0.0,0.0,210.47491119216116,1080.168629956839,0.0,0.0
165,-1.9007018181582643e-16,0.0436688150352157,0.0899820184186048,3.9079850466805397e-16,0.0128384169782819,-5.151434834260748e-17,0.937982982643707,0.1146067032263642,0.0,0.0,2430.256717567076,0.0,0.0,0.0,0.0,0.0,2662.829458827533,0.0,0.0,0.0,0.0,0.0,0.0,0.0,0.0,0.0,0.0,0.0,4005.162007031212,635.0158010123556,0.0,0.0,0.0,0.0,5592.201697835128,1488.9371429024682,0.0,0.0,0.0,0.0,538.6095499977914,1449.9766528318971,0.0,0.0
166,-1.9007018181582643e-16,0.0378329300349188,0.0686252712558142,3.9079850466805397e-16,0.0126445320000044,-5.151434834260748e-17,0.8809774748639353,0.3454085679731297,0.0,0.0,1294.18482379403,0.0,0.0,0.0,0.0,0.0,1385.4911402276066,0.0,0.0,0.0,0.0,0.0,0.0,0.0,0.0,0.0,799.8222455167903,954.6335242689177,5169.780385532049,1071.0767921213228,0.0,285.61959305780067,1.7594155146962196,0.0,7098.529573228632,2342.874878859555,0.0,117.24645174155108,0.0,0.0,1384.519500939447,2420.159831803652,0.0,0.0
167,-1.9007018181582643e-16,0.0350346037275744,0.0489846912757477,3.9079850466805397e-16,0.0126445320000044,-5.151434834260748e-17,0.8857466013203676,0.8273771190256195,0.0,0.0,486.732070740534,0.0,0.0,0.0,0.0,0.0,520.9828662190064,0.0,0.0,0.0,0.0,0.0,0.0,0.0,0.0,0.0,662.3896011459461,648.262851640546,4760.960361111162,801.4931908796633,0.0,362.61270732753417,16.379399244665546,0.0,7097.273278536994,2366.892878815368,0.0,687.9195051263335,25.569043458968103,0.0,2417.72734301304,3574.0529258867286,142.00301917568436,0.0
168,-1.9007018181582643e-16,0.0325717576146176,0.0314416489634554,3.9079850466805397e-16,0.0144541198505027,0.0003183807475082,0.9181364009302394,1.3856712869999912,0.0,0.0,581.0555940170706,0.0,0.0,0.0,0.0,0.0,611.3358355261273,0.0,0.0,0.0,0.0,0.0,0.0,0.0,0.0,0.0,408.58176150081584,305.5169541527769,4599.538479801,724.1357484239007,0.0,363.0709410758618,0.0,0.0,7276.100220285127,2541.6141651748358,0.0,1020.455271269492,28.20217560515933,0.0,2879.0495306293246,4064.044901533036,449.6265478321664,0.0
169,-1.9007018181582643e-16,0.0302427618338868,0.0148520328637877,3.9079850466805397e-16,0.0255501751096389,0.0022040930302911,0.9519839238139608,1.9924689928082773,0.0,0.0,833.3664348860733,0.0,0.0,0.0,0.0,0.0,871.9955116410347,0.0,0.0,0.0,0.0,0.0,0.0,0.0,0.0,0.0,556.9319382239142,574.300739680682,4906.215967744265,880.8492804026095,0.0,450.8265036116677,0.0,0.0,7444.857187080827,2549.535608478099,0.0,860.5858157367995,0.0,0.0,2334.6558208525457,3498.228978413021,267.72532865670297,0.0
170,-1.9007018181582643e-16,0.0272445143920263,0.0005884418439086,3.9079850466805397e-16,0.0408643005049878,0.015494960063613,1.019246169961556,2.8723348360553262,0.0,0.0,778.9909983861246,0.0,0.0,0.0,0.0,0.0,785.9790643498169,0.0,0.0,0.0,0.0,0.0,0.0,0.0,0.0,0.0,807.5756634712607,1179.6848622957732,5220.991978071761,1028.3143185592933,0.0,453.0002592635248,0.0,0.0,7455.090113457792,2411.0577611319336,0.0,558.5342029191577,0.0,0.0,1626.1085233690585,2735.782322226348,0.0,0.0
171,-1.9007018181582643e-16,0.0254136183531084,3.854694341498535e-16,3.9079850466805397e-16,0.0568620922126291,0.0709313359741338,1.103568866124354,3.769944337689357,0.0,0.0,671.1454111569443,0.0,0.0,0.0,0.0,0.0,647.7008417642029,0.0,0.0,0.0,0.0,0.0,0.0,0.0,0.0,0.0,1059.577918096407,1788.3497905955132,5537.500883514536,1176.5934738469289,0.0,455.1903968377984,0.0,0.0,7465.371461784908,2271.8112308474747,0.0,254.7754689827374,0.0,0.0,913.6371416863664,1969.1142615217864,0.0,0.0
172,-1.9007018181582643e-16,0.0265287239999997,3.854694341498535e-16,3.9079850466805397e-16,0.0709456182458518,0.1360792491428571,1.1484469966602184,4.467129662786442,0.0,0.0,597.8211481433345,0.0,0.0,0.0,0.0,0.0,569.2033306990174,0.0,0.0,0.0,0.0,0.0,0.0,0.0,0.0,0.0,1441.74757854234,2658.7462293613758,6024.00805088031,1159.9621166608238,0.0,537.5539502062637,0.0,0.0,7197.920131590799,1725.9761801771676,0.0,1.8033093846554735,0.0,0.0,64.73514226243326,1031.3455040056886,0.0,0.0
173,-1.900701818158264e-16,0.0265287239999997,3.854694341498534e-16,3.9079850466805397e-16,0.0836618116544897,0.1967875821328903,1.1592692397755393,4.97082773976251,0.0,0.0,538.971922693835,0.0,0.0,0.0,0.0,0.0,508.09093634969287,0.0,0.0,0.0,0.0,0.0,0.0,0.0,0.0,0.0,1550.9431818318926,2965.888019197053,6336.072326738113,1206.2606407478877,0.0,596.8154550430951,0.0,0.0,7158.591566063379,1634.5145212578443,0.0,0.0,0.0,0.0,0.0,744.7477242220378,0.0,0.0
174,-1.9007018181582643e-16,0.0265287239999998,3.854694341498535e-16,3.9079850466805397e-16,0.0941253039717655,0.262771456816089,1.146331620313963,5.39953890529803,0.0,0.0,437.2671627694127,0.0,0.0,0.0,0.0,0.0,418.666931317503,0.0,0.0,0.0,0.0,0.0,0.0,0.0,0.0,0.0,1725.0137623732128,3169.725879738246,6569.319050132775,1280.7338782484696,0.0,706.7562037480886,0.0,0.0,7179.794116056789,1598.2764576739498,0.0,0.0,0.0,0.0,0.0,583.713611289263,0.0,0.0
175,0.0002569926378735,0.0265113726994075,3.854694341498534e-16,3.9079850466805397e-16,0.0949579560000047,0.3267504888637865,1.0943477638934076,5.723189068734638,0.0,0.0,376.7623396683068,0.0,0.0,0.0,0.0,0.0,355.0739739645076,0.0,0.0,0.0,0.0,0.0,0.0,0.0,0.0,0.0,1901.164365501396,3329.817734397256,6749.667809491967,1339.556523399952,0.0,818.6649036961296,0.0,0.0,7195.357140428922,1553.3135469386243,0.0,0.0,0.0,0.0,0.0,470.3536868895096,0.0,0.0
176,0.0020987732093021,0.0239274972358801,3.854694341498535e-16,0.0003296715512999,0.0952064048278335,0.3750965020746517,0.9718827804260376,5.923434131434815,0.0,0.0,322.58908620231085,0.0,0.0,0.0,0.0,0.0,318.45462750356165,0.0,0.0,0.0,0.0,0.0,0.0,0.0,0.0,0.0,2076.1734631438785,3488.8592400730886,6928.83452266922,1397.9405237816984,0.0,929.8283269596628,0.0,0.0,7210.820560142489,1508.6979637704433,0.0,0.0,0.0,0.0,0.0,357.7024403543799,0.0,0.0
177,0.0043260427375413,0.019541076148185,0.0010251730989786,0.0024018927308974,0.1003613909501708,0.3908785754536435,0.7923470783649514,6.06567795146717,0.0,0.0,272.8152734419988,0.0,0.0,0.0,0.0,0.0,266.38494483140016,0.0,0.0,0.0,0.0,0.0,0.0,0.0,0.0,0.0,2376.431796713815,3697.813901138183,7215.813858073322,1470.4561947104803,0.0,1167.9929199655976,29.56604140382387,0.0,7253.73786911641,1433.2283206571435,0.0,0.0,0.0,0.0,0.0,259.7823355225444,0.0,0.0
178,0.0064033998936875,0.0225249703980667,0.0083880914352163,0.004559148239203,0.1031580953603188,0.3923946043355466,0.6097218849948701,6.201512894701887,0.0,0.0,187.9580001914268,0.0,0.0,0.0,0.0,0.0,179.53154000596538,0.0,0.0,0.0,0.0,0.0,0.0,0.0,0.0,0.0,2821.6069018247867,3897.753772887739,7606.778840888754,1576.9440866940602,0.0,1610.7437964376818,149.4056956136563,0.0,7377.825566823518,1394.4824777744636,0.0,0.0,0.0,0.0,0.0,711.4196035462919,0.0,0.0
179,0.0084165088903652,0.0327653257873751,0.0168663774019937,0.0066496845049837,0.0951955918206025,0.3900364415378059,0.4358714574020009,6.369671125564372,0.0,0.0,61.84070036079444,0.0,0.0,0.0,0.0,0.0,58.64799776973093,0.0,0.0,0.0,0.0,0.0,0.0,0.0,0.0,0.0,2807.7652111642387,3559.021447792728,7586.596719226064,1600.3165448682307,0.0,1723.3119395085066,252.61900375847884,0.0,7605.972563549427,1662.4700331368842,0.0,71.65546536194819,0.0,0.0,282.71338151895924,2290.4027663705424,0.0,0.0
180,0.0105581142059798,0.043679275953488,0.0258858305581399,0.0088736592558143,0.0861761386644562,0.3898248838803979,0.2525307349897756,6.754559905722245,0.0,0.0,90.60413362830336,0.0,0.0,0.0,0.0,0.0,73.95012657303806,0.0,0.0,0.0,0.0,0.0,0.0,0.0,0.0,0.0,754.5504187444784,759.5781101418792,5881.747956762182,1302.2240104549355,0.0,504.67199015477627,211.2636624916431,0.0,8305.326689602458,3152.67665228717,0.0,551.4095688035519,0.0,0.0,2019.2890476115551,3005.0071414019912,0.0,0.0
181,0.0125042980365446,0.0543749471162787,0.0347248946511632,0.0110531545116283,0.0773370745714328,0.380427766863787,0.1057183386503392,7.292328847943509,0.0,0.0,157.75123538456486,0.0,0.0,0.0,0.0,0.0,117.38221340576142,0.0,0.0,0.0,0.0,0.0,0.0,0.0,0.0,0.0,998.199275945264,1083.1818497136037,5878.715541142455,1277.8280564490542,0.0,643.6592536596974,149.61875555455967,0.0,8139.119655593105,2898.116090612542,0.0,475.6363049385927,0.0,0.0,1750.651344545338,2798.580826354366,0.0,0.0
182,0.0128924639999998,0.0682618486371739,0.0441953204651167,0.0130715091407593,0.0676111734513068,0.3610688903521594,0.0650781832614165,7.887052308109098,0.0,0.0,100.43505036015262,0.0,0.0,0.0,0.0,0.0,75.95872751443876,0.0,0.0,0.0,0.0,0.0,0.0,0.0,0.0,0.0,1397.4573619086195,1699.875619872842,5446.731179338386,937.5265076394104,0.0,912.8964293805268,121.05097519793765,0.0,7477.815812076092,2231.604958034264,0.0,514.4750919601905,0.0,0.0,1567.4153829451698,2854.4123769804373,0.0,0.0
183,0.0128924639999998,0.0840643878877495,0.05284169265597,0.0133883280000004,0.0533531542724295,0.3412769872043547,0.1596792490094083,8.437470860103192,0.0,0.0,88.4101590865112,0.0,0.0,0.0,0.0,0.0,67.1451480666436,0.0,0.0,0.0,0.0,0.0,0.0,0.0,0.0,0.0,1285.7128783107676,1627.2577660661314,5009.861408700345,664.0282790740506,0.0,906.3727834310528,183.93033581837744,0.0,7175.44202370542,2039.2215755985355,0.0,795.6719593935637,14.390310558381843,0.0,1978.5607542577347,3336.1999551690888,16.092390301846365,0.0
184,0.0128924639999998,0.0923535991973417,0.0542971080000006,0.0133883280000004,0.0415637323271805,0.3259057903056491,0.3171360318554224,8.997982211998396,0.0,0.0,38.78295339177951,0.0,0.0,0.0,0.0,0.0,30.39479817610624,0.0,0.0,0.0,0.0,0.0,0.0,0.0,0.0,0.0,1090.4826677001108,1371.9531096435635,4771.55214697324,559.7813648247616,0.0,862.5247159367772,247.88868058042175,0.0,7079.660956739728,2018.476915909888,0.0,1033.4101989250798,94.1706719625986,0.0,2341.157653726353,3758.791805211043,100.78445282795208,0.0
185,0.0127297019960131,0.1131616194870427,0.0542971080000006,0.0133883280000004,0.0408084357235924,0.3126247896797354,0.4964232884651234,9.584329490530225,0.0,0.0,0.0,0.0,0.0,0.0,0.0,0.0,2.694133197483099,0.0,0.0,0.0,0.0,0.0,0.0,0.0,0.0,0.0,1335.4145396512731,1805.9315359098591,5133.6389516287045,727.7637825272011,0.0,941.8132582278378,215.5488563622668,0.0,7209.687053993737,1986.3120096090915,0.0,783.1495291184696,40.95082460174311,0.0,1652.949125853184,2972.325673702789,39.33434468325325,0.0
186,0.0107722747375413,0.1742357474628654,0.0542971080000006,0.0138331893771304,0.0479237862355634,0.2996028648412816,0.7035853009634612,10.064687012723168,0.0,0.0,0.0,0.0,0.0,0.0,0.0,0.0,0.0,0.0,0.0,0.0,0.0,0.0,0.0,0.0,0.0,0.0,1642.0604840308422,2820.5383625642744,5679.496860802315,909.1153884245132,0.0,925.0047236488002,111.60958436368186,0.0,7205.719238738493,1786.34349419724,0.0,311.0241799309935,0.0,0.0,811.2606799138665,2004.9990319270785,0.0,0.0
187,0.010992519375113,0.2416967460761095,0.0533451232524922,0.0241960215946848,0.0535372125194851,0.2977254842482627,0.9047997535107264,10.244866220385672,0.0,0.0,0.0,0.0,0.0,0.0,0.0,0.0,0.0,0.0,0.0,0.0,0.0,0.0,0.0,0.0,0.0,0.0,1734.6097589264973,3126.405134552352,5497.63131504273,668.1957182429433,0.0,978.1129515643836,115.03972142045914,0.0,6749.019743682634,1325.74935086609,0.0,393.4845923553714,0.0,0.0,760.0827666785597,2041.1341396766936,0.0,0.0
188,0.0212574919933553,0.2935595705008302,0.0460894056279074,0.0376090604252496,0.1022154926162836,0.325007208408637,1.0503752781179445,10.28161101171178,0.0,0.0,0.0,0.0,0.0,0.0,0.0,0.0,0.0,0.0,0.0,0.0,0.0,0.0,0.0,0.0,0.0,0.0,1918.1908052143367,3574.5828020131407,5405.032801120419,515.4895631858207,0.0,1036.360504871112,112.2563301454402,0.0,6403.432905295838,1002.4431236136552,0.0,338.9310549349678,0.0,0.0,549.1290583147087,1823.18945393764,0.0,0.0
189,0.0327995091029898,0.3398669977275739,0.0375209251295684,0.0514594809568111,0.1901918496079778,0.3798434433479879,1.1252656087786843,10.22762873641534,0.0,0.0,0.0,0.0,0.0,0.0,0.0,0.0,0.0,0.0,0.0,0.0,0.0,0.0,0.0,0.0,0.0,0.0,2185.618995382857,4227.490627678066,5270.110709492007,293.000440572106,0.0,1121.2592772170633,108.18054946925152,0.0,5899.985617412196,531.455295705203,0.0,259.4736888317168,0.0,0.0,291.23243412470225,1505.6960480163357,0.0,0.0
190,0.0447060109634549,0.3875148734469403,0.0286818610365452,0.0657472831893693,0.2810445129568149,0.4489087543255809,1.1595788684487038,9.77222393599685,0.0,0.0,0.0,0.0,0.0,0.0,0.0,0.0,0.0,0.0,0.0,0.0,0.0,0.0,0.0,0.0,0.0,0.0,2731.8019226353804,5075.432235823697,5327.541587679135,163.9386247195471,0.0,1351.7494444355843,187.2261546760796,0.0,5458.3341094755415,94.99984477155829,0.0,85.74245915570611,0.0,0.0,261.50151823643074,945.4367865079854,0.0,0.0
191,0.0579545462648312,0.4167498636990968,0.0190310461594688,0.0813472305249175,0.3798385312254431,0.5004852047833414,1.1616532325026137,8.867123505888445,0.0,0.0,0.0,0.0,0.0,0.0,0.0,0.0,0.0,0.0,0.0,0.0,0.0,0.0,0.0,0.0,0.0,0.0,2890.692285572314,5135.080797602919,5452.177395986183,249.494420815354,0.0,1416.748024302374,245.58779007947828,0.0,5516.475889610492,129.81907193680215,0.0,51.7455105603222,0.0,0.0,351.7768846790461,821.3117937247932,0.0,0.0
192,0.0728903606112953,0.407903327521593,0.0093802312823923,0.0967051570787577,0.4717840224037563,0.5431448795083051,1.1213868585343023,7.82715311031227,0.0,0.0,0.0,0.0,0.0,0.0,0.0,0.0,0.0,0.0,0.0,0.0,0.0,0.0,0.0,0.0,0.0,0.0,2788.358751751948,4781.779668213277,5645.873934295699,388.3646370484007,0.0,1384.0273593360646,228.5197358302036,0.0,5787.615989837912,352.17161277644595,0.0,104.80496985976258,0.0,0.0,455.1573112412459,830.427456308307,0.0,0.0
193,0.0847002216365733,0.3933022349328309,0.0013811742709811,0.1011562560000006,0.5568627031555724,0.5788300585228946,1.0044923079026495,7.071938987577037,0.0,0.0,0.0,0.0,0.0,0.0,0.0,0.0,0.0,0.0,0.0,0.0,0.0,0.0,0.0,0.0,0.0,0.0,2686.324505918258,4431.586560663602,5837.167453198083,525.4735010117663,0.0,1351.3412723101794,211.33289372664723,0.0,6055.883833726112,572.1948844482173,0.0,157.54992249366455,0.0,0.0,557.139926784928,839.9866185080447,0.0,0.0
194,0.0860335668626144,0.3872803466687496,0.0002626615931213,0.1011562560000006,0.5985591754637523,0.5996387803455154,0.8465472189814411,6.645571976742597,0.0,0.0,0.0,0.0,0.0,0.0,0.0,0.0,0.0,0.0,0.0,0.0,0.0,0.0,0.0,0.0,0.0,0.0,2509.5491970838075,4022.445889206857,5977.705875611703,644.7854282743516,0.0,1259.8267936284249,187.5256902629408,0.0,6312.81884134979,805.0469561105164,0.0,200.0902162728105,0.0,0.0,639.3899540433576,936.646869417537,0.0,0.0
195,0.0920235860551491,0.4055700073455138,0.0085705397342196,0.1037516963112963,0.6039404623225955,0.5997248564053154,0.6749133242591423,6.30831350314582,0.0,0.0,0.0,0.0,0.0,0.0,0.0,0.0,0.0,0.0,0.0,0.0,0.0,0.0,0.0,0.0,0.0,0.0,2002.249423041149,3146.42590633327,6054.905334636374,805.4290290859255,0.0,950.4544429005688,137.5337988998577,0.0,6734.697874736574,1272.4328349362136,0.0,252.49621284847416,0.0,0.0,769.7857262793788,1397.487534330005,0.0,0.0
196,0.1154826018984336,0.4868380880341711,0.0238418330232562,0.1253667641556722,0.6220729197209339,0.5855678189197905,0.4754956860598079,6.185131036187913,0.0,0.0,0.0,0.0,0.0,0.0,0.0,0.0,0.0,0.0,0.0,0.0,0.0,0.0,0.0,0.0,0.0,0.0,897.5106734742296,739.3670418095674,5080.815590726649,1169.6795614852283,0.0,497.7331886699904,130.8664586196689,0.0,6567.556520635577,2358.576045126285,0.0,460.792922296897,0.0,0.0,1488.342544697049,2249.4102653944983,0.0,0.0
197,0.1844272905799335,0.6280127609071093,0.0405957761461797,0.1394745172624592,0.6421714902346884,0.5928039952457133,0.2610542088287123,6.43638959381658,0.0,0.0,0.0,0.0,0.0,0.0,0.0,0.0,0.0,0.0,0.0,0.0,0.0,0.0,0.0,0.0,0.0,0.0,551.3547012532349,454.0394681390302,3121.6110638873174,718.6214828652829,0.0,305.936280257862,80.41549070438693,0.0,4035.565022146758,1449.7222087457712,0.0,283.4212734341951,0.0,0.0,915.2298510825932,1383.1034286902338,0.0,0.0
198,0.275059961641196,0.7649459998803995,0.0548292145514953,0.1461167885182731,0.6218828253895762,0.5822753213083912,0.1099214920101183,6.821440928980469,0.0,0.0,0.0,0.0,0.0,0.0,0.0,0.0,0.0,0.0,0.0,0.0,0.0,0.0,0.0,0.0,0.0,0.0,451.3298663012633,353.030585157468,2587.4395380610035,592.4561418149249,0.0,268.6960292122486,67.40680506847575,0.0,3398.0943174648646,1264.7998818078493,0.0,267.5032501848359,0.0,0.0,842.0261967188943,1256.0413557735626,0.0,0.0
199,0.3662725794219271,0.9023777551495032,0.0690626529568109,0.152759059774087,0.565443933009972,0.545891784855547,0.0376862735338278,7.136828497671997,0.0,0.0,0.0,0.0,0.0,0.0,0.0,0.0,0.0,0.0,0.0,0.0,0.0,0.0,0.0,0.0,0.0,0.0,661.9045738730888,484.0172019626278,3852.8781854381,876.4763861903134,0.0,427.1114352286541,101.83485243785772,0.0,5154.913829815018,1996.2851937156004,0.0,456.5382864301371,0.0,0.0,1403.1429508216618,2066.409412794388,0.0,0.0
200,0.4641327603061497,1.0479513405546312,0.0840285887622394,0.1598856633089707,0.5048678029634599,0.4724529591229233,0.0046236450611243,7.298850519208144,0.0,0.0,0.0,0.0,0.0,0.0,0.0,0.0,0.0,0.0,0.0,0.0,0.0,0.0,0.0,0.0,0.0,0.0,878.903014786201,619.0326698642808,5157.148456194036,1169.2152419418962,0.0,590.3284585379166,137.32871579968915,0.0,6965.622646556224,2750.203361298855,0.0,651.3727508592898,0.0,0.0,1981.455697529817,2901.607771424601,0.0,0.0
201,0.5492895457737844,1.1644024167019056,0.0892555200000004,0.1629843078601636,0.441469845829059,0.3937516407807313,7.290168468898642e-15,7.6536370464653904,0.0,0.0,0.0,0.0,0.0,0.0,0.0,0.0,0.0,0.0,0.0,0.0,0.0,0.0,0.0,0.0,0.0,0.0,997.1331554195968,681.9597865035164,6140.388442072261,1419.702263735427,0.0,652.5340342267074,166.63203736188464,0.0,8212.644474096734,3312.011691363041,0.0,768.8178430128145,30.11922794113134,0.0,2372.1309193041725,3491.973635786685,0.0,0.0
202,0.621418803443521,1.2283834478130076,0.0892555200000004,0.1485041048009023,0.3652306060664496,0.3097341990897016,7.290168468898642e-15,8.25874244553628,0.0,0.0,0.0,0.0,0.0,0.0,0.0,0.0,0.0,0.0,0.0,0.0,0.0,0.0,0.0,0.0,0.0,0.0,752.2578737613305,388.1094485135967,6137.123438316818,1476.8398294556896,0.0,393.78248660780594,218.05584651012057,0.0,8253.457021039778,3498.9331563621845,0.0,858.6054462875121,190.92066289672627,0.0,2719.853819258911,3908.261614605738,0.0,0.0
203,0.6571530167211848,1.2464836740966043,0.0892555200000004,0.1428088320000006,0.2824887818019468,0.2198635694919506,7.290168468898642e-15,8.703067672683595,0.0,0.0,0.0,0.0,0.0,0.0,0.0,0.0,0.0,0.0,0.0,0.0,0.0,0.0,0.0,0.0,0.0,0.0,714.6885307922979,367.3999128324037,6163.817112169368,1497.0354668729074,0.0,370.8358400628598,240.9542305668889,0.0,8263.285857963103,3507.19268761536,0.0,876.7520784115313,251.53223756938877,0.0,2754.5505743745694,3975.054731197632,33.08653101180245,0.0
204,0.658011527999999,1.246017942261631,0.0892555200000004,0.1428088320000006,0.2447382281113002,0.1594064276387043,7.290168468898642e-15,8.723933682155709,0.0,0.0,0.0,0.0,0.0,0.0,0.0,0.0,0.0,0.0,0.0,0.0,0.0,0.0,0.0,0.0,0.0,0.0,597.4424602305346,326.04763480148785,6274.853079426329,1571.770137909402,0.0,316.32401295445266,327.6561457232881,0.0,8297.531550097334,3512.1434538407657,0.0,937.8504968051157,477.3388922754104,0.0,2843.727872643671,4186.428866253903,248.2601819643704,0.0
205,0.652042935762458,1.205480004903241,0.0811921571928989,0.1392780275487962,0.2387900223089746,0.1137059215770344,7.290168468898642e-15,8.611604642909658,0.0,0.0,0.0,0.0,0.0,0.0,0.0,0.0,0.0,0.0,0.0,0.0,0.0,0.0,0.0,0.0,0.0,0.0,473.762496947895,234.68695178745395,6373.3954780786025,1633.4026437144594,0.0,256.793412783841,419.2735371947257,0.0,8302.666082437714,3481.2483168346184,0.0,996.2627926651372,715.8541445087604,0.0,2916.293955326543,4393.334015048448,495.5646874150481,0.0
206,0.6317808725656627,1.054040073664389,0.0639310371428573,0.1156483344318941,0.2168611922211539,0.0826429017408634,7.290168468898642e-15,8.288881475721663,0.0,0.0,414.8025346386947,0.0,0.0,0.0,0.0,0.0,502.8099203371356,0.0,0.0,0.0,0.0,0.0,0.0,0.0,0.0,0.0,536.5085792504392,160.5006850830885,5652.291024754233,982.377128003242,0.0,212.74646776753352,378.6774029259393,0.0,7181.297834329804,2194.7758052089603,0.0,747.5994570471219,603.6608582283475,0.0,2103.700650441602,3707.325034351565,306.67366589616023,0.0
207,0.5800476416383497,0.8894845655140008,0.0498458637209303,0.093112056956811,0.2033848051523535,0.0624150276877073,3.8399846234153006e-05,7.71949017883624,0.0,0.0,2301.827662872301,0.0,0.0,0.0,0.0,0.0,2810.163808747579,0.0,0.0,0.0,0.0,0.0,0.0,0.0,0.0,0.0,619.4011237014984,125.03954657356212,4829.5593889125175,281.9096501086992,0.0,158.248595373127,273.61019223025585,0.0,5882.8362741150295,800.6893642941504,0.0,404.0169936268239,337.0509019637015,0.0,1124.1469887376495,2798.00575661184,87.53673731981614,0.0
208,0.4859063589767455,0.7254659177342185,0.0356124253156148,0.0703385555083059,0.1814928135548214,0.041974228644518,0.0079382780509485,6.789024393980046,0.0,0.0,2480.9274450713533,0.0,0.0,0.0,0.0,0.0,3095.6456512401705,0.0,0.0,0.0,0.0,0.0,0.0,0.0,0.0,0.0,689.504186904787,154.5713398680475,4152.419463726477,0.1860702017857976,0.0,108.04049858679006,130.76956926735562,0.0,4809.026320104902,127.34374926177598,0.0,96.65618371415812,0.2224653512793511,0.0,354.4898244726429,1978.4604045280469,0.0577772998210177,0.0
209,0.3847435134219283,0.5530481567043184,0.0206376619933559,0.0463789341926911,0.1573668059800706,0.0205179108548804,0.0495328598671169,5.772464145415404,0.0,0.0,2639.470776035996,46.03593354869438,0.0,0.0,0.0,0.0,3348.44683763103,63.85629492238252,0.0,0.0,0.0,0.0,43.99401714129261,72.58084684491735,0.0,0.0,673.6165046518641,111.51829429432414,3117.18958616598,0.0,0.0,84.69460851183784,87.27503230828971,0.0,3476.8351566709,0.0,0.0,3.636051713182197,0.0,0.0,0.0,1407.0268785751534,0.0,0.0
210,0.3030871621737078,0.4135196756947308,0.0084799333554821,0.0269265683720934,0.1377793542857183,0.0084099193355478,0.0912743948571501,5.152970372442693,0.0,33.98649273656107,2813.941990595721,263.4264931570206,0.0,0.0,0.0,0.0,3628.1534186866247,379.8344580626625,0.0,0.0,0.0,0.0,253.7923805719652,435.8332457375912,0.0,0.0,396.1358795663661,0.0,2258.2565910540216,0.0,0.0,0.0,0.0,0.0,2458.035898837429,0.0,0.0,0.0,0.0,0.0,0.0,820.6211964176845,0.0,0.0
211,0.2189285377998348,0.2761121024738361,0.0003109832286133,0.005738047910507,0.1183661396872962,0.0013427376260378,0.1418583916794092,4.460036019348198,0.0,324.7193776262814,3262.68564095851,662.9278427461704,0.0,0.0,0.0,0.0,4366.609713953922,1121.704999135089,0.0,6.200364905956703,0.0,0.0,679.4241916139704,939.0070718104688,0.0,0.0,205.55908903275028,0.0,1674.9353554658685,0.0,0.0,0.0,0.0,0.0,1775.7945190132612,0.0,0.0,0.0,0.0,0.0,0.0,425.847482038493,0.0,0.0
212,0.1393307825980066,0.2184064623964552,3.943512183468544e-16,3.765876499528522e-16,0.1120938034839462,-3.5171865420124936e-16,0.2150134670631304,3.5885227546290026,0.0,700.8016758205945,3883.506308176405,1373.511625440144,0.0,0.6703622472385926,0.0,0.0,5647.824691157221,2748.5866013379127,0.0,106.92059850485067,0.0,0.0,2345.830751703814,2716.092413163411,6.510838558147377,0.0,0.0,0.0,766.6145525821062,0.0,0.0,0.0,0.0,0.0,833.7220263712886,0.0,0.0,0.0,0.0,0.0,0.0,0.0,0.0,0.0
213,0.1255333138462268,0.232646115553867,3.943512183468544e-16,3.765876499528522e-16,0.1034220038215511,-3.5171865420124936e-16,0.2725953798865762,3.113219905658742,0.0,666.1227725823717,3742.763667290116,1300.1621641905165,0.0,1.3934156756184497,0.0,0.0,5513.910931055981,2720.4714603992425,0.0,138.96868711107973,0.0,0.0,2547.3438265636214,2957.3364246979804,13.53343590829422,0.0,0.0,0.0,666.2435496582796,0.0,0.0,0.0,0.0,0.0,757.2642740351249,0.0,0.0,0.0,0.0,0.0,0.0,0.0,0.0,0.0
214,0.1692834624474669,0.265269955288828,3.943512183468544e-16,0.0306233086245851,0.2220470317468892,-3.5171865420124936e-16,0.4077912021279146,2.727749344075776,501.8355694859106,589.5658906095277,2471.411191939673,703.4375687434967,0.0,59.83418127505176,0.0,0.0,3719.568544180496,1638.5266632164644,0.0,241.26861342660075,4.710405063506674,0.0,2010.956783952315,2475.968024854661,85.56791284231768,0.0,0.0,0.0,264.1999804620873,0.0,0.0,0.0,0.0,0.0,420.5878561505632,0.0,0.0,0.0,0.0,0.0,0.0,0.0,0.0,0.0
215,0.253621190463402,0.3095365124451817,3.943512183468544e-16,0.1164728524784056,0.6126050048462153,0.0026742964243914,0.6762327364719822,2.280623585918323,1854.357020096843,2687.880145077228,2471.2708373292803,284.08707462797054,0.0,770.940050810856,34.60261342745012,0.0,3261.692180193343,812.5437076473944,0.0,376.66461645382935,67.06701542207756,0.0,1101.4179309743097,2072.094051947782,76.04918514559039,0.0,0.0,0.0,0.0,0.0,0.0,0.0,0.0,0.0,139.6676818910065,0.0,0.0,0.0,0.0,0.0,0.0,0.0,0.0,0.0
216,0.3140663253983868,0.3435097506988125,3.943512183468544e-16,0.1838271633488373,0.9577463482969188,0.0128586925315611,0.8783102298737608,1.976203912514084,2333.9922113007124,5112.923627213456,3579.306785367409,259.6619650273615,0.0,1521.21201299496,176.67478835668848,0.0,4302.6056679808935,679.4673333995469,0.0,555.5988644940451,186.48167289185287,0.0,611.0370402113178,2278.5515620251367,96.34483101604636,0.0,0.0,0.0,0.0,0.0,0.0,0.0,0.0,0.0,32.11177097712918,0.0,0.0,0.0,0.0,0.0,0.0,0.0,0.0,0.0
217,0.358130772598007,0.3615789883685952,3.943512183468544e-16,0.2477096025249168,1.3997757774995665,0.023581545607973,1.0724161883385268,1.7688793727336816,1888.4728943752395,4340.864654665173,3496.9297017459853,241.791787757942,0.0,1266.8594400471004,170.83949546750432,0.0,4287.630256460789,582.0842419693363,0.0,745.0757015004251,297.6278817088235,0.0,911.10040794851,2772.535102346935,306.76790100272046,0.0,0.0,0.0,0.0,0.0,0.0,0.0,0.0,0.0,20.48164335740207,0.0,0.0,0.0,0.0,0.0,0.0,0.0,0.0,0.0
218,0.4040525059949829,0.3624305411667224,3.943512183468544e-16,0.3213132824451822,1.9621676194684423,0.0359361371960129,1.2781571878478597,1.7384459632587816,1071.9159430998209,2926.17970664559,3360.840679589451,200.8950246930348,0.0,803.6353681740158,144.09724626064505,0.0,4274.188387999244,359.1250254335365,0.0,1083.8858303231625,484.8236161280627,0.0,1450.1121441725018,3651.9668814026336,689.947904473066,0.0,0.0,0.0,0.0,0.0,0.0,0.0,0.0,0.0,0.0,0.0,0.0,0.0,0.0,0.0,0.0,0.0,0.0,0.0
219,0.4221102429687706,0.3422341305568098,3.943512183468544e-16,0.3919611426708539,2.5125294542939343,0.0482307039301719,1.4323362465604426,1.729445315396181,971.8910865947744,2753.9855241717632,3388.957640524712,171.38947744905235,0.0,755.8020111079895,92.5790888855272,0.0,4314.652144447086,198.10858038164804,0.0,1099.944570916085,458.0680967302747,0.0,1483.206300002161,3681.6919568646954,729.4078415058458,0.0,0.0,0.0,0.0,0.0,0.0,0.0,0.0,0.0,0.0,0.0,0.0,0.0,0.0,0.0,0.0,0.0,0.0,0.0
220,0.4216766160707074,0.302922658644517,3.943512183468544e-16,0.4180044778589598,2.8945959670053347,0.0808721920047637,1.4632588566077964,1.747270751780341,1032.0853771576644,2883.222955066157,3838.6647147113135,662.1788000944765,0.0,773.123888496478,5.322510819123045,0.0,4688.215112796974,448.05107050015954,0.0,657.3207963622694,185.13229437233983,0.0,1092.124895853233,2681.7539758354915,456.2880268855348,0.0,0.0,0.0,0.0,0.0,0.0,0.0,0.0,0.0,0.0,0.0,0.0,0.0,0.0,0.0,0.0,0.0,0.0,0.0
221,0.4003043110494431,0.2650162445581377,3.9435121834685442e-16,0.418013351999999,3.128248424266569,0.1242198916709005,1.4311778521571328,1.8581145919405764,1745.9509286147347,4010.528836147536,4467.382491925958,1314.8738420122131,0.0,1099.5876001634233,0.0,0.0,4935.009886039115,718.3860643536622,0.0,4.426355848257188,1.05824284236246,0.0,61.96798613370002,711.1055914282553,3.029690167981862,0.0,0.0,0.0,0.0,0.0,0.0,0.0,0.0,0.0,0.0,0.0,0.0,0.0,0.0,0.0,0.0,0.0,0.0,0.0
222,0.37970177389399,0.2307305287592857,1.956274086418173e-05,0.418013351999999,3.327247308957721,0.1560385988372087,1.4332520037327148,1.9103450203445973,2351.439586598542,4922.274901335269,4806.307914279379,1447.0250756437556,0.0,1538.960087535008,0.0,0.0,5008.191655952483,774.9124174970642,0.0,0.0,0.0,0.0,110.91459732695316,326.98502055797326,0.0,0.0,0.0,0.0,0.0,0.0,0.0,0.0,0.0,0.0,0.0,0.0,0.0,0.0,0.0,0.0,0.0,0.0,0.0,0.0
223,0.3475734985602661,0.1929170423720919,0.0079315670774754,0.4165557589483047,3.5021428406934247,0.1870482201129561,1.5391110505323646,1.9245767132667015,2735.1092364313927,5461.001983794176,4719.4543393351805,1309.6691704192467,0.0,1919.351946302836,0.0,0.0,4926.59156527558,683.7462655018643,0.0,0.0,0.0,0.0,164.44036751522114,215.99615522185064,0.0,0.0,0.0,0.0,0.0,0.0,0.0,0.0,0.0,0.0,0.0,0.0,0.0,0.0,0.0,0.0,0.0,0.0,0.0,0.0
224,0.3153826068416394,0.1550946451096339,0.0245633892757479,0.368186204445182,3.4912652575481737,0.2213567372691022,1.7412291206334514,1.9060103808172668,3242.343314899801,5890.004619255647,4831.709146764954,1269.1811368902067,0.0,2414.361370055021,0.0,0.0,4930.741952813797,617.8367144487466,0.0,0.0,0.0,0.0,226.10352828000876,87.33343975162403,0.0,0.0,0.0,0.0,0.0,0.0,0.0,0.0,0.0,0.0,0.0,0.0,0.0,0.0,0.0,0.0,0.0,0.0,0.0,0.0
225,0.2749219928372095,0.1206666922724249,0.0403041883455153,0.3001517508438533,3.360381088205074,0.2513153807124727,1.9795099424433784,2.0083673065378944,3372.986140999809,5895.032892407972,4898.319445639992,1290.7059099212593,0.0,2530.9504174912963,0.0,0.0,4978.005939571511,642.0065995239006,0.0,0.0,0.0,0.0,281.24669378669546,361.71366041809375,0.0,0.0,0.0,0.0,0.0,0.0,0.0,0.0,0.0,0.0,0.0,0.0,0.0,0.0,0.0,0.0,0.0,0.0,0.0,0.0
226,0.2375514248746842,0.0876439619999998,0.0554025058205983,0.234880562990033,3.1958082753033925,0.2559593133089693,2.2587725918535635,2.135352272887964,3281.053650061133,5759.439764502865,4894.642146002446,1285.6861040668302,0.0,2467.3856666136976,0.0,0.0,5017.405578545228,685.7839761613653,0.0,0.0,0.0,0.0,300.8088811784838,483.7629847147493,0.0,0.0,0.0,0.0,0.0,0.0,0.0,0.0,0.0,0.0,0.0,0.0,0.0,0.0,0.0,0.0,0.0,0.0,0.0,0.0
227,0.2053704772823918,0.0529082563604643,0.0724282680797344,0.1612768830697675,2.861427912127437,0.2436615566312286,2.584891684283589,2.186245945838861,2263.2549903846675,4279.259341724832,4777.248363413163,1221.474267181797,0.0,1780.946755165539,0.0,0.0,5388.133643783588,1131.9148357684492,0.0,11.224005732416815,0.0,0.0,518.6137016381134,899.9050580422692,0.0,0.0,0.0,0.0,0.0,0.0,0.0,0.0,0.0,0.0,0.0,0.0,0.0,0.0,0.0,0.0,0.0,0.0,0.0,0.0
228,0.1807203365174747,0.0333426366849163,0.0893855648643191,0.0876732031495017,2.441779619209836,0.2313069650431889,2.899818207226059,2.2002122889950706,1177.2911796721185,2755.3551005095715,4524.3427600922905,1121.0196835401762,0.0,1073.2687519102335,0.0,0.0,5661.789680483802,1524.9360791625463,0.0,65.38001833824222,0.0,0.0,1047.772741165335,1631.5540790673654,0.0,0.0,0.0,0.0,0.0,0.0,0.0,0.0,0.0,0.0,0.0,0.0,0.0,0.0,0.0,0.0,0.0,0.0,0.0,0.0
229,0.1737312331960129,0.0379327723056472,0.0966490005049835,0.022822593631894,1.9725160760053155,0.2201607788305644,3.087886455646519,2.2896787992185903,1223.291783823164,2963.768497111741,4481.631605597335,1008.0528010705066,0.0,1089.5825189885363,0.1161128499829677,0.0,5523.18764263385,1362.2161494953389,0.0,219.4689950057892,0.0,0.0,1164.381992748605,1850.440948813809,0.0,0.0,0.0,0.0,0.0,0.0,0.0,0.0,0.0,0.0,0.0,0.0,0.0,0.0,0.0,0.0,0.0,0.0,0.0,0.0
230,0.1686247858205977,0.0533782769501655,0.0966934800000001,4.498286378779284e-05,1.6792956033089714,0.1981274353986708,3.216927355528245,2.398563838813936,1347.2587578421085,3231.6876475049608,4410.665655575058,891.8372168477588,0.0,1156.3008898415767,24.127523337289716,0.0,5388.831022555943,1154.7499195739942,0.0,346.4934164096548,0.0,0.0,1230.0902568820377,2050.564513227901,0.0,0.0,0.0,0.0,0.0,0.0,0.0,0.0,0.0,0.0,0.0,0.0,0.0,0.0,0.0,0.0,0.0,0.0,0.0,0.0
231,0.1786181202657806,0.0716682913720361,0.0966934800000001,4.174438572590605e-16,1.481676701834116,0.1569530042750152,3.417769411007833,2.349154750657344,1568.7266147417747,3697.847285923053,4191.865136940901,622.020438671959,0.0,1276.4816132391943,122.23768322252889,0.0,5103.572384496631,686.3310421340764,0.0,641.4717073050319,77.16110384291457,0.0,1422.2051956445775,2610.0389164934413,18.6857373978568,0.0,0.0,0.0,0.0,0.0,0.0,0.0,0.0,0.0,0.0,0.0,0.0,0.0,0.0,0.0,0.0,0.0,0.0,0.0
232,0.1906111100332227,0.0965847523455143,0.0966926718470508,4.174438572590605e-16,1.332787132117599,0.1176680329833885,3.5767213958272515,2.196507870046252,1161.409647404272,2998.6084562134743,4150.421379231526,648.5175319644234,0.0,986.2116212242994,175.97745517380304,0.0,5119.804074848204,734.9477970046509,0.0,931.3791546986254,409.15542863260265,0.0,1805.6077710486056,3277.6914050637906,196.3098533976329,0.0,0.0,0.0,0.0,0.0,0.0,0.0,0.0,0.0,0.0,0.0,0.0,0.0,0.0,0.0,0.0,0.0,0.0,0.0
233,0.1922498429663836,0.1204163659744347,0.0882440233355483,0.0120292462798585,1.3447163091482648,0.0807203991229234,3.585935282733271,2.09019913745503,1046.1548511054525,2699.85292502565,4276.68159893976,743.6322165144218,0.0,831.5735422674102,103.88824831193033,0.0,5154.807618529174,778.2382816576667,0.0,851.9073978916957,433.23828165766673,0.0,1743.8133078467658,3191.004970175124,269.4051050886671,0.0,0.0,0.0,0.0,0.0,0.0,0.0,0.0,0.0,0.0,0.0,0.0,0.0,0.0,0.0,0.0,0.0,0.0,0.0
234,0.1766190140730903,0.1280441107375406,0.0722907111229237,0.0458682436943525,1.4386558564657663,0.0477314403189368,3.3862421572507984,2.058669701027138,883.4875359278509,2290.6371669943724,3944.179941456132,714.0179590999885,0.0,661.202305588881,56.23870311460795,0.0,4677.661718332883,712.9382737667622,0.0,723.5994322825313,400.1850089584838,0.0,1546.6502576553123,2844.7276002905824,282.7759263821468,0.0,0.0,0.0,0.0,0.0,0.0,0.0,0.0,0.0,0.0,0.0,0.0,0.0,0.0,0.0,0.0,0.0,0.0,0.0
235,0.1598782779816438,0.1325332449568097,0.0562286712558141,0.0810399925315619,1.5705385936602312,0.0150945061435887,3.083319697464279,1.8764200880659845,574.1509160097596,1444.7771648096252,2534.6367038065982,467.6762427415256,0.0,412.9953197205186,52.676981318481,0.0,2987.208276979129,455.098123022732,0.0,445.8756552294103,251.10549900579824,0.0,958.9554021913624,1774.468605187038,176.14422872717122,0.0,0.0,0.0,0.0,0.0,0.0,0.0,0.0,0.0,0.0,0.0,0.0,0.0,0.0,0.0,0.0,0.0,0.0,0.0
236,0.1344870479601329,0.1373366185714276,0.0390422885980068,0.1186737637873759,1.7070555787624595,-3.801403636316529e-16,2.6548706653380467,1.606669700065602,888.7538316111633,1592.425010654472,2881.926659836183,611.8860100516508,0.0,480.1108828251653,63.03115044917436,0.0,3255.191285051518,481.4093666298968,0.0,336.06661982552845,195.6509013492878,0.0,686.693489656494,1404.6815761117766,61.88521131252359,0.0,0.0,0.0,0.0,0.0,0.0,0.0,0.0,0.0,0.0,0.0,0.0,0.0,0.0,0.0,0.0,0.0,0.0,0.0
237,0.1123329646644513,0.1402099551874136,0.0258714159069772,0.1475145978338876,1.8057016443939808,0.0001260494621844,2.2722233500711435,1.4642901228508771,1550.676636266299,2296.2723650658827,4250.451422401305,984.5934357352876,0.0,718.8685770653607,75.2725445382917,0.0,4656.829561289136,673.9294971747024,0.0,321.39646137356294,197.1590492860597,0.0,601.9392248939756,1447.7474680558462,0.0,0.0,0.0,0.0,0.0,0.0,0.0,0.0,0.0,0.0,0.0,0.0,0.0,0.0,0.0,0.0,0.0,0.0,0.0,0.0
238,0.0910115496541351,0.1267665607973412,0.0112549596279074,0.1795654699262114,1.892233454534708,0.029042205639447,1.84588954902816,1.3136254696009686,2064.225092270745,2312.7979615773365,5477.992578450485,1617.3141990135312,0.0,962.674787765286,90.25601916650288,0.0,5741.127802794229,1165.3387629424535,0.0,99.3457880083069,199.17738760473728,0.0,426.2099212063994,1230.2591833082922,0.0,0.0,0.0,0.0,0.0,0.0,0.0,0.0,0.0,0.0,0.0,0.0,0.0,0.0,0.0,0.0,0.0,0.0,0.0,0.0
239,0.0809466450060453,0.104265702179401,0.0019168582861504,0.2585787221131752,2.0272421064103248,0.1014634939933551,1.4155680713248808,1.0933147780824473,1927.197685781645,1877.9466888468903,5676.761178649976,1819.7942116277584,0.0,961.486681412846,92.05019140126936,0.0,5954.523621117661,1508.3424897864477,0.0,73.65781026205444,200.32121911936588,0.0,494.7734944167568,1231.3439451861957,0.0,0.0,0.0,0.0,0.0,0.0,0.0,0.0,0.0,0.0,0.0,0.0,0.0,0.0,0.0,0.0,0.0,0.0,0.0,0.0
240,0.084237804641063,0.0830996402591353,0.0080068362673758,0.3707423568239207,2.170987498063255,0.1706760593222589,1.2723617201095083,0.8824544997416497,992.9228667513124,784.4854945494892,5466.485494549489,2111.503231071915,0.0,622.4600584514372,159.49044427667778,0.0,6322.005774681719,2566.539941548562,0.0,449.0230987268796,202.2501031193164,0.0,1426.0655838852474,2025.5638652299735,0.0,0.0,0.0,0.0,0.0,0.0,0.0,0.0,0.0,0.0,0.0,0.0,0.0,0.0,0.0,0.0,0.0,0.0,0.0,0.0
241,0.1021776874269441,0.0736701133912798,0.0280615183288362,0.471798054872602,2.305520928756661,0.232406185156146,1.236992188474073,0.8748798454785975,434.24775942969103,725.607952880357,5259.406940398379,2025.5775598638672,0.0,366.0186112006172,115.91534401290768,0.0,6278.065701467403,2733.7226729590075,0.0,681.2500310932256,243.04411757096523,0.0,1955.0101310054963,2604.0124026690314,2.3610918379106858,0.0,0.0,0.0,0.0,0.0,0.0,0.0,0.0,0.0,0.0,0.0,0.0,0.0,0.0,0.0,0.0,0.0,0.0,0.0
242,0.1610075350166112,0.0962709906928896,0.0767860230498343,0.5810784260866455,2.3823929861772783,0.2941363109900328,1.2549219690689772,0.982525752593212,435.6360250455226,754.3940487380432,5196.660834392071,1957.9958563973723,0.0,387.0292529998848,131.92122993661405,0.0,6224.990790381469,2657.583886894088,0.0,720.9322621205486,267.77624450847065,0.0,1987.1327307802237,2674.428967855249,3.819354039414544,0.0,0.0,0.0,0.0,0.0,0.0,0.0,0.0,0.0,0.0,0.0,0.0,0.0,0.0,0.0,0.0,0.0,0.0,0.0
243,0.2292882549249167,0.1375231688683051,0.1272373021196018,0.6791214633871108,2.367307946655149,0.3543525689740854,1.3127274548970156,1.139631776941385,504.2243835146102,1265.9094544655752,4219.355202902307,881.1027886422127,0.0,737.5919461695489,395.3309341505605,0.0,5369.984163894224,1428.4364250353078,0.0,1328.489501860991,657.6016487430346,0.0,2425.8628730664764,3719.8299729995297,258.6769107379638,0.0,0.0,0.0,0.0,0.0,0.0,0.0,0.0,0.0,0.0,0.0,0.0,0.0,0.0,0.0,0.0,0.0,0.0,0.0
244,0.290893580768272,0.1918536529634547,0.1766795556079736,0.7540898799219286,2.2756364315905304,0.3753597127973411,1.4220090266735934,1.3401921530855374,804.0284681628332,1767.4474996014162,3989.815319924826,481.5023647712632,0.0,960.9920525499216,542.3808579251714,0.0,4997.983958290161,878.547624046375,0.0,1407.652918462906,777.0918919315263,0.0,2156.5951529149115,3654.922756761054,349.5721248992165,0.0,0.0,0.0,0.0,0.0,0.0,0.0,0.0,0.0,0.0,0.0,0.0,0.0,0.0,0.0,0.0,0.0,0.0,0.0
245,0.3459483331295676,0.24708730144186,0.223495133608804,0.7791018394136234,2.111849545906147,0.3753690479999989,1.5322491384318992,1.5551557523197568,1123.3335466257283,2256.4199847525065,3878.943067451128,234.93712029722667,0.0,1146.1592243099617,643.6261502732359,0.0,4760.314785989601,485.6678989847045,0.0,1390.649476892314,829.1211596109925,0.0,1819.3985088889876,3416.5139075642187,333.60360105276425,0.0,0.0,0.0,0.0,0.0,0.0,0.0,0.0,0.0,0.0,0.0,0.0,0.0,0.0,0.0,0.0,0.0,0.0,0.0
246,0.3976302115614612,0.2936906923455142,0.259704239681063,0.7598736900598032,1.9462922836544845,0.3753690479999989,1.5978076458520143,1.7320224503485249,1425.095007661839,2640.846908650445,4017.336926660136,339.27045954455326,0.0,1221.8683290336894,630.2679000447414,0.0,4840.687571328783,475.0144605929837,0.0,1182.3509030626176,731.6530986131102,0.0,1415.5119025158172,2876.85727972874,196.70987458913044,0.0,0.0,0.0,0.0,0.0,0.0,0.0,0.0,0.0,0.0,0.0,0.0,0.0,0.0,0.0,0.0,0.0,0.0,0.0
247,0.4543165222512451,0.3468039456378726,0.2959146928367937,0.7359561028965971,1.7044823962169855,0.3746202840934374,1.6946977953588092,1.9156290301438843,1722.0720444175704,2983.281912959273,4240.691630333258,531.619171060832,0.0,1262.1044922557708,573.9959738309683,0.0,5027.024744266004,542.5876458569146,0.0,862.9367659096175,549.09316057533,0.0,969.692490485892,2229.5384850402424,28.222656074207165,0.0,0.0,0.0,0.0,0.0,0.0,0.0,0.0,0.0,0.0,0.0,0.0,0.0,0.0,0.0,0.0,0.0,0.0,0.0
248,0.4721225007935445,0.3989234116943509,0.3045747737854765,0.7023433463863336,1.449244791764594,0.3475084690678683,1.8452990799126765,2.100395671446595,1842.814918122428,2956.376585259346,4345.727075605192,628.5395594018285,0.0,1232.2898431429155,585.471154838041,0.0,5121.523949806507,593.6389826602734,0.0,757.0912555021464,521.4972032857069,0.0,872.4473993815272,2050.1265504090597,5.974929242131684,0.0,0.0,0.0,0.0,0.0,0.0,0.0,0.0,0.0,0.0,0.0,0.0,0.0,0.0,0.0,0.0,0.0,0.0,0.0
249,0.4628297380066435,0.4268509452102503,0.3070862963122917,0.6538318871276717,1.3311314931485525,0.3156767419933555,2.003503779166592,2.264219750853335,1893.6171101528137,2594.3986058303685,4607.256547919875,892.4262077022246,0.0,1096.639037284497,570.531811816193,0.0,5340.452819288366,787.5807825700131,0.0,651.2436838748383,516.9639879515095,0.0,817.5204113583367,1881.9830728570864,1.5639816408233371,0.0,0.0,0.0,0.0,0.0,0.0,0.0,0.0,0.0,0.0,0.0,0.0,0.0,0.0,0.0,0.0,0.0,0.0,0.0
250,0.4513522393311864,0.4779747357850905,0.3061597774485047,0.5470541329036565,1.2078891178299431,0.2784819998272425,2.1656396228415757,2.440187452519301,1837.8715879144183,2107.7437831077805,4922.116565341798,1215.870449762293,0.0,924.0481096479108,509.239985611086,0.0,5595.2510947037135,1041.6287755400708,0.0,568.9834606802063,505.4678541250345,0.0,786.7825729168236,1751.6383032351985,0.994417865469754,0.0,0.0,0.0,0.0,0.0,0.0,0.0,0.0,0.0,0.0,0.0,0.0,0.0,0.0,0.0,0.0,0.0,0.0,0.0
251,0.4305803300086883,0.5544902395913617,0.2951745302001027,0.4296825190051132,1.0880235564265288,0.237778319720929,2.2988715358420704,2.5846782852167047,1211.0541545249444,833.3670245909308,5621.057224143407,1969.2267044932887,0.0,322.2431483048728,108.60315708346296,0.0,6160.1227799249855,1639.8329311952152,0.0,176.72111359735098,185.0752026037712,0.0,685.073667954991,1370.914930788376,0.0,0.0,0.0,0.0,0.0,0.0,0.0,0.0,0.0,0.0,373.8171460988032,0.0,0.0,0.0,0.0,0.0,0.0,231.93817191025167,0.0,0.0
252,0.3694853168730898,0.5971935448178072,0.2529273273464458,0.3181741832691044,0.9696066173701016,0.2019871527308958,2.3746557944930293,2.6311944285137434,793.3554885605071,543.7232692136054,5374.581886848829,1682.4923755552102,0.0,124.26380955678437,0.0,0.0,5887.762201417338,1350.730127075341,0.0,0.0,0.0,0.0,527.3133208504029,1139.9418531415945,0.0,0.0,0.0,0.0,362.9976690287223,0.0,0.0,0.0,0.0,0.0,1496.1315716541428,0.0,0.0,0.0,0.0,0.0,0.0,782.7740413751267,0.0,0.0
253,0.2978182247441859,0.6145620207455414,0.214868908704319,0.2076797043986712,0.8512251423640944,0.1679531611352626,2.3899664099418314,2.6164448534775127,30.175239779983187,31.20008976564636,4202.048062908343,768.5217659620481,0.0,0.0,0.0,0.0,4607.934146992226,497.9872679110173,0.0,0.0,0.0,0.0,170.83279978878866,571.2649010504599,0.0,0.0,0.0,0.0,1228.882682417277,0.0,0.0,0.0,0.0,0.0,2490.911981659831,39.47916030063098,0.0,0.0,0.0,0.0,31.468895891807303,1068.3185563631253,0.0,0.0
254,0.2295536831620087,0.6088905153089692,0.1788366576830169,0.0961577556537034,0.7458342720515942,0.1618734477420356,2.319178345407079,2.462367950309936,0.0,0.0,2258.470972355942,376.65904225120016,0.0,0.0,0.0,0.0,2457.715590176213,209.8350683923558,0.0,0.0,0.0,0.0,67.45162061592042,273.23700255394544,0.0,0.0,0.0,0.0,1904.7785581711653,35.143896635301665,0.0,0.0,0.0,0.0,3141.005799922087,352.1051918103989,0.0,0.0,0.0,0.0,210.22226815341395,1219.0732332655027,0.0,0.0
255,0.1658730975548168,0.5924791979537376,0.1400038419028396,0.0243547459422056,0.6476373307555962,0.1641309839999992,2.174751786536706,2.202624235770315,0.0,0.0,2136.8734838908667,250.4458700871286,0.0,0.0,0.0,0.0,2252.856313281981,7.138809918796566,0.0,0.0,0.0,0.0,2.295038891249473,181.6733893443838,0.0,0.0,0.0,0.0,2859.090070432529,320.0028467082094,0.0,0.0,0.0,0.0,4305.978126682886,1314.0011939510212,0.0,0.0,0.0,0.0,464.740798070034,1357.0933408978744,0.0,0.0
256,0.1022921634594025,0.5600807437658457,0.1053439510341533,0.0119847528239207,0.5890734341031251,0.1641309839999992,2.111777942842528,1.941372846014336,0.0,0.0,2084.1991601960235,150.4323910491735,0.0,0.0,0.0,0.0,2133.1129039046527,0.0,0.0,0.0,0.0,0.0,0.0,109.13886179723303,0.0,0.0,0.0,0.0,3048.1993653138607,423.6278656368488,0.0,0.0,0.0,0.0,4567.148439938212,1522.2431156298271,0.0,0.0,0.0,0.0,536.9503968543744,1411.8917403173712,0.0,0.0
257,0.0498216021781937,0.5050815741122303,0.0847595715819997,0.0017075183920269,0.5782888024526754,0.1641309839999992,2.164863643558808,1.8209290035000756,0.0,0.0,1980.8290532906149,19.731830650274688,0.0,0.0,0.0,0.0,1950.394593825004,0.0,0.0,0.0,0.0,0.0,0.0,14.319557263407846,0.0,0.0,173.33896674850342,147.81961886608488,3882.832833747544,919.5961608226894,0.0,0.0,0.0,0.0,5842.04942121804,2357.281374233183,0.0,128.07823654194976,0.0,0.0,1075.223395242386,2076.970991978624,0.0,0.0
258,0.0515515623231088,0.4599348737838198,0.1071288254361434,4.0500935938325564e-16,0.5771694328254674,0.1577984601319625,2.315510774000776,1.929080890060408,0.0,0.0,1566.3374511490097,0.0,0.0,0.0,0.0,0.0,1604.809195755114,0.0,0.0,0.0,0.0,0.0,0.0,0.0,0.0,0.0,440.1257355153432,419.5212689629509,5041.99102634085,1536.4483726124884,0.0,9.340740586640088,0.0,0.0,7428.984131658779,3309.767661513456,0.0,184.94360496473175,0.0,0.0,1535.51382013717,2694.961478249373,0.0,0.0
259,0.0706482645847174,0.4433473073421911,0.1380808264186049,4.0500935938325564e-16,0.5661774328305669,0.1442593577541523,2.406426674089041,2.1114774591428467,0.0,0.0,1182.3143505253104,0.0,0.0,0.0,0.0,0.0,1210.8161461318052,0.0,0.0,0.0,0.0,0.0,0.0,0.0,0.0,0.0,585.6719940570944,601.5216226254909,5442.805067388305,1643.443781173724,0.0,46.24085747638756,0.0,0.0,7723.697283243129,3349.202265732781,0.0,55.073187944391385,0.0,0.0,1304.67664756447,2490.9654037992145,0.0,0.0
260,0.0975725080130744,0.4386130709115833,0.1927016462990035,4.050093593832557e-16,0.5584630835192391,0.1246290739534881,2.5352127102432784,2.525005449975126,0.0,0.0,960.8098059861976,0.0,0.0,0.0,0.0,0.0,980.9529786672716,0.0,0.0,0.0,0.0,0.0,0.0,0.0,0.0,0.0,634.3709436930228,593.2954487005029,5555.010079725141,1664.8318333786926,0.0,106.78549756429874,0.0,0.0,7838.86371819296,3386.384571873727,0.0,65.27364361137641,0.0,0.0,1313.5609154034569,2504.127282079195,0.0,0.0
261,0.1399857900274942,0.4376057600620902,0.2837363460996679,3.649818078077137e-06,0.5260709737344491,0.0926397818588611,2.756801665641429,3.3678505583872047,0.0,0.0,327.86435836057586,0.0,0.0,0.0,0.0,0.0,329.2125601360007,0.0,0.0,0.0,0.0,0.0,0.0,0.0,0.0,0.0,739.2367861888575,602.7793240838141,5711.270720436794,1659.7240236142766,0.0,235.8138068424348,8.344827586206897,0.0,7958.43680433271,3378.314983570899,0.0,111.2404653006688,0.2068965517241379,0.0,1346.4229337245972,2581.844244990252,0.0,0.0
262,0.1729487693222587,0.4171105829900323,0.3595291114314195,0.0124193692653065,0.476340914135738,0.0703855060863785,2.922449538244908,4.146167463576641,0.0,0.0,467.5217520094356,0.0,0.0,0.0,0.0,0.0,440.364504630924,0.0,0.0,0.0,0.0,0.0,0.0,0.0,0.0,0.0,1747.2034772328504,1704.6576342159956,5695.1682074340015,1230.1578906728166,0.0,830.1606096739961,356.7303335713395,0.0,7047.782414847611,2004.1909852707215,0.0,173.26478766983433,22.73505536741365,0.0,425.5415080582646,1989.9527974825555,0.0,0.0
263,0.2055121527109631,0.3954273340143609,0.4330547947086059,0.0504974059534887,0.4247499362591369,0.0514605039320542,3.009728598585803,4.9273883055824585,0.0,0.0,779.7408835728538,0.0,0.0,0.0,0.0,0.0,712.91449429395,0.0,0.0,0.0,0.0,0.0,0.0,0.0,0.0,0.0,1800.3503504652688,1828.3119554309133,5734.397967851108,1183.5010947001308,0.0,852.7120421224133,386.4175494933818,0.0,6989.074498789535,1916.1236459400584,0.0,196.1009709809533,66.62856423531879,0.0,421.5012336067228,2025.8245302295115,0.0,0.0
264,0.2377925882327724,0.391395297018969,0.5045156072009429,0.0963574127043193,0.3639811813027553,0.0403567453593394,2.980300656461699,5.623848185410984,0.0,0.0,519.500347437362,0.0,0.0,0.0,0.0,0.0,473.9762811111109,0.0,0.0,0.0,0.0,0.0,0.0,0.0,0.0,0.0,1854.1986256697487,1953.5318739044988,5774.171266130775,1136.176692439256,0.0,875.5545138897004,416.4476612401693,0.0,6929.542275062502,1826.8535489842968,0.0,219.3134079692012,111.0339559411073,0.0,417.4551805135946,2062.144316968296,0.0,0.0
265,0.236670450817276,0.3985393598213048,0.5196024856701769,0.1366698379933559,0.3336811582953289,0.0527090252890361,2.932743043352524,5.975905854745162,0.0,0.0,256.6171687335424,0.0,0.0,0.0,0.0,0.0,234.10610207481503,0.0,0.0,0.0,0.0,0.0,0.0,0.0,0.0,0.0,978.2512638944656,1260.5799466579074,5779.513459039432,1309.2067525641664,0.0,379.2983732054292,204.75807871759284,0.0,7366.166988703998,2565.042909312004,0.0,479.380101492012,147.3683373896437,0.0,1614.6201520800937,3165.321463056104,76.97894158441358,0.0
266,0.2301045360279073,0.3728748054039864,0.5076927451136208,0.1762425857541535,0.3153271249255827,0.0703313069980062,2.841596000697016,6.099602608923575,0.0,0.0,127.00591972050816,0.0,0.0,0.0,0.0,0.0,115.9032160635762,0.0,0.0,0.0,0.0,0.0,0.0,0.0,0.0,0.0,68.16644086962866,196.83625445661716,5223.896811422293,1706.714121084909,0.0,24.50522105493544,13.734489676807469,0.0,8025.874697628818,4122.509841900909,0.0,723.249429954229,38.81629471770248,0.0,4418.16436540038,5642.68129311583,951.1509596783392,0.0
267,0.2270595851162794,0.3647079719999996,0.4950814903654483,0.2135871197517229,0.3258894871845082,0.0847538093742805,2.6544256665570085,6.06014009892358,0.0,0.0,159.542516166801,0.0,0.0,0.0,0.0,0.0,133.71638585193224,0.0,0.0,0.0,0.0,0.0,0.0,0.0,0.0,0.0,0.0,0.0,3745.893146046959,1329.464669558001,0.0,0.0,0.0,0.0,7764.329770163241,4827.15545606266,0.0,363.2401491094689,0.0,0.0,6247.554415375604,7063.44969697001,1504.9050451078635,0.0
268,0.2147608984610441,0.3647079719999996,0.4685168028072021,0.2345690338148117,0.3597504878291727,0.0949237328282068,2.3120744948005587,5.74043790948965,0.0,0.0,372.6064953504872,0.0,0.0,0.0,0.0,0.0,298.4397860698495,0.0,0.0,0.0,0.0,0.0,0.0,0.0,0.0,0.0,0.0,0.0,2948.3544546749868,1074.1189392832696,0.0,0.0,0.0,0.0,7693.266526495944,5308.342897804705,0.0,40.75405084695549,0.0,0.0,7016.341825914802,7422.741278727147,1535.0415881105491,0.0
269,0.1754411311495018,0.35033114488186,0.3926909283787382,0.2572405698737547,0.392593963079602,0.0991727999999998,1.8666599298578064,5.159160976784047,0.0,0.0,353.5757424161501,0.0,0.0,0.0,0.0,0.0,280.1408013264192,0.0,0.0,0.0,0.0,0.0,0.0,0.0,0.0,0.0,0.0,0.0,4024.369594817401,1422.0998203579034,0.0,0.0,0.0,0.0,8277.43007833538,5250.693183859307,0.0,166.66373441285742,0.0,0.0,5419.655086550649,5961.806018817961,989.0256443738886,0.0
270,0.1411743000901344,0.3059764338295531,0.3157117490033226,0.2771673836411965,0.4145419995912175,0.0991665685731617,1.454194739486928,4.626247365981504,0.0,0.0,305.56755041216724,0.0,0.0,0.0,0.0,0.0,243.70958199960245,0.0,0.0,0.0,0.0,0.0,0.0,0.0,0.0,0.0,0.0,3.98570706123926,5011.903605985002,1719.6468371499425,0.0,0.0,0.0,0.0,8752.59580650701,5002.3583091234495,0.0,299.0614887652683,0.0,0.0,3807.8224679244654,4560.167812292987,547.3515870369779,0.0
271,0.1110167010897009,0.2643795288239193,0.2347232373687709,0.2953401477738451,0.4330981908402292,0.0960910599033522,1.073526809721295,4.424607261726844,0.0,0.0,265.0406409496792,0.0,0.0,0.0,0.0,0.0,194.093734030577,0.0,0.0,0.0,0.0,0.0,0.0,0.0,0.0,0.0,0.0,222.13609618450448,6029.797133039986,2037.1647580266604,0.0,0.0,0.0,0.0,9049.995282924949,4452.92228979903,0.0,370.22653886760025,0.0,0.0,1997.581400602596,2809.3980061953607,359.3343106543619,0.0
272,0.0824530401926909,0.2260682689634538,0.1569491341082108,0.2942027752795443,0.4378219656279074,0.0897258494750828,0.918262994907453,4.64892058818509,0.0,0.0,243.56060684572145,0.0,0.0,0.0,0.0,0.0,168.33567984618995,0.0,0.0,0.0,0.0,0.0,0.0,0.0,0.0,0.0,0.0,625.2389233603994,6604.356353981886,2168.1554526623986,0.0,0.0,0.0,0.0,8957.547353146472,3796.432842543723,0.0,376.918560360712,0.0,0.0,882.0409420596505,1511.4836867582765,392.0419131410055,0.0
273,0.054478320757475,0.1885469319867099,0.0822527037389833,0.3236941476579955,0.4309440323096609,0.0774346823521592,0.9593776374399816,5.196896109069388,0.0,0.0,201.52286550563792,0.0,0.0,0.0,0.0,0.0,117.98136697640852,0.0,0.0,0.0,0.0,0.0,0.0,0.0,0.0,0.0,0.0,811.0362695044502,6361.86044839624,1891.21201423008,0.0,0.0,0.0,0.0,8644.961253035319,3539.935497606046,0.0,390.10041678335335,0.0,0.0,900.2271555395203,1567.8178315775283,455.9265214281249,0.0
274,0.0344453436670217,0.1620854090127246,0.0143680891197896,0.3761964412060437,0.4051425837984097,0.0599723620863784,1.2508761372035366,6.093864772198089,0.0,0.0,168.49787021222338,0.0,0.0,0.0,0.0,0.0,84.51446420111014,0.0,0.0,0.0,0.0,0.0,0.0,0.0,0.0,0.0,248.19461690384443,765.6541523092792,5643.767509348125,1418.4640498191693,0.0,128.68379820463318,0.0,0.0,8155.212296713243,3289.450829398828,0.0,399.86765420267005,0.0,0.0,1787.329190853593,2621.8941874920297,503.56745694225646,0.0
275,0.0412782069169434,0.1809662827804751,3.126388037344436e-16,0.4378380276677752,0.3714303950523917,0.0426747806910296,1.7307779206636862,7.227203543751603,0.0,0.0,125.63962573257378,0.0,0.0,0.0,0.0,0.0,57.9100885745038,0.0,0.0,0.0,0.0,0.0,0.0,0.0,0.0,0.0,335.08395819468785,219.48747144328232,4313.328832206293,651.3244803091219,0.0,168.3637796127,0.0,0.0,7427.932223033566,3174.852557716567,0.0,790.811703260797,0.0,0.0,3758.3497505561622,4911.893228792163,550.2793338619301,0.0
276,0.0472387612704318,0.223686639113621,3.126388037344436e-16,0.4908416609701004,0.3451283454019956,0.0291661933156142,2.228485520754818,8.184843947756816,0.0,0.0,91.69598123512516,0.0,0.0,0.0,0.0,0.0,36.147016255340446,0.0,0.0,0.0,0.0,0.0,0.0,0.0,0.0,0.0,241.30747127061156,127.19947007804814,4218.982794967814,649.0066901009567,0.0,94.71270702589044,0.0,0.0,7393.020858000033,3179.6688243089247,0.0,937.0091368087036,41.96405796700556,0.0,3851.741045395828,5150.713751633365,533.3379613946541,0.0
277,0.0526509548372092,0.2707054656357067,3.126388037344436e-16,0.5522306579661995,0.3182621753135944,0.0176957659890216,2.75559856371602,9.017431219294815,0.0,0.0,47.55565258044781,0.0,0.0,0.0,0.0,0.0,0.0391513352234772,0.0,0.0,0.0,0.0,0.0,0.0,0.0,0.0,0.0,489.531502873751,1032.1439615029274,4944.213293008002,917.573948071672,0.0,374.02142253620985,0.0,0.0,7361.438793732752,2576.8723556288446,0.0,671.805961902991,96.5386663845128,0.0,1916.507265964988,3287.9817733499654,268.53946164102246,0.0
278,0.0630253852026577,0.3498715893289029,3.126388037344436e-16,0.6509130587753318,0.2606896741414046,0.0060319780919847,3.3881340384661613,9.860842470745016,0.0,0.0,36.02141186076607,0.0,0.0,0.0,0.0,0.0,0.0,0.0,0.0,0.0,0.0,0.0,0.0,0.0,0.0,0.0,1395.1007298341208,2869.489612490954,5929.989198137888,1320.8178679266712,0.0,575.437498594936,10.1896952033312,0.0,7200.628922523225,2023.4867683796308,0.0,174.32857265819254,25.069887945519035,0.0,496.9873156607061,1336.1738803866835,69.63857762644177,0.0
279,0.07481451061794,0.4381024740643747,3.126388037344436e-16,0.7249828074934918,0.1886704861395364,4.375032296353462e-06,3.960588917057254,10.463998322168514,0.0,0.0,22.541600774435707,0.0,0.0,0.0,0.0,0.0,0.0,0.0,0.0,0.0,0.0,0.0,0.0,0.0,0.0,0.0,1922.1176057497592,3314.915752944421,6551.991157547198,1561.204520265696,0.0,758.2942408073018,64.7442828538646,0.0,7266.804650358771,1797.47532461007,0.0,0.0,0.0,0.0,0.0,526.6296029831357,0.0,0.0
280,0.0830322712132888,0.4866485258923585,3.126388037344436e-16,0.7477943222112955,0.1276217568823934,0.0003447435428567,4.310206463144201,10.772817021294362,0.0,0.0,10.652878762386818,0.0,0.0,0.0,0.0,0.0,0.0,0.0,0.0,0.0,0.0,0.0,0.0,0.0,0.0,0.0,2258.446861124331,3146.114615185525,7017.977864356641,1746.3088001387691,0.0,931.4259609479532,136.75036539145714,0.0,7471.438079472781,1802.1455089881688,0.0,0.0,0.0,0.0,0.0,294.4854452811797,0.0,0.0
281,0.0847647383920263,0.4939649726710969,3.126388037344436e-16,0.7504044174179397,0.1055650305982734,0.0477850957690361,4.447734781017416,10.724788148605722,0.0,0.0,2.0557831999907643,0.0,0.0,0.0,0.0,0.0,0.0,0.0,0.0,0.0,0.0,0.0,0.0,0.0,0.0,0.0,2592.680601388252,2983.973559086773,7525.603433383578,1950.269994782824,0.0,1114.193475558322,196.8108558430821,0.0,7695.654618359691,1821.265069771257,0.0,0.0,0.0,0.0,0.0,68.91045116544869,0.0,0.0
282,0.0858993103172367,0.4989386019927387,3.126388037344436e-16,0.7456753065536578,0.1143408633154612,0.1634032787733906,4.3271548015396775,10.248861628640343,0.0,0.0,0.0,0.0,0.0,0.0,0.0,0.0,0.0,0.0,0.0,0.0,0.0,0.0,0.0,0.0,0.0,0.0,2759.0806768144766,2950.520169203619,8151.461730222134,2219.969925207988,0.0,1294.979379937813,130.6197554777448,0.0,7981.918421468387,1952.5768047508327,0.0,0.0,0.0,0.0,0.0,0.0,0.0,0.0
283,0.0808361281794017,0.4888068503728917,3.126388037344436e-16,0.6942253655098994,0.1359803728728253,0.2870661305182722,4.047691326216876,9.399047410221131,0.0,0.0,0.0,0.0,0.0,0.0,0.0,0.0,0.0,0.0,0.0,0.0,0.0,0.0,0.0,0.0,0.0,0.0,2853.8637829073427,2847.8110588056325,8804.073498604183,2503.270897359532,0.0,1430.8332051458983,44.23370950169161,0.0,8329.353877649139,2146.724756093458,0.0,0.0,0.0,0.0,0.0,0.0,0.0,0.0
284,0.0719336396212623,0.4501063173443367,3.126388037344436e-16,0.6068569069512374,0.213427217736364,0.4402784613231165,3.572877081431784,8.15500825301468,0.0,0.0,0.0,0.0,0.0,0.0,0.0,0.0,0.0,0.0,0.0,0.0,0.0,0.0,0.0,0.0,0.0,0.0,2601.8825034286933,1781.3985323147365,10431.183727350865,3207.463854266813,0.0,1525.4402740510268,0.0,0.0,9627.050475545037,2830.280571504274,0.0,0.0,0.0,0.0,0.0,0.0,0.0,0.0
285,0.0633490970830564,0.3822247993442141,3.126388037344436e-16,0.5290004000930231,0.3292614315643522,0.5921443972823921,2.991757912187776,6.954225902093884,0.0,0.0,0.0,0.0,0.0,0.0,0.0,0.0,0.0,0.0,0.0,0.0,0.0,0.0,0.0,0.0,0.0,0.0,2170.264571008572,869.0668328757702,11764.265041482997,3926.4384254789297,0.0,1284.5878672392976,0.0,0.0,10941.261427899322,3535.068537164645,0.0,0.0,0.0,0.0,0.0,0.0,0.0,0.0
286,0.0564606204173268,0.3275016981129549,3.126388037344436e-16,0.4557276710592895,0.4604877373593167,0.7294709572785586,2.3424652267843067,5.998720157374399,0.0,0.0,0.0,0.0,0.0,0.0,0.0,0.0,0.0,0.0,0.0,0.0,0.0,0.0,0.0,0.0,0.0,0.0,1998.995523518335,555.0332959593047,12076.744372696809,4188.656797609712,0.0,1232.3689872913487,0.0,0.0,11261.159822610583,3865.9042290039247,0.0,0.0,0.0,0.0,0.0,0.0,0.0,0.0
287,0.0486753940465116,0.2644478954551488,0.0019443975631618,0.3715300384927762,0.5932726574101846,0.8200152542906589,1.7139412540937953,5.256485885549883,0.0,0.0,0.0,0.0,0.0,0.0,0.0,0.0,0.0,0.0,0.0,0.0,0.0,0.0,0.0,0.0,0.0,0.0,1877.9873187306637,515.1131335423628,11965.496383324598,4250.42436594363,0.0,1143.504275240695,0.0,0.0,11289.92493814946,4039.9102430558687,0.0,0.0,0.0,0.0,0.0,0.0,0.0,0.0
288,0.0394327197209301,0.1958394425403804,0.0190332701342195,0.2860347678436737,0.7306526387003341,0.8352561454216848,1.348073916794441,4.996317936249356,0.0,0.0,0.0,0.0,0.0,0.0,0.0,0.0,0.0,0.0,0.0,0.0,0.0,0.0,0.0,0.0,0.0,0.0,1751.627169967598,833.1697715895757,10893.525937083348,4022.011661785517,0.0,738.8623097367496,0.0,0.0,10628.27628378267,4021.278331620724,0.0,0.0,0.0,0.0,0.0,0.0,0.0,0.0
289,0.0295298543720929,0.1335547742184716,0.0437258146843857,0.2377027045794032,0.8798110833528265,0.8433554256550161,1.1481948210570083,4.996395233224987,0.0,0.0,0.0,0.0,0.0,0.0,0.0,0.0,0.0,0.0,0.0,0.0,0.0,0.0,0.0,0.0,0.0,0.0,1164.6976642046488,692.4873941999814,6642.720746527024,2459.3638116434468,0.0,385.07566702972616,0.0,0.0,6651.533127779959,2519.9521528026944,0.0,0.0,0.0,0.0,0.0,0.0,0.0,0.0
290,0.019721302026578,0.0960728873200436,0.0683114437076415,0.2317030857585831,1.0006641990121845,0.8457779180664448,1.1345527109966769,5.1397699151783,0.0,0.0,0.0,0.0,0.0,0.0,0.0,0.0,0.0,0.0,0.0,0.0,0.0,0.0,0.0,0.0,0.0,0.0,524.9159618808368,338.1668730026628,2755.604315578397,1004.038315827854,0.0,179.08682250176514,0.0,0.0,2789.52358121771,1043.459624861008,0.0,0.0,0.0,0.0,0.0,0.0,0.0,0.0
291,0.0097241236744185,0.0881521814152817,0.0933698732890369,0.2518818678630208,1.0638205651104045,0.7857222484485044,1.2979765463552249,5.193793617667783,0.0,0.0,0.0,0.0,0.0,0.0,0.0,0.0,0.0,0.0,0.0,0.0,0.0,0.0,0.0,0.0,0.0,0.0,1501.7781177266957,1068.888601771715,6979.410637857971,2477.4741736320543,0.0,533.5836022116666,0.0,0.0,7186.439007568888,2632.860995954913,0.0,0.0,0.0,0.0,0.0,0.0,0.0,0.0
292,0.0014043052688008,0.0827686274515246,0.1160643000797346,0.324393712118998,1.0763041685463637,0.6634977816732092,1.6523073389818768,5.242118642089412,0.0,0.0,0.0,0.0,0.0,0.0,0.0,0.0,0.0,0.0,0.0,0.0,0.0,0.0,0.0,0.0,0.0,0.0,2112.278572274631,1645.5860724953634,9429.47937105483,3354.74940721422,0.0,774.5211031737944,0.0,0.0,9619.67922137778,3462.696293608265,0.0,0.0,0.0,0.0,0.0,0.0,0.0,0.0
293,-1.2789769243681822e-16,0.0927084467242519,0.1343765616068963,0.3995378876810643,1.0635319077607996,0.5556222015548155,2.0354486783467705,5.382956639636897,0.0,0.0,0.0,0.0,0.0,0.0,0.0,0.0,0.0,0.0,0.0,0.0,0.0,0.0,0.0,0.0,0.0,0.0,2221.885339501114,2058.7906869694525,9207.467853199145,3235.8762141809,0.0,862.250490435488,0.0,0.0,9101.83125291402,3061.618909382148,0.0,0.0,0.0,0.0,0.0,0.0,0.0,0.0
