Time,r-biceps,l-biceps,r-lats,l-lats,r-quat,l-quat,r-hamstring,l-hamstring,L1,L2,L3,L4,L5,L6,L7,L8,L9,L10,L11,L12,L13,L14,L15,L16,L17,L18,R1,R2,R3,R4,R5,R6,R7,R8,R9,R10,R11,R12,R13,R14,R15,R16,R17,R18
0,0.2429416148196681,0.0060467402392026,0.0300195900861128,0.0,0.0121152260093023,0.0536808034118272,2.785589839487839,0.0020478194766777,3207.192127895379,1766.3940894667116,6423.665636373371,2295.184368491851,0.0,805.0372612809224,1064.024869129996,0.0,6807.019290609147,2057.0739362113527,0.0,657.8437395242338,1075.4150342571002,0.0,759.4200867005621,2215.610968717641,147.79225250897613,0.0,0.0,0.0,563.0699642573686,0.0,0.0,0.0,0.0,0.0,1185.969616402252,0.0,0.0,0.0,0.0,0.0,0.0,0.0,0.0,0.0
1,0.2468468415263411,0.0019546266976744,0.035317719243474,0.0,0.012644532,0.0337049257019458,2.44609244439867,0.0473649159439962,2962.7635002535585,1377.4666137196411,6154.214956228274,1895.199344749592,0.0,702.6255252057124,863.1233810470678,0.0,6426.42770653581,1545.1332809752894,0.0,433.233291127043,696.5093343637118,0.0,438.8414345928712,1756.5348728579283,26.89904956845519,0.0,0.0,0.0,1224.166565495841,0.0,0.0,0.0,0.0,0.0,1889.095520157686,0.0,0.0,0.0,0.0,0.0,0.0,157.53466293350647,0.0,0.0
2,0.274113948677741,2.2197864744547887e-06,0.0718368555348836,0.0,0.012644532,0.0196130141411114,2.1353352704404545,0.2073077575354468,2215.97149136641,978.658602408762,5222.946489027019,279.794978390587,0.0,513.7439079947754,617.9583545024693,0.0,5366.676361248347,221.70249780604624,0.0,59.3777124558802,94.8501121048476,0.0,56.93577190033535,1249.5806208252409,0.0,0.0,0.0,0.0,1994.135609155745,0.0,0.0,0.0,0.0,0.0,2757.0244528929843,0.0,0.0,0.0,0.0,0.0,13.3498599623208,1015.9028140847968,0.0,0.0
3,0.306108708398671,-8.881784197001248e-18,0.1121023302458469,0.0,0.012644532,0.0241125342885617,1.9142966610156655,0.4293173998889418,1150.1092154967369,490.5180526815703,3883.298751997194,0.0,0.0,257.53675955368976,309.742693088666,0.0,3867.579435780229,0.0,0.0,0.0,0.0,0.0,0.0,626.3278784598081,0.0,0.0,19.37718269253999,29.811050296215367,3645.295906527817,78.99928328497073,0.0,21.364586045621014,0.0,0.0,4846.364656008286,572.4602550058327,0.0,183.4141293825344,0.0,0.0,744.5443729708609,2097.427122454838,0.0,0.0
4,0.3248554095871235,0.0073218190963455,0.1507814406426851,0.0,0.0125460295167831,0.0545377545654712,1.7000303428889962,0.7877022321507623,617.5867109134464,247.51043493125027,3194.3636891289684,0.0,0.0,129.96708834001706,156.2895366114129,0.0,3104.076381282201,0.0,0.0,0.0,0.0,0.0,0.0,316.0395674998844,0.0,0.0,57.34321516810202,83.5156649244676,4273.025312098156,184.7175150959847,0.0,54.62852121832466,0.0,0.0,5727.468075674526,1081.8021077762685,0.0,369.944364485277,0.0,0.0,1199.5949959839436,2645.9882095875955,0.0,0.0
5,0.318684461920266,0.0309095424119601,0.1894917094086374,0.0014294581870687,0.0108591744916943,0.0953492108172756,1.3571628030644054,1.5003106644916948,30.910642944391007,0.0,1931.0068672957643,0.0,0.0,0.0,0.0,0.0,1869.198307048574,0.0,0.0,0.0,0.0,0.0,0.0,0.0,0.0,0.0,539.4415367952573,699.4984416654842,5465.999679096035,844.7432363392135,0.0,363.0553933007163,128.30004817573916,0.0,7006.915112226929,2207.689437170082,0.0,1124.3613037789637,316.82528136639604,0.0,2118.1163102710448,4104.875530691399,194.4267674156748,0.0
6,0.3104887031162792,0.0531081052026578,0.2243339805049827,0.008207702372093,0.0087587538936877,0.1346303536171095,1.0543151283264145,2.55334561735216,0.0,0.0,1086.1021685389514,0.0,0.0,0.0,0.0,0.0,1078.1617261785034,0.0,0.0,0.0,0.0,0.0,0.0,0.0,0.0,0.0,1016.250304942736,1261.5624606689328,6265.884875652885,1136.0520537927111,0.0,731.3556322991012,495.868645747279,0.0,7801.427742340317,2744.654626958653,0.0,1726.381659195457,1142.6737586731492,0.0,2640.139469205524,5260.351805956202,668.0874154128126,0.0
7,0.3006962319663139,0.0733087973421927,0.2506588880420296,0.0149162810232558,0.0095779562382755,0.2164175498647916,0.7967735496478411,3.7290314655566696,0.0,0.0,436.88733033872063,0.0,0.0,0.0,0.0,0.0,426.1919847165005,0.0,0.0,0.0,0.0,0.0,0.0,0.0,0.0,0.0,1299.3953488372092,1616.953488372093,6242.581395348837,966.2093023255812,0.0,916.186046511628,579.6976744186046,0.0,7656.139534883721,2369.5116279069766,0.0,1648.1162790697674,1170.953488372093,0.0,2239.5116279069766,4947.581395348837,607.4186046511628,0.0
8,0.2654297391229238,0.0955073601328905,0.249293566764119,0.022288345475083,0.0168461968903654,0.373125275683161,0.5144979026501144,5.041262526143727,0.0,0.0,1112.121753426782,0.0,0.0,0.0,0.0,0.0,1036.0086173974712,0.0,0.0,0.0,0.0,0.0,0.0,0.0,0.0,0.0,2514.131360293108,3194.1449983926227,6598.480254854036,976.695616433045,0.0,1443.507531053066,711.2376170759959,0.0,7600.287148772013,1606.4651927479035,0.0,1026.7028098238995,705.2720866658807,0.0,718.0466836827833,2766.525514530202,33.389808859473305,0.0
9,0.221301856760858,0.1203659464881911,0.2436660869501656,0.0305450576611295,0.0251490359601328,0.5306500951415279,0.2203133786094843,6.560896768494105,0.0,0.0,1065.9007940584588,0.0,0.0,0.0,0.0,0.0,974.2638413908556,0.0,0.0,0.0,0.0,0.0,0.0,0.0,0.0,0.0,3023.4609906879946,4023.010123867,7050.637349151419,1157.8039284943195,0.0,1661.0856993058578,645.3542425208564,0.0,7758.860891309073,1330.6350747690249,0.0,604.5154957996164,172.1482610830943,0.0,45.65935820374805,1619.132937571575,0.0,0.0
10,0.1961948591652071,0.1335596991618848,0.2400929570114764,0.0378434014684385,0.0325883999845967,0.6523655150631232,0.0469065291455772,7.86848049552612,0.0,0.0,1038.3239420188909,0.0,0.0,0.0,0.0,0.0,948.0927026303548,0.0,0.0,0.0,0.0,0.0,0.0,0.0,0.0,0.0,3079.7060460367707,4099.377130110836,7103.974941841917,1180.727912975689,0.0,1689.3618028086648,638.5801735513126,0.0,7778.995771240848,1314.4726623887789,0.0,572.184210522309,135.663019551798,0.0,28.19961642368835,1549.605231709397,0.0,0.0
11,0.191284165224155,0.1336353480000002,0.232001266703146,0.0436510200070354,0.0412110758272425,0.7689203251295692,0.0016373590142678,8.87571791026304,0.0,0.0,821.0652885158137,0.0,0.0,0.0,0.0,0.0,755.5593498384233,0.0,0.0,0.0,0.0,0.0,0.0,0.0,0.0,0.0,3409.914234657153,4509.978952324872,7405.259270514945,1321.5655083182264,0.0,1867.406470281502,602.4076648730879,0.0,7895.28753477888,1230.416672765199,0.0,400.7866896429183,0.2702939620324629,0.0,0.0561846999730402,1212.0822392351736,0.0,0.0
12,0.1620709244252494,0.1336353480000002,0.1936250076677739,0.044379828,0.0511052923853821,0.893858548668967,1.669775429036242e-15,9.568411204149934,0.0,0.0,729.6837148231489,0.0,0.0,0.0,0.0,0.0,708.3577337157285,0.0,0.0,0.0,0.0,0.0,0.0,0.0,0.0,0.0,3764.864265832826,4951.335188918841,7729.215665809205,1472.979903412359,0.0,2058.831695479123,563.4788980129291,0.0,8020.287395555079,1140.0564499684522,0.0,216.4889521074338,0.0,0.0,0.0,849.2617779465478,0.0,0.0
13,0.1286437602259137,0.1382432918926248,0.1525621968239203,0.044379828,0.057200185796412,0.9445057181079084,1.669775429036242e-15,9.89479757566166,0.0,0.0,618.8666772212111,0.0,0.0,0.0,0.0,0.0,685.3245008949103,0.0,0.0,0.0,0.0,0.0,0.0,0.0,0.0,0.0,3892.905692658211,5190.9591106273365,8143.682289933777,1718.1509691816868,0.0,2098.226603641247,514.142602286388,0.0,8302.984752202055,1270.040657800051,0.0,95.07975162557231,0.0,0.0,0.0,639.7420378111598,0.0,0.0
14,0.0971638094750831,0.1555678399895385,0.1138913943787376,0.044379828,0.057272292,0.9485720766548388,0.0004124079892573,9.95456701345896,0.0,0.0,788.8099421390106,0.0,0.0,0.0,0.0,0.0,882.1636967955156,0.0,0.0,0.0,0.0,0.0,0.0,0.0,0.0,0.0,3669.303082059472,5091.408009578186,8567.741668476652,2021.9146627722043,0.0,1911.385866839085,461.0767226149204,0.0,8715.684200227968,1656.2909364388445,0.0,92.76404837314996,0.0,0.0,0.0,698.5919432665181,0.0,0.0
15,0.0653593231495017,0.1637413765714286,0.0748219238671096,0.0430124469228064,0.057272292,0.9786402719859288,0.0354823623623233,9.612660724800463,0.0,0.0,1034.366836145323,0.0,0.0,0.0,0.0,0.0,1116.4826773940863,0.0,0.0,0.0,0.0,0.0,0.0,0.0,0.0,0.0,3485.6304523570934,5006.417509736401,8781.841843738877,2172.1916031013,0.0,1747.2265350323307,417.8723194124832,0.0,8903.946499188598,1825.376766624956,0.0,109.65384223668975,0.0,0.0,0.0,788.833642221862,0.0,0.0
16,0.0404140726771754,0.1718135812225912,0.0357524533554817,0.0363932875614618,0.057272292,1.019628700858697,0.1600877838826623,8.809957591260046,0.0,0.0,1396.7424287910353,0.0,0.0,0.0,0.0,0.0,1470.0284456678066,0.0,0.0,0.0,0.0,0.0,0.0,0.0,0.0,0.0,2878.989975692208,4166.510396477459,8623.131851826478,2057.659160695025,0.0,1246.3884652735624,300.7438464922699,0.0,8797.499458387265,1821.5625968749237,0.0,162.32439925770592,0.0,0.0,29.257623501072462,1043.113960322993,0.0,0.0
17,0.0626620045527674,0.191106308067576,0.005858464740793,0.0294635469767441,0.0544859968878208,1.0121204639575871,0.3446489290009207,7.725329451582096,0.0,0.0,2409.363456415166,37.92178284287319,0.0,0.0,0.0,0.0,2612.0520275863955,65.91889337601155,0.0,0.0,0.0,0.0,27.650397090003533,147.88822235519487,0.0,0.0,2126.532319882498,2768.62495721036,7629.719735602626,1492.9216595746932,0.0,701.3039028139943,92.87787449522776,0.0,7765.035865297877,1386.36800761654,0.0,75.42390892084666,0.0,0.0,59.7447826013448,1037.3538146285546,0.0,0.0
18,0.130221134910299,0.2380797918538206,0.0062613126179401,0.0220177618803986,0.0665544121328903,0.9620122042547058,0.5870037055769679,6.443520443953486,0.0,3.21173112490795,3853.8109442835007,466.1177568326126,0.0,1.9516260902550695,0.0,0.0,4225.668447187397,809.0303765636077,0.0,11.156539697048666,1.429143514911193,0.0,356.6960972633029,827.6545625395819,5.040420138611519,0.0,932.8803198225678,1132.605832304549,6260.9747669538965,631.0761255160968,0.0,263.865600250518,0.0,0.0,6399.927882251797,597.082366015384,0.0,0.0,0.0,0.0,28.393068465495016,495.9290157532345,0.0,0.0
19,0.2013372578870433,0.2826667228224102,0.0105799421063122,0.0147931387176079,0.1026393176810631,0.9508510258341888,0.9782029200172176,5.125168121768043,0.0,27.0113302279534,4915.581679917132,1020.1374346698166,0.0,16.41358343995254,0.0,0.0,5385.339393494941,1763.068045535678,0.0,93.82883131815392,12.019395747366822,0.0,885.3669189296784,1645.190885269001,42.39098715200341,0.0,0.0,0.0,5300.4045698062255,0.0,0.0,0.0,0.0,0.0,5495.175668296184,0.0,0.0,0.0,0.0,0.0,0.0,0.0,0.0,0.0
20,0.274630405036545,0.3122948119419478,0.0150307745382058,0.0073473536212624,0.1401178225514951,0.9291794977002976,1.669219610413012,3.790590238432586,204.7479029958325,246.99840759254965,5406.406189489776,1558.5501706344746,0.0,219.7121971568344,0.0,0.0,6048.686920593995,2582.0224834937403,0.0,455.1406004200555,78.7257776175596,0.0,1614.691356303215,2662.555332170518,175.0333178641615,0.0,0.0,0.0,3965.676085942452,0.0,0.0,0.0,0.0,0.0,4237.62812782344,0.0,0.0,0.0,0.0,0.0,0.0,0.0,0.0,0.0
21,0.3501005763588036,0.3522257077873753,0.0196138099136211,0.0007223448960203,0.1787095503388706,0.8747026589162387,2.5331059267901352,2.6102423266343355,852.9548993219147,677.7343353484564,5266.2434326085,1742.5977261350536,0.0,701.8822558938331,0.0,0.0,5920.727987431057,2632.2405529481925,0.0,499.31284908389614,126.8096124657514,0.0,1050.8025699635964,2612.549379173364,131.4328795868986,0.0,0.0,0.0,2586.417642784883,0.0,0.0,0.0,0.0,0.0,2932.8966745924604,0.0,0.0,0.0,0.0,0.0,0.0,0.0,0.0,0.0
22,0.4161259884939502,0.3914335589501657,0.0240205746976742,0.0,0.2158169809036547,0.8086742079408284,3.3948954212190854,1.8035818857197965,762.5254039320258,571.3808660850153,3868.621930887631,1276.0038081728153,0.0,546.6824027324674,0.0,0.0,4289.062012956997,1840.824161441572,0.0,0.0,0.0,0.0,0.0,1775.4639834194693,0.0,0.0,0.0,0.0,1950.7386162331527,0.0,0.0,0.0,0.0,0.0,2477.98434909219,0.0,0.0,0.0,0.0,0.0,0.0,0.0,0.0,0.0
23,0.4370629901177019,0.4163717291561457,0.0265226051276695,0.0,0.253555773189369,0.7849070950223075,4.205985873266259,1.296461374171801,908.2886733826416,652.192238776018,3916.856000687198,1287.7783861888074,0.0,584.6376433821678,0.0,0.0,4282.042461208134,1770.7037224750668,0.0,0.0,0.0,0.0,0.0,1653.5382389966917,0.0,0.0,0.0,0.0,1898.774489748314,0.0,0.0,0.0,0.0,0.0,2444.660959766353,0.0,0.0,0.0,0.0,0.0,0.0,0.0,0.0,0.0
24,0.4672495824889443,0.3916341285249171,0.0265287239999998,0.0,0.2799916185503494,0.7770139316322605,5.076113896745563,0.8905841988266666,2631.447494543465,1635.6971162430275,5172.496014854046,1657.079622146512,0.0,1099.3777950576575,230.4311190117339,0.0,5018.925061198433,1360.1820799971931,0.0,0.0,0.0,0.0,0.0,669.536480329681,0.0,0.0,0.0,0.0,1602.3411441359135,0.0,0.0,0.0,0.0,0.0,2164.0192147730163,0.0,0.0,0.0,0.0,0.0,0.0,0.0,0.0,0.0
25,0.5169691085382059,0.359372491833888,0.0265287239999998,0.0,0.280659024,0.7079437251852165,5.896037549539042,0.5744072376677706,4353.143300348247,2686.568918811159,7779.872846955367,2495.968652688789,0.0,1746.9049092189753,311.76535784873766,0.0,7336.019663149661,1739.9222190648145,0.0,0.0,0.0,0.0,0.0,470.8829850631148,0.0,0.0,0.0,0.0,1460.2273000076032,0.0,0.0,0.0,0.0,0.0,2046.6489034766184,0.0,0.0,0.0,0.0,0.0,0.0,0.0,0.0,0.0
26,0.5557228203960132,0.3310674709634559,0.0265287239999998,0.0,0.280659024,0.6329695723056475,6.3805490381873815,0.3903241341793981,4039.602957371028,2785.276293061854,8209.497186794897,2731.881641141385,0.0,1689.8123969209173,297.3418248298664,0.0,7792.133203706686,2106.10554028643,0.0,0.0,0.0,0.0,0.0,351.9329232915592,0.0,0.0,0.0,0.0,1340.9294693279476,0.0,0.0,0.0,0.0,0.0,1948.365801405694,0.0,0.0,0.0,0.0,0.0,0.0,0.0,0.0,0.0
27,0.5528595953011528,0.2917668330545237,0.0249262024115691,0.0,0.2806577642321673,0.554918734276333,6.728882264719179,0.2795829723095527,4045.0566416181705,2884.012335046011,8393.029581009268,2839.9901853543543,0.0,1723.7892927000023,327.84592712932806,0.0,8006.806538663259,2234.034484737668,0.0,0.0,0.0,0.0,0.0,407.7228364361862,0.0,0.0,0.0,0.0,1251.6749268863734,0.0,0.0,0.0,0.0,0.0,1897.021488363448,0.0,0.0,0.0,0.0,0.0,0.0,2.7094534667596606,0.0,0.0
28,0.5261129395415284,0.2248999958073081,0.0220038505980065,0.0,0.2600302396013291,0.4483226805404215,6.95551907569879,0.2428696965404173,4338.058075731749,2767.290970266484,8542.179985448593,2974.802019207253,0.0,1804.9146946250207,325.8793651507509,0.0,8194.657545631257,2281.1959482153547,0.0,0.0,0.0,0.0,0.0,400.22540069438014,0.0,0.0,0.0,0.0,1079.454839157842,0.0,0.0,0.0,0.0,0.0,1907.737911877373,0.0,0.0,0.0,0.0,0.0,0.0,72.74334450004807,0.0,0.0
29,0.4986583007202664,0.2345447098548836,0.0440429370099666,0.0,0.2125926623099006,0.3601971087237209,6.932107190382465,0.2494747959954778,4619.610066234211,2499.058849563817,8751.383918584123,3110.503539016044,0.0,1810.4096541671329,253.46314319846536,0.0,8404.73531441996,2295.3892791166068,0.0,0.0,0.0,0.0,0.0,391.1460106641144,0.0,0.0,0.0,0.0,916.5170870951508,0.0,0.0,0.0,0.0,0.0,1721.5271479225885,0.0,0.0,0.0,0.0,0.0,0.0,297.81462832109065,0.0,0.0
30,0.4395406038936885,0.3020618980465119,0.0758243598936875,0.0,0.1665579994086378,0.3229446853776298,6.5415865495769685,0.26487549959911,4347.673050923552,2427.136016670324,8768.338803490542,3028.6096399167795,0.0,1649.0067661010232,165.56828312045093,0.0,8336.18299667978,2210.658810390015,0.0,0.0,0.0,0.0,3.9840362778234697,434.1983685703685,0.0,0.0,0.0,0.0,622.2485528271646,0.0,0.0,0.0,0.0,0.0,1136.791926344561,0.0,0.0,0.0,0.0,0.0,0.0,541.9928890501185,0.0,0.0
31,0.3633447578471761,0.3759391898495215,0.1079113733820596,0.0,0.1201572373156143,0.3183745348071135,5.889632913094391,0.3218025730412307,2645.2976808067688,2063.7402555245267,8486.200988900007,2773.1935453276915,0.0,889.2769665486453,50.79082406041671,0.0,8083.371280819634,2220.497181734568,0.0,0.0,0.0,0.0,120.274189888576,589.2671875599488,0.0,0.0,0.0,0.0,1447.2758029344604,0.0,0.0,1.2496371591214095,0.0,0.0,1957.9852470566711,0.8578017787189338,0.0,0.0,0.0,0.0,0.0,798.9460730778081,0.0,0.0
32,0.3018308254926126,0.4557830328239205,0.1378592526378735,0.0,0.0768498593621258,0.3402194863340637,5.143039175262883,0.4727534147819282,1297.3237665636402,1459.4244714951817,7889.960100277499,2326.806240973405,0.0,174.95035137383928,0.0,0.0,7490.534777363185,1964.7553378490384,0.0,0.0,0.0,0.0,148.81449069461675,631.2860155890189,0.0,0.0,0.0,0.0,3219.4719540661863,0.0,0.0,68.72997264412164,0.0,0.0,4020.395109956575,47.17904901842249,0.0,0.0,0.0,0.0,0.0,1044.0027506743672,0.0,0.0
33,0.2965826832159461,0.5537797910994725,0.1698870570381083,0.0,0.0336306005534493,0.389332136998241,4.320959089810437,0.7231308169247563,899.2496750143102,856.7617237801411,7256.8287112563075,1851.357260403012,0.0,0.0,0.0,0.0,6783.303969889804,1495.468653571916,0.0,0.0,0.0,0.0,65.62014554048318,547.3095644525608,0.0,0.0,0.0,0.0,3928.0,0.0,0.0,118.0,0.0,0.0,4845.0,81.0,0.0,0.0,0.0,0.0,0.0,1142.0,0.0,0.0
34,0.2785417176677737,0.673508694754286,0.2029578600510302,0.0,0.0129547188191362,0.4661783191303654,3.438177224861664,1.117029060279863,382.37495753330137,249.03394670117575,5434.637799778869,964.7614313147913,0.0,0.0,0.0,0.0,4984.242004915884,735.3364567948104,0.0,0.0,0.0,0.0,0.0,314.3971873051589,0.0,0.0,357.451356966894,206.78145359422064,5298.922936894348,651.5174442390771,0.0,306.07760352037155,29.44124548661433,0.0,6426.51443402213,1243.409645330326,0.0,307.2280558426696,107.37395412765224,0.0,480.4118528227539,1731.1712773262468,0.0,0.0
35,0.2479805979667773,0.716275548,0.2104942680000004,0.0,0.0145711180388775,0.5281025732491698,2.667423223612075,1.6465449608957337,0.0,0.0,2390.4344311383397,0.0,0.0,0.0,0.0,0.0,2163.938555181571,0.0,0.0,0.0,0.0,0.0,0.0,0.0,0.0,0.0,1770.5024468759154,1456.9384502851062,8744.120426334117,2183.2349958416994,0.0,984.3834487270263,289.76079164543046,0.0,9924.235709934312,3394.0467698984426,0.0,744.8803598013092,293.585026301507,0.0,1030.061693800518,2351.7560419792235,0.0,0.0
36,0.2171044151760795,0.7322181521860466,0.2104942680000003,0.0,0.0148267083001759,0.5948692831799888,2.041931176469803,2.321323600819225,0.0,0.0,2030.5954257753408,0.0,0.0,0.0,0.0,0.0,1928.690474703704,0.0,0.0,0.0,0.0,0.0,0.0,0.0,0.0,0.0,2159.385524500891,1929.35144093691,8912.309909242764,2139.402916269323,0.0,1159.6258279825076,510.9130400885958,0.0,9932.593130817357,3266.5191873852145,0.0,791.0012806322147,381.6183533156548,0.0,988.3378338251748,2346.755053269552,0.0,0.0
37,0.1843378538471755,0.7486938575733718,0.2104942680000003,0.0,0.0234341043189369,0.7457169018534452,1.4732540612017784,3.299476491668522,0.0,0.0,1670.7928618551657,0.0,0.0,0.0,0.0,0.0,1538.26285415789,0.0,0.0,0.0,0.0,0.0,0.0,0.0,0.0,0.0,1626.4161624338808,1131.1928598354843,8656.293511442922,2149.8083613765243,0.0,936.3223639814008,501.2839949901886,0.0,10051.33360357368,3832.6486616282577,0.0,1097.9781445948406,564.9634843278914,0.0,1726.1289599974684,3239.1748162439176,0.0,0.0
38,0.1487677062282131,0.7452377819217991,0.207295783629185,0.0,0.0365370222259136,0.9246214944073602,1.008860620761052,4.477704509716328,0.0,0.0,1122.27890153384,0.0,0.0,0.0,0.0,0.0,1030.0526338565203,0.0,0.0,0.0,0.0,0.0,0.0,0.0,0.0,0.0,1179.8494816615714,377.16385336098574,8031.355993271006,2016.0913637627805,0.0,794.0442765170087,567.1527725643863,0.0,9845.382877001,4152.206414001811,0.0,1536.880110145057,842.2990494994912,0.0,2503.32232185417,4290.288351966819,59.97332320743799,0.0
39,0.1054986849975254,0.6604842584451827,0.1790769180199336,0.0,0.0480433225464056,1.0216882346710965,0.6357389028192542,5.610749740441365,0.0,0.0,689.9288138799305,0.0,0.0,0.0,0.0,0.0,631.4454037737828,0.0,0.0,0.0,0.0,0.0,0.0,0.0,0.0,0.0,1180.8139688758913,344.81396887589125,7892.18843276227,1963.4250214495823,0.0,826.8747294249865,609.119576826287,0.0,9740.490585275003,4137.574978550417,0.0,1605.362913061827,923.5658293640269,0.0,2598.1128292780586,4437.355275041197,135.62224400305604,0.0
40,0.0927265679999995,0.5536889909102988,0.1448104092757473,0.0,0.05791312620598,1.103049468,0.3302714107492666,6.692270940417432,0.0,0.0,706.1303341195256,0.0,0.0,0.0,0.0,0.0,617.7494585336455,0.0,0.0,0.0,0.0,0.0,0.0,0.0,0.0,0.0,1194.916467025354,359.6640138172728,7861.516346183811,1944.9787629739023,0.0,862.8245744714666,636.5048247769847,0.0,9705.83442583888,4156.650750114029,0.0,1621.770438085339,982.7688414985636,0.0,2645.8294747950345,4498.58515141079,221.1819589638093,0.0
41,0.0927265679999995,0.4442350901579764,0.1098445840265778,0.0,0.0679621973023255,1.1795209322627975,0.1136400163105283,7.668654329761204,0.0,0.0,960.9883153721554,0.0,0.0,0.0,0.0,0.0,818.6674180816505,0.0,0.0,0.0,0.0,0.0,0.0,0.0,0.0,0.0,1221.1580312853666,396.36329393887576,7859.081005795283,1946.2030213034425,0.0,890.5968700663375,644.2214420574679,0.0,9714.58857085023,4160.873203841396,0.0,1613.673034919458,971.2374298369814,0.0,2643.5288466523434,4518.420367232537,240.6886047061586,0.0
42,0.090592409553732,0.3261500156810627,0.0755780752823919,0.0,0.077603455643908,1.223053128344161,0.0160299830277292,8.410350783287818,0.0,0.0,969.3761316709516,0.0,0.0,0.0,0.0,0.0,775.0326329330063,0.0,0.0,0.0,0.0,0.0,0.0,0.0,0.0,0.0,1151.6917579057688,322.93383054898595,7675.520086876481,1861.132172075894,0.0,855.2049664563198,656.3644747413266,0.0,9591.983687709348,4192.158924009662,0.0,1709.6222753998502,1022.26500986328,0.0,2846.161901051503,4826.384013516497,338.38045219931183,0.0
43,0.0813143651202654,0.202159716697674,0.0409619082857142,0.0,0.0793271201262457,1.1638781921565482,-1.4939161019356133e-15,8.799539580803723,0.0,0.0,836.9301596043509,0.0,0.0,0.0,0.0,0.0,645.6688240609225,0.0,0.0,0.0,0.0,0.0,0.0,0.0,0.0,0.0,1028.4756925593972,184.3681979988196,7405.864731954377,1733.2658207941586,0.0,783.5978102859025,671.2566719134744,0.0,9399.954672698574,4236.807310078647,0.0,1859.3429531053985,1116.6380202314122,0.0,3150.7093062849144,5265.758293138614,476.0047453834224,0.0
44,0.0760475810631226,0.0815865056587843,0.0078421516638655,0.0,0.0768729228039866,1.0608655768411208,-1.4939161019356133e-15,8.818581140210282,0.0,0.0,718.3087820777824,0.0,0.0,0.0,0.0,0.0,549.9170039358072,0.0,0.0,0.0,0.0,0.0,0.0,0.0,0.0,0.0,914.8766195620452,107.88235294117646,7255.381722241811,1658.2467502453835,0.0,720.9997185080014,649.0658076767478,0.0,9344.614504192525,4312.161522386831,0.0,1939.511388412368,1139.8342871247676,0.0,3397.309211909726,5531.071405625143,554.8643295888389,0.0
45,0.0706935677740861,0.036709586192691,-2.842170943040408e-17,0.0,0.075173827852316,0.9941475943887684,-1.493916101935613e-15,8.556386489452768,0.0,0.0,601.8882663499049,0.0,0.0,0.0,0.0,0.0,443.66907462109054,0.0,0.0,0.0,0.0,0.0,0.0,0.0,0.0,0.0,497.8865409540892,0.0,6987.756587027559,1496.3859213586693,0.0,510.8449916206514,472.5439817849513,0.0,9447.839261592637,4621.290144529459,0.0,2071.1830814149403,1056.839288919612,0.0,4113.609629863393,6137.913484282707,690.3081174729899,0.0
46,0.0653395544850497,0.0197909041993355,-2.842170943040408e-17,0.0,0.0745786756193081,0.919743412460426,-1.4939161019356133e-15,8.029240608396336,0.0,0.0,565.0863158248238,0.0,0.0,0.0,0.0,0.0,424.12755356113206,0.0,0.0,0.0,0.0,0.0,0.0,0.0,0.0,0.0,264.52595641155085,0.0,6851.220550506455,1364.693272576807,0.0,414.13830436262754,381.4588232723901,0.0,9454.940654876647,4656.416556540158,0.0,2146.3592841146547,1025.4657190156747,0.0,4417.500982693228,6478.695237963263,705.7102436565357,0.0
47,0.0606033119601327,0.0049840941644923,-2.842170943040408e-17,0.0,0.066317279681063,0.7803874965487392,-1.4939161019356133e-15,7.280476771854803,0.0,0.0,535.2485735480496,0.0,0.0,0.0,0.0,0.0,408.3294598954127,0.0,0.0,0.0,0.0,0.0,0.0,0.0,0.0,0.0,236.4745710157062,0.0,6795.676016240056,1393.4703654555292,0.0,417.906400908338,402.839282191014,0.0,9405.090133168207,4661.105743352598,0.0,2160.7896982934126,1070.0409055601167,0.0,4439.021000743175,6550.512366941879,751.0948731626485,0.0
48,0.0576193467899856,-4.263256414560587e-17,-2.842170943040408e-17,0.0,0.0542126793289036,0.6083943130059329,-1.4939161019356133e-15,6.383231443298533,0.0,0.0,398.4511283354057,0.0,0.0,0.0,0.0,0.0,348.0319926896242,0.0,0.0,0.0,0.0,0.0,0.0,0.0,0.0,0.0,213.66772811837987,0.0,6601.340873363959,1444.0234473168234,0.0,459.83549788903474,516.3109769112094,0.0,9186.439213711776,4587.501570458576,0.0,2246.6247763102147,1253.337308010961,0.0,4492.962307631022,6784.036370824122,897.8734696779727,0.0
49,0.0624983257979283,0.0002586884791869,-2.842170943040408e-17,0.0,0.0408601820332225,0.4474414801196012,-1.4939161019356133e-15,5.40728744940551,0.0,0.0,352.99920440911114,0.0,0.0,0.0,0.0,0.0,341.3191444322183,0.0,0.0,0.0,0.0,0.0,0.0,0.0,0.0,0.0,338.66701800171967,0.0,6406.904787281999,1315.88579522081,0.0,537.7635492127356,647.3346952499467,0.0,8829.855994673911,4297.396021671209,0.0,2361.772644446779,1421.3437904839898,0.0,4457.397734922875,6954.495979385558,987.0647529245952,0.0
50,0.0669311948545979,0.006482194144907,-2.842170943040408e-17,0.0,0.0286307919867109,0.3036086032603378,0.0089646161427849,4.552847327916875,0.0,0.0,301.7118641594605,0.0,0.0,0.0,0.0,0.0,356.18537960861005,0.0,0.0,0.0,0.0,0.0,0.0,0.0,0.0,0.0,639.0953889466705,0.0,6044.257595014499,1039.48403439427,0.0,700.4236573329981,862.2194249543309,0.0,8202.5927156887,3594.8760776410104,0.0,2512.5863134119327,1736.8995843230507,0.0,4009.708228546542,6813.245241542269,1172.2875041851316,0.0
51,0.0805729578338868,0.0256527250564783,-2.842170943040408e-17,0.0,0.0167757710232558,0.1750119349111297,0.0875377054285699,3.781222171995848,0.0,0.0,367.93633212316655,0.0,0.0,0.0,0.0,0.0,461.56758578374223,0.0,0.0,0.0,0.0,0.0,0.0,0.0,0.0,0.0,728.7347875071347,0.0,6133.18982183392,1087.90105249064,0.0,738.7694666538092,886.1948769884642,0.0,8219.649911315251,3545.6775461091565,0.0,2470.3189317144597,1772.6273316758868,0.0,3806.7574361555376,6577.703699545884,1145.2044489185034,0.0
52,0.0964381347508302,0.0509776197607973,-2.842170943040408e-17,0.0,0.0042466985070371,0.0615941264082151,0.3396456785432784,3.047457353636488,0.0,0.0,773.9670628188187,0.0,0.0,0.0,0.0,0.0,860.9517746475669,0.0,0.0,0.0,0.0,0.0,0.0,0.0,0.0,0.0,790.2940310988376,8.575968705868826,6300.974384280848,1191.0584219373416,0.0,761.704092759094,891.1832348225976,0.0,8327.078010537714,3600.723439379085,0.0,2396.994670913526,1770.5917212318368,0.0,3644.887359614729,6355.312280719839,1086.4352360548403,0.0
53,0.1076796956172753,0.076214022235216,0.0001207535920265,0.0,2.1316282072802938e-17,0.0323054023176081,0.7654434380518258,2.5726523128265804,0.0,0.0,1283.7819120419265,0.0,0.0,0.0,0.0,0.0,1326.553166146305,0.0,0.0,0.0,0.0,0.0,0.0,0.0,0.0,0.0,890.8547827491044,93.13052859766395,6531.105142643592,1339.6292508144545,0.0,801.065399637294,909.4655993555214,0.0,8437.368988978105,3625.6391725942326,0.0,2244.9553746779234,1762.8273004584366,0.0,3306.4418564482976,5997.306365047124,1057.2551791780063,0.0
54,0.1137633099069762,0.1035779173953488,0.0031741061860464,0.0,0.0002229246394684,0.0477579632770765,1.2251960095455132,2.27354545121621,0.0,0.0,1818.2881184192904,0.0,0.0,0.0,0.0,0.0,1856.160154690443,0.0,0.0,0.0,0.0,0.0,0.0,0.0,0.0,0.0,955.0411085283298,184.4011298662767,6590.281599760154,1343.4824515522594,0.0,813.6223992670068,917.0961320561292,0.0,8377.171156601607,3480.128222471608,0.0,2103.3279861910705,1736.1250078419491,0.0,3019.401246033824,5686.0446574744055,1032.9770047205086,0.0
55,0.1209055178737536,0.1338141964496123,0.0077571415614617,0.0,0.0288096404363233,0.0861856569102991,1.7441100678981138,1.9981818703455136,0.0,0.0,2404.3410181839613,0.0,0.0,0.0,0.0,0.0,2452.244469007469,0.0,0.0,0.0,0.0,0.0,0.0,0.0,0.0,0.0,772.7556125247248,109.40408360551343,5195.535427782835,465.3448118682404,0.0,527.5524578023806,595.4377734324079,0.0,6505.625256074259,1538.8172491589198,0.0,1423.9908727736663,1171.8200040514062,0.0,1779.5720902341604,4396.227508347376,650.7266198000581,0.0
56,0.1241930004729328,0.1580817726777407,0.0123842445847176,0.0,0.0790894843056478,0.1422401760304866,2.271145303748285,1.7840611587531765,0.0,0.0,2922.451407427719,0.0,0.0,0.0,0.0,0.0,2979.2771634512037,0.0,0.0,0.0,0.0,0.0,0.0,0.0,0.0,0.0,159.10295565366215,0.0,2666.5536536166023,0.0,0.0,17.625177722112273,0.0,0.0,3600.082416947382,0.0,0.0,278.1919943165829,95.2712309303366,0.0,201.498653417662,1358.5677530666,0.0,0.0
57,0.1179159649833882,0.166771748093023,0.0165266034817275,0.0,0.1241134412890366,0.1879052740863786,2.709796192666301,1.646190209880864,407.5319336917226,385.6236112982797,3511.6385754962007,41.25375773052965,0.0,128.0615872798956,105.2879674049308,0.0,3578.005149599866,54.33462734515823,0.0,95.65436331866373,117.7520152880142,0.0,82.38899212318294,362.8540744048077,63.3596081810413,0.0,0.0,0.0,1528.850550020831,0.0,0.0,0.0,0.0,0.0,2388.7356415504014,0.0,0.0,0.0,0.0,0.0,0.0,0.0,0.0,0.0
58,0.110285672352159,0.171286004990033,0.0208011653222591,0.0,0.1739685029302326,0.2304508110321148,3.044615256179396,1.464751245433,4047.114454502456,3761.09683789222,3981.006763947882,411.5121047365275,0.0,1213.7200589431752,893.1334845937589,0.0,3948.5416656910447,361.44628303651007,0.0,638.3411714799951,791.6343517265386,0.0,675.1759081479262,2581.141704793972,419.4747095378362,0.0,0.0,0.0,1152.633593863416,0.0,0.0,0.0,0.0,0.0,1788.816906201365,0.0,0.0,0.0,0.0,0.0,0.0,0.0,0.0,0.0
59,0.1053091208853504,0.1752758172471633,0.0253273113924653,0.0,0.2335379411960132,0.27181748882392,3.2574158139705336,1.2145978560233153,6998.7745329964055,6302.657148013978,4760.600773741653,606.0720216909749,0.0,1950.2589229315904,982.4980073415388,0.0,4135.000493585973,19.56888442260546,0.0,34.28157205201206,79.89264433150026,0.0,591.1575354516015,546.8586088407864,1.4835061281280666,0.0,0.0,0.0,751.6683903482392,0.0,0.0,0.0,0.0,0.0,1166.518341953855,0.0,0.0,0.0,0.0,0.0,0.0,0.0,0.0,0.0
60,0.1020429808764984,0.1697043685826952,0.0265287239999999,0.0,0.2884613254996392,0.3090526994516829,3.414578809993358,0.9804227054846149,6694.447391675343,6482.935025153724,4849.122857950532,543.1983427940701,0.0,1954.6297241764976,1058.2754729573458,0.0,4273.173776928536,103.40173411262606,0.0,102.94079815664917,252.37366714205837,0.0,493.6449797132096,783.9017222264345,0.0,0.0,0.0,0.0,328.95017356117984,0.0,0.0,0.0,0.0,0.0,510.5114100131137,0.0,0.0,0.0,0.0,0.0,0.0,0.0,0.0,0.0
61,0.0888848575415281,0.1513624859999998,0.0265287239999999,0.0,0.3149886707069196,0.320302090189513,3.5111919439812262,0.774052764637872,5332.205325339689,5708.010122519759,4798.71541062278,525.6468790324449,0.0,1624.3544182249775,1063.8163892044545,0.0,4540.591202062604,209.3665473988327,0.0,173.5065437623939,382.5980932596012,0.0,408.5770142341223,1421.557160199363,0.0,0.0,0.0,0.0,174.7117317259655,0.0,0.0,0.0,0.0,0.0,281.41195412371223,0.0,0.0,0.0,0.0,0.0,0.0,0.0,0.0,0.0
62,0.0731737114684384,0.1262834640598004,0.0265287239999999,0.0,0.322985381980067,0.3104373104722348,3.463012552709304,0.5390843899463673,3996.206834790016,4002.5855668976897,4931.291885050858,777.1693099172206,0.0,1182.996280303587,805.2296841992127,0.0,4994.136710016661,785.667629152218,0.0,241.24291535945525,346.4933316605914,0.0,348.13815416033674,1904.6239213211736,0.0,0.0,0.0,0.0,346.7766726614147,0.0,0.0,0.0,0.0,0.0,621.6375062003799,0.0,0.0,0.0,0.0,0.0,0.0,0.0,0.0,0.0
63,0.0563708284678743,0.0986370101360242,0.0262863713636306,0.0,0.3315052256581213,0.2934625290099672,3.191072999764557,0.309024539781105,3012.7453245705715,2846.7574440398,5405.4418924570255,1360.9291208440236,0.0,823.7005422182002,157.51727931796694,0.0,5512.032570591538,1517.7747110090809,0.0,55.87265028088123,62.698229727019566,0.0,433.6834847339493,1805.2737030296769,0.0,0.0,0.0,0.0,514.909839966239,0.0,0.0,0.0,0.0,0.0,950.703661257046,0.0,0.0,0.0,0.0,0.0,0.0,0.0,0.0,0.0
64,0.0403074831229234,0.0709917451295679,0.0231342795747508,0.0,0.3352624888319561,0.2777434524842782,2.874516022349687,0.186243307907594,2712.358601796,3098.4449167730136,6007.321360220687,2179.606114598979,0.0,710.4050726790717,0.0,0.0,6026.922772259484,2089.692390244556,0.0,0.0,0.0,0.0,213.29498036408975,1157.5390349210734,0.0,0.0,0.0,0.0,522.4883922341812,0.0,0.0,0.0,0.0,0.0,964.519939702002,0.0,0.0,0.0,0.0,0.0,0.0,0.0,0.0,0.0
65,0.0241849582489737,0.0435807960257963,0.0189919206777408,0.0,0.3090247802157517,0.2427153014047302,2.52017436772015,0.117559159971076,2677.257059494674,3380.445948263852,6167.715977219431,2435.828301828618,0.0,682.3244778273465,0.0,0.0,6216.279752322679,2198.8720700416225,0.0,0.0,0.0,0.0,157.45350519210453,931.660762994944,0.0,0.0,0.0,0.0,497.5438138904361,0.0,0.0,0.0,0.0,0.0,925.3765902571078,0.0,0.0,0.0,0.0,0.0,0.0,0.0,0.0,0.0
66,0.0098355969767439,0.01887761020598,0.014364817654485,0.0,0.2587574030232558,0.1867064022104104,2.0986868586777416,0.0827726488549274,2187.798511627627,3163.4536762266066,6097.021557581865,2444.038683733714,0.0,471.1999129744917,0.0,0.0,6224.972730099243,2322.638686189072,0.0,0.0,0.0,0.0,385.7795740590308,1187.5188642743517,0.0,0.0,0.0,0.0,416.5709576930376,0.0,0.0,0.0,0.0,0.0,827.0801111213162,0.0,0.0,0.0,0.0,0.0,0.0,0.0,0.0,0.0
67,0.0058523483720927,0.0090272782524917,0.0097817822790697,0.0,0.2089383258426579,0.1361121969169438,1.689882552308572,0.0611728966046503,1689.7898758402814,3017.474873596123,6476.055823289149,2622.653483066573,0.0,228.30701113899977,0.0,0.0,6691.617416048543,2686.9681186796784,0.0,0.0,0.0,0.0,716.6973353713084,1648.5798034342267,0.0,0.0,0.0,0.0,254.93150831277595,0.0,0.0,0.0,0.0,0.0,533.5781437184366,0.0,0.0,0.0,0.0,0.0,0.0,0.0,0.0,0.0
68,0.0035114090232555,0.0044664826245847,0.0054631527906976,0.0,0.1581909121794023,0.0932792840705981,1.4100424637666114,0.0427279089767431,1677.5078537023594,3068.8598842805754,6680.075351850741,2685.6457496139687,0.0,212.8784852445556,1.810288765104378,0.0,6908.54933810122,2788.502364206535,0.0,18.86021592463756,0.0,0.0,834.2462496576122,1847.5254497636472,0.0,0.0,0.0,0.0,95.71768569639036,0.0,0.0,0.0,0.0,0.0,200.59439644068505,0.0,0.0,0.0,0.0,0.0,0.0,0.0,0.0,0.0
69,0.0011475192886454,0.0005268575188587,0.0012485268274379,0.0,0.1030285132624588,0.0552212930631229,1.254919212438537,0.0256979555669326,2962.481160939275,3788.628197007793,6607.670941106152,2370.0159530139754,0.0,791.8338628931294,132.79038194742463,0.0,6684.223557156359,2241.965264551406,0.0,150.81780790157163,0.0,0.0,713.2202868498846,1844.4148717142227,0.0,0.0,0.0,0.0,69.8046688942278,0.0,0.0,0.0,0.0,0.0,166.84462134880968,0.0,0.0,0.0,0.0,0.0,0.0,0.0,0.0,0.0
70,-2.220446049250319e-16,-5.329070518200733e-18,-2.6645352591003848e-17,0.0,0.046234534236647,0.016616211923077,1.140444542136723,0.013776145477382,3755.0274791949073,4308.025394052746,6560.983095454623,2194.976244273237,0.0,1091.0135534240464,385.01273426105456,0.0,6509.974084661714,1940.9763187426,0.0,218.00982995590175,0.0,0.0,632.0005957549031,1787.0073724669262,0.0,0.0,0.0,0.0,178.63502726490975,0.0,0.0,0.0,0.0,0.0,440.1766659667804,0.0,0.0,0.0,0.0,0.0,0.0,0.0,0.0,0.0
71,-2.220446049250319e-16,-5.329070518200735e-18,-2.6645352591003845e-17,0.0,0.0199004555481727,0.0005425949262459,1.0671980614963448,0.0142227303787365,3881.648118141896,4425.227989789011,6483.127103444286,2085.483160170826,0.0,1153.633233208923,443.7776582290045,0.0,6390.480723528002,1831.810486839824,0.0,263.2469732752609,2.039852967520879,0.0,634.8735949729244,1820.9352299564457,0.0,0.0,0.0,0.0,224.77994606655827,0.0,0.0,0.0,0.0,0.0,554.395555673585,0.0,0.0,0.0,0.0,0.0,0.0,0.0,0.0,0.0
72,-2.220446049250319e-16,-5.329070518200735e-18,-2.6645352591003848e-17,0.0,0.0130143707641196,1.3145040611561868e-16,1.0285257214883712,0.0199128109634541,4063.977445235975,4635.212565389883,6299.487097566046,1840.8809210970276,0.0,1254.027393792666,582.9764928817966,0.0,6143.246343554543,1628.2629966838103,0.0,399.11796369816216,63.11492739701022,0.0,686.7774488737223,1992.754242784658,0.0,0.0,0.0,0.0,134.58209077835423,0.0,0.0,0.0,0.0,0.0,352.153584685476,0.0,0.0,0.0,0.0,0.0,0.0,0.0,0.0,0.0
73,-2.220446049250319e-16,-5.3290705182007346e-18,-2.6645352591003848e-17,0.0,0.0176513993043189,1.3145040611561868e-16,1.0435256349448498,0.0265727916478395,3626.93195519917,4408.771780647674,6205.273375787239,1785.2037396020685,0.0,1091.0069846019246,630.9487866160194,0.0,6168.430998454938,1753.870387483978,0.0,577.7571066282403,300.2870959869198,0.0,923.2506804655128,2451.561427622176,0.0,0.0,0.0,0.0,133.8415634336763,0.0,0.0,0.0,0.0,0.0,471.90968964974087,0.0,0.0,0.0,0.0,0.0,0.0,0.0,0.0,0.0
74,-2.220446049250319e-16,-5.3290705182007346e-18,-2.6645352591003848e-17,0.0,0.0417069075255032,1.3145040611561868e-16,1.09076178946492,0.0351652561876089,2170.869238390465,3215.505158322173,5904.2206904091145,1865.762456735279,0.0,518.5458878271266,460.3570066905312,0.0,6218.338373323609,2177.1938906726164,0.0,786.4083072409906,652.1853289533586,0.0,1538.97470270396,3201.483474963128,189.42114980677124,0.0,0.0,0.0,66.209015438049,0.0,0.0,0.0,0.0,0.0,612.7856184970118,0.0,0.0,0.0,0.0,0.0,0.0,0.0,0.0,0.0
75,-2.220446049250319e-16,-5.3290705182007346e-18,-2.6645352591003848e-17,0.0,0.0682183662458472,1.3145040611561868e-16,1.1720523274708794,0.0492801706119726,1374.9850138878296,2119.1220742470537,4315.533554248595,1440.387433263343,0.0,277.099315329226,286.24602683405675,0.0,4606.715321019635,1720.301121363286,0.0,581.6493527611726,523.9864585051316,0.0,1211.0901199044197,2422.2649252936417,215.9184551097884,0.0,0.0,0.0,25.0,0.0,0.0,0.0,0.0,0.0,606.5223384954262,0.0,0.0,0.0,0.0,0.0,0.0,0.0,0.0,0.0
76,0.0011204252199981,-5.3290705182007346e-18,-2.6645352591003848e-17,0.0,0.0920890285714284,1.3145040611561868e-16,1.2914733279964348,0.0591768742432531,741.6109331678014,1128.939260491775,2405.751940365653,798.5447218839967,0.0,142.1712455285669,146.81803149507672,0.0,2562.300726638105,952.5206833345932,0.0,306.1167594515428,276.4932681388063,0.0,659.4365005866428,1324.248726597834,112.9725685753226,0.0,0.0,0.0,139.73489589523186,0.0,0.0,0.0,0.0,0.0,726.8166308573318,0.0,0.0,0.0,0.0,0.0,0.0,52.4799493611423,0.0,0.0
77,0.0149311075215944,-5.3290705182007346e-18,-2.6645352591003848e-17,0.0,0.1180815275481725,0.0001569354502536,1.415927990222067,0.0959178200342706,791.2934581207799,1061.8069770175205,3359.012638184478,1071.6843675624552,0.0,77.3769387262565,79.88087162766894,0.0,3520.460409810234,1266.1631206986358,0.0,249.2653445792772,233.12876440879316,0.0,766.8671197635983,1593.0029053661988,85.08310540967835,0.0,0.0,0.0,1270.445727611576,0.0,0.0,0.0,0.0,0.0,1956.3886553421137,0.0,0.0,0.0,0.0,0.0,0.0,567.8259691111095,0.0,0.0
78,0.0327344372491692,0.0047875916308305,-2.6645352591003848e-17,0.0,0.1463793822777404,0.0139519490974087,1.519388051695414,0.2258029899603976,1042.3513561659065,1231.609165679704,5279.652201820365,1642.841745111004,0.0,22.42975237028952,23.155623187182297,0.0,5484.312321332469,1928.066571363379,0.0,239.6640654419168,234.2081329211965,0.0,1069.9833893099012,2281.179675034466,72.26151064446148,0.0,0.0,0.0,2506.276363938804,0.0,0.0,0.0,0.0,0.0,3399.606371950502,0.0,0.0,0.0,0.0,0.0,0.0,1111.523476908073,0.0,0.0
79,0.0493730631627904,0.0377824480863787,-2.6645352591003848e-17,0.0,0.1594727782780061,0.0435128896943523,1.5828577376316249,0.4501379259508296,1076.683237746958,879.344118291738,5848.836582440845,1706.7848362724153,0.0,0.0,0.0,0.0,6026.366657099276,1959.4130183412444,0.0,124.09271822241251,114.97404549995925,0.0,864.770736430552,2258.383439045404,32.84972728570264,0.0,20.220517638214684,13.663735278689382,3517.632361562324,58.391735392879525,0.0,12.667771377049922,0.5921043222160501,0.0,4635.442282907207,208.30920793669108,0.0,36.0413922871692,2.5511655364617467,0.0,128.98729403844163,1549.1858123694788,0.0,0.0
80,0.0648469852624582,0.076023023478019,-2.6645352591003848e-17,0.0,0.1596682079999995,0.0718179105647842,1.6246953502464616,0.7097496092046659,863.638289115679,0.0,5040.11932118051,1318.816910866595,0.0,0.0,0.0,0.0,5160.417176505301,1477.4317352097548,0.0,0.0,0.0,0.0,0.0,1679.5861522039047,0.0,0.0,169.28243995356158,124.54644804601377,4456.782612810004,449.0398786132171,0.0,112.38102331246644,9.46436095881993,0.0,5767.192164481172,1366.1524571255138,0.0,273.87126773111174,40.77854289664389,0.0,820.9593846003023,2008.8174827910495,0.0,0.0
81,0.0804872936212623,0.1245401149634551,-2.6645352591003848e-17,0.0,0.1596682079999995,0.1004272864983389,1.6138176843236225,1.0645002169998043,659.6760717483569,0.0,4349.16315624088,1007.3568646505996,0.0,0.0,0.0,0.0,4453.213279964366,1128.512220500896,0.0,0.0,0.0,0.0,0.0,1282.9245866152214,0.0,0.0,325.0854631393573,257.61516128903605,5116.682458937901,790.0545277548181,0.0,227.3040029314402,26.35866467776163,0.0,6542.244419043978,1937.638780457616,0.0,475.3514824533054,113.570049043689,0.0,1106.493974615502,2399.9518996321776,0.0,0.0
82,0.0970571748144436,0.1833057648239202,-2.6645352591003848e-17,0.0,0.1593319921692713,0.1366867034727955,1.4865571158172168,1.6341763228338329,0.0,0.0,1947.3545028116173,0.0,0.0,0.0,0.0,0.0,1989.5300343684985,0.0,0.0,0.0,0.0,0.0,0.0,0.0,0.0,0.0,796.2867009964531,682.8105790112402,6386.347507232688,1646.6313286992754,0.0,559.6879565748897,98.751231542738,0.0,7929.112507159426,3265.0033304154754,0.0,994.5241751565848,321.99867442769914,0.0,1738.0655868362735,3187.3060957071234,83.56374208420168,0.0
83,0.1001645279999999,0.239972641475083,-2.6645352591003848e-17,0.0,0.1455349097974125,0.2034016462384956,1.2799485381528206,2.2789037901273765,0.0,0.0,1894.143075156156,0.0,0.0,0.0,0.0,0.0,1925.1503983373043,0.0,0.0,0.0,0.0,0.0,0.0,0.0,0.0,0.0,929.1518280624437,833.4789434629607,6482.951223174288,1633.8674783334104,0.0,626.8811557815208,150.39141523402506,0.0,7974.52037756065,3187.2721424662336,0.0,1013.0818992811918,353.53549156600815,0.0,1673.2763739504787,3161.2584454712483,88.93215900698044,0.0
84,0.100164528,0.2856955690118275,-2.6645352591003848e-17,0.0,0.1285531538471759,0.3057859190559467,1.088631933906974,2.891397761076677,0.0,0.0,1518.388967369938,0.0,0.0,0.0,0.0,0.0,1467.8680939357523,0.0,0.0,0.0,0.0,0.0,0.0,0.0,0.0,0.0,1903.938503960232,1912.5801605168235,7555.401930846029,1634.4153112501344,0.0,1141.0857488337233,521.6861841965863,0.0,8812.590990949842,2864.637147868104,0.0,1233.8537511448194,605.0446463010182,0.0,1371.3717609417986,3244.9800094035627,43.49167111160559,0.0
85,0.100164528,0.3047977988372097,-2.6645352591003848e-17,0.0,0.111749789063123,0.4049771533355482,0.8864709981416609,3.5047570324066424,0.0,0.0,1294.1816255807237,0.0,0.0,0.0,0.0,0.0,1211.8589426627425,0.0,0.0,0.0,0.0,0.0,0.0,0.0,0.0,0.0,1844.4567906168568,1862.2260326251192,7256.789920140061,1481.2171341090964,0.0,1117.388643339003,514.2354750015152,0.0,8604.153116352996,2835.990176774041,0.0,1360.492317056501,653.8791727308163,0.0,1592.985059352089,3570.467498854576,19.750854055346878,0.0
86,0.098243278083887,0.3152263699460139,-2.6645352591003845e-17,0.0,0.0952824915747511,0.5013996378936878,0.657857068148671,4.097681681028238,0.0,0.0,1191.016309351024,0.0,0.0,0.0,0.0,0.0,1085.8912097967732,0.0,0.0,0.0,0.0,0.0,0.0,0.0,0.0,0.0,2254.9212170497017,2255.2990379991797,7337.78490048795,1464.8084827254136,0.0,1336.4693965348313,570.6967188324903,0.0,8561.231418002717,2575.523761144401,0.0,1218.2835415164582,521.3065407693035,0.0,1248.96990530774,3127.466705822337,0.8102071184773001,0.0
87,0.0839023304053155,0.3158653680000006,-2.6645352591003848e-17,0.0,0.0786471604385385,0.5986481344537807,0.4617031179433262,4.5668350518022285,0.0,0.0,1048.8208473032084,0.0,0.0,0.0,0.0,0.0,951.2037300921191,0.0,0.0,0.0,0.0,0.0,0.0,0.0,0.0,0.0,2594.438300888571,2562.514678356138,7418.498470920477,1458.3159015976162,0.0,1525.4017065291257,625.0664291664528,0.0,8530.903783035166,2354.012505928964,0.0,1097.2625421663513,413.0632812563389,0.0,945.5449340396092,2734.329455484295,0.0,0.0
88,0.0665981594551493,0.3098112611358369,-2.6645352591003848e-17,0.0,0.061423105420172,0.6882861186269663,0.30909568832345,4.836149640661193,0.0,0.0,586.4837933157551,0.0,0.0,0.0,0.0,0.0,531.8758523981421,0.0,0.0,0.0,0.0,0.0,0.0,0.0,0.0,0.0,3064.050055767272,2986.4756875719336,7542.954952812941,1453.948296991157,0.0,1784.2018909273822,699.4569207279023,0.0,8494.98223361586,2054.9585831484874,0.0,932.8083837788466,264.6479498316126,0.0,534.4943692236116,2192.722062793128,0.0,0.0
89,0.0494603747641194,0.2750550194750827,-2.6645352591003848e-17,0.0,0.0577507760491696,0.732178548961596,0.2055162711827239,4.883607391591493,0.0,0.0,571.0481270405868,0.0,0.0,0.0,0.0,0.0,506.5137990057689,0.0,0.0,0.0,0.0,0.0,0.0,0.0,0.0,0.0,3229.274863863029,3128.2703086514816,7686.285492689973,1488.5102492259816,0.0,1855.507971620208,719.2520878052925,0.0,8528.76157782935,2006.2505694014435,0.0,897.7479121947075,222.49506518749035,0.0,456.9977223942263,2019.2262749398576,0.0,0.0
90,0.0354839289966776,0.240561825199922,-2.6645352591003848e-17,0.0,0.0585119520000002,0.7215801396279089,0.124736566066444,4.79697006936642,0.0,0.0,676.7297117923251,0.0,0.0,0.0,0.0,0.0,589.626731212331,0.0,0.0,0.0,0.0,0.0,0.0,0.0,0.0,0.0,3257.3529411764707,3160.176470588235,7738.058823529412,1500.3529411764705,0.0,1867.5882352941176,721.0,0.0,8546.176470588236,2013.764705882353,0.0,897.4117647058823,219.11764705882356,0.0,461.4117647058824,1994.2941176470588,0.0,0.0
91,0.0191780756013287,0.1897511731295684,-2.6645352591003848e-17,0.0,0.0585119520000002,0.6985743563720944,0.0360388029748741,4.565541355787161,0.0,0.0,584.1553448632949,0.0,0.0,0.0,0.0,0.0,504.4755971817024,0.0,0.0,0.0,0.0,0.0,0.0,0.0,0.0,0.0,3113.101813298622,3206.8563307066192,7806.633774111228,1480.1570405116454,0.0,1844.4933667239343,708.5820968750313,0.0,8569.11290925074,2159.5745508997406,0.0,974.770757795476,309.62862967586665,0.0,652.2840766806739,2192.9193919656727,0.0,0.0
92,0.0021281727615637,0.1291497303220036,-2.6645352591003848e-17,0.0,0.0585119520000002,0.6690369303480712,5.963863915044283e-05,4.126029108957571,0.0,0.0,449.4987800962417,0.0,0.0,0.0,0.0,0.0,416.6414971973485,0.0,0.0,0.0,0.0,0.0,0.0,0.0,0.0,0.0,2965.148327808031,3130.721249449777,7780.352487886606,1493.1768381581633,0.0,1741.9398660605334,716.0112598393345,0.0,8544.145243645326,2239.0272658958133,0.0,1056.69051009184,395.4216875110528,0.0,804.6834299472479,2400.006879717927,0.0,0.0
93,-2.0961010704923038e-16,0.0907035746710963,-2.6645352591003848e-17,0.0,0.0569877844656819,0.6134117385571504,0.0005597441258206,3.65422490047133,0.0,0.0,471.032426110176,0.0,0.0,0.0,0.0,0.0,485.8806432712047,0.0,0.0,0.0,0.0,0.0,0.0,0.0,0.0,0.0,2791.9074837136814,3067.3872729857767,7748.801178806193,1508.859868870254,0.0,1626.8728752011198,713.9332502346631,0.0,8536.488599225455,2333.2001755421707,0.0,1140.35107093566,473.8403461563381,0.0,936.7828911794512,2618.4323076863825,0.0,0.0
94,-2.0961010704923038e-16,0.0664006876874188,-2.6645352591003848e-17,0.0,0.048780003229236,0.5220045490833453,0.021961625319658,3.181245843346232,0.0,0.0,467.041000266913,0.0,0.0,0.0,0.0,0.0,530.1409471455377,0.0,0.0,0.0,0.0,0.0,0.0,0.0,0.0,0.0,2295.985756241461,2758.3340424593107,8073.445213432249,1848.1911315971429,0.0,1234.0305742983871,608.2932702965677,0.0,8917.940685309992,2833.640663119303,0.0,1196.5505154920718,626.5163960544519,0.0,1189.595648614775,2944.8345509619394,0.0,0.0
95,0.0001540014261981,0.0690222919335549,-2.6645352591003848e-17,0.0,0.0388660180066445,0.4344085762325588,0.1147025862273363,2.673955592384903,0.0,0.0,451.0531849976088,0.0,0.0,0.0,0.0,0.0,531.2717373645697,0.0,0.0,0.0,0.0,0.0,0.0,0.0,0.0,0.0,2114.221587057009,2583.073633924764,8299.435464979342,2015.9852856136367,0.0,1080.951037484375,539.9438786007299,0.0,9180.074026766591,3069.97562103175,0.0,1187.91532715067,640.6175658399087,0.0,1287.7695872757793,3009.7417248856805,0.0,0.0
96,0.0039617595289458,0.0837935151237719,-2.6645352591003848e-17,0.0003603049401286,0.0288548368504983,0.3497115297434099,0.3128384139336951,2.154632076844839,0.0,0.0,556.3327555493937,0.0,0.0,0.0,0.0,0.0,675.8720407102649,0.0,0.0,0.0,0.0,0.0,0.0,0.0,0.0,0.0,1944.4417704670443,2403.3452823251105,8485.749571329294,2154.03382954808,0.0,937.6966196474024,475.7599905192852,0.0,9397.640850609623,3263.2126147598005,0.0,1172.4297457290131,648.1452682128241,0.0,1369.6680896145697,3061.145160118624,0.0,0.0
97,0.0121569049435213,0.1380396417009969,0.002920293008372,0.005573527833887,0.019426831295681,0.2725461782695023,0.531145415503255,1.7071280762208554,0.0,0.0,1892.1353002794565,0.0,0.0,0.0,0.0,0.0,1903.6978035942143,0.0,0.0,0.0,0.0,0.0,0.0,0.0,0.0,0.0,1889.3009016898263,2223.0484313364304,8229.392581394091,1987.5264100800437,0.0,891.9942621374145,471.564292874403,0.0,9111.273939726649,3016.008113218053,0.0,1107.762716665112,625.0104259057413,0.0,1291.3531173892038,3017.000976749819,0.0,0.0
98,0.0214745354551493,0.2035136844776239,0.0186336136345514,0.0125201541528239,0.0096100420066445,0.1895280811670899,0.7830690037709587,1.3316218404729232,0.0,0.0,2235.137619195596,0.0,0.0,0.0,0.0,0.0,2295.6572694761567,0.0,0.0,0.0,0.0,0.0,0.0,0.0,0.0,0.0,1811.807020599876,2022.3719550538945,7960.006114521065,1789.637010279775,0.0,829.3121090444565,444.6869440440038,0.0,8787.884581305769,2734.5331571933216,0.0,1010.8350611765476,576.9753017581706,0.0,1183.2971128649071,2899.98129054568,0.0,0.0
99,0.0310689272691028,0.2577838817767195,0.0363661056478404,0.0196731159069767,0.0010591466056541,0.1326113715890429,1.09274205216373,1.0490787450016863,149.5214998852609,326.077626075666,4639.720349098951,982.3000522973366,0.0,0.0,0.0,0.0,5245.579054479847,1454.3807790443525,0.0,0.0,0.0,0.0,828.2003555983788,1274.5104760439997,0.0,0.0,712.9441892634268,268.8901752047802,5366.30102742169,211.17294533525904,0.0,117.25527800077714,46.84930101543003,0.0,5499.145159320453,387.204564210674,0.0,101.85495592314298,59.08383185385443,0.0,159.2048050062856,1029.8735086688405,0.0,0.0
100,0.0400175427109633,0.2990525307308974,0.0529050645448504,0.0263446283122923,5.684341886080815e-17,0.1292539679782543,1.3817416222090002,0.8799299873766183,420.27781994844,724.6321132776532,5428.079775567902,1859.036230856548,0.0,0.0,0.0,0.0,6090.933763249805,2669.8693112905094,0.0,0.0,0.0,0.0,1469.6335596510662,2227.7906246145144,0.0,0.0,429.4099250023986,0.0,4627.968064653191,0.0,0.0,0.0,0.0,0.0,4636.176907865964,0.0,0.0,0.0,0.0,0.0,0.0,566.9963703603099,0.0,0.0
101,0.0488689933020747,0.3403200296212628,0.0694440234418604,0.0330161407176079,5.684341886080815e-17,0.127711338219269,1.6196612563740973,0.7350614518412785,2049.539309875978,1553.480162655747,5790.664683118049,1920.2383715349056,0.0,0.0,0.0,0.0,6111.0138090733935,2176.828707646583,0.0,0.0,0.0,0.0,656.4391698516635,1469.8573450490398,0.0,0.0,191.80393156071264,0.0,3587.524353996789,0.0,0.0,0.0,0.0,0.0,3746.261901504535,0.0,0.0,0.0,0.0,0.0,0.0,253.25947697914503,0.0,0.0
102,0.0546916575946843,0.3815184108649604,0.0871765154551496,0.0397938531663083,5.684341886080815e-17,0.123397457086574,1.7742548029259293,0.5983134884346253,4250.263510087864,2673.031276904947,6280.438471713156,2002.9061483251228,0.0,78.12356720636019,9.296704497556862,0.0,6138.109711034952,1510.868472165305,0.0,0.0,0.0,0.0,0.0,446.075059900228,0.0,0.0,0.0,0.0,2485.525762511201,0.0,0.0,0.0,0.0,0.0,2778.5584124764905,0.0,0.0,0.0,0.0,0.0,0.0,0.0,0.0,0.0
103,0.0555367679999999,0.3769793704584721,0.1013018722407663,0.041404644,5.684341886080815e-17,0.1162765871104161,1.924982341711937,0.466524297891729,4812.1565869618325,2964.7849278084805,6397.571227281694,2017.1480699926883,0.0,647.6956107675283,82.62218171506606,0.0,6141.100974976738,1336.3946818213278,0.0,0.0,0.0,0.0,0.0,199.10568012993127,0.0,0.0,0.0,0.0,2219.9567558330336,0.0,0.0,0.0,0.0,0.0,2539.886850662438,0.0,0.0,0.0,0.0,0.0,0.0,0.0,0.0,0.0
104,0.0555367679999999,0.3555176297222594,0.1026438480000002,0.041404644,5.684341886080815e-17,0.1092244886139535,2.04694895987774,0.3406016781767395,4434.930653300926,2903.7557651187826,6138.4676620173705,1850.446669716744,0.0,919.6586441075832,237.98054702654343,0.0,6049.442492320382,1351.7590081564204,0.0,2.2909073414054024,3.803971725031297,0.0,7.426801939346816,694.4754597610732,0.0,0.0,0.0,0.0,1887.3449670354455,0.0,0.0,0.0,0.0,0.0,2243.3055465156194,0.0,0.0,0.0,0.0,0.0,0.0,0.0,0.0,0.0
105,0.0555168918971543,0.3390396325636287,0.1026438480000002,0.041404644,5.684341886080815e-17,0.0969488252491696,2.076635546174492,0.2209622055808124,3812.340254509154,2773.766163383248,5750.010125571574,1609.4499679292696,0.0,809.9398367476836,400.42839496589806,0.0,5917.587718300922,1399.255309347265,0.0,59.773461678693664,99.2517479967146,0.0,193.7772222792999,1440.452429149702,0.0,0.0,0.0,0.0,1545.5079862741056,0.0,0.0,0.0,0.0,0.0,1883.8903451113329,0.0,0.0,0.0,0.0,0.0,0.0,0.0,0.0,0.0
106,0.0517773446073088,0.3207668024272425,0.1026438480000002,0.040961757275083,5.684341886080815e-17,0.0799653185102994,1.9766084915681053,0.1018390025202607,2891.0331836688288,2574.6644265232253,5178.35851300207,1252.5156038783448,0.0,646.690298125645,644.4178808018916,0.0,5724.313319773859,1473.7147026857522,0.0,377.31698483444615,533.249910938578,0.0,949.9603831482972,2564.157452580834,61.22820970732922,0.0,0.0,0.0,1338.357898439615,0.0,0.0,0.0,0.0,0.0,1648.2704448932477,0.0,0.0,0.0,0.0,0.0,0.0,0.0,0.0,0.0
107,0.0425495791495015,0.2686100230166109,0.0987229336767639,0.0352121098604651,5.684341886080815e-17,0.0591239569036546,1.816041883368379,0.041119629603278,2656.428749660639,2459.4373060695275,5083.111656378654,1175.376648171106,0.0,597.4373060695276,744.8141603809764,0.0,5719.242910041616,1565.308536873096,0.0,596.69981339545,777.4896136994033,0.0,1278.8227167898651,3033.6125170938185,152.2212405714647,0.0,0.0,0.0,1214.392864119926,0.0,0.0,0.0,0.0,0.0,1505.5484778599102,0.0,0.0,0.0,0.0,0.0,0.0,0.0,0.0,0.0
108,0.0335087099401992,0.2131995431336674,0.0829872059800665,0.0284718189767441,5.684341886080815e-17,0.0405982472292359,1.6427188655791345,0.0240543286406961,2757.561457295677,2479.572956622518,5195.4000424290825,1252.476747567662,0.0,617.5729566225182,727.6971110252623,0.0,5803.182736866711,1635.1499155397544,0.0,560.2900084062327,707.2292417313874,0.0,1180.708610352103,2901.6478436772577,126.50775081077936,0.0,0.0,0.0,1181.0,0.0,0.0,0.0,0.0,0.0,1465.0,0.0,0.0,0.0,0.0,0.0,0.0,0.0,0.0,0.0
109,0.0249291095681062,0.1725660260132884,0.0671302660066444,0.0220754204850498,5.684341886080815e-17,0.0230671484850499,1.4032946186208304,0.0157134380921514,2556.8753833342957,2241.527656006081,4753.597459329204,1186.7203815056157,0.0,570.5939422282776,639.0581335843642,0.0,5276.059962631855,1524.180878501768,0.0,473.1690249767391,577.4899429006862,0.0,979.7118199844666,2496.517232011845,92.6036055691324,0.0,0.0,0.0,1152.5277153066943,0.0,0.0,0.0,0.0,0.0,1438.4690074448745,0.0,0.0,0.0,0.0,0.0,0.0,0.0,0.0,0.0
110,0.0157037328239201,0.1382318828106306,0.0500797929169434,0.0151975726445182,5.684341886080815e-17,0.0086137989413069,1.1210475251738634,0.0094884098073039,1421.2712855894288,1245.6872643983354,2642.0390737096936,659.7522327193825,0.0,317.1316626555148,355.0847206949212,0.0,2932.252337298112,847.230973411246,0.0,262.8154256403933,320.65006935264216,0.0,544.0829452948849,1386.8454592311862,51.367261448277,0.0,0.0,0.0,1042.354016767658,0.0,0.0,0.0,0.0,0.0,1330.482076393239,0.0,0.0,0.0,0.0,0.0,0.0,0.0,0.0,0.0
111,0.0063811944667771,0.0987308879800659,0.0326883103654484,0.008182167847176,5.684341886080815e-17,0.002850394305648,0.8865063662043186,0.0048894496744135,1375.5449853926264,1205.6106086642053,2557.038912932489,638.5274066711734,0.0,306.92890309969414,343.66272921522005,0.0,2837.915917191792,819.9730896958923,0.0,254.3604159083281,310.3346490212114,0.0,526.5789404454067,1342.228675361757,49.71566061729154,0.0,0.0,0.0,1038.0537482804427,0.0,0.0,0.0,0.0,0.0,1324.697860185216,0.0,0.0,0.0,0.0,0.0,0.0,0.0,0.0,0.0
112,0.0008813687970864,0.0590205040610783,0.0156378372757474,0.0016723529792997,5.684341886080815e-17,6.838247150541838e-05,0.8231605031776125,0.00689622256069,581.3911958566944,486.824223137939,1131.374524346326,296.3192728855942,0.0,130.4241316903295,161.92071243347812,0.0,1262.4454758203074,388.86594751998194,0.0,125.70992400893672,155.3771125228206,0.0,262.0070578844173,621.8973873405614,34.72105939626628,0.0,0.0,0.0,890.8794509774033,0.0,0.0,0.0,0.0,0.0,1139.1737101721592,0.0,0.0,0.0,0.0,0.0,0.0,0.0,0.0,0.0
113,-2.0961010704923038e-16,0.0495863999999999,0.001520905860465,0.0,5.684341886080815e-17,1.7941204077942506e-16,0.7929255791122912,0.0427760950963404,849.057300694221,463.5846900057504,2200.9050083972525,719.3404433094652,0.0,197.98079688587552,417.2414268315033,0.0,2526.055263090565,1026.3903525269664,0.0,381.0256110688066,489.4824604764244,0.0,810.5634513582783,1500.2513860484264,199.42262367503375,0.0,0.0,0.0,775.4093772951857,0.0,0.0,0.0,0.0,0.0,1062.3545832116945,0.0,0.0,0.0,0.0,0.0,0.0,0.0,0.0,0.0
114,-2.0961010704923038e-16,0.0495750900429337,-3.9079850466805446e-17,0.0,0.0011646721334015,1.7941204077942506e-16,0.7735543820339881,0.0864804937275697,1248.860110901236,567.9364379583287,3490.0037561524487,1190.0499390097664,0.0,294.714891370299,696.9616803904839,0.0,4029.778095217224,1720.8755245940592,0.0,651.3639714642347,840.9540241351183,0.0,1389.327214416574,2479.321276861878,361.8686181138072,0.0,0.0,0.0,699.9090813389304,0.0,0.0,0.0,0.0,0.0,1032.855556245766,0.0,0.0,0.0,0.0,0.0,0.0,0.0,0.0,0.0
115,-2.0961010704923038e-16,0.0464778421184286,-3.9079850466805446e-17,0.0,0.007040115627907,1.7941204077942506e-16,0.7960793368176668,0.1328882572225862,1731.1462430508325,641.3689928856818,4983.2032754582815,1737.2071133200816,0.0,409.8300078387372,1028.6661350728946,0.0,5774.500073134989,2537.0166305022885,0.0,958.7901861268311,1249.250810374035,0.0,2041.052982665118,3590.210773404641,546.2341794978748,0.0,0.0,0.0,542.8659804795894,0.0,0.0,0.0,0.0,0.0,832.7686443086757,0.0,0.0,0.0,0.0,0.0,0.0,0.0,0.0,0.0
116,-2.0961010704923038e-16,0.0450099541794017,-3.9079850466805446e-17,0.0,0.013677444717608,1.7941204077942506e-16,0.8431931840320513,0.1788916513941708,2018.7106782966205,527.7039473870085,5666.596497453584,2039.559588687388,0.0,463.94325984890327,1186.46038950384,0.0,6555.045136723946,2945.29211796603,0.0,1057.0043413877263,1412.5661106898604,0.0,2257.5195842279945,3920.544112901512,613.4422218151708,0.0,0.0,0.0,393.8135196279329,0.0,0.0,0.0,0.0,0.0,604.130546507981,0.0,0.0,0.0,0.0,0.0,0.0,0.0,0.0,0.0
117,-2.0961010704923038e-16,0.044210970657807,-3.9079850466805446e-17,0.0,0.019989414538206,0.0003147944937167,0.8898793035522191,0.2418531894002544,2062.2605791351925,397.21095014163234,5866.760309258392,2199.545283019185,0.0,438.0598679360602,1153.7798466415402,0.0,6697.693462509542,3038.5896576864984,0.0,981.410691124508,1396.060529990257,0.0,2158.4676453661773,3762.060772573523,583.8803228855446,0.0,0.0,0.0,247.15232489593723,0.0,0.0,0.0,0.0,0.0,376.5400783476037,0.0,0.0,0.0,0.0,0.0,0.0,0.0,0.0,0.0
118,0.0007470308723646,0.0459037224565386,-3.9079850466805446e-17,0.0,0.0265616717740864,0.0044339466976745,0.8748449177816986,0.3793531827000853,1872.228910793507,158.21686462954588,5617.23948380598,1820.2515299699417,0.0,247.486038739104,712.2409569574685,0.0,6221.674096955965,2264.1727711196254,0.0,493.1254703546732,849.9321087924548,0.0,1439.406101367597,2762.7760642433104,284.4595893688002,0.0,0.0,0.0,1656.3634152822735,0.0,0.0,0.0,0.0,0.0,2115.3676597793574,4.109090909090909,0.0,0.0,0.0,0.0,0.0,37.96363636363636,0.0,0.0
119,0.0153944355946841,0.0504335696411959,-3.9079850466805446e-17,0.0,0.0333942164252492,0.011037883218339,0.8550357245724927,0.6173018019771376,828.2765507153557,0.0,4286.978488688913,399.1860467640737,0.0,0.0,0.0,0.0,4510.750581782853,460.0680235448644,0.0,0.0,0.0,0.0,274.7730621892708,1017.3986437007449,0.0,0.0,0.0,0.0,4039.991201222292,0.0,0.0,0.0,0.0,0.0,5118.328080952432,369.8745151809557,0.0,0.0,0.0,0.0,0.0,1249.5330811369706,0.0,0.0
120,0.0352359969966775,0.0548668622286495,-3.9079850466805446e-17,0.0,0.0385485726636701,0.0240338022599181,0.8488470866687522,0.9099577458971998,12.15686274509804,0.0,2475.147912217742,0.0,0.0,0.0,0.0,0.0,2536.0168411425907,0.1176470588235294,0.0,0.0,0.0,0.0,0.0,21.92156862745098,0.0,0.0,71.59006936706946,76.70364575043156,4814.975726615806,256.8753624935105,0.0,133.66887350670342,0.0,0.0,6164.572927460492,1132.7078262736063,0.0,134.17631609681257,0.0,0.0,507.1555899524205,1859.8895045479003,0.0,0.0
121,0.0548811072956809,0.0662956787169298,-3.907985046680546e-17,0.0,0.039173256,0.046729004292359,0.832161846049224,1.2407999761732935,0.0,0.0,1852.4164703113531,0.0,0.0,0.0,0.0,0.0,1937.8797010422732,0.0,0.0,0.0,0.0,0.0,0.0,0.0,0.0,0.0,989.5451717766754,1171.6642108997223,7033.564780317468,1589.5472056675226,0.0,644.6864612125459,54.20431201109823,0.0,8507.923152830252,2806.838317338681,0.0,689.2939198419325,54.4788014076326,0.0,1199.394333286899,2622.6263666774444,0.0,0.0
122,0.0735439620797341,0.0781224671362123,-3.9079850466805446e-17,0.0,0.039173256,0.069949127143724,0.752619252742741,1.6004504279419272,0.0,0.0,1396.4970882602868,0.0,0.0,0.0,0.0,0.0,1496.3114213459671,0.0,0.0,0.0,0.0,0.0,0.0,0.0,0.0,0.0,2297.766447281826,2881.193028261824,8603.845309452297,2050.4143469920696,0.0,1141.7075142077367,235.15984026530583,0.0,9286.118627137965,2478.891711336505,0.0,470.9979231597921,131.6217437210373,0.0,349.7007894507662,1639.7807210660496,0.0,0.0
123,0.0929926212757474,0.089945682618692,-3.907985046680546e-17,0.0,0.04398053827744,0.1156196760849999,0.6367509665795761,2.0052177561216022,0.0,0.0,1153.4442903036347,0.0,0.0,0.0,0.0,0.0,1212.295416377455,0.0,0.0,0.0,0.0,0.0,0.0,0.0,0.0,0.0,2948.1442915002003,3661.154131002207,8771.920399580426,1930.9008231094515,0.0,1415.9665205993067,261.3390389613696,0.0,9077.37458558339,1865.7634000137407,0.0,204.29429322944333,107.47278344054128,0.0,129.07177733772696,933.036909312044,0.0,0.0
124,0.112829858282392,0.0998179427610524,-3.9079850466805446e-17,0.0,0.055256870323026,0.1899603914950169,0.4990923591313556,2.4536684788044925,0.0,0.0,1054.4443515680518,0.0,0.0,0.0,0.0,0.0,1081.9972024327242,0.0,0.0,0.0,0.0,0.0,0.0,0.0,0.0,0.0,3100.3001548149923,3894.430379820981,8835.964666099266,1913.9172205466384,0.0,1465.5007740749616,262.0,0.0,9073.088698505564,1796.271013513949,0.0,182.63099908095077,83.61955738897748,0.0,203.21920879687545,819.4533285223339,0.0,0.0
125,0.118263564,0.1050987422944028,-3.9079850466805446e-17,0.0,0.0627564489966779,0.2617996547518531,0.3525980176345502,2.8008580876422133,0.0,0.0,968.0805905465276,0.0,0.0,0.0,0.0,0.0,927.4965507146248,0.0,0.0,0.0,0.0,0.0,0.0,0.0,0.0,0.0,3096.8413523563017,4002.03526708009,8359.711434932691,1673.6920635319134,0.0,1516.126241144484,386.97992703859,0.0,8701.154898199838,1765.704442252347,0.0,476.1554777227426,67.0279252929641,0.0,308.35519602109247,1148.4472480887496,0.0,0.0
126,0.118263564,0.1048695387807306,-3.9079850466805446e-17,0.0,0.0706515593621264,0.3244263322873753,0.2116696798405305,3.0969070631187674,0.0,0.0,900.8816963102432,0.0,0.0,0.0,0.0,0.0,834.0172521562963,0.0,0.0,0.0,0.0,0.0,0.0,0.0,0.0,0.0,2363.4705376338093,2973.865630825634,6392.54476878227,1169.5998030177384,0.0,1251.039792855058,536.3444415543967,0.0,6963.889846173267,1655.9220220715451,0.0,807.514037624961,196.5871045450663,0.0,542.1972525460554,1650.5391246623929,0.0,0.0
127,0.118263564,0.1007625300996677,-3.9079850466805446e-17,0.0,0.0780845771960135,0.3736040321609123,0.0927278393543257,3.333246047838797,0.0,0.0,847.9283229629737,0.0,0.0,0.0,0.0,0.0,769.3406932415762,0.0,0.0,0.0,0.0,0.0,0.0,0.0,0.0,0.0,1351.2418640483986,1629.060927486408,3883.984118162613,679.8416875227092,0.0,747.7582147256223,380.3291054318236,0.0,4343.61381103056,1128.2711106997006,0.0,614.5835394782998,220.51956250098323,0.0,513.448150759517,1274.193397006182,0.0,0.0
128,0.1173958782679956,0.0906779028637873,-3.9079850466805446e-17,0.0,0.0859920429767445,0.4203358955083048,0.0344192430321142,3.4594590018050906,0.0,0.0,708.4166494053208,0.0,0.0,0.0,0.0,0.0,632.78972157749,0.0,0.0,0.0,0.0,0.0,0.0,0.0,0.0,0.0,1163.5779694370635,1285.460635333533,3711.566463181897,716.062347172961,0.0,705.8717748857091,431.1400082506737,0.0,4262.343387456581,1280.6295380369995,0.0,762.0526828330151,405.6310188665071,0.0,730.9343559990983,1623.7627135562652,1.2592592592592593,0.0
129,0.1028691284053156,0.0778683574285709,-3.9079850466805446e-17,0.0,0.088979822636213,0.4431338847034876,0.0097202111262449,3.417144188892852,0.0,0.0,595.0,0.0,0.0,0.0,0.0,0.0,523.0,0.0,0.0,0.0,0.0,0.0,0.0,0.0,0.0,0.0,1723.9104730771296,1770.5466204634745,5918.211110474703,1210.008577961346,0.0,1116.5998160074898,757.1237770013605,0.0,6911.223744579928,2250.3264216638804,0.0,1394.96488603354,847.3624052106226,0.0,1412.7096854166489,3007.119086960149,33.165903684658616,0.0
130,0.0836169203122923,0.0655506343997339,-3.9079850466805446e-17,0.0,0.0860303118163458,0.4309906565182727,0.0001108363120257,3.241403003051159,0.0,0.0,491.254789982898,0.0,0.0,0.0,0.0,0.0,431.7856333271777,0.0,0.0,0.0,0.0,0.0,0.0,0.0,0.0,0.0,2100.0743966534724,2176.6082108762157,7237.252898745052,1487.3844937252602,0.0,1374.2284050197916,984.9321221707468,0.0,8486.39947280946,2793.637780757465,0.0,1792.7480167326391,1165.8882108762157,0.0,1782.30149790842,3917.361830955382,112.83531213116332,0.0
131,0.0635789078073089,0.0504305283082033,-3.9079850466805446e-17,0.0,0.0867465470033226,0.4079737533887057,-8.52651282912123e-16,3.0696500045481683,0.0,0.0,268.73392078935353,0.0,0.0,0.0,0.0,0.0,242.8198907374804,0.0,0.0,0.0,0.0,0.0,0.0,0.0,0.0,0.0,2092.612413369502,2197.572413239602,7224.680629300697,1467.5221646368946,0.0,1380.2729932626762,1027.1778602549484,0.0,8422.157036401144,2749.4057497975537,0.0,1825.7616985304924,1196.563625413927,0.0,1785.3018289641502,3983.902326935428,141.48649211916043,0.0
132,0.0442087569792358,0.0382966907666112,-3.9079850466805446e-17,0.0,0.0933669903588043,0.3842388118679415,-8.5265128291212315e-16,2.9050184374659413,0.0,0.0,295.1862453411213,0.0,0.0,0.0,0.0,0.0,305.1043406770567,0.0,0.0,0.0,0.0,0.0,0.0,0.0,0.0,0.0,2082.915299027918,2204.993211704072,7180.701472373748,1423.896569706605,0.0,1366.6779633195583,1035.4821323758758,0.0,8331.354534863038,2695.7154974077566,0.0,1831.717730191884,1253.0254566696433,0.0,1812.4564369871823,4023.216629775645,168.35025002193626,0.0
133,0.0289676829767441,0.0359031894219268,-3.9079850466805446e-17,0.0,0.1204067816534957,0.3485740779447236,-8.52651282912123e-16,2.711719665702972,0.0,0.0,321.8039220019543,0.0,0.0,0.0,0.0,0.0,360.7760790841865,0.0,0.0,0.0,0.0,0.0,0.0,0.0,0.0,0.0,2082.1105568567464,2236.8411592414323,7160.43742921135,1411.5962376500015,0.0,1374.6656346891984,1038.6956344319458,0.0,8259.650117749183,2651.9071639547924,0.0,1824.315906755409,1298.0030435331994,0.0,1803.080763830233,4020.882525775216,179.19553107382868,0.0
134,0.0144738639077287,0.0397667821756407,-3.907985046680546e-17,0.0,0.1445221162524918,0.2921722817436216,0.0015217053793008,2.489648427812946,0.0,0.0,352.7985988828159,0.0,0.0,0.0,0.0,0.0,425.8019906833903,0.0,0.0,0.0,0.0,0.0,0.0,0.0,0.0,0.0,2081.440457985881,2266.6456032863152,7198.992852016185,1470.6134888657216,0.0,1383.1413721524248,1036.4320446216268,0.0,8272.979989341437,2669.53744931529,0.0,1816.89820135118,1354.9087323847311,0.0,1775.958362209249,4032.1746445094,215.61370919638784,0.0
135,0.0127940325249167,0.0462820605743172,-3.9079850466805446e-17,0.0,0.1676435032199913,0.2504753890954787,0.0582401328637865,2.366238744829406,0.0,0.0,332.05626953893017,0.0,0.0,0.0,0.0,0.0,482.3537528882896,0.0,0.0,0.0,0.0,0.0,0.0,0.0,0.0,0.0,2064.4288280117707,2125.5908311538305,7314.795387114789,1586.7154913370082,0.0,1382.6028474970524,1081.213040768123,0.0,8455.687507145683,2876.338111666156,0.0,1890.421781787812,1479.811767925476,0.0,1916.3406495001548,4176.586903711256,328.5723618552502,0.0
136,0.0285857359056476,0.0692856929134881,-3.9079850466805446e-17,0.0,0.1887034339136215,0.2175959959654484,0.205219362316544,2.2695041266684326,0.0,0.0,682.0251540922199,0.0,0.0,0.0,0.0,0.0,867.427353779236,0.0,0.0,0.0,0.0,0.0,0.0,0.0,0.0,0.0,1977.422460616618,1790.3833049639177,7002.478129253501,1374.8767632987274,0.0,1271.2631371958546,1046.7363396289663,0.0,8065.449300094045,2554.360836186615,0.0,1731.9273282933625,1452.4234620301422,0.0,1843.876877017023,4131.70706593971,407.0703388318356,0.0
137,0.0684889498405313,0.1292163040686598,-3.9079850466805446e-17,0.0,0.2115167014950171,0.1922975784584718,0.4173650130232549,2.103621397991136,16.881949311007517,8.30151532078691,1635.718248171855,0.0,0.0,0.0,0.0,0.0,1794.8000744924375,0.0,0.0,0.0,0.0,0.0,0.0,109.19707615009816,0.0,0.0,1509.074913076677,1210.019758925705,5784.345723928449,486.26856425394686,0.0,473.700633137997,397.47417274352495,0.0,6588.150451036388,915.6076048410272,0.0,636.0868479251001,549.0370134251071,0.0,690.1681152484082,3261.673524918001,160.143212916551,0.0
138,0.1092686763165914,0.2112566213492279,-3.9079850466805446e-17,0.0,0.2432787567942159,0.1891341291545827,0.6522755143419966,1.8971682669016947,202.80266867642615,218.09205055558024,2531.1989216116026,32.35260544162871,0.0,0.0,0.0,0.0,2897.295939477749,47.66497581937698,0.0,0.0,0.0,0.0,91.02965078135348,770.9631047632606,0.0,0.0,907.152632119626,677.4410840811776,4548.206672857257,0.0,0.0,0.0,0.0,0.0,5068.410551373818,0.0,0.0,0.0,0.0,0.0,0.0,2082.923059078588,0.0,0.0
139,0.1451687163189366,0.2819538715215943,-3.9079850466805446e-17,0.0,0.2672890479101664,0.2217829826224587,0.9002104176223251,1.7342386414373363,514.1659614118397,759.0802142849581,3678.036824747428,349.5029894029431,0.0,0.0,0.0,0.0,4214.448002770823,520.8285670522379,0.0,3.913156910078456,12.54216958358479,0.0,674.9319142203718,1905.6431613185043,0.0,0.0,261.8334385024832,195.54898919991447,3424.100139248628,0.0,0.0,0.0,0.0,0.0,3651.8104587957127,0.0,0.0,0.0,0.0,0.0,0.0,794.7298200579806,0.0,0.0
140,0.1783009979401992,0.345213597767441,-3.9079850466805446e-17,0.0,0.2972589362790699,0.2744937075868847,1.184862945341037,1.6431275901840194,655.5184671261943,914.8988702887,4011.404761355484,683.6764406689872,0.0,23.636100274760317,3.8035103890418895,0.0,4632.726478252711,1024.1210272185886,0.0,93.6075420141014,221.7178356070652,0.0,1046.5713835798315,2441.531558385714,33.14487624736503,0.0,0.0,0.0,2968.0,0.0,0.0,0.0,0.0,0.0,3077.0,0.0,0.0,0.0,0.0,0.0,0.0,272.0,0.0,0.0
141,0.2097076398936878,0.4051785466046498,-3.9079850466805446e-17,0.0,0.3271757348013289,0.3129074815813959,1.4314076435003331,1.5049852031574709,1098.163690530379,1232.2586442504569,4297.1047171278415,912.7704822134305,0.0,253.37820206633603,225.7726678769473,0.0,5010.598537027342,1434.22946574335,0.0,412.17815562103215,668.9589787803715,0.0,1553.9614968503597,3249.314030987747,245.19479770970105,0.0,0.0,0.0,2754.196076493002,0.0,0.0,0.0,0.0,0.0,2965.7924886346327,0.0,0.0,0.0,0.0,0.0,0.0,209.3738238273708,0.0,0.0
142,0.233597298670266,0.4539997002308953,-3.9079850466805446e-17,0.0,0.3562208999601328,0.3503227679102996,1.5991165772990052,1.3043027605440147,2091.087798573359,1770.0067427174397,4218.960482242879,657.8598171945133,0.0,806.0979180502662,921.302821990632,0.0,4989.843294555226,1276.4312322313929,0.0,995.0555922849758,1293.513630376921,0.0,2108.424845805204,4291.545937374867,661.1500297377512,0.0,0.0,0.0,1883.0304911790909,0.0,0.0,0.0,0.0,0.0,2443.427608282317,0.0,0.0,0.0,0.0,0.0,0.0,2.792198482771317,0.0,0.0
143,0.2317735878936878,0.4668266952387267,-3.9079850466805446e-17,0.0,0.3603839165885145,0.3862882148970108,1.7573826908115833,1.035749560180345,1917.361365176277,1605.5921138619804,4239.582385238748,745.9951522884173,0.0,827.8790955326239,912.2794624074082,0.0,5093.072046383609,1476.850540173065,0.0,1069.5509194035103,1296.0015788498615,0.0,2243.809848462699,4443.023332661903,710.1647704774986,0.0,0.0,0.0,1698.854882025308,0.0,0.0,0.0,0.0,0.0,2264.4175923704333,0.0,0.0,0.0,0.0,0.0,0.0,0.0,0.0,0.0
144,0.2274306594219268,0.4557669707840527,-3.9079850466805446e-17,0.0,0.3480843012869606,0.3980811069979245,1.8846990112051525,0.7980258482080527,1671.6914760147822,1380.2580249513253,4268.122473257414,866.3262238565775,0.0,846.5972800898458,888.0438620400525,0.0,5228.989740564048,1742.8425172860625,0.0,1157.0761049462835,1288.188266317493,0.0,2411.790167842201,4623.512427460538,767.2449465148278,0.0,0.0,0.0,1430.3437708253568,0.0,0.0,0.0,0.0,0.0,1939.7452251636269,0.0,0.0,0.0,0.0,0.0,0.0,0.0,0.0,0.0
145,0.2230877309501659,0.4430428869065025,-3.9079850466805446e-17,0.0,0.318181766486949,0.372030614790698,1.9633123062021844,0.5496366500389142,1783.3987735666456,1494.2828416077098,4457.265362186343,1068.6238058082422,0.0,845.5756805975466,762.4883543657371,0.0,5391.551026550629,1950.8639025030404,0.0,979.0571943521296,1036.3040686759691,0.0,2124.1560999066687,4125.034200269096,635.911359481012,0.0,0.0,0.0,1026.8219641375083,0.0,0.0,0.0,0.0,0.0,1392.9628731236771,0.0,0.0,0.0,0.0,0.0,0.0,0.0,0.0,0.0
146,0.2072724149980065,0.4124328593727582,-3.9079850466805446e-17,0.0,0.2807899914019945,0.3404501733289034,1.914244313278403,0.2864403150059755,1924.23461727466,1632.2076047020223,4571.945697593742,1165.063491437792,0.0,835.7599564266249,688.1538568177301,0.0,5457.081592239878,2009.7515991780383,0.0,839.289890094357,877.8192692401237,0.0,1897.5168432728872,3759.3134171951583,535.6563620213507,0.0,0.0,0.0,712.1147875037085,0.0,0.0,0.0,0.0,0.0,966.5238326619792,0.0,0.0,0.0,0.0,0.0,0.0,0.0,0.0,0.0
147,0.1687527330099667,0.3516429065925706,-3.9079850466805446e-17,0.0,0.2444581364629429,0.3111998284030202,1.784595710839986,0.1204644753089661,1023.562963490432,900.9347678648072,4557.544637257612,1367.8398646235703,0.0,563.1898980092593,718.2324996994331,0.0,5688.804186463274,2615.3378257609675,0.0,1279.18377032609,1223.6000362460231,0.0,3277.4578614311504,5393.689102711132,869.0584598387406,0.0,0.0,0.0,489.7752777471077,0.0,0.0,0.0,0.0,0.0,708.2334107943802,0.0,0.0,0.0,0.0,0.0,0.0,0.0,0.0,0.0
148,0.1267907121374036,0.2675849897902588,-3.907985046680546e-17,0.0,0.1967628324488189,0.2606636571044951,1.6174815901628512,0.042251852494699,743.0,657.0,4541.0,1447.0,0.0,512.0,748.0,0.0,5812.0,2782.0,0.0,1473.0,1323.0,0.0,3760.0,5951.0,968.0,0.0,0.0,0.0,553.8069294967561,0.0,0.0,0.0,0.0,0.0,830.945128593617,0.0,0.0,0.0,0.0,0.0,0.0,0.0,0.0,0.0
149,0.0946054148172756,0.2038816497408634,-3.9079850466805446e-17,0.0,0.1663873722366884,0.2056805982059808,1.447108736049922,0.0194755628345114,762.6074987333703,644.3613204942209,4589.504048078762,1442.5787756310704,0.0,520.7380508327402,742.2020433348862,0.0,5826.702675579415,2876.82258374493,0.0,1458.6677405112446,1340.7410387488503,0.0,3688.4056098688766,5925.886736200736,1031.529236324114,0.0,0.0,0.0,685.4448827793001,0.0,0.0,0.0,0.0,0.0,1083.5797759497398,0.0,0.0,0.0,0.0,0.0,0.0,0.0,0.0,0.0
150,0.0625085169966776,0.142598789940199,-3.9079850466805446e-17,0.0,0.1356748152159466,0.1533553703585672,1.2157950446995716,0.0044759109831472,789.3175086971187,648.175182145946,4642.481460178336,1474.9403875909263,0.0,523.8030854040957,741.821387334692,0.0,5862.278511029931,2959.874880988102,0.0,1436.7373376942917,1361.846344467833,0.0,3581.148320192452,5834.964929437237,1086.633178406085,0.0,0.0,0.0,698.9922912581857,0.0,0.0,0.0,0.0,0.0,1123.9401750450916,0.0,0.0,0.0,0.0,0.0,0.0,0.0,0.0,0.0
151,0.0228250312087391,0.0668921764561067,-3.9079850466805446e-17,0.0,0.0960798277076412,0.1033579910033225,0.9518524398578742,-4.209965709378591e-15,859.6312558435596,714.5863634082318,4679.294968742269,1503.435247936063,0.0,507.092004490978,764.0424281691837,0.0,5858.888267107287,2886.582675282468,0.0,1396.138924737812,1415.8578378636446,0.0,3423.238658704983,5668.4172106680735,1117.7449951607712,0.0,0.0,0.0,621.1612961237875,0.0,0.0,0.0,0.0,0.0,1014.2398134530464,0.0,0.0,0.0,0.0,0.0,0.0,0.0,0.0,0.0
152,0.000206239045451,0.0170427969593552,-3.9079850466805446e-17,0.0,0.0615563438509932,0.0604879947508306,0.7976729537787498,-4.209965709378591e-15,1102.5028797117714,780.2904634128696,4688.541286375218,1454.4414213771065,0.0,498.9246378325057,949.280335644487,0.0,5746.1964105226525,2609.2762465124943,0.0,1403.062717891144,1634.066105004607,0.0,3216.851172259522,5542.982875935426,1201.305789824728,0.0,0.0,0.0,596.4567107806806,0.0,0.0,0.0,0.0,0.0,988.9102075210276,0.0,0.0,0.0,0.0,0.0,0.0,0.0,0.0,0.0
153,-2.3803181647963387e-16,0.000584720028239,-3.9079850466805446e-17,0.0,0.033455530173588,0.0220711475705983,0.6855633318662765,1.0193217603763456e-05,1255.8780911446704,654.0214468236692,4775.694567519527,1574.8872634505171,0.0,519.6456425324185,1062.1752774250392,0.0,5818.121623714685,2697.731975216216,0.0,1433.6734058365028,1730.138341815108,0.0,3161.924956287852,5448.213670667901,1201.3623572811423,0.0,0.0,0.0,578.0148186034273,0.0,0.0,0.0,0.0,0.0,969.2906675457344,0.0,0.0,0.0,0.0,0.0,0.0,0.0,0.0,0.0
154,-2.3803181647963387e-16,-1.8118839761882526e-16,-3.9079850466805446e-17,0.0,0.0191264374535789,0.0001537163423741,0.5687095815910584,0.0107409294233724,1413.1655701591292,482.0998460123798,4903.676294970477,1754.4854258173673,0.0,543.7683509222425,1159.4367705143777,0.0,5939.891236012136,2867.0463044048784,0.0,1454.5196427868327,1808.4155865955072,0.0,3103.7486654765457,5305.560151343739,1179.39250165424,0.0,0.0,0.0,631.7665709260715,0.0,0.0,0.0,0.0,0.0,1027.8147822278534,0.0,0.0,0.0,0.0,0.0,0.0,0.0,0.0,0.0
155,0.0020587965767439,0.0002481150431891,-3.9079850466805446e-17,0.0,0.0209660780837209,7.303423255841664e-05,0.4606617744717613,0.0334547121993313,1535.280730146157,351.8850262613177,5001.708062741636,1882.167886202046,0.0,561.5755908862653,1232.1243964237312,0.0,6026.407668717696,2982.99762409007,0.0,1459.6706180568124,1858.520860153608,0.0,3035.6969841851314,5169.604616632069,1157.4805925806374,0.0,0.0,0.0,1481.2888472688362,0.0,0.0,0.0,0.0,0.0,2048.218897865724,0.0,0.0,0.0,0.0,0.0,0.0,0.0,0.0,0.0
156,0.0157136171561459,0.0180310899786525,-3.9079850466805446e-17,0.0,0.0261349980996677,0.0170487731247617,0.3931706952880471,0.0741686816696077,1569.2566682150568,248.66021568475315,5053.928474868113,1867.1156822406692,0.0,544.0131300633249,1176.396487930479,0.0,6025.394683452966,2908.6411538666816,0.0,1301.096151031234,1706.291307226648,0.0,2719.2520131839483,4707.3742618185615,1021.0237336045992,0.0,0.0,0.0,2686.112578304141,0.0,0.0,0.0,0.0,0.0,3500.00054659834,0.0,0.0,0.0,0.0,0.0,0.0,0.0,0.0,0.0
157,0.0331483436611293,0.0550639527330325,-3.9079850466805446e-17,0.0,0.0330495003388703,0.0574901150296632,0.3207799403521594,0.1972295676969582,1117.220567282825,82.59153360805784,4867.291273523585,1586.590469709716,0.0,360.7702295416344,511.3271858058353,0.0,5830.629718479729,2439.4559365809714,0.0,674.5471049020813,844.5379736838667,0.0,1923.534473556467,3343.438531818516,407.9612820489816,0.0,0.0,8.443053041615245,3529.92778586308,19.61619509069889,0.0,4.044576307360596,0.0,0.0,4516.7561079012585,83.22657368953442,0.0,12.588743756659856,0.0,0.0,38.575146531451686,433.87268220237394,0.0,0.0
158,0.051926287824132,0.1028975458604649,-3.9079850466805446e-17,0.0,0.0382451802954689,0.0998144579003325,0.250013738509082,0.4057043264825007,599.3856440450653,0.0,3624.491652169977,987.688842591136,0.0,181.2241797440508,45.1636111653648,0.0,4369.063018689917,1506.802809578841,0.0,240.95176507938805,111.73425190044009,0.0,1044.1526312412907,1816.7334939855584,25.3229496129502,0.0,21.389152244319508,142.69168226089104,4678.587365578438,321.85936647684827,0.0,68.4555756073468,0.0,0.0,5902.87384431687,999.8764318840172,0.0,201.9581936372693,0.0,0.0,595.9768325245549,1941.048426720728,0.0,0.0
159,0.0830234485315612,0.1497970548837207,-3.9079850466805446e-17,0.0,0.0401181303271447,0.1402158421794023,0.1997725293335924,0.6717486178792214,215.983813571815,0.0,2028.7308157728944,355.9472530577723,0.0,65.30573841838007,0.0,0.0,2467.113639216874,543.0143798761558,0.0,86.82448924081216,0.0,0.0,376.3158077629801,654.7010547416605,0.0,0.0,439.5715905456012,579.6532179873025,6241.589253053158,1199.084841503913,0.0,296.70247473729523,0.0144637385504344,0.0,7724.759668514176,2546.145769200812,0.0,622.9464136984046,118.34475488494915,0.0,1389.2667713856742,2987.305872659541,0.0,0.0
160,0.1194735710033219,0.1995679624186044,-3.907985046680546e-17,0.0,0.0404129159999999,0.1830907805980067,0.1574754248447305,1.0732850394636697,0.0,0.0,1035.6248852846888,0.0,0.0,0.0,0.0,0.0,1265.5031112004297,0.0,0.0,0.0,0.0,0.0,0.0,0.0,0.0,0.0,988.811901570141,1244.4295260623717,8128.672575083313,2192.336692888764,0.0,542.4984553379871,5.786376283719812,0.0,9597.97057469534,3897.560395271337,0.0,996.7345150166626,362.0,0.0,1840.0456826190057,3558.870752179465,0.0,0.0
161,0.1536651869225654,0.2491995388857651,-3.9079850466805446e-17,0.0,0.0404182383327369,0.2314879085159723,0.1141170707909527,1.6508726938244265,0.0,0.0,849.3398138016665,0.0,0.0,0.0,0.0,0.0,1007.9974678171906,0.0,0.0,0.0,0.0,0.0,0.0,0.0,0.0,0.0,1067.129303889468,1420.1738918172875,8238.778796599468,2165.844935175533,0.0,527.8275948140426,12.019395583420208,0.0,9656.123606971383,3792.4268026781383,0.0,1018.612088331596,361.0302208289896,0.0,1766.1867722847871,3518.3822147503192,0.0,0.0
162,0.1735655791096341,0.2758511200664449,-3.9079850466805446e-17,0.0,0.0522771991435639,0.3048530652231568,0.0858470727707636,2.307607855860601,0.0,0.0,663.5107903973409,0.0,0.0,0.0,0.0,0.0,762.1710291766127,0.0,0.0,0.0,0.0,0.0,0.0,0.0,0.0,0.0,1117.623185724732,1329.7472676374075,8093.747267637406,1870.913980655084,0.0,528.7185945224355,24.480256911315927,0.0,9538.215426929748,3560.6310609076904,0.0,977.5937554748452,216.34889829521077,0.0,1772.1380399027043,3401.8170575875506,0.0,0.0
163,0.1913244293421922,0.287097164414305,-3.9079850466805446e-17,0.0,0.0799749880359585,0.4162579462794613,0.0646575355614611,3.036428953709592,0.0,0.0,593.4096630357473,0.0,0.0,0.0,0.0,0.0,680.6248478062073,0.0,0.0,0.0,0.0,0.0,0.0,0.0,0.0,0.0,1217.853716479946,1402.6795390751693,8166.6795390751695,1879.8490405022812,0.0,604.6067752477069,54.29449572274925,0.0,9548.176531645937,3516.4612800974364,0.0,1016.3173508185416,183.60445351120185,0.0,1711.0967375996495,3306.101446081969,0.0,0.0
164,0.2111506700292354,0.2880969839999998,-3.9079850466805446e-17,0.0,0.1070588497275747,0.5310621070564797,0.0428193390498329,3.823281401092623,0.0,0.0,571.2528244810032,0.0,0.0,0.0,0.0,0.0,628.6611483568108,0.0,0.0,0.0,0.0,0.0,0.0,0.0,0.0,0.0,1860.128380858829,1901.69073898674,8227.7613481107,1794.7839506115529,0.0,998.6661180246087,110.69153128211865,0.0,9449.470077848804,3130.5275288641,0.0,918.9664975526764,140.5100657551501,0.0,1237.3998146708052,2754.308677323302,0.0,0.0
165,0.2269584251536541,0.2877258753737539,-3.9079850466805446e-17,0.0,0.1331320707508305,0.642243358253324,0.0216298018405306,4.543720701391192,0.0,0.0,554.2342833735732,0.0,0.0,0.0,0.0,0.0,597.436612585469,0.0,0.0,0.0,0.0,0.0,0.0,0.0,0.0,0.0,1434.8688045867068,1064.596470234605,7665.372045361477,1606.9399541265846,0.0,845.4705899889573,171.605485989209,0.0,9185.73300838351,3606.7781739748953,0.0,1339.4613401690092,378.368960664733,0.0,2258.446390363372,3955.789637717724,0.0,0.0
166,0.2285710642524914,0.2694122464026576,-3.9079850466805446e-17,0.0,0.1578750253953488,0.7302780225089717,0.0032917571960124,5.099182391229231,0.0,0.0,493.9741177613114,0.0,0.0,0.0,0.0,0.0,547.594036726479,0.0,0.0,0.0,0.0,0.0,0.0,0.0,0.0,0.0,1222.1514975642092,916.796396914991,7632.55269126696,1681.3679689228104,0.0,733.6108763058628,168.44491471428995,0.0,9218.99244732299,3768.4549857746215,0.0,1496.767039312709,475.6932294847452,0.0,2465.094693893393,4250.09355687816,2.284159155726543,0.0
167,0.2282078150431891,0.2343861598819028,-3.907985046680546e-17,0.0,0.1839482464186046,0.7995115407572253,-8.06466005087711e-16,5.445906993256693,0.0,0.0,402.177105636796,0.0,0.0,0.0,0.0,0.0,476.43245906342605,0.0,0.0,0.0,0.0,0.0,0.0,0.0,0.0,0.0,1092.7260309742992,865.7666705066455,7568.174307687257,1731.9932279111622,0.0,665.7592700533265,171.02139561699747,0.0,9172.71042540098,3824.927464558431,0.0,1582.5372436305772,544.9554402957843,0.0,2551.3688855691967,4378.624720974399,11.780471639825516,0.0
168,0.2258517256018034,0.1837637388837207,-3.9079850466805446e-17,0.0,0.2020635503820598,0.8274083164492182,-8.06466005087711e-16,5.585135702418369,0.0,0.0,370.68479708679695,0.0,0.0,0.0,0.0,0.0,442.2902059356114,0.0,0.0,0.0,0.0,0.0,0.0,0.0,0.0,0.0,1013.4987837297448,822.9264352453996,7341.836386076461,1705.5237893427889,0.0,621.7690866746998,167.4701033995783,0.0,8910.678949822708,3745.030132414698,0.0,1573.664706640397,557.2760249285583,0.0,2516.899102045805,4311.933504359575,14.644898241157629,0.0
169,0.2093806332358804,0.1325571320930231,-3.9079850466805446e-17,0.0,0.20075335549658,0.7868134375415308,-8.06466005087711e-16,5.47393278555091,0.0,0.0,324.8784854015726,0.0,0.0,0.0,0.0,0.0,378.20139372625664,0.0,0.0,0.0,0.0,0.0,0.0,0.0,0.0,0.0,748.365315462116,607.6506583719278,5421.095439563111,1259.327212448112,0.0,459.1025209312547,123.64340988950283,0.0,6579.458753599643,2765.260506415632,0.0,1161.9851104358884,411.4822264609488,0.0,1858.4307999161465,3183.8680773341607,5.999769564971958,0.0
170,0.1890343343992753,0.0870933223255812,-3.9079850466805446e-17,0.0,0.200576988,0.7476488303322278,-8.06466005087711e-16,5.186047895505279,0.0,0.0,272.8186203362933,0.0,0.0,0.0,0.0,0.0,318.5251721086169,0.0,0.0,0.0,0.0,0.0,0.0,0.0,0.0,0.0,493.82630546361486,400.97434086350825,3577.13230946891,830.9564745445628,0.0,302.8995832129576,81.57703367645104,0.0,4341.468543294307,1824.63767161926,0.0,766.7594062134908,271.545066281573,0.0,1226.2786775348595,2100.899737854253,0.0,0.0
171,0.1583529390750331,0.0410867756870807,-3.907985046680546e-17,0.0,0.200576988,0.7030812388734407,-8.06466005087711e-16,4.803291960087248,0.0,0.0,189.4039274208617,0.0,0.0,0.0,0.0,0.0,252.78390627456096,0.0,0.0,0.0,0.0,0.0,0.0,0.0,0.0,0.0,342.3353254390211,339.4670428924183,2240.039701685175,527.365041687717,0.0,195.7811262357017,43.7161747694023,0.0,2654.8261445686067,1077.303416087337,0.0,426.26191476461366,144.91314322235647,0.0,671.312585264921,1184.410884890486,0.0,0.0
172,0.1376368551627909,0.0128295371835546,-3.9079850466805446e-17,0.0,0.1917481686054818,0.6308923867524903,0.0007088233106304,4.363362561127067,0.0,0.0,171.16599903372932,0.0,0.0,0.0,0.0,0.0,242.8695621678445,0.0,0.0,0.0,0.0,0.0,0.0,0.0,0.0,0.0,462.0174922443489,526.8141890187561,2755.1458913237343,657.2416119817567,0.0,248.28146733739277,44.66699697615646,0.0,3186.217842942238,1244.265162412331,0.0,457.7247311279882,147.15355962713627,0.0,706.2255252735553,1294.494166652508,0.0,0.0
173,0.123536084124408,0.0173886784856151,6.246056747009593e-05,0.0,0.1760984392425251,0.5304641750584573,0.0162013318396825,3.9435400232657,0.0,0.0,105.62502022180568,0.0,0.0,0.0,0.0,0.0,240.3609811882813,0.0,0.0,0.0,0.0,0.0,0.0,0.0,0.0,0.0,1071.429617637163,1477.039141287601,5392.24535104502,1321.354561392594,0.0,516.3936429207455,50.26642287303297,0.0,5912.899312171129,2105.537335771194,0.0,624.180080052632,161.1291530276485,0.0,894.6328237505633,1871.0701059980167,0.0,0.0
174,0.1400783655830157,0.0426747806910297,0.0014233438405315,0.0,0.1622175420199339,0.4574289549504907,0.0390184014617932,3.5347958354648656,0.0,0.0,160.5341318169331,0.0,0.0,0.0,0.0,0.0,267.1821815018022,0.0,0.0,0.0,0.0,0.0,0.0,0.0,0.0,0.0,1485.63142102932,2122.924525137021,7184.502638558302,1772.8107322579244,0.0,698.5936115153398,54.04260431237564,0.0,7766.192136277736,2690.8532724945235,0.0,737.2598946700914,170.63734584571384,0.0,1022.6724071579634,2262.964622288588,0.0,0.0
175,0.1779550463122918,0.0742861106910297,0.0037585173289036,0.0,0.145655107833887,0.3884274864119613,0.0887578927792766,3.0825702424921007,0.0,0.0,139.64214527802798,0.0,0.0,0.0,0.0,0.0,223.9087407083154,0.0,0.0,0.0,0.0,0.0,0.0,0.0,0.0,0.0,1772.3373624065337,2563.13551592697,8471.14213787946,2082.751800764098,0.0,811.3075019094391,51.57864138420979,0.0,9090.87531796452,3074.5226659195146,0.0,804.1442694868388,165.3014146118511,0.0,1101.364856763584,2535.5797384156804,0.0,0.0
176,0.2205400443189362,0.107402742119601,0.0062048895548172,0.0,0.130281389942799,0.3210336382126247,0.2106888747438965,2.6833725663189245,32.242979654478106,0.0,75.44695138073496,9.910751942974828,0.0,3.832157417950268,0.0,0.0,120.9512261431883,16.05541814761922,0.0,0.0,0.0,0.0,15.791131429139895,73.40563605763359,0.0,0.0,1361.562712830233,1591.7777313925133,6991.969642107757,1004.3621328266166,0.0,365.99263351872713,10.160118196896004,0.0,7269.938245046421,1438.2586132592164,0.0,360.1498670804778,45.2286815898588,0.0,544.0238987610595,1849.497824986438,0.0,0.0
177,0.2577051334883713,0.1363045295481724,0.0083399053156145,0.0,0.121874640039867,0.2779701726306972,0.3354985676786702,2.4123973543917456,436.2486133002086,0.0,221.9287326090247,177.9099139181234,0.0,56.17888404052149,0.0,0.0,265.3485709386375,270.1983760339593,0.0,0.0,0.0,0.0,241.50561643913613,935.05640534893,0.0,0.0,788.2122105815995,376.44,4799.857407393224,0.0,0.0,7.8,0.0,0.0,4671.5756627587,0.0,0.0,0.0,0.0,0.0,26.0,644.8,0.0,0.0
178,0.2937088136212619,0.1643031361196008,0.0104082018338869,0.0,0.1212226572266091,0.2699523766310741,0.4769326879020311,2.228144981245755,955.990256091374,255.54270835392663,1659.8316561488505,644.1583270307536,0.0,153.4908737384359,61.264744032432056,0.0,1942.1791359727847,905.2910385188468,0.0,29.89196480267537,115.34196198176478,0.0,712.2336743494781,1733.6259797614962,21.4195183371318,0.0,234.68444624231245,0.0,3358.0951771092077,0.0,0.0,0.0,0.0,0.0,3322.891545540239,0.0,0.0,0.0,0.0,0.0,0.0,0.0,0.0,0.0
179,0.3294498700421622,0.1809304849087279,0.0125513047755964,0.0,0.14056591227907,0.3299238687011774,0.6514348377908781,2.120314583810075,1614.5030922698922,996.2456769074182,3785.0388561342497,1280.5678749117471,0.0,353.38567513957497,585.4581420148842,0.0,4520.0030703954535,1843.257988000136,0.0,469.90808473612736,923.7383174696728,0.0,1627.389064922724,2980.9128285092097,336.3705510834244,0.0,0.0,0.0,2043.1183073930388,0.0,0.0,0.0,0.0,0.0,2123.3694408020183,0.0,0.0,0.0,0.0,0.0,0.0,0.0,0.0,0.0
180,0.3347653494117787,0.1812382919999995,0.0133883279999999,0.0,0.1635346292890367,0.3844334299389913,0.8678995419805486,2.074738002797695,1799.9001042345342,651.7184945217846,4551.427815701288,1457.5202215498748,0.0,564.0901249458105,1138.006288833643,0.0,5659.286253951495,2358.570018531142,0.0,1153.8383427362094,1613.0140090209338,0.0,2657.427557501044,4463.663273928859,821.4965071133163,0.0,0.0,0.0,600.880942586189,0.0,0.0,0.0,0.0,0.0,631.841776066193,0.0,0.0,0.0,0.0,0.0,0.0,0.0,0.0,0.0
181,0.3327247439999998,0.1812382919999995,0.0133883279999999,0.0,0.1856681202259137,0.4184177859269108,1.0622028849990226,1.9626978525190455,1263.1680358573826,67.05677367255299,4201.186423850982,1130.2065428899286,0.0,707.5528561545564,1368.8953885996443,0.0,5506.251427310035,2501.42592389774,0.0,1818.320879736048,2029.277293599952,0.0,4041.6740864923354,6319.412265589116,1315.7934571100711,0.0,0.0,0.0,492.1676165550935,0.0,0.0,0.0,0.0,0.0,602.1855748563291,0.0,0.0,0.0,0.0,0.0,0.0,0.0,0.0,0.0
182,0.3327247439999998,0.1811639446315176,0.0133883279999999,0.0,0.20015998378102,0.4442111836536193,1.1973865375224606,1.7913269287141345,1007.0152163957504,42.67439106261736,4108.991637284535,1053.5352117987168,0.0,678.3391397351553,1257.2443570998832,0.0,5516.3046482114905,2685.1946491804683,0.0,1927.5472178740024,1940.4531466802769,0.0,4591.1177187900175,6917.525859239514,1392.4647882012832,0.0,0.0,0.0,903.757095819446,0.0,0.0,0.0,0.0,0.0,1115.3859223216416,0.0,0.0,0.0,0.0,0.0,0.0,0.0,0.0,0.0
183,0.3292684255931208,0.1650399387930423,0.0133089626265389,0.0,0.1982175882071528,0.4541273425726019,1.3228967207652909,1.5480416848880143,110.59318060923268,0.0,3640.417514122553,821.6971811330067,0.0,500.49850745792907,753.0059640145598,0.0,5541.327521269462,3140.0555270353007,0.0,2093.207365685132,1567.8194186075614,0.0,6407.777255328901,8876.685595848625,1658.6804636194313,0.0,0.0,0.0,1545.4987331624918,0.0,0.0,0.0,0.0,0.0,1930.8213349275784,0.0,0.0,0.0,0.0,0.0,0.0,0.0,0.0,0.0
184,0.2884849440398666,0.1343486673089697,0.0116536276943521,0.0,0.1946269591682626,0.4450877977346109,1.42101921356107,1.2372051001149051,120.16814670132447,0.0,3721.9153435090207,872.2121208612527,0.0,514.1283631943911,762.6592484878399,0.0,5581.622392898699,3174.608155757124,0.0,2110.0582113015034,1595.1830152105013,0.0,6269.198418632709,8803.46226359228,1705.1723373543196,0.0,0.0,0.0,1349.8536649851733,0.0,0.0,0.0,0.0,0.0,1712.6225134664687,0.0,0.0,0.0,0.0,0.0,0.0,0.0,0.0,0.0
185,0.2321096551893682,0.1036405181661127,0.0093851734485049,0.0,0.1806806509235877,0.4125654375548183,1.4553972925127996,0.904740821189751,192.34002652256865,0.0,3870.18637238554,953.069002633834,0.0,545.4911801924048,811.0567086293598,0.0,5633.501918825312,3194.824231203016,0.0,2120.471268701453,1642.0017857521834,0.0,5917.947947015383,8496.462658674545,1722.7906862796133,0.0,0.0,0.0,858.8657669933197,0.0,0.0,0.0,0.0,0.0,1089.7376857269055,0.0,0.0,0.0,0.0,0.0,0.0,0.0,0.0,0.0
186,0.1784978608903652,0.0744376704518272,0.0072279179401993,0.0,0.1639516693208142,0.3709698755291069,1.4008928870475226,0.6298873438526557,356.32633816984105,48.0291366881177,4060.122670917396,1070.9159548648222,0.0,572.3812133165094,802.6607871175041,0.0,5707.499524107455,3147.848594087351,0.0,1904.379502407369,1539.293208498136,0.0,5017.865215675193,7360.54715476872,1499.647939824482,0.0,0.0,0.0,539.79351153885,0.0,0.0,0.0,0.0,0.0,684.1200369591434,0.0,0.0,0.0,0.0,0.0,0.0,0.0,0.0,0.0
187,0.12599146441196,0.04583694330897,0.0051151419269102,0.0,0.1427676472823916,0.3187342954285714,1.3247840204203676,0.4517474516110858,1396.638594801827,601.182474588538,4876.154868591199,1593.8396077790833,0.0,762.380497241545,696.5624792704367,0.0,6065.715175608578,2976.6660020311265,0.0,933.6338165932088,1054.415358218228,0.0,2559.24925859055,4103.548624563701,727.8246334826118,0.0,0.0,0.0,558.8164061153763,0.0,0.0,0.0,0.0,0.0,697.5691403478523,0.0,0.0,0.0,0.0,0.0,0.0,0.0,0.0,0.0
188,0.0679580788305647,0.0143939999686757,0.0027799684385381,0.0,0.1208486110536306,0.2609103782626953,1.1948566165970558,0.306991929376594,1485.3455096652556,673.1650291693848,5107.846695825528,1742.9318201159674,0.0,693.528182432191,650.5461645324995,0.0,6235.9732522061,3081.4865018640403,0.0,720.9633453646053,960.5399974518416,0.0,2341.77591732856,3712.5660682402254,619.9379871966249,0.0,0.0,0.0,797.3831301710127,0.0,0.0,0.0,0.0,0.0,987.1471297143912,0.0,0.0,0.0,0.0,0.0,0.0,0.0,0.0,0.0
189,0.0135958166073086,8.566421260540019e-07,0.0005293059906976,0.0,0.100553229364784,0.1982554054684384,1.01887087050897,0.2193424915742106,1031.592760004457,506.2617712300236,5208.90002179545,1934.82269527575,0.0,488.1657952998206,561.8988639712506,0.0,6421.534635471308,3464.255638127063,0.0,786.445283546128,974.2588032950916,0.0,2820.5700589581534,4132.722715023503,700.8662279282652,0.0,0.0,0.0,923.0430944697564,0.0,0.0,0.0,0.0,0.0,1185.4343844781863,0.0,0.0,0.0,0.0,0.0,0.0,0.0,0.0,0.0
190,0.0198229953312954,-1.9184653865522663e-16,-3.9079850466805446e-17,0.0,0.0797126090830564,0.1525422304728237,0.905613671359734,0.1673845766910213,831.2928059296114,286.0786760868596,5331.381633430355,2120.3742897837424,0.0,388.9954593672288,528.0164620621043,0.0,6628.226839659676,3741.348079965565,0.0,802.4420609898361,923.8503613283516,0.0,3024.3832281071427,4227.169696005526,696.2726641063651,0.0,0.0,0.0,757.8675963521334,0.0,0.0,0.0,0.0,0.0,1068.8099499331977,0.0,0.0,0.0,0.0,0.0,0.0,0.0,0.0,0.0
191,0.0602664209700993,-1.9184653865522663e-16,-3.9079850466805446e-17,0.0,0.0600847963654484,0.1226657984651163,0.8750893415925686,0.1228638969568022,764.2581738603101,9.21364133730621,5700.425874772587,2418.291573252563,0.0,333.9213641337306,495.4940814591182,0.0,7044.089065046007,4090.594983586889,0.0,795.9324972644816,880.5727173253875,0.0,3095.325676595829,4157.270010942074,625.8879647414777,0.0,0.0,0.0,645.7288747302019,0.0,0.0,0.0,0.0,0.0,980.236679945462,0.0,0.0,0.0,0.0,0.0,0.0,0.0,0.0,0.0
192,0.101470842639046,-1.9184653865522663e-16,-3.9079850466805446e-17,0.0,0.0418378587766268,0.0961871986890759,0.930760502080123,0.0781214496314163,784.6182187417584,0.0,5790.323122776072,2459.4469722341123,0.0,341.6041252059098,523.922131539922,0.0,7116.162269413856,4138.051097440022,0.0,812.9043376136559,906.111171973834,0.0,3096.3958747940906,4137.0,615.4469722341123,0.0,0.0,0.0,593.2142351410128,0.0,0.0,0.0,0.0,0.0,914.6419973972178,0.0,0.0,0.0,0.0,0.0,0.0,0.0,0.0,0.0
193,0.1523363721919788,-1.9184653865522663e-16,8.40168239202267e-05,0.0,0.0284529034242998,0.0765042313284294,1.048321597271474,0.0325046706513918,797.4223211600312,0.0,5850.218533577204,2478.677185514343,0.0,361.2348206344268,548.8114524915353,0.0,7171.199536840179,4176.82992573713,0.0,839.9984295257094,922.2875306914092,0.0,3076.7651793655727,4137.0,634.6771855143433,0.0,0.0,0.0,592.0,0.0,0.0,0.0,0.0,0.0,894.0,0.0,0.0,0.0,0.0,0.0,0.0,0.0,0.0,0.0
194,0.2378125030365446,-1.918465386552266e-16,0.0033211356279069,0.0,0.0244256739161767,0.0508907358469206,1.2036491125415254,0.0122212164640858,782.516989370544,0.0,5614.10383072408,2374.878176032681,0.0,375.86106142756825,567.8462744247494,0.0,6830.018406926615,3965.845616528489,0.0,834.3028619405903,930.3863337609096,0.0,2910.7806256750914,3905.141991465078,630.4391151180025,0.0,0.0,0.0,553.9047284661411,0.0,0.0,0.0,0.0,0.0,875.0236218140658,0.0,0.0,0.0,0.0,0.0,0.0,0.0,0.0,0.0
195,0.3306066139734214,-1.9184653865522663e-16,0.0077493164651162,0.0,0.0468677967906975,0.0361346475348837,1.3711974172053727,0.0129795696777327,551.9198457681479,0.0,3898.478905913164,1649.598422125343,0.0,265.124437073512,403.5899192334819,0.0,4732.366141025722,2740.6028252597903,0.0,581.9646778963136,659.3077718743558,0.0,2016.375802013584,2701.6474247801616,442.0215499557326,0.0,0.0,0.0,618.0883472965354,0.0,0.0,0.0,0.0,0.0,1050.4081365510256,0.0,0.0,0.0,0.0,0.0,0.0,41.688948179923166,0.0,0.0
196,0.4042525964822014,0.0010186913824664,0.0120391166511627,0.0,0.0710413685117633,0.0293359752126923,1.494070675471419,0.0307220174661251,547.6128133818867,0.0,3852.9275776060313,1630.291135934115,0.0,262.45336723875664,400.53022448258383,0.0,4675.907489410958,2706.7863681760214,0.0,575.3486614528116,653.3355858416688,0.0,1990.1628320759648,2668.1348754667115,437.7215304559818,0.0,0.0,0.0,664.6685207094531,0.0,0.0,0.0,0.0,0.0,1107.1684054719872,0.0,0.0,0.0,0.0,0.0,0.0,56.83437559219254,0.0,0.0
197,0.4648249054427052,0.0103163524254905,0.0168363125581395,0.0,0.1138988525566896,0.0310724466904258,1.5626954775729354,0.1053091581847094,586.0997484316539,0.0,3497.2727433457453,1478.405462235991,0.0,255.9186265627809,432.4288011393888,0.0,4195.748030353873,2382.210761951878,0.0,529.923496351997,665.024643643797,0.0,1696.008476394131,2340.837475387228,433.2965729579265,0.0,0.0,0.0,3070.996202383033,58.0813363268257,0.0,2.13865385699552,0.0,0.0,4097.649485735604,309.3714176750911,0.0,4.502429172622147,0.0,0.0,111.44511164245232,983.8874293404564,0.0,0.0
198,0.5424827824946294,0.0488738277626514,0.0215824202595997,0.0,0.1799549761993355,0.0540174733452832,1.5990773831760752,0.2517919658239894,902.0172629127674,0.0,4876.516205140078,2060.117456501013,0.0,373.683316453896,668.4911444937917,0.0,5804.296456292086,3250.6043658978974,0.0,746.1710353030444,995.9207139152626,0.0,2259.868548901796,3186.908530490582,638.4653667846737,0.0,7.906308238967499,0.0,5467.909726449178,872.3168905953859,0.0,105.94496009605793,0.0,0.0,7026.901571290958,2025.5074762072743,0.0,196.6028780748489,0.0,0.0,899.2535750986345,2079.714172569887,0.0,0.0
199,0.6211612098831762,0.1150338584451826,0.0278928217522198,0.0,0.2488241358646936,0.0987293529133193,1.5934856966257884,0.4879591700411878,1142.8427560506343,0.0,6051.098362898855,2552.057514501932,0.0,464.3455831783904,841.1020837005375,0.0,7185.413232559008,3996.890788917479,0.0,914.4869879326734,1241.0478913930067,0.0,2736.785521011006,3887.119116553871,787.083059778378,0.0,8.683328003578863,0.0,4410.6415828375975,805.560763656558,0.0,110.7458806373498,0.0,0.0,5595.466834244733,1778.2996186736204,0.0,204.090658117274,0.0,0.0,800.4958218406531,1718.9513639102677,0.0,0.0
200,0.6555731620831885,0.1907972649568105,0.0320322378139534,0.0,0.317478474545382,0.1842731114710965,1.5093041712757442,0.8166100206187293,1082.2528657790726,0.0,6094.776477533215,2500.599791092777,0.0,421.2396642562491,747.092567340183,0.0,7232.672701938393,3879.279403122221,0.0,805.3191494491642,1090.3521196818483,0.0,2498.8782914373564,3566.1043363563363,654.3322539793487,0.0,6.243350490342404,0.7414082970086879,3166.293381827734,578.2781959721673,0.0,79.5051465372443,0.0,0.0,4016.9007472707904,1276.594490913745,0.0,146.5235920938038,0.0337003771367585,0.0,574.6747443958021,1233.9915116502698,0.0,0.0
201,0.6443802101661121,0.2579019964385379,0.0339856289700996,0.0,0.3620614420465114,0.2869113047135906,1.3686002135699584,1.2213414590329823,0.0,0.0,1399.939094721187,0.0,0.0,0.0,0.0,0.0,1654.0616273561984,0.0,0.0,0.0,0.0,0.0,0.0,0.0,0.0,0.0,214.90016539420748,693.187496998701,2136.4972918073618,496.9374759458335,0.0,115.89636486062189,0.0,0.0,2518.2649293925856,808.6581637587407,0.0,83.11972611026825,29.28160980450522,0.0,240.72781693496896,557.0534025964588,0.0,0.0
202,0.6327309916591747,0.3249719389470388,0.0359600243322258,0.0,0.4059690993722881,0.4432962625186636,1.18484714627946,1.7381832406878943,0.0,0.0,913.3139180292663,0.0,0.0,0.0,0.0,0.0,1042.922843826442,0.0,0.0,0.0,0.0,0.0,0.0,0.0,0.0,0.0,1482.1617134298303,1530.4944343210236,9544.569753168162,2521.413388695763,0.0,681.7718283114757,0.0,0.0,10791.181434954966,3609.497082911224,0.0,407.341744501466,70.15297174983353,0.0,839.8837268198259,1937.779177617157,0.0,0.0
203,0.6118209256373991,0.3994077439734214,0.0381531105448503,0.0,0.4461428524292833,0.6773311025239684,0.9132707452361176,2.4316445120616907,0.0,0.0,697.9750423419699,0.0,0.0,0.0,0.0,0.0,827.673715657757,0.0,0.0,0.0,0.0,0.0,0.0,0.0,0.0,0.0,1311.5874353142208,1321.906258235217,9362.555549023413,2477.5189805236187,0.0,646.7612109525795,0.0,0.0,10750.774366061782,3838.497991152971,0.0,564.756752209444,95.05549727108964,0.0,1187.6605687768315,2358.565468569045,0.0,0.0
204,0.5467131234418603,0.4455289251949908,0.0375527957648861,0.0,0.452069206193714,0.8778619289425004,0.6626451888975207,3.1067375344461965,0.0,0.0,666.1913124386872,0.0,0.0,0.0,0.0,0.0,795.3274418623809,0.0,0.0,0.0,0.0,0.0,0.0,0.0,0.0,0.0,1252.1968639064496,1249.2959053632487,9299.184979579082,2462.2459138532804,0.0,634.5540084941506,0.0,0.0,10736.724832356746,3918.21046066262,0.0,619.5625908966531,103.7468004039342,0.0,1308.748141549957,2505.051898070192,0.0,0.0
205,0.4481289641898434,0.4646949350317989,0.0331709952558138,0.0,0.4333266537009978,1.0715606135054594,0.3982496297142855,3.899681713964872,0.0,0.0,468.93600003050585,0.0,0.0,0.0,0.0,0.0,559.3135762602882,0.0,0.0,0.0,0.0,0.0,0.0,0.0,0.0,0.0,866.8037493437614,778.14243946682,8888.053535843374,2363.097419665841,0.0,555.3171691745974,0.0,0.0,10645.571863749165,4435.411448825159,0.0,975.1225538208458,160.08760958467374,0.0,2094.376984632525,3455.5212555109288,0.0,0.0
206,0.3603291427222733,0.4775013642818977,0.0280970380465114,0.0,0.4107022759810568,1.2466220749693944,0.1833891682584292,4.833508490017102,0.0,0.0,402.2961749095397,0.0,0.0,0.0,0.0,0.0,479.1177836290327,0.0,0.0,0.0,0.0,0.0,0.0,0.0,0.0,0.0,659.3013981245862,524.4445452060339,8666.62126730421,2309.6647558009404,0.0,512.6828478165154,0.0,0.0,10596.51892905215,4713.894528974307,0.0,1166.6291512140783,190.42724341197808,0.0,2517.430918891868,3967.404923993904,0.0,0.0
207,0.3035427389829978,0.4812147090029319,0.0235766034418603,0.0,0.3749174212319725,1.3620782944631618,0.0716928059284736,5.518915154044944,0.0,0.0,296.6991649714462,0.0,0.0,0.0,0.0,0.0,358.9880607711077,0.0,0.0,0.0,0.0,0.0,0.0,0.0,0.0,0.0,437.4372977410197,281.93247259913505,6999.124585607596,1873.4127648466897,0.0,408.68814454740215,59.7802983798558,0.0,8682.130397116223,4028.341949783686,0.0,1077.6347593265743,184.05921740800983,0.0,2310.1864512440425,3559.604799940265,0.0,0.0
208,0.2305880305495501,0.4573795734695731,0.0191761670412446,0.0,0.3173400219716392,1.4012308013227448,0.0086957010955347,5.988002876211644,0.0,0.0,239.40171954622255,0.0,0.0,0.0,0.0,0.0,289.0897569044172,0.0,0.0,0.0,0.0,0.0,0.0,0.0,0.0,0.0,595.9465140053234,316.9843686149752,7031.115597755721,1917.247640247943,0.0,504.9218382662546,138.9247310071686,0.0,8645.10079185334,3889.0431879530697,0.0,1089.5059829185354,251.1748380858021,0.0,2177.4183533248333,3446.8654786555344,0.0,0.0
209,0.1514994577002972,0.3999727982990034,0.012901958161217,0.0,0.2476273197943692,1.3614130800944249,3.949397656886678e-05,6.269689473895428,0.0,0.0,216.00868425867017,0.0,0.0,0.0,0.0,0.0,270.53500004814384,0.0,0.0,0.0,0.0,0.0,0.0,0.0,0.0,0.0,759.8616142645006,379.4288388832724,7687.932579446037,2120.628677821265,0.0,612.6068274392953,166.84031760786206,0.0,9391.877827361768,4139.282501639599,0.0,1197.3800093812383,317.569576308204,0.0,2274.7308746306494,3680.273801242548,0.0,0.0
210,0.0990846647043189,0.3331785995880401,0.0087587538936876,0.0,0.1842187384916945,1.2875773435581417,-4.636291350834663e-16,6.406276875016605,0.0,0.0,58.83615000680186,0.0,0.0,0.0,0.0,0.0,168.83615000680186,0.0,0.0,0.0,0.0,0.0,0.0,0.0,0.0,0.0,1008.9507714246848,547.5652702136409,8518.40191073615,2385.3443547693546,0.0,739.5082047625525,211.86872379915903,0.0,10262.23806074295,4388.229733351472,0.0,1349.401665478296,408.43423927065305,0.0,2321.631153571914,3969.86872379916,0.0,0.0
211,0.0678345246777408,0.2603014180863786,0.0066373290897009,0.0,0.134671555495017,1.1796160905549693,-4.636291350834663e-16,6.418607800528287,0.0,0.0,36.09538435272648,0.0,0.0,0.0,0.0,0.0,148.9108832612838,0.0,0.0,0.0,0.0,0.0,0.0,0.0,0.0,0.0,1026.1981112515812,615.1975893363447,8420.435661251091,2345.522073640877,0.0,740.4420088705153,243.75480259166247,0.0,10120.42720814862,4309.548333429965,0.0,1360.9942111101022,467.43407194825966,0.0,2332.0712864231627,4026.9563620044887,0.0,0.0
212,0.0307188571694349,0.1749454019358492,0.0041168243720929,0.0,0.0880287695369376,0.980721945829055,-4.636291350834663e-16,6.276856808656231,0.0,0.0,0.0,0.0,0.0,0.0,0.0,0.0,136.43205293994808,0.0,0.0,0.0,0.0,0.0,0.0,0.0,0.0,0.0,909.9152380069298,609.2997774028343,6740.602963967028,1813.3172302501064,0.0,627.8168387037779,252.2519252062554,0.0,7985.292666940667,3331.017879289954,0.0,1195.647947372067,508.6664837336584,0.0,1976.854655729025,3488.119474647124,3.768808399813413,0.0
213,0.0040994118566017,0.1067395628098585,0.0020584121860464,0.0,0.0988330739689406,0.7769980274616403,-4.636291350834663e-16,6.097379684542679,0.0,0.0,0.0,0.0,0.0,0.0,0.0,0.0,152.1357360058059,0.0,0.0,0.0,0.0,0.0,0.0,0.0,0.0,0.0,694.1380179542964,501.890462389668,4925.942598156981,1329.48096197752,0.0,461.32802161048033,196.558367590755,0.0,5799.305604041087,2400.4439039114955,0.0,861.7007784841263,386.6102469212101,0.0,1389.1743830151472,2508.38619212773,18.79056353798053,0.0
214,-2.8599345114344023e-16,0.0671207276260464,0.0003175835944185,0.0,0.141647011116279,0.6111395633158813,0.0005202124050493,5.874353053707101,0.0,0.0,0.0,0.0,0.0,0.0,0.0,0.0,180.1693384236902,0.0,0.0,0.0,0.0,0.0,0.0,0.0,0.0,0.0,1119.7052422808536,969.5930176659166,7020.918095159922,1915.4194444726277,0.0,668.4850156906726,334.8600071161001,0.0,8104.521083881761,3271.592584776649,0.0,1173.219886817412,617.3270557073462,0.0,1729.6229781112652,3390.556812290874,62.1077553189736,0.0
215,-2.859934511434401e-16,0.0510492811694351,-3.9079850466805446e-17,0.0,0.1904249551096344,0.4742604424635608,0.0290574831865408,5.568047918039996,0.0,0.0,0.0,0.0,0.0,0.0,0.0,0.0,168.65404886404744,0.0,0.0,0.0,0.0,0.0,0.0,0.0,0.0,0.0,1393.3981849553552,1268.3475926076744,8369.313901603298,2295.172038412172,0.0,803.0871898213097,422.7582756821517,0.0,9585.453309511287,3830.947328644516,0.0,1370.3946865629805,765.2206980102902,0.0,1944.9055312665605,3947.866979226922,90.23406486458626,0.0
216,-2.859934511434401e-16,0.0407673252038442,-3.9079850466805446e-17,0.0001174794069767,0.2451553998830087,0.379675763337921,0.1496950197458467,5.094390506843363,0.0,0.0,307.80386345245194,0.0,0.0,0.0,0.0,0.0,445.44839612570905,0.0,0.0,0.0,0.0,0.0,0.0,0.0,0.0,0.0,1374.6281285345046,1221.4300926253727,8258.434965507366,2224.901630450345,0.0,795.0395156032988,401.8084000080651,0.0,9438.965788775997,3698.136696398822,0.0,1321.1786893038973,735.0592217882946,0.0,1872.638206814379,3836.0103085646047,75.3060776722339,0.0
217,-2.859934511434401e-16,0.0613924503730421,-3.9079850466805446e-17,0.0169520416146179,0.3017336558471755,0.3382645592007596,0.3185621629207398,4.585837191365905,0.0,0.0,1592.0407612439376,0.0,0.0,0.0,0.0,0.0,1638.89241127454,0.0,0.0,0.0,0.0,0.0,0.0,0.0,0.0,0.0,1224.7285753787287,925.4536950055744,7313.938090600391,1525.0446649462403,0.0,672.4565375555519,275.2487320254875,0.0,8313.60961645336,2650.023328668386,0.0,1054.9385510174802,508.88360092567297,0.0,1436.034970131882,3347.198464089374,0.0,0.0
218,-2.859934511434401e-16,0.1112084264208567,-3.9079850466805446e-17,0.0584238167043189,0.354119185650092,0.3810750021521488,0.5169569136735169,4.034802563815511,403.8937706893439,340.5280647373965,1130.9732632941484,576.7817615818867,0.0,0.0,0.0,0.0,1171.530560637999,683.361961256669,0.0,0.0,0.0,0.0,389.9742437415441,822.0298420627093,0.0,0.0,926.9221905234295,396.8165212229638,5559.987797092211,272.6398939649448,0.0,416.310617300441,59.62290118574266,0.0,6241.22084248964,781.7533678658456,0.0,576.3963060238439,112.55023327689204,0.0,653.9965975832793,2492.291041374805,0.0,0.0
219,-2.859934511434401e-16,0.1685789510270725,0.0030050473016186,0.1071747102246412,0.3747584451292842,0.4851350305548887,0.8975454733682047,3.5256099344969014,1615.862785242318,1376.589299781098,2616.662370824152,1175.0779447253367,0.0,7.313587057366032,0.0,0.0,2784.1738390498845,1305.589254616677,0.0,0.0,20.20661166365048,0.0,703.7867283015319,1637.80714435492,0.0,0.0,296.3794787651861,52.540787135527815,3865.084481792938,0.0,0.0,67.23869221845683,2.3651801282874265,0.0,4251.506401183528,69.9417552222139,0.0,109.20588436999934,4.899301694309669,0.0,90.21472775039184,1067.8581029202276,0.0,0.0
220,-2.859934511434401e-16,0.2260999811960128,0.0145291446777408,0.1596196100332224,0.3820343826976731,0.6178872412250327,1.3778947395918362,3.1765592318776648,2618.7083690986587,2237.518848636212,4263.249300982889,1378.9922317444705,0.0,224.96918811668093,208.82891171601267,0.0,4563.942420877805,1453.2825976412298,0.0,23.04643231049452,325.7625303369195,0.0,743.2616446342071,1888.4251570456584,63.90536252860717,0.0,0.0,0.0,2869.3690422264804,0.0,0.0,0.0,0.0,0.0,3243.331226969343,0.0,0.0,0.0,0.0,0.0,0.0,235.9795918367347,0.0,0.0
221,-2.859934511434401e-16,0.286581386392026,0.0271745003720929,0.2155669896677737,0.38969409072144,0.7418946283102481,1.9142970698456412,2.8133667575949186,2021.3167006168549,1728.1511571444896,3294.326284788433,980.4926663674748,0.0,359.40085279597054,392.19240757924695,0.0,3531.071935138382,1015.9020186625094,0.0,43.278891491440376,437.4566175753161,0.0,510.2409199200907,1335.3101238969816,120.01768418434106,0.0,0.0,0.0,2112.584206057018,0.0,0.0,0.0,0.0,0.0,2579.7059881101354,0.0,0.0,0.0,0.0,0.0,0.0,0.0,0.0,0.0
222,-2.859934511434401e-16,0.3428429661983856,0.0389434452757474,0.2676368281395347,0.4002788988096807,0.8406529833289036,2.377052854883719,2.4834707919582124,750.9477935603943,659.9802623775543,1265.5237700223938,358.63010030566704,0.0,150.87978384400245,174.77940728496546,0.0,1380.6600634058193,394.40286675486834,0.0,66.67947250270375,213.87257969231143,0.0,266.0922728881068,623.4855628649168,79.36108000684705,0.0,0.0,0.0,1851.851421076536,0.0,0.0,0.0,0.0,0.0,2278.475456593935,0.0,0.0,0.0,0.0,0.0,0.0,0.0,0.0,0.0
223,-2.859934511434401e-16,0.3725718351216367,0.0519644055946843,0.3077060643137929,0.3831522156459106,0.9126579655093772,2.867937135393845,2.060590618470883,990.5646553867432,1112.96429513061,2227.172416325314,396.7461720087528,0.0,431.1557224710476,619.6469835931043,0.0,2742.809644570616,746.4008507237626,0.0,765.3184533038201,971.0710823516748,0.0,1376.9903982933538,2531.0606601308245,570.7038852971302,0.0,0.0,0.0,1562.422127039369,0.0,0.0,0.0,0.0,0.0,1977.2613400778057,0.0,0.0,0.0,0.0,0.0,0.0,0.0,0.0,0.0
224,-2.859934511434401e-16,0.3707958969568096,0.0656113736212624,0.3236855221794024,0.3526721501262453,0.9451233209785812,3.4631418661505595,1.6087722306501493,1845.6310041832148,2207.453901044933,4030.155225570289,690.304078386883,0.0,748.3028586382036,1054.8473042794565,0.0,4902.676650096088,1272.7994278763315,0.0,1310.9434144496222,1733.9697571973793,0.0,2443.0559844244985,4566.9912718024425,1024.6655940571245,0.0,0.0,0.0,1333.469554489163,0.0,0.0,0.0,0.0,0.0,1717.0820336848992,0.0,0.0,0.0,0.0,0.0,0.0,0.0,0.0,0.0
225,-2.859934511434401e-16,0.3686567627242513,0.0747727606198945,0.3326295669251519,0.3251459322657804,0.9402690197201474,3.94825530677272,1.2057277496540697,1845.347329310776,2440.936074342107,4015.2917204623855,683.034005362895,0.0,703.1261802581232,957.4714778615748,0.0,4856.265469281252,1206.2968418302717,0.0,1242.0463519359234,1698.4348949891753,0.0,2412.2308291606832,4574.322369298238,1020.9136533602638,0.0,0.0,0.0,1021.2624757820424,0.0,0.0,0.0,0.0,0.0,1307.969945029167,0.0,0.0,0.0,0.0,0.0,0.0,0.0,0.0,0.0
226,-2.859934511434401e-16,0.3663793601624874,0.075371328,0.3334560161017824,0.2954845863225609,0.8806325612183621,4.306673396367564,0.8229902619712832,1721.2377546467374,2378.573405830676,4046.314251911252,728.3146611879637,0.0,708.199336797962,949.226280228986,0.0,4938.998415115969,1355.6698929743982,0.0,1391.5777867285185,1754.925093893551,0.0,2597.8486029030714,4808.365390628774,1085.0923463060738,0.0,0.0,0.0,496.4107047780548,0.0,0.0,0.0,0.0,0.0,635.9358576952387,0.0,0.0,0.0,0.0,0.0,0.0,0.0,0.0,0.0
227,-2.859934511434401e-16,0.339003530705267,0.075371328,0.3199994899534886,0.2648317370232558,0.8027376654988136,4.569547870692932,0.5890162414741119,1828.029477869986,2498.8243980865877,4091.8974601083,777.6820319133598,0.0,731.4634689891433,984.340232274361,0.0,4950.8291001805,1401.2511755234784,0.0,1388.0580115162584,1710.3314512274574,0.0,2509.867982238314,4774.081843068617,1067.500783682319,0.0,0.0,0.0,287.18613916969724,0.0,0.0,0.0,0.0,0.0,368.87412897114655,0.0,0.0,0.0,0.0,0.0,0.0,0.0,0.0,0.0
228,-2.859934511434401e-16,0.2789753927441853,0.075371328,0.2811820699136212,0.225737630562368,0.6922302624717602,4.829352260553307,0.4706451596875645,2055.252395034747,2756.947634370116,4096.04110643553,759.051208409658,0.0,840.7773133617685,1009.330936445822,0.0,4957.28007245742,1331.2200631919477,0.0,1323.5548693939309,1615.9364285640538,0.0,2287.5688912895785,4641.962613031956,1024.4542149423444,0.0,0.0,0.0,326.18929174173,0.0,0.0,0.0,0.0,0.0,427.1949343179992,0.0,0.0,0.0,0.0,0.0,0.0,0.0,0.0,0.0
229,-2.859934511434401e-16,0.2081677433023251,0.0724243692598007,0.2284761334784051,0.1999702547401995,0.563434832659135,4.930204382390039,0.4184339577926684,2199.151941833604,2949.519555415514,3975.75423702416,673.3297173591828,0.0,829.5606583441316,951.3120388041276,0.0,4778.200565983147,1168.4897011845426,0.0,1213.7207697856386,1518.9483217276352,0.0,2026.5729216750624,4336.1465251889485,944.4273617937938,0.0,0.0,0.0,872.0781024137209,0.0,0.0,0.0,0.0,0.0,1150.171936822666,0.0,0.0,0.0,0.0,0.0,0.0,0.0,0.0,0.0
230,0.0007228393148476,0.1409464590697673,0.0594649663654484,0.1677556509966776,0.1913425506179402,0.4111467982762576,4.753849910430366,0.3361546548031962,1931.9226456568315,2582.909153230859,3271.920388872812,518.6836335855603,0.0,682.247177905342,771.7827011722712,0.0,3914.9874912991536,891.2442539758721,0.0,957.0848299319132,1228.409189513117,0.0,1552.7953468282888,3467.410697526492,749.099547434931,0.0,0.0,0.0,833.760402068521,0.0,0.0,0.0,0.0,0.0,1103.1517255915508,0.0,0.0,0.0,0.0,0.0,0.0,0.0,0.0,0.0
231,0.0026848317408635,0.0858544860199335,0.0479464245448504,0.1167936814285714,0.1843708016212624,0.2997598782558139,4.54679350346811,0.2644275707969862,1855.3092586415405,2468.217247663413,3119.4653067217205,494.4782231506608,0.0,639.3381035297693,743.198681182248,0.0,3734.691115753304,847.4371829331589,0.0,908.9120957739876,1179.581533460493,0.0,1468.8369092527173,3295.376680623296,713.5495024167593,0.0,0.0,0.0,820.5261322964816,0.0,0.0,0.0,0.0,0.0,1087.908163147029,0.0,0.0,0.0,0.0,0.0,0.0,0.0,0.0,0.0
232,0.0047803101727571,0.0288303466523492,0.0359270765581394,0.063697460958709,0.1675267375109159,0.1993988697351683,4.424100740780018,0.1941032652009729,2053.1366024437266,2648.2114451958582,3509.4191231330037,594.7990753244333,0.0,636.5087309760296,903.5706752985018,0.0,4236.241176440417,1013.4889851996973,0.0,1041.7030030681117,1413.4780817460282,0.0,1691.918087501345,3739.840255207037,828.5914876396538,0.0,0.0,0.0,756.5627964603137,0.0,0.0,0.0,0.0,0.0,1017.6627139698088,0.0,0.0,0.0,0.0,0.0,0.0,0.0,0.0,0.0
233,0.0071158955083053,2.89746601523017e-05,0.0225305116146179,0.0239940065170998,0.1358239523462963,0.1136569968075041,4.343178406468633,0.1206918149501427,2211.30876180774,2632.2306297507057,3824.496254466034,720.2934088179563,0.0,606.0487117630898,1080.6338747559537,0.0,4650.017087373848,1203.3390496278078,0.0,1164.394852983412,1656.8394214771197,0.0,1909.220872550973,4120.0113822826015,944.70822943725,0.0,0.0,0.0,711.8595345065132,0.0,0.0,0.0,0.0,0.0,981.1821889908867,0.0,0.0,0.0,0.0,0.0,0.0,0.0,0.0,0.0
234,0.0147907799565083,-1.3145040611561868e-16,0.0106363651694352,0.0105844724252491,0.110469580836605,0.0571944528837208,4.212802567149804,0.0592961839045375,1653.2570724306545,1759.8059753812113,2851.2538211083647,591.6351470862766,0.0,423.32274011911176,867.4688381791465,0.0,3476.20917127156,964.9514220260736,0.0,890.6681233428382,1305.3066807991838,0.0,1469.7943506203103,3101.523695880461,734.2870996979595,0.0,0.0,0.0,611.3658725759018,0.0,0.0,0.0,0.0,0.0,967.917529047698,0.0,0.0,0.0,0.0,0.0,0.0,0.0,0.0,0.0
235,0.0395418592225911,-1.3145040611561868e-16,0.0009821182325581,0.0012529458848283,0.0894214944119601,0.0078899546489476,4.08343554018826,0.0079189059800433,1589.237007979622,1204.396746297919,2533.905606309244,603.9135283428166,0.0,426.0331046468413,935.1295671712656,0.0,3097.8318992575014,946.8696634242132,0.0,894.5721768470527,1338.6159598892143,0.0,1391.960554846356,2883.637034374964,725.9473556851785,0.0,0.0,0.0,517.1055842406698,0.0,0.0,0.0,0.0,0.0,966.5728131760092,0.0,0.0,0.0,0.0,0.0,0.0,0.0,0.0,0.0
236,0.0849710579869662,-1.3145040611561868e-16,-3.5527136788005e-17,3.375077994860477e-17,0.0700815628704319,-3.019806626980421e-16,3.9753869595088136,-2.3128166048991194e-14,2309.34145755828,1170.7684420447763,3435.951726448533,919.326675495941,0.0,641.7327913585036,1479.2206766339089,0.0,4211.641606647547,1398.7809282426929,0.0,1345.5303809677534,2044.8751827603896,0.0,1997.8126803740656,4074.00495020402,1078.7101800976284,0.0,0.0,0.0,473.9196784853979,0.0,0.0,0.0,0.0,0.0,957.8500070605052,0.0,0.0,0.0,0.0,0.0,0.0,0.0,0.0,0.0
237,0.1301614170697672,-1.3145040611561868e-16,-3.5527136788005e-17,3.375077994860477e-17,0.0514435456391516,-3.019806626980421e-16,3.7704795410148217,0.0017548966575286,2615.4682900269827,762.7942996239206,4225.982223451138,1260.558057280267,0.0,696.6694555469774,1617.9191890602983,0.0,5127.651837756138,1868.6964832457472,0.0,1383.5219371896103,2225.0128107781475,0.0,2249.767521402041,4445.802870382308,1158.1737749457473,0.0,0.0,0.0,519.1787860758963,0.0,0.0,0.0,0.0,0.0,1033.9556720264327,0.0,0.0,0.0,0.0,0.0,0.0,0.0,0.0,0.0
238,0.1717942244053157,0.0009492328595589,-3.5527136788004985e-17,3.375077994860477e-17,0.0483534793174267,-3.019806626980421e-16,3.458304811881005,0.0279688786934229,2142.268645318868,409.7306266202515,4308.911571564337,1282.7509516981374,0.0,504.0341975922827,1151.0748128349494,0.0,5181.126587774384,1924.886373852704,0.0,988.27457701443,1626.2696302934305,0.0,1904.3960525673465,3724.661795201593,816.4424340051069,0.0,0.0,0.0,1299.1276949879714,0.0,0.0,0.0,0.0,0.0,1914.2982829938317,0.0,0.0,0.0,0.0,0.0,0.0,347.451831132259,0.0,0.0
239,0.2112586563588043,0.015026656066445,-3.5527136788004985e-17,3.375077994860477e-17,0.0663354009568106,-3.019806626980421e-16,3.116162775929036,0.0764356637808491,1804.619190434292,110.79783236436336,4187.679970492797,1104.4222449830918,0.0,315.25811724714606,671.6294309231199,0.0,4949.018953782222,1599.4918454947583,0.0,536.7700489408193,994.5923328387792,0.0,1366.6083522493657,2788.2488048424234,399.7074629654911,0.0,0.0,0.0,1862.3065956386604,0.0,0.0,0.0,0.0,0.0,2436.902968081054,0.0,0.0,0.0,0.0,0.0,0.0,696.1412991281546,0.0,0.0
240,0.2499649217876132,0.0355156412292357,-3.5527136788004985e-17,3.375077994860477e-17,0.0850938925386805,-3.019806626980421e-16,2.769416502039867,0.1637278150322502,1341.4020528959431,16.15337492573172,2787.5274672565297,167.0511593495914,0.0,60.725645649644015,106.910470650859,0.0,3146.0499748814123,182.85776816258917,0.0,50.49523198295232,161.95215007878747,0.0,190.83912333935504,1059.7118886834253,8.02661748819727,0.0,0.0,0.0,1274.6190355420847,32.98803229105468,0.0,0.0,0.0,0.0,1667.842811034198,122.4555744137636,0.0,7.830492513533182,0.0,0.0,76.80546912210207,476.42851116317786,0.0,0.0
241,0.2698434326300569,0.0568003151362125,-3.5527136788004985e-17,3.375077994860477e-17,0.0994817338346685,-3.0198066269804206e-16,2.449461467355087,0.300243794649967,982.4175845617534,0.0,2186.8330171001185,0.0,0.0,0.0,0.0,0.0,2479.773769427845,0.0,0.0,0.0,0.0,0.0,0.0,656.6777152537998,0.0,0.0,0.0,0.0,1477.903738086771,475.80203932902265,0.0,0.0,0.0,0.0,1954.8698119388453,1588.7610475789809,0.0,291.99482644714385,0.0,0.0,1196.1727429979487,1041.713395872775,0.0,0.0
242,0.2693015144252493,0.0764936115548173,-3.5527136788004985e-17,3.375077994860477e-17,0.1491770876013286,-3.019806626980421e-16,2.101117872436042,0.4707345954219033,91.0493048346924,0.0,675.600009367692,0.0,0.0,0.0,0.0,0.0,966.6935555324724,0.0,0.0,0.0,0.0,0.0,0.0,60.860117341002486,0.0,0.0,17.040673258361167,0.0,6138.460022674329,1416.6956473482048,0.0,185.36819209177403,1.165497881241053,0.0,8213.729828842484,4065.096651079917,0.0,1680.8488387908776,303.34262476232306,0.0,4114.258095156013,5980.186785470352,248.42458450590303,0.0
243,0.2672715196943522,0.0949933748571429,-3.5527136788004985e-17,3.375077994860477e-17,0.2204626170498334,-3.019806626980421e-16,1.7360856680265733,0.699893109334196,0.0,0.0,291.92638697242904,0.0,0.0,0.0,0.0,0.0,454.7916404783933,0.0,0.0,0.0,0.0,0.0,0.0,0.0,0.0,0.0,4.87948013514751,0.0,6366.65149438251,1310.508158735667,0.0,225.82085194985467,7.431595670845443,0.0,8682.423479951995,4058.768750753096,0.0,2017.138426066504,620.9804477122765,0.0,4863.281733035469,7114.149805279622,649.18076545834,0.0
244,0.2593828812130992,0.1141217199119603,-3.5527136788004985e-17,3.375077994860477e-17,0.2940489258445651,-3.019806626980421e-16,1.325273025904125,0.970895048901021,0.0,0.0,70.46725468315393,0.0,0.0,0.0,0.0,0.0,109.9059089777359,0.0,0.0,0.0,0.0,0.0,0.0,0.0,0.0,0.0,0.0,0.0,5852.445212188878,1022.8492565809124,0.0,145.93539922012394,18.439784013808765,0.0,8202.458341715026,3847.10896522419,0.0,2225.0981552162325,706.1261690710534,0.0,5345.6162056144,7789.780127912998,918.7062341619484,0.0
245,0.2335733257325581,0.1254311291686048,-3.5527136788004985e-17,3.375077994860477e-17,0.3574692430714277,-3.019806626980421e-16,0.9245170119468388,1.2594352025257238,0.0,0.0,116.2070943311456,0.0,0.0,0.0,0.0,0.0,181.5517689455612,0.0,0.0,0.0,0.0,0.0,0.0,0.0,0.0,0.0,0.0,0.0,5101.199940752865,635.8527755591925,0.0,70.52300824859337,60.46523833883695,0.0,7560.621734369885,3649.128699672668,0.0,2440.08449421713,733.8818435897437,0.0,6074.732734860884,8685.272007419531,1356.4508616475723,0.0
246,0.1905573276372873,0.1407726595614619,-3.5527136788004985e-17,3.375077994860477e-17,0.4128224301926899,-3.0198066269804206e-16,0.5616482686808644,1.537784962060558,0.0,0.0,192.3170885286839,0.0,0.0,0.0,0.0,0.0,301.3950995602807,0.0,0.0,0.0,0.0,0.0,0.0,0.0,0.0,0.0,0.0,0.0,4698.943974643573,441.9875324460233,0.0,54.27114211400711,112.27643243401816,0.0,7240.122552673873,3450.578124744005,17.228261298595484,2570.738600974292,831.7251007523629,0.0,6292.027365913546,9112.221010535392,1608.777912093541,0.0
247,0.1457860752358802,0.1568923580332226,-3.5527136788005e-17,3.375077994860477e-17,0.4695589565374378,-3.019806626980421e-16,0.298859564488624,1.795415101470458,0.0,0.0,180.5594805861892,0.0,0.0,0.0,0.0,0.0,286.3131854077123,0.0,0.0,0.0,0.0,0.0,0.0,0.0,0.0,0.0,0.0,0.0,4368.141789624012,271.46555897393256,0.0,39.08787866626385,160.81445880693542,0.0,6893.554110590587,3108.8624802860863,60.06841740585009,2827.530706730364,1116.2813515160403,0.0,6133.331809821771,9404.651422283368,1816.913526827508,0.0
248,0.1006838672890365,0.1715725714232047,-3.5527136788005e-17,3.375077994860477e-17,0.4841083609281869,-3.019806626980421e-16,0.194968801642215,1.9895515282892668,0.0,0.0,136.42920616028093,0.0,0.0,0.0,0.0,0.0,228.15560758204035,0.0,0.0,0.0,0.0,0.0,0.0,0.0,0.0,0.0,0.0,0.0,4455.657764765991,283.3796970884846,0.0,35.91183378747827,222.05348933879085,0.0,6802.509706084195,2921.836688830463,68.31161893269353,2970.708502773441,1338.5638870949847,0.0,5645.002868350736,9148.10770796206,1757.3302428413522,0.0
249,0.0573163596478404,0.1712061066378739,-3.5527136788004985e-17,3.375077994860477e-17,0.4642411382790692,2.7799684382362253e-06,0.172645478197671,2.0783831532632635,0.0,0.0,104.6014565457563,0.0,0.0,0.0,0.0,0.0,195.9025614151038,0.0,0.0,0.0,0.0,0.0,0.0,0.0,0.0,0.0,0.0,0.0,4744.755660909201,364.7279174613707,0.0,342.35698034731394,480.345334885376,0.0,6818.198344001455,2501.364888281915,38.61366826606822,2848.6468044375,1544.0645877031914,0.0,4405.505905229501,7850.008849098147,1534.4973544233187,0.0
250,0.0219488782495224,0.167176182019934,-3.5527136788004985e-17,3.375077994860477e-17,0.4484860998122569,0.0045094812223083,0.1853317725236412,2.129480324445863,0.0,0.0,44.81527934863588,0.0,0.0,0.0,0.0,0.0,136.81527934863587,0.0,0.0,0.0,0.0,0.0,0.0,0.0,0.0,0.0,856.7285219338326,1039.025128569883,5166.278646829621,492.7549604436632,0.0,853.19145332658,862.3186886800339,0.0,6906.886026895252,1939.8959002843972,0.0,2527.118054398625,1709.1511584219827,0.0,2704.3722499335618,5869.8251117941045,1188.387865465519,0.0
251,0.0019134886042747,0.1572861460991668,-3.5527136788004985e-17,3.375077994860477e-17,0.437371878830063,0.0141024710033219,0.1846096574419824,2.23917374551342,0.0,0.0,27.23634602350796,0.0,0.0,0.0,0.0,0.0,120.31110034769932,0.0,0.0,0.0,0.0,0.0,0.0,0.0,0.0,0.0,991.8968345780936,1196.536282370428,5198.947670357851,502.4310520349421,0.0,868.7083377575647,867.7076478166875,0.0,6896.507188259906,1921.199655635267,0.0,2468.85118014449,1669.236918816726,0.0,2646.974699554793,5762.210928430642,1110.5040845354686,0.0
252,-2.788880237858393e-16,0.1374717044451827,-3.5527136788004985e-17,3.375077994860477e-17,0.3990458161071423,0.0250100890191026,0.1757518870041494,2.381603234210108,0.0,0.0,13.0216901593857,0.0,0.0,0.0,0.0,0.0,122.3215458935404,0.0,0.0,0.0,0.0,0.0,0.0,0.0,0.0,0.0,1120.12575483128,1348.7530200789251,5285.208216557712,554.5204088866291,0.0,880.4990019997413,853.4801450518453,0.0,6947.864608984185,1939.971489384149,0.0,2357.8244358965485,1591.789263249095,0.0,2546.692947197064,5556.44901441317,994.0154813232848,0.0
253,-2.788880237858393e-16,0.1179773302126243,-3.5527136788004985e-17,3.375077994860477e-17,0.3716541370500995,0.056360396456611,0.1711076916366742,2.46835369582084,0.0,0.0,1.4363522072626267,0.0,0.0,0.0,0.0,0.0,208.30391349485564,0.0,0.0,0.0,0.0,0.0,0.0,0.0,0.0,0.0,1282.9852215836283,1576.695106529215,5632.199920387519,822.0554570839486,0.0,865.3113669954488,734.6949149074698,0.0,7327.256323205431,2163.688656902441,0.0,2005.828750812141,1343.9341071388965,0.0,2252.3952797594234,4898.204825517208,722.3601589329884,0.0
254,-2.788880237858393e-16,0.1078679317419266,-3.5527136788004985e-17,3.375077994860477e-17,0.3534596842963458,0.1065362156611292,0.171950956966641,2.52988829308941,0.0,0.0,1.084106407059648,0.0,0.0,0.0,0.0,0.0,211.71416860732387,0.0,0.0,0.0,0.0,0.0,0.0,0.0,0.0,0.0,1390.0665884326966,1725.0309368366788,6014.901352858718,1125.3309643116752,0.0,828.9226403752365,599.3365574928888,0.0,7757.7400573489085,2452.2693614991567,0.0,1666.0475971691892,1104.5518354967974,0.0,2004.005206261586,4291.643562810652,475.3043746102108,0.0
255,-2.788880237858393e-16,0.119945982178677,-3.5527136788004985e-17,3.375077994860477e-17,0.3416981152012085,0.1597576462303833,0.1837122504985767,2.5769419332974697,0.0,0.0,0.8037748794156787,0.0,0.0,0.0,0.0,0.0,196.8626681805888,0.0,0.0,0.0,0.0,0.0,0.0,0.0,0.0,0.0,1151.8643673707245,1310.774593589245,6476.406665825326,1514.7198823077665,0.0,670.9367647214204,444.57233435376014,0.0,8280.003376430155,3043.497446965553,0.0,1582.4454864249876,1050.2937887021433,0.0,2219.208497863066,4383.698552618921,474.9864708645753,0.0
256,-2.788880237858393e-16,0.1267093140398671,-3.5527136788004985e-17,3.375077994860477e-17,0.3310674709634554,0.2045364867508305,0.2169283603141867,2.579756700148054,0.0,0.0,45.794771305265066,0.0,0.0,0.0,0.0,0.0,388.7034034771822,0.0,0.0,0.0,0.0,0.0,0.0,0.0,0.0,0.0,925.6788988819208,841.7301300584352,6914.180234187857,1795.1071882779988,0.0,538.1886944895244,361.0996356562234,0.0,8781.355767037328,3590.2748823798343,0.0,1508.5555564609351,1024.114224202002,0.0,2294.599180745967,4395.075129108865,448.6720513391508,0.0
257,-2.788880237858393e-16,0.1459697823885164,-3.5527136788004985e-17,3.375077994860477e-17,0.3199495554260643,0.2435837175149504,0.2789149833112229,2.483667350000854,0.0,0.0,151.34570649827987,0.0,0.0,0.0,0.0,0.0,564.2793908815753,0.0,0.0,0.0,0.0,0.0,0.0,0.0,0.0,0.0,848.0382992966939,700.5705012057784,6986.921686435574,1806.2885597086488,0.0,486.0480424516719,322.3157058779437,0.0,8854.773760813881,3638.4507634012,0.0,1427.1984196936055,948.818678322094,0.0,2243.423617231905,4283.977757071186,409.3320672444409,0.0
258,0.0002383429544283,0.213593006152824,-3.5527136788004985e-17,3.375077994860477e-17,0.3378362958628474,0.2857854956096036,0.3733416098298716,2.298891881331637,0.0,0.0,1146.4591436575895,0.0,0.0,0.0,0.0,0.0,1817.715800949972,0.0,0.0,0.0,0.0,0.0,0.0,0.0,0.0,0.0,492.66464899920265,218.2939616077261,6760.060475697707,1393.8394846241763,0.0,226.16119925754768,100.4318226408169,0.0,8461.41398983893,3002.7951802019866,0.0,805.4034871071044,337.2890920500736,0.0,1642.0640063171506,3229.2288095450363,127.54564803696032,0.0
259,0.0040451629634548,0.2856650264252491,-3.5527136788004985e-17,3.375077994860477e-17,0.3474756436712296,0.304840614469635,0.4883161921211924,2.1765337780879506,0.0,1.5030330031872237,2766.520092335036,65.9107805842101,0.0,0.0,0.0,0.0,3685.3711773870255,106.29783405874088,0.0,0.0,0.0,0.0,66.91280258633492,74.98464649234037,0.0,0.0,147.40879540452897,0.0,5437.846414996454,536.283472825592,0.0,48.21413683472529,0.0,0.0,6589.013672631708,1291.7087101352054,0.0,232.77152947256715,26.873453317715736,0.0,735.798082024389,1887.6760124816503,0.0,0.0
260,0.0088390640930229,0.3445630544833531,-3.5527136788004985e-17,3.375077994860477e-17,0.3464886766245846,0.3005049229414012,0.6289108446734956,2.0727934337744878,0.0,26.368161888504773,4681.30188962878,1426.8339507400085,0.0,0.2531774584728563,0.0,0.0,5852.799004728538,2355.2295679586905,0.0,34.8635576226346,0.3632140702584807,0.0,1549.607985616679,1734.283818208853,1.3207501793138934,0.0,0.0,0.0,3112.49397538866,0.0,0.0,0.0,0.0,0.0,3878.98660100948,65.66147178129418,0.0,0.0,0.0,0.0,97.68157221785124,510.7003360767325,0.0,0.0
261,0.0136823868837206,0.3968495431260502,-3.5527136788004985e-17,3.375077994860477e-17,0.3443091813687701,0.2911018209966775,0.7770785493124839,1.872195453080296,0.0,0.0,5474.284182462501,2482.1123295308776,0.0,12.810250466680662,0.0,0.0,7069.7888941424735,4570.000202174409,0.0,374.6893784061199,18.3778731372822,0.0,3663.067863756018,4124.230634077968,66.82719979487554,0.0,0.0,0.0,1835.9434598403209,0.0,0.0,0.0,0.0,0.0,2570.083042889604,0.0,0.0,0.0,0.0,0.0,0.0,0.0,0.0,0.0
262,0.018673974657807,0.4604253741926907,-3.5527136788004985e-17,3.375077994860477e-17,0.3324718368861123,0.2801059297164111,0.928662286721857,1.5911292598421003,0.0,0.0,5472.526928184075,2480.1689626172256,0.0,13.142681917099589,0.0,0.0,7068.174489474416,4568.728636571242,0.0,376.1864423228008,18.854786765047105,0.0,3667.247643355453,4130.205216996271,68.56139406477119,0.0,0.0,0.0,1834.2292645158768,0.0,0.0,0.0,0.0,0.0,2567.619907465076,0.0,0.0,0.0,0.0,0.0,0.0,0.0,0.0,0.0
263,0.0235172974485047,0.5098038085290696,-3.5527136788004985e-17,3.375077994860477e-17,0.2849770871985053,0.2489126596071419,1.11686714668106,1.2961696025107714,0.0,0.0,5284.6776661357135,2272.4243891081637,0.0,48.67937311170869,0.0,0.0,6895.595751573525,4432.7991566242745,0.0,536.221535388272,69.8365223830959,0.0,4114.063179910385,4768.883981946897,253.94555721504017,0.0,0.0,0.0,1650.9829747462536,0.0,0.0,0.0,0.0,0.0,2304.312441093724,0.0,0.0,0.0,0.0,0.0,0.0,0.0,0.0,0.0
264,0.0282406738676409,0.5070135432247174,-3.5527136788004985e-17,3.375077994860477e-17,0.2285504718936878,0.1996820440863782,1.3178586918115585,1.0061456494102077,0.0,0.0,4624.476727574533,1510.82249407828,0.0,151.4800540661599,0.0,0.0,6331.327690911247,4010.612341628572,0.0,1083.9193440657646,213.40801009129595,0.0,5785.888697537776,7081.135732514788,893.8390248857155,0.0,0.0,0.0,1056.3108551253508,0.0,0.0,0.0,0.0,0.0,1446.6217102507017,0.0,0.0,0.0,0.0,0.0,0.0,0.0,0.0,0.0
265,0.0297518399999997,0.4841345924252492,-3.5527136788004985e-17,3.375077994860477e-17,0.1690772685847176,0.1474635443254559,1.525595299191872,0.684977524911152,0.0,0.0,4494.6984604066765,1194.825256572111,0.0,120.89600074551836,0.0,0.0,6362.618410064565,4102.6802038780415,0.0,1185.1698107863513,90.26300827302816,0.0,6507.710096307917,7850.229461782241,1020.0735975087532,0.0,0.0,0.0,1006.4272382641416,0.0,0.0,0.0,0.0,0.0,1359.8494058496187,0.0,0.0,0.0,0.0,0.0,0.0,0.0,0.0,0.0
266,0.0297518399999997,0.4610143650761464,-3.5527136788004985e-17,3.375077994860477e-17,0.1106938129036546,0.0998523972621925,1.6749222036374705,0.3945229399351249,0.0,0.0,4981.652318445387,1600.8885208951842,0.0,200.94841324974587,0.0,0.0,6659.804639019803,4211.092251216284,0.0,998.121188447003,0.1311212781037883,0.0,5200.9430202115645,6310.713442010879,742.195360980197,0.0,0.0,0.0,896.8748209012116,0.0,0.0,0.0,0.0,0.0,1238.6803676734226,0.0,0.0,0.0,0.0,0.0,0.0,0.0,0.0,0.0
267,0.0297518399999997,0.4233578433823259,-3.5527136788004985e-17,3.375077994860477e-17,0.0551768135681063,0.0587434101129567,1.7788144922192646,0.2514010381857561,59.8,343.2,5705.989197136403,2122.0407621607296,0.0,346.69689995027954,0.0,0.0,7019.45785174846,4033.465512559688,0.0,603.9611211184689,0.0,0.0,3193.538417049002,4038.792854173221,321.1821482515407,0.0,0.0,0.0,844.6180672867281,0.0,0.0,0.0,0.0,0.0,1153.7052065456858,0.0,0.0,0.0,0.0,0.0,0.0,0.0,0.0,0.0
268,0.0295296896332223,0.3422676549169439,-3.5527136788004985e-17,3.375077994860477e-17,0.0092509442168771,0.0189449536257804,1.8476702990503624,0.2252208522139289,630.7064054667575,1265.1684144813737,5945.980277825915,1968.5846477487764,0.0,541.3738792493959,0.0,0.0,6943.755924739131,3266.264069681619,0.0,257.12095731794653,0.0,0.0,2178.1855768466585,3012.076320835273,192.68169567879747,0.0,0.0,0.0,791.7258348322997,0.0,0.0,0.0,0.0,0.0,1070.1978175129595,0.0,0.0,0.0,0.0,0.0,0.0,0.0,0.0,0.0
269,0.0258055203588037,0.2566446270099669,-3.5527136788004985e-17,3.375077994860477e-17,0.0001531577278406,0.0004356519428568,1.8739836105033851,0.210327058046487,1247.7387419603403,1906.595565800063,6043.530736854284,1752.858045885393,0.0,710.1300066745316,0.0,0.0,6828.406180725329,2744.9278008970264,0.0,146.349085957967,0.0,0.0,1732.4576644886142,2619.8708665881645,145.43532045102714,0.0,0.0,0.0,748.5687169177503,0.0,0.0,0.0,0.0,0.0,1003.3451027863074,0.0,0.0,0.0,0.0,0.0,0.0,0.0,0.0,0.0
270,0.0209621975681059,0.1815226896353819,0.0001444039161129,3.375077994860477e-17,1.1013412404281585e-16,-3.1974423109204443e-16,1.913326251009964,0.1878863291162544,1429.668710284963,2017.0354211287383,6125.324695546537,1739.5135909041337,0.0,764.0988355202913,0.8917657263335205,0.0,6840.903570280199,2680.109915391708,0.0,198.36092812982392,0.0,0.0,1687.9651152337772,2627.3706601841773,98.31457204648711,0.0,0.0,0.0,728.4330709875966,0.0,0.0,0.0,0.0,0.0,969.1322912471212,0.0,0.0,0.0,0.0,0.0,0.0,0.0,0.0,0.0
271,0.0312008258038419,0.1219932520265779,0.0018347791694351,3.375077994860477e-17,4.168609677896324e-05,-3.1974423109204443e-16,1.9433153866089805,0.1663615483056232,1660.9547711893465,2153.5562604211937,6231.996561215085,1724.5642120721998,0.0,831.5128134003971,29.627544855726416,0.0,6858.886826634673,2599.6259042722686,0.0,270.11357812593064,4.567387301757294,0.0,1638.789146709782,2647.685870999006,38.81879852248373,0.0,0.0,0.0,603.736892845351,0.0,0.0,0.0,0.0,0.0,947.1751246315688,0.0,0.0,0.0,0.0,0.0,0.0,0.0,0.0,0.0
272,0.0828356903457519,0.0575523480797341,0.0041452418272424,3.375077994860477e-17,0.0034434542392027,-3.1974423109204443e-16,1.9945051831281404,0.1430048712557894,1473.5754620929088,1904.7994647953888,6241.967794643062,1809.1678020065835,0.0,733.5288175664421,66.68360238613624,0.0,6917.378070676684,2732.0121537079235,0.0,410.8012373230601,163.36445094363583,0.0,1942.50194759962,3015.008678385009,160.06626649818145,0.0,0.0,0.0,459.81916807939695,0.0,0.0,0.0,0.0,0.0,819.711102269141,0.0,0.0,0.0,0.0,0.0,0.0,0.0,0.0,0.0
273,0.1582778119335544,0.006054695921238,0.0063424465116278,3.375077994860477e-17,0.00835720289701,-3.1974423109204443e-16,2.0075589642229925,0.1184539579359611,986.7774289446078,1376.0038521250112,6078.195748212857,1896.299900084467,0.0,502.35910967635823,103.10800399662132,0.0,6877.206163400017,2928.7807104756826,0.0,703.5569982324173,503.17377665066215,0.0,2621.7099445087574,3820.890854815506,480.6545870418776,0.0,0.0,0.0,277.8173645822092,0.0,0.0,0.0,0.0,0.0,495.2327739052488,0.0,0.0,0.0,0.0,0.0,0.0,0.0,0.0,0.0
274,0.2465228648870428,-1.0658141036401539e-16,0.0086302575747508,3.375077994860477e-17,0.0134735803654486,-3.1974423109204443e-16,1.9906392050651125,0.0848496200949919,890.8665206835773,1294.274286201384,5848.043662079424,1806.1783879349211,0.0,440.24029310274153,150.39201550755905,0.0,6634.389522429412,2801.138313806814,0.0,878.4308430965929,671.1796344739952,0.0,2855.4465931068407,4181.106813786319,651.6432241301569,0.0,0.0,0.0,186.36469637473772,0.0,0.0,0.0,0.0,0.0,375.02965722388046,0.0,0.0,0.0,0.0,0.0,0.0,0.0,0.0,0.0
275,0.339741796186046,-1.0658141036401539e-16,0.0109633718272424,3.375077994860477e-17,0.0186912722392027,-3.1974423109204443e-16,1.9064497536450555,0.0719002799999753,947.704138795522,1341.2874382599664,5745.902542500332,1767.571067473791,0.0,445.5710674737908,241.0894760237159,0.0,6482.791649732221,2665.2537895249197,0.0,940.720742428766,751.6288598494755,0.0,2814.3471957226666,4236.989170499914,722.9900534370316,0.0,0.0,0.0,263.47250747155283,0.0,0.0,0.0,0.0,0.0,669.9175232249398,0.0,0.0,0.0,0.0,0.0,0.0,0.0,0.0,0.0
276,0.4309507073421921,9.231260275262242e-05,0.013067543176317,3.375077994860477e-17,0.0237086298794495,-3.1974423109204443e-16,1.757924500286422,0.0735604359667527,843.1595548885012,828.1383945724874,5552.478183542948,1634.0596846363626,0.0,323.5739015020613,79.86059396994565,0.0,6277.168070305664,2236.8887828538204,0.0,652.1399366014166,455.4631874540887,0.0,2049.5628980607644,3435.3036944662986,449.1481517708409,0.0,0.0,0.0,817.5999440551017,0.0,0.0,0.0,0.0,0.0,1240.517448555678,0.0,0.0,0.0,0.0,0.0,0.0,124.4305112700218,0.0,0.0
277,0.5069949835828534,0.0103035926511626,0.0136362599999999,3.375077994860477e-17,0.0295978694264647,0.0002130555757228,1.5969554058941708,0.0864839492258079,868.426259159267,574.73783713943,5423.252204291059,1533.9438613324808,0.0,304.5309197673431,68.4924156484685,0.0,6128.517602173213,2012.4724392572748,0.0,547.9162089621537,352.22023496621614,0.0,1752.6498531501009,3090.0737704668186,291.5176021732138,0.0,0.0,0.0,1306.0213714746997,0.0,0.0,0.0,0.0,0.0,1871.1092902098176,0.0,0.0,0.0,0.0,0.0,0.0,697.6024067650357,0.0,0.0
278,0.5429038478911804,0.0300088326378736,0.0136362599999999,3.375077994860477e-17,0.0334938834418605,0.018853027160283,1.4297971749526692,0.1675337586171633,775.0461963648728,183.32065967972096,4284.153148052218,605.6042414061847,0.0,164.9876026031564,29.500869457216847,0.0,4696.302422455082,813.6387962360199,0.0,201.27801082395223,124.20837339464089,0.0,717.7123134181957,1647.6158154274206,86.4519089265895,0.0,0.0,0.0,2077.145091941189,0.0,0.0,0.0,0.0,0.0,2827.968449936242,0.0,0.0,24.657052877298028,0.0,0.0,46.19953065430578,1303.2208862963755,0.0,0.0
279,0.5546238840000002,0.0529024287229235,0.0136362599999999,3.375077994860477e-17,0.0358068171827244,0.0679828944949558,1.2538691918388387,0.322693644416768,438.2888217118757,0.0,2929.230655430318,7.036405252886474,0.0,18.06644591957338,0.0,0.0,3064.9052172912275,22.630600678202445,0.0,0.0,0.0,0.0,28.14562101154589,499.5559972074362,0.0,0.0,108.82164752531872,78.13632156320742,3943.99237783565,380.9116987394257,0.0,122.61592892277235,0.0,0.0,5189.051245610275,1034.689196474832,0.0,475.48198265399947,25.71740646729417,0.0,972.3097937111517,2605.67190365745,0.0,0.0
280,0.5546238840000002,0.0786755778936876,0.0134813230923587,3.375077994860477e-17,0.0427143839154819,0.1281919638737537,1.0371230312890376,0.5437972948568529,73.42886093315857,0.0,2002.655725365181,0.0,0.0,0.0,0.0,0.0,2012.6156581811224,0.0,0.0,0.0,0.0,0.0,0.0,83.69907963302752,0.0,0.0,482.9893567928505,623.0507584141246,6140.702959623982,1298.4011729714186,0.0,314.5824771098676,0.0,0.0,7828.50691948562,2840.365150557207,0.0,931.6753865011792,69.51839631509547,0.0,1931.322714621798,3629.639364086968,0.0,0.0
281,0.5384336632713645,0.1036438129435214,0.0117335260465116,3.375077994860477e-17,0.0698582540739381,0.1840009628571426,0.8516077939925077,0.8199664692502764,0.0,0.0,1606.795642035552,0.0,0.0,0.0,0.0,0.0,1619.4663197445088,0.0,0.0,0.0,0.0,0.0,0.0,0.0,0.0,0.0,741.0750772878921,1206.3374765573526,7112.786345491371,1684.4312972813864,0.0,310.6333440422095,0.0,0.0,8634.18091191269,3170.814692777283,0.0,861.5739927613849,72.77200833855834,0.0,1818.71638004703,3456.4902339859746,0.0,0.0
282,0.4840880617697864,0.1288523325565759,0.0095136697674418,3.375077994860477e-17,0.0968475108438539,0.2471447904623802,0.654863416638655,1.1579533803236026,0.0,0.0,1248.5230411538607,0.0,0.0,0.0,0.0,0.0,1307.9932152690787,0.0,0.0,0.0,0.0,0.0,0.0,0.0,0.0,0.0,879.8023351531116,1371.981314621892,8267.027349589176,2096.436056517342,0.0,307.846224960521,0.0,0.0,9726.779732814968,3829.5958424642354,0.0,808.7677900887574,86.31742689062769,0.0,1924.777557554291,3277.4219023546902,0.0,0.0
283,0.3991425143920263,0.1443858675161226,0.0072032071096345,3.375077994860477e-17,0.1221999831581005,0.3343118092061756,0.4481119673222589,1.5937000157295038,0.0,0.0,1057.1920160165,0.0,0.0,0.0,0.0,0.0,1109.0208245530062,0.0,0.0,0.0,0.0,0.0,0.0,0.0,0.0,0.0,713.4101237495835,843.3498193815047,8389.240150638901,2116.728854923881,0.0,287.96349130666096,0.0,0.0,10072.289692461847,4363.718459941337,0.0,990.4236134425526,104.27022488476162,0.0,2498.3114304738715,3793.491133987067,0.0,0.0
284,0.3042483947043187,0.1493226069368769,0.0048700928571428,3.375077994860477e-17,0.1495196282898032,0.4055356973076924,0.2474428681173009,2.0679383062708663,0.0,0.0,917.9427656387736,0.0,0.0,0.0,0.0,0.0,917.73815144249,0.0,0.0,0.0,0.0,0.0,0.0,0.0,0.0,0.0,534.0574587421376,546.4448394560815,8157.559858183487,1999.5550593007877,0.0,234.0779999010186,0.0,0.0,10020.540094754915,4578.52260816475,0.0,1170.3803827051702,122.6592052271086,0.0,2987.1690337321843,4328.6211632381855,0.0,0.0
285,0.2111968792823917,0.1538954553984676,0.0025822817940198,3.375077994860477e-17,0.200158551269103,0.4779680130628513,0.0993278730693602,2.6859396097674164,0.0,0.0,788.1381746134123,0.0,0.0,0.0,0.0,0.0,765.0101995640339,0.0,0.0,0.0,0.0,0.0,0.0,0.0,0.0,0.0,355.7029228864261,256.55099782016924,7920.023077563904,1880.382768208948,0.0,179.81034918588531,0.0,0.0,9960.792628493657,4785.115695536913,0.0,1349.0945883352126,140.90572566597956,0.0,3470.7441890024497,4860.321096681056,94.58588498969348,0.0
286,0.1236731766578072,0.1549480991405459,0.000520001825798,3.375077994860477e-17,0.249916781073523,0.5429220701860459,0.0433618850319216,3.297321155861308,0.0,0.0,736.843649124139,0.0,0.0,0.0,0.0,0.0,700.3530929912139,0.0,0.0,0.0,0.0,0.0,0.0,0.0,0.0,0.0,221.90370113394584,40.94924911309586,7696.479718136677,1779.5887532469185,0.0,138.5549499869131,0.0,0.0,9891.645052716463,4911.549040866975,0.0,1519.3984737588005,166.58877934054567,0.0,3893.13717951678,5342.223431400916,287.57893918736767,0.0
287,0.0471335144872646,0.1439984601949056,-3.5527136788004985e-17,3.3750779948604764e-17,0.2794914372558138,0.6106186870741962,0.0104493407906968,3.8959211395791553,0.0,0.0,687.0263135853226,0.0,0.0,0.0,0.0,0.0,637.5592383790159,0.0,0.0,0.0,0.0,0.0,0.0,0.0,0.0,0.0,215.2381983803799,63.43498274409109,7786.02761569794,1960.143564385872,0.0,216.12773166491215,0.0,0.0,9960.83481829586,4748.6445067353625,0.0,1471.5010045950205,237.80335292561864,0.0,3406.7390452715654,4950.526065065908,268.7242012307251,0.0
288,0.0084116507746963,0.1224331048106309,-3.5527136788004985e-17,3.375077994860477e-17,0.3087264090498335,0.6514119543697872,5.446468776716443e-06,4.449227421423258,0.0,0.0,632.5116431173341,0.0,0.0,0.0,0.0,0.0,569.7951870259994,0.0,0.0,0.0,0.0,0.0,0.0,0.0,0.0,0.0,403.9707782251394,371.1445782130576,8027.752471094661,2095.686892265451,0.0,304.4335206937306,0.9138083374501772,0.0,10051.582242727109,4585.472699045208,0.0,1399.5658408710533,272.96257749379845,0.0,2899.535301236217,4512.914210922454,208.5796803461256,0.0
289,-2.3625545964023367e-16,0.1014324077685048,-3.5527136788004985e-17,3.375077994860477e-17,0.3385721502059793,0.6442612028061128,-8.277822871605201e-16,5.009093239462299,0.0,0.0,569.6362499355521,0.0,0.0,0.0,0.0,0.0,500.3791526213197,0.0,0.0,0.0,0.0,0.0,0.0,0.0,0.0,0.0,721.3968130776062,830.1181539685945,8270.18420847535,2122.550819813319,0.0,414.9410212223388,21.487963559000992,0.0,10053.314833707102,4254.006075804549,0.0,1279.4828794861808,333.1931054380456,0.0,2380.688193719056,4025.947898401523,75.37539889792411,0.0
290,-2.3625545964023367e-16,0.0788559669568105,-3.5527136788004985e-17,3.375077994860477e-17,0.3627890779477921,0.6255187862078772,-8.277822871605201e-16,5.464400099288062,0.0,0.0,504.0447397753903,0.0,0.0,0.0,0.0,0.0,440.5133082210239,0.0,0.0,0.0,0.0,0.0,0.0,0.0,0.0,0.0,859.6347412592156,1030.8316998325183,8283.39661931463,2117.9605799670016,0.0,474.5495472876729,51.80412999116156,0.0,9949.08107325542,4044.600585338074,0.0,1249.8242939179609,338.1660669780567,0.0,2200.740589008698,3855.11200140612,14.629500815931102,0.0
291,-2.3625545964023367e-16,0.0520859005116279,-3.5527136788004985e-17,3.375077994860477e-17,0.342069968272425,0.5754052806578053,-8.277822871605203e-16,5.724688435058384,0.0,0.0,431.67851149328834,0.0,0.0,0.0,0.0,0.0,377.71027079742447,0.0,0.0,0.0,0.0,0.0,0.0,0.0,0.0,0.0,971.733855789026,1202.8373187236505,8241.656799516008,2105.0588808009497,0.0,536.1232541071901,81.99837493093061,0.0,9813.266773313337,3842.5765142777,0.0,1234.3747433729666,327.77392142911964,0.0,2075.072886688787,3716.9681655494414,0.0,0.0
292,-2.3625545964023367e-16,0.0238469124717606,-3.5527136788004985e-17,3.375077994860477e-17,0.3080481653920273,0.5036095068787353,-8.277822871605202e-16,5.91360018891277,0.0,0.0,376.2126933443617,0.0,0.0,0.0,0.0,0.0,329.1967033351704,0.0,0.0,0.0,0.0,0.0,0.0,0.0,0.0,0.0,1081.9152697174673,1372.0127408917915,8200.587712990948,2092.3567345132365,0.0,596.67787936017,111.67110388520734,0.0,9679.679301615824,3643.938523521046,0.0,1219.1749380854462,317.53853094102743,0.0,1951.4624448518696,3581.175831010961,0.0,0.0
293,-2.3625545964023367e-16,0.0104610760011309,-3.5527136788004985e-17,3.375077994860477e-17,0.2797348389368776,0.4215758300730882,-8.277822871605202e-16,6.0964743608982594,0.0,0.0,316.79781970264617,0.0,0.0,0.0,0.0,0.0,310.7788476484108,0.0,0.0,0.0,0.0,0.0,0.0,0.0,0.0,0.0,1187.640628428442,1534.2978849147155,8161.2133024462655,2080.175020756118,0.0,654.7603788917588,140.17035572645773,0.0,9551.54874796148,3453.3734868421475,0.0,1204.59947340623,307.7505681060066,0.0,1832.903694866594,3450.8676856004736,0.0,0.0
294,-2.3625545964023367e-16,0.005682667335548,-3.5527136788004985e-17,3.375077994860477e-17,0.2481164142864667,0.3527210900038856,3.558981256615959e-06,6.234146556549842,0.0,0.0,208.8871192262299,0.0,0.0,0.0,0.0,0.0,300.50213995055896,0.0,0.0,0.0,0.0,0.0,0.0,0.0,0.0,0.0,1259.8331259108054,1640.0947877838664,8129.254736810128,2065.217936941513,0.0,691.6597999070292,161.75883410274156,0.0,9458.878956396584,3330.336082971361,0.0,1198.147851887303,308.7568328516226,0.0,1762.2812615264138,3378.1657191862723,0.0196246404795703,0.0
295,-2.3625545964023367e-16,0.0010203957936289,-3.5527136788004985e-17,3.375077994860477e-17,0.1907972649568108,0.3017644151784248,0.0111190662106694,6.047230579605215,0.0,0.0,120.75133699909348,0.0,0.0,0.0,0.0,0.0,269.0891963847672,0.0,0.0,0.0,0.0,0.0,0.0,0.0,0.0,0.0,1390.6618328296963,1893.365286901684,7930.04538486937,1934.7287043671413,0.0,764.7789395555407,257.59192910992374,0.0,9086.827783874069,3127.6631907354504,0.0,1276.5732567395858,480.9509783369099,0.0,1772.3714025525026,3510.1321208212216,14.194257617575197,0.0
296,0.0005920609850849,-1.2256862191861756e-16,-3.5527136788004985e-17,0.0003689274427087,0.1352304584010745,0.3070946705382062,0.0548701539133376,5.787445340563774,0.0,0.0,112.78009201100636,0.0,0.0,0.0,0.0,0.0,221.90121381736307,0.0,0.0,0.0,0.0,0.0,0.0,0.0,0.0,0.0,1339.4596520566574,1972.629912235198,7843.218755686881,1895.8051879649165,0.0,713.657097062364,284.30818048715656,0.0,8802.043701754137,3039.9292529102754,0.0,1363.4670787814828,668.3727207354252,0.0,1812.2199469771583,3723.262207050951,145.35786728577466,0.0
297,0.0104279704983386,-1.2256862191861756e-16,-3.5527136788004985e-17,0.01132670340598,0.1012085441174751,0.3155638958671095,0.1805187126139527,5.520975590580967,0.0,0.0,103.92177777052764,0.0,0.0,0.0,0.0,0.0,184.57975307836404,0.0,0.0,0.0,0.0,0.0,0.0,0.0,0.0,0.0,1223.9538171931626,1610.0916639125198,7346.049619362224,1533.7284737893851,0.0,584.807496195036,254.54708145803932,0.0,8198.681658784859,2464.116325473276,0.0,1225.731881373213,655.4904888787387,0.0,1626.49092331074,3621.0659357220734,176.9001580494224,0.0
298,0.0308325114486301,-1.2256862191861756e-16,-3.5527136788004985e-17,0.0314420608106312,0.0711614727903216,0.3322616412772519,0.4461599049560578,5.135421530522881,0.0,0.0,645.4775164323471,0.0,0.0,0.0,0.0,0.0,791.7387930915962,0.0,0.0,0.0,0.0,0.0,0.0,0.0,0.0,0.0,1104.959387722708,1226.4445924362078,6694.885464755829,1031.5359412490825,0.0,452.703360794631,220.56602377281956,0.0,7412.671421538748,1779.1562076482253,0.0,1070.1041788549317,613.8759395349057,0.0,1360.1740161634182,3437.2430187595805,187.8226174553149,0.0
299,0.0809551520132887,-1.2256862191861756e-16,0.0007090910112956,0.0512996842524916,0.0566527091083056,0.3814796153993354,0.7675738960372088,4.56796952980197,11.653524614177842,0.0,2159.5297215862875,67.13443527732888,0.0,0.0,0.0,0.0,2490.0662165115336,104.71282986652554,0.0,0.0,0.0,0.0,74.22788504248061,132.9680107711485,0.0,0.0,987.9929001068672,791.2944653279984,5383.437382136392,41.2222665779552,0.0,319.3009222889969,167.0256281629109,0.0,5842.763907922949,675.7950932327657,0.0,840.0128891718152,430.30736412582974,0.0,725.9090920256107,2862.312906028077,93.65979329262063,0.0
300,0.135951576518272,-1.2256862191861756e-16,0.0068374868172757,0.0707520500730896,0.0679780897580615,0.4765729813672068,1.135312138346687,4.006394012175081,171.0099415961873,0.0,4176.469257877175,1039.3882028869775,0.0,9.277166652497694,0.0,0.0,4798.921786175752,1643.1003965903274,0.0,0.0,0.0,0.0,1156.8184140480391,1736.2570453850642,0.0,0.0,767.1447519266727,327.3880402522238,4196.708589620964,0.0,0.0,139.6253709310912,71.86910696708364,0.0,4442.4863504291,63.43831732512067,0.0,404.6371416964981,168.81993066569714,0.0,169.80699355552636,1812.7313535480264,9.018515587305645,0.0
301,0.1955310363986705,-1.2256862191861756e-16,0.0145472659534883,0.0918254463787374,0.1052080085182726,0.593656583552434,1.5686461041253683,3.5674992050706207,474.6130588222437,0.0,4526.69054950804,1270.8865364241924,0.0,136.109932573831,0.0,0.0,5240.64554611818,2034.2347987788396,0.0,0.0,0.0,0.0,1533.840098535399,2381.56893209315,0.0,0.0,154.01622874128432,0.0,2610.474651501138,0.0,0.0,0.0,0.0,0.0,3056.3207060661284,0.0,0.0,0.0,0.0,0.0,0.0,267.4880143609314,0.0,0.0
302,0.2496751725904122,-1.2256862191861756e-16,0.0215898526644517,0.1110045810156618,0.1458593840332226,0.6589579528106293,1.9635074367793064,3.153720417630729,829.2529705823335,85.9901383897868,4479.779987156334,1175.272267671178,0.0,300.36594030937493,36.94038381776441,0.0,5215.676232234451,1903.4551383480496,0.0,79.25515128489052,100.82071605511396,0.0,1586.2763297508586,2692.082295747565,78.03060817490937,0.0,0.0,0.0,1992.9564321196688,0.0,0.0,0.0,0.0,0.0,2579.378675852667,0.0,0.0,0.0,0.0,0.0,0.0,0.0,0.0,0.0
303,0.2972399913089693,-1.2256862191861756e-16,0.0289289693421926,0.1209475503703442,0.188219881976569,0.7220743562392002,2.3595750867361427,2.6174769242160942,1162.4043271229773,652.1565364599178,4435.730372174591,1085.4241690743283,0.0,454.7222942715499,278.23821119073807,0.0,5192.210620849225,1780.5856977035337,0.0,596.7658399492008,759.2184830736546,0.0,1635.5277688110848,2983.789318733453,587.6315243150533,0.0,0.0,0.0,1934.587307510098,0.0,0.0,0.0,0.0,0.0,2519.5578468662766,0.0,0.0,0.0,0.0,0.0,0.0,0.0,0.0,0.0
304,0.3384926966487698,-1.2256862191861756e-16,0.0368611459534884,0.1219825439999997,0.2309943236148831,0.7902910750963428,2.707511720055548,2.053589027293529,1564.721315181656,1990.0186395931787,4361.446640471936,970.4667181956968,0.0,641.4778857235688,416.62662141961374,0.0,5139.685055552926,1622.0977521145803,0.0,848.552835446254,1095.6448628342966,0.0,1688.2955219322469,3327.01704661692,855.1228240919149,0.0,0.0,0.0,1836.98195610432,0.0,0.0,0.0,0.0,0.0,2414.9852275502576,0.0,0.0,0.0,0.0,0.0,0.0,0.0,0.0,0.0
305,0.3448734119999991,-1.2256862191861756e-16,0.0434365402380717,0.1219825439999997,0.2564356277121644,0.8212930728179798,2.9937061870666573,1.6854406844752703,1390.161456836012,2084.412649126216,3525.442091581805,755.6689535185715,0.0,576.2559600312179,290.4593287596854,0.0,4164.7771863473545,1272.9283544496689,0.0,489.7884292216705,646.5987947460961,0.0,1388.5451853570532,2806.1432437691665,510.81758648228487,0.0,0.0,0.0,1636.4920177229003,0.0,0.0,0.0,0.0,0.0,2194.686749733133,0.0,0.0,0.0,0.0,0.0,0.0,0.0,0.0,0.0
306,0.3443889343631025,-1.2256862191861756e-16,0.0446277600000001,0.121700985889388,0.2576013479999993,0.7565500833488343,3.2479812167277693,1.3327067589907893,1051.8806629531944,1577.233543770937,2667.5782418630656,571.8080234236994,0.0,436.0089991197215,261.1770834549675,0.0,3151.3450846136293,963.1950816944104,0.0,370.5940392371221,489.280347874992,0.0,1050.6918617818967,2123.3655437686807,386.5040538783445,0.0,0.0,0.0,1464.0421786229128,0.0,0.0,0.0,0.0,0.0,1959.3432386519248,0.0,0.0,0.0,0.0,0.0,0.0,0.0,0.0,0.0
307,0.3348754099534873,-1.2256862191861756e-16,0.0446277600000001,0.1111923328976877,0.2657158132144546,0.6869564501164799,3.4170955156308898,0.9966497754751922,437.9921743730861,656.7825780325425,1110.8207041929431,238.08270835927905,0.0,181.5462243352188,204.5638158824769,0.0,1312.3053743685232,401.104759140709,0.0,154.31343044346215,203.72926848940563,0.0,437.5134202757303,884.1584613907545,160.91233892627184,0.0,0.0,0.0,1245.3503018191318,0.0,0.0,0.0,0.0,0.0,1628.518719492117,0.0,0.0,0.0,0.0,0.0,0.0,0.0,0.0,0.0
308,0.3154266497383555,-1.2256862191861756e-16,0.0446277600000001,0.0913509984318934,0.2873143500342253,0.6300586364651164,3.4522800153962274,0.727273079830725,197.56869542218615,296.2059659378638,500.9786151134591,107.38926757930702,0.0,81.89599318182137,158.65821148999152,0.0,591.8336795916923,180.9018261000706,0.0,69.61822554155344,91.86982725560502,0.0,197.3327992406564,398.7573158118417,72.56251387366876,0.0,0.0,0.0,1156.136337802659,0.0,0.0,0.0,0.0,0.0,1465.945115675894,0.0,0.0,0.0,0.0,0.0,0.0,0.0,0.0,0.0
309,0.2616267422990026,-1.2256862191861756e-16,0.043629302572557,0.0698723445049832,0.2940390839736725,0.5560555114082631,3.34608851582148,0.5784781035213182,1668.5599107836017,3307.3561572756976,3945.074190966431,1019.279709127662,0.0,592.9944499073343,133.5290926784808,0.0,4270.666871685487,1352.958528144091,0.0,209.87864520417116,180.3175492505917,0.0,1119.2740835220632,2235.744093273472,160.3245795632144,0.0,0.0,0.0,1006.0286464902844,0.0,0.0,0.0,0.0,0.0,1296.107435492583,0.0,0.0,0.0,0.0,0.0,0.0,0.0,0.0,0.0
310,0.2043388001063117,-1.2256862191861756e-16,0.0371972132491694,0.0496094634418604,0.2766328060066442,0.4424713083986714,3.1414585696871464,0.4579888687735662,2212.3252633926554,4487.442137455619,4916.603882559735,1111.1880843536387,0.0,820.5069549956914,162.7001903816899,0.0,5262.577543310212,1536.907333525003,0.0,350.3261511019009,231.8082742994028,0.0,1458.1117252646711,2901.186218425172,153.81102793711565,0.0,0.0,0.0,956.008821745555,0.0,0.0,0.0,0.0,0.0,1231.678428994073,0.0,0.0,0.0,0.0,0.0,0.0,0.0,0.0,0.0
311,0.1493423756013288,-1.2256862191861756e-16,0.0300804940465116,0.0301570976212625,0.2591270484713534,0.3477796242055725,2.8894514375542752,0.3418477304931599,2177.6829060614414,4526.137977225267,4823.360955762028,993.6160366267676,0.0,842.6939628903908,191.7203461150541,0.0,5167.809959165118,1461.7526069991086,0.0,458.980723276464,312.4062985343185,0.0,1546.2902257286662,3054.2897048883533,132.85932414152913,0.0,0.0,0.0,911.4371361152791,0.0,0.0,0.0,0.0,0.0,1181.4777953147116,0.0,0.0,0.0,0.0,0.0,0.0,0.0,0.0,0.0
312,0.0920821697319191,-1.2256862191861756e-16,0.022593112385382,0.0100882916197291,0.2436351984119594,0.3010298090232549,2.662621630511882,0.2526270578072829,2252.2114354855576,4594.578855597215,4513.916238576028,725.8543140062242,0.0,878.4919396152874,347.7550099995543,0.0,4900.861415388064,1132.5594688137653,0.0,693.7517444162318,579.8130558091151,0.0,1641.0355857229931,3345.890432929446,300.96521892809824,0.0,0.0,0.0,801.7667261623453,0.0,0.0,0.0,0.0,0.0,1091.4078549311782,0.0,0.0,0.0,0.0,0.0,0.0,0.0,0.0,0.0
313,0.0437624690830563,-1.2256862191861756e-16,0.0150315982325581,0.0007024794912957,0.2223993201584048,0.2495971310806635,2.4936305361966773,0.1652367277722006,2260.8643744038104,4515.942087140724,4257.117925358701,589.1147568204096,0.0,875.9990071509865,425.896900800621,0.0,4660.156057286836,938.9596115968344,0.0,783.2267108751571,701.6648599077674,0.0,1631.1092462847105,3391.733627530311,398.93548402376206,0.0,0.0,0.0,771.3514959179513,0.0,0.0,0.0,0.0,0.0,1087.4123882452782,0.0,0.0,0.0,0.0,0.0,0.0,0.0,0.0,0.0
314,0.0071735362065575,-1.2256862191861756e-16,0.0079148790299003,3.9079850466805446e-17,0.1968231442412248,0.1885798797607963,2.4062826636660395,0.0938763199707958,1918.517366152612,3686.15642410303,3417.592198540982,447.6555194083505,0.0,744.0685138231893,406.6618576744087,0.0,3755.5479067706688,716.7672933009663,0.0,680.4167742960844,644.5218948460899,0.0,1328.3688873348856,2796.8919521558623,375.2062623766651,0.0,0.0,0.0,713.983845234145,0.0,0.0,0.0,0.0,0.0,1079.6406640421676,0.0,0.0,0.0,0.0,0.0,0.0,0.0,0.0,0.0
315,0.0320637790910797,-1.2256862191861756e-16,0.0012987639551181,3.907985046680546e-17,0.1843699934683131,0.1375835481509426,2.3452931640616805,0.0426176038698419,1669.8798963268423,2713.4720155579275,2625.2986693718217,337.13513421502626,0.0,610.3273237329132,429.0555541542161,0.0,2880.14700750418,508.4825005933074,0.0,584.1312667033519,647.4058410158424,0.0,973.885073729693,2175.3340207532806,362.5729729301818,0.0,0.0,0.0,532.724851079225,0.0,0.0,0.0,0.0,0.0,1059.397371078965,0.0,0.0,0.0,0.0,0.0,0.0,0.0,0.0,0.0
316,0.0837898961262456,-1.2256862191861756e-16,-3.730349362740521e-17,3.9079850466805446e-17,0.1968901320797342,0.1299163679999992,2.282097538929724,0.0277316345596471,2275.348528643275,3180.870121676831,3388.1827586363997,474.9145324251745,0.0,770.345226323285,618.8322597623531,0.0,3679.987806891664,660.2483627915334,0.0,752.8315142128148,927.15943388686,0.0,1140.5354920569405,2702.884712545761,481.6864584810346,0.0,0.0,0.0,468.9738004602926,0.0,0.0,0.0,0.0,0.0,1017.189520184117,0.0,0.0,0.0,0.0,0.0,0.0,0.0,0.0,0.0
317,0.1350599273820595,-1.2256862191861756e-16,3.136374648603476e-05,3.9079850466805446e-17,0.2002208035537952,0.120984147243802,2.1954278964663945,0.0642079885284689,3033.3368504599066,3712.0188911493856,4372.227202398385,655.4214499060179,0.0,898.8241423555096,813.2294721140036,0.0,4657.762772313347,800.6728225616066,0.0,866.8363547877477,1247.3106158413443,0.0,1257.269265497665,3247.3443219307933,604.7628191511033,0.0,0.0,0.0,520.286151785938,0.0,0.0,0.0,0.0,0.0,1094.8524576024731,0.0,0.0,0.0,0.0,0.0,0.0,0.0,0.0,0.0
318,0.1804141858006639,0.004942866253156,0.0012911408970099,3.9079850466805446e-17,0.1895394836810635,0.1153945747943516,2.0448257595548163,0.1835963847836951,2898.9510431570952,3381.89086069628,4329.512088259015,603.8121776298676,0.0,573.0609385174054,582.9887761470704,0.0,4418.246938528455,554.3900321961868,0.0,465.1155002886274,1006.85901970779,0.0,832.5073937535474,2718.610891109454,453.87074997694674,0.0,0.0,0.0,933.0280705707884,0.0,0.0,0.0,0.0,0.0,1501.9207708236884,0.0,0.0,0.0,0.0,0.0,0.0,396.5868255368331,0.0,0.0
319,0.227740368498338,0.0186883893089699,0.0034656939867109,3.9079850466805446e-17,0.1775847662833419,0.1374309609924058,1.8740713757249643,0.3877077099275964,2092.397213065219,2378.063879957014,3564.463652475334,55.08951406649617,0.0,52.05631165509682,53.04005297771283,0.0,3537.9848692424634,50.41674278407015,0.0,42.13691998538546,91.73387833394226,0.0,75.66610339788089,1909.9888258779251,41.31713554987213,0.0,0.4517483748069785,0.0,1394.317703865658,0.0,0.0,1.46818221812268,0.0,0.0,1985.3926898051327,0.0,0.0,41.56085048224202,0.0,0.0,13.43951415050761,1199.9357928972702,0.0,0.0
320,0.279696885635573,0.0342117330697673,0.0059120662126245,3.9079850466805446e-17,0.1572782588372098,0.1702765675614616,1.701616938798876,0.7398489833866339,1249.590673525912,1330.6000621409682,2764.3824543104342,0.0,0.0,0.0,0.0,0.0,2619.165680497574,0.0,0.0,0.0,0.0,0.0,0.0,1068.6962546033474,0.0,0.0,304.5148141579909,306.56944999889026,2546.88819336955,25.67550580206982,0.0,235.06260452730916,71.1211510717334,0.0,3252.574627278468,99.62096251203091,0.0,574.6861274609572,112.77807380563723,0.0,502.17625542245247,2461.2744695603574,43.99069994087962,0.0
321,0.2967780360598001,0.0518121251013287,0.0081836093122923,3.9079850466805446e-17,0.1374864794626246,0.2007532585913621,1.54961580719103,1.1605777573405056,320.53630829774903,194.30646660152664,1863.630719667804,0.0,0.0,0.0,0.0,0.0,1582.049779818684,0.0,0.0,0.0,0.0,0.0,0.0,156.05469204941895,0.0,0.0,1348.792328777903,1650.641283477166,4470.575838732523,246.8442934711329,0.0,998.0742635679248,683.7586929150381,0.0,5394.230789811924,957.7558586679957,0.0,1779.415974608504,1015.4281313118066,0.0,1858.787163916796,4670.555682921072,422.92655614720775,0.0
322,0.3040936985688722,0.0717388359069766,0.0144619819074878,3.9079850466805446e-17,0.1178648959335548,0.2274080711883467,1.38574136966113,1.635928116788116,46.39710813484811,0.0,1274.7612742997696,0.0,0.0,0.0,0.0,0.0,1015.0320517360668,0.0,0.0,0.0,0.0,0.0,0.0,0.0,0.0,0.0,1944.2958313991196,2795.566628588991,5027.048818389496,446.6237170068861,0.0,1266.948061752667,833.9515902697385,0.0,5937.958338042493,1150.7622601494884,0.0,1787.1293563978902,1048.4721116678384,0.0,1694.2816796575607,4376.021381604503,321.28914437185773,0.0
323,0.3236484559335542,0.0951795297807307,0.0284602088087327,3.9079850466805446e-17,0.1068826314342668,0.2810249142610349,1.151814853923114,2.30467423073182,0.0,0.0,807.4687223457246,0.0,0.0,0.0,0.0,0.0,705.9447699803308,0.0,0.0,0.0,0.0,0.0,0.0,0.0,0.0,0.0,2676.6846415161654,4671.894937747872,5795.423587816615,635.2479590777594,0.0,1438.5170646863942,688.8412732963142,0.0,6422.845864586439,885.363534815464,0.0,1141.341407769325,452.0830733304532,0.0,704.0830488368925,2650.9645036223515,97.47151884554005,0.0
324,0.3433874085533933,0.1148520573345988,0.0417139412292358,3.9079850466805446e-17,0.1433428801167539,0.3452975557560517,0.9099030463626024,3.016017392354982,0.0,0.0,756.4252733083973,0.0,0.0,0.0,0.0,0.0,645.9886064016581,0.0,0.0,0.0,0.0,0.0,0.0,0.0,0.0,0.0,2604.4840186851584,4488.376018266048,6129.225999363749,725.0938312124997,0.0,1391.940245421713,613.3744184306574,0.0,6806.63863281422,1120.8856575673035,0.0,1133.7493510304532,417.3332123814119,0.0,814.443085868221,2640.455108774823,165.20366151844237,0.0
325,0.3337663549299669,0.1229137304651162,0.0522852345448504,3.9079850466805446e-17,0.1812741227043191,0.3747307507726251,0.6859279628228588,3.654157330194792,0.0,0.0,688.3426600081932,0.0,0.0,0.0,0.0,0.0,584.3710194342032,0.0,0.0,0.0,0.0,0.0,0.0,0.0,0.0,0.0,2281.165230133638,3684.204859857444,6442.30867916834,875.8477141259032,0.0,1256.7660816560815,561.4167442661303,0.0,7338.365843622543,1696.3262173529656,0.0,1357.54478578307,526.8843154855813,0.0,1364.9504272498611,3241.4787587855653,242.4724015164358,0.0
326,0.3061692499335548,0.1308327279667773,0.062856527860465,3.9079850466805446e-17,0.2192019528438541,0.3960445999335554,0.4627085176544866,4.23360138351682,0.0,0.0,582.5128551283252,0.0,0.0,0.0,0.0,0.0,498.01276705024713,0.0,0.0,0.0,0.0,0.0,0.0,0.0,0.0,0.0,1741.7765120775096,2512.7294345292757,6409.960064345235,914.762352537031,0.0,1009.0309515421312,556.2845750805611,0.0,7612.022134736117,2243.485928266934,0.0,1733.8121056066004,712.5328558845262,0.0,2238.2607654318986,4371.771486580307,318.6014967918032,0.0
327,0.2766653419335546,0.1375496318144279,0.0741172533488371,3.9079850466805446e-17,0.2596033371229239,0.418617781857381,0.2446296328362608,4.757563838513732,0.0,0.0,516.6404005479332,0.0,0.0,0.0,0.0,0.0,436.8140509817136,0.0,0.0,0.0,0.0,0.0,0.0,0.0,0.0,0.0,1541.729876214475,1916.0002185384053,6296.775903515904,880.8941010502052,0.0,926.6552025570214,595.7671037739996,0.0,7660.892223481768,2434.145004077756,0.0,1940.237978586899,908.8062089019604,0.0,2643.617462408952,4924.531447829145,378.4919731393103,0.0
328,0.2330727969443923,0.133344246314035,0.0813822172801044,3.9079850466805446e-17,0.3085069552693206,0.4293109006768704,0.0822368204252505,5.12549884364335,0.0,0.0,488.925798203894,0.0,0.0,0.0,0.0,0.0,395.763504076692,0.0,0.0,0.0,0.0,0.0,0.0,0.0,0.0,0.0,1403.9432945000551,1443.894578857752,6331.390035288243,951.4367709518036,0.0,888.5463545398984,630.064445401173,0.0,7813.976486504741,2658.055894259992,0.0,2083.076319878894,1041.4624121704987,0.0,2882.65161262925,5267.619445142352,436.8847587011404,0.0
329,0.1801337178737531,0.1183640547109635,0.0791397296611293,3.9079850466805446e-17,0.3462084803415559,0.3900002080995266,0.0258560636462864,5.201776539108767,0.0,0.0,452.2210192290828,0.0,0.0,0.0,0.0,0.0,358.57028665860435,0.0,0.0,0.0,0.0,0.0,0.0,0.0,0.0,0.0,1547.230944908171,1723.2511265739577,6680.226042229614,1181.467533324768,0.0,976.162590538886,612.8457897845965,0.0,8055.012542172171,2738.8457897845965,0.0,1932.9456128365196,910.2191435658674,0.0,2521.559032679312,4814.830510797368,405.6532122228091,0.0
330,0.146611005129567,0.1085900975282393,0.0775994212225911,3.9079850466805446e-17,0.3473988588837203,0.3546020659933551,0.0078824411618425,5.116645796679622,0.0,0.0,417.9981601954779,0.0,0.0,0.0,0.0,0.0,325.3694777145316,0.0,0.0,0.0,0.0,0.0,0.0,0.0,0.0,0.0,1626.0501599573263,1914.2782916221176,6794.97849979578,1216.3532921325505,0.0,987.0477081735849,589.2118396343897,0.0,8093.149895913169,2715.211839634389,0.0,1843.9483675187184,864.0815761005093,0.0,2389.3091238064903,4643.055368131145,330.7926794729213,0.0
331,0.1192780547280485,0.0955598804537258,0.0756966872691027,3.9079850466805446e-17,0.3433858199999993,0.3108737802259124,0.000189305881349,4.874289462196471,0.0,0.0,249.07104235478167,0.0,0.0,0.0,0.0,0.0,182.0352579901169,0.0,0.0,0.0,0.0,0.0,0.0,0.0,0.0,0.0,1745.7442411311968,2224.965118834029,6944.649996617041,1313.5430078884797,0.0,1005.3627179525166,571.6380057301011,0.0,8149.686125891623,2652.2968924335305,0.0,1708.240567837636,802.197993884332,0.0,2159.7480755632264,4396.2978078918895,219.47628642930343,0.0
332,0.1089265962828659,0.068445705887043,0.0689362747090649,3.9079850466805446e-17,0.337366261674418,0.2447436622059797,1.1262102361797584e-15,4.362736019815831,0.0,0.0,133.2307993923227,0.0,0.0,0.0,0.0,0.0,95.2053247924278,0.0,0.0,0.0,0.0,0.0,0.0,0.0,0.0,0.0,1788.6517720551612,2340.5131643130157,6915.115696295063,1356.628291078254,0.0,1019.1397468017952,577.7674683502245,0.0,8140.0927848479805,2581.0687343412483,0.0,1703.1861392257854,796.581329124439,0.0,2063.045253364341,4313.812721714565,186.0693038710729,0.0
333,0.0877028561461789,0.0420174725980065,0.0536531215790953,3.9079850466805446e-17,0.3242029447950418,0.1686491059243546,1.1262102361797584e-15,3.7983027798906,0.0,0.0,117.76329186975023,0.0,0.0,0.0,0.0,0.0,89.90954261091082,0.0,0.0,0.0,0.0,0.0,0.0,0.0,0.0,0.0,1833.6435703881448,2484.4016653992385,6962.888981169321,1328.5748365581635,0.0,1046.0694665940484,612.9940775622979,0.0,8085.433205579658,2516.2342435078726,0.0,1680.614709632014,829.2710638486197,0.0,1973.5114651492509,4246.090529798557,182.59477883103915,0.0
334,0.0681269361727572,0.0234282066673753,0.0408655360465116,3.9079850466805446e-17,0.2724569886450499,0.1109951532454482,0.0016009652906323,3.306647931529016,0.0,0.0,192.6245023081362,0.0,0.0,0.0,0.0,0.0,126.65306100583952,0.0,0.0,0.0,0.0,0.0,0.0,0.0,0.0,0.0,1889.047206063963,2597.302317741245,7072.997218200131,1348.4419542757814,0.0,1087.8125410958094,649.1986730874306,0.0,8074.663239566518,2505.047206063962,0.0,1631.243897494042,855.3609218252733,0.0,1875.305099541113,4123.548997035156,175.89418985200905,0.0
335,0.0487572143521593,0.0142272606976743,0.028915378385382,3.9079850466805446e-17,0.215601584830565,0.0862667450431891,0.0406057520000011,2.8008089581461606,0.0,0.0,227.60669209892976,0.0,0.0,0.0,0.0,0.0,173.1542244152941,0.0,0.0,0.0,0.0,0.0,0.0,0.0,0.0,0.0,1925.6069566133372,2626.777211648357,7169.292979289014,1407.0602886650424,0.0,1111.0477241018232,662.0455335950586,0.0,8120.682308234963,2545.372593703171,0.0,1596.349060295236,860.1036301451413,0.0,1825.4471286338348,4043.6324668788234,170.66987333807387,0.0
336,0.0365485539468435,0.0057918068372091,0.0176546528970099,3.9079850466805446e-17,0.1620425069700997,0.0803127827405613,0.1127875316248879,2.392470378880681,0.0,0.0,605.0719004894609,0.0,0.0,0.0,0.0,0.0,609.6041885606661,0.0,0.0,0.0,0.0,0.0,0.0,0.0,0.0,0.0,1965.3456720163376,2643.5739882497533,7336.325990725742,1529.139050965274,0.0,1140.834520927522,665.4070165465632,0.0,8230.66681154073,2605.3632094723366,0.0,1597.2015181048755,880.5017709347278,0.0,1785.2538205720246,4038.891356547293,176.18811752977155,0.0
337,0.0267540044053152,0.0077302726516942,0.0068535488571428,0.0006884107917608,0.1106978819537542,0.0887860142192686,0.2348452594501008,2.056410262819117,0.0,0.0,1164.020906836923,0.0,0.0,0.0,0.0,0.0,1223.6458784837455,0.0,0.0,0.0,0.0,0.0,0.0,0.0,0.0,0.0,1945.9155891090925,2581.4014621966285,7277.73481637829,1482.9788735386312,0.0,1135.7887056710017,680.960752023143,0.0,8118.520903692148,2492.073636363424,0.0,1600.7913240281453,919.94384293402,0.0,1758.9711399618898,4066.165525201766,203.2603240314199,0.0
338,0.0243950164596439,0.0391609005847175,7.355106038690105e-05,0.0180660882259136,0.0626488357521985,0.1015765016282973,0.4191929146140326,1.7814383867289258,0.0479651825247457,0.0241901044129743,1705.2812448176007,0.0307712357606218,0.0,0.0200991308725448,0.0094863154560683,0.0,1825.3816034167528,0.0447635510583226,0.0,0.0220556834353589,0.0177275520085277,0.0,0.0745861552733376,0.1491723105466753,0.0056324998020406,0.0,1897.2200295103585,2487.3417383015985,7093.387180996542,1341.040388451439,0.0,1111.8578130753574,703.1838462612476,0.0,7889.275723890577,2296.3406209470977,0.0,1597.7986881035738,961.8974664122384,0.0,1740.4689180432522,4091.276307911221,236.40114954392357,0.0
339,0.0341222355103497,0.0733940497076411,0.0013789593871709,0.0431788816345515,0.0361995768262203,0.1555243125962173,0.6628580505264511,1.5723593837181005,341.575009386563,177.1561614325692,2823.943416662643,218.23795648294575,0.0,143.84440109979872,80.16606632348113,0.0,3235.049148760544,320.99155815623425,0.0,164.9851426636321,143.9278845189285,0.0,534.4013695452934,1059.6488929367408,56.022880725720775,0.0,1826.7391497614835,2162.554068256573,6562.365568245879,742.3670411811615,0.0,985.0154779629072,625.4311728915619,0.0,7219.203795114754,1288.625949376717,0.0,1379.7540264111317,851.7382477915946,0.0,1490.570575180803,3693.689624391968,152.26522712175458,0.0
340,0.0451211529169431,0.1062977561461793,0.0055895898737541,0.0673164209302326,0.0525508759734219,0.2161887649884777,0.9278776849036544,1.459635305450746,1178.101451600173,793.8725673792904,3791.7658161174263,615.2674809718928,0.0,546.4128289847669,695.8679011413524,0.0,4528.554237092124,1055.2831096994228,0.0,938.7907076393316,1115.586444682812,0.0,2082.687239632065,3923.8165957512,763.2551122717936,0.0,1721.5015381697156,1466.5074374790768,5473.972470260834,0.0,0.0,692.4741403897568,386.19116898866815,0.0,5840.450003701898,0.0,0.0,814.8466159250477,495.8079442180786,0.0,867.6697739756539,2613.924299278029,0.0,0.0
341,0.0553737839566658,0.1372072985581393,0.0096495793355481,0.0899910790564783,0.0743445929900332,0.2702973608970097,1.1713184198229087,1.417579484203938,1328.5114552364234,1051.3883938109047,3613.5139199844057,418.16755612735824,0.0,695.0865246556973,1063.506883353263,0.0,4377.296188888873,940.879512252803,0.0,1486.38128313676,1722.7448772003188,0.0,2732.6917401626383,5214.8345629092,1309.5610547311155,0.0,1568.0312034063534,809.0601992133721,4458.442355301017,0.0,0.0,413.409458636262,164.4926271888485,0.0,4562.473265098357,0.0,0.0,294.8093905188451,168.76223919035905,0.0,295.3189732909578,1581.857142147872,0.0,0.0
342,0.0608146908353572,0.1727698903654479,0.0143207500066444,0.1160791265780729,0.0994190846112956,0.3234841086555196,1.4783258706401603,1.3564236435910704,1556.156290343649,1354.134892550312,3420.2149938585776,218.56421341481243,0.0,872.5342049163569,1431.676310710612,0.0,4207.242978005103,785.382340347793,0.0,1980.0617137255597,2279.435526963632,0.0,3228.902328410277,6306.205855406429,1800.739886954544,0.0,2.3030816449914173,0.7267502079750695,3204.0949858808544,0.0,0.0,0.4167481071889239,0.0775005251965366,0.0,3377.4936316516223,0.0,0.0,0.0409436736887363,0.0,0.0,0.0,1.623124206946334,0.0,0.0
343,0.0681722393621259,0.1991591666556923,0.0189046090764119,0.1408972620525519,0.1239926577444879,0.3590823642186648,1.776871378522199,1.2275044803605957,2161.391208904149,1797.3189959536933,3223.944195260417,98.10984412065471,0.0,1146.5397001756128,1628.3218402761768,0.0,3999.637879791801,445.3806944057023,0.0,1900.4116824855737,2254.6006903232574,0.0,2522.7255859830784,5624.650015966436,1711.9890138313858,0.0,0.0,0.0,1960.952275409286,0.0,0.0,0.0,0.0,0.0,2476.511768191648,0.0,0.0,0.0,0.0,0.0,0.0,0.0,0.0,0.0
344,0.0779536097940196,0.2000811239999992,0.0230519101395348,0.1467757439999999,0.1391093299487979,0.3834911103857723,2.040440192787182,1.0664802490154182,2734.0094667697044,2228.627155045676,3091.3251187427795,31.86627981741788,0.0,1365.510560231637,1779.1124406569943,0.0,3839.693525903746,197.7482403092942,0.0,1797.0264792507269,2200.496622610545,0.0,1913.074381863516,4996.772407260527,1597.53544115269,0.0,0.0,0.0,1743.8565305555155,0.0,0.0,0.0,0.0,0.0,2263.086528880819,0.0,0.0,0.0,0.0,0.0,0.0,0.0,0.0,0.0
345,0.0873076693539769,0.2000811239999992,0.0261715981034287,0.1467757439999999,0.1410733079999997,0.3819683006526659,2.2773404780979165,0.8789622538897826,3833.887827026778,3176.4099973613856,3213.0278341754088,114.77217511256995,0.0,1489.1010727457942,1849.3334715660949,0.0,3793.498279917274,254.41961034398213,0.0,1427.5800492475682,1920.7289380442471,0.0,1199.8158638542725,3993.8763731295294,1187.840291309239,0.0,0.0,0.0,1342.2457080007314,0.0,0.0,0.0,0.0,0.0,1834.7171925129708,0.0,0.0,0.0,0.0,0.0,0.0,0.0,0.0,0.0
346,0.0885446717740859,0.2000811239999991,0.0262807919999999,0.1467757439999999,0.1410733079999997,0.3655036607441845,2.445982618485051,0.6835249297328729,4005.154862737312,3534.7578229853093,3308.555011623388,208.03282268055037,0.0,1356.848384151578,1944.5770864846863,0.0,3864.789310696999,344.54951826517896,0.0,1282.8013213292215,1874.5588963994032,0.0,968.883164317832,3688.9093461105126,1015.0750467849851,0.0,0.0,0.0,1220.8083065742285,0.0,0.0,0.0,0.0,0.0,1625.117441601605,0.0,0.0,0.0,0.0,0.0,0.0,0.0,0.0,0.0
347,0.087740334239202,0.193179320382059,0.0262807919999999,0.1462729815598006,0.1410614673936874,0.335713107109634,2.534910582697672,0.5061489394061264,3867.188460604108,3482.8084756835137,3325.262366560473,234.47408267995533,0.0,1285.59277094785,1965.5004076977973,0.0,3906.075651038881,370.0965074434113,0.0,1297.5508036266096,1906.207062901766,0.0,1009.3319362435664,3747.779029304145,1023.273355646155,0.0,0.0,0.0,1198.1436888657845,0.0,0.0,0.0,0.0,0.0,1581.576401610652,0.0,0.0,0.0,0.0,0.0,0.0,0.0,0.0,0.0
348,0.086900426556376,0.16291438744186,0.0262807919999999,0.1301725369435214,0.1349097544535898,0.3024818308753136,2.533687357361176,0.3535906533793275,3564.9518569579386,3146.0217391643746,3391.665890135888,325.8517939801467,0.0,1191.3264916284422,1924.8872633948345,0.0,4041.869042514746,458.3486634857367,0.0,1370.931306485512,1934.4045821902305,0.0,1168.1738034313985,3865.718150034501,1057.244284210101,0.0,0.0,0.0,1106.9382891304535,0.0,0.0,0.0,0.0,0.0,1465.5760365634378,0.0,0.0,0.0,0.0,0.0,0.0,0.0,0.0,0.0
349,0.0809576375471231,0.1276841563056477,0.0249599619793669,0.104328302950166,0.1124252184318936,0.2404130144871472,2.4246036460255285,0.2621876348004694,3103.6790436343754,2627.657584458871,3494.8805862957224,469.8653437711504,0.0,1048.625653686463,1862.2126534511792,0.0,4251.435006089847,600.2314284344827,0.0,1481.241029471734,1975.6479549148885,0.0,1414.2888609882232,4046.82438450143,1107.7630634485597,0.0,0.0,0.0,970.578671202174,0.0,0.0,0.0,0.0,0.0,1290.0931307559126,0.0,0.0,0.0,0.0,0.0,0.0,0.0,0.0,0.0
350,0.069448141913621,0.0931186465116278,0.0206038905249169,0.078971696013289,0.0880537499401993,0.1766021546269873,2.230745465829079,0.2101206787977463,2667.4404718676656,2006.6530153444291,3649.423242634241,743.4645455541433,0.0,949.3812717772614,1782.5556862646902,0.0,4518.602338271549,949.6219021533065,0.0,1535.8364550316442,1960.995986787196,0.0,1757.752170627367,4252.147155017166,1116.4871238745252,0.0,0.0,0.0,872.9990691943818,0.0,0.0,0.0,0.0,0.0,1162.0164875448938,0.0,0.0,0.0,0.0,0.0,0.0,0.0,0.0,0.0
351,0.0593946902609482,0.0628738254418604,0.0166312126644518,0.0567846649435216,0.0667287150099668,0.1236665871029898,2.039407329623375,0.1732276585016414,2128.366567852085,1119.7078482669724,3913.206510298966,1229.2433823583071,0.0,847.9385741266265,1636.6408570767264,0.0,4930.397034236801,1604.2774822861088,0.0,1524.3645654185532,1857.947368579809,0.0,2266.026762194051,4505.448315672148,1079.0772904667058,0.0,0.0,0.0,822.9059799330935,0.0,0.0,0.0,0.0,0.0,1099.964333140371,0.0,0.0,0.0,0.0,0.0,0.0,0.0,0.0,0.0
352,0.0542431854375888,0.0296377583322259,0.0122656325980066,0.0324033121196013,0.0433565642733744,0.0730141648141905,1.8775601919888447,0.1342573401976545,1640.2496780370714,698.0248341300933,3441.0841686950894,1234.6384990121974,0.0,649.0195608493078,1255.7488874579426,0.0,4336.817537877,1606.4661107889608,0.0,1189.008109588764,1437.4440885246345,0.0,2001.952638241779,3784.1558103351786,867.0121277198283,0.0,0.0,0.0,722.1135876308923,0.0,0.0,0.0,0.0,0.0,1037.684497706309,0.0,0.0,0.0,0.0,0.0,0.0,0.0,0.0,0.0
353,0.0570945888967209,0.0020598805107611,0.0078137436885743,0.0078777053456594,0.0233966441323125,0.0380377933355473,1.79331299904839,0.1045831647265439,1384.0748830165578,620.9658611334501,2383.807171845556,838.3494604674232,0.0,449.7175773560213,825.9617898162287,0.0,2910.5354913553247,991.0642650209928,0.0,665.6613824884445,880.1269867024146,0.0,1101.246402121222,2241.140841280991,490.8140139277915,0.0,0.0,0.0,642.1575946682287,0.0,0.0,0.0,0.0,0.0,987.1625430310132,0.0,0.0,0.0,0.0,0.0,0.0,0.0,0.0,0.0
354,0.1005395545934601,-8.348877145181153e-17,0.0059907434740338,2.1316282072802932e-17,0.0174616410792096,0.0068999864325925,1.7189050126938283,0.0875817730763921,2719.99018108608,1294.779640001945,3475.2826017752163,1174.2669313330452,0.0,655.8654946706632,1079.6065682459598,0.0,3977.085170652472,1099.4588000954068,0.0,522.5976432018279,955.051131089366,0.0,795.9138760658407,2189.114520957899,404.4142983804789,0.0,0.0,0.0,592.1253791198527,0.0,0.0,0.0,0.0,0.0,975.2377105043884,0.0,0.0,0.0,0.0,0.0,0.0,0.0,0.0,0.0
355,0.1600664208669346,1.1054845251831663e-06,0.0072381490910997,2.1316282072802932e-17,0.0260218268309145,-5.737632591262804e-16,1.6701320108665874,0.0755331622640122,4411.752028032252,2028.6881958590984,4663.922741762782,1537.7478894117578,0.0,932.7263807552146,1314.6290513245203,0.0,5048.958281403498,1132.1786856789336,0.0,239.1840235664544,873.0284261953744,0.0,311.0354850454896,1875.587920299896,192.06033089701268,0.0,0.0,0.0,552.6255337388961,0.0,0.0,0.0,0.0,0.0,981.1538601655176,0.0,0.0,0.0,0.0,0.0,0.0,0.0,0.0,0.0
356,0.2252029780465114,0.0041071492320834,0.0118760251694351,2.1316282072802932e-17,0.0420281544755577,-5.737632591262804e-16,1.6404747708210738,0.0757018647764394,4985.664680124924,2245.903703487036,4983.707391928571,1625.16499784328,0.0,1013.9497990406652,1239.4525302897362,0.0,5131.106199199366,1024.5952571388843,0.0,24.29662907062907,658.4787683799483,0.0,142.23147407559358,1481.1378997877196,18.295654420654422,0.0,0.0,0.0,588.6698994117029,0.0,0.0,0.0,0.0,0.0,1027.5256854272047,0.0,0.0,0.0,0.0,0.0,0.0,0.0,0.0,0.0
357,0.2963000972178451,0.0112780230697673,0.0168058358671095,2.1316282072802932e-17,0.0616992372956811,-5.737632591262804e-16,1.619126848954912,0.0741381398841755,5067.819297403194,2302.967608662081,5146.338683274337,1618.0182955684802,0.0,980.846475409216,1066.9977880716442,0.0,5083.017419892863,902.9980718087138,0.0,0.0,425.8724637951908,0.0,94.7890498532406,1199.433103795452,0.0,0.0,0.0,0.0,1360.9948363665026,0.0,0.0,0.0,0.0,0.0,1886.053961498426,0.0,0.0,26.95216385851793,0.0,0.0,17.67062398671043,287.9062271774134,0.0,0.0
358,0.3731495741504505,0.0179779529302324,0.0214069925182723,2.1316282072802932e-17,0.0799912236976744,-5.737632591262805e-16,1.5575182229409126,0.0821006166805684,3995.63957145548,1801.7021371529377,4806.659679155239,1310.8307886769965,0.0,706.1780601363682,715.2019372806135,0.0,4754.656779693886,704.3622713980501,0.0,0.0,75.79960227136596,0.0,61.49852599236239,1124.3559698434306,0.0,0.0,0.0,0.0,2271.0645785342917,0.0,0.0,0.0,0.0,0.0,2898.4526681247767,0.0,0.0,128.29019852584076,0.0,0.0,84.1107924109817,1370.4111935243784,0.0,0.0
359,0.4512418766535071,0.0252931824717607,0.0263960123040844,2.1316282072802932e-17,0.0954217928254835,-5.737632591262803e-16,1.4551928548047692,0.139165147354289,2660.4970067700533,1178.0698982654983,4249.297638374393,894.5819280681042,0.0,380.06382476141255,309.6307769398498,0.0,4231.094749426029,455.7547748849623,0.0,0.0,0.0,0.0,26.49037924596573,1028.235718483313,0.0,0.0,59.01939444676992,33.19840937630808,2597.0955359121463,3.110090638739101,0.0,32.18582172648605,2.2421583674630727,0.0,3265.190045880219,58.73008368967791,0.0,201.48472711255565,11.71708566222638,0.0,193.2429791227221,1721.2745508416845,0.0,0.0
360,0.4846452207579753,0.0324033121196012,0.0282642479999999,2.1316282072802932e-17,0.1035433222325579,0.0029184889623262,1.3886256209129313,0.2187886525465855,1333.649715249442,582.4662680925904,2626.4260588119687,213.43267005706485,0.0,156.7881094632342,43.42341622615993,0.0,2623.4687729088014,104.47937116233632,0.0,0.0,0.0,0.0,3.684411073734782,620.0347983827241,0.0,0.0,622.9227298758185,355.20234659632246,3880.480227206757,68.1184021670165,0.0,347.86655606177106,53.384594708939474,0.0,4754.003913234201,668.7357560729816,0.0,699.9798084013992,158.2389249062185,0.0,1105.6120864482805,2778.7423989373624,19.775025690464336,0.0
361,0.4990376943388693,0.0389102484777871,0.0282642479999999,2.1316282072802938e-17,0.1104749975412189,0.0142878022325575,1.337596932825156,0.3154371427152701,370.2727252617613,161.72995103590418,1671.6524746659547,0.0,0.0,43.54267912505112,0.0,0.0,1671.0060968856726,0.0,0.0,0.0,0.0,0.0,0.0,172.14464898173273,0.0,0.0,1027.001346596703,626.9594974220114,4819.326386176987,398.2758448912048,0.0,639.5506499159148,325.2579866725278,0.0,6022.607328427719,1494.4900984617168,0.0,1183.2213453633349,536.9415728545437,0.0,1850.7584662965355,3710.840223958277,190.20213753329116,0.0
362,0.5132793696877065,0.0411567119999999,0.0282642479999999,2.131628207280293e-17,0.1127312208837207,0.0263775760863781,1.2090338084451813,0.4335131729509124,0.0,0.0,1354.5731284821463,0.0,0.0,0.0,0.0,0.0,1355.7350512557807,0.0,0.0,0.0,0.0,0.0,0.0,0.0,0.0,0.0,1183.227618090584,771.4797395262041,5206.504719812442,665.674368529272,0.0,783.8741777527911,517.4905769083088,0.0,6609.732337903027,1973.003305522029,0.0,1402.9180042224118,785.463244982446,0.0,2148.2441126343424,4075.6823773305496,311.84118866527496,0.0
363,0.5126369813414394,0.0411567119999999,0.0282061542360684,2.1316282072802932e-17,0.1079079698148309,0.0397399577142851,0.995622908680499,0.6042647255342364,0.0,0.0,683.8941308451208,0.0,0.0,0.0,0.0,0.0,688.6934294867647,0.0,0.0,0.0,0.0,0.0,0.0,0.0,0.0,0.0,1504.9602646824258,1171.965657299333,6019.005566462561,1092.5191047166088,0.0,984.2275455254024,750.4175705320857,0.0,7528.702701069717,2552.877833557487,0.0,1696.9689686910506,1095.678113199421,0.0,2405.794633470287,4350.953807020868,426.2529458217506,0.0
364,0.4564053339069762,0.0411567119999999,0.0251679809302325,2.1316282072802932e-17,0.0966349977009965,0.0528478177873747,0.7807363524023928,0.8199406946272222,0.0,0.0,477.954180099437,0.0,0.0,0.0,0.0,0.0,479.6602920624644,0.0,0.0,0.0,0.0,0.0,0.0,0.0,0.0,0.0,1741.8732937540171,1410.4415024653526,6345.398592381608,1179.9900909181292,0.0,1121.4893951239233,895.5304230398183,0.0,7817.368483036432,2612.06044810742,0.0,1837.288844154553,1238.4078740741954,0.0,2417.4248320931238,4466.568406616519,471.70826418875,0.0
365,0.3868591723654487,0.0410655863356925,0.0206607254352159,2.1316282072802932e-17,0.0869688907592083,0.0710701393442142,0.5733196865581403,1.0220120360834697,0.0,0.0,378.6108326151302,0.0,0.0,0.0,0.0,0.0,378.72585657906535,0.0,0.0,0.0,0.0,0.0,0.0,0.0,0.0,0.0,1936.288057029876,1547.3408864901123,6323.438073408806,1057.093977915742,0.0,1275.5873425965283,987.2247015719872,0.0,7740.5909475211265,2345.6760515663327,0.0,1854.858003154894,1265.5889441244487,0.0,2289.7208168406605,4452.565135594146,472.9923317357377,0.0
366,0.3202107675548178,0.036988818578073,0.0163412722524916,2.1316282072802932e-17,0.0785380209368772,0.107808447400837,0.3749096235218848,1.2576786541750486,0.0,0.0,341.09225509286256,0.0,0.0,0.0,0.0,0.0,326.33070611143506,0.0,0.0,0.0,0.0,0.0,0.0,0.0,0.0,0.0,2173.8770974626746,1650.7881824558945,6209.10846754915,878.2274635415507,0.0,1444.2107432933933,1140.3820881671852,0.0,7596.995272903731,2097.996757430116,0.0,1973.0004102756725,1353.808692308166,0.0,2267.0510011135643,4594.678367138917,530.6983299569589,0.0
367,0.2428097390004751,0.0300154221926909,0.0115523132890365,2.1316282072802932e-17,0.0671537412956811,0.1408261996943515,0.1670880614330805,1.597172089886549,0.0,0.0,324.75811101340145,0.0,0.0,0.0,0.0,0.0,307.3510905374027,0.0,0.0,0.0,0.0,0.0,0.0,0.0,0.0,0.0,1968.7739263131612,1434.5801268876578,5763.420488824702,722.4746298453499,0.0,1321.7124361911208,1323.879755802424,0.0,7255.558032766411,2062.9438575493755,0.0,2460.800982101463,1762.897915174707,0.0,2910.098730893797,5513.194150832097,894.1521215204591,0.0
368,0.1534744383189367,0.0229052925448504,0.0066694531694352,2.1316282072802932e-17,0.0556073997906974,0.1730359436411956,0.0469022546710973,1.984837644313935,0.0,0.0,309.965093098766,0.0,0.0,0.0,0.0,0.0,292.2591976058422,0.0,0.0,0.0,0.0,0.0,0.0,0.0,0.0,0.0,1814.2258979482683,1280.924481602412,5559.265680678375,630.5613976851944,0.0,1233.7192240308534,1359.541870767943,0.0,7133.623932933678,2071.614871346094,0.0,2678.5322737332926,1925.5290412540417,0.0,3272.012440206016,6021.333237191585,1044.557284052977,0.0
369,0.0774571643627123,0.0161369960531561,0.0020377229220245,2.1316282072802932e-17,0.0488282458768808,0.2036971422059798,0.0147151057908941,2.283886660211824,0.0,0.0,234.2165538044971,0.0,0.0,0.0,0.0,0.0,215.19866518963903,0.0,0.0,0.0,0.0,0.0,0.0,0.0,0.0,0.0,1662.5080167327274,1065.0369070606248,5366.282027655049,532.2924558984593,0.0,1143.1106550355669,1358.655705735389,0.0,7031.097255647335,2091.4210133843744,0.0,2807.870213447686,2006.7355548360515,0.0,3609.339918108964,6410.48605808598,1212.285301650768,0.0
370,0.042469506554306,0.0090952330365448,-4.618527782440642e-17,2.131628207280293e-17,0.0484880035813952,0.2331091290843341,6.592722872578646e-05,2.5248603183005165,0.0,0.0,187.4030282199008,0.0,0.0,0.0,0.0,0.0,166.3660008032366,0.0,0.0,0.0,0.0,0.0,0.0,0.0,0.0,0.0,1599.532447375572,971.7049135221924,5295.811462658714,506.665573466896,0.0,1104.4888339568702,1351.6944077620558,0.0,6994.28226638759,2106.4419694337184,0.0,2831.1256016234674,2021.9137669266904,0.0,3723.192810704692,6509.6944362569175,1286.794454689676,0.0
371,0.0271720292890361,0.0022520627282391,-4.618527782440643e-17,2.1316282072802932e-17,0.0474307754065115,0.2464876684273751,1.0231815394945458e-15,2.7414108611186503,0.0,0.0,114.29883789286026,0.0,0.0,0.0,0.0,0.0,85.98452935753957,0.0,0.0,0.0,0.0,0.0,0.0,0.0,0.0,0.0,1256.0258510927831,532.1799634194588,5416.768198747463,788.3954647345806,0.0,848.2305896790647,1058.2009667889524,0.0,7290.326000886263,2739.908662564161,0.0,2595.5832540178585,1717.8700743234886,0.0,3830.5395675757873,6218.406725195125,1356.237780855102,0.0
372,0.0121807920797339,-8.526512829121174e-17,-4.618527782440643e-17,2.1316282072802932e-17,0.0456194879999999,0.2359147112491688,1.0231815394945458e-15,2.933567419443168,0.0,0.0,71.96617078768435,0.0,0.0,0.0,0.0,0.0,57.2960397464734,0.0,0.0,0.0,0.0,0.0,0.0,0.0,0.0,0.0,877.6854188059436,339.33815163861937,4137.808940709759,713.0245591637827,0.0,578.4400030916125,685.8067636525088,0.0,5546.679211480332,2238.591769041458,0.0,1806.18877529855,1149.0222942937949,0.0,2743.9813126312943,4389.826669217418,950.703923480296,0.0
373,0.0012160593661704,-8.526512829121174e-17,-4.618527782440642e-17,2.1316282072802932e-17,0.0456194879999999,0.2236976766179393,1.0231815394945458e-15,3.037454290264894,0.0,0.0,55.32924531029805,0.0,0.0,0.0,0.0,0.0,47.99680809199905,0.0,0.0,0.0,0.0,0.0,0.0,0.0,0.0,0.0,619.0375778458764,239.32759175977068,2918.4342235899235,502.8828962736192,0.0,407.9607403157,483.6814710357317,0.0,3912.155819196516,1578.9005671112398,0.0,1273.9260223228475,810.4312659473212,0.0,1935.3682894609851,3096.19501969233,670.5307554072303,0.0
374,-2.966515921798414e-16,-8.526512829121173e-17,-4.618527782440642e-17,2.131628207280293e-17,0.0456194879999999,0.2112261204318927,1.0231815394945458e-15,3.095938526602843,0.0,0.0,202.19356047878665,0.0,0.0,0.0,0.0,0.0,48.25364054381718,0.0,0.0,0.0,0.0,0.0,0.0,0.0,0.0,0.0,256.3375170709017,99.09036476875154,1208.558878578674,208.2549278831362,0.0,168.92105365903657,200.3048885473197,0.0,1620.099456604879,653.8581652352642,0.0,527.5630519691887,335.62857709256866,0.0,801.4894881477171,1282.1688877483443,277.6722580979868,0.0
375,-2.966515921798414e-16,-8.526512829121174e-17,-4.618527782440642e-17,2.1316282072802932e-17,0.044338935007475,0.1931214043729227,1.0231815394945458e-15,3.2315589185905123,0.0,0.0,443.22533044741664,0.0,0.0,0.0,0.0,0.0,58.0,0.0,0.0,0.0,0.0,0.0,0.0,0.0,0.0,0.0,159.68686809031766,61.78299787736612,752.9555920349106,129.7532583339595,0.0,105.29078188684734,124.76625565842272,0.0,1009.3460704344892,407.3471933819226,0.0,328.6764262191809,209.0959516182512,0.0,499.35037488544384,798.7638958517728,172.97507928266575,0.0
376,-2.966515921798414e-16,-8.526512829121174e-17,-4.618527782440642e-17,2.1316282072802932e-17,0.0376798981395348,0.1553091660074743,1.0231815394945458e-15,3.325857610223404,0.0,0.0,686.9866193875906,0.0,0.0,0.0,0.0,0.0,59.86923805852687,0.0,0.0,0.0,0.0,0.0,0.0,0.0,0.0,0.0,72.30828592555685,29.44745913867653,345.3307405571322,61.84236265544959,0.0,46.939624166471845,55.19870051055514,0.0,457.8406616373759,185.9849664975097,0.0,144.6870868370372,93.15487073617538,0.0,219.06560419323336,352.3116505868108,75.67591031067566,0.0
377,-2.966515921798414e-16,-8.526512829121174e-17,-4.618527782440642e-17,2.1316282072802938e-17,0.0306323692624585,0.1252083141262452,1.2739805981089626e-05,3.312238557427225,0.0,0.0,929.5195721338451,0.0,0.0,0.0,0.0,0.0,104.453474736393,0.0,0.0,0.0,0.0,0.0,0.0,0.0,0.0,0.0,465.45155116718473,250.9463119400256,2405.267853964771,526.2243164502955,0.0,271.8101639544097,300.16616322301456,0.0,2980.3310306576464,1261.4906747120133,0.0,757.4868946181508,535.1571304930823,0.0,1115.319310050588,1876.9752605595168,375.7420137746085,0.0
378,-2.966515921798414e-16,3.624255149416396e-06,-4.618527782440642e-17,2.1316282072802932e-17,0.0230543812225914,0.0961797043919051,0.0168759397446099,3.1704044736753643,0.0,0.0,1194.6488719473602,0.0,0.0,0.0,0.0,0.0,120.9311768193699,0.0,0.0,0.0,0.0,0.0,0.0,0.0,0.0,0.0,1314.0,711.0,6798.0,1491.0,0.0,766.0,845.0,0.0,8415.0,3564.0,0.0,2131.0,1508.0,0.0,3136.0,5282.0,1056.0,0.0
379,-2.966515921798414e-16,0.00571850808492,-4.618527782440643e-17,1.3480461226826278e-05,0.0157795127043189,0.0773354573178828,0.0802986274344066,2.9959792487859738,0.0,0.0,1435.161054660363,0.0,0.0,0.0,0.0,0.0,723.5177331141508,0.0,0.0,0.0,0.0,0.0,0.0,0.0,0.0,0.0,1330.8739400026752,776.8990718608917,6961.616649006706,1611.75376887721,0.0,768.1459706562576,813.2818622463338,0.0,8465.470139360938,3510.426542698559,0.0,2042.1316744280796,1499.583167172416,0.0,3060.510356841684,5191.8513290468445,1018.8232830547712,0.0
380,-2.966515921798414e-16,0.023513178976744,-4.618527782440642e-17,0.0047772964973896,0.0078984051428571,0.0817684129036539,0.1874695266995738,2.784347289235857,0.0,0.0,2202.534468271354,0.0,0.0,0.0,0.0,0.0,2460.293336883174,0.0,0.0,0.0,0.0,0.0,0.0,0.0,0.0,0.0,1370.526055813491,814.366939631024,5871.740596160207,805.2934288635483,0.0,777.1104364267246,919.2916841691704,0.0,7041.947662857028,1922.5602820209847,0.0,1956.537891759751,1595.1150030849285,0.0,2423.368278779825,5025.913842195111,1040.9847321825007,0.0
381,-2.966515921798414e-16,0.0528312428812134,-4.618527782440642e-17,0.0131371012225913,0.0006152530568545,0.1007814595283641,0.3494711806253377,2.4399215956965903,405.3922039061193,26.09523273298448,3066.2802018944844,370.5893091713879,0.0,224.44675477592276,126.4292400274609,0.0,3533.0748668834385,530.0817617513812,0.0,102.0736894766754,159.48320148924125,0.0,495.2788670166499,1086.8355665995623,0.0,0.0,1270.3161069642783,672.6373655919311,4253.442976897148,104.11748653553664,0.0,638.1437402941151,903.9887228116826,0.0,5059.454627734833,350.3494170646445,0.0,1570.2841589071013,1471.7994738743223,0.0,1152.6079013419346,4158.633632877496,901.4026453547172,0.0
382,-2.966515921798414e-16,0.1156079734086377,-4.618527782440643e-17,0.0205606465714285,1.5987211554602278e-17,0.1470813346046509,0.5530967546710969,2.1293852333142698,378.3873137738248,24.358984349971788,2036.95451213806,345.8981480864212,0.0,209.4903565418734,117.983583105565,0.0,2365.017298904354,494.7902862867162,0.0,95.25149283068308,148.8661904853817,0.0,462.30112059931264,1014.4251392577706,1.2837383588334876,0.0,164.6951282494604,79.82731838995198,2078.1193342449974,0.0,0.0,75.8418135070469,117.22073185014976,0.0,2844.988419839932,0.0,0.0,187.20150876468912,187.20150876468912,0.0,85.68835498245946,686.8162600510191,110.65637086654137,0.0
383,-2.966515921798414e-16,0.1791839982857143,-4.618527782440642e-17,0.027479679129568,1.5987211554602278e-17,0.1933106250212334,0.7514894843131591,1.8885566516437784,304.7422458875012,19.63419158654614,1640.5798483406268,278.6008486281023,0.0,168.70171169387038,95.01106781231036,0.0,1904.829755006868,398.5167830836554,0.0,76.68825770594435,119.92850902354104,0.0,372.37538582425657,817.0300340498928,3.017896317117578,0.0,0.0,0.0,1515.7852441945888,0.0,0.0,0.0,0.0,0.0,2404.2822614750694,0.0,0.0,0.0,0.0,0.0,0.0,60.32354808828696,0.0,0.0
384,-2.966515921798414e-16,0.2433923135587262,-4.618527782440642e-17,0.0344707849435215,1.5987211554602278e-17,0.238326318728161,0.9316717341457884,1.6446696731115704,371.6785164978248,89.26697377487172,1935.432584073021,523.2385764061427,0.0,375.5399620626049,538.9571250270192,0.0,2432.6515921491914,959.6264859468116,0.0,759.4347151680713,818.5495075171779,0.0,1501.229215298099,2714.354738326513,733.2756369781273,0.0,0.0,0.0,1185.75598909864,0.0,0.0,0.0,0.0,0.0,2064.5004153494274,0.0,0.0,0.0,0.0,0.0,0.0,15.981482059077184,0.0,0.0
385,-2.966515921798414e-16,0.3043012484252498,-4.618527782440642e-17,0.0416158300797342,1.5987211554602278e-17,0.2730167878006644,1.074314432916944,1.3010145822236796,875.9310881457924,372.54403397796256,3932.24847104814,1138.1925912134689,0.0,916.8620407939412,1428.4842424983958,0.0,5089.09265277204,2191.4910027161573,0.0,1978.292763614545,2130.7826540010847,0.0,3637.590941157586,6585.907835643948,1916.236883779873,0.0,0.0,0.0,885.6088824934972,0.0,0.0,0.0,0.0,0.0,1696.985144313114,0.0,0.0,0.0,0.0,0.0,0.0,0.0,0.0,0.0
386,-2.966515921798414e-16,0.3523673832159478,-4.618527782440642e-17,0.0433881,1.5987211554602278e-17,0.2842528024584718,1.1922255472558143,0.979073217581376,1066.9928513026068,637.1181546471861,3863.470582810713,1024.8050148093694,0.0,972.684108500853,1506.723541030735,0.0,5048.031576414645,2014.2876454993595,0.0,1945.7919444753436,2145.206171720725,0.0,3388.0610838940825,6351.753619493772,1839.126376474,0.0,0.0,0.0,750.8403425554984,0.0,0.0,0.0,0.0,0.0,1363.9453705845665,0.0,0.0,0.0,0.0,0.0,0.0,0.0,0.0,0.0
387,-2.966515921798414e-16,0.3919516297499014,-4.618527782440643e-17,0.0433881,1.5987211554602278e-17,0.2902858199497675,1.3153341345177432,0.7161189966514084,1252.5904976481556,894.1494421573948,3796.607541437993,914.6227948222752,0.0,1026.895677819932,1582.7417344654614,0.0,5008.132745569564,1842.1721044176293,0.0,1914.2541030307573,2159.291044060816,0.0,3145.662153670341,6124.265335717197,1764.2693564150395,0.0,0.0,0.0,676.6426638909625,0.0,0.0,0.0,0.0,0.0,1173.678864600703,0.0,0.0,0.0,0.0,0.0,0.0,0.0,0.0,0.0
388,-2.966515921798414e-16,0.398644096939536,-4.618527782440643e-17,0.0433881,1.5987211554602278e-17,0.2896504386003989,1.3887354162617966,0.4891975780257637,1418.8056187982415,1123.3098389190566,3813.3055990975,896.156737245969,0.0,1067.9850618970447,1601.3008273279258,0.0,5036.967765385719,1771.19298103789,0.0,1816.111219325109,2082.955483870162,0.0,2884.97328767226,5768.238199643572,1637.7441799119906,0.0,0.0,0.0,521.3107413614415,0.0,0.0,0.0,0.0,0.0,1040.7851107130869,0.0,0.0,0.0,0.0,0.0,0.0,0.0,0.0,0.0
389,-2.966515921798414e-16,0.3910019431096356,-4.618527782440642e-17,0.043176359070598,1.5987211554602278e-17,0.2753913956561462,1.3987232044983398,0.3162682060190857,1443.234386490116,1155.2036734472904,3947.052144721865,1030.921597135619,0.0,1061.223156673653,1519.0696794955504,0.0,5151.828204783327,1903.3476439916776,0.0,1681.8378874890907,1919.2012550356824,0.0,2771.8729181983194,5454.743173296029,1517.1166546691738,0.0,0.0,0.0,500.8757379519056,0.0,0.0,0.0,0.0,0.0,1029.8141552132777,0.0,0.0,0.0,0.0,0.0,0.0,0.0,0.0,0.0
390,-2.966515921798414e-16,0.3728979649435229,-4.618527782440642e-17,0.0377466173820597,1.5987211554602278e-17,0.2374537841461794,1.3766994820660834,0.2056039946312106,1623.0634004983226,1342.835264871573,4534.278107261301,1600.112800782664,0.0,1043.7582672681392,1168.329958004275,0.0,5635.047901278939,2413.87222256681,0.0,1082.5695519911285,1212.2331951513206,0.0,2187.7406875573565,4024.734931881956,969.0256016402147,0.0,0.0,0.0,362.53939061284206,0.0,0.0,0.0,0.0,0.0,953.0580444911548,0.0,0.0,0.0,0.0,0.0,0.0,0.0,0.0,0.0
391,-2.966515921798414e-16,0.3457411575261142,-4.618527782440643e-17,0.0301789255215946,1.5987211554602278e-17,0.1933736326253815,1.3104365467431232,0.1838933389530711,1844.9593953153576,1508.92319294777,4650.112145675158,1655.453841340463,0.0,1072.3691527014664,1125.7678359536762,0.0,5680.040016112325,2339.986580750983,0.0,935.6901574566294,1098.7015055722693,0.0,1844.7027052608296,3593.2964888283195,809.4684801624903,0.0,0.0,0.0,258.5711456595582,0.0,0.0,0.0,0.0,0.0,885.228236157753,0.0,0.0,0.0,0.0,0.0,0.0,0.0,0.0,0.0
392,-2.966515921798414e-16,0.2843911831096345,-4.618527782440643e-17,0.0229715999401993,1.5987211554602278e-17,0.145952873342192,1.1796881980257807,0.1563705476611112,2069.803309960074,1677.2213957370302,4767.302904693232,1711.319740756993,0.0,1101.376438811102,1082.7936259996495,0.0,5725.447289365057,2264.9140983577904,0.0,787.0797411309596,983.8574296552564,0.0,1497.230362167449,3156.5873278527138,647.9663743743166,0.0,0.0,0.0,197.09984978477067,0.0,0.0,0.0,0.0,0.0,857.6150923394551,0.0,0.0,0.0,0.0,0.0,0.0,0.0,0.0,0.0
393,-2.966515921798414e-16,0.2194906577142853,-4.618527782440642e-17,0.0159084208704319,1.5987211554602278e-17,0.0987643505631228,1.0015571961852163,0.12581725305646,2320.824457435764,1871.966911408971,4885.737924302694,1752.04215905129,0.0,1141.6411815226154,1055.8810594951144,0.0,5762.281498637388,2166.2042647760923,0.0,646.84151194133,881.2878332341601,0.0,1155.343512582332,2732.388594088581,491.15686605854194,0.0,0.0,0.0,175.5956542241846,0.0,0.0,0.0,0.0,0.0,834.3845260550593,0.0,0.0,0.0,0.0,0.0,0.0,0.0,0.0,0.0
394,-2.966515921798414e-16,0.1559241053222589,-4.618527782440642e-17,0.0089893883122923,1.5987211554602278e-17,0.0541766427009963,0.862599461327243,0.0958874950763932,2747.25432836735,2253.172827510725,4995.406685960837,1662.4129674555925,0.0,1267.3510209183366,1164.8713035624112,0.0,5723.124849775908,1889.2338584501128,0.0,597.6682209467637,894.81072804726,0.0,912.6083659768055,2477.274255503424,397.45896024928953,0.0,0.0,0.0,98.41973172581744,0.0,0.0,0.0,0.0,0.0,757.7320490713702,0.0,0.0,0.0,0.0,0.0,0.0,0.0,0.0,0.0
395,-2.966515921798414e-16,0.102460144547698,-4.618527782440642e-17,0.0025350958747033,1.5987211554602278e-17,0.0219657514655903,0.816689106259137,0.0678283469700809,3010.217281568809,2482.0367054631206,5062.221124616532,1597.3614231276113,0.0,1343.2455564988695,1249.7758222726463,0.0,5692.710814709944,1708.795501987921,0.0,588.7174435606125,929.0451623165368,0.0,798.4954609317099,2371.807028409083,360.4653320384776,0.0,0.0,0.0,72.24649629018961,0.0,0.0,0.0,0.0,0.0,738.8830782465321,0.0,0.0,0.0,0.0,0.0,0.0,0.0,0.0,0.0
396,-2.966515921798414e-16,0.0505698910564783,-4.618527782440642e-17,2.1316282072802932e-17,1.5987211554602278e-17,0.0084644504757054,0.8140275910745446,0.034780905867091,3098.758485937172,2457.1752655758755,5161.604017804169,1634.1652820345043,0.0,1301.3261739056793,1294.738201873146,0.0,5719.93835059936,1661.8691851256,0.0,603.0780897821977,1000.0879763510172,0.0,767.8104382521843,2372.7888192708874,375.31394477028175,0.0,0.0,0.0,65.9027322969725,0.0,0.0,0.0,0.0,0.0,698.1358317330981,0.0,0.0,0.0,0.0,0.0,0.0,0.0,0.0,0.0
397,-2.966515921798414e-16,0.0057184874796829,-4.618527782440642e-17,2.1316282072802932e-17,1.5987211554602278e-17,0.0013037180761558,0.8008970058154873,0.0046199960194039,3007.8218614362117,2246.2335441236905,5237.896728879205,1732.5650106236335,0.0,1187.8279836107768,1286.5772848952813,0.0,5778.883900516363,1742.189905406966,0.0,628.6682817444286,1065.2444751975288,0.0,817.2332540754421,2456.4488728473766,423.4079308549817,0.0,0.0,0.0,257.11518472295603,0.0,0.0,0.0,0.0,0.0,635.9289002364774,0.0,0.0,0.0,0.0,0.0,0.0,0.0,0.0,0.0
398,0.0005128581150547,-1.7408297026122448e-16,0.0001547678335372,2.1316282072802932e-17,1.5987211554602278e-17,-5.133671265866731e-16,0.8224130305661824,-1.8530954548623395e-14,2876.6165740768038,1956.406653218107,5337.036836157337,1866.1783939062773,0.0,1033.6943452508708,1272.369874373118,0.0,5858.585117122708,1856.054432538685,0.0,663.1415577489403,1150.6947815842118,0.0,887.432100237647,2571.8756596114144,488.8555917951167,0.0,0.0,0.0,725.0114002873888,0.0,0.0,0.0,0.0,0.0,602.7926909169336,0.0,0.0,0.0,0.0,0.0,0.0,0.0,0.0,0.0
399,0.0069618488241755,-1.7408297026122448e-16,0.0019533911561461,2.131628207280293e-17,9.7607780730913e-05,-5.133671265866731e-16,0.8628734849018643,6.69093258184228e-05,2727.241018879536,1658.907999633792,5392.322440690566,1954.7700455216068,0.0,882.5670237235198,1230.611306929598,0.0,5895.271458276906,1917.666367985959,0.0,669.4314362406844,1192.9141950011035,0.0,928.7617311897374,2622.505483999273,519.8099028688684,0.0,0.0,0.0,1137.6461362773805,0.0,0.0,0.0,0.0,0.0,899.2101288501467,0.0,0.0,0.0,0.0,0.0,0.0,0.0,0.0,0.0
400,0.0209688851817747,0.0015857292985285,0.0039277865182723,2.1316282072802932e-17,0.0063465649833887,-5.133671265866731e-16,0.8793462608628363,0.0098039828030189,2198.4332596266613,983.0740118828184,4977.433569317787,1566.791598171069,0.0,591.8514365256275,799.2572976369424,0.0,5388.4995892373945,1373.301364685082,0.0,360.559093492551,761.5118886174796,0.0,650.4710460244484,1998.7512067004247,190.20475565620185,0.0,0.0,0.0,1587.3970259694509,0.0,0.0,0.0,0.0,0.0,1564.8694665801777,0.0,0.0,0.0,0.0,0.0,0.0,0.0,0.0,0.0
401,0.0568468538671093,0.0083695583122921,0.0059861987043188,0.0008699536153298,0.0180512617275747,0.0081119479036539,0.8505331823742271,0.0937693503409876,1996.0149717292416,766.4722795556236,4610.830004452188,1158.525929615992,0.0,475.3046604904458,556.3676681295351,0.0,4896.134297731648,861.6874735809722,0.0,175.30651896572286,466.23694674040416,0.0,379.121804769265,1609.4627446728252,38.46482527784614,0.0,0.0,0.0,1962.233760948253,0.0,0.0,0.0,0.0,0.0,2119.5978030683304,0.0,0.0,0.0,0.0,0.0,0.0,0.0,0.0,0.0
402,0.0977856987109632,0.0160373290365446,0.0082336487441859,0.0071224850631229,0.0308308796013289,0.0427975111495011,0.8037863703060374,0.3059031401297449,1340.137954187732,191.9305696069433,2525.943631442785,29.458300162170133,0.0,194.47077378221644,161.38063783193434,0.0,2582.886120317718,0.0,0.0,2.4200869821612856,80.60674280252788,0.0,0.0,522.3841125001735,0.0,0.0,0.0,0.0,2408.258820052169,0.0,0.0,0.0,0.0,0.0,2779.5918053164223,0.0,0.0,0.0,0.0,0.0,0.0,350.0688912465019,0.0,0.0
403,0.1375767254750829,0.0234901155348835,0.0104180861661128,0.0142326147109634,0.0432922717098978,0.0858866100996672,0.8013560099913493,0.5781833141916695,590.3499837698561,0.0,1252.1336296104812,0.0,0.0,8.86470630675524,0.0,0.0,1271.3534085372562,0.0,0.0,0.0,0.0,0.0,0.0,24.95250664123697,0.0,0.0,57.21030302509487,42.66403987061466,3537.763157618753,166.75716111115466,0.0,100.58927056949967,13.87143651329299,0.0,4278.174666635798,410.8843019559178,0.0,113.9353581341737,26.018316054663067,0.0,303.0368794308828,1461.3093573597253,0.0,0.0
404,0.1735227470033222,0.0302979493554815,0.0122934617000473,0.0207274446777408,0.0724015372368297,0.1252862643758894,0.7837041678680592,0.9307499659449266,37.65182985642142,0.0,198.18180984919456,0.0,0.0,0.0,0.0,0.0,201.23063038844597,0.0,0.0,0.0,0.0,0.0,0.0,0.0,0.0,0.0,774.6429003083488,520.8914675448935,7580.265151799324,2077.4909486159822,0.0,699.7479054024133,236.32164433262096,0.0,9167.266566062026,3921.236481446871,0.0,1104.9221140702684,405.90415529384535,0.0,2231.133445208315,3625.612047164058,0.0,0.0
405,0.2037565749215436,0.0370341217674417,0.0126445319999999,0.027153908013289,0.1236157239767443,0.1790901129698436,0.7121111711193463,1.3883201349138576,0.0,0.0,297.13115328281174,0.0,0.0,0.0,0.0,0.0,328.796006742844,0.0,0.0,0.0,0.0,0.0,0.0,0.0,0.0,0.0,861.1718980891432,554.3316210164442,8043.474396226966,2186.3971264882643,0.0,740.9824955257552,266.5613006263251,0.0,9632.762068201351,4131.942399382377,0.0,1216.859190067266,472.3812519074016,0.0,2376.4957040825616,3816.8255296575776,0.0,0.0
406,0.2278485966785892,0.042711566530289,0.0126445319999999,0.0339222045049833,0.1736869075351664,0.255475445453311,0.5987516615282396,1.952749498245827,0.0,0.0,558.3938635111484,0.0,0.0,0.0,0.0,0.0,611.0779859874347,0.0,0.0,0.0,0.0,0.0,0.0,0.0,0.0,0.0,1223.8563865441868,1171.6178915062103,8342.106822166857,2242.335246473553,0.0,855.3317171362338,238.0603500645657,0.0,9679.17319553919,3690.004191961024,0.0,975.261162984224,294.19794021261265,0.0,1689.7723443478471,3049.1776328806477,0.0,0.0
407,0.2303288280000001,0.0431401679999998,0.0126445319999999,0.0401126577324706,0.2366276187109634,0.3980760036153167,0.4769371511760804,2.550949140050339,0.0,0.0,497.0966031906699,0.0,0.0,0.0,0.0,0.0,509.06699314067913,0.0,0.0,0.0,0.0,0.0,0.0,0.0,0.0,0.0,1654.7179206649316,1877.35615412193,8594.980270750471,2303.061240867535,0.0,1016.4809622890988,237.205239605366,0.0,9683.417913164243,3230.688321942568,0.0,712.4540740588949,108.85541541093184,0.0,938.9882996479244,2198.878210504042,0.0,0.0
408,0.2296733353965694,0.0431401679999999,0.0124464923436164,0.0411567119999999,0.3042067981395345,0.5331946517342188,0.3533364848363959,3.1038417294097025,0.0,0.0,454.36995058899697,0.0,0.0,0.0,0.0,0.0,436.5010785844339,0.0,0.0,0.0,0.0,0.0,0.0,0.0,0.0,0.0,2143.857311125007,2617.640732192598,8692.943275538628,2264.811912910011,0.0,1232.223955431755,307.9373247683474,0.0,9498.182054459669,2649.291730998806,0.0,500.1662941276789,0.0,0.0,344.3216485702916,1543.140001136945,0.0,0.0
409,0.2237278309937889,0.0431401679999999,0.010775157667774,0.0411567119999999,0.3647527917165959,0.6457987013725258,0.2382306532650586,3.553640763823754,0.0,0.0,400.0819684248298,0.0,0.0,0.0,0.0,0.0,365.4154200784049,0.0,0.0,0.0,0.0,0.0,0.0,0.0,0.0,0.0,2378.5382812776747,2962.8901002627927,8647.075041295098,2201.0747877517238,0.0,1338.3337559056256,381.38845223085366,0.0,9298.407783027222,2361.7224616798544,0.0,451.7769044617074,0.0,0.0,171.38840152217864,1366.9608313205115,0.0,0.0
410,0.207365317915045,0.0411470630090174,0.0086327286578072,0.0411567119999999,0.405486196445182,0.7676107099449443,0.1369277278697211,3.916518938470314,0.0,0.0,353.17883224152166,0.0,0.0,0.0,0.0,0.0,322.578190437303,0.0,0.0,0.0,0.0,0.0,0.0,0.0,0.0,0.0,2421.2948381699234,3004.517238671095,8680.312213822657,2225.599303403126,0.0,1352.8548506992197,366.38332094414005,0.0,9311.31542284375,2369.9510820628907,0.0,421.7666418882801,0.0,0.0,154.64073886023374,1293.709975361716,0.0,0.0
411,0.1700385198936874,0.0341256570099666,0.0064692954418604,0.0401201715221601,0.4155505058870435,0.8657566197099019,0.0860882925380662,4.091711403430244,0.0,0.0,136.49696224003392,0.0,0.0,0.0,0.0,0.0,127.45443360050872,0.0,0.0,0.0,0.0,0.0,0.0,0.0,0.0,0.0,2587.048347727832,3211.443897602487,8895.058294410514,2384.957856007913,0.0,1365.944807457359,268.98759252850994,0.0,9456.787997881438,2460.960957875786,0.0,256.95721492884906,0.0,0.0,82.18971008085917,955.4376938667422,0.0,0.0
412,0.1348387654485047,0.0275328074152822,0.0045369084916943,0.0344444267242524,0.4223124324757488,0.913005590506311,0.0636353308704333,4.132748452308282,0.0,0.0,137.30733812297632,0.0,0.0,0.0,0.0,0.0,139.5229590062335,0.0,0.0,0.0,0.0,0.0,0.0,0.0,0.0,0.0,2459.273212146845,3253.024945522397,9124.566298790556,2555.8331712772806,0.0,1167.6215728497975,164.1625082994077,0.0,9769.559787983111,2658.4389076172,0.0,167.2223391697591,0.0,0.0,109.42111348384466,966.5673462355956,0.0,0.0
413,0.0996390110033221,0.0209399578205979,0.0026045215415281,0.0281546966511627,0.4145966678272439,0.8924399003161084,0.0420759548970111,4.152997996143611,0.0,0.0,137.97802196955524,0.0,0.0,0.0,0.0,0.0,149.21260525708527,0.0,0.0,0.0,0.0,0.0,0.0,0.0,0.0,0.0,2369.493097535689,3205.769904321221,9216.50690246431,2614.856941328293,0.0,1112.6197031183297,124.5385535174172,0.0,9846.110632627324,2729.533270675964,0.0,172.29122975829577,0.0,0.0,162.95081115937225,1018.7075151166786,0.0,0.0
414,0.0592354851189367,0.0132721870963453,0.0005188038877075,0.0208394671096345,0.3854995687395358,0.8643727036644513,0.0170166741647852,4.0355515760810405,0.0,0.0,134.1588262072171,0.0,0.0,0.0,0.0,0.0,158.1423909886826,0.0,0.0,0.0,0.0,0.0,0.0,0.0,0.0,0.0,2284.86645027853,3159.051423679971,9301.133549721471,2668.634670636401,0.0,1063.2471308228928,88.25374951330097,0.0,9914.006859269146,2794.5563579271025,0.0,179.08225407141376,0.0,0.0,214.3918497842751,1069.0686480819456,0.0,0.0
415,0.0250395944372089,0.0074681072132888,-4.618527782440642e-17,0.0136609708305647,0.3293494641966774,0.8253565673621248,0.0006709814192703,3.8021586874604423,0.0,0.0,78.72461354895702,0.0,0.0,0.0,0.0,0.0,169.75043462036285,0.0,0.0,0.0,0.0,0.0,0.0,0.0,0.0,0.0,2158.1574108077684,3094.9385657446483,9508.512550046662,2780.162762634269,0.0,995.2164291332743,30.720901583334413,0.0,10077.626367283796,2943.777867830493,0.0,193.00272502877257,0.0,0.0,312.26593911337864,1160.566524903265,0.0,0.0
416,0.0023282844083355,0.0125207831557835,-4.618527782440642e-17,0.0068243077076411,0.278469240052914,0.7642352115595272,0.0058040948593187,3.497151488046608,0.0,0.0,105.77849534459446,0.0,0.0,0.0,0.0,0.0,261.00745523199504,0.0,0.0,0.0,0.0,0.0,0.0,0.0,0.0,0.0,2138.235788241899,3105.1958803965344,9636.926592258698,2849.01635497131,0.0,982.089762712612,11.345454545454546,0.0,10166.525468659474,3022.736621575615,0.0,201.9876823371202,0.0,0.0,349.35126873197555,1194.046900010521,0.0,0.0
417,-2.8421709430403993e-16,0.026293718958302,-4.618527782440642e-17,0.0007084107630348,0.2152461607176083,0.6486083341362796,0.0323476539155209,3.1700852296109328,0.0,0.0,912.6499226820893,0.0,0.0,0.0,0.0,0.0,1069.1073805433518,0.0,0.0,0.0,0.0,0.0,0.0,0.0,0.0,0.0,2013.55550861636,3078.564647713877,9657.728888509,2984.0767169188043,0.0,877.1506928676525,0.0,0.0,10044.336107758523,3097.3337944921886,0.0,226.0922496459412,0.0,0.0,419.4579453890598,1244.3639190287638,0.0,0.0
418,-2.8421709430404003e-16,0.072361136990033,-4.618527782440642e-17,2.131628207280293e-17,0.1511417200733453,0.5544680473646814,0.1100249730897022,2.822077800577281,0.0,0.0,2172.173551397195,0.0,0.0,0.0,0.0,0.0,2450.276059282693,0.0,0.0,0.0,0.0,0.0,0.0,58.38461538461539,0.0,0.0,1512.2661675633915,2344.9931310069373,7377.311299275476,2305.219152654892,0.0,648.6350448740541,0.0,0.0,7643.840459542821,2379.5715651606806,0.0,177.44604088966014,0.0,0.0,334.2432830728329,960.072729633034,0.0,0.0
419,-2.8421709430403993e-16,0.1265721689302323,-4.618527782440642e-17,4.365580066447315e-05,0.1031784256345514,0.4891616539694357,0.2605596737222603,2.436646409089675,0.0,0.0,2951.0,0.0,0.0,0.0,0.0,0.0,3375.0,0.0,0.0,0.0,0.0,0.0,0.0,132.0,0.0,0.0,1070.8613802091224,1660.5360594029398,5224.011065312927,1632.385119260494,0.0,459.2771980603121,0.0,0.0,5412.734436126685,1685.0018081527503,0.0,125.6494623427792,0.0,0.0,236.65980451583573,679.8367004091529,0.0,0.0
420,-2.8421709430403993e-16,0.1813420774883719,-4.618527782440642e-17,0.0015716088239202,0.0808739171004826,0.4204592579838271,0.47639683876387,2.113760903071751,60.97782635687008,54.20410034838164,4281.70218106674,1032.639116293009,0.0,75.55204688153462,0.0,0.0,4723.855774452642,1304.2172044279866,0.0,7.444207174309016,0.0,0.0,363.94686013742063,809.2125330837238,0.0,0.0,589.3026563756927,638.9588698105802,3063.8896760492653,347.1968476192964,0.0,176.69655327846897,0.0,0.0,3047.760663751507,358.3776915394707,0.0,26.70744981686895,0.0,0.0,50.33489357270879,276.4988015737926,0.0,0.0
421,-2.8421709430404003e-16,0.2385446564336823,-4.618527782440642e-17,0.003863538358804,0.0830489830564782,0.3597900415093275,0.7246586180677248,1.8582313633493237,153.0,292.0,5959.0,2531.0,0.0,199.0,0.0,0.0,6577.0,3300.0,0.0,50.0,0.0,0.0,1006.0,1769.0,0.0,0.0,673.9290043569104,300.28398257235835,3799.6074554766737,0.0,0.0,83.03307093856878,0.0,0.0,3593.3039257996384,0.0,0.0,0.0,0.0,0.0,0.0,163.37902068943418,0.0,0.0
422,-2.8421709430403993e-16,0.2866205118737536,-4.618527782440642e-17,0.0059153609900332,0.0872572963369718,0.3246479698063595,0.9886327331305196,1.6314343919060033,754.776629202294,702.9792230204295,5947.729267145375,2502.4206416900583,0.0,537.1219856387471,165.84078343233784,0.0,6508.570550525492,3155.493103756774,0.0,233.14940888765463,262.84959121678787,0.0,1043.4349341242898,2043.1203240714128,103.85175273190087,0.0,447.5078961387838,0.0,3671.5822550519015,0.0,0.0,0.0,0.0,0.0,3533.0663819123347,0.0,0.0,0.0,0.0,0.0,0.0,37.64085107709397,0.0,0.0
423,-2.8421709430403993e-16,0.3344370977829448,-4.618527782440642e-17,0.0080108394219269,0.1082302193643409,0.3488602757076409,1.2813622569723164,1.374651682779602,1709.6348508232622,1442.0706287828314,5866.222980311239,2381.687483659855,0.0,1068.246340978881,501.6726653154128,0.0,6402.649304647771,2919.0048179415026,0.0,564.217797849801,718.7438408781463,0.0,1187.4641388286825,2622.335877007788,300.7818376302644,0.0,0.0,0.0,2129.0153803769795,0.0,0.0,0.0,0.0,0.0,2441.9315378175265,0.0,0.0,0.0,0.0,0.0,0.0,0.0,0.0,0.0
424,-2.8421709430403993e-16,0.3560707130232548,-4.618527782440642e-17,0.010346424757475,0.1513597118595873,0.3973441720416215,1.605454828926975,1.1128999199676322,1137.873106757893,1319.375404179185,5471.329625500961,2015.9562772923764,0.0,993.8770352336892,697.9884593175155,0.0,6401.070425145676,3153.5058503506225,0.0,1021.8341878790264,1030.81181258486,0.0,2293.3217454329124,4134.079376874349,760.3306784218208,0.0,0.0,0.0,1971.3712523027564,0.0,0.0,0.0,0.0,0.0,2319.3558538682314,0.0,0.0,0.0,0.0,0.0,0.0,0.0,0.0,0.0
425,-2.8421709430403993e-16,0.3609591462237922,-4.618527782440643e-17,0.0124874166836785,0.189639588832968,0.4283295103713848,1.8710980966746324,0.8567257399852759,462.611732411509,730.4057414813427,5192.951377789144,1866.470710495865,0.0,769.1023037291345,538.499421876392,0.0,6349.287090550101,3494.9380775285827,0.0,1382.2966291157911,1055.6042842145512,0.0,3284.3690581575747,5363.768398207798,1007.9829478686764,0.0,0.0,0.0,1805.608516569989,0.0,0.0,0.0,0.0,0.0,2174.861642426108,0.0,0.0,0.0,0.0,0.0,0.0,0.0,0.0,0.0
426,-2.8421709430404003e-16,0.3573705027109635,-4.618527782440642e-17,0.0131403959999999,0.2277173050564784,0.4462627101405561,2.080468281394839,0.5958186601832126,45.30698871947318,326.512914580743,4921.914069389813,1664.767526240862,0.0,628.0283396049383,363.9052228709344,0.0,6293.347096471175,3679.0757873578686,0.0,1617.9058328019569,958.4494439519768,0.0,4107.745357215461,6372.151214836588,1125.9228665138658,0.0,0.0,0.0,1609.4996122696944,0.0,0.0,0.0,0.0,0.0,1980.112375216792,0.0,0.0,0.0,0.0,0.0,0.0,0.0,0.0,0.0
427,-2.8421709430403993e-16,0.3537462475614625,-4.618527782440642e-17,0.0131403959999999,0.2586552649235881,0.4559193542392018,2.228489272486476,0.3863580720227587,30.789452895434447,308.2923434114647,4912.685723347853,1658.0,0.0,626.4834109350289,359.0602580529625,0.0,6298.584764634814,3695.871327014218,0.0,1631.2557600972589,957.2369148659794,0.0,4156.486576756316,6437.147356665969,1139.217435284978,0.0,0.0,0.0,1585.1041664039308,0.0,0.0,0.0,0.0,0.0,1954.940178803387,0.0,0.0,0.0,0.0,0.0,0.0,0.0,0.0,0.0
