Time,r-biceps,l-biceps,r-lats,l-lats,r-quat,l-quat,r-hamstring,l-hamstring,L1,L2,L3,L4,L5,L6,L7,L8,L9,L10,L11,L12,L13,L14,L15,L16,L17,L18,R1,R2,R3,R4,R5,R6,R7,R8,R9,R10,R11,R12,R13,R14,R15,R16,R17,R18
0,0.1108962605015282,0.4153504140550162,0.1363510682790697,0.0857245070511628,0.2514454517852492,0.4938523571792694,0.6217219765052489,0.7779117726777415,0.0,0.0,136.92661992034363,0.0,0.0,0.0,0.0,0.0,87.07338007965636,0.0,0.0,0.0,0.0,0.0,0.0,0.0,0.0,0.0,645.462259113774,0.0,7836.189216889649,1883.7203700385776,0.0,292.56720286575285,0.0,0.0,10455.848910927927,5513.453636676321,0.0,1052.5299078909825,0.0,0.0,4414.429917795262,5190.499695640788,0.0,0.0
1,0.15564912869103,0.517545694584717,0.1839803704983388,0.1016595332491695,0.3724935767774088,0.7846803284806207,0.7494059534285703,1.0165563747995574,0.0,0.0,136.72103718199136,0.0,0.0,0.0,0.0,0.0,87.27896281800862,0.0,0.0,0.0,0.0,0.0,0.0,0.0,0.0,0.0,725.762876714173,0.0,7859.132250489764,1894.1434148730375,0.0,315.44856164436106,0.0,0.0,10360.170704498782,5324.214726023051,0.0,1031.601585126721,0.0,0.0,4197.108405083071,4998.588209388939,0.0,0.0
2,0.2039885240830568,0.6125959043521587,0.2288618283588039,0.1150593929700998,0.4806392454418608,1.070832797532468,0.8521138665448487,1.2220939691271513,0.0,0.0,110.77749515358704,0.0,0.0,0.0,0.0,0.0,66.21768073183274,0.0,0.0,0.0,0.0,0.0,0.0,0.0,0.0,0.0,1082.9233125006097,700.7895277064307,8024.251410929829,1955.9436366353975,0.0,417.178627318857,0.0,0.0,9942.0771048623,4387.708577767682,0.0,901.285379720462,0.0,0.0,3050.44965263309,3985.287519528501,0.0,0.0
3,0.2492569123654491,0.6979873063565882,0.2619593927884828,0.1252431228394243,0.5814670151849388,1.3370098881306736,0.9401002870985578,1.421509839295679,0.0,0.0,71.96214407601065,0.0,0.0,0.0,0.0,0.0,33.36563418782194,0.0,0.0,0.0,0.0,0.0,0.0,0.0,0.0,0.0,1260.5455088751678,2357.24255580027,8223.518410475212,2015.3551290811408,0.0,467.83004963196265,0.0,0.0,9747.684758903297,3745.4589649879904,0.0,767.1605989837117,0.0,0.0,2145.5029670524023,3184.444732350936,0.0,0.0
4,0.2926367279010997,0.727180025681062,0.2812633938906209,0.1315663703498596,0.6708952323273695,1.572885027437001,0.9670170110324532,1.5877880659895198,0.0,0.0,46.66900263490882,0.0,0.0,0.0,0.0,0.0,5.644411592882104,0.0,0.0,0.0,0.0,0.0,0.0,0.0,0.0,0.0,1735.7531561807343,2998.2700184577025,7697.301401676644,1591.911403980514,0.0,762.6863305341855,173.8921291467216,0.0,8586.523829869502,2427.743966568096,0.0,1019.5139902532318,145.0105945802709,0.0,1535.412198081336,2967.999562659425,82.89828996966706,0.0
5,0.3219083299890229,0.7138489444385362,0.3256442673488375,0.1480244646378741,0.7266776795646386,1.7178812727646926,0.9341510306216948,1.6515060479765986,0.0,0.0,3.916283544230423,0.0,0.0,0.0,0.0,0.0,0.3694607117198512,0.0,0.0,0.0,0.0,0.0,0.0,0.0,0.0,0.0,2147.226218304504,3768.522176679026,7252.538586278853,1311.768826703703,0.0,1011.7354190094238,437.43513263805534,0.0,7917.306480111109,1867.4172016721568,0.0,1190.465129964991,338.215861135356,0.0,1464.1960796685066,3092.5501821959497,124.54677182860628,0.0
6,0.3384340441196012,0.6992926178471736,0.3772108285714293,0.1693943909102995,0.7422457900689364,1.7748723596910263,0.8838152366337221,1.62591343097093,0.0,0.0,0.0,0.0,0.0,0.0,0.0,0.0,0.0,0.0,0.0,0.0,0.0,0.0,0.0,0.0,0.0,0.0,2438.133688725726,4296.710954990731,7079.550828193103,1215.760925376321,0.0,1165.118096066057,635.2170523095339,0.0,7629.282776128964,1594.3851187611808,0.0,1217.278211230361,476.3176909600483,0.0,1315.714672869153,3023.643172433269,134.0615020438324,0.0
7,0.3411721414285714,0.6695961026511612,0.4207758550675533,0.1888943937209307,0.7217302502967896,1.7781776086954597,0.808757799102992,1.5513278825957917,0.0,0.0,0.0,0.0,0.0,0.0,0.0,0.0,0.0,0.0,0.0,0.0,0.0,0.0,0.0,0.0,0.0,0.0,2674.5473012868224,4712.667996100859,6844.772122653579,1103.853446355635,0.0,1290.3746034178575,863.1074314529017,0.0,7310.181158869683,1341.3121917695823,0.0,1297.482480067988,679.8996175128688,0.0,1253.724576002099,3081.2900628637726,195.132153891202,0.0
8,0.3369267450921429,0.5759891034475562,0.4408963207468981,0.1991322281063123,0.6778472815163078,1.7194193633678236,0.6732595561261112,1.424609657029765,0.0,0.0,0.0,0.0,0.0,0.0,0.0,0.0,0.0,0.0,0.0,0.0,0.0,0.0,0.0,0.0,0.0,0.0,1848.78614645164,3062.3123117030373,6364.47544769613,1026.7410395303227,0.0,861.4844028672834,993.1948244170944,0.0,7255.327838894647,1800.366345574339,0.0,1827.8238845932772,1227.0773272023573,0.0,2286.856186084708,4456.907472654098,723.6734164542596,0.0
9,0.3146163880509426,0.4516830941860466,0.4527734367043188,0.2081108626312287,0.6105456680952387,1.5789466745492822,0.5125575998848289,1.2529738294219277,0.0,0.0,0.0,0.0,0.0,0.0,0.0,0.0,0.0,0.0,0.0,0.0,0.0,0.0,0.0,0.0,0.0,0.0,1541.319249598982,2322.913355182984,6142.788394687582,978.5160206927886,0.0,704.4059091754342,1066.5689148055494,0.0,7227.42843623611,2002.125297609932,0.0,2085.450774555134,1451.9257763910002,0.0,2747.9821798382704,5085.376380142221,986.9105046045864,0.0
10,0.2761748834277416,0.3311380855938535,0.4542857109343858,0.2121650290315605,0.5141117643114619,1.3479206369476753,0.3594628922890361,1.0216315198828905,0.0,0.0,0.0,0.0,0.0,0.0,0.0,0.0,0.0,0.0,0.0,0.0,0.0,0.0,0.0,0.0,0.0,0.0,1588.7957780552608,1845.033710646756,5749.249625747987,798.7106204923958,0.0,792.2808372355706,1330.326978317745,0.0,6945.951929087901,1962.4767131777676,0.0,2389.883567099263,1816.2994921908123,0.0,2927.5371731577397,5562.818960743706,1264.802019153542,0.0
11,0.2267299897047935,0.2274697849036543,0.4215074634418622,0.2046448109631831,0.4005134443756183,1.1022617976681812,0.2589333962481526,0.836616048903926,0.0,0.0,0.0,0.0,0.0,0.0,0.0,0.0,0.0,0.0,0.0,0.0,0.0,0.0,0.0,0.0,0.0,0.0,1819.5443994525983,1653.9045733887576,5632.833774081906,851.7600805743942,0.0,936.744302660162,1562.8156305174589,0.0,6969.568938914556,1976.5133787264976,0.0,2409.633260162445,1992.36139464544,0.0,2709.9835829788394,5365.775245243924,1256.1838091079294,0.0
12,0.1749174968827715,0.1235401500199334,0.376626005581397,0.1912478257674412,0.2926231844651168,0.8836363216052616,0.2557194753667371,0.7101587433105987,0.0,0.0,93.70423761861431,0.0,0.0,0.0,0.0,0.0,81.11908228259458,0.0,0.0,0.0,0.0,0.0,0.0,0.0,0.0,0.0,1981.8081812231396,1365.219196791823,5864.989642674775,1070.8978502355117,0.0,1051.3323247585324,1694.7935648969994,0.0,7301.964703049145,2201.2369282218283,0.0,2248.946531443827,1985.672844078972,0.0,2337.9867624015483,4815.050582118335,1082.378161964682,0.0
13,0.1292149922591358,0.0319107099492358,0.3434584368940874,0.1810228629791357,0.1907580241578742,0.6894068194453166,0.2870217004449173,0.5927980646463804,0.0,0.0,1398.5369729239922,0.0,0.0,0.0,0.0,0.0,1197.7400486623146,0.0,0.0,0.0,0.0,0.0,0.0,0.0,0.0,0.0,1811.2158735440275,973.1227246801416,5334.642017649997,980.325421079606,0.0,945.2175215506423,1503.353056651177,0.0,6725.458188477969,1975.961817426498,0.0,1799.5167373133224,1623.9772396685046,0.0,1760.8074895846266,3854.697724297078,776.8807203052887,0.0
14,0.087717779549736,0.0012504003283172,0.3256056021668951,0.1746711222880593,0.1035838609153801,0.5443985907649019,0.376733715731093,0.5224252033988678,0.0,0.0,1537.9134830850014,0.0,0.0,0.0,0.0,0.0,1351.2422698766866,0.0,0.0,0.0,0.0,0.0,0.0,0.0,0.0,0.0,1266.847735179496,680.2254373435469,3732.87161112168,684.8958152377057,0.0,660.5203965362941,1050.2955466917688,0.0,4705.171874801119,1380.6104914095486,0.0,1257.2552927566712,1134.2851260688112,0.0,1230.0890832985249,2694.3711836268485,542.3783517500092,0.0
15,0.0577563889378264,0.0065228355747507,0.2808788831516712,0.1523830517073701,0.0405100110730219,0.5028529457175416,0.5013109898902983,0.5485943236715722,0.0,0.0,3122.040624664216,0.0,0.0,0.0,0.0,0.0,3443.6617278096924,0.0,0.0,0.0,0.0,0.0,0.0,0.0,0.0,0.0,655.642988333235,246.5848839247165,2316.8540387406,155.55891626844954,0.0,188.4326988864975,230.9656003020121,0.0,2696.2642306456887,339.22937798614385,0.0,293.01815620589923,181.2384020570712,0.0,256.56102769655695,936.6036979910114,25.271423946161867,0.0
16,0.039810337820598,0.0212876025980065,0.2343387856566996,0.1266576043388705,0.0290882626777411,0.5818316524717623,0.6728966459202667,0.693559537366557,0.0,45.21106873774396,3863.219142594851,138.86256826592785,0.0,0.0,0.0,0.0,4398.175861000292,213.4504143862612,0.0,0.0,0.0,0.0,0.0,0.0,0.0,0.0,1453.6269301830002,534.5664823839256,4807.084896820104,34.27804358557458,0.0,225.01798938078304,212.94737593791663,0.0,5443.285954248273,91.12340974618438,0.0,164.6879034497538,35.609229744237666,0.0,64.66296379255348,1208.4241226935558,0.0,0.0
17,0.052269021214184,0.0579411318139533,0.2017646039650142,0.1279897469102991,0.1178951204732527,0.8372967062103209,0.9095015850197312,0.947251093737068,0.0,370.4700217622795,4668.10144358417,1208.7902294645487,0.0,0.994219328302084,0.0,0.0,5518.440349542436,1925.6534332023523,0.0,0.0,0.0,0.0,245.82072892269025,239.97969036891544,0.0,0.0,1172.247097114965,295.4907587573228,4125.6444020225845,0.0,0.0,48.03608949407563,43.0453269492366,0.0,4489.891674392083,3.9510203479975625,0.0,26.40945179977318,0.0,0.0,2.4953812724195137,487.8456392090122,0.0,0.0
18,0.2196595322167775,0.096012559335548,0.1907251058995016,0.1382739999044851,0.3608000742682728,1.2024450430016629,1.1351633888372104,1.2522414850614634,21.81324924738321,653.295739104505,5608.19557094148,2445.422691109458,0.0,27.71663624687659,0.0,0.0,7272.404785694786,4274.70087246051,0.0,19.696351641097085,0.0,0.0,1885.0398252184773,1883.4109419380848,0.0,0.0,86.3088148739957,17.620828922657058,2326.38346366194,0.0,0.0,0.0,0.0,0.0,2497.769290790733,0.0,0.0,0.0,0.0,0.0,0.0,23.60526138695569,0.0,0.0
19,0.4813200288239208,0.1366838407973418,0.2043690345342977,0.1591349708876297,0.6964375640156343,1.6863653073300784,1.430795173451633,1.5908638584154806,218.29958245353487,835.0612474920424,5311.323551192879,2196.482981438985,0.0,210.64096261509567,0.0,0.0,6916.001449069997,4001.424975577612,0.0,197.11439090741123,0.0,0.0,2363.938924253296,2739.7216598911546,0.0,0.0,0.0,0.0,2220.2457798739606,0.0,0.0,0.0,0.0,0.0,2395.822529442895,0.0,0.0,0.0,0.0,0.0,0.0,0.0,0.0,0.0
20,0.7623006970633942,0.1777166456326526,0.242112918793681,0.1862921443430745,1.0804462359411484,2.2161847539505075,1.7462936355535976,1.9495957070521424,831.4356203730159,1179.972192198733,5178.123711924247,2009.043345747339,0.0,501.431614006652,0.0,0.0,6483.597818421903,3360.1918193632737,0.0,80.61224489795919,0.0,0.0,1729.1062556890538,2254.232097156054,0.0,0.0,0.0,0.0,1928.395620398916,0.0,0.0,0.0,0.0,0.0,2183.25309748966,0.0,0.0,0.0,0.0,0.0,0.0,0.0,0.0,0.0
21,1.0462287252438538,0.2122923927707634,0.3163725825081724,0.2298373625278412,1.4790184784922258,2.724979575547377,2.0306495843808645,2.282180865117612,2151.918368965733,2382.641838531767,5468.300632169907,1830.992625055032,0.0,1074.6372233696638,8.805267533701526,0.0,6241.820891823068,2539.008063688184,0.0,0.0,0.0,0.0,767.2302488463164,1267.1863896598388,0.0,0.0,0.0,0.0,1501.3686994434092,0.0,0.0,0.0,0.0,0.0,1883.8909548564536,0.0,0.0,0.0,0.0,0.0,0.0,0.0,0.0,0.0
22,1.3411020779402014,0.2401365724914379,0.400175157824942,0.2778952443235379,1.8771207023996928,3.1854523698239245,2.198620504094814,2.5732420969910588,3450.8614996342035,3751.83974988979,6207.65803417771,1876.7226998264,0.0,1653.3859580284825,153.6111484210431,0.0,6577.041769257392,2147.39496974101,0.0,0.0,0.0,0.0,228.97609902239603,539.5470750070183,0.0,0.0,0.0,0.0,1379.8906823504649,0.0,0.0,0.0,0.0,0.0,1811.741494925976,0.0,0.0,0.0,0.0,0.0,0.0,0.0,0.0,0.0
23,1.6091210644463425,0.2459440136810622,0.4838572043989594,0.3024317547170312,2.221434173039724,3.4898224653687744,2.2683315153887067,2.803337811224904,5210.1925974847445,5678.101536987191,6872.039903999759,2052.9197982642318,0.0,2529.780118474355,576.5623034218321,0.0,6518.605269762124,1528.6834182509103,0.0,0.0,0.0,0.0,0.0,0.0,0.0,0.0,0.0,0.0,1204.1961988237088,0.0,0.0,0.0,0.0,0.0,1694.2858692504656,0.0,0.0,0.0,0.0,0.0,0.0,0.0,0.0,0.0
24,1.7272034020800038,0.247793504031627,0.5620396042524914,0.3239890864959477,2.4111504129336887,3.646575717899804,2.26054280985967,2.9331689655372783,6542.648257771891,7412.141869258104,7024.510498363146,2021.3806140809315,0.0,3163.489052158945,1017.3623922227848,0.0,6185.996960448488,980.0723484998816,0.0,0.0,0.0,0.0,0.0,0.0,0.0,0.0,0.0,0.0,1121.8699925214232,0.0,0.0,0.0,0.0,0.0,1606.701959530877,0.0,0.0,0.0,0.0,0.0,0.0,0.0,0.0,0.0
25,1.8204018221224147,0.2449186250945558,0.6918355386340403,0.3462167466064407,2.531562814285714,3.694055911799389,2.158275701281628,2.985544570123946,7165.920702784362,8548.13859142215,6863.372411230794,1758.3189645537282,0.0,3376.291326348887,1286.8511778577483,0.0,5986.048958474066,706.1228392635626,0.0,0.0,0.0,0.0,0.0,0.0,0.0,0.0,0.0,0.0,1047.5050488829388,0.0,0.0,0.0,0.0,0.0,1527.6115332416266,0.0,0.0,0.0,0.0,0.0,0.0,0.0,0.0,0.0
26,1.938821650445185,0.2376719339425437,0.8450462056087554,0.3721544112065666,2.5911538058870414,3.7090926960140767,2.0586368607942176,2.9705784341614216,7980.377595953699,10032.524000374353,6652.818656602895,1414.5463488250723,0.0,3654.3034993108704,1638.9910991271024,0.0,5724.771396593479,348.1294589952849,0.0,0.0,0.0,0.0,0.0,0.0,0.0,0.0,0.0,0.0,945.922887436262,0.0,0.0,0.0,0.0,0.0,1427.5612130690995,0.0,0.0,0.0,0.0,0.0,0.0,0.0,0.0,0.0
27,2.0360569196078413,0.2090635109102983,1.0131272262572386,0.3708667346710967,2.562819022754352,3.633369176217509,1.9568363838497544,2.8408592534474217,8386.251069792068,10717.414444299684,6649.529046982184,1351.496736286554,0.0,3769.192938999707,1780.171456949241,0.0,5684.150298912621,248.36703227775484,0.0,0.0,0.0,0.0,0.0,0.0,0.0,0.0,0.0,0.0,845.2499257030072,0.0,0.0,0.0,0.0,0.0,1342.6352565914583,0.0,0.0,0.0,0.0,0.0,0.0,0.0,0.0,0.0
28,1.9756671626798703,0.1771291938809294,1.158678720401862,0.3603682229884392,2.3697543518288366,3.438162266572229,1.8674198867409992,2.611167156983122,8337.871560712068,10524.545720448526,6856.215889373456,1578.600300492873,0.0,3707.391507248654,1693.8475469977827,0.0,5870.859624929996,419.8020938663288,0.0,0.0,0.0,0.0,0.0,0.0,0.0,0.0,0.0,0.0,777.2593815140956,0.0,0.0,0.0,0.0,0.0,1279.582447994932,0.0,0.0,0.0,0.0,0.0,0.0,0.0,0.0,0.0
29,1.82948199105648,0.1450912890498335,1.2593596051685316,0.3377325810172156,2.080598711667472,3.142744547757178,1.7424349640975565,2.325254130415884,8280.250131156916,10297.030545587397,7098.165631015389,1844.6911131364725,0.0,3634.7799632725946,1592.3992630947128,0.0,6089.577431315236,620.710509397692,0.0,0.0,0.0,0.0,0.0,0.0,0.0,0.0,0.0,0.0,694.5937519016499,0.0,0.0,0.0,0.0,0.0,1084.7626259206963,0.0,0.0,0.0,0.0,0.0,0.0,0.0,0.0,0.0
30,1.649369978251442,0.1106819921671617,1.3330905087539806,0.3048400745885645,1.718361764592411,2.7581966361266,1.6585037226116486,1.9771822380367183,8205.78628781866,10016.0964546725,7290.998122478676,2075.678864792859,0.0,3538.0592504186084,1462.884493097921,0.0,6242.71957739313,782.5838785859806,0.0,0.0,0.0,0.0,0.0,0.0,0.0,0.0,0.0,0.0,676.6116402108602,0.0,0.0,0.0,0.0,0.0,980.9933537544972,0.0,0.0,0.0,0.0,0.0,0.0,0.0,0.0,0.0
31,1.40014395191102,0.0784186568814095,1.3358585829455476,0.2618483697989321,1.3136971043070895,2.327340817619821,1.6382489917873768,1.6146126705049817,7903.450602926,9544.957715207474,7447.763548143395,2274.326157544064,0.0,3286.9655809960154,1213.4371166262254,0.0,6334.326157544063,915.6885397777804,0.0,0.0,0.0,0.0,0.0,0.0,0.0,0.0,0.0,0.0,720.2385602259172,0.0,0.0,0.0,0.0,0.0,962.7918529750089,0.0,0.0,0.0,0.0,0.0,0.0,0.0,0.0,0.0
32,1.1381388474019916,0.0517740772863787,1.2991922896505008,0.2171515304930243,0.9589258367707592,1.925951298062456,1.6102213271096328,1.2994786058073085,7561.999819336432,9294.563611796137,7532.632883070334,2344.187235764477,0.0,3072.076953532409,1054.1274042558357,0.0,6404.187235764476,984.7145066092286,0.0,0.0,0.0,0.0,0.0,0.0,0.0,0.0,0.0,0.0,1281.5744662764764,0.0,0.0,0.0,0.0,0.0,1495.154639590538,0.0,0.0,0.0,0.0,0.0,0.0,0.0,0.0,0.0
33,0.851336793293021,0.044287162385382,1.2146020234504982,0.1893941016279076,0.5853464477940169,1.512728708001327,1.594313011489035,0.9702448020259132,7342.715752521521,9133.765571736318,7587.155614407559,2389.030400697505,0.0,2934.079309039543,951.8153909511152,0.0,6449.030400697506,1029.0436250966004,0.0,0.0,0.0,0.0,0.0,0.0,0.0,0.0,0.0,0.0,1775.6417798895427,0.0,0.0,0.0,0.0,0.0,1982.537219784917,0.0,0.0,0.0,0.0,0.0,0.0,0.0,0.0,0.0
34,0.7082917587005957,0.0420486247184052,1.1226768359226598,0.1695239415580066,0.3686125632853139,1.2471583697437914,1.6629137943117616,0.7273095763287699,6299.288209095955,7366.245138103189,7165.901244674687,2007.1277588167616,0.0,2225.5208105034426,252.5615024552931,0.0,6015.806056674168,380.4898564258908,0.0,0.0,0.0,0.0,0.0,0.0,0.0,0.0,818.8600873610421,826.5124620294317,3127.099336607682,0.0,0.0,191.3528853111692,0.0,0.0,3315.8258118982103,0.0,0.0,103.44649302874215,0.0,0.0,22.627505376642663,934.3847996017304,0.0,0.0
35,0.6147279548132869,0.038667507667774,0.9922325622123628,0.1611898185767439,0.2730758466857123,1.1330612988853177,1.7906456095726273,0.5480523516151492,5776.484449753092,6098.890865633192,6651.921968949542,1594.5080012470476,0.0,1839.8922761312272,0.0,0.0,5490.08896067823,0.0,0.0,0.0,0.0,0.0,0.0,0.0,0.0,0.0,1205.557051784548,1219.887061753231,3247.889972428959,0.0,0.0,280.0304175684882,0.0,0.0,3436.3476372169284,0.0,0.0,155.34757691730354,0.0,0.0,49.42829194255883,1394.4419637919991,0.0,0.0
36,0.5016496291295663,0.0450114814460132,0.845963375137877,0.151870293568106,0.2201817201154462,1.1794019189352172,1.802875685344688,0.4100174077176088,4751.511363235,3818.287965112285,5473.845057973577,890.9572653671029,0.0,1087.429983314842,0.0,0.0,4212.825170706748,0.0,0.0,0.0,0.0,0.0,0.0,0.0,0.0,0.0,989.3050395974972,1019.0720730642404,2879.81739975194,83.94925106398051,0.0,220.23503281344983,0.0,0.0,3077.07139637894,179.75478400570606,0.0,145.4748049932243,0.0,0.0,134.73467511603602,1253.8514350063597,0.0,0.0
37,0.3865070430298991,0.0651443389235879,0.6905672235747536,0.1433895365182724,0.1872871641539944,1.339262461585306,1.7359283854743046,0.3324646503951537,1589.44244305569,365.1492320771195,3056.284568948993,0.0,0.0,0.0,0.0,0.0,1806.278854949329,0.0,0.0,0.0,0.0,0.0,0.0,0.0,0.0,0.0,876.5956382736443,1010.090948267386,2838.6142929410207,1019.419296961247,0.0,268.43261029721566,0.0,0.0,3224.8164855590235,2189.583152574304,0.0,260.53413228557423,0.0,0.0,471.5811264030961,1385.0325720967585,0.0,0.0
38,0.2783427954817268,0.0842186290365446,0.5626175238993854,0.1354227647441863,0.1634579276554322,1.5129297011903202,1.6572207319534944,0.292885099657333,0.0,0.0,1906.1879753622973,0.0,0.0,0.0,0.0,0.0,1219.0987325439194,0.0,0.0,0.0,0.0,0.0,0.0,0.0,0.0,0.0,1323.5002599162278,1644.0492426593369,4092.1747089155474,1045.8335716561426,0.0,554.0366655339819,0.0,0.0,4888.371491425086,2261.0059278394506,0.0,552.2915631604903,0.0,0.0,995.5434708226368,2200.030373599757,0.0,0.0
39,0.1643632658073086,0.1043184186179398,0.4519347916459433,0.1348984391625537,0.1625639054950147,1.7435869086720477,1.5532378364046109,0.290354185992644,0.0,0.0,1656.951805786667,0.0,0.0,0.0,0.0,0.0,1151.094624062579,0.0,0.0,0.0,0.0,0.0,0.0,0.0,0.0,0.0,1692.7822285878626,2167.8950899128386,5128.004851242334,1067.5783090517295,0.0,789.9398294510903,106.57072807985112,0.0,6262.94850721861,2319.944354534395,0.0,793.2877466289494,94.79123992708396,0.0,1428.507096010413,2873.486995775836,26.692098722750547,0.0
40,0.0441737334565277,0.1266769646097908,0.3492069301523246,0.1436297755238518,0.160866232581707,2.1281446423842554,1.3545974706645825,0.3075674866377491,0.0,0.0,1282.662442051315,0.0,0.0,0.0,0.0,0.0,929.1030618430184,0.0,0.0,0.0,0.0,0.0,0.0,0.0,0.0,0.0,2441.89907745672,3016.5760190336878,6374.958830591496,1122.6436821738405,0.0,1216.6473700437452,483.6350057948334,0.0,7840.067223004056,2268.029568913777,0.0,959.6747375644634,271.7638747354705,0.0,1527.3029514424936,3092.6636658557813,46.8823558169673,0.0
41,0.0032694205432861,0.1511770659409807,0.3265280267852277,0.1537380285870633,0.1597328760820776,2.5730467267539554,1.118232351428575,0.3229903564479193,0.0,0.0,789.7641937335338,0.0,0.0,0.0,0.0,0.0,584.1976201657612,0.0,0.0,0.0,0.0,0.0,0.0,0.0,0.0,0.0,3196.8123995612277,4454.18921185926,6624.90336029301,1063.958766724449,0.0,1572.3253520106875,714.8857700391495,0.0,7701.303189438113,1771.507802520376,0.0,887.6286142951749,286.0832965434694,0.0,1103.7656087210962,2616.8574237273738,18.470939657941454,0.0
42,0.0073901857275738,0.1651692406858437,0.3402781015697289,0.1664722648806423,0.1621804757740846,2.882780400546467,0.9588168702672408,0.3228217480654727,0.0,0.0,680.8595671452545,0.0,0.0,0.0,0.0,0.0,489.8595671452544,0.0,0.0,0.0,0.0,0.0,0.0,0.0,0.0,0.0,2871.853494249653,4252.158740237245,6108.428669339025,795.2082006293342,0.0,1399.63138973917,773.3083804176223,0.0,7002.0659802459895,1445.2323050711736,0.0,983.388822351654,491.354706159548,0.0,1258.141660607757,2841.2260559025062,92.4557230501974,0.0
43,0.0139929196544841,0.1653706439999998,0.3678989788965288,0.1942773735946846,0.1637473221470233,3.12444571345986,0.8172705096695877,0.316072624475264,0.0,0.0,668.4513488891182,0.0,0.0,0.0,0.0,0.0,477.4513488891183,0.0,0.0,0.0,0.0,0.0,0.0,0.0,0.0,0.0,2236.549968292215,3322.8715709232165,4795.513325143972,611.8402400171113,0.0,1089.2634219612264,611.8402400171113,0.0,5498.425472554568,1131.137662975625,0.0,786.6606294393932,403.25117421898847,0.0,1014.3403979231056,2273.260463998281,80.80666269857169,0.0
44,0.0213522168438529,0.1653706439999998,0.3916013391535926,0.2257483429090213,0.1582680860040871,3.3724057225238977,0.6577321688924124,0.3066553563235365,0.0,0.0,564.3876548641886,0.0,0.0,0.0,0.0,0.0,382.7526351895668,0.0,0.0,0.0,0.0,0.0,0.0,0.0,0.0,0.0,643.8964584556678,1159.0792199468358,2083.665902718016,215.87860428939337,0.0,337.1044155678318,271.67606385147224,0.0,2451.975411675546,551.8380113799706,0.0,569.2988080621415,396.336571635231,0.0,846.1860404172842,1615.0439697783895,331.9683393633453,0.0
45,0.0285051785980057,0.1650024051037565,0.4260722824998743,0.2399583377058526,0.1371850271300771,3.5305973633559944,0.524673185175062,0.2917323431829792,0.0,0.0,485.2972225486016,0.0,0.0,0.0,0.0,0.0,333.1017413729996,0.0,0.0,0.0,0.0,0.0,0.0,0.0,0.0,0.0,1062.0487769979095,2224.8925168871824,4578.3404057118,424.9290694173533,0.0,591.4903372851028,600.6043776960707,0.0,5459.673537282943,1288.9415915456864,0.0,1492.9128492604425,1107.7187868013789,0.0,2305.943397696628,4228.350391637595,1053.2003085199428,0.0
46,0.0350719564758043,0.1519108157489525,0.4543220497327772,0.2430951056065296,0.1131525405448481,3.4262679639832454,0.4648554172953958,0.2575357031414129,0.0,0.0,412.6712115111364,0.0,0.0,0.0,0.0,0.0,277.27790139581526,0.0,0.0,0.0,0.0,0.0,0.0,0.0,0.0,0.0,1102.514695950429,2248.685612786084,5678.714729432887,601.6701711015,0.0,591.8934244905588,682.5125747363534,0.0,6917.530088926401,1887.2445077256132,0.0,1909.255289924876,1451.2916619811278,0.0,3269.617589327127,5649.652863716097,1518.9056113797178,0.0
47,0.0399385314142591,0.1251253498006641,0.4611814147260442,0.2436693817275757,0.0879582013953461,3.107025515944033,0.4170380345259427,0.2093618149879892,0.0,0.0,273.1309453138869,0.0,0.0,0.0,0.0,0.0,173.81384699604203,0.0,0.0,0.0,0.0,0.0,0.0,0.0,0.0,0.0,555.3292688441945,1016.637298698043,5665.654720198232,857.0104300172578,0.0,261.0801156612938,481.4498101602039,0.0,7322.202700324129,2622.549785550956,0.0,1897.3556973200327,1414.976031959105,0.0,3905.6411952219646,6130.9833536876695,1678.718252637425,0.0
48,0.041404643999999,0.1067183613785339,0.4484241811019075,0.2422342876349593,0.060528355774084,2.823621717689333,0.3655473165448539,0.1808385144676929,0.0,0.0,158.16242354133243,0.0,0.0,0.0,0.0,0.0,100.72916572413988,0.0,0.0,0.0,0.0,0.0,0.0,0.0,0.0,0.0,187.79231867041247,139.51333788186352,5757.733969807967,1225.912856047344,0.0,81.71745958613627,316.66365097062186,0.0,7913.458993637699,3499.83142201149,0.0,1873.9998447648704,1271.421649597805,0.0,4452.868094740417,6428.05474017326,1708.8588558606589,0.0
49,0.041404643999999,0.121472265348837,0.4285637097508322,0.220536749541529,0.0341219503853799,2.6820149635838875,0.3151937482176111,0.182700452436877,0.0,0.0,104.608327277129,0.0,0.0,0.0,0.0,0.0,75.95991392398903,0.0,0.0,0.0,0.0,0.0,0.0,0.0,0.0,0.0,152.2605212206253,0.0,6001.800429184549,1456.4572603719598,0.0,143.74964234620887,236.14180972818312,0.0,8471.82904148784,4084.338519313305,0.0,1885.8859084406292,1055.976931330472,0.0,4608.540414878397,6383.369992846924,1468.5196709585125,0.0
50,0.0412316681860455,0.1410840160265779,0.3952624779198759,0.1933621684150871,0.012027972551102,2.452063808529217,0.2701016204322874,0.2003984401360171,0.0,0.0,102.97733890273174,0.0,0.0,0.0,0.0,0.0,96.08868212295673,0.0,0.0,0.0,0.0,0.0,0.0,0.0,0.0,0.0,157.13580589447014,0.0,6260.819410409743,1559.735082332171,0.0,217.842986941434,182.9149863158776,0.0,8896.116221106819,4465.955195842679,0.0,1909.2420267426885,867.6696329741674,0.0,4616.812757211698,6274.835648136839,1159.586968196107,0.0
51,0.0393741056308296,0.1638055094136876,0.3416930292629913,0.1743738539035212,0.0045312414745492,2.1801396648534235,0.2120457127861827,0.2251826492699001,0.0,0.0,102.0,0.0,0.0,0.0,0.0,0.0,108.0,0.0,0.0,0.0,0.0,0.0,0.0,0.0,0.0,0.0,161.77969563171655,0.0,6369.445445083607,1579.3103081641384,0.0,217.3799680438325,187.8269201752899,0.0,9002.962689795957,4615.547502968044,0.0,1904.7931117808776,826.2765964279066,0.0,4623.931021150595,6266.827601205579,1054.520065491691,0.0
52,0.033739344358803,0.2131629910767878,0.2887606019025902,0.1625129530057039,0.0016152646245824,2.049060519862598,0.149922380756476,0.2732048232339997,0.0,0.0,94.6178502380598,0.0,0.0,0.0,0.0,0.0,109.20930081674815,0.0,0.0,0.0,0.0,0.0,0.0,0.0,0.0,0.0,166.73359031932824,0.0,6523.253065633738,1628.2875495489147,0.0,252.3770302166087,269.065206372599,0.0,9116.088034624814,4716.490484312164,0.0,1906.5999625381487,860.7137844102044,0.0,4524.40429019464,6225.895329592558,940.38319210518,0.0
53,0.0267239395614608,0.2790297565714286,0.2585511852586627,0.1401458281594684,4.900140890686151e-05,2.078688397510069,0.1163871882657841,0.362496403094718,0.0,0.0,54.21297614724644,0.0,0.0,0.0,0.0,0.0,115.85932339770496,0.0,0.0,0.0,0.0,0.0,0.0,0.0,0.0,0.0,260.0757599534014,0.0,6924.470018931191,1828.4045940003289,0.0,446.47095208974525,738.6331456240879,0.0,9254.84146483183,4646.026739769884,0.0,1923.8857118101128,1291.162181156335,0.0,3939.4055766709134,5973.153010484888,791.1963243046168,0.0
54,0.0199148701993346,0.334177411359469,0.2360924809642536,0.1146100512271099,-2.216893335571513e-15,2.0486740595681066,0.0940326177647872,0.4603811582798668,0.0,0.0,51.11908833650902,0.0,0.0,0.0,0.0,0.0,93.71389746685615,0.0,0.0,0.0,0.0,0.0,0.0,0.0,0.0,0.0,470.3526302152303,0.0,7077.070375322309,1887.266160636099,0.0,566.9419734705671,877.0087681954149,0.0,9299.88946778369,4637.74169166164,0.0,1900.1831564293104,1373.9349621388835,0.0,3635.463947838353,5641.352534791238,786.785893746065,0.0
55,0.0130370223588031,0.3565933470897018,0.2028585884077088,0.0941157285249171,1.481002444961035e-05,1.8801907075590705,0.1110571609562822,0.5327497414668441,0.0,0.0,224.0220932654615,0.0,0.0,0.0,0.0,0.0,90.39498264901016,0.0,0.0,0.0,0.0,0.0,0.0,0.0,0.0,0.0,715.9179668298494,0.0,7026.413480367621,1863.49336603935,0.0,624.1987235930433,921.3533555799432,0.0,9025.691760105265,4313.7899901307765,0.0,1570.9647629894453,1242.3777949249695,0.0,2854.9594824782253,4713.187957439619,640.3791706617284,0.0
56,0.0064630147724243,0.3739082260664461,0.1653290474352169,0.0782160937275749,0.0059470732225891,1.7985485786686048,0.1529396547608006,0.5914487874019941,0.0,0.0,526.6702380754934,0.0,0.0,0.0,0.0,0.0,321.73388120734995,0.0,0.0,0.0,0.0,0.0,0.0,0.0,0.0,0.0,405.1885220286365,0.0,3823.238751578518,1017.32920442563,0.0,339.2701524534052,501.9751495292192,0.0,4897.747424814501,2318.851570384979,0.0,832.506401217745,665.7140590077646,0.0,1491.477977732532,2505.765300455128,335.6640602538242,0.0
57,0.0015247570891685,0.3888671415093699,0.1250083852026591,0.0638807917873756,0.0366556342126223,1.7778716916637882,0.2510938660879767,0.6484716153304992,0.0,96.2159460878245,1549.9703355755912,0.0,0.0,0.0,0.0,0.0,1551.6883714047392,0.0,0.0,0.0,0.0,0.0,0.0,0.0,0.0,0.0,776.0926147518697,83.4763437605482,3667.803413638436,459.1944883719996,0.0,439.6479460747565,611.4716678481196,0.0,4717.82608418391,1174.4864008965194,0.0,682.0478937437267,700.9780242654349,0.0,913.8781662931184,2167.934820640936,283.90670216244683,0.0
58,-9.112710586123305e-16,0.3890295207828179,0.0867448996146198,0.0488347118587656,0.0794314323958874,1.7210614213193245,0.359201402854674,0.6952949418209083,10.739528498050374,471.3730095653257,2591.0520015880466,10.379544302584998,0.0,0.0,0.0,0.0,2868.5929318647763,16.079294064120116,0.0,0.0,0.0,0.0,0.0,6.219726932762881,0.0,0.0,1276.0034305648094,111.53725524866871,5061.29173602867,250.39976367898228,0.0,600.9800365967757,799.8333762331599,0.0,6467.541457977248,1077.1606644343765,0.0,806.2797177794606,834.4516282992765,0.0,905.8767054231256,2766.8133987392894,309.09751556521707,0.0
59,0.0004674731156351,0.3655098384518271,0.0439004378870446,0.0436429404042441,0.1806017091197063,1.4905160883793809,0.5097422135732541,0.7524439537179305,375.4283373147605,1462.082698393243,3328.5764416867587,409.7984738425188,0.0,11.584919569600595,0.0,0.0,3903.951495473241,624.5556188469164,0.0,0.0,0.0,0.0,54.247946727111774,273.4454205526166,0.0,0.0,1236.88585491287,26.05426229715633,4015.727728558145,0.0,0.0,378.967989451192,434.24912059005567,0.0,5001.834865930697,251.8281431189149,0.0,387.43548152549073,298.2096408008633,0.0,211.74781017019924,1776.297314518058,72.28196785344564,0.0
60,0.004338398152823,0.3366533542126235,0.0311558831842359,0.0447710828172759,0.3569429491812121,1.2630736242820877,0.6973173800703748,0.7894297341682276,652.5783070533834,2121.5974480453383,4089.022405491729,1170.2239783628568,0.0,133.1143260545864,0.0,0.0,4994.316492713308,1694.750056083834,0.0,0.0,0.0,0.0,623.3257663154884,1021.6073154351124,0.0,0.0,956.7366322779292,0.0,3243.3280471048124,0.0,0.0,196.07404103654144,203.2914903998497,0.0,3872.493750858783,0.0,0.0,163.5955189016542,84.80503001887222,0.0,0.0,928.6451514123312,0.0,0.0
61,0.0273418718342769,0.3083003652593309,0.0546402332257198,0.0468056078671098,0.6036677601375786,1.1167419491772517,0.8688155858307627,0.8731644497471179,820.5372446246251,2502.054902731313,4765.742632509665,1988.353613055928,0.0,380.7780389074747,0.0,0.0,6112.216687799234,2942.058669369378,0.0,137.2566141627219,0.0,0.0,1747.7269028142264,2381.130988820223,0.0,0.0,0.0,0.0,1534.3720695824456,0.0,0.0,0.0,0.0,0.0,1936.742876544836,0.0,0.0,0.0,0.0,0.0,0.0,0.0,0.0,0.0
62,0.1516054758338861,0.2650401316943521,0.0861247071891046,0.0458446036664453,0.981598635178204,1.0312428420478403,1.129972576855816,1.070002932960798,711.4,1680.86,4446.28,1692.82,0.0,525.56,0.0,0.0,6021.4,2935.56,0.0,750.44,0.0,0.0,2637.44,3721.88,157.38,0.0,0.0,0.0,1345.032520567431,0.0,0.0,0.0,0.0,0.0,1770.229880123874,0.0,0.0,0.0,0.0,0.0,0.0,0.0,0.0,0.0
63,0.2977914546777399,0.2183531358139533,0.1219314749501679,0.0405603572890366,1.4278074859867087,0.9643999568992264,1.4002498762192717,1.3325111593975638,763.4420247734073,1617.9623490616607,4460.329832249804,1711.1305648919476,0.0,561.7753692003221,0.0,0.0,6035.12732662468,2953.909446269381,0.0,788.7499776011273,0.0,0.0,2676.816168810438,3790.1335625301153,172.36593957131353,0.0,0.0,0.0,1244.7410385182566,0.0,0.0,0.0,0.0,0.0,1676.7268731673962,0.0,0.0,0.0,0.0,0.0,0.0,0.0,0.0,0.0
64,0.4397605302857137,0.1763701357008549,0.1567062031096364,0.0354023832558139,1.885045117275744,0.9762882875040668,1.6534339724235572,1.624874929472539,2397.341563578801,2295.3588248257024,4807.561937997108,1859.7145386178745,0.0,1283.1411092657638,80.04683599668572,0.0,6062.372517152,2564.093255573493,0.0,516.1526478756687,17.55628458209518,0.0,1751.6887500514629,2703.1785875386977,1.2421815520026902,0.0,0.0,0.0,709.9130452298533,0.0,0.0,0.0,0.0,0.0,1157.1194308697218,0.0,0.0,0.0,0.0,0.0,0.0,0.0,0.0,0.0
65,0.5771110143787366,0.155314983348837,0.1903813800633203,0.030397616372093,2.306475541069372,1.1422890233199154,1.8293477934805604,1.9128845489513384,5502.148402178522,3676.742866498375,5458.5829444152405,2077.3672633635665,0.0,2651.545102322148,886.786167262079,0.0,6060.925588351571,1781.044503685133,0.0,98.29019803010392,42.79268549482721,0.0,164.3133898891222,753.9423537028891,0.0,0.0,0.0,0.0,618.4756761803337,0.0,0.0,0.0,0.0,0.0,1099.8105683243405,0.0,0.0,0.0,0.0,0.0,0.0,0.0,0.0,0.0
66,0.7179546489368752,0.1371166921794019,0.2072496567454658,0.0240024534219268,2.6827035839424958,1.3060981093064146,1.951348362472279,2.220230410548684,7889.856803776499,5411.53017959984,6159.626197761144,1719.75877220464,0.0,3990.264490593197,1831.1710962094028,0.0,5736.669282736968,837.9159889997252,0.0,106.44351450789742,0.0,0.0,0.0,100.54703922485666,0.0,0.0,0.0,0.0,535.4798020254719,0.0,0.0,0.0,0.0,0.0,1054.6275390325225,0.0,0.0,0.0,0.0,0.0,0.0,0.0,0.0,0.0
67,0.8315218259864063,0.1224362685457566,0.207271152000002,0.0170438835348838,2.9246924160679555,1.399271410530354,1.9880015572823984,2.4623086523920263,8903.386468135666,6060.069948442079,6052.45656787054,1490.959006310895,0.0,4681.39744013084,2554.9993908831234,0.0,5519.158030934753,405.9644923084815,0.0,138.46681074486514,0.0,0.0,0.0,70.61486465095086,0.0,0.0,0.0,0.0,459.594362655316,0.0,0.0,0.0,0.0,0.0,1013.3230384121716,0.0,0.0,0.0,0.0,0.0,0.0,0.0,0.0,0.0
68,0.8631191375184741,0.116050162795037,0.207271152000002,0.0129655374560988,3.048486644849686,1.4110924124586088,1.928185907249039,2.594567464243813,9031.388083818543,6128.188529749585,5988.91671665681,1461.4748336820796,0.0,4746.742371693543,2654.7811041519776,0.0,5478.763893801032,355.31747859189846,0.0,161.99576970182736,0.0,0.0,0.0,63.03886756360555,0.0,0.0,0.0,0.0,403.9426643335056,0.0,0.0,0.0,0.0,0.0,983.0317495757242,0.0,0.0,0.0,0.0,0.0,0.0,0.0,0.0,0.0
69,0.8947033649179104,0.096228916385382,0.2071798567132608,0.0128916852344308,3.098633274068497,1.36739944866107,1.8072775126427092,2.624568854291271,8800.652128754748,6599.65461320152,5585.207712782987,1006.656535371932,0.0,4379.50590343654,2578.458883355899,0.0,5168.513996342038,324.65612100810574,0.0,217.857773479225,0.0,0.0,0.0,320.7224031841485,0.0,0.0,0.0,0.0,299.87049339962687,0.0,0.0,0.0,0.0,0.0,913.1888038246742,0.0,0.0,0.0,0.0,0.0,0.0,0.0,0.0,0.0
70,0.922553736458473,0.0755702501860464,0.189307562240035,0.0118002452890366,3.092424364011624,1.2994554908845513,1.6502311534061498,2.6040883641004946,8717.519277194178,7419.883566868717,5077.343213911002,504.2453175236067,0.0,3816.270464714653,2409.5733329430977,0.0,4732.382826418426,266.3313673860803,0.0,228.63685942341667,0.0,0.0,0.0,548.6368594234166,0.0,0.0,0.0,0.0,204.84274276099805,0.0,0.0,0.0,0.0,0.0,851.0232780371093,0.0,0.0,0.0,0.0,0.0,0.0,0.0,0.0,0.0
71,0.9276361840557118,0.0555132927109633,0.1548891333687722,0.009658639973422,3.032148119430357,1.1652988222409928,1.5037486221551286,2.519790495403267,8956.378578760996,8188.636031177039,4915.68735330535,381.2138058645899,0.0,3519.6949086836694,2301.3790638644355,0.0,4532.147873798245,213.9578551791031,0.0,157.7652847574251,0.0,0.0,0.0,477.7652847574251,0.0,0.0,0.0,0.0,167.96463145143878,0.0,0.0,0.0,0.0,0.0,815.3562454557089,0.0,0.0,0.0,0.0,0.0,0.0,0.0,0.0,0.0
72,0.8328151197209289,0.0352557656611295,0.120114405209304,0.0074956186046512,2.8770266134151443,0.9590385129283344,1.329176984121503,2.321349442869885,8041.937078395253,7669.53401788719,4245.186045456682,265.5574886948013,0.0,2935.5478922538687,1968.804199680841,0.0,3884.541233719901,158.67983643944018,0.0,68.11560983836227,0.0,0.0,0.0,380.85011274141937,0.0,0.0,0.0,0.0,86.29342546775453,0.0,0.0,0.0,0.0,0.0,737.7758738070323,0.0,0.0,0.0,0.0,0.0,0.0,0.0,0.0,0.0
73,0.7328941895196944,0.0170039343588039,0.0887827194418624,0.0055467577674419,2.7078945747593712,0.7560517482657796,1.1872417584290482,2.0717270875785463,5773.303217226639,5508.452913447689,3046.252755749987,190.0358543194646,0.0,2105.631657429772,1412.5930409184205,0.0,2787.191725961066,113.61899268673488,0.0,0.0,0.0,0.0,0.0,272.98810235310765,0.0,0.0,0.0,0.0,38.02412173244503,0.0,0.0,0.0,0.0,0.0,705.0723651973351,0.0,0.0,0.0,0.0,0.0,0.0,0.0,0.0,0.0
74,0.6084076570092651,0.0016687903066969,0.0546965997607993,0.0034265685049835,2.512145419348137,0.5416494118342368,1.0278906531428615,1.7462273156244097,2812.44159842102,2800.1327147006173,1797.461939528767,210.43475546844556,0.0,984.5085822491516,654.3215446303633,0.0,1675.83380927222,146.79473349724626,0.0,0.0,0.0,0.0,0.0,165.2231964023574,0.0,0.0,0.0,0.0,47.94625754616448,0.0,0.0,0.0,0.0,0.0,620.2881984068991,0.0,0.0,0.0,0.0,0.0,0.0,0.0,0.0,0.0
75,0.4598147477163166,-4.973799150320687e-17,0.018215092853212,0.001156466870432,2.287677691878228,0.3408071859952555,0.8653626119723419,1.4273746981094315,3059.284275625022,3881.689356724364,4201.097037894117,1073.2980940581574,0.0,775.4768148029748,469.522441463099,0.0,4101.106570180773,814.8244739283078,0.0,0.0,0.0,0.0,0.0,410.8296118069534,0.0,0.0,0.0,0.0,76.03953409255999,0.0,0.0,0.0,0.0,0.0,562.3873544552091,0.0,0.0,0.0,0.0,0.0,0.0,0.0,0.0,0.0
76,0.320240008704317,-4.973799150320687e-17,8.836841672571918e-05,2.424458847984601e-06,2.071011818933614,0.1678404992856517,0.7446559369036589,1.166308230678867,3177.376824173872,4627.200351000723,5858.207414984453,1702.4284713621066,0.0,615.2326226172028,294.1020434731519,0.0,5784.363408998056,1316.4626326274906,0.0,0.0,0.0,0.0,0.0,541.3961317135645,0.0,0.0,0.0,0.0,205.68583434969167,0.0,0.0,0.0,0.0,0.0,570.2324942815179,0.0,0.0,0.0,0.0,0.0,0.0,0.0,0.0,0.0
77,0.1991268974051271,-4.973799150320687e-17,1.5916157281026197e-15,1.1901590823981694e-16,1.8746700186299736,0.0541894993265223,0.6580072074900066,0.9723816420883832,2827.9194847586737,4240.036173507693,5652.452027018028,1598.1754707185075,0.0,414.9467792160893,40.45848610302135,0.0,5712.505788670262,1192.7087366778476,0.0,0.0,0.0,0.0,0.0,275.9876283428399,0.0,0.0,0.0,0.0,711.6967531167704,0.0,0.0,0.0,0.0,0.0,1261.7065033236852,0.0,0.0,0.0,0.0,0.0,0.0,33.97825172561489,0.0,0.0
78,0.1658195574219264,-4.973799150320685e-17,1.5916157281026193e-15,1.1901590823981694e-16,1.7603728089466115,0.0215474036717922,0.6182885422205097,0.894299056721933,2300.600063058146,3396.274090423208,4838.943971708694,171.8665785602451,0.0,42.74605148446484,0.2941242074619141,0.0,4825.3399654649,124.41453975638966,0.0,0.0,0.0,0.0,0.0,23.33385379197852,0.0,0.0,0.0,0.0,1324.933375032214,0.0,0.0,0.0,0.0,0.0,2056.21132991738,0.0,0.0,0.0,0.0,0.0,14.597624334311478,736.0860522695767,0.0,0.0
79,0.1365928225714281,9.50416560134264e-07,1.5916157281026197e-15,1.1901590823981694e-16,1.6635452947935088,0.0084027912113475,0.5887616746613896,0.8883508739432652,1844.933328544632,2723.584222399459,4173.279024443517,0.0,0.0,0.0,0.0,0.0,4054.4317997303274,0.0,0.0,0.0,0.0,0.0,0.0,0.0,0.0,0.0,35.191689569718655,40.08849238554221,2351.96794282012,10.57709408217889,0.0,1.4363954926415778,0.0,0.0,2981.41677747968,59.93686646568038,0.0,19.913664784349145,0.0,0.0,176.02085712779814,1369.2460074663395,0.0,0.0
80,0.1062684139775586,0.0049902356720365,2.7648155708982075e-05,1.1901590823981694e-16,1.5238956136668955,0.012737329716543,0.5760790548671753,0.9445650020324704,1198.18102489488,1768.8417444145573,3228.475296654265,0.0,0.0,0.0,0.0,0.0,2960.235898754454,0.0,0.0,0.0,0.0,0.0,0.0,0.0,0.0,0.0,555.3113979236686,681.0935873991677,4307.527860308903,370.8012273802856,0.0,75.00654916438539,0.0,0.0,5287.173267586004,1087.5717350291654,0.0,350.6739856280359,0.0,0.0,1070.0193485503708,2493.231786099717,0.0,0.0
81,0.1139909296042519,0.016865141860465,0.0044405362524932,1.1901590823981694e-16,1.3607445029956131,0.1000858981371435,0.6002883457116301,1.0904644396799996,729.4115259960454,1076.8461683919782,2543.630138049986,0.0,0.0,0.0,0.0,0.0,2167.1530866476696,0.0,0.0,0.0,0.0,0.0,0.0,0.0,0.0,0.0,848.4361812996646,1095.4347504800355,5102.385524861813,778.0277553445953,0.0,171.45349956251812,0.0,0.0,6482.4610750050015,1823.2792915003088,0.0,571.1062333615034,0.0,0.0,1493.0945059082453,3039.542207978595,0.0,0.0
82,0.1739398049414984,0.0290563196515961,0.0118735540863803,1.1901590823981694e-16,1.1890124488912306,0.2237651300228234,0.59440944931244,1.2280725901690013,156.41096998675545,230.91357385770743,1649.9671195083524,0.0,0.0,0.0,0.0,0.0,1189.428708859243,0.0,0.0,0.0,0.0,0.0,0.0,0.0,0.0,0.0,1166.4824296317383,1551.9758429864291,6040.035136014524,1295.1723394015944,0.0,391.3839087950431,17.57439523232501,0.0,7569.124591024719,2580.2321503710746,0.0,722.956073414562,12.86222772087134,0.0,1667.1360394082235,3208.7045605940866,0.0,0.0
83,0.2741348261615118,0.0561150331157679,0.0194614264584733,1.1901590823981694e-16,1.0195525852992562,0.4927970216005631,0.6036700513869189,1.3498799035261948,0.0,0.0,1217.155673410689,0.0,0.0,0.0,0.0,0.0,888.155606278018,0.0,0.0,0.0,0.0,0.0,0.0,0.0,0.0,0.0,1717.098435808769,2270.9780571805054,6807.785680263956,1620.8665368768363,0.0,693.568140285017,84.1554048800054,0.0,8218.166543590105,2780.6876472512126,0.0,652.8517751278177,24.266724848314745,0.0,1128.0915935896055,2828.3020206933925,0.0,0.0
84,0.4015987709501648,0.1159778121727574,0.0275912897142873,1.1901590823981694e-16,0.8461221040183018,0.934978241047328,0.6826020059409547,1.502714733018994,0.0,0.0,998.1131898795276,0.0,0.0,0.0,0.0,0.0,798.6577330420655,0.0,0.0,0.0,0.0,0.0,0.0,0.0,0.0,0.0,2867.344489380842,3747.7380747143,7545.098522235856,1742.3776473297671,0.0,1247.2378721143305,187.62707735430624,0.0,8304.912266271605,2049.4836097036778,0.0,209.03122666518675,0.0,0.0,0.0,1382.7897927662718,0.0,0.0
85,0.5287957120465101,0.172318505860465,0.0349468802790714,1.1901590823981694e-16,0.720000941048883,1.3831074696877093,0.8632362506056036,1.6474840567460856,0.0,0.0,727.1348489365511,0.0,0.0,0.0,0.0,0.0,648.4122211584302,0.0,0.0,0.0,0.0,0.0,0.0,0.0,0.0,0.0,3893.6225821279686,5237.917402841182,8326.056384023495,1986.126481658048,0.0,1756.6857784666354,298.116113518725,0.0,8442.225650161829,1413.1305046259683,0.0,25.26409166104876,0.0,0.0,0.0,391.1693760739037,0.0,0.0
86,0.6464300809998538,0.2211688633312146,0.0417604799601346,1.1901590823981694e-16,0.637812716032353,1.8255355997896885,1.0883857925468765,1.749385970158891,0.0,0.0,600.8879044229109,0.0,0.0,0.0,0.0,0.0,535.8196319701743,0.0,0.0,0.0,0.0,0.0,0.0,0.0,0.0,0.0,4055.54485031509,5451.571381487396,8546.080856906077,2036.9987366108423,0.0,1883.5814886006565,387.5448503150898,0.0,8579.824224113001,1377.4917879704765,0.0,21.373073331534872,0.0,0.0,0.0,409.5448503150898,0.0,0.0
87,0.7461716889543171,0.2666271847873754,0.0464906992201014,1.1901590823981694e-16,0.5850621874410263,2.2441973395116306,1.3369739620913663,1.7660726098430235,0.0,0.0,429.0390890325707,0.0,0.0,0.0,0.0,0.0,382.591476968798,0.0,0.0,0.0,0.0,0.0,0.0,0.0,0.0,0.0,4162.0,5621.0,8738.0,2034.0,0.0,2077.0,494.0,0.0,8756.0,1358.0,0.0,16.037221769973858,0.0,0.0,0.0,516.0,0.0,0.0
88,0.8023948452168941,0.3184008038120555,0.0466112160000017,1.1901590823981694e-16,0.5654160319980976,2.6839718170346507,1.6675751909995309,1.720288635474135,0.0,0.0,309.96103957054805,0.0,0.0,0.0,0.0,0.0,275.7606381249144,0.0,0.0,0.0,0.0,0.0,0.0,0.0,0.0,0.0,4121.16494813124,5581.169088750963,8726.053301344828,2028.052397867791,0.0,2048.858315452361,490.0349319118606,0.0,8752.730106187053,1376.6409694533309,0.0,12.097319949052372,0.0,0.0,13.182564033294648,549.1366404508793,0.0,0.0
89,0.820755410710961,0.3551444266990314,0.0466112160000017,1.1901590823981694e-16,0.5408996063749366,2.97777702344078,1.99958776811554,1.664231875393316,0.0,0.0,234.91569425603728,0.0,0.0,0.0,0.0,0.0,194.8889581397136,0.0,0.0,0.0,0.0,0.0,0.0,0.0,0.0,0.0,3301.770923862583,4775.19117575635,8481.518021663936,1911.4760258758276,0.0,1484.2978014367911,415.64255742001086,0.0,8685.468373044388,1756.601383562705,0.0,30.755180926656102,0.0,0.0,286.46841562518324,1225.775926645161,0.0,0.0
90,0.8405112826851961,0.3520495716767245,0.0465991295461404,1.1901590823981694e-16,0.5131908813801577,3.070457716708386,2.223669361946985,1.6136097890110497,0.0,0.0,334.32622715032505,0.0,0.0,0.0,0.0,0.0,260.75843444885714,0.0,0.0,0.0,0.0,0.0,0.0,0.0,0.0,0.0,2448.998975344766,3711.7578070567615,7695.651849030324,1762.6140512254024,0.0,945.089897760777,436.01632079890567,0.0,8094.930700391598,2081.2389036965446,0.0,565.6844266368765,18.492083526112463,0.0,667.7923201740995,1938.185516259996,0.0,0.0
91,0.8298990357906951,0.3414244165442463,0.0429439415409259,1.1901590823981694e-16,0.4741382377674385,3.0506629698755607,2.3059820974974388,1.4853881121591628,0.0,0.0,273.36944247858304,0.0,0.0,0.0,0.0,0.0,214.71370651009417,0.0,0.0,0.0,0.0,0.0,0.0,0.0,0.0,0.0,1424.0645610359177,2144.5518001686,4460.37988784254,1029.0578642386483,0.0,550.3480421903406,263.1266982668885,0.0,4697.789685171418,1218.8957020703508,0.0,376.9437220269028,19.698640889360856,0.0,403.7419363082617,1146.1549853939182,0.0,0.0
92,0.7661185512550875,0.32884833354491,0.0352796527973439,1.1901590823981694e-16,0.4302776367345187,2.9474342764211423,2.297159979043676,1.337033387270791,0.0,0.0,233.86858102115556,0.0,0.0,0.0,0.0,0.0,172.71419723221837,0.0,0.0,0.0,0.0,0.0,0.0,0.0,0.0,0.0,764.1073211326232,1129.050048299163,1917.801022473774,419.55104105655874,0.0,333.9605591129943,158.473158586195,0.0,1979.7024211197715,438.9995858721281,0.0,166.79693738626648,19.88049175813058,0.0,139.08849786875956,475.449730965188,0.0,0.0
93,0.654970448451826,0.3015967796989621,0.0272272168106328,1.1901590823981694e-16,0.359568858886431,2.6963440461414376,2.2070900756468923,1.2239949640005392,0.0,0.0,143.49747595849468,0.0,0.0,0.0,0.0,0.0,103.4499028376211,0.0,0.0,0.0,0.0,0.0,0.0,0.0,0.0,0.0,2876.697708369205,4210.395741951065,6344.00266286477,1332.5279698285392,0.0,1326.784314262591,638.5105897842882,0.0,6467.639443118031,1263.6484747191437,0.0,573.5923985246,103.46684212394376,0.0,392.2403286775948,1548.623746041579,0.0,0.0
94,0.5429804980901387,0.2434165075614619,0.0193296353621278,1.1901590823981694e-16,0.2710309850488283,2.2895681741315137,2.059193296954807,1.1459961299928518,0.0,0.0,99.48272767116414,0.0,0.0,0.0,0.0,0.0,105.05459908397329,0.0,0.0,0.0,0.0,0.0,0.0,0.0,0.0,0.0,3583.991407727857,5267.014780638135,7539.100866621909,1513.3601636404655,0.0,1643.0446342046023,963.0376504188944,0.0,7808.543553105691,1492.197869186438,0.0,859.0532781174717,327.20738460552434,0.0,599.4170757724431,2081.394581917648,0.0,0.0
95,0.4140130803787364,0.1811558908842322,0.0111997721063138,1.1901590823981694e-16,0.1941714971898766,1.852574879990036,1.829887834767956,1.0814245449644753,0.0,0.0,72.77732371357992,0.0,0.0,0.0,0.0,0.0,121.19852167191677,0.0,0.0,0.0,0.0,0.0,0.0,0.0,0.0,0.0,3451.039439816809,5194.632522343676,7230.527136885166,1369.3219947304665,0.0,1501.1085643666888,1088.325935612511,0.0,7608.260952076509,1435.2557858182918,0.0,1024.2708054672169,558.1023809333753,0.0,728.3417890541851,2311.8116761959373,0.0,0.0
96,0.2811140747523925,0.1422416296087552,0.0032661742184889,1.1901590823981694e-16,0.1402108515606773,1.407496671834281,1.571144260305651,1.0112866869955024,0.0,0.0,40.0,0.0,0.0,0.0,0.0,0.0,143.30936414961283,0.0,0.0,0.0,0.0,0.0,0.0,0.0,0.0,0.0,3456.9492490540747,5147.316036092857,7122.446430798639,1333.305709794026,0.0,1455.1746482701783,1117.1776599822238,0.0,7506.053095839904,1387.0772988658775,0.0,1056.786669917469,611.5219868297748,0.0,722.228410928149,2344.1649240305856,0.0,0.0
97,0.189486565895015,0.1425576052225914,1.588063014423819e-15,1.1901590823981694e-16,0.1273769183122896,1.069458589972095,1.3643996137355523,1.0432561221528214,0.0,0.0,40.0,0.0,0.0,0.0,0.0,0.0,152.0,0.0,0.0,0.0,0.0,0.0,0.0,0.0,0.0,0.0,3434.645344278412,5107.161619701142,7136.1413265979,1367.6961608830666,0.0,1421.4394832526707,1096.4451657148336,0.0,7527.083367450114,1419.8963394466446,0.0,1042.115918295573,609.5930675927887,0.0,723.7998214364217,2335.2581377113647,0.0,0.0
98,0.1598942170580104,0.1449975146158958,0.0016126192984937,1.1901590823981694e-16,0.1278940874835137,0.7841536017561986,1.169594435808335,1.126871057150521,13.287419936571109,0.0,115.8963211290922,0.0,0.0,0.0,0.0,0.0,145.86710753993214,0.0,0.0,0.0,0.0,0.0,0.0,0.0,0.0,0.0,3166.090788643543,4558.089418242816,6994.646684948,1206.0393163297615,0.0,1107.0458621775947,773.987060948189,0.0,7267.3671593964,1137.4198650028795,0.0,735.0229010786383,334.8674993509694,0.0,513.5084389049123,1944.474584744566,0.0,0.0
99,0.1839223727254236,0.1941422877209303,0.0062065369435231,1.1901590823981694e-16,0.1654196134367766,0.6368123810232581,1.002327541186636,1.2594145001391426,2141.9847696324555,1779.1872338055312,2512.196904800797,0.0,0.0,456.1406529955395,0.0,0.0,2324.09762780134,0.0,0.0,0.0,0.0,0.0,0.0,157.89688725811592,0.0,0.0,2691.92207376619,3554.504659347405,6635.221812670889,761.4591575227275,0.0,579.2682040430444,198.12892316774412,0.0,6657.606678282843,473.3585565622927,0.0,172.4762069422251,0.0,0.0,100.08682261927066,1197.2992981637976,0.0,0.0
100,0.2074944958473161,0.334914947282392,0.0106462495016627,0.0004991763028205,0.2651908502353829,0.6548120713058634,0.9247436155207492,1.366547836646636,2205.1403267775363,2118.435952822367,2782.3777447136526,0.0,0.0,532.3983736360906,0.0,0.0,2771.2668589457194,0.0,0.0,0.0,0.0,0.0,0.0,463.878113164694,0.0,0.0,2561.6465724219465,3181.1927745734783,6318.643938719333,502.8070661007108,0.0,478.4886358523153,115.7016027891812,0.0,6291.979828239468,254.2690349084292,0.0,89.47439200555065,0.0,0.0,51.0560089975176,1028.787195588791,0.0,0.0
101,0.2328101184060961,0.4871970880265778,0.0205159005870643,0.0170587100332227,0.379942166741447,0.7267696078569503,0.937833323219076,1.500732767469999,2317.234056295336,2713.539999121469,3260.5732813091427,0.0,0.0,684.967674772221,0.0,0.0,3603.187316939388,0.0,0.0,0.0,0.0,0.0,0.0,1056.387825394053,0.0,0.0,1611.0635768065915,1031.180973794441,4724.139491791355,9.995871102886044,0.0,25.21628981592577,1.3947727120306108,0.0,4226.014769361755,0.0,0.0,0.0,0.0,0.0,0.0,87.11168648748782,0.0,0.0
102,0.3214207512460341,0.634144362490064,0.0404903432691045,0.0425009811827244,0.5276495879796872,0.8736644227721453,1.003671645813328,1.6902262345808283,2394.439333978952,3123.4295882058645,3589.9049379801468,414.6792452830189,0.0,790.0194252076586,277.8490566037736,0.0,4176.149100002717,753.2641509433962,0.0,247.1320754716981,133.33962264150944,0.0,464.245283018868,1464.455458802684,0.0,0.0,1145.9434494250877,337.0635760124708,4007.42307100309,0.0,0.0,0.0,0.0,0.0,3347.25062412668,0.0,0.0,0.0,0.0,0.0,0.0,0.0,0.0,0.0
103,0.5404882875630241,0.7464795961993346,0.0606642653421943,0.067943252332226,0.70916018547039,1.028148808643348,1.1082936392245462,1.9389809626234091,3477.473128121136,4164.992999091957,4023.454453498558,723.4815414077999,0.0,1273.097698820903,473.2831374952503,0.0,4802.425657752688,1050.29016833132,0.0,178.9298555713642,86.44724660061843,0.0,330.21342976854686,1391.857636721555,0.0,0.0,306.30008114269805,64.49139210862661,3032.433440651235,0.0,0.0,0.0,0.0,0.0,2705.922555621185,0.0,0.0,0.0,0.0,0.0,0.0,0.0,0.0,0.0
104,0.7689086062053754,0.8474624645382047,0.0818769970356404,0.0911837884784053,0.9050008659749292,1.1556814404264588,1.2404265224759905,2.25200761559891,4560.111901570288,4786.215882296313,4319.000041107575,904.7247414718728,0.0,1632.43118141462,497.3330349933842,0.0,5117.062330925326,1095.5448346124942,0.0,3.9550341368852258,0.0,0.0,12.105478150323034,979.9567741341692,0.0,0.0,0.0,0.0,2163.981384442293,0.0,0.0,0.0,0.0,0.0,2236.2810812015687,0.0,0.0,0.0,0.0,0.0,0.0,0.0,0.0,0.0
105,1.0061802180855968,0.9230288223646654,0.1230508755747524,0.1144243246245846,1.136188323025207,1.2473202121172575,1.3564531242235718,2.614774953427396,4610.276034639684,4747.530687964954,4564.287299224603,1124.1752073884047,0.0,1694.895807374164,478.8021975911684,0.0,5286.941630849922,1277.9124521175938,0.0,0.0,0.0,0.0,2.3189512052149115,843.3635078470412,0.0,0.0,0.0,0.0,1824.9796807721543,0.0,0.0,0.0,0.0,0.0,2037.2147316575345,0.0,0.0,0.0,0.0,0.0,0.0,0.0,0.0,0.0
106,1.2737163374774276,0.9217009947672452,0.1718918321860481,0.1389172961086572,1.419240049911273,1.3225617355778794,1.4132423598632051,3.036960317321083,4794.999917892928,4625.1595105035885,4907.627691948752,1361.8400729568464,0.0,1874.6382122327016,495.3298265720168,0.0,5480.117037122423,1419.2442190427676,0.0,0.0,0.0,0.0,0.0,665.276588679548,0.0,0.0,0.0,0.0,1535.7835948717711,0.0,0.0,0.0,0.0,0.0,1835.2486262884083,0.0,0.0,0.0,0.0,0.0,0.0,0.0,0.0,0.0
107,1.5429299346437362,0.8734825572757458,0.215821777711942,0.1472716079999997,1.6867918033449256,1.3478346487082289,1.4038264513097545,3.4126532064084376,5279.20599900803,4540.436688369938,5268.805228878215,1522.9793312944366,0.0,2171.786043471596,594.7109661169511,0.0,5628.835480862508,1424.0388461994462,0.0,0.0,0.0,0.0,0.0,442.1293061486591,0.0,0.0,0.0,0.0,1366.6653678054504,0.0,0.0,0.0,0.0,0.0,1704.675525546376,0.0,0.0,0.0,0.0,0.0,0.0,0.0,0.0,0.0
108,1.7400553947825608,0.8243846920770199,0.2479128533088359,0.1472716079999997,1.9118226642104528,1.3225948425533955,1.384217568729813,3.7494173386119702,7048.4886155700815,5756.353509862132,5925.730530901435,1633.711525832291,0.0,3047.415017768328,1127.7997497033373,21.068443280444185,5573.183669921366,974.0091037472804,0.0,0.0,0.0,0.0,0.0,279.0546069492725,0.0,0.0,0.0,0.0,1214.1203319101976,0.0,0.0,0.0,0.0,0.0,1556.9187160252852,0.0,0.0,0.0,0.0,0.0,0.0,0.0,0.0,0.0
109,1.7837857541238975,0.7457460398506917,0.2769540468039881,0.1472716079999997,2.076700865557943,1.2724716384061,1.3248685481391451,3.9814640143091617,7437.735462143817,6548.554803692417,6195.310883088294,1520.8870092310433,0.0,3287.929971079033,1224.488158155572,82.56833722890607,5500.2679212403045,697.198914464936,0.0,0.0,0.0,0.0,0.0,381.0444491109309,0.0,0.0,0.0,0.0,980.7689116911706,0.0,0.0,0.0,0.0,0.0,1289.6770635077962,0.0,0.0,0.0,0.0,0.0,0.0,0.0,0.0,0.0
110,1.777662246782387,0.6020863881129551,0.3016681378255827,0.1467828312034881,2.157600155750828,1.1951012758828925,1.1895796922740869,4.08692963828322,7269.952716020183,6670.670298753371,6406.064854645737,1485.8918821076206,0.0,3320.1554018721963,1297.9419002085224,32.549997988788704,5686.736480235424,759.5256724686091,0.0,0.0,0.0,0.0,0.0,505.5651699696541,0.0,0.0,0.0,0.0,937.078454309017,0.0,0.0,0.0,0.0,0.0,1293.7547359818193,0.0,0.0,0.0,0.0,0.0,0.0,0.0,0.0,0.0
111,1.7448748748156748,0.4498178383255801,0.2977374038543539,0.1304575351893685,2.178050479446376,1.101685512522262,1.0381177740103684,4.037102043416606,7305.719614853364,6934.993027389458,6220.312737085846,1322.7788653056075,0.0,3182.619082229973,1361.9889761540678,9.228469622786754,5591.22864270148,719.9819379368381,0.0,0.0,0.0,0.0,0.0,628.2589487084913,0.0,0.0,0.0,0.0,876.7906018755115,0.0,0.0,0.0,0.0,0.0,1268.3809381000683,0.0,0.0,0.0,0.0,0.0,0.0,0.0,0.0,0.0
112,1.6700223553871372,0.3072967986718775,0.2826074649146005,0.1057491757076411,2.0905677276748085,0.9649030367488798,0.9079436355466142,3.9021036314668702,6821.402174403926,6779.502738430313,5849.820642504782,1037.162979316383,0.0,2710.8546856295584,1255.123558693701,0.0096517016452988,5449.54689067719,691.6632975452984,0.0,0.0,0.0,0.0,0.0,751.1135327709004,0.0,0.0,0.0,0.0,740.3900486954868,0.0,0.0,0.0,0.0,0.0,1134.864133487499,0.0,0.0,0.0,0.0,0.0,0.0,0.0,0.0,0.0
113,1.490192511859586,0.1969799147641192,0.2822510386858921,0.0803069045581395,1.957970057508428,0.8094822054760896,0.7952521550966003,3.665659171845544,6204.594099717721,6493.706019887335,5452.090063794026,737.3818305337211,0.0,2169.9579157329813,1099.4791212283485,0.0,5305.896501254364,670.0444346353246,0.0,77.28930103560315,0.0,0.0,0.0,861.7008693643671,0.0,0.0,0.0,0.0,654.4457430271553,0.0,0.0,0.0,0.0,0.0,1047.476783282196,0.0,0.0,0.0,0.0,0.0,0.0,0.0,0.0,0.0
114,1.298100440353971,0.0960682959867104,0.2825913360688634,0.0565770939667775,1.8130285840501303,0.6621484580024192,0.6670011596765374,3.279272466957714,5532.004600477522,5738.468694276271,5586.3782965537575,894.2776702817372,0.0,1785.2106199071582,879.9974838574323,0.0,5450.238635149218,911.998436748784,0.0,89.25390327036827,0.0,0.0,1.7354266571683872,893.7697768937106,0.0,0.0,0.0,0.0,566.9485011179748,0.0,0.0,0.0,0.0,0.0,974.9983018549756,0.0,0.0,0.0,0.0,0.0,0.0,0.0,0.0,0.0
115,1.1101317785367004,0.0209022388358299,0.2626506876271566,0.0328472833754153,1.6399663478874142,0.5125930924197366,0.524412733379557,2.783882789513694,4588.272542952331,4094.1741377678377,5558.94353787427,1129.599917080299,0.0,1241.7187738914097,726.6162483342373,0.0,5558.298026951004,1246.2394208410212,0.0,123.89053369535536,0.0,0.0,119.98913907130128,1056.4199892653942,0.0,0.0,0.0,0.0,537.105992351766,0.0,0.0,0.0,0.0,0.0,929.8963963465172,0.0,0.0,0.0,0.0,0.0,0.0,0.0,0.0,0.0
116,0.9079879710022368,0.0104650367441857,0.2368401318538217,0.0082845665032206,1.4263683789523327,0.3715699343066007,0.4131096305601782,2.2412655745702037,4147.191297824456,3397.247186796699,5362.998499624906,1153.7048012003002,0.0,1037.1140285071267,662.2918229557389,0.0,5414.029257314329,1301.3334583645913,0.0,149.00487621905475,0.0,0.0,225.8664666166542,1126.6391597899474,0.0,0.0,0.0,0.0,536.8687171792948,0.0,0.0,0.0,0.0,0.0,917.4471117779444,0.0,0.0,0.0,0.0,0.0,0.0,0.0,0.0,0.0
117,0.7051945588358277,0.0127515656415718,0.2159704522570054,1.1013412404281584e-16,1.1963177160556635,0.2679028114789729,0.3292390249156943,1.7316394108110014,2695.89186486133,2173.3896683705343,3583.552970975683,805.4817786603561,0.0,670.5516511881638,426.6399693851272,0.0,3624.527058710304,892.291843404726,0.0,98.56828550171312,0.0,0.0,57.70365232817639,736.1401147117807,0.0,0.0,0.0,0.0,542.1254189810733,0.0,0.0,0.0,0.0,0.0,816.4632064454191,0.0,0.0,0.0,0.0,0.0,0.0,0.0,0.0,0.0
118,0.5356208346857985,0.0136362599999996,0.2012387475476077,1.1013412404281584e-16,0.9956469799988672,0.1944144398399696,0.2517256032032279,1.2434966806652936,2952.2051076036723,2167.5079392395546,3974.223201109692,1019.9422164515152,0.0,709.4534418497441,458.2662385150542,0.0,4021.751447893044,1031.6659483960602,0.0,25.67033337316943,0.0,0.0,0.0,577.8506099719323,0.0,0.0,0.0,0.0,589.6010868385663,0.0,0.0,0.0,0.0,0.0,765.1583237520656,0.0,0.0,0.0,0.0,0.0,0.0,0.0,0.0,0.0
119,0.4617315111721708,0.0136362599999996,0.171798221745555,1.1013412404281584e-16,0.8243923604440074,0.138424016247805,0.1959497638452259,0.8212312799343326,4047.5886116410943,2780.552305580034,5421.046160186973,1482.669754760201,0.0,949.6492971157232,619.8807125356994,0.0,5481.697133174672,1422.368984451038,0.0,0.0,0.0,0.0,0.0,567.134941366956,0.0,0.0,0.0,0.0,613.9978890731234,0.0,0.0,0.0,0.0,0.0,771.566207856377,0.0,0.0,0.0,0.0,0.0,0.0,0.0,0.0,0.0
120,0.4216422325100943,0.0136362599999996,0.1421493062683377,1.1013412404281584e-16,0.6860912526248373,0.0897537125205761,0.2030887330449816,0.5181479101977977,4608.790283588302,2825.3834837059208,5980.151212305904,1558.9601964028166,0.0,1032.965507495153,653.1046792763179,0.0,6013.220738693013,1387.3126775754176,0.0,0.0,0.0,0.0,0.0,419.5243807509663,0.0,0.0,0.0,1.2331592177812352,835.1252511296942,0.0,0.0,0.0,0.0,0.0,802.4196361647105,0.0,0.0,0.0,0.0,0.0,0.0,4.521583798531195,0.0,0.0
121,0.4053051694227083,0.0135962865976154,0.1362993208927121,1.1013412404281584e-16,0.5796918425944865,0.0651278650365481,0.2516110388993586,0.3659606980535431,4412.803765887303,2260.188702325766,5602.092150138459,1240.9238199660542,0.0,860.2162915555865,466.6387639004773,0.0,5515.237607840363,957.0261971337712,0.0,0.0,0.0,0.0,0.0,151.35284495184058,0.0,0.0,0.0,98.33881005296443,2202.847647146027,0.0,0.0,0.0,0.0,0.0,2051.018345596003,0.0,0.0,0.0,0.0,0.0,0.0,360.57601553826856,0.0,0.0
122,0.3901372153306661,0.0160942479972876,0.1314636021951334,1.1013412404281584e-16,0.5498439856744156,0.0696254715405822,0.3121383359674594,0.2779090783800894,3992.081858384078,1529.6779860268384,5110.639650563228,844.5289946319022,0.0,562.2237086658728,157.7307142759933,0.0,4829.031978050277,454.1565399855048,0.0,0.0,0.0,0.0,0.0,0.0,0.0,0.0,1.131578470130048,150.89138489655386,2346.8442451443743,0.0,0.0,0.0,0.0,0.0,2428.214962636776,2.12678542166529,0.0,0.0,0.0,0.0,1.3759205542216015,551.6962351272862,0.0,0.0
123,0.3544403865590882,0.0261086398803983,0.1123416722904621,1.1013412404281584e-16,0.5233186405022682,0.10858557561435,0.3711511109436616,0.2419196700126068,3672.819808837127,975.4405492591542,4556.653101425844,393.79161573589664,0.0,284.96911014845165,0.0,0.0,4037.648443501342,106.25692576982878,0.0,0.0,0.0,0.0,0.0,0.0,0.0,0.0,223.58624287534423,284.20723445466166,2382.511929737113,10.768871303884346,0.0,1.3494491336132983,0.0,0.0,2702.4871176923275,420.91996112486106,0.0,3.5807165129541,0.0,0.0,272.08674073711575,714.9615768340226,0.0,0.0
124,0.3115747441196008,0.0366107428704315,0.0904295267148738,5.649574203645957e-05,0.4889100977142837,0.2265260734391279,0.4284121378768855,0.2922837739394138,3502.492381594618,723.9403376090385,4004.609291016191,75.65847014517003,0.0,110.38595543502744,0.0,0.0,3258.660731161682,0.0,0.0,0.0,0.0,0.0,0.0,0.0,0.0,0.0,542.4975081424406,658.9488375504918,4052.462232303829,800.5738203088207,0.0,100.3200444803857,0.0,0.0,4914.701426404081,1224.288629009809,0.0,266.19576159151853,0.0,0.0,724.9541993890361,1423.5458530782273,0.0,0.0
125,0.26892632164784,0.0470078248305645,0.0718080262325599,0.0027588612707642,0.4856351747715933,0.4973839563239237,0.4930833108289079,0.4061900604293982,2567.839009472345,470.54893289847695,3237.851551258985,0.7557096656807506,0.0,26.63387732999423,0.0,0.0,2385.1054584642256,0.0,0.0,0.0,0.0,0.0,0.0,0.0,0.0,0.0,894.1939928326175,1395.2692467237364,6167.33233616911,1132.120315552923,0.0,226.5228487282145,0.0,0.0,7438.080543297732,2187.665995215096,0.0,283.0627418473857,0.0,0.0,981.0641932520448,2000.4690584977309,0.0,0.0
126,0.2271394834684384,0.0571948647308968,0.0542303887574767,0.015108201807309,0.5409881787329288,0.98426588390237,0.52559852560852,0.5571078603945995,3.891469341912268,0.7118400782567046,2234.895397518102,0.0,0.0,0.0392261955603372,0.0,0.0,1658.1015770232327,0.0,0.0,0.0,0.0,0.0,0.0,0.0,0.0,0.0,1678.4546485213225,2761.833348414797,8025.765542836608,2106.545290662409,0.0,668.9137822979476,0.0,0.0,9102.129575816454,3188.3814000534157,0.0,374.90369451024645,0.0,0.0,957.3566004515964,1912.250217948548,0.0,0.0
127,0.1841015157337175,0.0679309435411519,0.0357466874950181,0.0300631964651164,0.611475268186043,1.6771708034303303,0.5522093094843643,0.7456870934427338,0.0,0.0,1324.4242731602678,0.0,0.0,0.0,0.0,0.0,999.0409857794148,0.0,0.0,0.0,0.0,0.0,0.0,0.0,0.0,0.0,1958.7852626935205,3169.629328308466,7507.831928685149,1630.2053497876466,0.0,969.915625233496,82.04712764003769,0.0,8533.658294219014,2711.728734280616,0.0,754.5314593115618,45.26248367349957,0.0,1265.7935169596103,2504.947847775361,16.5522998547102,0.0
128,0.1516983921380895,0.0771450463489814,0.0211740839870013,0.0445783383388705,0.6824416757610827,2.5123786863215405,0.575129163985848,0.9245597366147577,0.0,0.0,890.7352503399884,0.0,0.0,0.0,0.0,0.0,691.3299623291258,0.0,0.0,0.0,0.0,0.0,0.0,0.0,0.0,0.0,1649.9871678279233,2873.257353519372,6614.757791479245,1143.2971714822356,0.0,933.619343551298,282.16227634573266,0.0,7742.692585737853,2460.1096042483523,0.0,1340.83343341861,274.1209668975724,0.0,1963.1928279723588,3569.3953186727663,100.24149708892234,0.0
129,0.144125078764661,0.0796092354418603,0.0219639443810442,0.058507009833887,0.7730528669347034,3.416681869775312,0.628336005803244,1.081230880456975,0.0,0.0,732.9529982004358,0.0,0.0,0.0,0.0,0.0,574.7836941085428,0.0,0.0,0.0,0.0,0.0,0.0,0.0,0.0,0.0,922.6264273429488,1665.8089457672506,3995.964580893156,677.8700636397052,0.0,530.0181326451051,179.2486228459798,0.0,4721.057518197003,1531.1555010401,0.0,889.8439573545704,190.4205028536628,0.0,1327.1248730700995,2358.1954090429786,85.80043498859006,0.0
130,0.1457183535728693,0.0818356812757473,0.0258656655879159,0.0734323514950167,0.865595015573494,4.3981488323397535,0.6759232900954086,1.2024383245827064,0.0,0.0,717.8168939233071,0.0,0.0,0.0,0.0,0.0,559.3597245767875,0.0,0.0,0.0,0.0,0.0,0.0,0.0,0.0,0.0,763.373414512167,1404.6900305290897,3484.4157825298416,600.1751755915808,0.0,436.740473960926,143.93019989533548,0.0,4129.317543609255,1351.6852380073824,0.0,781.5105920044186,178.16801280109908,0.0,1202.9378264819836,2110.034410844267,99.73964000970062,0.0
131,0.1661390886649519,0.0841494387109633,0.0274836654994059,0.0861700852880338,0.9405493211102596,5.284920594547989,0.6975163442888529,1.2767876343885125,0.0,0.0,661.370542074881,0.0,0.0,0.0,0.0,0.0,490.6522847466403,0.0,0.0,0.0,0.0,0.0,0.0,0.0,0.0,0.0,718.5831777390018,1543.1722258300774,4771.366742465515,893.8590702542109,0.0,395.8476846382377,98.91790262993436,0.0,5754.734612019503,1982.364413186266,0.0,1114.4458911816284,340.38739534086915,0.0,2010.4623595074904,3316.3970559582003,334.37587105067433,0.0
132,0.1770428048172744,0.0822772967657141,0.041979302601729,0.0882637920000002,0.9603588361395344,5.9010893816316266,0.7017922172021307,1.2963647665913596,0.0,0.0,498.4056375395493,0.0,0.0,0.0,0.0,0.0,358.5322702810997,0.0,0.0,0.0,0.0,0.0,0.0,0.0,0.0,0.0,708.8603353052428,1751.903999449203,6443.511585049648,1337.321701486861,0.0,373.7766824590806,92.48891642181188,0.0,7877.963802420888,2871.8928985219645,0.0,1592.3886234470297,609.4056179864691,0.0,3031.5540444482244,4888.9104164551,698.651329396808,0.0
133,0.1821163501794007,0.0722824741794016,0.0659442863428304,0.0882637920000002,0.9753082139028756,6.27289284921015,0.6901316645165804,1.2489553557132915,0.0,0.0,310.1891654389865,0.0,0.0,0.0,0.0,0.0,224.6686489876223,0.0,0.0,0.0,0.0,0.0,0.0,0.0,0.0,0.0,956.8438621772608,2021.15795994679,6844.859338813327,1485.1508399272996,0.0,557.8747811109682,239.89056492766588,0.0,8264.274598547569,2935.8434215388265,0.0,1767.6999320538496,790.8466569616853,0.0,2851.837344361588,5016.032550049613,793.8631478529586,0.0
134,0.1872945047242511,0.0610810071635571,0.0975057218326108,0.0882083827145414,0.988887379144644,6.407320963928963,0.6623890199540043,1.1453865181663632,0.0,0.0,263.3569268450164,0.0,0.0,0.0,0.0,0.0,186.92387212483857,0.0,0.0,0.0,0.0,0.0,0.0,0.0,0.0,0.0,1575.6271579734453,3030.983688446214,7140.370369930174,1509.299941507814,0.0,863.7029428660496,331.3954855638867,0.0,8249.201540473612,2450.453034305045,0.0,1415.948366810951,597.6293521602206,0.0,1829.725108503991,3871.502388660493,430.001342185748,0.0
135,0.1925772684518257,0.0482322464850496,0.1270490879601344,0.0853965287702218,0.9490349467424216,6.259824336726563,0.5881330814327788,0.9991200180272513,0.0,0.0,270.4233478854461,0.0,0.0,0.0,0.0,0.0,196.0553827448519,0.0,0.0,0.0,0.0,0.0,0.0,0.0,0.0,0.0,2407.603440595204,4472.606589735835,7603.128386029913,1593.5041404146866,0.0,1126.2582074033735,368.4521795122106,0.0,8337.794134103786,1878.1676878518688,0.0,838.8127064931767,223.931846634783,0.0,808.0986578937369,2428.7674011704785,30.12693383345818,0.0
136,0.1961103084050251,0.0361033471495014,0.1541630467973435,0.0733022077873754,0.8481737246112939,5.851541849977471,0.5312134519404915,0.8861118330238298,0.0,0.0,218.4383064265413,0.0,0.0,0.0,0.0,0.0,168.87817458976664,0.0,0.0,0.0,0.0,0.0,0.0,0.0,0.0,0.0,2519.353759091523,4755.557687340153,7633.714377469179,1633.0171193023514,0.0,1105.781927659064,349.668312462569,0.0,8258.256681924157,1792.298690444692,0.0,718.2482146171905,141.67129256311154,0.0,709.888728309572,2196.4096189226493,0.0,0.0
137,0.1952985576209719,0.0243574656877074,0.1803479679373115,0.0598133890764119,0.7412140942403557,5.288418675804719,0.4829318554199084,0.8213066233901456,0.0,0.0,168.75922732469513,0.0,0.0,0.0,0.0,0.0,147.09773485137194,0.0,0.0,0.0,0.0,0.0,0.0,0.0,0.0,0.0,2438.6426553801034,4735.0,7571.609310534449,1682.4774709723788,0.0,1042.3448715452678,334.9216071443365,0.0,8155.281236381975,1869.3708274995029,0.0,715.4334428125828,136.09188075788705,0.0,736.3932290458478,2184.465767808026,0.0,0.0
138,0.23917503638077,0.0138320807246589,0.1971376438275147,0.0458847175813953,0.6086730599999968,4.555245020629205,0.4390393438551807,0.8415539452543186,0.0,0.0,164.30631652541246,0.0,0.0,0.0,0.0,0.0,146.85035091807845,0.0,0.0,0.0,0.0,0.0,0.0,0.0,0.0,0.0,2446.150219964401,4735.0,7591.857147683359,1700.1976896724227,0.0,1042.0221968496676,340.8426878086001,0.0,8179.11076265205,1889.4519493890216,0.0,718.8484166743516,136.62967191722075,0.0,739.6898888525631,2182.626522043105,0.0,0.0
139,0.324167288853111,0.031695097014977,0.202289516074071,0.036091221288383,0.4582217082337523,3.611675081712115,0.4357537433771618,0.9506445967973376,0.0,0.0,328.99441406273314,0.0,0.0,0.0,0.0,0.0,402.4343760092362,0.0,0.0,0.0,0.0,0.0,0.0,0.0,0.0,0.0,2537.0114235396154,4549.964899343537,7959.822151821654,2022.8099171562417,0.0,1033.3147309680278,456.0455130871006,0.0,8625.358442730427,2291.031539620392,0.0,794.1373423038681,176.47575260502387,0.0,830.938231397632,2192.6155942722025,0.0,0.0
140,0.4276078614845738,0.1050902202259133,0.1992530085944819,0.0449213986315005,0.3405205907909662,2.6656550604998395,0.5852552446571326,1.161565572091935,0.0,0.0,1185.5314035430288,0.0,0.0,0.0,0.0,0.0,1384.2920683794152,0.0,0.0,0.0,0.0,0.0,0.0,0.0,0.0,0.0,2437.382886202105,3775.1092968976022,8193.898952759557,2227.240945217068,0.0,1010.340696847179,536.6437743729913,0.0,8960.204417603547,2658.8192704841645,0.0,858.1799716752149,275.60430840775626,0.0,957.1215701359238,2300.162397717959,0.0,0.0
141,0.5052305888446833,0.1748983508920263,0.1980922110249179,0.0568273426071429,0.2809166858895323,1.970631559425257,0.8718062877882106,1.405613956883719,0.0,0.0,2064.9363113536965,0.0,0.0,0.0,0.0,0.0,2393.7399901694967,0.0,0.0,0.0,0.0,0.0,0.0,0.0,0.0,0.0,2393.4647525048854,3294.051061219335,8331.793918613921,2332.315964748115,0.0,941.6054170196112,453.0506315558839,0.0,9188.165733928883,2768.492295697178,0.0,690.042380606622,129.6294250676943,0.0,770.0098779495914,1998.3589367181064,0.0,0.0
142,0.5941076243181544,0.2787335657729137,0.1844465815016621,0.0788695579136213,0.2817702522845393,1.490192709936298,1.203518133026387,1.6597421168934905,0.0,0.0,2988.733136217761,55.148901085949824,0.0,0.0,0.0,0.0,3454.159507842379,109.45857976406997,0.0,0.0,0.0,0.0,0.0,0.0,0.0,0.0,1472.400210987565,1340.8044057904235,6736.112156033609,1011.7431204508254,0.0,251.59577399597237,72.43539686160202,0.0,7089.333172297875,1108.9914855339423,0.0,109.7176935332504,4.360027884656121,0.0,144.53468838854792,763.7622790237567,0.0,0.0
143,0.6952020004035516,0.4366037468961963,0.1599624181745214,0.1112742148403281,0.289472082885617,1.1889387509037967,1.5764645021262509,1.962952448895244,15.742568612764815,0.0,3743.835250071063,450.94498955418095,0.0,15.41114611565398,0.0,0.0,4329.699884815305,865.9883174036223,0.0,0.0,0.0,0.0,6.462738693661346,20.87961731798281,0.0,0.0,690.8296257273915,500.7561778249748,3699.754633564352,64.65540186784676,0.0,4.237917097220208,0.0,0.0,3777.964038035976,60.091491147763456,0.0,0.0,0.0,0.0,0.0,245.5158837103119,0.0,0.0
144,0.7568764145772745,0.6212568857262458,0.1280667623322273,0.1703563176486378,0.3055566849177387,1.0605079445812695,1.958745844864591,2.2606230871112247,34.259427418337744,0.0,3899.713885735907,549.0745112876781,0.0,33.538176314793795,0.0,0.0,4518.929768360869,1026.5970488081723,0.0,0.0,0.0,0.0,14.064396519107076,45.43881952326901,0.0,0.0,567.2015689242023,411.12655988565183,3247.109510236684,0.0,0.0,0.0,0.0,0.0,3314.4152755706905,0.0,0.0,0.0,0.0,0.0,0.0,201.56022869634677,0.0,0.0
145,0.7991639581786341,0.7913252708763095,0.0944180243521613,0.2480384308144645,0.3519358782573455,1.0384891442123767,2.327376888683112,2.5990035338617377,1690.0355276006655,659.5939587534397,5229.938890722437,1711.346144902805,0.0,705.8335531578226,340.6170701108653,0.0,6063.12299218499,2164.2067117212077,0.0,26.733743636351445,0.0,0.0,213.6861121908975,573.0493425526457,0.0,0.0,63.18529855512546,45.79880566900904,2778.4079338867086,0.0,0.0,0.0,0.0,0.0,2818.263796804056,0.0,0.0,0.0,0.0,0.0,0.0,22.453469674234903,0.0,0.0
146,0.8256758807146831,0.911954025687707,0.0607692863720949,0.3137822449833884,0.462181638816476,1.1315063451612035,2.5797539254748227,2.91715367856159,3880.33893662009,1868.120413381359,5926.611052339081,2108.56606065383,0.0,1409.9186131475476,777.7889220961262,0.0,6675.357133776811,2252.6639016513795,0.0,0.0,0.0,0.0,264.48347777161484,696.0644915897782,0.0,0.0,0.0,0.0,2480.5758535186537,0.0,0.0,0.0,0.0,0.0,2503.0178679725386,0.0,0.0,0.0,0.0,0.0,0.0,0.0,0.0,0.0
147,0.8544561667800079,1.0225009703070915,0.0293984034973294,0.3761721499933549,0.6837838678015286,1.2405096049114623,2.685503356169584,3.1829627088785184,4450.700378595845,2394.554391406541,6076.437479227947,1929.0681888358704,0.0,1714.6255112541623,900.4184866408623,0.0,6697.451809863829,2039.2099575887355,0.0,0.0,0.0,0.0,200.60177422569032,676.2506299853908,0.0,0.0,0.0,0.0,2252.7167473864024,0.0,0.0,0.0,0.0,0.0,2261.8285395285275,0.0,0.0,0.0,0.0,0.0,0.0,0.0,0.0,0.0
148,0.9118045167577454,1.103843610216015,0.0102037575336648,0.4379121601594677,0.9872367981398036,1.3320212175296022,2.78237497085362,3.4037668970663755,4107.28083886516,2729.9089668962743,6503.416697926642,1897.479641628658,0.0,1737.7575360217666,800.6177354215627,0.0,6929.3743596767845,2151.081337614265,0.0,0.0,0.0,0.0,120.33329791162322,891.0481052727199,0.0,0.0,0.0,0.0,2032.8823758714504,0.0,0.0,0.0,0.0,0.0,2084.5100702017503,0.0,0.0,0.0,0.0,0.0,0.0,0.0,0.0,0.0
149,0.9782807503973414,1.1199581924438538,0.0013164283136228,0.4894958542245839,1.293443214245844,1.3805032227109697,2.799766097031235,3.5313724090524903,4038.546074571142,2728.187295177791,6263.574085911448,1692.4673579522196,0.0,1734.5718486470823,858.7558298107409,0.0,6756.788239285665,2037.0574170717125,0.0,0.0026031126077443,0.0,0.0,199.13944770476775,1252.514973635614,0.0,0.0,0.0,0.0,1829.482364524208,0.0,0.0,0.0,0.0,0.0,2008.009992114624,0.0,0.0,0.0,0.0,0.0,0.0,0.0,0.0,0.0
150,1.024202149833886,1.055634326312291,1.5667467323510166e-15,0.4997474927582563,1.5733588352503372,1.408706113557168,2.6831383060300995,3.585512346479575,4286.154253804017,2872.2904405021573,5880.374827288806,1391.0154796805325,0.0,1848.9288549837408,1040.215911316561,0.0,6409.964807715908,1724.2561175538922,0.0,47.50013522476873,9.20686332624336,0.0,512.3982758467133,1692.4352068024589,0.0,0.0,0.0,0.0,1533.926386727553,0.0,0.0,0.0,0.0,0.0,1837.4818695386011,0.0,0.0,0.0,0.0,0.0,0.0,0.0,0.0,0.0
151,1.0682276308596974,0.979679505905441,1.5667467323510168e-15,0.4839484691822127,1.8353459028300467,1.4121767152340965,2.386175217032966,3.5914482271494967,2643.513796827061,2302.714750581369,5238.467819134037,1029.9146124207743,0.0,1157.8584387722533,768.5089928639825,0.0,5987.075151074474,1664.8579185692788,0.0,855.884222431392,352.29537754776345,0.0,1815.905914849821,3414.9283360637587,271.84615384615387,0.0,0.0,0.0,1146.8820973879808,0.0,0.0,0.0,0.0,0.0,1508.204844031034,0.0,0.0,0.0,0.0,0.0,0.0,0.0,0.0,0.0
152,1.0971071163111052,0.8693404484288064,1.5667467323510166e-15,0.4598619672558136,2.017395943351201,1.32136387547058,2.0108408513172766,3.553658983584714,506.4000212935088,1283.327011788733,4132.784873687633,713.6523441041135,0.0,274.6780078128651,225.32134535935975,0.0,5226.903501165089,1497.5226649560898,0.0,1826.190102441315,548.401998568818,0.0,3645.858765319993,6320.190114417012,1379.702687806912,0.0,0.0,0.0,1039.1657094968307,0.0,0.0,0.0,0.0,0.0,1396.1498440248108,0.0,0.0,0.0,0.0,0.0,0.0,0.0,0.0,0.0
153,1.103900163053022,0.7010619956850498,1.5667467323510166e-15,0.4257171511152151,2.06233432202152,1.1879310886206036,1.597602970285716,3.4461159580799965,580.360264539662,1619.3147468001887,3724.586182764273,494.0120841011594,0.0,514.453563298708,96.86662487431244,0.0,4840.955798390442,1108.7014574591597,0.0,2215.40936168915,560.9914953088553,0.0,3523.1510159913905,6469.345022067388,1684.0098918346814,0.0,0.0,0.0,920.157891126637,0.0,0.0,0.0,0.0,0.0,1256.086811674428,0.0,0.0,0.0,0.0,0.0,0.0,0.0,0.0,0.0
154,1.0722817749076394,0.5224701512691037,1.5667467323510166e-15,0.3698689113328894,2.0253967591973354,1.063807991803329,1.196975737671765,3.320410154530228,940.7936915728887,2095.560995504159,3605.592460244437,376.7898627306468,0.0,836.9088776021047,73.37556428296193,0.0,4678.760632443668,846.5972588069922,0.0,2374.302897518468,537.8221460540091,0.0,3112.1159237942074,6065.706543245292,1708.6477375534012,0.0,0.0,0.0,859.156099466308,0.0,0.0,0.0,0.0,0.0,1174.715361503335,0.0,0.0,0.0,0.0,0.0,0.0,0.0,0.0,0.0
155,1.0060822106470229,0.3563248149601952,1.5667467323510168e-15,0.2962988971995235,1.9483267102754287,0.9657183277730916,0.8262189598074384,3.1905131673503373,902.3027113089722,2168.657413241498,3662.2580642560433,435.6354086045484,0.0,802.9007235785162,167.17783015365936,0.0,4777.934851557355,904.7210905242684,0.0,2414.3292613312738,496.95034539340367,0.0,3113.5081534320134,6107.656676060066,1677.5044787351003,0.0,0.0,0.0,786.1217136493432,0.0,0.0,0.0,0.0,0.0,1070.0022244791303,0.0,0.0,0.0,0.0,0.0,0.0,0.0,0.0,0.0
156,0.9647165911096314,0.2422097953355478,1.5667467323510166e-15,0.2368710203920268,1.82490852622496,0.8233679338547779,0.5768444708087358,3.040809062636922,779.7659274735752,1655.8464887646835,3821.505928866653,655.2600892378714,0.0,541.641673855633,266.3727703333245,0.0,5028.874009026816,1265.5844106256895,0.0,2336.7562846538967,563.7693993602167,0.0,3432.891446794289,6344.658840473339,1618.3366433682002,0.0,0.0,0.0,742.8683065431817,0.0,0.0,0.0,0.0,0.0,990.897160495566,0.0,0.0,0.0,0.0,0.0,0.0,0.0,0.0,0.0
157,0.9179382315831082,0.1227802919800661,1.5667467323510166e-15,0.1715520582657811,1.5848728537854433,0.6550612541114637,0.465014773271248,2.80406618808252,607.2436777575898,898.7434062538275,4042.127246288097,964.49087202885,0.0,171.90806570098908,401.0701147399329,0.0,5375.251295378892,1779.2117031487044,0.0,2219.0791584933268,669.5646932043237,0.0,3892.224543872008,6674.844880210649,1537.839581843368,0.0,0.0,0.0,709.8756156286536,0.0,0.0,0.0,0.0,0.0,935.1526690528964,0.0,0.0,0.0,0.0,0.0,0.0,0.0,0.0,0.0
158,0.8063970141283593,0.0310572083449101,1.5667467323510166e-15,0.1049769622524921,1.2764649849749303,0.4990341936378814,0.3638444033530673,2.515653981568104,467.53931221698895,730.3257981668706,4081.465650384919,1030.8071134696943,0.0,114.04699475371412,510.2069888953078,0.0,5439.783759765423,1886.2551433466751,0.0,2204.330917685435,721.0732050709589,0.0,3938.034703633512,6695.668679459315,1501.3535422018615,0.0,0.0,0.0,678.5016082082748,0.0,0.0,0.0,0.0,0.0,889.4836378342778,0.0,0.0,0.0,0.0,0.0,0.0,0.0,0.0,0.0
159,0.6776937045448495,0.0018574630658583,1.5667467323510166e-15,0.0518633496032832,1.0169152812194635,0.3742753757107747,0.2907914820363523,2.306624209824505,313.2369748991015,718.0312422026153,3951.450492163954,1000.1826327465852,0.0,370.9096452805736,624.7780262841999,0.0,5271.869043205732,1800.9899743380497,0.0,2310.522802432415,1017.0072275562096,0.0,3311.682514314328,6089.232758113518,1291.2724373771548,0.0,0.0,0.0,653.3018316195455,0.0,0.0,0.0,0.0,0.0,849.2464281379988,0.0,0.0,0.0,0.0,0.0,0.0,0.0,0.0,0.0
160,0.5392383613998603,-5.346834086594759e-16,1.5667467323510168e-15,0.0216620580221902,0.7504861698594617,0.2476830267260147,0.2146339071515109,2.0899142366722225,195.43800894438328,572.7591214762851,3118.255523994648,790.5348435722638,0.0,437.94126655793,545.6342164229329,0.0,4163.257831349944,1407.1627210033332,0.0,1921.691510819563,980.3865374362954,0.0,2334.1061186813304,4586.045946193821,928.534096865375,0.0,0.0,0.0,641.0150917663639,0.0,0.0,0.0,0.0,0.0,823.5496594061183,0.0,0.0,0.0,0.0,0.0,0.0,0.0,0.0,0.0
161,0.4072132214170926,-5.346834086594759e-16,1.5667467323510166e-15,0.0149386330927213,0.5299820939981855,0.1285575905644894,0.1529578696381789,1.8842115573116864,305.8491706563359,484.8267490164733,2253.0414915587617,563.5250982588252,0.0,364.9300208071992,393.7467978989632,0.0,3018.465120715304,960.279604979933,0.0,1221.2705915377176,575.9532443770239,0.0,1415.4255963271974,2818.359817683046,470.89869537992905,0.0,0.0,0.0,654.4334445287201,0.0,0.0,0.0,0.0,0.0,801.4475872775085,0.0,0.0,0.0,0.0,0.0,0.0,0.0,0.0,0.0
162,0.2734246318221908,-5.346834086594759e-16,1.5667467323510166e-15,0.013140396,0.3927312564542164,0.0714143168061205,0.1053290915880421,1.7368941002376057,618.9073284374789,716.693361792505,2872.1381233588363,707.6805550663213,0.0,532.6577683573795,501.2108988273169,0.0,3862.341333491265,1145.620644074117,0.0,1324.117245199433,550.0711585374307,0.0,1427.3002170750756,2903.8707812698103,322.2217758769777,0.0,0.0,0.0,881.8094150964556,0.0,0.0,0.0,0.0,0.0,914.6256661285224,0.0,0.0,0.0,0.0,0.0,0.0,0.0,0.0,0.0
163,0.1276966273271533,-5.346834086594759e-16,1.5667467323510166e-15,0.013140396,0.3507543151096318,0.0464987600447706,0.0570206750515846,1.6130086558111538,815.8652467916784,862.1675557239369,3261.5283059004387,798.3625471620422,0.0,637.9968802778196,568.6723506060686,0.0,4393.012049162531,1261.9586970141208,0.0,1388.3067339913769,533.4079455665842,0.0,1434.136464100141,2956.627676985101,228.63946728559128,0.0,0.3676310623253805,1.6310392201759838,1571.8776463540723,0.0,0.0,0.0,0.0,0.0,1669.7117981817137,0.0,0.0,0.0,0.0,0.0,0.0,5.7578273423355375,0.0,0.0
164,0.064848838574749,0.0004242659524656,1.5667467323510168e-15,0.012845719345515,0.3776418424814692,0.04354605923231,0.0377164574965522,1.512581841186301,1304.0536035128314,1038.1646644782577,4193.17366914451,1008.1965963524218,0.0,813.9871345606516,669.1268089537092,0.0,5624.796739203697,1443.1134011877975,0.0,1309.0579997791576,327.9847943382799,0.0,1177.4019131926789,2645.332204672117,0.0,0.0,367.0439615506518,564.1907286152089,3362.2204179779824,0.0,0.0,0.0,0.0,0.0,3644.362826196073,0.0,0.0,0.0,0.0,0.0,158.7383489858469,1312.058118095944,0.0,0.0
165,0.0611765266065036,0.0079997961709026,1.5667467323510166e-15,0.0116260818227614,0.389270824916632,0.0663409177934093,0.0474892741794043,1.429526471183187,1293.3477004007125,662.896894559776,3993.311935947997,903.7164101869982,0.0,622.8832229725117,504.05717638677066,0.0,5277.3347748771175,1147.6023524433867,0.0,799.8604931699124,21.91997593386656,0.0,616.1436510339208,1697.959272100683,0.0,0.0,308.11099422272184,445.5093691291378,2327.390344664547,0.0,0.0,0.0,0.0,0.0,2523.0295437526584,0.0,0.0,0.0,0.0,0.0,137.45250999145753,984.3545489129102,0.0,0.0
166,0.0511670694617921,0.0472265156810625,1.5667467323510168e-15,0.0254641068205353,0.4068766624479387,0.1263225895415357,0.0594676394867446,1.393540325367016,1065.0806674601083,262.6967340521757,2532.858639121635,183.9077727509354,0.0,253.5583356945617,101.00924371396552,0.0,3242.1025607937645,231.14499763010969,0.0,156.64834653607593,0.0,0.0,118.18641639730166,500.0949359808727,0.0,0.0,230.43457859281403,332.25807683133525,1503.0600724486908,258.0945360474848,0.0,133.3055587451575,0.0,0.0,1656.5454678294134,701.4560450747158,0.0,232.3521373140577,0.0,0.0,129.367707204572,671.744685954571,0.0,0.0
167,0.0406938591351884,0.0946120835734724,1.5667467323510168e-15,0.0484669993754153,0.4297341107840516,0.2022530792844439,0.0790132608975233,1.3524003290424216,453.1374915259421,38.071547501266856,1383.4474172251996,0.0,0.0,37.02562586661667,0.0,0.0,1579.1747672137046,0.0,0.0,0.0,0.0,0.0,0.0,47.6940265400486,0.0,0.0,837.3768122655127,1197.7396207309246,3092.277486968615,746.869103734428,0.0,518.4374658922061,101.65996104336304,0.0,3721.715030041909,1668.5953603976548,0.0,712.4286129013121,75.61867416160159,0.0,735.2987166408876,1797.9073531075892,0.0,0.0
168,0.0338571326511607,0.1541240182208319,0.0006043493914418,0.0710345772358804,0.4380768021246811,0.3198786814485123,0.1093619960414329,1.2976875874191889,0.0,0.0,799.0621821605367,0.0,0.0,0.0,0.0,0.0,704.6014999694089,0.0,0.0,0.0,0.0,0.0,0.0,0.0,0.0,0.0,1503.3878534498529,2149.567699354736,4997.229591907622,1049.9165489394502,0.0,823.4746139738537,346.7576257009549,0.0,6139.67974086777,2089.266480459088,0.0,1028.522343557957,255.10789275583303,0.0,1375.5698089589991,3068.6023346463294,0.0,0.0
169,0.0285640727441839,0.2245545309078823,0.0076941289435231,0.0894392038405316,0.4227454760531543,0.4614727140416866,0.1377283601171876,1.2693921212564163,0.0,0.0,755.0931547572845,0.0,0.0,0.0,0.0,0.0,680.237402393778,0.0,0.0,0.0,0.0,0.0,0.0,0.0,0.0,0.0,1811.298426269463,2596.8960581057795,5828.523138302001,1173.313083502802,0.0,959.7593531210704,423.09879418476487,0.0,7187.337594889548,2234.024658475247,0.0,1152.8331310057904,307.8513839514414,0.0,1643.7581523510871,3598.1767231476165,0.0,0.0
170,0.0226999609871242,0.3085504216034052,0.0193592883588055,0.1108497356704734,0.3948201654088432,0.6725099643226815,0.1891180353176935,1.270524612459094,0.0,0.0,513.0757190429264,0.0,0.0,0.0,0.0,0.0,545.7639920797184,0.0,0.0,0.0,0.0,0.0,0.0,0.0,0.0,0.0,1638.2255858281092,2393.153643521039,5045.57164120381,998.490821548406,0.0,853.6268310323883,358.9934776397382,0.0,6146.601527697274,1839.24097542587,0.0,943.5088644682712,250.64655580504487,0.0,1310.6173506327482,2924.2883200131,0.0,0.0
171,0.0192673830774322,0.4008765177255308,0.0333093759069783,0.1373361908839765,0.3575759352504445,0.920805682800161,0.275273599443652,1.281819369790442,0.0,0.0,81.47312889166552,0.0,0.0,0.0,0.0,0.0,298.31184055885285,0.0,0.0,0.0,0.0,0.0,0.0,0.0,0.0,0.0,1502.6125378219508,2295.6027951382075,4115.720238227573,773.7311532144824,0.0,750.2682359608118,275.5865490251313,0.0,4835.703566420672,1276.1733633687918,0.0,640.6860122197927,166.94515949953146,0.0,803.142746959648,1934.3397667730228,0.0,0.0
172,0.0230692077209282,0.4465766010498345,0.0449745353222607,0.14504022,0.312368419388701,1.0924196923853906,0.3638358627242551,1.2351748927308983,0.0,0.0,19.95604432639274,0.0,0.0,0.0,0.0,0.0,191.2159457461609,0.0,0.0,0.0,0.0,0.0,0.0,0.0,0.0,0.0,2108.6027188532908,3311.03303597438,5319.530661678638,959.295802794184,0.0,1023.8467145365308,339.02550433981776,0.0,6071.770539023242,1425.0384667855471,0.0,698.9496057465832,178.1747327813514,0.0,771.6511214435495,2048.328081285375,0.0,0.0
173,0.0267535596103634,0.486278306398406,0.0563991759867125,0.14504022,0.2648519175348803,1.2520794492813387,0.4517852158118303,1.1984599287293038,0.0,0.0,0.0,0.0,0.0,0.0,0.0,0.0,93.42108180437714,0.0,0.0,0.0,0.0,0.0,0.0,0.0,0.0,0.0,2482.7897071056323,3937.99688295702,6062.695947389143,1073.7650553163253,0.0,1192.6923432675258,378.09086257952566,0.0,6834.877044186903,1516.9058318282357,0.0,734.9476646492762,185.1391663512257,0.0,752.276259123544,2118.6938558027155,0.0,0.0
174,0.027272519999998,0.5185340486059298,0.0683733158257108,0.14504022,0.2245498201057981,1.387861321319458,0.5339781276256106,1.1501646423810366,0.0,0.0,0.0,0.0,0.0,0.0,0.0,0.0,19.616137608563825,0.0,0.0,0.0,0.0,0.0,0.0,0.0,0.0,0.0,2933.0238411555483,4675.156756493828,7254.540199777149,1325.330402430533,0.0,1365.6082041246018,392.1318762708697,0.0,7901.844916402815,1718.4129687672928,0.0,734.4209358362697,194.9104312410566,0.0,767.5045829027106,2192.483108441637,0.0,0.0
175,0.027272519999998,0.5134687888815064,0.0723961440000017,0.1440029142458471,0.2144765708815036,1.4511450655304632,0.6111355095193834,1.0421799197209267,0.0,0.0,0.0,0.0,0.0,0.0,0.0,0.0,0.0,0.0,0.0,0.0,0.0,0.0,0.0,0.0,0.0,0.0,2653.3444822545785,4347.432463494863,7427.811982677359,1430.6247599286771,0.0,1235.3067946597268,417.6587327196375,0.0,8123.793536166912,1961.455445580708,0.0,900.87319046779,203.5780688352557,0.0,1052.6624606223031,2639.198944566413,0.0,0.0
176,0.027272519999998,0.4725081466445182,0.0723961440000017,0.1280198117541529,0.1991886511694332,1.4481312060299072,0.6699156445789071,0.8819172560830545,0.0,0.0,0.0,0.0,0.0,0.0,0.0,0.0,0.0,0.0,0.0,0.0,0.0,0.0,0.0,0.0,0.0,0.0,2251.427253387624,3780.368202328284,7330.731787695245,1462.2169154794185,0.0,1026.7063320246932,490.59199767180326,0.0,8221.798944864107,2198.2497395747773,0.0,1172.0012658204837,325.8589339801497,0.0,1455.7857035202005,3264.748011161488,1.6323176933981147,0.0
177,0.0263938522867754,0.4282897297897672,0.0723961440000017,0.1065073863588039,0.1717835163787356,1.4321972533802043,0.6869417164098363,0.7685420023136197,0.0,0.0,0.0,0.0,0.0,0.0,0.0,0.0,0.0,0.0,0.0,0.0,0.0,0.0,0.0,0.0,0.0,0.0,2038.24533272732,3479.452507107093,7186.284884926281,1460.279343873439,0.0,914.6221826707372,567.5265470442148,0.0,8210.76177011758,2294.121588784078,0.0,1341.4583902326544,535.3094592311529,0.0,1670.0293485800855,3556.276551750861,20.930799506514848,0.0
178,0.0222339816478385,0.3769048681448235,0.0719731349249457,0.0856930755470879,0.1440987373554797,1.3727146771019114,0.6759677454853905,0.6806470858596504,0.0,0.0,0.0,0.0,0.0,0.0,0.0,0.0,0.0,0.0,0.0,0.0,0.0,0.0,0.0,0.0,0.0,0.0,1959.050661889839,3292.575541214126,7093.221055681852,1462.1645588316023,0.0,904.8043121872164,669.8538492908949,0.0,8145.145099771244,2335.101249931379,0.0,1495.936617251478,736.4682347774403,0.0,1800.5822055675028,3787.271496026795,146.29686389586374,0.0
179,0.017794269089699,0.3507460669593871,0.0634994213023271,0.0977222742458471,0.1166936025647822,1.2605081243053828,0.6541871823632814,0.6294861688903641,0.0,0.0,0.0,0.0,0.0,0.0,0.0,0.0,0.0,0.0,0.0,0.0,0.0,0.0,0.0,0.0,0.0,0.0,1938.0108773874024,3097.3930271601303,7037.739951919393,1473.800357915233,0.0,912.1337871084328,777.8833172523867,0.0,8123.091015429314,2408.995373477668,0.0,1644.7089660200309,924.5996742818436,0.0,1910.9517195641656,4001.196582892992,282.7295720376626,0.0
180,0.0135507390385652,0.3412072916897292,0.0520747806378751,0.12671425620598,0.0904806937232395,1.1159080709995732,0.6180590929556576,0.5852570590504103,0.0,0.0,0.0,0.0,0.0,0.0,0.0,0.0,0.0,0.0,0.0,0.0,0.0,0.0,0.0,0.0,0.0,0.0,1914.513046458608,2657.546292902451,7090.89351562392,1631.024152366925,0.0,882.5076604504487,887.7980510776935,0.0,8279.661805998581,2718.691266288202,0.0,1731.0210636145848,1075.2117243635405,0.0,2018.1816920132617,4166.048194189981,362.6184171314085,0.0
181,0.0218014799473434,0.3375035078031707,0.0401691024717621,0.1573984638177147,0.062031349304329,0.993069145360754,0.5515456915817744,0.5899046402369456,0.0,0.0,0.0,0.0,0.0,0.0,0.0,0.0,0.0,0.0,0.0,0.0,0.0,0.0,0.0,0.0,0.0,0.0,1939.6579864855128,2452.43235307716,7084.704605101278,1705.3475741157515,0.0,879.1741199244273,955.6856913617304,0.0,8346.99543799839,2823.089008096468,0.0,1743.9902102636754,1125.7463288488782,0.0,2008.4734110916584,4194.989544530573,371.107588969463,0.0
182,0.0770469135270507,0.3687864357494054,0.0270608305514965,0.2063342290920744,0.0456646293922614,0.994997625313248,0.4861910483372116,0.6985857115870905,0.0,0.0,0.0,0.0,0.0,0.0,0.0,0.0,0.0,0.0,0.0,0.0,0.0,0.0,0.0,0.0,0.0,0.0,2205.525068155529,2615.8812321085547,7261.529804678939,1784.704487868997,0.0,1026.4852191022585,1029.7405527077517,0.0,8446.19988583213,2764.642269446884,0.0,1568.9424464428412,1042.329561047934,0.0,1700.144098970192,3757.556585441632,216.4019672317213,0.0
183,0.1573688816898319,0.4179725132340192,0.0143133367574766,0.2619512778737548,0.0461799131633197,1.040407430148844,0.4963450210277763,0.8338821169108295,0.0,0.0,0.0,0.0,0.0,0.0,0.0,0.0,0.0,0.0,0.0,0.0,0.0,0.0,0.0,0.0,0.0,0.0,2485.1336361827634,2752.563411035292,7588.055791995354,1957.703861330236,0.0,1143.7148874262637,1028.5300019896004,0.0,8728.739541746654,2749.0512492539,0.0,1273.2782984615549,838.3117075072458,0.0,1268.0110260960278,3100.523187877419,20.298410040491053,0.0
184,0.232251742465114,0.4729455845064936,0.0032998131763833,0.3107431310694663,0.0498534828936852,1.1238959365116352,0.5299694577780145,1.0076330886523683,0.0,0.0,124.60060233334502,0.0,0.0,0.0,0.0,0.0,184.268496408468,0.0,0.0,0.0,0.0,0.0,0.0,0.0,0.0,0.0,2489.0,2711.0,7662.0,2007.0,0.0,1121.0,986.0,0.0,8808.0,2765.0,0.0,1209.0,775.0,0.0,1196.0,2971.0,0.0,0.0
185,0.3081943024983364,0.5046108264764521,1.5631940186722159e-15,0.3287549248434639,0.0554566112339237,1.2658571466460895,0.5563321776337711,1.162231083508302,308.4889369749427,0.0,2800.36989144188,0.0,0.0,0.0,0.0,0.0,3136.952217576348,0.0,0.0,0.0,0.0,0.0,0.0,0.0,0.0,0.0,1841.076695436568,1401.653999769946,6758.5832820594005,1077.0165647578392,0.0,448.1278693723945,220.1896303400382,0.0,7388.008694874214,1394.7495646172508,0.0,269.26415205805256,0.0,0.0,356.43599984663075,1413.5010213921048,0.0,0.0
186,0.3918997699534857,0.5531306176611305,1.5631940186722159e-15,0.3276357772491706,0.0742374212026554,1.4413602782923671,0.6016692021771883,1.3942509712668851,380.4031065607692,396.8650657419017,3337.862874349043,731.5137553817475,0.0,53.73232481541186,0.0,0.0,3860.130206152704,1033.1689122402,0.0,0.0,0.0,0.0,63.15904846723851,330.87800017911513,0.0,0.0,1272.2389053405072,768.8379817905725,5242.455373474008,5.703514313862509,0.0,0.0,0.0,0.0,5247.787498074811,0.0,0.0,0.0,0.0,0.0,0.0,462.6871821846476,0.0,0.0
187,0.4579146486548356,0.6993085484464547,1.5631940186722159e-15,0.3387475620521676,0.1242185411832873,1.5984239657244717,0.7387900238628704,1.613103811417825,703.8725861771098,940.5098847808698,3864.167175452469,998.4390606875344,0.0,266.697052301178,100.1157801785138,0.0,4737.998080765314,1599.1273025698404,0.0,198.7753308271583,41.502541601274814,0.0,727.0360344132564,1265.5121447579152,0.0,0.0,734.5137232502422,380.9296279020736,4450.472494381386,0.0,0.0,0.0,0.0,0.0,4304.282683037096,0.0,0.0,0.0,0.0,0.0,0.0,135.45577753446022,0.0,0.0
188,0.480687286203632,0.8802614648888002,1.5631940186722159e-15,0.3652532576611301,0.2220478572077366,1.7011450165995745,0.8995639506390494,1.8792688071979675,1082.9198865644792,1519.839051434894,4108.35528585071,1186.318963024962,0.0,727.4508535164355,375.7506283500111,0.0,5499.187850298127,2450.8508234539863,0.0,851.7834773124766,338.35373207475624,0.0,2465.57804641966,3611.3574797041456,211.1730460027056,0.0,9.256032494196145,4.800314687466223,3585.686116326813,0.0,0.0,0.0,0.0,0.0,3459.692991657545,0.0,0.0,0.0,0.0,0.0,0.0,1.7069566417868205,0.0,0.0
189,0.4824674667370275,1.005318956810629,1.563194018672216e-15,0.3595504098139541,0.3773639882001001,1.8682185306470784,1.0123704615969875,2.2069079939371314,934.8346238545352,1221.7838968272256,4147.2263000803405,1275.8179141165149,0.0,717.4967058157222,285.9886609035703,0.0,5656.137632502535,2706.0103054493798,0.0,935.3978083266384,347.2923224689988,0.0,2860.9102987751444,4029.955894344959,332.8230125702978,0.0,0.0,0.0,2777.352997700329,0.0,0.0,0.0,0.0,0.0,2679.072872486439,0.0,0.0,0.0,0.0,0.0,0.0,0.0,0.0,0.0
190,0.4864356304872102,1.098127070551493,1.5631940186722159e-15,0.338540026126247,0.5856297890733193,2.081979058401613,1.1033548478921464,2.526838697307885,813.9493450940714,1005.7072449581384,4217.833259985768,1410.3338500155935,0.0,676.8583275351866,169.12446498084836,0.0,5811.796280038327,2947.515807381614,0.0,929.513895001186,294.8861175375588,0.0,3070.603292415022,4211.808192436348,394.6041024875463,0.0,0.0,0.0,2549.801950749186,0.0,0.0,0.0,0.0,0.0,2522.6038403801194,0.0,0.0,0.0,0.0,0.0,0.0,0.0,0.0,0.0
191,0.4777229239074852,1.1909154631487329,1.563194018672216e-15,0.3175296424385396,0.8795999293056457,2.304182051733206,1.212260900354463,2.890530048498335,672.0958043399676,742.2922600581567,4304.12231540666,1557.6688173089274,0.0,621.3099674427363,30.9811429056589,0.0,5983.856686067161,3226.4626356155104,0.0,940.0134935521075,247.40433380503475,0.0,3360.6846770525467,4501.022896305979,504.6334433477127,0.0,0.0,0.0,2227.6402995258504,0.0,0.0,0.0,0.0,0.0,2303.5149122113257,0.0,0.0,0.0,0.0,0.0,0.0,0.0,0.0,0.0
192,0.4322019277966445,1.26351495466584,1.5631940186722159e-15,0.2973360570572519,1.2261185606289091,2.44577663742997,1.3049760504624928,3.200822080221273,632.0073149629133,626.6008325872509,4336.6937545843375,1515.4522888354827,0.0,558.4283444940833,0.0,0.0,5949.043981828923,3246.301003139144,0.0,1052.0811638790965,327.1397228528757,0.0,3701.808316620256,5043.294708088241,763.4149430098333,0.0,0.0,0.0,1925.484399295736,0.0,0.0,0.0,0.0,0.0,2084.5352529651886,0.0,0.0,0.0,0.0,0.0,0.0,0.0,0.0,0.0
193,0.3544809829235864,1.232931807971024,1.5631940186722159e-15,0.2658545358544741,1.6107654439949868,2.567252045723876,1.2770760458831238,3.4903396103900626,357.1103987898749,377.18547158703024,3957.78220908139,1256.0236696611844,0.0,350.904408179169,0.0,0.0,5653.861382379891,2994.3290424349034,0.0,1260.3018547870458,363.22415859757376,0.0,4654.840673781528,6578.586651620852,1515.0387636162714,0.0,0.0,0.0,1628.8672142983962,0.0,0.0,0.0,0.0,0.0,1869.5793960513747,0.0,0.0,0.0,0.0,0.0,0.0,0.0,0.0,0.0
194,0.27144023681063,1.1375201016527212,1.5631940186722165e-15,0.2125517388210721,1.9804887503619188,2.662420009336776,1.1713494304169765,3.661325463390331,0.0,0.0,2946.201667341491,744.9397101962105,0.0,0.0,0.0,0.0,4944.158247402084,2345.091823102156,0.0,1608.195150494114,290.4121540759528,0.0,6243.976995639478,9307.092974374951,2986.8386853498464,0.0,0.0,0.0,1305.1590330152324,0.0,0.0,0.0,0.0,0.0,1635.007705722435,0.0,0.0,0.0,0.0,0.0,0.0,0.0,0.0,0.0
195,0.1964124565958362,1.1028165474093146,1.5631940186722165e-15,0.1956183479999996,2.2544052141162063,2.6434766361955475,1.0757765949881368,3.753290416696181,0.0,0.0,2718.666053680599,565.5849789763424,0.0,0.0,0.0,0.0,4700.905482654681,1864.622862043136,0.0,1877.0810460003468,477.2243844387105,0.0,6039.2942769449855,9402.674455925438,3203.405615510559,0.0,0.0,0.0,949.114948309898,0.0,0.0,0.0,0.0,0.0,1362.579412943273,0.0,0.0,0.0,0.0,0.0,0.0,0.0,0.0,0.0
196,0.1153178620412443,1.0664916436063412,1.5631940186722159e-15,0.1956051067247536,2.450257965166424,2.5615244166002693,0.984164496547611,3.7600383970854367,0.0,0.0,2648.651676810735,460.51386897960646,0.0,0.0,0.0,0.0,4593.286414670425,1697.5322068404616,0.0,2173.186702824208,672.3074513617123,0.0,6299.672422474598,9774.762678683965,3386.5020407313737,0.0,0.0,0.0,794.5799081471421,0.0,0.0,0.0,0.0,0.0,1211.6315524366246,0.0,0.0,0.0,0.0,0.0,0.0,0.0,0.0,0.0
197,0.0504746111076103,0.9439299836897278,1.5631940186722159e-15,0.1826322693462369,2.517827513993065,2.4879376693762896,0.8378953083570729,3.738933171986712,0.0,0.0,2601.287780526108,437.24318025358446,0.0,0.0,0.0,0.0,4560.70217394397,1748.8100806623704,0.0,2238.0633064458766,639.5597124829673,0.0,6582.202822471655,10215.220055927395,3543.169740446664,0.0,0.0,0.0,749.1320950382219,0.0,0.0,0.0,0.0,0.0,1144.0132503762202,0.0,0.0,0.0,0.0,0.0,0.0,0.0,0.0,0.0
198,0.0274701898344277,0.7834365764691829,1.5631940186722165e-15,0.1538817551760798,2.480553003204826,2.490061814856607,0.6887674514152851,3.6385179551321456,0.0,0.0,2463.8034421757643,365.4516323880799,0.0,0.0,0.0,0.0,4456.942700069779,1721.380617441462,0.0,2335.023295086704,673.1353632791634,0.0,6986.930609451075,10922.090806368047,3835.143212121066,0.0,0.0,0.0,683.7804335188101,0.0,0.0,0.0,0.0,0.0,1046.723326547729,0.0,0.0,0.0,0.0,0.0,0.0,0.0,0.0,0.0
199,0.0257782296553609,0.6216594251561449,1.5631940186722159e-15,0.1217650886910299,2.4086533810184902,2.4200621383692176,0.5935475606112992,3.428042125262209,0.0,0.0,2240.224019445578,385.4588999560564,0.0,0.0,0.0,0.0,4406.06592467396,1759.4547974107154,79.0785544661208,2609.4679476997017,812.7869594168084,0.0,7214.542847509315,11508.31724663868,3893.399918031742,0.0,0.0,0.0,620.0911440751194,0.0,0.0,0.0,0.0,0.0,976.6588695537372,0.0,0.0,0.0,0.0,0.0,0.0,0.0,0.0,0.0
200,0.0364518357560115,0.4640681624651151,1.5631940186722159e-15,0.0882955042325581,2.297764486831093,2.234306760936885,0.5510609281841886,3.178710390366778,0.0,0.0,2217.701842606941,233.9909414548057,0.0,0.0,0.0,0.0,4299.908464357002,1578.0886744931092,109.2981573930586,2790.4284287051278,985.7113301576868,0.0,7245.100212177377,11743.268027522874,3733.777740298625,0.0,0.0,0.0,546.0685964954704,0.0,0.0,0.0,0.0,0.0,907.2431773834963,0.0,0.0,0.0,0.0,0.0,0.0,0.0,0.0,0.0
201,0.0687875390431876,0.3063390475306199,1.5631940186722159e-15,0.0548259197740864,2.129569975524352,2.002179442943151,0.5364731417526505,2.815356756824423,0.0,0.0,2205.0626363820097,36.43740507189554,0.0,0.0,0.0,0.0,4163.887366684576,1342.3333133195945,125.49353040362092,3042.799006100435,1220.278166286785,0.0,7280.427192302261,12042.7505133989,3529.9931018040816,0.0,0.0,0.0,348.9440900765565,0.0,0.0,0.0,0.0,0.0,597.1949244454871,0.0,0.0,0.0,0.0,0.0,0.0,0.0,0.0,0.0
202,0.1005113033222572,0.1738639761169421,1.563194018672216e-15,0.0229810724252491,1.9377032199495017,1.7664241431441907,0.5159245085129589,2.449563419181394,0.0,0.0,2260.7339296525884,57.19621819801971,0.0,0.0,0.0,0.0,4176.17610881414,1378.1749814712969,106.01514607074738,3291.2963110536843,1344.920082238738,0.0,7315.543370321561,12206.678674639215,3583.569636193914,0.0,0.0,0.0,429.246964481075,0.0,0.0,0.0,0.0,0.0,665.7614868556032,0.0,0.0,0.0,0.0,0.0,0.0,0.0,0.0,0.0
203,0.1315876438405296,0.1283612976666004,1.5631940186722159e-15,0.0035128141489154,1.7851649253359398,1.490313373083452,0.6042060363212843,2.0977210124463554,0.0,86.1453934536265,2285.371600586038,27.48424757808207,0.0,26.33851367520809,37.91403879361165,0.0,4167.117773828191,1328.6505098227929,36.50065512814224,3394.420262107248,1445.6031771093265,0.0,7040.030665577869,12065.18965606638,3467.0633490403243,0.0,0.0,0.0,537.9272330695412,0.0,0.0,0.0,0.0,0.0,733.1500846728758,0.0,0.0,0.0,0.0,0.0,0.0,0.0,0.0,0.0
204,0.161692848717606,0.1279329119999988,1.563194018672216e-15,0.0011778829235881,1.6728616482771723,1.2161044595994397,0.75950767559089,1.8668975813678208,0.0,703.0057159821771,2080.67733474497,0.0,0.0,214.94003849176164,309.40326261787027,0.0,3714.926097328728,761.9458609855777,0.0,3097.766803267373,1755.2262557256345,0.0,5623.606102840447,10449.049745070117,3024.1586427532543,0.0,0.0,0.0,615.4876178855271,0.0,0.0,0.0,0.0,0.0,694.4405158478925,0.0,0.0,0.0,0.0,0.0,0.0,0.0,0.0,0.0
205,0.1927900984002025,0.1278795461101445,1.563194018672216e-15,1.7297581395423403e-05,1.5646752658290308,1.0015851503122997,0.9170150572317942,1.7581229732875043,0.0,756.1215098743997,1529.721294437841,0.0,0.0,231.17966410638547,332.7731285858908,0.0,2697.378945046301,358.30563040618915,0.0,2278.276394515599,1487.779055650237,0.0,3791.2327158129215,7449.618682429957,2170.2145702062053,0.0,0.0,0.0,644.4695196446705,0.0,0.0,0.0,0.0,0.0,634.0655346775618,0.0,0.0,0.0,0.0,0.0,0.0,0.0,0.0,0.0
206,0.2193446452827969,0.1186200219334182,1.5631940186722165e-15,7.46069872548104e-17,1.450335648858362,0.8410835149187149,1.0481680413126346,1.6825271019399284,0.0,548.1810017419141,1100.1626263887863,0.0,0.0,167.82921566820943,240.17976774409857,0.0,1937.770769339032,245.69390815253016,0.0,1636.546621528874,1079.810625607564,0.0,2702.533724641886,5337.062812394898,1554.961711580895,0.0,0.3158426210034308,2.248056302436184,648.8670815025378,0.0,0.0,0.0,0.0,0.0,624.9520139720513,0.0,0.0,0.0,0.0,0.0,0.0,1.84197293257463,0.0,0.0
207,0.221651207999998,0.0974117414750823,1.563194018672216e-15,7.46069872548104e-17,1.4069096967408634,0.6955728933542129,1.12557899751751,1.6379136531443903,363.1923076923077,1416.227633564732,1103.5957467656008,0.0,0.0,497.8964580292502,297.82808592702065,0.0,1854.344398238552,35.30078637393936,0.0,1035.2555550832042,714.5350797355483,0.0,1227.262443891941,3037.5906791146235,697.2391662443285,0.0,97.51350719524724,656.0169448964522,1769.4312580170931,0.0,0.0,0.0,0.0,0.0,1763.430663363614,0.0,0.0,0.0,0.0,0.0,0.0,528.2700375843992,0.0,0.0
208,0.221651207999998,0.0772961369621257,1.5631940186722159e-15,7.46069872548104e-17,1.411957666393355,0.528502921652102,1.1963628523303702,1.645084205208239,1359.253563458677,2426.73440470134,1522.4213812824053,0.0,0.0,866.1910792934916,440.6778559032512,0.0,2504.905965240013,0.0,0.0,1092.893311569648,781.5217878309959,0.0,878.2338539346331,2913.780027632858,488.2324369259997,0.0,273.11310694703866,1146.1468561414886,2531.4690377620072,2.398388920161914,0.0,1.2587033581000118,0.0,0.0,2413.553045920482,3.678731877541582,0.0,0.4544315848727837,0.0,0.0,2.250518325084262,747.630275511863,0.0,0.0
209,0.221651207999998,0.0612482646378729,1.5631940186722159e-15,0.0023567327927199,1.3850751262750234,0.3994234299789194,1.2110429601276955,1.6531345275236151,1556.8312288697623,3235.523818222403,1860.6762708760984,0.0,0.0,1148.930160906399,532.038999165936,0.0,2951.244181533258,0.0,0.0,1068.7124843873246,786.0088350047279,0.0,524.6238214772122,2614.7770324862468,278.9960605382348,0.0,539.9264191704918,1673.7479395432115,3286.095107711847,48.61335462483016,0.0,25.512873329422145,0.0,0.0,3040.7469834620138,74.56484468770942,0.0,9.2109514025994,0.0,0.0,45.61614027953988,892.3427506662711,0.0,0.0
210,0.2089968053960114,0.0436113211694342,1.5631940186722159e-15,0.0158515859601329,1.283225070731558,0.5009580690797424,1.1417381857973463,1.802336553366776,1726.0551419081633,3139.870343634745,1823.772005633816,0.0,0.0,1103.2760134211885,497.87279231259737,0.0,2822.7935292867337,0.0,0.0,1000.0824556383706,735.5333238346387,0.0,490.9337986915159,2446.8626256338625,261.0796349931913,0.0,583.0210772921247,1766.365740699649,3416.4504962289407,88.1961552476006,0.0,46.28640328031972,0.0,0.0,3219.673146878628,135.2783133121092,0.0,16.71085046796643,0.0,0.0,82.75849755564327,955.318093611972,0.0,0.0
211,0.1703762345780715,0.025436392232948,1.5631940186722159e-15,0.0324461442259136,1.1572673559843614,0.7286467265311782,1.0241671347484884,2.0514940094844647,2918.5827114008266,983.0264805945592,767.8150918427308,0.0,0.0,62.36073060991925,1.6786570512763277,0.0,202.2471017440528,0.0,0.0,3.3719365507345085,2.4799672116416853,0.0,1.655261134185364,8.249985264199521,0.8802713805473448,0.0,1416.0557157495862,3444.136143036937,5616.368294417525,856.0510972926423,0.0,485.796891813862,0.0,0.0,6180.469535371041,1234.380224197082,0.0,161.08246881280024,0.0,0.0,579.5924450322756,1864.9566786433395,0.0,0.0
212,0.1335570970365434,0.0349193117334048,1.5631940186722165e-15,0.047396196717608,1.0636624885307435,1.0550409806072358,0.9250068411249605,2.3340905488301584,0.0,0.0,174.72667009401906,0.0,0.0,0.0,0.0,0.0,0.0,0.0,0.0,0.0,0.0,0.0,0.0,0.0,0.0,0.0,2500.3578338926045,5357.975731440336,7093.069924728911,1685.4636805647403,0.0,1055.5031452209444,0.0,0.0,7531.904768240569,1806.5165027863925,0.0,111.96770387788098,0.0,0.0,191.9768301765688,1167.097119162726,0.0,0.0
213,0.0974743422458451,0.0700321412093014,1.5631940186722165e-15,0.0620472481594684,1.0108272194746732,1.549433375001705,0.7777910258097527,2.685320460576038,0.0,0.0,0.6353247040383435,0.0,0.0,0.0,0.0,0.0,0.0,0.0,0.0,0.0,0.0,0.0,0.0,0.0,0.0,0.0,3259.778855584604,6709.386468298431,7934.44866852825,1977.3181482538505,0.0,1439.619912302362,0.0,0.0,7797.276299644403,1541.2304950868122,0.0,0.3835370333134707,0.0,0.0,0.6148303587467847,360.9960680878437,0.0,0.0
214,0.0599188219534863,0.1046895784013028,1.5631940186722159e-15,0.0772903338022942,0.9487705988977604,2.1020453739697977,0.591600300538585,2.993643021514699,0.0,0.0,0.0,0.0,0.0,0.0,0.0,0.0,0.0,0.0,0.0,0.0,0.0,0.0,0.0,0.0,0.0,0.0,4106.123056316293,7650.094306815537,8800.43170468774,2250.1813695671644,0.0,2107.8830421930315,0.0,0.0,8153.658307840486,1360.685394500547,0.0,0.0,0.0,0.0,0.0,262.45856349468266,0.0,0.0
215,0.0238527423973404,0.1354268832159457,1.563194018672216e-15,0.0885081363534884,0.9388335336558126,2.615074548829249,0.4225642632956837,3.2196971376132897,0.0,0.0,0.0,0.0,0.0,0.0,0.0,0.0,0.0,0.0,0.0,0.0,0.0,0.0,0.0,0.0,0.0,0.0,4670.352940586079,8374.676216724094,9340.608749236864,2211.688289298158,0.0,2987.395009380559,245.15730125653383,0.0,8242.655086851866,1025.2657742545584,0.0,0.0,0.0,0.0,0.0,174.34130200029082,0.0,0.0
216,0.0015462060900978,0.16520137481063,1.5631940186722159e-15,0.0903779353459136,0.9801727543590673,2.9466075718405453,0.2949327410591389,3.267976799606115,0.0,0.0,0.0,0.0,0.0,0.0,0.0,0.0,0.0,0.0,0.0,0.0,0.0,0.0,0.0,0.0,0.0,0.0,4922.816960297418,8626.058671929046,9200.116694071594,2118.339713746258,0.0,3232.0579234341217,431.7521648804224,0.0,8080.937517832057,896.8078737739193,0.0,0.0,0.0,0.0,0.0,111.95121631352272,0.0,0.0
217,-1.7976731214730586e-15,0.198813975219854,1.5631940186722159e-15,0.0971846925495408,1.0500549760898947,3.288626398384219,0.2038218107688123,3.300822549940988,0.0,0.0,0.0,0.0,0.0,0.0,0.0,0.0,0.0,0.0,0.0,0.0,0.0,0.0,0.0,0.0,0.0,0.0,5251.765936754684,8930.258452030565,9002.492961213575,2022.8154604059807,0.0,3487.3446739725537,645.9469220557477,0.0,7843.464460097192,748.3904889526758,0.0,0.0,0.0,0.0,0.0,25.82529464875574,0.0,0.0
218,-1.7976731214730586e-15,0.2242640274994449,1.5631940186722159e-15,0.1564579355304541,1.0929403434839415,3.569928266476197,0.1350771792026607,3.368611250115177,0.0,0.0,0.0,0.0,0.0,0.0,0.0,0.0,0.0,0.0,0.0,0.0,0.0,0.0,0.0,0.0,0.0,0.0,5420.871087938342,9160.279641283229,8940.567715764128,2038.3209123553036,0.0,3478.2926680628466,647.3095380235937,0.0,7681.514075979205,669.6083166158597,0.0,0.0,0.0,0.0,0.0,1.8677020983031267,0.0,0.0
219,-1.7976731214730586e-15,0.2282032847242511,1.5631940186722159e-15,0.2375437212732559,1.0864828123803976,3.677269713914462,0.1666963800598034,3.4998014538039897,0.0,0.0,0.0,0.0,0.0,0.0,0.0,0.0,0.0,0.0,0.0,0.0,0.0,0.0,0.0,0.0,0.0,0.0,5468.830892124545,9238.77204811361,8760.067402199196,2054.758726997277,0.0,3328.119968501043,560.3303793271489,0.0,7392.107954586337,591.210812708245,0.0,0.0,0.0,0.0,0.0,0.0,0.0,0.0
220,-1.7976731214730586e-15,0.2452772166291017,1.5631940186722159e-15,0.3332319090865117,1.0813926984063753,3.5883333445873835,0.2590244612061156,3.504631171909637,19.071417450684013,19.071417450684013,22.52066813316782,0.0,0.0,6.681956479071771,0.0,0.0,23.37138018490149,0.0,0.0,0.0,0.0,0.0,0.0,0.0,0.0,0.0,3937.013263017459,6650.514207616083,6279.3600820378,1479.8697642962077,0.0,2370.9065500340494,213.16706223764743,0.0,5280.190686976661,414.5153540730514,0.0,0.0,0.0,0.0,0.0,0.0,0.0,0.0
221,0.0001873739912274,0.3403699619728892,1.5631940186722159e-15,0.4968645250556813,1.0616657623104295,3.439603599897416,0.4055368536478434,3.5644440997172118,745.8537956941822,821.6276958031945,1027.0121507509882,0.0,0.0,254.0505111123396,8.423730892840744,0.0,1071.586456917084,0.0,0.0,0.0,0.0,0.0,0.0,57.633309107347614,0.0,0.0,1635.735797194113,2757.0990500653825,2897.1767101686373,653.5647446955597,0.0,898.3590651645495,0.0,0.0,2394.4165229640707,158.28157603524176,0.0,0.0,0.0,0.0,0.0,0.0,0.0,0.0
222,0.0118443129368752,0.46869311265086,0.0069148953660541,0.6689662135958919,1.0074742092440336,3.3018821093911286,0.5547711568061039,3.692147950554819,1421.1121141469102,2022.343118322252,2472.61599436574,0.0,0.0,468.9750390896484,84.81004226712041,0.0,2652.4988054941905,0.0,0.0,0.0,0.0,0.0,0.0,442.8280969115057,0.0,0.0,1568.0003458778374,2614.110288149303,4145.777373996485,810.3945545524538,0.0,449.4244150412044,0.0,0.0,3247.871972181655,85.64845658764119,0.0,0.0,0.0,0.0,0.0,0.0,0.0,0.0
223,0.03212696266445,0.6427947094201373,0.0429045914152839,0.8415999942297455,0.879377896156912,3.09791393574266,0.7291772152003616,3.7924289362639936,1439.8182096119633,2709.812636458354,2684.6907994857825,0.0,0.0,497.8527658758668,213.1865435255564,0.0,3045.8049660120773,0.0,0.0,0.0,0.0,0.0,0.0,908.0255986213184,0.0,0.0,2584.2108392349915,3844.011408025917,7083.466303988876,1002.3127162484814,0.0,438.9665462757932,0.0,0.0,5332.788985049192,86.38436591241664,0.0,0.0,0.0,0.0,0.0,0.0,0.0,0.0
224,0.0521957264252474,0.8766968675908864,0.0812320898215488,0.9759627058291392,0.7502319750441377,2.898169009532041,0.936189898399624,3.9246930752975806,1461.2599616820908,3496.9696928378253,2927.5363030111075,0.0,0.0,530.9653527765853,360.1418856951472,0.0,3496.204022607345,0.0,0.0,0.0,11.454819699733408,0.0,0.0,1440.711162575059,0.0,0.0,1224.0849925165985,936.5382822197732,4061.1696558153294,0.0,0.0,0.0,0.0,0.0,2575.1170195568216,0.0,0.0,0.0,0.0,0.0,0.0,0.0,0.0,0.0
225,0.0767898841171078,1.189384515323297,0.1286736448866294,1.116485583142648,0.656033232959923,2.7138881897772063,1.1450608658521628,4.090011730946015,1678.570777720798,4917.401455507132,2834.4348104808114,0.0,0.0,884.7293016385502,676.4883349420379,0.0,3745.0245853005536,89.99154946076622,0.0,567.6597984447926,866.4240228186277,0.0,820.8938176807694,2907.529722818029,346.40909665151594,0.0,0.0,0.0,2859.6389696523333,0.0,0.0,0.0,0.0,0.0,1803.687431071397,0.0,0.0,0.0,0.0,0.0,0.0,0.0,0.0,0.0
226,0.1213660976071897,1.547297032891928,0.1835116884119613,1.2754697566410005,0.652656513357042,2.7317913795747573,1.390162573322652,4.583573780805943,3002.011527387208,7219.628677579903,2348.2150006764664,0.0,0.0,1762.444199360959,1268.905331541948,0.0,3290.577671651681,174.4826135157087,0.0,1228.7878191557882,1392.935388213229,0.0,776.848419988753,3556.1526776320147,620.912895573694,0.0,0.0,0.0,2432.6617794637864,0.0,0.0,0.0,0.0,0.0,1743.7686305584014,0.0,0.0,0.0,0.0,0.0,0.0,0.0,0.0,0.0
227,0.2201418817012967,1.7883956113219548,0.2518808281649058,1.3572624931214152,0.7879372748834161,2.7792071764738853,1.5804330053539737,5.001675540096951,3525.2931775361285,7719.882956737913,1964.399614234812,0.0,0.0,2115.725481493923,1628.8821647011157,0.0,3039.7262129740634,262.1946287133488,0.0,1693.0832614485191,1783.3501809511945,0.0,956.2986762824452,4105.2092092378425,891.3626369181543,0.0,0.0,0.0,2072.71167794686,0.0,0.0,0.0,0.0,0.0,1685.8400998930344,0.0,0.0,0.0,0.0,0.0,0.0,0.0,0.0,0.0
228,0.3131035992842885,1.9858544606710933,0.3593214031722843,1.3815468238433803,1.0380581401082083,2.803029879998112,1.7960497277968706,5.246067712727099,1923.2679433730605,5248.871346879196,1948.135744066075,0.0,0.0,1590.936802688651,1525.0980459790778,0.0,3182.974421924509,340.1224245823065,0.0,2505.9957112117563,2444.090282101764,0.0,2365.440568179779,6245.21434302985,1719.5106033926013,0.0,0.0,0.0,1730.5918038990733,0.0,0.0,0.0,0.0,0.0,1475.013847096529,0.0,0.0,0.0,0.0,0.0,0.0,0.0,0.0,0.0
229,0.4152626247109616,2.2109854097464354,0.4599447485382081,1.39487524990526,1.491810191918978,2.819494076296224,2.0287137798962624,5.382380631684486,1118.0575109788433,3944.085882059456,1919.592154215656,0.0,0.0,1256.2369036600203,1334.1831053893704,0.0,3257.8894459219496,420.95829365611,0.0,2683.950441197676,2548.6485617012213,0.0,3046.132720841078,7271.916444096819,2097.98313256171,0.0,0.0,0.0,1381.068993815015,0.0,0.0,0.0,0.0,0.0,1243.4199178830795,0.0,0.0,0.0,0.0,0.0,0.0,0.0,0.0,0.0
230,0.5209842628187841,2.3456091903651477,0.5575630688127482,1.3775908953261835,1.987017279972212,2.7996095052467598,2.191470461271521,5.402145044810624,1373.182850299469,3367.1328229171954,2358.662821461087,0.0808531868812783,0.0,1259.152559723554,1099.7987714205285,0.0,3540.750374202408,500.634787148666,0.0,2210.996448074126,1967.3148977795847,0.0,2838.70635178531,6580.049189475008,1850.16715674815,0.0,0.0,0.0,1161.751584975866,0.0,0.0,0.0,0.0,0.0,1090.5838997572855,0.0,0.0,0.0,0.0,0.0,0.0,0.0,0.0,0.0
231,0.6317625337102727,2.3530670204019297,0.6426842234950197,1.2721947457636826,2.3958779437821085,2.7430231669709864,2.266096583948851,5.255228526783424,1556.5667816774812,2838.441738147449,2373.215267653561,0.6370877157415118,0.0,1181.0147713406222,892.2034875350773,0.0,3315.440835981918,469.5238722930864,0.0,1712.4900381986456,1436.555973526555,0.0,2324.4090529635705,5328.631531269127,1459.2785952855404,0.0,0.0,0.0,1120.5168095854606,0.0,0.0,0.0,0.0,0.0,1062.4435251563168,0.0,0.0,0.0,0.0,0.0,0.0,0.0,0.0,0.0
232,0.7293462408081227,2.2718834097664358,0.7240240563121705,1.1164443700134157,2.7631016182062305,2.539691931554201,2.2820905213885787,4.872541622744816,1196.8782153257478,1722.5160211118414,1507.4781703913418,6.237967875654026,0.0,707.7801361579623,530.0188745343088,0.0,2121.617736079989,300.2646382666366,0.0,1104.130743936949,902.1305860029254,0.0,1512.6238446412406,3441.873864360625,961.5925368459018,0.0,0.0,0.0,1033.706087196591,0.0,0.0,0.0,0.0,0.0,1017.6163499576348,0.0,0.0,0.0,0.0,0.0,0.0,0.0,0.0,0.0
233,0.7596859578491526,2.143776731655614,0.7500896382399135,0.9815392513720218,3.0134515076700352,2.241627484694998,2.2306677406279767,4.459786708043544,620.8463768415246,741.1631030016796,1242.7474103330571,64.29630561338674,0.0,118.54336509085948,59.91992723490792,0.0,1924.805086145088,270.0284056316762,0.0,1150.8109764543397,775.1690290617069,0.0,1519.7736724684255,3345.8518101365185,1188.105823060206,0.0,0.0,0.0,803.633197053189,0.0,0.0,0.0,0.0,0.0,899.1073419054144,0.0,0.0,0.0,0.0,0.0,0.0,0.0,0.0,0.0
234,0.8040197169940174,2.0194997482870414,0.7218093829182765,0.8961673010817282,3.1802480721355457,1.943894582612631,2.110478656523588,4.077680055221264,397.9110769811533,1649.876961019464,2473.925646887794,132.4356700719478,0.0,305.6077539344293,38.40437464650214,0.0,3688.796695186932,441.56254491863,0.0,2142.5228308375367,1524.322841948294,0.0,2594.202160339465,5941.255692952515,2173.5611809024576,0.0,0.0,0.0,746.1793687289078,0.0,0.0,0.0,0.0,0.0,858.761972475908,0.0,0.0,0.0,0.0,0.0,0.0,0.0,0.0,0.0
235,0.9208702081644506,1.894937274598005,0.6999511614817298,0.8200447389909835,3.293968202481014,1.6871716706454734,2.021333584784057,3.842026742394163,802.1083717813693,2914.778934999528,2927.5387152482413,164.9585773213972,0.0,1014.2956381226288,268.49462922455814,0.0,3693.286038704581,233.5237230121116,0.0,1756.5426352938794,1554.301030940711,0.0,1409.0532930287195,4163.503549675267,1476.428244521408,0.0,0.0,0.0,658.7633342785002,0.0,0.0,0.0,0.0,0.0,801.6130679439921,0.0,0.0,0.0,0.0,0.0,0.0,0.0,0.0,0.0
236,1.1307688814095864,1.8439387094665387,0.6924748996943532,0.7633852363654479,3.4661641396801137,1.5201645224736662,1.9580857432710057,3.679791270313241,3058.1373138315525,3706.903318546395,3096.177833551867,304.80532723650407,0.0,1664.9459322373982,1293.5355286583676,0.0,3429.9589273187435,312.7063846891263,0.0,1404.4555002598545,1477.3667747456211,0.0,460.230518119704,2739.1402436581493,607.848856454406,0.0,0.0,0.0,510.2291218045669,0.0,0.0,0.0,0.0,0.0,710.5253430550811,0.0,0.0,0.0,0.0,0.0,0.0,0.0,0.0,0.0
237,1.423767249935769,1.8753674713178263,0.6690545693754162,0.7583289275703207,3.559952961785159,1.4187086073399855,1.9815384395481763,3.544138991200443,3427.5195671396823,3641.9039734756207,3044.35149882971,436.23006032864464,0.0,1783.175899758627,1777.3502529538384,0.0,3352.858838742324,387.1170570092681,0.0,1606.880972520514,1777.66963295116,0.0,602.1665463721141,3117.274207838652,610.9034141523073,0.0,0.0,0.0,491.80953951191685,0.0,0.0,0.0,0.0,0.0,689.2045682001675,0.0,0.0,0.0,0.0,0.0,0.0,0.0,0.0,0.0
238,1.7594984639648237,1.9795703268743368,0.5865602098745378,0.7658758862005084,3.541562890703144,1.4277502176947503,1.9693759625546248,3.497660643918701,3495.8676923531925,3234.7539630324186,3031.891427488189,561.0514941618012,0.0,1773.471676435627,1896.167864563447,0.0,3367.3487061191145,457.85329374756384,0.0,1720.5380029134376,1899.4849995231984,0.0,665.7271315482726,3229.599127261646,626.9671859640185,0.0,0.0,0.0,466.0639350462012,0.0,0.0,0.0,0.0,0.0,656.802882466734,0.0,0.0,0.0,0.0,0.0,0.0,0.0,0.0,0.0
239,2.0778041647749173,2.084997607674416,0.530958681934387,0.7326279401262478,3.433421710634549,1.5939715421312348,1.9334819316852192,3.4926357419476712,3631.7051161794784,3107.892890270195,3251.992767966119,733.038173858825,0.0,1679.9930349576443,1757.1979562020497,0.0,3786.671008061921,555.120921213,0.0,1076.1339708917285,1443.69349744972,0.0,289.239522228672,2172.397813248457,271.49866458858685,0.0,0.0,0.0,345.50207711983586,0.0,0.0,0.0,0.0,0.0,488.5452212579211,0.0,0.0,0.0,0.0,0.0,0.0,0.0,0.0,0.0
240,2.3591721463396507,2.183372885806526,0.47464897671839,0.6906081660293169,3.279682870466288,1.814881055763148,1.9079155239421577,3.556960629150668,3432.9012857623006,2943.7746191044357,3749.36156453692,1006.4306696127408,0.0,1299.2358661779338,1192.873333342135,0.0,4346.18592195848,708.4995528274179,0.0,183.9012487854434,590.4217881364135,0.0,0.0,885.628733595303,0.0,0.0,0.0,0.0,210.77279257457764,0.0,0.0,0.0,0.0,0.0,273.0360670064823,0.0,0.0,0.0,0.0,0.0,0.0,0.0,0.0,0.0
241,2.56603563423881,2.255350689980848,0.4034824307265976,0.6450115476607411,3.1526390799913986,2.014801527062738,1.8405687878295915,3.570570902401403,3348.95164718731,2738.6180374383216,3888.4072695142254,1253.7202533956531,0.0,1095.120864733005,1047.9921776591682,0.0,4401.981252928196,839.8303223071151,0.0,82.70285000364791,457.3360536311716,0.0,0.0,721.9143732982437,0.0,0.0,0.0,0.0,497.2553984077067,0.0,0.0,0.0,0.0,0.0,438.8980715440992,0.0,0.0,0.0,0.0,0.0,0.0,0.0,0.0,0.0
242,2.661107820464111,2.255901485831122,0.3154337521594684,0.5967664182669105,2.9610191613469525,2.1711106378822884,1.7753569108448592,3.495145053941203,3023.308715650101,2339.971276641819,3942.275356832465,1393.412206173483,0.0,720.0919447991415,642.6001335830019,0.0,4146.410954550328,798.8043174481929,0.0,14.237236610849587,112.39923640144409,0.0,0.0,430.66091709174174,0.0,0.0,0.0,0.0,915.4429261434044,0.0,0.0,0.0,0.0,0.0,726.1773187889548,0.0,0.0,0.0,0.0,0.0,0.0,0.0,0.0,0.0
243,2.646235226744361,2.222539563600961,0.2506118339197274,0.5466529937541527,2.832215772011852,2.2861476012477437,1.6929602176884275,3.418357051462694,2425.906612897152,1711.794456268505,3565.125881395624,1005.999030868131,0.0,288.4574076396131,165.1228346950504,0.0,3257.428789161781,256.4474794803556,0.0,0.0,0.0,0.0,0.0,110.66200515270688,0.0,0.0,38.77565311570451,45.84267862360269,1648.6769026521497,0.0,0.0,9.717160073360002,0.0,0.0,1483.9516549362215,15.528858681828904,0.0,11.57690362807005,0.0,0.0,27.19874948763446,96.427703311716,0.0,0.0
244,2.580298556813742,2.0901551140894874,0.2394304704082231,0.4837610341663211,2.7361000217691043,2.4796096057861394,1.622535117226746,3.3481874106908203,2350.4138245117406,1395.5435311215376,2641.812807988001,379.8810138881891,0.0,195.71070630301415,0.0,0.0,2159.1193826468143,4.814160314251244,0.0,0.0,0.0,0.0,0.0,0.0,0.0,0.0,508.60849299222383,637.1480504680248,3119.458691971701,33.515625,0.0,139.87470402922636,0.0,0.0,3459.921528467656,317.62146182182585,0.0,183.4936665228582,0.0,0.0,411.44295146936565,1260.1557052948108,0.0,0.0
245,2.424121366606996,1.9086613711025968,0.2131106604307218,0.4033014763830377,2.63188597612742,2.744715143960142,1.5182441863795213,3.2284169738331023,2644.6969978099896,1338.4843386861,1702.066509176552,0.0,0.0,227.42555735145487,0.0,0.0,1179.3506699691477,0.0,0.0,0.0,0.0,0.0,0.0,0.0,0.0,0.0,1029.0,1393.0,4589.0,165.0,0.0,319.0,0.0,0.0,5596.0,973.0,0.0,463.0,0.0,0.0,991.0,2536.0,0.0,0.0
246,2.181382679796329,1.6732984220132885,0.1865217182643372,0.3203915684651165,2.3781784272471462,2.9137041877171823,1.378555871980068,2.9460455078835754,1519.779870371818,644.2223537221244,829.8834271986698,0.0,0.0,80.58635988378575,0.0,0.0,315.78608466088133,0.0,0.0,0.0,0.0,0.0,0.0,0.0,0.0,0.0,1671.5309085887802,2650.1037002528697,4768.145064728267,226.86441439865283,0.0,739.5182030464922,44.6803804113001,0.0,5915.146936007847,1095.635111008571,0.0,925.4902041172728,41.49441881743663,0.0,1268.7170879909158,3220.21712914466,5.440546003061973,0.0
247,1.827709311278636,1.427797770770474,0.1733175754840397,0.2402374592093022,2.09812349352246,3.0704851321360764,1.1925961102342943,2.6760794690865213,189.179425256034,0.0,260.0404470873319,0.0,0.0,0.0,0.0,0.0,0.0,0.0,0.0,0.0,0.0,0.0,0.0,0.0,0.0,0.0,2409.1930675668946,4237.760192569637,5073.574952598827,386.3122532980904,0.0,1186.2361170796162,427.2966482188088,0.0,6362.180731205258,1267.561804137758,0.0,1347.7257136934284,340.96292817145985,0.0,1487.539495496094,3781.0917616176703,34.455359239071484,0.0
248,1.412848180008068,1.1313802293189352,0.1699693295681072,0.1522456775602755,1.757058150333886,3.235597587606556,1.080085825535598,2.53638300009041,0.0950606548132749,0.0,0.1306675667536438,0.0,0.0,0.0,0.0,0.0,0.0,0.0,0.0,0.0,0.0,0.0,0.0,0.0,0.0,0.0,2532.563230513999,4779.242317287829,5357.547508989271,599.065549247661,0.0,1195.4303879978297,401.2497313012776,0.0,6635.013343127839,1390.38335503367,0.0,1227.5434881105302,210.63729667877868,0.0,1353.942285189209,3482.3462832822747,0.0173134525948579,0.0
249,0.995689398290866,0.8643145701747897,0.167481907105296,0.0925107600797344,1.423249485503018,3.448025120883862,1.0594025934927138,2.535698112945417,0.0,0.0,0.0,0.0,0.0,0.0,0.0,0.0,0.0,0.0,0.0,0.0,0.0,0.0,0.0,0.0,0.0,0.0,2505.708144688768,4774.176291090069,5447.732213171174,651.9698748534199,0.0,1171.28968585354,377.5532760476687,0.0,6715.78891055291,1448.7141764861,0.0,1198.0508202985118,187.40170959670056,0.0,1341.1249106420482,3435.6301084318275,0.0,0.0
250,0.6307703860923949,0.6753202992054134,0.171678852801104,0.0497179424338997,1.135223653217074,3.5813772115923066,1.1160792869185754,2.4886161989170663,0.0,0.0,0.0,0.0,0.0,0.0,0.0,0.0,0.0,0.0,0.0,0.0,0.0,0.0,0.0,0.0,0.0,0.0,2249.2850091705686,4687.601111848912,6191.153197898357,1088.2311127649914,0.0,956.736226503411,177.39450253445213,0.0,7385.885909220082,1930.5149902897765,0.0,971.5938611458884,0.5075443217128045,0.0,1268.7403719851902,3077.426365301288,0.0,0.0
251,0.3453882030637,0.543762578646827,0.1928639319927783,0.0320897531674131,0.8755284707953189,3.664256451108776,1.2659438898070212,2.485084589110786,0.0,0.0,0.0,0.0,0.0,0.0,0.0,0.0,0.0,0.0,0.0,0.0,0.0,0.0,0.0,0.0,0.0,0.0,1908.0719814977808,4194.940168549107,5964.833110528727,1090.9903325251366,0.0,793.9308272085291,115.930806892415,0.0,7110.92873540965,1897.0931899174288,0.0,981.9453100137324,0.0,0.0,1374.3068669400495,3013.3920311257216,0.0,0.0
252,0.1714943576359078,0.4906841560412215,0.2173214670429187,0.0298129951031258,0.7473157132071306,3.747378325268437,1.4560323189978983,2.6571762702303854,0.0,0.0,0.0,0.0,0.0,0.0,0.0,0.0,0.0,0.0,0.0,0.0,0.0,0.0,0.0,0.0,0.0,0.0,1124.917057428222,2471.7360380980367,3558.80993316762,647.1740405958996,0.0,465.1719082886908,78.28677792031289,0.0,4240.814603316853,1127.7482716183997,0.0,608.763590769146,0.0,0.0,863.7490283661465,1859.3450483497656,0.0,0.0
253,0.1391627489501662,0.4554871782865098,0.2295451322455818,0.0287601120000002,0.6225048979869731,3.787498207463932,1.7037474863346171,2.85181839081329,0.0,0.0,0.0,0.0,0.0,0.0,0.0,0.0,0.0,0.0,0.0,0.0,0.0,0.0,0.0,0.0,0.0,0.0,1067.0666617118477,2339.328227604572,3408.201306798153,615.1915544400134,0.0,438.4885109069726,85.38813674734527,0.0,4059.5465130106472,1075.1555532904954,0.0,606.3649900974401,0.0,0.0,870.8718254827763,1844.473009401415,0.0,0.0
254,0.1366743683122926,0.4295356739893193,0.2305767600000004,0.0287601120000002,0.5034747004727081,3.70520752154652,1.859381139966064,2.84860831565994,0.0,0.0,0.0,0.0,0.0,0.0,0.0,0.0,0.0,0.0,0.0,0.0,0.0,0.0,0.0,0.0,0.0,0.0,1562.444396883435,3326.7337901651704,5847.569799718922,1022.531817319791,0.0,621.6851013492338,290.7554656363851,0.0,7082.313149041464,1974.9230120076604,0.0,1466.3795993958872,311.14956146292855,0.0,2308.7676932319987,4265.632933538501,377.5910215443285,0.0
255,0.1348376781719604,0.3803757423285029,0.2311771343394024,0.0286803619128241,0.3983279795210622,3.474480894477612,1.918793077477474,2.6275018726285686,0.0,0.0,0.0,0.0,0.0,0.0,0.0,0.0,0.0,0.0,0.0,0.0,0.0,0.0,0.0,0.0,0.0,0.0,1235.0523568644924,2261.9418315440817,5780.065395299938,1045.0617028893748,0.0,545.1371661876387,419.8948925550493,0.0,7308.724489664555,2337.1795985002345,0.0,1924.0037751800996,843.5195448294502,0.0,3049.983399663606,5147.031352893788,1095.243787412199,0.0
256,0.1356644115981512,0.3380232653586573,0.2292074039523335,0.0257000874817277,0.3253930942906247,3.455213228148496,1.9424548767005645,2.4154538019277747,0.0,0.0,0.0,0.0,0.0,0.0,0.0,0.0,0.0,0.0,0.0,0.0,0.0,0.0,0.0,0.0,0.0,0.0,1264.5441371000818,2047.039620262446,5753.595260784773,1070.3973020679598,0.0,597.9623310905196,503.0372867636721,0.0,7372.359663523565,2385.782759918753,0.0,2014.994555181096,1005.9837573798832,0.0,3082.231331543334,5150.511549871698,1299.2589275548023,0.0
257,0.1340992490778563,0.3002287662657779,0.2170292620196457,0.0213048544186048,0.256919740923587,3.479556297091441,1.9182707986739875,2.1922463308877607,0.0,0.0,0.0,0.0,0.0,0.0,0.0,0.0,0.0,0.0,0.0,0.0,0.0,0.0,0.0,0.0,0.0,0.0,1684.7283335125162,2792.998972255274,6279.775988368828,1347.932227944607,0.0,757.1577254218213,523.7161796076789,0.0,7803.280087883044,2484.157489687632,0.0,1687.5742294164083,933.0558538847451,0.0,2327.075735349638,4230.2796297817285,979.9125290309964,0.0
258,0.1333898870830563,0.2563863988305624,0.1941735881063138,0.0167662985382061,0.2073839981262448,3.492415505619641,1.7817807752772403,1.8353528809565365,0.0,0.0,0.0,0.0,0.0,0.0,0.0,0.0,0.0,0.0,0.0,0.0,0.0,0.0,0.0,0.0,0.0,0.0,1902.1346567150515,3309.7153211154555,6575.626240925149,1469.0611809312863,0.0,825.8572244080439,491.9674715840885,0.0,7962.818118257283,2424.3351132119697,0.0,1416.2031595322546,712.8452169826236,0.0,1804.59584471464,3596.233684830476,597.2964077680394,0.0
259,0.1331625474418604,0.2116383794551471,0.171250174285716,0.0123710654750833,0.1660460733687697,3.4626662778292574,1.5762834426142331,1.4177976574345947,0.0,0.0,0.0,0.0,0.0,0.0,0.0,0.0,0.0,0.0,0.0,0.0,0.0,0.0,0.0,0.0,0.0,0.0,1983.0,3046.6334242015405,6959.167120482442,1749.761061923661,0.0,868.1909462045778,565.3042885984688,0.0,8398.444520036635,2776.405718131292,0.0,1357.0027228946503,628.6654186076277,0.0,1773.193669099228,3509.841388628998,320.73417287938565,0.0
260,0.1329006126378738,0.1719643695870882,0.1448384148837224,0.0073069925980069,0.118417594843852,3.4904403145799803,1.3034124262135758,1.095514429737064,0.0,0.0,0.0,0.0,0.0,0.0,0.0,0.0,0.0,0.0,0.0,0.0,0.0,0.0,0.0,0.0,0.0,0.0,2024.2315207275935,2597.7832543529216,6973.709362275526,1835.093597743024,0.0,984.423638461343,743.965510916448,0.0,8555.206901151674,2954.413793965939,0.0,1571.6748731919731,840.1330007368682,0.0,2008.0689698296944,3794.753695854481,443.5763532012476,0.0
261,0.1320519698510094,0.1559395654316353,0.1156469246473302,0.0018601394513163,0.0667451888970078,3.6072905940690143,0.9843112659698467,0.9313279029407096,0.0,0.0,0.0,0.0,0.0,0.0,0.0,0.0,0.0,0.0,0.0,0.0,0.0,0.0,0.0,0.0,0.0,0.0,1841.3548439531855,2189.279494045582,5965.001986944768,1554.5380492437205,0.0,953.403597888577,738.0856952809528,0.0,7297.324571384574,2531.187399476422,0.0,1409.8680168195194,788.0408788755047,0.0,1663.077818082267,3248.61020378482,404.7773958832386,0.0
262,0.1287254432491695,0.1530160352516583,0.0925362946046519,2.4691360067663543e-16,0.047416634633719,3.5467560130664584,0.8184855836411989,0.9167509641901982,0.0,0.0,0.0,0.0,0.0,0.0,0.0,0.0,0.0,0.0,0.0,0.0,0.0,0.0,0.0,0.0,0.0,0.0,1302.290459119118,1511.2563742234952,3981.18943700683,1032.767530245336,0.0,666.1723322658977,507.3018764087505,0.0,4872.123411332347,1653.6550512199967,0.0,888.2460723146729,497.1351112385682,0.0,1001.4739745165074,2025.365985423383,218.4774565813751,0.0
263,0.1279329120000001,0.1602841096115486,0.0812990760858685,2.4691360067663543e-16,0.0959084992823901,3.48409799554486,0.8687660992555616,1.0415552989174517,0.0,0.0,0.0,0.0,0.0,0.0,0.0,0.0,0.0,0.0,0.0,0.0,0.0,0.0,0.0,0.0,0.0,0.0,1680.5722922725604,1876.2099668298051,4663.004728584392,1199.630735380389,0.0,843.455594806485,625.3066821132898,0.0,5710.300051481293,1861.3008327834905,0.0,928.6313699475832,521.2434889874278,0.0,943.1244792721316,2069.791750972108,146.48638893559013,0.0
264,0.1279329120000001,0.1713877312425225,0.0805779000000009,2.4691360067663543e-16,0.1430567639999979,3.4833115733621334,1.124765064110162,1.2798210822899063,0.0,0.0,0.0,0.0,0.0,0.0,0.0,0.0,0.0,0.0,0.0,0.0,0.0,0.0,0.0,0.0,0.0,0.0,2309.9230025213087,2508.503989809358,5958.397030393116,1522.439280501399,0.0,1143.8859870329172,831.5938247372865,0.0,7300.511310237012,2299.15293746401,0.0,1069.5911289452115,602.2200424824301,0.0,964.556613091772,2328.142581969801,72.64792935414533,0.0
265,0.1273356767881774,0.1849480977491098,0.0797188577988324,2.4691360067663543e-16,0.1969714647961944,3.5677524720591225,1.5297536617145189,1.6028111186662797,0.0,0.0,147.71718350965716,0.0,0.0,0.0,0.0,0.0,126.29398210135348,0.0,0.0,0.0,0.0,0.0,0.0,0.0,0.0,0.0,2676.5270738639265,2824.826197048544,6840.236794917049,1622.7559999496498,0.0,1224.6091158636975,255.3899150853933,0.0,8184.575183434859,2329.884460169229,0.0,304.46883335738653,171.72340712758756,0.0,254.17304840155103,653.3627038755375,4.58800863641549,0.0
266,0.1148974855490033,0.1890877902906952,0.06903341180731,2.4691360067663543e-16,0.2597286416262436,3.4231382641744283,2.0201505194501723,1.889032329909464,0.0,0.0,1587.561544829368,13.45184519983878,0.0,0.0,0.0,0.0,1563.457439943919,2.690369039967756,0.0,0.0,0.0,0.0,0.0,0.0,0.0,0.0,2323.489178788329,2309.378645328594,6502.843939938848,1170.3205361267956,0.0,765.1986434158903,0.0,0.0,7158.54529788416,1390.4800550617597,0.0,0.0,0.0,0.0,0.0,0.0,0.0,0.0
267,0.0956310954984716,0.1813153074219243,0.0559568521196023,0.00559975426206,0.3156396098519577,3.136696377285061,2.495722917537816,2.1353527341568066,571.1196460230046,677.8440412266567,3124.1734969398262,637.3804267277455,0.0,134.53100120612345,0.0,0.0,3462.069311890458,540.1619855028571,0.0,0.0,0.0,0.0,0.0,142.51358789614488,0.0,0.0,1905.574907901976,1592.571644169261,5789.833427420968,409.2446014805822,0.0,177.12767886481805,0.0,0.0,5494.001568048196,243.1844294503839,0.0,0.0,0.0,0.0,0.0,0.0,0.0,0.0
268,0.0923361368770762,0.1676993194551467,0.0566598752491705,0.0832157811627909,0.3753362375083036,2.806912487534896,2.934867959607981,2.385490184936874,1057.2656311564149,1259.6285998321853,2921.280766329822,954.9941546154192,0.0,251.3508929794201,3.880840792653194,0.0,3314.164890185184,876.2946975816517,0.0,0.0,0.0,0.0,13.170494672107342,274.2533736609429,0.0,0.0,1708.9614542623976,1101.0478163058815,4879.83465393695,0.0,0.0,10.923107278063728,0.0,0.0,4152.3449848105965,0.0,0.0,0.0,0.0,0.0,0.0,0.0,0.0,0.0
269,0.0937331224983387,0.1438075614019911,0.0801166311627918,0.1855013221196017,0.4234551520986437,2.426656198698964,3.1886139463516514,2.5610135781597214,414.065278466321,544.3199377928365,1572.261825822523,620.1729335600082,0.0,136.92324143950432,65.5701817688992,0.0,1891.9732396924992,756.1800193118902,0.0,0.8968209528407657,0.0,0.0,265.0163301435039,316.12392158388445,0.0,0.0,796.3679619433307,351.4132511621079,3678.9408252928138,0.0,0.0,0.0,0.0,0.0,2902.250626200749,0.0,0.0,0.0,0.0,0.0,0.0,0.0,0.0,0.0
270,0.0986952105212082,0.1236040725327959,0.1016356461129578,0.2771723258073095,0.4930205879406609,2.07493292788937,3.2927784748463256,2.69716991603183,266.54356940036337,574.6627209216911,2895.205453694026,1481.800343145328,0.0,257.4053501650777,53.500344699160216,0.0,3830.386227608084,2303.1182136398406,0.0,55.23543338468619,0.0,0.0,1057.2508119423294,1121.4274643495787,0.0,0.0,0.0,0.0,2091.8929399558883,0.0,0.0,0.0,0.0,0.0,1703.06106467755,0.0,0.0,0.0,0.0,0.0,0.0,0.0,0.0,0.0
271,0.1150465732907278,0.1064068282546642,0.124835626544489,0.3717382032956817,0.6098430953628488,1.761454916591734,3.338146398928904,2.853478906210328,221.72413375119885,675.7055005138388,4512.6583170103295,2317.0945259092296,0.0,374.70826425981306,0.0,0.0,6123.236495807265,3915.594706943421,0.0,284.64091065238665,0.1455898961162119,0.0,2103.593330448391,2332.043435849168,0.0,0.0,0.0,0.0,921.5185773882366,0.0,0.0,0.0,0.0,0.0,787.6690006817214,0.0,0.0,0.0,0.0,0.0,0.0,0.0,0.0,0.0
272,0.1450446410533595,0.0938935075557641,0.1593379065647849,0.4720938283853829,0.7633824262789322,1.6729894273656625,3.2611389416220797,3.013308340077833,0.0,365.70074890874,4397.789666160686,2141.5234072594426,0.0,261.3748019348098,0.0,0.0,6211.674439922921,4171.426471131384,0.0,584.6162994376335,61.655095080405495,0.0,3299.1423459514062,3752.6069448896046,0.0,0.0,0.0,0.0,1658.0270827795205,0.0,0.0,0.0,0.0,0.0,1728.5261155373948,0.0,0.0,0.0,0.0,0.0,0.0,0.0,0.0,0.0
273,0.1764088072744184,0.0854747629235856,0.1896086740066452,0.5522903579003325,0.8881462465423801,1.7000601926796497,3.0466940136159515,3.140854609948931,0.0,204.68353450790704,4369.060439972127,1971.579189525473,0.0,133.07830704161168,0.0,0.0,6241.730552898192,4186.687050827018,0.0,777.452850265279,232.03564947920196,0.0,4080.835448665038,4791.244270629744,128.3325877242543,0.0,0.0,0.0,1198.485984867421,0.0,0.0,0.0,0.0,0.0,1395.420530615006,0.0,0.0,0.0,0.0,0.0,0.0,0.0,0.0,0.0
274,0.1970458103122921,0.0757477563189343,0.2143627812112014,0.5807687533573801,1.0406795016231585,1.7059024083037588,2.630478739318465,3.3385955163132417,0.0,115.03467586835244,4342.96661311028,1801.992407863064,0.0,54.74886200934234,0.0,0.0,6254.000604362071,4204.25634092637,0.0,936.181345664197,365.7612612628977,0.0,4828.133906674403,5809.944359540252,788.017638904984,0.0,0.0,0.0,758.5250350904522,0.0,0.0,0.0,0.0,0.0,897.3815449163603,0.0,0.0,0.0,0.0,0.0,0.0,0.0,0.0,0.0
275,0.2146819300863784,0.0641349014950144,0.2169405000000006,0.580904676,1.196310003490586,1.6359409086910393,2.0449554914152865,3.586856192150609,0.0,364.55582225991753,4122.10060789415,1465.7040795001565,0.0,217.5188439422873,0.0,0.0,5910.723139989858,3659.939502049211,0.0,1086.948300664408,458.3305269273292,0.0,5568.0159796616,7047.497729222664,1409.411211265593,0.0,0.0,0.0,411.6456571915721,0.0,0.0,0.0,0.0,0.0,493.2686205481572,0.0,0.0,0.0,0.0,0.0,0.0,0.0,0.0,0.0
276,0.2260830341228525,0.0525743600251622,0.2169653685592712,0.580904676,1.295659421344738,1.5386859359185794,1.527135480323181,3.82154042704008,0.0,401.5711321819208,4037.0163248221015,1369.8244854132165,0.0,241.7141900376727,0.0,0.0,5807.45203559794,3464.322437985695,0.0,1142.909185214843,489.5357162356452,0.0,5661.522430705953,7243.994885981037,1517.0459169745388,0.0,0.0,0.0,396.29693886836407,0.0,0.0,0.0,0.0,0.0,479.9074508162411,0.0,0.0,0.0,0.0,0.0,0.0,0.0,0.0,0.0
277,0.2273125488143865,0.0390052223521571,0.2204247450160342,0.5760895557876644,1.3420517796218407,1.3894131842062802,1.0623257506332535,4.0205789281014015,0.0,882.153209946029,3998.082084639672,1150.7877056774637,0.0,555.9624358746032,0.0,0.0,5564.874655177125,2869.997528332913,0.0,1196.6345399388613,549.7099098336084,0.0,4661.753455648945,6528.313533549659,1401.913093918155,0.0,0.0,0.0,437.0230500022058,0.0,0.0,0.0,0.0,0.0,621.7311057765461,0.0,0.0,0.0,0.0,0.0,0.0,0.0,0.0,0.0
278,0.2140394484916944,0.0289689110301396,0.2133415697077628,0.5005812975548182,1.3411542851858629,1.222698770449301,0.6266821785292682,4.1503890183678624,654.6603569283164,2026.2901915655364,4242.995620088364,913.0207812723828,0.0,1107.108660469792,88.8728255899795,0.0,5368.889479265663,2018.2981699860636,0.0,1031.6127129760782,380.7175767262744,0.0,3083.3955483836494,4822.926708200974,829.7842027966727,0.0,0.0,0.0,584.2793055795132,0.0,0.0,0.0,0.0,0.0,881.9933764594738,0.0,0.0,0.0,0.0,0.0,0.0,0.0,0.0,0.0
279,0.2100041698604656,0.0285121799999976,0.1823618110963464,0.3963683118139541,1.3164482687825438,1.063737194151329,0.3662256055317516,4.181480990711712,1193.9918255872276,2433.4546902044785,4205.875832126959,821.899397115029,0.0,1202.741756435786,152.0835184123146,0.0,5241.014463182657,1750.3078242847444,0.0,1073.0039577443522,437.5601453546352,0.0,2943.820525580258,4704.157772621875,752.2050314060862,0.0,0.0,0.0,370.689712999931,0.0,0.0,0.0,0.0,0.0,573.4096936835249,0.0,0.0,0.0,0.0,0.0,0.0,0.0,0.0,0.0
280,0.208911230416944,0.0267685563388681,0.1535667950481737,0.2989075605249174,1.2511610897965089,0.9061977406694464,0.2782071776387065,4.013812761725082,768.6055160393985,2237.816214307209,4144.654897299177,883.739963925524,0.0,825.4815250820884,89.70290489945957,0.0,5234.146588824941,1890.5811125144264,0.0,1169.8574150049062,659.4954116207758,0.0,3113.21446594926,4997.359890609992,898.2428996917944,0.0,0.0,0.0,340.7127209267156,0.0,0.0,0.0,0.0,0.0,559.5212373520154,0.0,0.0,0.0,0.0,0.0,0.0,0.0,0.0,0.0
281,0.1975029606777406,0.0220696546245824,0.1366859000332236,0.2035645274152828,1.141536570764374,0.7412852053715936,0.2638006776179427,3.749719037681061,1118.2043917050046,2882.8099956791098,4186.576780861783,896.7524005029616,0.0,869.1225139923099,133.75503947154945,0.0,5165.925170249363,1680.835609285628,0.0,1030.6338097085777,659.7039245385469,0.0,2500.9672593809823,4314.138880893725,724.8034923766658,0.0,0.0,0.0,398.40459637308254,0.0,0.0,0.0,0.0,0.0,682.2588262156304,0.0,0.0,0.0,0.0,0.0,0.0,0.0,0.0,0.0
282,0.1860774963189362,0.017475499375413,0.123532224249835,0.1140083589767443,1.0061242370179386,0.5845306151468563,0.2669428656478437,3.4070166734936884,1308.8350067706824,3292.544822169836,4169.838008672047,865.8742671005646,0.0,905.609457420706,171.13854044611767,0.0,5096.419488924329,1513.650651543576,0.0,956.7540582924706,638.0895167797647,0.0,2207.326292668282,3999.627031426353,618.3803509607528,0.0,0.0,0.0,419.83880861327054,0.0,0.0,0.0,0.0,0.0,737.5404319302588,0.0,0.0,0.0,0.0,0.0,0.0,0.0,0.0,0.0
283,0.1742865404717603,0.0127866192757452,0.1064281134042093,0.0305746191362128,0.8417315348150589,0.4201356004983485,0.2735354254241455,2.9301496858228147,1217.8354581114677,3627.27904502665,4058.6081102543726,782.5463682339109,0.0,804.726640418287,174.07695700734075,0.0,4976.07933725585,1345.6593024486012,0.0,1020.3160646129244,647.8286746021266,0.0,2098.105333634977,3945.6186264678554,555.3603577655222,0.0,0.0,0.0,383.7984018937546,0.0,0.0,0.0,0.0,0.0,722.7610252139292,0.0,0.0,0.0,0.0,0.0,0.0,0.0,0.0,0.0
284,0.1758773865745471,0.0079082894750807,0.1010042759869833,0.0140159830963458,0.6691361758193755,0.268375152455634,0.3211971415415323,2.3797494732985296,1014.0933118383996,4038.787075458871,3888.840871321744,675.0480839079344,0.0,639.1923356317375,179.13223074681946,0.0,4794.720661551908,1147.3783622414296,0.0,1116.3932391958824,660.7206615519084,0.0,1907.302783334952,3823.353723220356,439.54034689715456,0.0,0.0,0.0,327.59759580460326,0.0,0.0,0.0,0.0,0.0,646.9038321841313,0.0,0.0,0.0,0.0,0.0,0.0,0.0,0.0,0.0
285,0.1674784778471758,0.0032667718006621,0.1162957581926922,0.0182942515614621,0.5284295967170631,0.1510030106556489,0.3705973025675003,1.8733130032766951,1192.4504752486796,4274.115165824571,3888.4679137490302,715.9433361728651,0.0,690.4754924146093,219.9007435046785,0.0,4786.700634331803,1140.6662509037678,0.0,988.6081870062744,606.0338578396237,0.0,1596.3739227343503,3436.7417938535496,314.9803008077928,0.0,0.0,0.0,327.1655145699605,0.0,0.0,0.0,0.0,0.0,605.9277857744526,0.0,0.0,0.0,0.0,0.0,0.0,0.0,0.0,0.0
286,0.1565458995164833,0.0001235541528216,0.1301765286930756,0.0221359620199338,0.433183077439303,0.0746102555389833,0.3991696118241801,1.458464245754152,1473.2823641584448,4442.364339711038,4049.44944399924,1063.1577177695822,0.0,667.2962697625306,170.02156565384817,0.0,5012.584281630788,1343.636458438592,0.0,440.27376937610217,314.07714209930367,0.0,1062.1280950907496,2468.6325735865157,37.63341216496556,0.0,0.0,0.0,358.6039537670057,0.0,0.0,0.0,0.0,0.0,576.1274153795995,0.0,0.0,0.0,0.0,0.0,0.0,0.0,0.0,0.0
287,0.1538451480385599,-2.2719603975929214e-15,0.1321384117952193,0.0257194105410383,0.4067009768247893,0.0598655788907031,0.413491945165954,1.018471978289634,1251.7503528245768,3837.853808442484,4264.036788267426,1434.6483969360906,0.0,472.8518613334775,4.0220529510426895,0.0,5285.599721594651,1689.4694951024812,0.0,9.437024673009256,6.999416823892473,0.0,857.2190884265657,2025.4114252504328,0.0,0.0,0.0,0.0,406.6382923821002,0.0,0.0,0.0,0.0,0.0,559.14749922152,0.0,0.0,0.0,0.0,0.0,0.0,0.0,0.0,0.0
288,0.1496784428970101,-2.2719603975929214e-15,0.1259576929435227,0.0262807920000003,0.4493049513089673,0.0781481514237499,0.4133026440000044,0.6686631939160349,957.2656999924252,3080.248045127288,4502.681158409599,1835.354147321948,0.0,242.51396365380035,0.0,0.0,5583.174451916519,2085.3292392948188,0.0,0.0,0.0,0.0,687.5920132789055,1631.256218623265,0.0,0.0,0.0,0.0,638.3377139802637,0.0,0.0,0.0,0.0,0.0,676.3635016690946,0.0,0.0,0.0,0.0,0.0,0.0,0.0,0.0,0.0
289,0.1341045062846762,-2.2719603975929214e-15,0.1195258755946853,0.0262807920000003,0.5184283216937258,0.1147756560062402,0.4065314517078532,0.4757797190388273,743.2206367638532,2508.444122321483,4654.341190296736,2092.1317887429136,0.0,90.79223860243265,0.0,0.0,5773.631821120542,2332.902624074105,0.0,0.0,0.0,0.0,551.7235772602412,1324.0510971089948,0.0,0.0,0.0,0.0,1046.361562188264,0.0,0.0,0.0,0.0,0.0,966.6808293750764,0.0,0.0,0.0,0.0,0.0,0.0,23.3018688739939,0.0,0.0
290,0.1037377140996678,-2.2719603975929214e-15,0.1108972196478414,0.0262807920000003,0.6199197521771841,0.1723381830033332,0.3753236227818429,0.4194274369058678,388.1764363881455,1242.393565910344,4513.686930441069,1953.731093918171,0.0,14.278893568687716,0.0,0.0,5539.099407887268,2083.7172301649325,0.0,0.0,0.0,0.0,178.30643077368683,571.3818573912328,0.0,0.0,16.933260636123542,69.19244952170105,2627.330221874856,0.0,0.0,0.0,0.0,0.0,2854.293873565068,94.88297438303373,0.0,0.0,0.0,0.0,82.27424547252907,720.038831327503,0.0,0.0
291,0.0760632312558138,-2.2719603975929214e-15,0.0910182259136223,0.0250879582468504,0.7030524717367238,0.2363165886153186,0.3277576339354395,0.4707162384349009,240.68929134975463,465.20819332493153,4113.593154871745,1454.952137753522,0.0,0.0,0.0,0.0,4902.092882180437,1397.758882587762,0.0,0.0,0.0,0.0,0.0,91.98900322032956,0.0,0.0,108.55560864122764,258.72440000556645,3991.38874985329,10.440583481253974,0.0,0.0,0.0,0.0,4653.93785570637,400.2916233117583,0.0,0.0,0.0,0.0,263.5581645796363,1396.6247175256262,0.0,0.0
292,0.0502001749702409,-2.2719603975929214e-15,0.06856747244787,0.0214717489146819,0.7537779312439359,0.3010098475792859,0.2964902541943905,0.5523237087588873,239.9082605512624,335.7062736288834,3870.8981041829616,1214.203477395739,0.0,0.0,0.0,0.0,4548.943348746989,1071.9936068579295,0.0,0.0,0.0,0.0,0.0,0.0,0.0,0.0,173.64922704376937,364.3627412946219,4201.163126865438,40.47640459281044,0.0,0.0,0.0,0.0,4936.148467040015,560.7511437599725,0.0,0.0,0.0,0.0,327.1868713199637,1454.4131139129615,0.0,0.0
293,0.0346405812972756,0.0077881454168748,0.0516121279941538,0.0232442592446515,0.7581041474830541,0.4466732368712404,0.3081491146261821,0.742688674734616,198.2839749206196,227.92950885238253,2981.1653867908503,892.8364960701109,0.0,0.0,0.0,0.0,3446.75728771082,734.4021938834189,0.0,0.0,0.0,0.0,0.0,0.0,0.0,0.0,310.32857632045034,590.2135756271742,4623.8690768379865,285.55414793708763,0.0,6.581557790298081,0.0,0.0,5497.561481685946,879.0143279782482,0.0,5.404026684046666,0.0,0.0,454.7321630738613,1573.0117102220463,0.0,0.0
294,0.0771899627601326,0.0262906763322236,0.0470617768106322,0.029621284445183,0.7377900326312268,0.6874945965329015,0.3353412708867135,0.9993696802056452,107.32507932490958,44.377993471726974,1791.0784576008482,206.42701025833,0.0,0.0,0.0,0.0,1875.7843420711629,146.13534569010093,0.0,0.0,0.0,0.0,0.0,0.0,0.0,0.0,835.2380680491618,1587.7189575830828,5729.34878540006,831.8145735796197,0.0,253.8079739870004,0.0,0.0,6774.315111235165,1643.2529191357512,0.0,237.6263883558732,0.0,0.0,813.7250132041029,2019.0235887979247,0.0,0.0
295,0.1515557200325954,0.0456713807441837,0.0575392000529065,0.0362474936611298,0.7130765211744478,1.0083327611967765,0.3825366342142569,1.2487563675589517,43.92420720322584,0.0,1403.6291801392154,0.0,0.0,0.0,0.0,0.0,1251.1355235642063,0.0,0.0,0.0,0.0,0.0,0.0,0.0,0.0,0.0,1245.63508025527,2399.7333204409206,6575.47611680526,1342.2606845871203,0.0,543.2835041578031,0.0,0.0,7806.264358924773,2466.115064784374,0.0,578.4347321601238,0.0,0.0,1209.929994198414,2547.778766196094,0.0,0.0
296,0.2506702895043186,0.0752469684571406,0.1150593380571439,0.0432299506843856,0.6921581983681041,1.502002459473765,0.4544822180943551,1.5174995914498317,0.0,0.0,710.4410206676424,0.0,0.0,0.0,0.0,0.0,512.0182862609089,0.0,0.0,0.0,0.0,0.0,0.0,0.0,0.0,0.0,1488.0803972291674,2861.2303609002,7048.880165060979,1640.854306669553,0.0,740.1775852735561,23.450485328791697,0.0,8343.508334033424,2924.956167193196,0.0,880.6457098091626,40.27016979928352,0.0,1512.2011890714607,2984.935733857695,0.0,0.0
297,0.3713057637607965,0.151554818631227,0.2692903945514961,0.0507300296716607,0.6744658950411822,2.106775601971803,0.5691190085468596,1.7906430150908272,0.0,0.0,0.0,0.0,0.0,0.0,0.0,0.0,0.0,0.0,0.0,0.0,0.0,0.0,0.0,0.0,0.0,0.0,1601.2633245048328,3327.741147168367,6287.163647105593,969.1018826567108,0.0,1002.5591615147048,177.48779062807785,0.0,7537.350194760927,2202.988747254092,0.0,1390.7103129201653,365.6430617390452,0.0,1912.8841880470688,3873.017924159026,47.53241808178725,0.0
298,0.5159032480465104,0.2537833121114543,0.4781586899003338,0.0628202321673992,0.6266426298473889,2.871235101296763,0.7777749464175366,2.098626432282926,0.0,0.0,0.0,0.0,0.0,0.0,0.0,0.0,0.0,0.0,0.0,0.0,0.0,0.0,0.0,0.0,0.0,0.0,1548.9287094597507,3573.708609662634,6132.28855260776,859.047912560685,0.0,1012.7220004926562,293.36160811834554,0.0,7393.329392900966,1990.9096819516255,0.0,1600.8230011006124,569.1000918964636,0.0,2054.533190330912,4225.506733421507,335.9222088394507,0.0
299,0.646645318153654,0.3540702854875399,0.676921439608805,0.0691594370431896,0.5824802660132872,3.5835657124435305,1.0025166456627936,2.251005327774914,0.0,0.0,0.0,0.0,0.0,0.0,0.0,0.0,0.0,0.0,0.0,0.0,0.0,0.0,0.0,0.0,0.0,0.0,1616.0024192581834,4163.599049583512,6271.259272775379,918.5838460126188,0.0,981.4625563455628,289.9015395204454,0.0,7376.82493474126,1799.905150669564,0.0,1495.6571238560443,598.7645192891689,0.0,1736.4516054521794,4112.9210863615735,379.6988280230392,0.0
300,0.6997971306378737,0.4333789582923577,0.8437178346960801,0.0691730280000002,0.5399534263192013,4.09244596809489,1.2204058315144204,2.266068299838936,0.0,0.0,0.0,0.0,0.0,0.0,0.0,0.0,0.0,0.0,0.0,0.0,0.0,0.0,0.0,0.0,0.0,0.0,1883.7224747302655,5142.937497203113,6520.579247347316,950.6931458596824,0.0,1034.7766025857463,281.9281357055138,0.0,7263.685824470898,1462.9150662512436,0.0,1140.0654742685797,346.8101380334884,0.0,1087.2249785626816,3300.873690281745,175.17641728837367,0.0
301,0.7351718171710967,0.5125269248970094,0.991078139476744,0.0691730280000002,0.5086193875315603,4.5184730108721,1.450196533816446,2.2392266358214283,0.0,0.0,22.418869220821207,0.0,0.0,0.0,0.0,0.0,25.71980702020593,0.0,0.0,0.0,0.0,0.0,0.0,0.0,0.0,0.0,2184.9153397320706,5637.340245075452,6537.542495527218,927.9531162147518,0.0,1283.3953883455886,337.64362644836103,0.0,7186.842139544561,1191.6877480492724,0.0,967.856333925224,216.9755968618305,0.0,763.5637427213741,2785.593255381309,42.13106696942904,0.0
302,0.7566434243928242,0.5761675109374084,1.0845208424475743,0.0686739680659139,0.473883683264849,4.78346872759416,1.6635167550514305,2.154208333419267,0.0,0.0,143.99875299870118,0.0,0.0,0.0,0.0,0.0,168.64620810101576,0.0,0.0,0.0,0.0,0.0,0.0,0.0,0.0,0.0,2659.499544740685,6490.279996820772,6598.860688833385,886.9725891317197,0.0,1610.5841836804182,465.3532299535345,0.0,7009.903068967612,921.5638521718612,0.0,948.383662603994,127.25319594299442,0.0,527.0401931314889,2490.1697438170745,0.0,0.0
303,0.7626302655787367,0.588813838591096,1.1052599176895672,0.0628158703072427,0.4582035575210611,4.872192668207054,1.8051704875136263,1.943829646210761,0.0,0.0,139.94066313300613,0.0,0.0,0.0,0.0,0.0,185.42770116062752,0.0,0.0,0.0,0.0,0.0,0.0,0.0,0.0,0.0,3045.428747064576,7187.572918193075,6654.931285968563,855.2898481374838,0.0,1862.41944752834,578.4922148771288,0.0,6857.440525792259,740.7936568626124,0.0,980.6953195193656,76.93174658949789,0.0,389.207990522952,2351.5002143476195,0.0,0.0
