Time,r-biceps,l-biceps,r-lats,l-lats,r-quat,l-quat,r-hamstring,l-hamstring,L1,L2,L3,L4,L5,L6,L7,L8,L9,L10,L11,L12,L13,L14,L15,L16,L17,L18,R1,R2,R3,R4,R5,R6,R7,R8,R9,R10,R11,R12,R13,R14,R15,R16,R17,R18
0,0.0,-8.881784197001243e-17,-1.136868377216163e-16,-3.694822225952514e-16,0.169435987475083,-7.105427357601001e-17,2.5220793360843388,0.2407629762059799,2248.3243255558828,1532.2025739239948,7582.543171995457,2699.8316127578296,0.0,842.8640559241737,505.77682546681086,0.0,7621.581545057381,2969.777539319204,0.0,245.57140490777903,87.28533405547267,0.0,931.1312453037632,1539.5685033771397,0.0,0.0,0.0,0.0,452.92952552134193,0.0,0.0,0.0,0.0,0.0,851.8943391911273,3.3399840903459697,0.0,0.0,0.0,0.0,5.911771839912366,27.18747049541619,0.0,0.0
1,0.0,-8.881784197001243e-17,-1.136868377216163e-16,-3.6948222259525134e-16,0.2046734506477077,-7.105427357600997e-17,2.232460482994287,0.1345290728459799,1332.984103921886,847.3244956585213,7120.687961418697,2307.6724042808705,0.0,354.3416318088755,208.82669655595112,0.0,7206.262736709526,2572.2832576853234,0.0,127.64468004642492,44.420348656155866,0.0,806.7062883844939,1376.4026903033637,0.0,0.0,0.0,0.0,1322.2377842058386,0.0,0.0,0.0,0.0,0.0,1923.0785044164452,97.88425596286008,0.0,0.0,0.0,0.0,173.25513305426236,796.7778435376811,0.0,0.0
2,0.0,-8.881784197001243e-17,-1.136868377216163e-16,-3.694822225952514e-16,0.2204889106656246,-7.105427357600997e-17,1.930700072585505,0.045221918192691,500.7575825172572,102.77456419252276,6524.44709387256,1750.8245375189358,0.0,0.0,0.0,0.0,6677.925776055379,1937.0586395698815,0.0,0.0,0.0,0.0,467.819236586708,962.138517871063,0.0,0.0,8.290133911123606,0.0,2867.457184411276,1.2837544482765713,0.0,0.0,0.0,0.0,3812.466160473141,283.4750446256134,0.0,1.4004593981198965,0.0,0.0,377.2831263756231,1638.8625686525922,0.0,0.0
3,0.0,-8.881784197001243e-17,-1.136868377216163e-16,-3.694822225952514e-16,0.2218991400000002,0.0010784904717607,1.751994642186658,0.0291324967284808,256.91378081285893,0.0,6185.871128086044,1323.4934088823677,0.0,0.0,0.0,0.0,6214.25180513526,1422.699209230958,0.0,0.0,0.0,0.0,169.8886278087313,587.9864105789732,0.0,0.0,241.99103950853663,0.0,4276.012013025488,82.60930168373689,0.0,0.0,0.0,0.0,5688.38867289626,799.8729854917046,0.0,42.96572996006031,0.0,0.0,450.73227599378686,1702.9451452461174,0.0,0.0
4,0.0061356612125734,0.0192173594858164,-1.136868377216163e-16,0.0041320563814972,0.2255699148720676,0.0520319865482238,1.5965784592505028,0.1291055612963966,178.3975475341489,0.0,4879.932914611248,965.586725891111,0.0,0.0,0.0,0.0,4824.733673445973,1006.3861650132706,0.0,0.0,0.0,0.0,17.599758052696302,392.7946001760857,0.0,0.0,394.88339984652174,0.0,4756.16064651559,257.2368063783484,0.0,0.0,0.0,0.0,6111.786401019738,889.7276520276788,0.0,69.62415659356141,0.0,0.0,368.9245673642324,1634.2012761289482,0.0,0.0
5,0.0357911669900332,0.079819277501661,-1.136868377216163e-16,0.0187102172093019,0.239880030255375,0.1736792489302326,1.300239875524608,0.4394006535608349,0.6688379551193598,0.0,18.295567382188704,3.620122923000298,0.0,0.0,0.0,0.0,18.088617521636067,3.773085863408759,0.0,0.0,0.0,0.0,0.0659840135095332,1.4726432105991276,0.0,0.0,560.3335084111486,51.07692713551313,5245.854127007117,444.4838003381872,0.0,14.418111563778483,0.0,0.0,6550.352848832108,1013.8818814031335,0.0,97.73017927353985,0.0,0.0,321.04058850993425,1598.3811556646435,0.0,0.0
6,0.064818979654485,0.1378482084095191,-1.136868377216163e-16,0.0319848753887039,0.2378538306399074,0.289171921939657,1.0433775694411878,0.8101817976030918,0.0,0.0,0.0,0.0,0.0,0.0,0.0,0.0,0.0,0.0,0.0,0.0,0.0,0.0,0.0,0.0,0.0,0.0,790.3139232879156,308.0566802419334,5932.483954759442,809.6308668095704,0.0,137.66755787324138,72.85598150318444,0.0,7293.228671647212,1597.459506955569,0.0,270.3418546370589,91.10707259257688,0.0,650.0574702374398,1997.117191085852,0.0,0.0
7,0.0910009283322258,0.2035347786401914,-1.136868377216163e-16,0.047839363434752,0.241254309887043,0.4290219887052459,0.8427868401709057,1.24861338520683,0.0,0.0,0.0,0.0,0.0,0.0,0.0,0.0,0.0,0.0,0.0,0.0,0.0,0.0,0.0,0.0,0.0,0.0,1405.3673475030362,808.5156735848564,7869.209829636436,1941.4203522055232,0.0,645.7410962070834,512.0012907296522,0.0,9359.718661709749,3499.8182854237484,0.0,1013.9623479874846,559.2866791457647,0.0,1712.8097083619057,3371.6805261059258,0.0,0.0
8,0.1200287409966776,0.2862395951186438,-1.136868377216163e-16,0.0733755165847172,0.2470514707375415,0.6269008436155189,0.6280233854473807,1.9233950139856977,0.0,0.0,0.0,0.0,0.0,0.0,0.0,0.0,0.0,0.0,0.0,0.0,0.0,0.0,0.0,0.0,0.0,0.0,1679.4637327054836,1190.983865601109,8034.756572038108,1897.6395247387472,0.0,808.1030397165869,521.8071318055026,0.0,9361.869223777563,3124.5951289996683,0.0,871.060694272848,457.7454428983481,0.0,1197.3952224703762,2805.77416271651,0.0,0.0
9,0.1509874250136878,0.3760781664677738,-1.136868377216163e-16,0.1008030888095675,0.2532464759601328,0.8505495227051161,0.3842354093238577,2.854176710112958,0.0,0.0,97.29867927256464,0.0,0.0,0.0,0.0,0.0,94.04575165944028,0.0,0.0,0.0,0.0,0.0,0.0,0.0,0.0,0.0,2134.7756105769618,1845.8501825253,8456.548478293225,2031.4097918452685,0.0,934.6830718997454,506.99209048819006,0.0,9509.436869805704,2818.9913095063253,0.0,612.1615353361408,242.06216488401503,0.0,703.9433657603728,2152.9644818593,0.0,0.0
10,0.1701848446192694,0.4308670657568104,-1.136868377216163e-16,0.1192558594338864,0.2538747350990033,0.994478242224584,0.1907349387508337,3.773744911479071,0.0,0.0,659.1140704381058,0.0,0.0,0.0,0.0,0.0,636.5956753971907,0.0,0.0,0.0,0.0,0.0,0.0,0.0,0.0,0.0,2225.402370088035,1720.3956177581729,8460.775730445066,2046.541924109935,0.0,1001.5604742730887,542.9912898997702,0.0,9485.245934624108,2814.480539678768,0.0,607.2053973534842,245.8329729354283,0.0,708.898463884642,2126.050742215681,0.0,0.0
11,0.1713210120000003,0.4597046416345511,-1.136868377216163e-16,0.1311807388305641,0.2465485198578324,1.0999268427109632,0.1039285159027178,4.694058774849621,0.0,0.0,1150.9770564691812,0.0,0.0,0.0,0.0,0.0,1113.201376562735,0.0,0.0,0.0,0.0,0.0,0.0,0.0,0.0,0.0,1456.6470041145742,924.1441028550475,5861.241588614972,1421.2030538927013,0.0,694.2518723415981,384.3613543749228,0.0,6628.534179571248,2062.0946505802267,0.0,459.06795984165296,217.38658149247317,0.0,618.9479254232216,1599.2398002421514,0.0,0.0
12,0.1713210120000003,0.4866549427001658,-1.136868377216163e-16,0.1434517254418597,0.2538706989966777,1.2028501805008316,0.0617367153887078,5.631306286066444,0.0,0.0,1027.9709092126957,0.0,0.0,0.0,0.0,0.0,997.5128815709388,0.0,0.0,0.0,0.0,0.0,0.0,0.0,0.0,0.0,1719.1680105427977,1298.3044119454532,6202.374993623206,1542.7029550892337,0.0,787.7917470017859,341.7354602853696,0.0,6883.674766213018,1963.5960932708124,0.0,336.1567723701551,275.7775050932547,0.0,413.4703854053668,1329.587348324725,0.0,0.0
13,0.1712632446055291,0.4980678330927094,-1.136868377216163e-16,0.1512751355451631,0.256113756,1.2598120242364454,0.0264628284518303,6.51370790680649,0.0,0.0,921.6554018171366,0.0,0.0,0.0,0.0,0.0,882.761576465512,0.0,0.0,0.0,0.0,0.0,0.0,0.0,0.0,0.0,2455.0985668190992,2048.344738320829,8103.5414283340815,2045.9422528513217,0.0,1097.351189506814,386.1753267111628,0.0,8836.615918015063,2315.137126380002,0.0,282.7390716682752,410.0560465150726,0.0,275.9679692140547,1341.987685841982,0.0,0.0
14,0.1629006650444618,0.4749413222353852,-1.136868377216163e-16,0.1457730100414215,0.2510371524535237,1.218782222340283,0.0010559586340599,7.132066345928886,0.0,0.0,780.7105821186884,0.0,0.0,0.0,0.0,0.0,717.7012229134133,0.0,0.0,0.0,0.0,0.0,0.0,0.0,0.0,0.0,2383.8766014061493,2040.1778181863049,7345.4717365355955,1825.9806634369684,0.0,1065.2863727372728,359.1500935049532,0.0,7878.916794745287,1931.0314121479864,0.0,203.6002245715702,547.8005054674903,0.0,116.44955072983949,1022.9418010872196,0.0,0.0
15,0.1386602953953487,0.4273038005980063,-1.136868377216163e-16,0.1342078155747502,0.2371856716345513,1.127634685176078,3.2418512319054483e-15,7.430272695952537,0.0,0.0,745.50106489421,0.0,0.0,0.0,0.0,0.0,683.50106489421,0.0,0.0,0.0,0.0,0.0,0.0,0.0,0.0,0.0,1778.8875394232066,1491.74324536022,5676.39816400864,1403.8820801624595,0.0,797.517477688413,330.193896405579,0.0,6165.232038299813,1610.2211117520967,0.0,276.15078043790845,654.3876068180552,0.0,261.3298896908757,1049.080742920781,0.0,0.0
16,0.112762933116279,0.376495374381178,-1.136868377216163e-16,0.1223647381794014,0.2210865403064613,1.0274046398549035,3.2418512319054483e-15,7.535443907186385,0.0,0.0,686.7470218222331,0.0,0.0,0.0,0.0,0.0,625.4671608491577,0.0,0.0,0.0,0.0,0.0,0.0,0.0,0.0,0.0,1860.260453555615,1423.5780792977175,6804.8653574250175,1652.0756499155402,0.0,845.7239338830341,622.0623074330423,0.0,7720.236042735944,2437.449570585652,0.0,841.7276004183344,792.8702010337036,0.0,1049.9157642305724,2369.0524650913544,0.0,0.0
17,0.0823121884584717,0.3027950854313203,-1.136868377216163e-16,0.1049094193156142,0.1819874420132889,0.871306101168059,3.2418512319054483e-15,7.45144501267499,0.0,0.0,606.0424506562495,0.0,0.0,0.0,0.0,0.0,549.0225337691649,0.0,0.0,0.0,0.0,0.0,0.0,0.0,0.0,0.0,1917.100772280239,1337.2980901094827,7805.037769419131,1860.4574188990505,0.0,884.3136698387814,901.19605868281,0.0,9113.771833858213,3191.433928707339,0.0,1382.1000439004022,942.2393414882812,0.0,1803.945933899452,3628.7763409614727,0.0,0.0
18,0.0510076846046511,0.2140504099626883,-1.136868377216163e-16,0.0778592967906973,0.1351892473953486,0.660898434141833,3.2418512319054487e-15,7.216666053584971,0.0,0.0,478.6356825795052,0.0,0.0,0.0,0.0,0.0,436.2695438996849,0.0,0.0,0.0,0.0,0.0,0.0,0.0,0.0,0.0,1842.149765858592,1235.1608036379205,7670.3824050182,1781.1844003576512,0.0,860.8785572412701,953.728791382678,0.0,8993.594464024745,3181.352533846218,0.0,1481.4286826518833,1039.3089866535609,0.0,1944.6175949818005,3854.22532193107,26.76020932336116,0.0
19,0.0217298161008403,0.1289781478311509,-1.136868377216163e-16,0.0519405184584714,0.0913691197076409,0.4487325967903062,3.2418512319054483e-15,6.832486185014658,0.0,0.0,456.6593653060295,0.0,0.0,0.0,0.0,0.0,416.6593653060295,0.0,0.0,0.0,0.0,0.0,0.0,0.0,0.0,0.0,1783.2898332222687,1163.6757470099585,7539.138182813867,1707.8774308275104,0.0,844.2569057426704,1000.3278941806292,0.0,8869.195888526014,3156.869846767012,0.0,1569.680605668986,1129.5088232265357,0.0,2055.889253982291,4051.083899229666,151.74503589775037,0.0
20,0.0012387275158277,0.0691350292699804,-1.136868377216163e-16,0.0317685235193377,0.0525992408191561,0.290894560847991,3.2418512319054483e-15,6.3547409735282425,0.0,0.0,363.9138164876546,0.0,0.0,0.0,0.0,0.0,323.1037144609518,0.0,0.0,0.0,0.0,0.0,0.0,0.0,0.0,0.0,1689.220908494445,1173.7693384900183,6943.862531328924,1515.1100606267926,0.0,819.0551276375046,1018.4380621031136,0.0,8179.917090886114,2866.93919388071,0.0,1620.8537763203162,1226.2697918871247,0.0,2005.2312426408585,4111.5536540746425,274.4831517912264,0.0
21,0.000429404871481,0.0475724673089701,-1.136868377216163e-16,0.0229786013421922,0.0330416752425248,0.2130526626578073,3.2418512319054483e-15,6.026429713924115,0.0,0.0,340.6388029255256,0.0,0.0,0.0,0.0,0.0,301.7532099826804,0.0,0.0,0.0,0.0,0.0,0.0,0.0,0.0,0.0,1572.0574208947403,1096.1875354439217,6451.258675487646,1405.4523375919453,0.0,762.9898367385043,949.9641931047552,0.0,7599.726012738215,2661.142645151132,0.0,1512.6753079005634,1146.6917594536865,0.0,1866.2547475696088,3834.430667857536,259.64836703670005,0.0
22,0.0401414443598422,0.0350765477884135,-1.136868377216163e-16,0.0128945232358799,0.0128222569267024,0.1266629168814367,0.003998096553367,5.605082612121676,0.0,0.0,248.72130750754485,0.0,0.0,0.0,0.0,0.0,294.4339199897448,0.0,0.0,0.0,0.0,0.0,0.0,0.0,0.0,0.0,430.036553556951,313.1513942464782,1697.5275466841324,372.1074370174048,0.0,206.8363048078484,248.67195036145176,0.0,1990.6554200365547,685.2679911186643,0.0,386.8737201347284,294.0199424819484,0.0,469.5762988129264,981.4693307618032,62.65851561362021,0.0
23,0.1515688214352159,0.1069742666137872,-1.136868377216163e-16,0.0008606061553152,0.0038334735149499,0.0569717336530311,0.0999008299752939,4.95312779878468,0.0,0.0,114.72181956610072,0.0,0.0,0.0,0.0,0.0,292.7446560327257,0.0,0.0,0.0,0.0,0.0,0.0,0.0,0.0,0.0,954.1140311847704,848.0439697095873,2991.6621713184663,683.2122800487557,0.0,436.98869327593377,422.6040565688114,0.0,3399.427606076278,1028.2009183381283,0.0,547.973891812511,425.46234552120814,0.0,570.0317542139306,1399.89885981584,42.572001140886805,0.0
24,0.2624298634480412,0.2036444832344898,-1.136868377216163e-16,-3.9612757518625473e-16,0.0061430741670398,0.0792402203720926,0.2473520425533525,4.431373763853514,0.0,0.0,52.72877419585818,0.0,0.0,0.0,0.0,0.0,318.6505211243026,0.0,0.0,0.0,0.0,0.0,0.0,0.0,0.0,0.0,1978.574898298349,1755.550463804499,6248.811687268688,1485.027929358166,0.0,887.8606871450269,831.964372860774,0.0,7097.828877813405,2174.2817261643468,0.0,1078.3912221022492,835.3392879392261,0.0,1135.6395746142248,2813.42933480542,61.833402964433134,0.0
25,0.3735639218272418,0.3188463178604653,-1.136868377216163e-16,-3.9612757518625473e-16,0.022986632362126,0.1271672880996673,0.4780964568502644,3.9771616700887535,0.0,0.0,532.8998283992267,0.0,0.0,0.0,0.0,0.0,759.0682982244882,0.0,0.0,0.0,0.0,0.0,0.0,0.0,0.0,0.0,2266.181802660419,1907.3582455293904,7766.47707858284,1927.518507191469,0.0,966.546059795335,889.8862796362816,0.0,8843.520220354229,2813.1619986728665,0.0,1216.9321224706018,928.293678542586,0.0,1398.209331416257,3367.455677215453,28.323637803211703,0.0
26,0.4841671283521583,0.4383956687441862,-1.136868377216163e-16,-3.961275751862547e-16,0.0517634241727572,0.1788697588903652,0.8109345029501694,3.6083075835377336,0.0,0.0,1748.1110024670909,0.0,0.0,0.0,0.0,0.0,1952.0810744477249,0.0,0.0,0.0,0.0,0.0,0.0,0.0,0.0,0.0,2086.596560560392,1648.8336188039746,7765.580362406576,1900.3206909939988,0.0,838.7382295514653,770.8247866889913,0.0,8806.388604985023,2790.3349514424326,0.0,1099.6640618758388,824.7746982585106,0.0,1362.234133856473,3241.1096497009435,0.0,0.0
27,0.59540476182125,0.5638452502979143,-1.136868377216163e-16,-3.9612757518625473e-16,0.0818738412796685,0.2332101108438538,1.2982947499744055,3.302608257340668,0.0,0.0,2872.2408676926043,16.639344262295083,0.0,0.0,0.0,0.0,3179.053947520699,48.77049180327869,0.0,0.0,0.0,0.0,0.0,18.81967213114754,0.0,0.0,1846.3002132371653,1313.3609083733725,7704.081917344388,1851.6030327799776,0.0,672.7363868543999,616.2947236917125,0.0,8691.519616004844,2740.1888287832026,0.0,944.787160264064,689.1357185444549,0.0,1306.7523905088176,3058.235511947045,0.0,0.0
28,0.6602257831574738,0.6665467403986713,-1.136868377216163e-16,-3.9612757518625473e-16,0.1112942860863784,0.2857477161860467,1.8499523698790736,2.9010262849541544,0.0,0.0,3684.421538102871,344.46864896466644,0.0,0.0,0.0,0.0,4090.871461735014,744.8650645748137,0.0,0.0,0.0,0.0,42.118878068236334,266.9131077327661,0.0,0.0,1402.3217424037432,629.2893162372417,6766.45643980454,1407.7176839248734,0.0,323.7447047334287,295.96244321404845,0.0,7541.243878558177,2111.0468698468176,0.0,473.0818935512687,339.7149852163696,0.0,983.0198232556828,2428.99852616779,0.0,0.0
29,0.7159512183488373,0.7019684839918223,0.0027940979647328,-3.961275751862547e-16,0.1377406406511624,0.3117621029041659,2.355314731955794,2.478239233808589,0.0,0.0,4449.287084751313,972.4776974844513,0.0,0.0,0.0,0.0,5114.767520011265,1744.6751877744298,0.0,0.0,0.0,0.0,330.4416408894403,716.9336741560479,0.0,0.0,1057.1492207358983,0.0,6535.689968424524,898.2068364736405,0.0,0.0,0.0,0.0,7115.780827576495,1399.6343698368387,0.0,0.0,0.0,0.0,618.6294235155882,1906.0362561625625,0.0,0.0
30,0.8466449640445591,0.7458314779511436,0.0096619347508304,-3.9612757518625473e-16,0.1656369233879222,0.3210530919351184,2.911953555280834,2.001688555239399,0.0,0.0,4987.579803333674,1551.303384374595,0.0,0.0,0.0,0.0,5870.689959632982,2352.026100618257,0.0,0.0,0.0,0.0,779.6827815111886,1249.4067499022915,0.0,0.0,547.6697372631294,0.0,5775.124654883644,300.44810714877855,0.0,0.0,0.0,0.0,6043.888683332184,531.06818522411,0.0,0.0,0.0,0.0,196.64034219972547,1072.5684063196315,0.0,0.0
31,0.9845946938542126,0.7700477204346302,0.0165093059003321,-3.9612757518625473e-16,0.1768109671588818,0.3288846809302327,3.453870952544857,1.5990545942990035,436.7276926962476,526.0294494407973,6396.403303214981,2765.085966337336,0.0,149.03066880197878,0.0,0.0,7200.801557290143,3412.460518902535,0.0,158.6315772840505,112.72967406994228,0.0,1230.006877298495,1930.8215762362024,0.0,0.0,5.274197128109336,0.0,3426.790320271698,2.8388029868010585,0.0,0.0,0.0,0.0,3382.871451505953,5.050081102835569,0.0,0.0,0.0,0.0,1.852692475596483,15.455888668938256,0.0,0.0
32,1.0688915953887048,0.7616274268571436,0.0229538905116277,-3.9612757518625473e-16,0.1750960032159468,0.3328926861262459,3.940973517068447,1.281561478128904,1651.834830120042,1364.3266035632837,6821.795441564191,2795.60617870363,0.0,612.8972476946509,0.0,0.0,7215.066061378763,2854.018504567659,0.0,1.901022718284613,1.350939548738428,0.0,661.1163146351884,1123.4178960680051,0.0,0.0,0.0,0.0,2890.8320221344165,0.0,0.0,0.0,0.0,0.0,3031.5741234828643,0.0,0.0,0.0,0.0,0.0,0.0,0.0,0.0,0.0
33,1.1165910031495023,0.6957849154485045,0.0294656062126244,-3.961275751862547e-16,0.1730186460598009,0.3152026742131356,4.414469462620501,0.9718616802466123,2981.7860955620536,2246.3552706158875,7246.852892076261,2782.828356251452,0.0,1136.5343952801873,0.0,0.0,7190.636269437824,2227.200798377419,0.0,0.0,0.0,0.0,76.7269527078712,274.1301845004404,0.0,0.0,0.0,0.0,2474.895281001451,0.0,0.0,0.0,0.0,0.0,2801.5505064234867,0.0,0.0,0.0,0.0,0.0,0.0,0.0,0.0,0.0
34,1.157502523517251,0.6171805237551733,0.0364472395415281,-3.961275751862547e-16,0.1770578055586508,0.2741831390033221,5.133968966155131,0.7664246262841813,4174.845460513481,3095.3945886346487,7521.520315149301,2674.12343222733,0.0,1696.6777267672528,159.02462924757828,0.0,7142.868185748321,1871.143388734288,0.0,0.0,0.0,0.0,0.0,35.03951698708698,0.0,0.0,0.0,0.0,2110.2717816076297,0.0,0.0,0.0,0.0,0.0,2559.9504473380634,0.0,0.0,0.0,0.0,0.0,0.0,0.0,0.0,0.0
35,1.1565632784838935,0.5203347236611297,0.0403866473127255,-3.9612757518625473e-16,0.181198754671096,0.2300281795614615,5.834089969142288,0.692487022326449,4490.151897169892,3357.0053907841134,7623.601085157841,2651.1142141887303,0.0,1866.776475517651,341.0989548858622,0.0,7157.529457845383,1794.442571230058,0.0,0.0,0.0,0.0,0.0,0.0,0.0,0.0,0.0,0.0,1997.511824826035,0.0,0.0,0.0,0.0,0.0,2478.44786628055,0.0,0.0,0.0,0.0,0.0,0.0,0.0,0.0,0.0
36,1.07397722246474,0.4036802465780735,0.0404129159999998,-3.9612757518625473e-16,0.1750012783654478,0.1823725035815203,6.457792783353606,0.672710462504107,4303.973854424933,3690.088207425652,8053.537767217659,2809.1733862598703,0.0,2022.612331339535,296.14600308629207,0.0,7556.179463462604,1955.2522044161835,0.0,0.0,0.0,0.0,0.0,0.0,0.0,0.0,0.0,0.0,1661.8251872833555,0.0,0.0,0.0,0.0,0.0,2137.2390079129564,0.0,0.0,0.0,0.0,0.0,0.0,0.0,0.0,0.0
37,0.9658658385413332,0.276944598545242,0.0404129159999998,-3.9612757518625473e-16,0.1686671657025594,0.127588607760797,6.944631815742039,0.6207469656243879,4213.289956046903,3828.727358949942,8294.622928408076,2895.0505241113824,0.0,2110.8775785359376,284.11430497515613,0.0,7786.280351445285,2043.922962383834,0.0,0.0,0.0,0.0,0.0,0.0,0.0,0.0,0.0,0.0,1293.0035852761948,0.0,0.0,0.0,0.0,0.0,1746.6127501673548,0.0,0.0,0.0,0.0,0.0,0.0,0.0,0.0,0.0
38,0.9071568297807324,0.1809996582420144,0.0404104924377713,-3.961275751862547e-16,0.1640346117607968,0.0774437113094808,7.414743192587276,0.5757843226222822,4206.734415512316,3737.264677731378,8435.186016093094,2937.411938452259,0.0,2160.928140278895,321.5452308234472,0.0,7944.009546356288,2092.302174241572,0.0,0.0,0.0,0.0,0.0,0.0,0.0,0.0,0.0,0.0,962.4092326565806,0.0,0.0,0.0,0.0,0.0,1300.012502086851,0.0,0.0,0.0,0.0,0.0,0.0,0.0,0.0,0.0
39,0.8450554699453535,0.1436949926422129,0.0371902202522203,-3.9612757518625473e-16,0.1599014816025489,0.0510020616299407,7.852621302618759,0.5421050410341022,4175.668351311637,3200.565226824657,8790.711588687302,3103.849722756964,0.0,2122.727775296154,394.5529604570444,0.0,8392.748213249153,2285.7332226239005,0.0,0.0,0.0,0.0,0.0,0.0,0.0,0.0,0.0,0.0,349.51319771047247,0.0,0.0,0.0,0.0,0.0,472.29575999986025,0.0,0.0,0.0,0.0,0.0,0.0,0.0,0.0,0.0
40,0.721859827673995,0.1020513488796207,0.0307509812491693,-3.961275751862547e-16,0.1537469321835017,0.0429249208929098,8.094312554998519,0.5080817356476977,4126.046472625866,2607.559798749469,9031.5938301309,3298.242377033811,0.0,1964.552476995104,419.6330560276213,0.0,8807.941443610438,2469.8315201806004,0.0,0.0,0.0,0.0,0.0,0.0,0.0,0.0,0.0,0.0,309.54838140304844,0.0,0.0,0.0,0.0,0.0,443.1068892484064,0.0,0.0,0.0,0.0,0.0,0.0,0.0,0.0,0.0
41,0.608121352884941,0.0790235887574748,0.0243063966378736,-3.9612757518625473e-16,0.1511814833686353,0.0355415876013286,8.218328264577124,0.4409345300787838,4023.7300256827966,2459.355477110305,9178.619111958782,3380.388214854258,0.0,1872.6563136177303,388.2979278750528,0.0,8997.969347617416,2544.4497826901065,0.0,0.0,0.0,0.0,0.0,0.0,0.0,0.0,0.0,0.0,474.9427021531825,0.0,0.0,0.0,0.0,0.0,715.9157422820607,0.0,0.0,0.0,0.0,0.0,0.0,0.0,0.0,0.0
42,0.5032039245318171,0.0599307655215945,0.017526156578073,-3.961275751862547e-16,0.1632179188106315,0.0277630299867105,8.269775202298236,0.3581842810503444,2690.180337370422,2662.261652419649,9837.604915946871,3887.030410151888,0.0,1131.9542218817592,17.35418879279826,0.0,9708.114802150403,3027.507435836481,0.0,0.0,0.0,0.0,0.0,0.0,0.0,0.0,0.0,0.0,656.979222796245,0.0,0.0,0.0,0.0,0.0,1012.5161143106754,0.0,0.0,0.0,0.0,0.0,0.0,0.0,0.0,0.0
43,0.401520519986711,0.0408379422857142,0.0107459165182723,-3.9612757518625473e-16,0.180007961599295,0.0199844723720925,8.226413681958102,0.2837042220199329,2263.67671504015,2226.659249064705,10180.374673478473,4137.420797994631,0.0,831.6684625464511,0.0,0.0,10059.862910664844,3298.273600719142,0.0,0.0,0.0,0.0,0.0,0.0,0.0,0.0,0.0,0.0,824.0007322620793,0.0,0.0,0.0,0.0,0.0,1284.5986300756026,0.0,0.0,0.0,0.0,0.0,0.0,0.0,0.0,0.0
44,0.2993552384053158,0.0215560811960132,0.0038985453687706,-3.9612757518625473e-16,0.2012382746921578,0.0121288993355476,7.776398400892874,0.2093073244385366,1457.8167712515306,1656.0749804113038,10148.64499659999,4077.620577160169,0.0,295.53295845009626,0.0,0.0,10020.98531479019,3439.824902669333,0.0,0.0,0.0,0.0,0.0,0.0,0.0,0.0,0.0,0.0,941.8337906512196,0.0,0.0,0.0,0.0,0.0,1387.9704101498023,0.0,0.0,0.0,0.0,0.0,0.0,0.0,0.0,0.0
45,0.2338150050799375,0.0036235323156821,1.633940633252271e-05,-3.9612757518625473e-16,0.2068913784733876,0.0042733262990029,7.036593090604923,0.1348659473621248,596.4946367818507,1099.5793142105788,9206.311702322517,3322.590365663013,0.0,12.9678219983992,0.0,0.0,8984.535517887583,2919.0917197391527,0.0,0.0,0.0,0.0,0.0,16.99037356530484,0.0,0.0,20.420293530910527,2.173773182322733,1678.828895786295,9.71610740583646,0.0,6.55425550427612,0.0,0.0,2121.4275908618283,31.783198802143,0.0,12.77915143547304,0.0,0.0,24.04324883478175,149.23400654066074,0.0,0.0
46,0.2493365076602519,-2.30926389122033e-16,-1.1013412404281584e-16,-3.9612757518625473e-16,0.2077134603257066,2.307898326294357e-05,6.115227658215008,0.0798049327868099,423.8987660292315,939.2002679336294,8804.056087088315,3019.4115908641616,0.0,0.0,0.0,0.0,8546.196934644227,2652.197170947718,0.0,0.0,0.0,0.0,0.0,31.19764355470037,0.0,0.0,82.7072498912714,8.804320149715988,2601.767700357157,39.35264309342752,0.0,26.54635923929517,0.0,0.0,3162.951173609921,128.72983249205953,0.0,51.75873057711824,0.0,0.0,97.38111680746472,501.9221424146975,0.0,0.0
47,0.262064124,-2.30926389122033e-16,-1.1013412404281584e-16,-3.9612757518625473e-16,0.2039897864841832,0.000368567409793,5.207315778093601,0.1162990529700984,340.3535458164929,660.0083753402552,7564.066134923814,2154.9072126281435,0.0,0.0,0.0,0.0,7244.693668228279,1776.1893742411096,0.0,0.0,0.0,0.0,0.0,10.19436502210958,0.0,0.0,482.1520748656852,93.48266487874544,4131.773256589892,216.66794615514155,0.0,158.20189098049067,21.00412545289071,0.0,5131.103001082077,699.3277101982948,0.0,295.8859892392086,23.453586147105373,0.0,527.6287242283423,1616.4338900112846,0.0,0.0
48,0.262064124,-2.30926389122033e-16,-1.1013412404281584e-16,-3.9612757518625473e-16,0.1968917794684386,0.0171196634152819,4.26686956893805,0.2086525681829185,187.19930264463235,199.62376631710785,5325.766963469102,701.3505636801087,0.0,0.0,0.0,0.0,4940.386718424775,441.4047312643009,0.0,0.0,0.0,0.0,0.0,0.0,0.0,0.0,1108.385241722006,683.503816504974,5286.655780289872,385.6794103321707,0.0,407.9516419311401,279.981714090381,0.0,6414.110940405429,1093.8284760309405,0.0,631.2413629182573,327.453496325372,0.0,806.4276073399421,2474.1775375408065,20.619837790020046,0.0
49,0.262064124,-2.30926389122033e-16,-1.1013412404281584e-16,0.0015017629048745,0.184907530947183,0.0443584119468434,3.3061566956826884,0.3821022786464155,27.859019847518827,0.0,3124.7671239809897,0.0,0.0,0.0,0.0,0.0,2856.574065451805,0.0,0.0,0.0,0.0,0.0,0.0,0.0,0.0,0.0,1843.4575666090773,1793.423029174442,6023.741052946498,740.4313371988774,0.0,786.5114967360931,704.0296327002043,0.0,7115.06368897904,1489.0254169837676,0.0,964.1965914230734,849.2083406309179,0.0,922.8202394514208,2861.4154883446354,106.37076720384194,0.0
50,0.2616771725654621,-2.30926389122033e-16,-1.1013412404281584e-16,0.0103826673089697,0.1648540027302189,0.0712388534352155,2.5250799194819966,0.6374135378162574,0.0,0.0,2324.3620827309,0.0,0.0,0.0,0.0,0.0,2134.7176319075998,0.0,0.0,0.0,0.0,0.0,0.0,0.0,0.0,0.0,2429.8938150983854,2696.01416320658,6676.702779748024,1095.2174030529102,0.0,1079.67220894702,879.4041819039375,0.0,7655.069910089432,1731.3677211203449,0.0,940.3694609948376,869.7688919489156,0.0,709.7831877260278,2548.637434637042,136.7074805117326,0.0
51,0.2350838862880593,-2.30926389122033e-16,-1.1013412404281584e-16,0.0204729231229231,0.1555276903021299,0.0987166186867302,1.864985607963256,1.0192045539362893,0.0,0.0,1782.6663150319546,0.0,0.0,0.0,0.0,0.0,1675.16019428648,0.0,0.0,0.0,0.0,0.0,0.0,0.0,0.0,0.0,2481.140924372202,2822.184402533006,6983.364678779801,1261.6174684705263,0.0,1112.3925038257878,836.9741276774075,0.0,7922.549929289476,1906.35762253256,0.0,934.3275503106144,791.3517765224576,0.0,757.5549035523578,2516.457292149363,150.60663428558672,0.0
52,0.1902466252823917,0.0010478342576026,-1.1013412404281584e-16,0.0308658866112953,0.1432359175215948,0.1572671548037308,1.2743795881586968,1.572557957418092,0.0,0.0,1391.4738754462285,0.0,0.0,0.0,0.0,0.0,1317.0958746734284,0.0,0.0,0.0,0.0,0.0,0.0,0.0,0.0,0.0,2566.921631187485,3033.251016983879,7496.367102552107,1539.993800795431,0.0,1167.0416740073383,765.8974338515181,0.0,8369.964203028503,2198.998011475008,0.0,924.2303754690978,660.1355758213782,0.0,837.4452179366707,2462.647984163833,173.88620718782988,0.0
53,0.1480203461661125,0.0032025236411957,-1.1013412404281584e-16,0.0406534347508302,0.1270389290631231,0.2438516378312288,0.7451570725475043,2.218406979704982,0.0,0.0,907.4652192053782,0.0,0.0,0.0,0.0,0.0,852.9997034156374,0.0,0.0,0.0,0.0,0.0,0.0,0.0,0.0,0.0,2250.8925737337004,2547.9030891624657,7506.048045899927,1587.692139769841,0.0,1018.7004340151584,726.5408837998413,0.0,8550.968764881136,2526.141636689274,0.0,1089.939931243798,721.15989254124,0.0,1281.11544548121,2989.6139869647386,189.13155290508655,0.0
54,0.1053587445847172,0.0053820188970097,-1.1013412404281584e-16,0.0505418854485046,0.1000945139800666,0.3162189349153137,0.350715674001624,2.989593491417036,0.0,0.0,972.5676669571976,0.0,0.0,0.0,0.0,0.0,895.882334313409,0.0,0.0,0.0,0.0,0.0,0.0,0.0,0.0,0.0,1346.8469572234214,1209.6987166072486,6230.426393446849,1272.1203955797307,0.0,588.1480401358484,621.5506764714002,0.0,7506.058800704655,2588.179462529239,0.0,1263.3275245865968,842.218349724398,0.0,1862.8831817772173,3614.996735917663,177.42962165802743,0.0
55,0.0618191817291375,0.0076949526378735,-1.1013412404281584e-16,0.0595928812530777,0.0711503466695328,0.3811110213289039,0.1122350257908883,3.8196648444166494,0.0,0.0,997.0359146380904,0.0,0.0,0.0,0.0,0.0,898.783002934962,0.0,0.0,0.0,0.0,0.0,0.0,0.0,0.0,0.0,736.329192732729,625.1353164104485,3726.6227638002265,785.667312119137,0.0,322.6697776215529,352.2870398953047,0.0,4544.862735605992,1645.770658806243,0.0,778.3804108458733,500.8613756415796,0.0,1223.3600829458965,2259.6822916518067,140.88628405520092,0.0
56,0.0324461067852606,0.0098077286511625,-1.1013412404281584e-16,0.0607433399999997,0.0480314522663846,0.4401513732558146,0.0348276692419159,4.530608147196316,0.0,0.0,872.4313532375069,0.0,0.0,0.0,0.0,0.0,766.9625993600847,0.0,0.0,0.0,0.0,0.0,0.0,0.0,0.0,0.0,686.2248890592256,439.6504058234207,4739.889374983408,1088.7901468529153,0.0,305.14021893518463,377.81278176801567,0.0,5979.972688894413,2446.0237632949797,0.0,1072.208940697148,626.6284560549421,0.0,1949.9546644304216,3225.900343881128,304.53174556511414,0.0
57,0.0279364487306456,0.0119649841594681,-1.1013412404281584e-16,0.0607433399999997,0.0289457540572929,0.5002308233786757,0.0113745662643968,5.105710952947532,0.0,0.0,775.9314036056334,0.0,0.0,0.0,0.0,0.0,661.8458675600392,0.0,0.0,0.0,0.0,0.0,0.0,0.0,0.0,0.0,643.312712385729,248.84413970100613,5890.822172879759,1428.1106378917418,0.0,291.17334518510694,410.76277554815687,0.0,7598.855473469984,3335.325715336708,0.0,1401.3852360696312,770.0642055459524,0.0,2753.2417957331872,4303.751559814169,483.30222216734353,0.0
58,0.043184647495016,0.013375245795583,-1.1013412404281584e-16,0.0607433399999997,0.0122466876279066,0.5227335558022288,4.801653546511315e-05,5.515810149354695,0.0,0.0,689.550973357139,0.0,0.0,0.0,0.0,0.0,556.7124945953911,0.0,0.0,0.0,0.0,0.0,0.0,0.0,0.0,0.0,527.9960991773902,124.26374219571376,6931.532198708793,1749.717254924254,0.0,242.26306812699124,364.5583901541201,0.0,9093.33434432968,4187.755867874091,0.0,1688.620172163775,827.8813229273446,0.0,3482.2517448628087,5254.084418703564,633.2554341188797,0.0
59,0.0587697683322253,0.0133883279999997,-1.1013412404281584e-16,0.0589805292525518,0.0005408976166714,0.4943451076146177,-4.88853402202948e-15,5.668587868081668,0.0,0.0,614.2022126831122,0.0,0.0,0.0,0.0,0.0,479.4014311609768,0.0,0.0,0.0,0.0,0.0,0.0,0.0,0.0,0.0,533.2945861206542,314.82416299267715,7254.4521260643905,1853.487976451619,0.0,255.74759958592745,289.649926977904,0.0,9379.357736258162,4252.255683215867,0.0,1646.9523764705827,746.8522783133701,0.0,3320.273194857317,5061.0065957518655,616.8009314663284,0.0
60,0.0736197419601324,0.0133883279999997,-1.1013412404281584e-16,0.0498561599003319,-2.8776980798284034e-16,0.4666417954684373,-4.88853402202948e-15,5.6313494225815415,0.0,0.0,503.2697094156736,0.0,0.0,0.0,0.0,0.0,408.42157242054645,0.0,0.0,0.0,0.0,0.0,0.0,0.0,0.0,0.0,674.5410133520837,644.8049269025022,7502.309274234022,1912.4228117466969,0.0,337.28329133120127,260.7086954229205,0.0,9400.260950209238,4052.9934216535657,0.0,1512.263101378459,678.1856612954257,0.0,2828.6230755783986,4509.194916853811,552.4407650900635,0.0
61,0.0860431657457745,0.0133883279999997,-1.1013412404281584e-16,0.0405731245514948,-2.8776980798284034e-16,0.4414012936224163,-4.88853402202948e-15,5.506311599258993,0.0,0.0,427.7933575195893,0.0,0.0,0.0,0.0,0.0,361.192461337398,0.0,0.0,0.0,0.0,0.0,0.0,0.0,0.0,0.0,952.357712445034,1031.916621644204,7635.387528277381,1879.3790051438637,0.0,469.8619833506471,326.66750621944226,0.0,9286.860092510196,3732.035771294803,0.0,1440.254194931371,731.5552457130567,0.0,2365.0867933048307,4155.695730443397,475.7827269208927,0.0
62,0.0885117239999996,0.0125249025085008,-1.1013412404281584e-16,0.0307855764119598,-2.8776980798284034e-16,0.3896361771194049,-4.88853402202948e-15,5.309257856411964,0.0,0.0,394.4869713428217,0.0,0.0,0.0,0.0,0.0,338.8759779995534,0.0,0.0,0.0,0.0,0.0,0.0,0.0,0.0,0.0,1079.1026890444318,1205.679211083822,7660.046044255324,1848.540796626979,0.0,530.8176966773458,368.7400613748591,0.0,9202.975193808512,3575.9437791751266,0.0,1425.1844587121664,775.270362745149,0.0,2184.813562312098,4040.7082227772394,450.9620480613956,0.0
63,0.0885145039684381,0.0101635646112954,-1.1013412404281584e-16,0.0199890026910294,-2.8776980798284034e-16,0.2948386575135263,-4.88853402202948e-15,5.018884887246328,0.0,0.0,324.1490125506262,0.0,0.0,0.0,0.0,0.0,291.70863756194785,0.0,0.0,0.0,0.0,0.0,0.0,0.0,0.0,0.0,1182.9963486342135,1414.307906044987,7418.017436665667,1707.12658371243,0.0,596.033014067525,488.6652649368149,0.0,8841.391049943111,3315.1321923788137,0.0,1535.1782485063256,952.7428209106778,0.0,2189.7512064575444,4178.385912701468,524.5407188839633,0.0
64,0.0939514984068786,0.0129064506531168,-1.1013412404281584e-16,0.0091924289700992,0.0022109086972832,0.2178570295509087,0.0034445928755081,4.630398785867508,0.0,0.0,221.52632954708503,0.0,0.0,0.0,0.0,0.0,237.43771993642383,0.0,0.0,0.0,0.0,0.0,0.0,0.0,0.0,0.0,1342.5017526236377,1692.297270088752,7060.578795406393,1513.1577844490746,0.0,685.5835023801308,673.2848304073417,0.0,8349.93748168673,2930.6769489116537,0.0,1694.2934975395908,1218.8133154065656,0.0,2197.4154877389424,4383.883040463114,656.3075670978377,0.0
65,0.1032424247701456,0.0450313702325578,-1.1013412404281585e-16,0.0009505432823916,0.0246539956544847,0.1705063782857138,0.0236485138743673,4.27860646713591,0.0,0.0,144.52949302479635,0.0,0.0,0.0,0.0,0.0,254.9227164875805,0.0,0.0,0.0,0.0,0.0,0.0,0.0,0.0,0.0,1374.2874419238356,1690.5964616553774,7015.559447774459,1528.8491453481954,0.0,675.4778378455746,718.5880642709826,0.0,8337.519634765411,2880.44867787082,0.0,1713.846889698295,1286.78829800967,0.0,2198.3482892623606,4422.018235201344,710.8729788058022,0.0
66,0.1018675160730893,0.0844212578471757,-1.1013412404281584e-16,-3.9790393202565493e-16,0.054216385953488,0.1257233519003318,0.0710580982857094,3.891936319853827,0.0,0.0,33.21381457722869,0.0,0.0,0.0,0.0,0.0,235.79974245664053,0.0,0.0,0.0,0.0,0.0,0.0,0.0,0.0,0.0,1392.9299416594072,1719.0350291702964,7241.001970908899,1728.0885583801903,0.0,648.2359541722764,725.2967624930703,0.0,8593.364166732663,3103.499658403949,0.0,1712.7944499881207,1342.8341041683166,0.0,2187.156645811885,4411.126241651487,727.2220791425781,0.0
67,0.0984512437475079,0.1270597959867106,-1.1013412404281584e-16,-3.979039320256548e-16,0.0862169115348835,0.0773220784889581,0.1546864076529168,3.472299482436588,0.0,0.0,14.627004111879614,0.0,0.0,0.0,0.0,0.0,94.1403083661702,0.0,0.0,0.0,0.0,0.0,0.0,0.0,0.0,0.0,1379.2143278792112,1724.8187044796966,7383.757033822208,1816.066064717816,0.0,658.8405001829126,712.1545154478034,0.0,8717.024331537463,3234.543973860121,0.0,1688.6243140776214,1345.43676627091,0.0,2143.4828935115897,4379.562643420134,680.2074852838471,0.0
68,0.0954270762216721,0.1678352601795432,-1.1013412404281584e-16,-3.979039320256548e-16,0.1222716607176078,0.0627124251623662,0.295377600853321,3.1163376795382804,0.0,0.0,639.3600666905332,0.0,0.0,0.0,0.0,0.0,749.3495603805361,0.0,0.0,0.0,0.0,0.0,0.0,0.0,0.0,0.0,1403.0642703098283,1430.126740789324,6756.691197185726,1275.280372912472,0.0,585.7241551069206,704.6473274780554,0.0,7885.0217484833665,2149.423995000599,0.0,1323.1571976795233,1174.8379756638303,0.0,1528.9368634951377,3745.044423928215,486.3113799759641,0.0
69,0.097042504641451,0.2102380990564785,-1.1013412404281584e-16,-3.9790393202565493e-16,0.1776375121395346,0.0898012175083053,0.4721332548323488,2.843487311699472,0.0,0.0,2103.171032663457,0.0,0.0,0.0,0.0,0.0,2369.1524370738875,0.0,0.0,0.0,0.0,0.0,0.0,141.57455752755678,0.0,0.0,1325.7677257996866,1144.4548578065635,5933.837629937427,566.229733073262,0.0,398.292479604181,529.151756082621,0.0,6785.694811927835,1200.3058095789572,0.0,881.4261579552992,882.5859973957633,0.0,971.3152212791632,3011.421428990652,304.34165907049095,0.0
70,0.0979662815845214,0.2503876428250932,-1.1013412404281584e-16,-3.979039320256548e-16,0.2348890744983384,0.118192354815712,0.6893544224709742,2.635110190386566,0.0,0.0,2212.433231831256,0.0,0.0,0.0,0.0,0.0,2478.320108405241,0.0,0.0,0.0,0.0,0.0,0.0,188.33015174177052,0.0,0.0,1321.4128107382548,1123.425982997763,5883.356988686482,523.2270696069031,0.0,384.1694379034835,512.1760240332375,0.0,6714.463854266538,1135.768151869607,0.0,843.8552590604028,849.8010845637584,0.0,925.9606432726108,2943.9869877916267,287.25160447427294,0.0
71,0.0941006455934301,0.2599757479892186,-1.1013412404281584e-16,-3.979039320256549e-16,0.2700094797209297,0.1393089857804796,0.9614700852983088,2.4286508770862016,33.63409540466524,72.71802727250865,3034.3551411980434,96.05388293213196,0.0,0.0,0.0,0.0,3366.603735056914,214.6652069883587,0.0,0.0,0.0,0.0,152.68524098779542,706.5484384925144,0.0,0.0,1278.9440016969295,864.3352101412305,5545.3738667543785,244.2857313199665,0.0,215.3925713022821,242.7048723725708,0.0,6130.844930649527,548.0907803109294,0.0,336.1238410778702,277.366929254257,0.0,349.3397187203428,1937.1971656893663,40.84996640750512,0.0
72,0.1008827894750826,0.2738238959438236,-1.1013412404281584e-16,0.001045679980066,0.2958565966445178,0.158312425816671,1.2194786459574098,2.172735870197533,150.02445864119585,285.81923608004763,3837.577963557764,479.37987408778696,0.0,0.0,0.0,0.0,4223.711628260076,805.7083987714951,0.0,0.0,0.0,0.0,564.5855545432568,1087.1658226549855,0.0,0.0,1015.900037229414,466.43061718306,5261.885259727141,31.060063683103525,0.0,29.384985122525293,31.060063683103525,0.0,5602.940854450047,231.5943106770916,0.0,39.509172390912425,24.31802010650018,0.0,39.7913371573799,1248.660377359317,0.0,0.0
73,0.1093338935282387,0.2946395882392024,-1.1013412404281584e-16,0.0197447773156142,0.321170783322259,0.187743829993355,1.4779236049013047,1.890288497107689,273.1621274707858,477.7030769495263,4057.844711673808,622.9282046259441,0.0,8.21621748120457,5.607894471298357,0.0,4468.104464509876,1027.781821687864,0.0,8.946547923978308,8.946547923978308,0.0,782.5822301053747,1357.1063427273975,7.120721817043959,0.0,538.9231901689899,222.85905835007503,4775.4086254969625,0.0,0.0,0.0,0.0,0.0,5106.467963227202,106.2225418304096,0.0,0.0,0.0,0.0,0.0,640.9801421236972,0.0,0.0
74,0.1136833291853816,0.3148624560611289,-1.1013412404281584e-16,0.0450091304850494,0.3413435888318937,0.2196488436385381,1.6984357889700956,1.5893384238511703,915.1284824958047,1377.534629125603,4534.228141469767,1031.7290513384808,0.0,205.90284100435173,142.02959523198945,0.0,5116.534144592639,1588.0535003084667,0.0,210.0286057001992,214.60946449469665,0.0,1336.1107914599877,2370.363861352801,165.6047600937102,0.0,0.0,0.0,3825.761624943048,0.0,0.0,0.0,0.0,0.0,4216.422028772083,0.0,0.0,0.0,0.0,0.0,0.0,0.0,0.0,0.0
75,0.1065848497548518,0.3036590413953482,-1.1013412404281585e-16,0.0718525057275744,0.3204467559867102,0.2330740712187443,1.9022721788739243,1.2703673254485146,1818.3421758917248,2300.8146441524536,4811.384154599845,1165.456156610352,0.0,511.7594028424388,364.8249760861571,0.0,5441.681626731771,1653.032605547766,0.0,377.7953136962637,424.90979657745726,0.0,1473.927329423467,2921.042330824254,264.4422205134175,0.0,0.0,0.0,3021.3961425490315,0.0,0.0,0.0,0.0,0.0,3462.5369152971757,0.0,0.0,0.0,0.0,0.0,0.0,0.0,0.0,0.0
76,0.094624359787375,0.2832281266843849,-1.1013412404281584e-16,0.0997485623521592,0.2881414634950151,0.2405524214384698,2.1069635048274424,1.0081270821479524,2163.853513912911,2556.2359175378506,4774.541768459588,1029.031528317339,0.0,623.5682719906165,460.5052153559382,0.0,5376.841451177246,1478.8678097507293,0.0,494.7910208658165,515.614149879156,0.0,1594.205806310771,3143.984581992595,313.4265582655273,0.0,0.0,0.0,2183.7695515627142,0.0,0.0,0.0,0.0,0.0,2677.332261368118,0.0,0.0,0.0,0.0,0.0,0.0,0.0,0.0,0.0
77,0.0830605147774082,0.2620564731466903,-1.1013412404281584e-16,0.1263287672491692,0.2573600055548167,0.244227973220546,2.288670192172498,0.824876765402003,1239.7906182701404,1687.484783369996,4410.375647019504,817.200589089527,0.0,569.592172483858,560.9602250740345,0.0,5231.810093735285,1637.5904580241586,0.0,1050.117148697721,808.333377340735,0.0,2941.15039538316,4681.742403067882,810.0645257924124,0.0,0.0,0.0,1667.991756785175,0.0,0.0,0.0,0.0,0.0,2186.6406497159437,0.0,0.0,0.0,0.0,0.0,0.0,0.0,0.0,0.0
78,0.0715354359782282,0.2292121262888247,-1.1013412404281584e-16,0.1514036970057254,0.2206219405680355,0.2416922173503914,2.4249728744748684,0.7473764766709646,1162.6772385347688,1233.9123511543305,4037.771091139457,584.3566997314987,0.0,857.5928739769424,742.7961715820009,0.0,4928.152871313499,1446.9803270970629,0.0,1345.960919600596,919.4324718720724,0.0,3041.844474621796,4955.51905909186,1025.992469208629,0.0,0.0,0.0,1507.2159061082998,0.0,0.0,0.0,0.0,0.0,1987.7645434675828,0.0,0.0,0.0,0.0,0.0,0.0,0.0,0.0,0.0
79,0.0558342057115731,0.1898566060066449,-1.1013412404281584e-16,0.1584285479999998,0.1668154038936877,0.2199016811960126,2.494780104206656,0.7210206830619128,2099.4298605455847,1882.2530573373897,3835.72711662392,532.5008485528886,0.0,1034.386626145042,665.8770810992739,0.0,4443.000220148835,1018.1808930852616,0.0,503.3638920696525,324.46801405186653,0.0,905.587304083498,2829.2463225029705,218.65051757729384,0.0,0.0,0.0,1359.2646124004864,0.0,0.0,0.0,0.0,0.0,1750.8030771098763,0.0,0.0,0.0,0.0,0.0,0.0,0.0,0.0,0.0
80,0.0399595933906579,0.1503060010881378,-1.1013412404281584e-16,0.1584285479999998,0.1109202480961501,0.1922006947750633,2.5242705512808223,0.6998720302958871,1560.9255229617088,1399.5091133770452,2851.8902769160763,395.9069421209552,0.0,769.0449432643868,495.08374242587024,0.0,3303.4362237531345,756.9770386816841,0.0,0.0,0.0,0.0,0.0,2103.547406441331,0.0,0.0,0.0,0.0,1215.358091654054,0.0,0.0,0.0,0.0,0.0,1560.3408184070397,0.0,0.0,0.0,0.0,0.0,0.0,0.0,0.0,0.0
81,0.0310252714684378,0.1405443417832227,-1.1013412404281585e-16,0.1584285479999998,0.076270390385382,0.1718315995365446,2.555317816196007,0.6491423990631333,987.072042734263,884.9343775954218,1803.3454617859827,250.38132652255263,0.0,486.3093896891576,313.0663010649926,0.0,2088.872379433494,478.7094319816792,0.0,0.0,0.0,0.0,0.0,1330.1977725701602,0.0,0.0,0.0,0.0,1138.3192264910028,0.0,0.0,0.0,0.0,0.0,1469.9513759072215,0.0,0.0,0.0,0.0,0.0,0.0,0.0,0.0,0.0
82,0.021862495495016,0.1262286284803383,-1.1013412404281584e-16,0.1570555843012985,0.0488244827242524,0.1514744560149797,2.6506787521775834,0.5780481638917647,429.3145506821004,384.92687871444633,784.3805581023964,108.87127911695444,0.0,211.5237117934996,136.17354097116512,0.0,908.5706586636244,208.18833075916345,0.0,0.0,0.0,0.0,0.0,578.5731596237329,0.0,0.0,0.0,0.0,1059.1124122424633,0.0,0.0,0.0,0.0,0.0,1357.739355005569,0.0,0.0,0.0,0.0,0.0,0.0,0.0,0.0,0.0
83,0.0127886785116273,0.1040844894219267,-1.1013412404281584e-16,0.1376310893023254,0.0236987205109206,0.1202585517209295,2.778430793962248,0.4780128960000094,1135.2500858989683,1002.918271924848,956.7161661147928,150.71732831614582,0.0,396.3334270432228,195.97774360898163,0.0,880.3037691368138,55.613666403590045,0.0,0.0,0.0,0.0,0.0,116.75942099944456,0.0,0.0,0.0,0.0,948.7323126210756,0.0,0.0,0.0,0.0,0.0,1283.289901703322,0.0,0.0,0.0,0.0,0.0,0.0,0.0,0.0,0.0
84,0.0043141485910957,0.0812335607043187,-1.1013412404281584e-16,0.1121035657873752,0.0308391824403984,0.0944652714601987,3.015193371662985,0.3726611033956233,5973.077870052055,5255.7946721159415,4883.210210876038,774.2816303027696,0.0,2077.211422638873,1039.249622872137,0.0,4440.434301881683,230.6525619667903,0.0,0.0,0.0,0.0,0.0,484.4090721139983,0.0,0.0,0.0,0.0,900.0450031571854,0.0,0.0,0.0,0.0,0.0,1251.673446479075,0.0,0.0,0.0,0.0,0.0,0.0,0.0,0.0,0.0
85,8.837755872517839e-05,0.0574403256478403,-1.1013412404281584e-16,0.0855233608903652,0.0790474758936874,0.0870373111096341,3.3091502613500063,0.2594993174469508,6761.567697723202,6003.15221264105,5125.334660868345,746.6059647768785,0.0,2307.485492339344,1312.0952913157828,0.0,4642.772346362882,151.1114774282055,0.0,70.45254226791461,0.0,0.0,0.0,682.241993263888,0.0,0.0,0.0,0.0,847.7545743048332,0.0,0.0,0.0,0.0,0.0,1190.6710881727847,0.0,0.0,0.0,0.0,0.0,0.0,0.0,0.0,0.0
86,-6.377121053446886e-16,0.0343538203455148,-1.1013412404281584e-16,0.0597326670299002,0.12752106482392,0.0810638796677737,3.594435240802427,0.1547814397135883,6778.684419570206,6418.17502728011,5100.882010873637,651.2589494324247,0.0,2135.431520791832,1360.9690695762768,0.0,4658.19704404955,176.56263387038234,0.0,257.2850126270199,0.1972606685730617,0.0,0.133628194839816,995.3471915599872,0.0,0.0,0.0,0.0,761.511387436741,0.0,0.0,0.0,0.0,0.0,1078.6701173618014,0.0,0.0,0.0,0.0,0.0,0.0,0.0,0.0,0.0
87,-6.377121053446886e-16,0.0121963801068136,-1.1013412404281584e-16,0.033415632478405,0.1769839106710959,0.0780889909544282,3.789821661802038,0.0962656873445836,5829.5895127854255,5861.555056871952,5283.669325091012,812.9622412107432,0.0,1749.5958111094108,1172.7180758062514,0.0,4890.170933454695,441.16564564939154,0.0,343.68940649114586,53.1945740549512,0.0,65.7665120002465,1239.1689031815847,0.0,0.0,0.0,0.0,978.1569856853964,0.0,0.0,0.0,0.0,0.0,1309.3184787039288,0.0,0.0,0.0,0.0,0.0,0.0,0.0,0.0,0.0
88,-6.377121053446886e-16,0.0018594899999998,-1.1013412404281584e-16,0.0073610104736208,0.2279306418936869,0.0791915729836541,3.845356673312687,0.0661246340459892,4283.185230880822,4306.869297815209,5133.8932379861135,808.4105965082421,0.0,1199.8313946586702,865.4196696397365,0.0,4885.19072005868,603.1159380426143,0.0,364.7091266234368,150.00451655320572,0.0,388.243828207356,1524.342188258588,0.0,0.0,0.0,0.0,1376.177974071421,0.0,0.0,0.0,0.0,0.0,1723.6224589169049,0.0,0.0,0.0,0.0,0.0,0.0,7.691319619389933,0.0,0.0
89,-6.377121053446885e-16,-1.6164847238542244e-16,-1.1013412404281584e-16,-3.8014036363165285e-16,0.2762567420140547,0.0915705129767438,3.800206527621773,0.0661677791561553,2460.209039642913,2259.7609244437435,4898.406974804109,810.3967227823643,0.0,487.6386873577503,340.787694861748,0.0,4762.641284425438,690.2497762264843,0.0,177.25127666607216,69.8776449597802,0.0,453.4069748041089,1472.9290678597245,0.0,0.0,0.0,0.0,1723.0378631774242,0.0,0.0,0.0,0.0,0.0,2084.7057322002884,0.0,0.0,0.0,0.0,0.0,0.0,290.8798525129818,0.0,0.0
90,-6.377121053446886e-16,-1.6164847238542244e-16,-1.1013412404281584e-16,-3.801403636316528e-16,0.2976921457891076,0.1017952816596848,3.641523883688283,0.0763939087254172,1584.045227349962,1150.2920896304513,4712.658193594588,766.7220206194152,0.0,116.75777646596735,2.1898456405160256,0.0,4543.79442424539,611.3270841225984,0.0,1.1405446044354302,0.0,0.0,269.8004757855068,1079.378917092655,0.0,0.0,274.5427382239497,0.0,4120.435497799903,0.0,0.0,0.0,0.0,0.0,5086.36160513021,471.5896585867071,0.0,82.54625321218596,0.0,0.0,313.2760841857004,1565.7366487850431,0.0,0.0
91,-6.377121053446886e-16,-1.6164847238542244e-16,-1.1013412404281584e-16,-3.8014036363165285e-16,0.2977663319999988,0.1019000519999997,3.385883785998041,0.0898697537236753,1214.128701565675,472.6625668688764,4038.582919857339,390.2097531962993,0.0,2.56024064171123,0.0,0.0,3855.7999177285833,247.0015439046416,0.0,0.0,0.0,0.0,84.89927086940497,819.7968693819197,0.0,0.0,495.7109287244506,0.0,4558.817964319156,41.93415037960721,0.0,21.21969055353617,0.0,0.0,5635.458155532546,658.5359606545444,0.0,224.2998881486996,0.0,0.0,401.7817700298513,1803.5674132918928,0.0,0.0
92,-6.377121053446886e-16,-1.6164847238542244e-16,-1.1013412404281584e-16,-3.8014036363165285e-16,0.2977663319999988,0.1019000519999997,3.014636130933112,0.10950658959695,741.0456538371326,3.762941859520448,2469.072703472301,3.1028848448176785,0.0,0.0,0.0,0.0,2355.460061775459,1.9061459583472435,0.0,0.0,0.0,0.0,0.6847320432897861,501.392706002208,0.0,0.0,778.3836864958034,346.3585353678493,5032.511625667739,348.5043242220777,0.0,232.68404334986624,0.0,0.0,6168.992508973544,878.5234392993556,0.0,374.6508351686908,0.0,0.0,502.4080918358498,1991.979424764943,0.0,0.0
93,-6.377121053446886e-16,-1.6164847238542244e-16,-1.1013412404281585e-16,-3.801403636316529e-16,0.2956158033289027,0.1019000519999997,2.612780450232554,0.1268667254626335,513.266400454882,0.0,1579.1138574922245,0.0,0.0,0.0,0.0,0.0,1499.8312414846062,0.0,0.0,0.0,0.0,0.0,0.0,270.7879451882258,0.0,0.0,1074.6347408591737,636.2848792582878,5783.008417858947,681.8720008271215,0.0,387.3748328271768,84.44283892186124,0.0,6909.5401668199365,1323.8283725693925,0.0,527.7680033421392,8.276456302207622,0.0,701.238577543394,2167.4531275447544,0.0,0.0
94,-6.377121053446886e-16,-1.6164847238542244e-16,-1.1013412404281584e-16,-3.801403636316529e-16,0.2675891362365443,0.0951723471659797,2.14802258652119,0.1405275281222681,1158.3717821733069,0.0,2826.485827448236,0.0,0.0,0.0,0.0,0.0,2644.0294510022213,0.0,0.0,0.0,0.0,0.0,0.0,180.4950683174701,0.0,0.0,1234.0282808532338,724.9264051954383,6513.35283264931,1053.3701990761806,0.0,468.4605293948626,199.09390555269917,0.0,7684.756456422701,1905.3410877808287,0.0,608.2688487854109,93.75643914302462,0.0,865.8392818362782,2314.9652630738733,0.0,0.0
95,0.0005605556871958,-1.6164847238542244e-16,-1.1013412404281584e-16,-3.8014036363165285e-16,0.2172349707308968,0.0780372147707638,1.6251572887958032,0.209048019120377,1180.3291715637176,0.0,2884.016923050202,0.0,0.0,0.0,0.0,0.0,2684.7539644401727,0.0,0.0,0.0,0.0,0.0,0.0,164.7370413899712,0.0,0.0,1242.5187580709214,701.7939903622602,6817.027591029707,1216.2869497341728,0.0,463.07150983518414,192.272631222181,0.0,8075.155027841886,2139.4151190476578,0.0,606.7016450993173,78.28047632307607,0.0,898.220196412547,2307.483551266627,0.0,0.0
96,0.004466482624584,-1.6164847238542244e-16,-1.1013412404281584e-16,-3.801403636316528e-16,0.1687613818006645,0.0614488342126243,1.1038327476097016,0.3318258964914143,978.0659139518818,0.0,2451.6142714518505,0.0,0.0,0.0,0.0,0.0,2119.534116841405,0.0,0.0,0.0,0.0,0.0,0.0,20.752550515036766,0.0,0.0,1281.6560374786966,867.2735563115473,7481.648393673906,1595.716204433973,0.0,440.1728729084432,96.6134229677874,0.0,8714.548910365587,2440.917242142449,0.0,506.7555417380664,53.69434880461768,0.0,788.933851001644,2030.207141111424,0.0,0.0
97,0.008934200790697,-1.6164847238542244e-16,-1.1013412404281584e-16,-3.801403636316529e-16,0.1212770497873752,0.0452944746825247,0.6676769716887666,0.5091929561111053,917.190034017618,0.0,2255.502426734525,0.0,0.0,0.0,0.0,0.0,1909.935408897545,0.0,0.0,0.0,0.0,0.0,0.0,0.0,0.0,0.0,1332.5950697325054,959.9421370671662,7621.010013168887,1672.318109506395,0.0,455.3741254246184,88.49106345381138,0.0,8819.85316306067,2470.694247579886,0.0,476.2201161365808,51.69878085479797,0.0,760.9406463588149,1949.740747232006,0.0,0.0
98,0.0134484576877069,-1.6164847238542242e-16,-1.1013412404281584e-16,-3.8014036363165285e-16,0.0732980893156145,0.0459679632871983,0.3366284243144052,0.7788148045688926,294.3524161902983,0.0,1623.760860909836,0.0,0.0,0.0,0.0,0.0,1337.273965176881,0.0,0.0,0.0,0.0,0.0,0.0,0.0,0.0,0.0,2237.4381633555763,2292.754437319346,8619.688862723824,2159.5360473703936,0.0,818.5238305792685,200.97177995591,0.0,9321.805299906946,2293.405166535388,0.0,165.8478817833101,37.63529478332136,0.0,553.8087880889574,1157.2324176615975,0.0,0.0
99,0.0180092533156139,-1.6164847238542244e-16,-1.1013412404281584e-16,-3.8014036363165285e-16,0.0262898526378734,0.0688787107023642,0.1231180470416188,1.125683425934736,0.0,0.0,1145.3096584577052,0.0,0.0,0.0,0.0,0.0,919.1888863444724,0.0,0.0,0.0,0.0,0.0,0.0,0.0,0.0,0.0,2924.8524082245,3154.2918199381907,9193.19043832427,2385.531364086449,0.0,1121.0224209093872,360.4838602182276,0.0,9614.241825293138,2243.9323371647247,0.0,87.63125077416097,24.448980265963936,0.0,359.9644689714223,805.9296041801332,0.0,0.0
100,0.0228958200598,-1.6164847238542244e-16,-1.1013412404281584e-16,-3.8014036363165285e-16,0.0003521445891469,0.1096719437918045,0.0341908051317759,1.6241353246423125,0.0,0.0,965.1651570783278,0.0,0.0,0.0,0.0,0.0,770.805577123274,0.0,0.0,0.0,0.0,0.0,0.0,0.0,0.0,0.0,2906.4128926958188,2939.443772162663,8807.82502560552,2130.44149280431,0.0,1263.1257066377357,642.7764270469021,0.0,9461.895386197571,2403.9258404773605,0.0,506.1610542332926,16.45607865540426,0.0,242.2170171666704,1435.801228224805,0.0,0.0
101,0.0272690907418802,-1.6164847238542247e-16,-1.1013412404281584e-16,-3.8014036363165285e-16,-3.090860900556429e-16,0.1621557649435209,0.001918434576439,2.245136719494211,0.0,0.0,705.6522987051228,0.0,0.0,0.0,0.0,0.0,556.9859816379592,0.0,0.0,0.0,0.0,0.0,0.0,0.0,0.0,0.0,1974.0244517913889,1737.0230136192065,6411.914840403792,1416.5672564309996,0.0,980.3081825609672,693.7301322284877,0.0,7219.016644723413,2128.38193204863,0.0,842.55366558395,7.414404435810715,0.0,108.49521537144372,1899.2535110692363,0.2750308473153295,0.0
102,0.0280163159999994,-1.6164847238542244e-16,-1.1013412404281584e-16,-3.801403636316529e-16,-3.090860900556429e-16,0.2129587615016603,-6.856737400084962e-15,2.945771307912568,0.0,0.0,535.1883534642639,0.0,0.0,0.0,0.0,0.0,395.3698412248294,0.0,0.0,0.0,0.0,0.0,0.0,0.0,0.0,0.0,971.4121028501452,854.7681842273109,3155.139322428177,697.0484326211824,0.0,482.3734815707014,341.346201935274,0.0,3552.2936103704096,1047.3030143368976,0.0,414.5977467160228,3.608794127400312,0.0,53.41824436107537,934.5411906285558,46.36140261593743,0.0
103,0.0280163159999994,-1.6164847238542244e-16,-1.1013412404281584e-16,-3.8014036363165285e-16,-3.090860900556429e-16,0.2646586804549531,-6.856737400084963e-15,3.673303192563622,0.0,0.0,498.46060540630447,0.0,0.0,0.0,0.0,0.0,358.16287837894026,0.0,0.0,0.0,0.0,0.0,0.0,0.0,0.0,0.0,693.173315213172,645.1351143899929,2464.453874692876,552.5894683468489,0.0,330.0187462320022,251.2628086358864,0.0,2822.401744905141,882.8920404895307,0.0,373.7452187069727,90.49966992172511,0.0,254.34880142312971,930.341868309526,39.27759623669778,0.0
104,0.0280163159999994,-1.6164847238542242e-16,-1.1013412404281584e-16,-3.8014036363165285e-16,-3.090860900556429e-16,0.2971769348774994,-6.856737400084962e-15,4.301803130247835,0.0,0.0,426.6049087329175,0.0,0.0,0.0,0.0,0.0,311.90598495993765,0.0,0.0,0.0,0.0,0.0,0.0,0.0,0.0,0.0,1224.9254573588355,1248.161988309693,5009.681966134517,1145.973296073609,0.0,539.597432657171,467.6817236784523,0.0,5871.253506980502,1976.8409345465907,0.0,899.9297196819247,429.9954874889618,0.0,1114.1344911222436,2453.8186874831204,31.59350552678155,0.0
105,0.0275505867801661,-1.6164847238542244e-16,-1.1013412404281584e-16,-3.8014036363165285e-16,-3.090860900556429e-16,0.3078072283184343,-6.856737400084962e-15,4.81114016649885,0.0,0.0,390.2482366728211,0.0,0.0,0.0,0.0,0.0,279.98936711381486,0.0,0.0,0.0,0.0,0.0,0.0,0.0,0.0,0.0,1716.2136876943985,1804.1027894650888,7354.50674021671,1692.541275266709,0.0,733.6131037772,667.3285434142277,0.0,8679.117716948147,2983.2987668186,0.0,1383.603370203872,740.9476191836068,0.0,1901.8780010841456,3853.275454725529,23.40430446762316,0.0
106,0.0235032946445176,-1.6164847238542244e-16,-1.1013412404281584e-16,-3.8014036363165285e-16,-3.090860900556429e-16,0.3089232719999989,-6.856737400084963e-15,5.145679216003134,0.0,0.0,357.5911952106516,0.0,0.0,0.0,0.0,0.0,252.04561387694,0.0,0.0,0.0,0.0,0.0,0.0,0.0,0.0,0.0,1689.1828743789818,1777.5245476987589,7249.879011752114,1668.7925823331614,0.0,721.302526270597,657.2292034058045,0.0,8557.53252510906,2943.446016734962,0.0,1365.9056838882982,733.9204426193112,0.0,1883.337807458247,3806.480587326302,17.622043966204863,0.0
107,0.0187098053621256,-1.6164847238542244e-16,-1.1013412404281584e-16,-3.8014036363165285e-16,-3.090860900556429e-16,0.3085608148044967,-6.856737400084962e-15,5.263385953613858,0.0,0.0,240.2834325762113,0.0,0.0,0.0,0.0,0.0,160.57712988036616,0.0,0.0,0.0,0.0,0.0,0.0,0.0,0.0,0.0,1139.363710156415,1228.4278097209844,4806.802740564024,1117.546507723438,0.0,479.9170605269277,421.40382118364016,0.0,5644.45048484703,1919.0064400763315,0.0,870.3292909468902,430.8463100364776,0.0,1198.3095329095229,2436.7746140381664,7.461972299743004,0.0
108,0.0140093935415276,0.0017636640886838,-1.1013412404281584e-16,-3.8014036363165285e-16,0.0005614401564848,0.2873451191573655,-6.856737400084962e-15,5.192205375260976,0.0,0.0,202.25361006465133,0.0,0.0,0.0,0.0,0.0,152.59314537220985,0.0,0.0,0.0,0.0,0.0,0.0,0.0,0.0,0.0,1522.6705087258038,1911.5993361365763,5663.971993148995,1419.89605815918,0.0,580.807102400005,363.1603125303348,0.0,6378.031825349837,1958.3713728803896,0.0,697.4927856343646,51.53311731215318,0.0,943.5481753106812,2061.882978156969,0.891941907475209,0.0
109,0.0095444093396474,0.0144212407176078,-1.1013412404281584e-16,-3.8014036363165285e-16,0.0050797230697671,0.2477132478105596,0.0150301786741996,5.048270353506478,0.0,0.0,155.23158817531885,0.0,0.0,0.0,0.0,0.0,134.46648683411848,0.0,0.0,0.0,0.0,0.0,0.0,0.0,0.0,0.0,2105.3174278675306,2876.8555841886387,7173.4695613825015,1899.5403721495857,0.0,750.6517862143216,328.9168556670299,0.0,7809.819119057716,2182.8820447251846,0.0,561.1529743930407,0.0,0.0,734.9076705961592,1816.4665980991103,0.0,0.0
110,0.0072472747574744,0.0529736212593916,-1.1013412404281584e-16,0.0081042495295166,0.0119703381727571,0.1991073271924349,0.1284410680541715,4.789154543342967,0.0,0.0,101.81423639238712,0.0,0.0,0.0,0.0,0.0,94.4328206004718,0.0,0.0,0.0,0.0,0.0,0.0,0.0,0.0,0.0,2515.4639961476782,3548.738411595968,8217.24438713675,2234.5126896855163,0.0,872.2555127507983,309.55116015627885,0.0,8797.302481708022,2337.0120097595554,0.0,467.1824870477146,0.0,0.0,587.4497566297972,1642.683458692365,0.0,0.0
111,0.0073339391703837,0.1442437075614617,-1.1013412404281584e-16,0.0386493863920262,0.0190001576212621,0.161626936359346,0.3564602700215538,4.432501383047805,0.0,0.0,52.07570888594817,0.0,0.0,0.0,0.0,0.0,112.12880250454954,0.0,0.0,0.0,0.0,0.0,0.0,0.0,0.0,0.0,2910.666366645304,4027.00974323546,8847.787443944973,2493.306145777707,0.0,1036.882004552455,388.4991795947986,0.0,9335.720361424665,2387.190820862446,0.0,407.6494551899282,0.0,0.0,432.8777138725591,1443.6073651047336,0.0,0.0
112,0.0108365228970093,0.2369933390033223,-1.1013412404281584e-16,0.0698484573687703,0.0258211705514946,0.1369614257940198,0.6421239936649193,4.02477851182969,0.0,0.0,18.540690831485943,0.0,0.0,0.0,0.0,0.0,189.56734908457685,0.0,0.0,0.0,0.0,0.0,0.0,0.0,0.0,0.0,3231.9472171951224,4235.914282197645,9064.012006148463,2615.049196498668,0.0,1217.2283168110307,556.7907304917053,0.0,9420.806894685997,2301.1700284911512,0.0,362.9676055233281,0.0,0.0,306.7549784738725,1247.8855713340818,0.0,0.0
113,0.0150769014219262,0.334062473049568,-1.1013412404281584e-16,0.101365886212624,0.0327117856544847,0.1127970505363454,1.012581008644777,3.568559260226719,0.0,0.0,2.302875064953598,0.0,0.0,0.0,0.0,0.0,199.482128456454,0.0,0.0,0.0,0.0,0.0,0.0,0.0,0.0,0.0,3321.435746146868,4317.707994861709,9168.808619075313,2647.5813105479137,0.0,1244.3108729864384,625.0170597545573,0.0,9479.551214623709,2303.4159989027453,0.0,355.3135635357792,0.0,0.0,289.11365732347355,1234.323906096312,0.0,0.0
114,0.0195314404784046,0.4393689398892574,-1.1013412404281584e-16,0.1344751043920259,0.0394409566644515,0.1071763634551492,1.453643315246948,3.0858394195946905,0.0,0.0,1.388582793318136,0.0,0.0,0.0,0.0,0.0,120.78992156617214,0.0,0.0,0.0,0.0,0.0,0.0,0.0,0.0,0.0,2799.447959800292,3233.68134976763,8033.267439146904,1696.5508804832768,0.0,815.9006704062185,361.74663018184543,0.0,8128.567177700811,1265.8673028268622,0.0,151.46066592862218,0.0,0.0,78.17324693090177,1004.4124558762286,0.0,0.0
115,0.0237289868970093,0.5277879220066434,-1.1013412404281584e-16,0.1656741753687699,0.0421420563687705,0.14208525395228,1.9270509832715128,2.6395425917396595,0.0,0.0,228.22771541188328,0.0,0.0,0.0,0.0,0.0,349.5229813536473,524.514367821428,0.0,0.0,0.0,0.0,1114.7782743979378,1778.1148760938056,0.0,0.0,2106.711961683676,1897.8037975266943,6882.664010235385,682.0919182496608,0.0,379.73809454456966,29.930147557666217,0.0,6747.62916642086,367.9390233245826,0.0,0.0,0.0,0.0,0.0,747.0043966801368,0.0,0.0
116,0.0257800790823035,0.5919546445240377,-1.1013412404281584e-16,0.1894493280030079,0.0439589201860462,0.2118473957823605,2.3894859046539145,2.2831021890084657,0.0,0.0,845.5786838786084,0.0,0.0,0.0,0.0,0.0,1101.4128809097008,774.3050810192026,0.0,0.0,0.0,0.0,1601.419340876438,2511.0984790768894,0.0,0.0,1762.1680657339114,1284.5880171053257,6318.992741401139,239.4124088214019,0.0,165.61078673093874,0.0,0.0,6026.244627038643,56.88558396963085,0.0,0.0,0.0,0.0,0.0,645.9620032987862,0.0,0.0
117,0.0257849279999993,0.6061047810099649,-1.1013412404281584e-16,0.191651435999999,0.0461433576079731,0.2943507945389872,2.840404734355281,2.0083955430299056,0.0,0.0,1570.9903440116425,0.0,0.0,0.0,0.0,0.0,1985.2578929148472,1044.2933628815597,0.0,0.0,0.0,0.0,2122.1551478173046,3290.070779666521,0.0,0.0,1571.6645515567484,1010.5858835692834,5806.56216250955,19.93248394302383,0.0,42.83036488669413,0.0,0.0,5429.581661573872,0.0,0.0,0.0,0.0,0.0,0.0,500.2366750786896,0.0,0.0
118,0.0275964256908337,0.6127699541989431,-1.1013412404281584e-16,0.191651435999999,0.0477463637224934,0.3653521009833877,3.278609192953677,1.7713054441665117,0.0,0.0,2181.6449469300405,0.0,0.0,0.0,0.0,0.0,2729.3039319814857,1271.4960022412724,0.0,0.0,0.0,0.0,2560.5188506227755,3945.818674624134,0.0,0.0,1505.1078508899209,936.409257049732,5378.534023383457,0.1861160046974421,0.0,30.84979158194772,0.0,0.0,4930.815364157021,0.0,0.0,0.0,0.0,0.0,0.0,561.0073211894712,0.0,0.0
119,0.0371615315108496,0.6046429338398241,-1.1013412404281584e-16,0.191651435999999,0.0452644757342191,0.4328357318671083,3.635629281929448,1.5441124868868406,9.921707018173056,14.739802152897385,2765.8325843409425,16.131696302928855,0.0,8.904553600842366,11.973858649629712,0.0,3440.999428919174,1488.869288600603,0.0,27.78434861024362,28.26615812371605,0.0,2979.8375375232995,4573.115279865018,22.752115913975985,0.0,1484.1294486358786,892.8175185447182,4964.21494858188,0.0,0.0,59.563809416768514,0.0,0.0,4541.173197011991,0.0,0.0,0.0,0.0,0.0,0.0,681.8993897843252,0.0,0.0
120,0.0453126618538199,0.569538380352159,-1.1013412404281585e-16,0.1846865339626237,0.0406476688903652,0.4970103766146164,3.884988389352152,1.3112217931021684,31.33220889684502,46.54749019567264,3064.9969422915733,50.94301590422284,0.0,28.120093955981417,37.8127916722716,0.0,3805.4586355687543,1600.1884138202213,0.0,87.74145548990595,89.26298361978871,0.0,3194.573535042063,4894.351796856407,71.84993946668598,0.0,1431.5126602580683,848.3387485642739,4704.845076106414,0.0,0.0,71.71718007884853,0.0,0.0,4320.493030908207,0.0,0.0,0.0,0.0,0.0,0.0,713.3972123632826,0.0,0.0
121,0.0512716786445176,0.4880924437873744,-1.1013412404281585e-16,0.1574590597475076,0.03905751736568,0.537494202162712,3.998271748842457,1.0659355245031394,31.332208896845028,46.54749019567264,3064.9969422915738,50.94301590422284,0.0,28.120093955981417,37.8127916722716,0.0,3805.4586355687534,1600.1884138202213,0.0,87.74145548990595,89.26298361978871,0.0,3194.5735350420628,4894.351796856407,71.84993946668598,0.0,1431.5126602580683,848.3387485642739,4704.845076106414,0.0,0.0,71.71718007884853,0.0,0.0,4320.493030908207,0.0,0.0,0.0,0.0,0.0,0.0,713.3972123632826,0.0,0.0
122,0.0578200487441853,0.3934499627242512,-1.1013412404281585e-16,0.1256232730365443,0.047950543016611,0.5408481161881438,4.094822296532256,0.7536310406217979,363.66812314904206,517.4175389187253,3715.1133899625806,528.5114809434732,0.0,311.1371910714725,413.5099884516135,0.0,4595.04181252867,1822.6119222676637,0.0,928.2502978689562,949.2360362776174,0.0,3638.69820542504,5579.616553986378,757.8425350572905,0.0,611.1521465076239,362.17915603846654,3149.931017088903,0.0,0.0,30.618037662873707,0.0,0.0,3280.4951653159696,0.0,0.0,0.0,0.0,0.0,0.0,304.56890096227,0.0,0.0
123,0.0649577721528232,0.2870463143329912,-1.1013412404281584e-16,0.0909222655215944,0.0582306603787373,0.5218128431760793,4.212303869180416,0.4465867863473139,1085.5621643830375,1230.5205593229764,4091.5622425988254,715.0744200921655,0.0,719.2310020013699,885.663827477166,0.0,5013.839098916431,1656.2244665449728,0.0,1532.230145678469,1640.553782553402,0.0,3553.760846064007,5782.161362155357,1216.4851198105198,0.0,0.0,0.0,1711.105928141222,0.0,0.0,0.0,0.0,0.0,2222.316768661248,0.0,0.0,0.0,0.0,0.0,0.0,0.0,0.0,0.0
124,0.0702418925534485,0.1824976399101034,-1.1013412404281584e-16,0.0581314052093022,0.0683892747484852,0.4994610086324014,4.33786635313894,0.2514937835857037,1775.071517706227,1757.178028045742,3934.7689600169774,469.1290746054907,0.0,1005.942907295244,1165.0971437904202,0.0,4767.546393198909,1173.5200660549424,0.0,1500.0174788142076,1714.2536042489976,0.0,2949.3149780510803,5334.512279684795,1140.3193847135233,0.0,0.0,0.0,1481.4981696467246,0.0,0.0,0.0,0.0,0.0,1946.801931626435,0.0,0.0,0.0,0.0,0.0,0.0,0.0,0.0,0.0
125,0.0674762176345508,0.0956762174750831,-1.1013412404281584e-16,0.027569049966777,0.0813268944265777,0.4614744496239197,4.507859940236537,0.1394472987402088,2387.587466322349,2188.921454730648,3717.931264066712,241.9852732107253,0.0,1240.0122968037156,1389.5679130121405,0.0,4454.965472288471,722.6385198360913,0.0,1441.7254583862352,1745.543517951804,0.0,2355.4363471594943,4832.31536393153,1050.2251717992162,0.0,0.0,0.0,1412.8601435156584,0.0,0.0,0.0,0.0,0.0,1854.066359359407,0.0,0.0,0.0,0.0,0.0,0.0,0.0,0.0,0.0
126,0.0652196419283085,0.027737098065396,-1.1013412404281585e-16,0.0024898979695746,0.0961827895016609,0.3927816431383099,4.714837064181143,0.0674277063724523,2241.457805948695,1906.098013487368,3059.5377378754547,122.6719753672818,0.0,991.0354693806328,1058.6971443945465,0.0,3879.481756440924,671.9726762304409,0.0,1577.0622021326844,1526.0578444021542,0.0,2989.054973143905,5479.129654234972,1198.9690927087006,0.0,0.0,0.0,1280.2406648050794,0.0,0.0,0.0,0.0,0.0,1690.8008320750953,0.0,0.0,0.0,0.0,0.0,0.0,0.0,0.0,0.0
127,0.0652061159999993,0.013063380578073,-1.1013412404281584e-16,-4.0500935938325564e-16,0.1066076621929798,0.3132052470897006,4.946128673701857,0.0252406271908227,1482.3969937399777,1460.7518501292711,2846.792200031713,154.80683773106216,0.0,564.4475054723907,509.1941099351582,0.0,4118.840682312333,1184.393544242281,0.0,2281.710864549056,1484.595334597378,0.0,5476.987770782203,8537.363105372235,1862.2509403623533,0.0,0.0,0.0,1254.0,0.0,0.0,0.0,0.0,0.0,1627.0,0.0,0.0,0.0,0.0,0.0,0.0,0.0,0.0,0.0
128,0.0635795838583332,0.0049495793621261,-1.1013412404281584e-16,-4.0500935938325564e-16,0.10502020620598,0.2443398689302325,5.049302996068197,0.0296513492890461,656.2627428408633,976.0884379311756,3030.883916417381,365.8912018844647,0.0,556.7445683770549,259.700810521967,0.0,4529.454148060704,1547.2976037759236,0.0,2479.520337202096,1481.4423814005909,0.0,5593.965731520791,8957.939543416416,2025.0378837634305,0.0,0.0,0.0,1059.3238040224462,0.0,0.0,0.0,0.0,0.0,1380.980888534874,0.0,0.0,0.0,0.0,0.0,0.0,0.0,0.0,0.0
129,0.0557764630564777,5.029849705276357e-05,-1.1013412404281584e-16,-4.050093593832557e-16,0.1032558529036543,0.1864967567441856,5.0615247387418325,0.0370547141262553,286.5516129032258,485.2055129759709,3719.064516129032,670.0,0.0,744.0,330.35483870967744,0.0,4937.193548387097,1758.8387096774193,0.0,1876.548387096774,1283.8064516129032,0.0,3786.1935483870966,6262.064516129032,1403.4193548387098,0.0,0.0,0.0,1016.7901479181608,0.0,0.0,0.0,0.0,0.0,1326.3320298731903,0.0,0.0,0.0,0.0,0.0,0.0,0.0,0.0,0.0
130,0.0454864613621255,-7.105427357600997e-17,-1.1013412404281584e-16,-4.050093593832557e-16,0.1012604533355479,0.121070817313953,5.030715765507681,0.0450198256414131,320.5851438716512,158.45033882409956,3797.212882528011,726.8304718810601,0.0,717.9944013278389,322.2365994442649,0.0,4995.691869994793,1832.511053135998,0.0,1827.691680088702,1247.2282506913025,0.0,3793.9860596899016,6191.634955087804,1372.6018413775766,0.0,0.0,0.0,970.8531921279856,0.0,0.0,0.0,0.0,0.0,1281.8660184564728,0.0,0.0,0.0,0.0,0.0,0.0,0.0,0.0,0.0
131,0.0330301435215939,-7.105427357600997e-17,-1.1013412404281584e-16,-4.050093593832557e-16,0.0951613600523742,0.0548988732522959,4.950622918266948,0.0511033058284244,343.24849282913027,83.41298149073403,3720.00955021443,786.7535026839793,0.0,489.6179611089527,245.2896222788215,0.0,5019.307336550487,1995.0709259186508,0.0,1824.9823858941545,1108.7472404775278,0.0,4601.731602661072,7092.93733985685,1518.3448086627516,0.0,0.0,0.0,838.8852624406824,0.0,0.0,0.0,0.0,0.0,1175.090310247892,0.0,0.0,0.0,0.0,0.0,0.0,0.0,0.0,0.0
132,0.0216569837541522,-7.105427357600997e-17,-1.1013412404281584e-16,-4.050093593832557e-16,0.078482421568106,0.0256677193444074,4.818820278535986,0.0530574480000093,366.0032750821442,44.45544122619658,3654.8000240382503,847.2437115537389,0.0,279.570381075011,167.99636355948962,0.0,5045.028654099276,2150.346838391138,0.0,1817.4639320409824,983.1544267333288,0.0,5323.043626533768,7899.899783293052,1652.0196032556046,0.0,0.0,0.0,779.8223651941325,0.0,0.0,0.0,0.0,0.0,1122.8223651941323,0.0,0.0,0.0,0.0,0.0,0.0,0.0,0.0,0.0
133,0.0111503504451821,-7.105427357600997e-17,-1.1013412404281585e-16,-4.0500935938325564e-16,0.0686394081495786,0.0176591832159467,4.656109458178472,0.0530574480000093,371.3666104883878,43.86908765990832,3650.638587213146,861.8126793406801,0.0,247.59540742570297,149.74087115075878,0.0,5052.962747989568,2179.80188439382,0.0,1811.3025708827013,965.8018843938194,0.0,5411.265631242872,8000.807063934271,1672.0132285317854,0.0,0.0,0.0,771.0376014296405,0.0,0.0,0.0,0.0,0.0,1114.0376014296403,0.0,0.0,0.0,0.0,0.0,0.0,0.0,0.0,0.0
134,0.0017893187293258,-7.105427357600997e-17,-1.1013412404281584e-16,-4.050093593832557e-16,0.0769519974617937,0.0126140553089698,4.470649724264811,0.0524127648949655,413.4551431440623,227.9277084447189,3829.045298789344,966.815667799514,0.0,339.1393488913717,69.93133076850302,0.0,5149.310708655325,2243.427060860725,0.0,1648.2214610215278,1044.5353961083424,0.0,4552.565255829384,7053.606941601111,1578.1407004631535,0.0,0.0,0.0,675.5897339197775,0.0,0.0,0.0,0.0,0.0,1028.799338085321,0.0,0.0,0.0,0.0,0.0,0.0,0.0,0.0,0.0
135,-6.465938895416899e-16,-7.105427357601001e-17,-1.1013412404281584e-16,-4.050093593832557e-16,0.0881011123654482,0.0071055993289033,4.209078963229232,0.0481479286958949,438.6300206659838,428.2792410981626,3938.418419633076,984.1069245128313,0.0,431.1584586673208,225.74720751786631,0.0,5206.186404708255,2180.9849279562723,0.0,1442.9704879485196,1040.0971943172874,0.0,3998.364549373938,6295.7603570685815,1414.0305881190698,0.0,0.0,0.0,575.1152181394968,0.0,0.0,0.0,0.0,0.0,952.4976745131868,0.0,0.0,0.0,0.0,0.0,0.0,0.0,0.0,0.0
136,-6.465938895416899e-16,-7.105427357600997e-17,-1.1013412404281584e-16,-4.050093593832557e-16,0.0992132104449167,0.0019068853730229,3.901939467244381,0.0407687519601423,457.128751902721,584.6891710451818,4017.555347665083,990.9872358296544,0.0,502.02795516116765,364.6364798297448,0.0,5246.720146514285,2123.047357119607,0.0,1281.8844785660444,1031.7502153217276,0.0,3594.508468735948,5726.080231907876,1282.6639460849997,0.0,0.0,0.0,512.8795285766064,0.0,0.0,0.0,0.0,0.0,905.0129037806672,0.0,0.0,0.0,0.0,0.0,0.0,0.0,0.0,0.0
137,-6.465938895416898e-16,-7.105427357600997e-17,-1.1013412404281584e-16,-4.050093593832557e-16,0.1221166309252842,-2.5579538487363644e-16,3.565761020845404,0.0322196282790792,506.70291977563335,768.9286991776205,4092.165638746101,1019.984076776532,0.0,552.4528310381393,541.4257476481778,0.0,5257.649176229266,2060.422124593113,0.0,1182.3950412031522,1140.9951755278487,0.0,3271.765773070797,5265.316926906101,1217.0823995736964,0.0,0.0,0.0,408.9363046033995,0.0,0.0,0.0,0.0,0.0,825.9520747892396,0.0,0.0,0.0,0.0,0.0,0.0,0.0,0.0,0.0
138,-6.465938895416899e-16,-7.105427357600997e-17,-1.1013412404281584e-16,-4.0500935938325564e-16,0.1603181028438536,-2.5579538487363644e-16,3.297530141443589,0.0240230457807404,543.2219918024211,809.0794141174915,4091.2680328538186,1045.64972485721,0.0,532.8262765143452,592.1448049502987,0.0,5225.944720040891,2051.9758658416167,0.0,1244.2943942775703,1275.0768570058876,0.0,3343.0504955821348,5359.574765270457,1285.347718031186,0.0,0.0,0.0,381.8383435935367,0.0,0.0,0.0,0.0,0.0,812.0,0.0,0.0,0.0,0.0,0.0,0.0,0.0,0.0,0.0
139,-6.465938895416899e-16,-7.105427357600997e-17,-1.1013412404281585e-16,-4.050093593832557e-16,0.2219996018094072,-2.5579538487363644e-16,3.07947501994264,0.0151647766036116,577.3353561541302,798.764713764,3877.3280472483434,891.0243119650545,0.0,465.4633016817039,563.5657319821645,0.0,4903.724996259107,1720.2044831826177,0.0,1160.8100079665055,1289.3828601453056,0.0,3076.0077864862824,5036.587418624754,1215.739085124565,0.0,0.0,0.0,1032.39581560764,0.0,0.0,0.0,0.0,0.0,1588.9907202577176,0.0,0.0,37.79479747859938,0.0,0.0,0.0,688.2168936219375,0.0,0.0
140,-6.465938895416899e-16,-7.105427357600997e-17,-1.1013412404281584e-16,-4.0500935938325564e-16,0.297831815700997,-2.5579538487363644e-16,2.859708659288452,0.0102957317420289,530.1466168687198,618.9609831459462,3308.7154977979408,380.4921000329985,0.0,359.7486137381729,295.0896267337709,0.0,4162.439193331493,865.182292891081,0.0,703.1177931639121,819.8886724184041,0.0,2092.220265735231,3816.395049034092,771.2742164466406,0.0,26.19910596626385,0.0,2359.000896945371,0.0,0.0,15.498062684268758,0.0,0.0,3037.5618506784112,0.0,0.0,128.43517163549777,0.0,0.0,130.2575268463541,1653.8223552108564,0.0,0.0
141,4.617440454829285e-05,-7.105427357601001e-17,-1.1013412404281584e-16,-4.050093593832557e-16,0.3679389130963462,0.00054900812599,2.651997478195239,0.0406467343140908,460.44486753906347,346.84081364034824,2753.86938713728,0.0,0.0,227.3306293594613,65.48983533093077,0.0,3466.8204558935927,4.384615384615385,0.0,320.37956060314895,455.9061195671536,0.0,1241.3020656684382,2767.518409836972,375.6041019191501,0.0,224.59808914207292,0.0,3004.2372264326937,0.0,0.0,64.69708911487085,0.0,0.0,3549.1541985742606,105.96317113438788,0.0,225.5038850703612,0.0,0.0,399.0766319708604,1552.9296258223144,0.0,0.0
142,0.0015716088239196,-7.105427357600997e-17,-1.1013412404281584e-16,0.0007437959999995,0.4412654683197195,0.0193807044119598,2.390390630661709,0.1277492443103477,416.993569238772,55.667434409324926,2461.098365278003,0.0,0.0,105.96137848113234,5.62242998486443,0.0,3125.387350824011,0.0,0.0,190.77992888290632,398.71799481961847,0.0,907.674711468576,2351.507154742724,201.45439184204884,0.0,199.81081010560945,111.21857831023672,2231.1265348137586,169.1866566198804,0.0,69.13038145819922,0.0,0.0,2681.2548206515653,267.1990740615004,0.0,203.44348217843284,0.0,0.0,361.0074926345496,1139.8961621215228,0.0,0.0
143,0.0038417104584711,0.0031697001983325,-1.1013412404281584e-16,0.0028985804252487,0.4986257849971801,0.0480353835348835,2.0638831328507417,0.2847324412338842,462.7704183991939,0.1767845810083405,2349.52800007276,0.0,0.0,45.771756570947794,0.0169519461240874,0.0,2917.441203900298,0.0,0.0,45.321568337465095,256.15592304794126,0.0,552.2283891696026,1859.4802139859644,53.41459235190924,0.0,451.5465097878503,243.8315894294567,4031.722743183691,499.23479152144006,0.0,186.37252144100023,0.0,0.0,4983.344346789739,1036.065846190014,0.0,472.6220559961182,0.0,0.0,840.9105402642062,2027.3973843000635,0.0,0.0
144,0.0060681562923581,0.0104024359734218,-1.1013412404281584e-16,0.0050410094352155,0.5306883515416644,0.0809674569983047,1.6968390770801998,0.5411253994879749,58.45971870694903,0.0,1085.5932305620754,0.0,0.0,0.4556194534328647,0.0,0.0,1192.2913214495256,0.0,0.0,0.4482707525710437,9.919604812097525,0.0,36.06746387723064,222.72766475507,0.5291064620510687,0.0,949.0948136843604,704.9787815397402,6183.986584171016,1085.9359154051183,0.0,435.6505391064613,216.0274580303065,0.0,7563.274503987438,2137.679530258224,0.0,930.962530982282,340.65743053503195,0.0,1440.1358627562229,3228.4430069371724,0.0,0.0
145,0.0082072905249163,0.0173848929966776,-1.1013412404281584e-16,0.007099421621262,0.5320572475045093,0.1560027681328901,1.2921514354993493,0.9558192296285944,0.0,0.0,518.8582812794145,0.0,0.0,0.0,0.0,0.0,640.2820269931157,0.0,0.0,0.0,0.0,0.0,0.0,0.0,0.0,0.0,1311.2214437657224,1247.5271888424086,6773.747623259291,1359.3471684647511,0.0,587.3135029988483,478.8879764470015,0.0,8175.289415505153,2534.037244323727,0.0,1162.1484089815624,664.7468731478714,0.0,1599.6384954437378,3560.9613874592737,0.0,0.0
146,0.0103464247574744,0.0243735025124414,-1.1013412404281584e-16,0.0091578338073085,0.5054304534463363,0.2426982460863787,0.9214196858414768,1.5615566261474092,0.0,0.0,228.0252642689229,0.0,0.0,0.0,0.0,0.0,408.29285479965085,0.0,0.0,0.0,0.0,0.0,0.0,0.0,0.0,0.0,1390.5540529922944,1370.759096410855,6973.787733146359,1448.0731225559423,0.0,640.8550322200124,515.5307307065301,0.0,8392.606396163237,2685.695601129579,0.0,1229.185649808048,729.5293449320425,0.0,1700.5103354712046,3661.940433393976,5.990450106611645,0.0
147,0.0123485000809697,0.0344413426593524,-1.1013412404281585e-16,0.0110902207574746,0.4729643966928851,0.32398036644611,0.6334048660372361,2.3416181496061284,0.0,0.0,6.728919771390969,0.0,0.0,0.0,0.0,0.0,165.2857761666951,0.0,0.0,0.0,0.0,0.0,0.0,0.0,0.0,0.0,1504.412724560537,1550.603752944775,7273.966864433183,1579.7950069461476,0.0,713.077571473921,545.8893077130714,0.0,8707.954284393241,2883.77674336676,0.0,1288.3252373316682,775.5588277293746,0.0,1796.721777275843,3729.969498101214,66.83973955589413,0.0
148,0.0131403959999993,0.0494014806179401,-1.1013412404281584e-16,0.0125545139743707,0.4317219794323692,0.3947612105887522,0.3804343564185981,3.4084010582256856,0.0,0.0,0.0,0.0,0.0,0.0,0.0,0.0,44.1559497409998,0.0,0.0,0.0,0.0,0.0,0.0,0.0,0.0,0.0,1592.311391412334,1715.723783671588,7503.744928737595,1673.8378670777736,0.0,724.0057247908015,456.9772555313637,0.0,8875.625258730954,2849.047791961992,0.0,1105.0805276616093,544.6512922571949,0.0,1511.198722133381,3298.424075679065,11.801795326813728,0.0
149,0.0131403959999993,0.0627187732170099,-1.1013412404281584e-16,0.0126445319999995,0.3677201728241867,0.4593319199401998,0.1871271300318885,4.631622930696087,0.0,0.0,0.0,0.0,0.0,0.0,0.0,0.0,24.752400287881414,0.0,0.0,0.0,0.0,0.0,0.0,0.0,0.0,0.0,1629.67643072981,1795.374851210225,7579.411765749257,1703.9419525914432,0.0,728.9827144818645,427.4083175525996,0.0,8917.074716967649,2818.831577120573,0.0,1041.872129097461,467.728689884337,0.0,1374.5832959870147,3134.931859259675,0.0,0.0
150,0.0131403959999993,0.0710164559601329,-1.1013412404281584e-16,0.0126445319999995,0.2920836646644519,0.5180302055899209,0.0596768423107822,5.771447273078929,0.0,0.0,0.0,0.0,0.0,0.0,0.0,0.0,9.55606546461183,0.0,0.0,0.0,0.0,0.0,0.0,0.0,0.0,0.0,1943.060641228986,2487.600297733397,8020.474233729412,1873.8167462320528,0.0,810.0151394599088,321.8003913841385,0.0,9074.643158006957,2584.545370482186,0.0,786.2409332841742,180.57424444610947,0.0,530.6801688014436,2285.31824668024,0.0,0.0
151,0.0131248046426192,0.0786067994152824,-1.1013412404281584e-16,0.0126445319999995,0.2241227029036544,0.53234859996393,0.0061818653364918,6.671451353874716,0.0,0.0,0.0,0.0,0.0,0.0,0.0,0.0,0.0,0.0,0.0,0.0,0.0,0.0,0.0,0.0,0.0,0.0,2253.827045769764,3122.96356141162,8366.407813222375,2001.8690013869625,0.0,910.7618585298196,254.9911542610572,0.0,9164.902134381262,2375.320997071968,0.0,606.1606025581755,0.0,0.0,0.0,1633.6564416705191,0.0,0.0
152,0.0117434103787369,0.086197142870432,-1.1013412404281584e-16,0.0120262949937938,0.156367400527048,0.5153814376744192,-5.577760475716805e-15,7.348210683006595,0.0,0.0,0.0,0.0,0.0,0.0,0.0,0.0,0.0,0.0,0.0,0.0,0.0,0.0,0.0,0.0,0.0,0.0,2812.8212017957235,4039.4144079736575,8657.310749105554,2085.0898629311896,0.0,1167.1856034590658,253.01443815481048,0.0,9103.96239502898,2092.3249321371554,0.0,509.85588236440987,0.0,0.0,0.0,1117.6575466559514,0.0,0.0
153,0.0094296529435209,0.0881738228187802,-1.1013412404281584e-16,0.0098719768106307,0.0889348542345639,0.4861757070299012,-5.577760475716805e-15,7.812741054563794,0.0,0.0,0.0,0.0,0.0,0.0,0.0,0.0,0.0,0.0,0.0,0.0,0.0,0.0,0.0,0.0,0.0,0.0,3628.0204517566,5353.075166249112,9094.47463498693,2229.2379815711934,0.0,1562.1476761873098,268.3282869550763,0.0,9052.165471632994,1705.236653415736,0.0,320.3397717529119,0.0,0.0,0.0,432.5471449251272,0.0,0.0
154,0.0073560024119595,0.0815160094200283,-1.1013412404281584e-16,0.0078765772425244,0.0349748858870429,0.4584033418405326,-5.577760475716804e-15,7.975476634835323,0.0,0.0,0.0,0.0,0.0,0.0,0.0,0.0,0.0,0.0,0.0,0.0,0.0,0.0,0.0,0.0,0.0,0.0,3719.261172454771,5450.96992802679,9094.305533061684,2247.3615221028613,0.0,1645.8278779712252,319.76474461319634,0.0,9017.123277304448,1683.219472047297,0.0,203.94341307650117,0.0,0.0,0.0,472.6771888930048,0.0,0.0
155,0.0052168681794013,0.0853791408345988,-1.1013412404281584e-16,0.0078271555813949,0.0011462148175126,0.3884006133837215,-5.577760475716805e-15,8.002449330091139,0.0,0.0,0.0,0.0,0.0,0.0,0.0,0.0,0.0,0.0,0.0,0.0,0.0,0.0,0.0,0.0,0.0,0.0,3943.1327090831087,5737.257527095043,8896.268538582926,2220.902657357577,0.0,1811.9743497961767,592.5812349160518,0.0,8789.52412094378,1600.5072671027085,0.0,106.97566915933989,0.0,0.0,0.0,526.9739487926997,0.0,0.0
156,0.0028376270431887,0.1015601615192127,-1.1013412404281584e-16,0.0104007885847172,-3.890221478286538e-16,0.3059073695244773,0.0076387704664897,7.866852334009667,0.0,0.0,0.0,0.0,0.0,0.0,0.0,0.0,0.0,0.0,0.0,0.0,0.0,0.0,0.0,0.0,0.0,0.0,3954.886795306675,5689.732908566848,8944.333428931606,2253.825185114526,0.0,1817.3130012741228,599.1924002128547,0.0,8840.759634899054,1640.8365215057909,0.0,70.73598808848068,0.0,0.0,0.0,503.5335359226409,0.0,0.0
157,0.000634293103771,0.1143525017072503,-1.1013412404281584e-16,0.0128850507508301,-3.890221478286538e-16,0.2538667339581782,0.0484064013124822,7.526010115994542,0.0,0.0,0.0,0.0,0.0,0.0,0.0,0.0,0.0,0.0,0.0,0.0,0.0,0.0,0.0,0.0,0.0,0.0,3941.624413381944,5610.822869919621,9012.72537070338,2288.7052211123773,0.0,1810.8005931631849,579.6179704440844,0.0,8908.790950665225,1689.897855406488,0.0,42.235596064284415,0.0,0.0,0.0,484.0972592871536,0.0,0.0
158,-6.465938895416899e-16,0.1224915871096344,-1.1013412404281584e-16,0.0158255085457561,-3.890221478286538e-16,0.2456153596345515,0.1149250371890611,7.091892830239822,0.0,0.0,0.0,0.0,0.0,0.0,0.0,0.0,0.0,0.0,0.0,0.0,0.0,0.0,0.0,0.0,0.0,0.0,3836.683922431001,5469.288026038411,9155.706314045785,2387.972472415169,0.0,1786.6773411342524,571.4291309821796,0.0,9065.454523879964,1812.818543680087,0.0,67.6093742079168,0.0,0.0,18.36319644509928,576.7720078065984,0.0,0.0
159,-6.465938895416899e-16,0.1333523235123173,-1.1013412404281584e-16,0.0201599192691025,-3.890221478286538e-16,0.248132157727575,0.2135682953222534,6.551901728056178,0.0,0.0,72.313396365114,0.0,0.0,0.0,0.0,0.0,78.83235495936685,0.0,0.0,0.0,0.0,0.0,0.0,0.0,0.0,0.0,3493.920592702539,5207.681660245391,9419.5630691857,2608.6684805638542,0.0,1564.1148997058942,481.00123045126537,0.0,9370.70238723864,2051.6263160125927,0.0,121.11120835209816,0.0,0.0,128.69782071596052,749.8020016428485,0.0,0.0
160,-6.465938895416899e-16,0.1494421718248974,-1.1013412404281584e-16,0.0248259055110411,-3.890221478286538e-16,0.2542233290091854,0.3225998930232501,5.892493652032063,5.1853700298571965,0.0,837.56260907036,0.0,0.0,0.0,0.0,0.0,928.8381539447364,0.0,0.0,0.0,0.0,0.0,0.0,43.58513727798886,0.0,0.0,3074.564988394347,4741.164139715226,9363.4485263662,2567.615494630781,0.0,1237.3359738476918,360.92127746347086,0.0,9329.994905257954,2098.115213990396,0.0,128.29108183108747,0.0,0.0,194.34807557756207,871.8827480186447,0.0,0.0
161,-6.465938895416899e-16,0.1527644137873755,-1.1013412404281584e-16,0.0270245879999995,-3.890221478286538e-16,0.3039249045877848,0.4320070953488312,5.22524678251189,51.29466869134834,0.0,2316.452746167516,19.518385649168568,0.0,0.0,0.0,0.0,2689.000349274414,51.21741798165286,0.0,0.0,0.0,0.0,53.78562661970136,501.6542747397303,0.0,0.0,1905.9475078768892,2671.8597924777573,8037.419717039442,1529.4265973882823,0.0,336.687013428623,69.18448895794616,0.0,8000.967231473258,1361.3817744008809,0.0,35.12855834686413,0.0,0.0,166.2375589953211,992.3316423313228,0.0,0.0
162,-6.4659388954169e-16,0.1463121553705336,-1.1013412404281584e-16,0.0270245879999995,-3.890221478286538e-16,0.3540553010444104,0.5321732371173574,4.653954097519029,51.217354721187206,0.0,3109.881538456333,167.16574299645572,0.0,0.0,0.0,0.0,3608.115419740032,436.3758138594417,0.0,0.0,0.0,0.0,457.03689123815343,1017.441653080302,0.0,0.0,1383.2026892450176,1578.5877426674797,7221.785976012691,909.006455333904,0.0,44.34335445878405,0.0,0.0,7154.81099725954,849.4059650875895,0.0,0.0,0.0,0.0,56.16064943451827,947.8856167231796,0.0,0.0
163,-6.465938895416899e-16,0.1425640403347175,-1.1013412404281585e-16,0.0270245879999995,-3.890221478286538e-16,0.3806298465448511,0.634191969044844,4.246551479155322,74.5691176849819,0.0,3413.6275194715195,329.3752046989495,0.0,0.0,0.0,0.0,3965.3341714788257,799.8769003396287,0.0,0.0,0.0,0.0,805.4617958173411,1338.974491992867,0.0,0.0,1113.46084781463,1061.1627081824172,6835.157522179893,632.6964592458597,0.0,0.0,0.0,0.0,6717.229071865994,611.1372133170718,0.0,0.0,0.0,0.0,0.0,856.4161151084619,0.0,0.0
164,-6.465938895416899e-16,0.142330420995424,-1.1013412404281584e-16,0.0284824492963074,-3.890221478286538e-16,0.3882272898308782,0.7705735729427634,3.863343049994113,146.3859477542845,0.0,3522.346297008238,443.9170956522564,0.0,0.0,0.0,0.0,4141.991871814229,984.2380004524896,0.0,0.0,0.0,0.0,937.357067402056,1491.5115148620837,0.0,0.0,980.5871000435844,729.1664127787155,6397.519485409764,396.4122895118612,0.0,0.0,0.0,0.0,6154.277209351684,389.7467123529211,0.0,0.0,0.0,0.0,0.0,630.5019361023775,0.0,0.0
165,-6.465938895416898e-16,0.1294048538073087,-1.1013412404281584e-16,0.0337311775169289,-3.890221478286538e-16,0.394696177228246,0.919208932761994,3.449832262300143,213.4218025437953,0.0,3647.123132006329,518.8081049031608,0.0,0.0,0.0,0.0,4300.501787913697,1117.9122582231653,0.0,0.0,0.0,0.0,1075.339140075803,1636.6911158673815,0.0,0.0,936.5764004559963,501.01237726461176,5901.506234294063,168.7150452761907,0.0,0.0,0.0,0.0,5486.11424741531,165.85799017577,0.0,0.0,0.0,0.0,0.0,321.14573195260465,0.0,0.0
166,-6.465938895416899e-16,0.1084690144584717,-1.1013412404281585e-16,0.0410047403920262,-3.890221478286538e-16,0.3900733650099666,1.0737781506926865,3.008731698139542,284.5022877788173,0.0,3990.523758647644,809.8568117583337,0.0,0.0,0.0,0.0,4720.146272927027,1556.738609114186,0.0,0.0,0.0,0.0,1467.6546148567138,2096.767866155399,0.0,0.0,759.2674030602196,224.69489838249052,5244.484786024669,10.699757065832882,0.0,0.0,0.0,0.0,4690.057290702398,10.506387962233497,0.0,0.0,0.0,0.0,0.0,73.8025412071003,0.0,0.0
167,-6.465938895416899e-16,0.0844332014152824,-1.1013412404281584e-16,0.0493644143720927,8.529812624545816e-05,0.3617708304761901,1.2203503621063074,2.4849492034706597,354.5898725994849,157.32528946141534,4632.000598408252,1524.312168670571,0.0,79.5456045893189,53.599062567091885,0.0,5571.383086809807,2575.035558128729,0.0,242.8208627306231,103.69357104325852,0.0,2234.879943355185,3059.0636256850244,84.31544842284839,0.0,389.7802318444534,0.0,4458.7757221114,0.0,0.0,0.0,0.0,0.0,3875.206238956386,0.0,0.0,0.0,0.0,0.0,0.0,0.0,0.0,0.0
168,-6.465938895416898e-16,0.0605151766644517,-1.1013412404281584e-16,0.0576421307641193,0.003080616877076,0.3097115474950167,1.375508965232483,1.8646568068407503,798.9977022226236,592.8811207525864,4979.071884568592,1723.8788353502407,0.0,512.3094015897251,369.4419036239917,0.0,6030.863437543628,2921.414778654111,0.0,680.1712330500479,587.5125488404368,0.0,2563.4510672086494,3814.873219098923,451.6523980470423,0.0,5.318243057089851,0.0,2759.1284260697707,0.0,0.0,0.0,0.0,0.0,2780.374437223087,0.0,0.0,0.0,0.0,0.0,0.0,0.0,0.0,0.0
169,-6.465938895416899e-16,0.0420475374418603,-1.1013412404281585e-16,0.0642806953953486,0.0068168944584713,0.2653320586632794,1.510656895438729,1.3855647356752074,1392.1343681786286,987.2836172143922,4962.317465864471,1469.3271124019886,0.0,768.846409623821,535.462107110241,0.0,5886.690205516518,2393.7599943751666,0.0,747.074274338139,761.5501119261914,0.0,2174.723285972776,3658.81520879921,527.4141320278807,0.0,0.0,0.0,2303.547200338412,0.0,0.0,0.0,0.0,0.0,2526.470141326145,0.0,0.0,0.0,0.0,0.0,0.0,0.0,0.0,0.0
170,-6.4659388954169e-16,0.0243891779202657,-1.1013412404281584e-16,0.0712632112539152,0.010968313993355,0.2124906677683913,1.684512505808965,0.95578061055079,1612.961223121957,1427.1158055059498,4739.28627963782,1069.4409919985978,0.0,919.3017814553452,776.3055781436972,0.0,5578.778029926121,1934.2695840192137,0.0,890.4509119800852,1021.0759648036088,0.0,2371.1091598456146,4051.657054064447,718.2471765877852,0.0,0.0,0.0,2131.4090946512106,0.0,0.0,0.0,0.0,0.0,2398.53805880402,0.0,0.0,0.0,0.0,0.0,0.0,0.0,0.0,0.0
171,-6.465938895416899e-16,0.0115724938006643,-1.1013412404281584e-16,0.0753531801534666,0.0164112862724248,0.1408354463277253,1.945784259091625,0.5643006851053544,1629.359856541986,1688.160630490221,4516.15995762158,754.2816493508539,0.0,993.2112757854148,947.217204807871,0.0,5324.990726305938,1664.4321156076924,0.0,1010.1873104815352,1207.010297737247,0.0,2674.9495757132777,4485.250877128532,873.3203641421821,0.0,0.0,0.0,1885.972200397029,0.0,0.0,0.0,0.0,0.0,2187.121133348523,0.0,0.0,0.0,0.0,0.0,0.0,0.0,0.0,0.0
172,-6.465938895416899e-16,0.0141848404385381,-1.1013412404281584e-16,0.0763630559999996,0.0216236241328899,0.0834172390353725,2.2581340501020075,0.3287562169130417,1596.7514897021774,1720.6254873962575,4422.480597579069,693.272029845163,0.0,1025.7820964131895,976.138940375571,0.0,5257.46990819865,1628.4039815927006,0.0,1119.8939150246736,1286.5723909572291,0.0,2782.043544780664,4654.934073394051,931.1260023059198,0.0,0.0,0.0,1589.829099619432,0.0,0.0,0.0,0.0,0.0,1923.7681028414088,0.0,0.0,0.0,0.0,0.0,0.0,0.0,0.0,0.0
173,-6.465938895416898e-16,0.0181896423787374,-1.1013412404281584e-16,0.0763630559999996,0.026108026490987,0.0560768486138403,2.555713041979496,0.2036726767311856,1569.1698985813955,1682.8142982741083,4395.519110300134,742.3661930533326,0.0,1043.0917402929822,944.2168410933704,0.0,5270.606197612728,1683.782546038503,0.0,1207.0167934810895,1307.137656634767,0.0,2781.517883412382,4677.645132338908,938.1536751647096,0.0,0.0,0.0,1471.314532287303,0.0,0.0,0.0,0.0,0.0,1817.9849805023528,0.0,0.0,0.0,0.0,0.0,0.0,0.0,0.0,0.0
174,-6.465938895416899e-16,0.0223904835747508,-1.1013412404281584e-16,0.0749805083420043,0.0277683839999995,0.0485011127547168,2.793913739334291,0.1898296105898632,3432.4439066189643,3798.663528353124,4893.262824319202,959.746896382641,0.0,1435.327019921919,841.0595035798725,0.0,5233.795495199567,1195.449045308686,0.0,556.0328751052108,578.9843878626689,0.0,1218.1623657873504,2528.685632755144,413.1272296342454,0.0,0.0,0.0,1410.6347840052117,0.0,0.0,0.0,0.0,0.0,1729.2658965958176,0.0,0.0,0.0,0.0,0.0,0.0,0.0,0.0,0.0
175,-6.465938895416899e-16,0.0252336128962126,-1.1013412404281584e-16,0.0670429049836542,0.0277683839999995,0.0413202153289035,2.9721501854360075,0.1837096715864509,5200.144473220295,5655.501651874003,5448.501942942953,1165.4180515188182,0.0,1814.7655389939243,828.4153587594599,0.0,5252.999208319252,743.4735676503329,0.0,0.0,0.0,0.0,0.0,590.9028093616741,0.0,0.0,0.0,0.0,1310.6809742203172,0.0,0.0,0.0,0.0,0.0,1607.173726204568,0.0,0.0,0.0,0.0,0.0,0.0,0.0,0.0,0.0
176,-6.465938895416899e-16,0.025289064,-1.1013412404281584e-16,0.0545038552823917,0.0277683839999995,0.0322822290498338,3.104659163113892,0.1646044528384692,5428.464698146396,5568.962803181162,5659.564147002207,1261.7174760002324,0.0,1908.0425755671165,953.6935793257662,0.0,5381.497284520668,772.9478135112262,0.0,0.0,0.0,0.0,0.0,534.0878062511408,0.0,0.0,0.0,0.0,1211.5597215653574,0.0,0.0,0.0,0.0,0.0,1516.748867488923,0.0,0.0,0.0,0.0,0.0,0.0,0.0,0.0,0.0
177,-6.465938895416899e-16,0.025289064,-1.1013412404281584e-16,0.0424532069102987,0.0304546474000944,0.023713748551495,3.193720760819172,0.1491446889568171,4650.679415379012,4282.302612239843,4843.265609489457,1110.1108228526018,0.0,1608.799065598653,888.9138720138117,0.0,4598.511142969192,675.2967827453288,0.0,0.0,0.0,0.0,0.0,519.7191379040896,0.0,0.0,0.0,0.0,1116.2682631398925,0.0,0.0,0.0,0.0,0.0,1441.6515761825883,0.0,0.0,0.0,0.0,0.0,0.0,0.0,0.0,0.0
178,-6.465938895416899e-16,0.025289064,-1.1013412404281584e-16,0.030275709607973,0.0577673323056473,0.0150550735215947,3.255183427867109,0.1369271051960198,2374.5283769272587,2186.4617508577667,2472.8575127347326,566.7540517515097,0.0,821.409042462135,453.8863442203064,0.0,2347.9139380992115,344.81315516795524,0.0,0.0,0.0,0.0,0.0,265.3283295825243,0.0,0.0,0.0,0.0,1043.945417584996,0.0,0.0,0.0,0.0,0.0,1384.737425716297,0.0,0.0,0.0,0.0,0.0,0.0,0.0,0.0,0.0
179,-6.465938895416899e-16,0.0237234428004088,-1.1013412404281584e-16,0.0168297230033217,0.0971012087043184,0.0065093554998722,3.24323950247457,0.1152501415737349,962.1159570706448,1077.1520983262044,1274.8623289145698,289.03628764690586,0.0,344.4180242613492,210.9256987323653,0.0,1241.4572248151064,255.51608637960257,0.0,0.0,0.0,0.0,0.0,269.6162910943917,0.0,0.0,0.0,0.0,979.9045148214188,0.0,0.0,0.0,0.0,0.0,1409.754919449201,0.0,0.0,0.0,0.0,0.0,0.0,0.0,0.0,0.0
180,-6.4659388954169e-16,0.0195339115614617,-1.1013412404281584e-16,0.0054182782585933,0.1357028208239198,0.0022804566492644,3.1895248870044046,0.0870573655456025,3778.317961244152,4532.613179873431,5633.832022269028,1306.7949328757677,0.0,1356.8240024513664,879.5441248490644,0.0,5530.624947756454,1272.8152589968183,0.0,230.91334601266988,129.78019431422211,0.0,329.38710305348326,1416.3751156077524,0.0,0.0,0.0,0.0,804.5648759650604,0.0,0.0,0.0,0.0,0.0,1263.3999467334534,0.0,0.0,0.0,0.0,0.0,0.0,0.0,0.0,0.0
181,-6.4659388954169e-16,0.0154170871893687,-1.1013412404281584e-16,0.000584806179944,0.1731578504053154,0.0002786272221846,3.081209987440229,0.0633129133668785,2564.6750234123547,3359.6215213680152,6010.840433802849,1673.672496705214,0.0,829.4556294951075,710.9218061021278,0.0,6021.68800546986,1836.249214396127,0.0,468.6914769717231,402.212161052299,0.0,1063.1070712016476,2139.16047662558,27.428571428571427,0.0,0.0,0.0,567.3298142875286,0.0,0.0,0.0,0.0,0.0,892.1125763671336,0.0,0.0,0.0,0.0,0.0,0.0,0.0,0.0,0.0
182,-6.465938895416899e-16,0.0111322291694351,-1.1013412404281584e-16,-4.0323300254385554e-16,0.212141656704319,5.3290705182007697e-17,2.8430714763603047,0.0429212362577633,2181.881819633874,2840.4881892582007,5990.909002577046,1727.6465921796398,0.0,655.2015247049918,638.0271829431716,0.0,6045.186468839721,1928.3369979332945,0.0,483.8901349492957,453.1743417618202,0.0,1209.775104114316,2279.8512664157784,39.72590401224816,0.0,0.0,0.0,439.9609267310922,0.0,0.0,0.0,0.0,0.0,673.7113065526506,0.0,0.0,0.0,0.0,0.0,0.0,0.0,0.0,0.0
183,-6.465938895416899e-16,0.006973396385382,-1.1013412404281584e-16,-4.0323300254385554e-16,0.247035713106457,5.3290705182007697e-17,2.5365190548282506,0.0251436819468501,1576.2739367036345,1005.6921746924244,4998.433606672147,1122.4460412314097,0.0,279.5996646791356,336.5735717497108,0.0,5069.736380086178,1155.0799031618676,0.0,171.9431839554826,245.10691094174564,0.0,800.0966196312595,1758.5014262356774,8.926716988430243,0.0,0.0,0.0,1265.6016662557408,0.0,0.0,0.0,0.0,0.0,1688.6157763705633,0.0,0.0,0.0,0.0,0.0,0.0,63.568751438068126,0.0,0.0
184,-6.4659388954169e-16,0.0029825972491693,-1.1013412404281584e-16,-4.0323300254385554e-16,0.2566483336345518,5.3290705182007697e-17,2.1965656488588987,0.0089096328458941,910.277024253629,270.45084907589563,3080.985320139353,570.4550618451684,0.0,97.02595151411994,128.4778407193193,0.0,3113.1047803191823,526.108223847007,0.0,8.231301154137537,40.86253072946849,0.0,404.7286360407036,1000.2384900688772,0.0,0.0,0.0,0.0,2524.622658270772,0.0,0.0,0.0,0.0,0.0,3306.3244976383435,14.301608387361572,0.0,6.058315496387634,0.0,0.0,120.8743311240294,959.542551601929,0.0,0.0
185,-6.465938895416899e-16,9.749122020931196e-05,-1.1013412404281584e-16,-4.0323300254385554e-16,0.2578467622927352,5.3290705182007697e-17,1.8684769249999285,0.0001715149220899,296.6990777331922,70.43113701447587,992.1234863257964,162.96990293565173,0.0,25.27595619207475,33.45754412301305,0.0,991.705241982261,137.02067861857137,0.0,0.0,0.0,0.0,105.42764156985248,285.7538736340489,0.0,0.0,23.711995028575902,0.0,3940.4425976105417,179.13490127575645,0.0,15.07403108660056,0.0,0.0,5128.242773652736,729.520484055518,0.0,235.91077767660985,0.0,0.0,810.5059339955787,2138.206928063194,0.0,0.0
186,-6.465938895416899e-16,-5.32907051820077e-17,-1.1013412404281584e-16,-4.0323300254385554e-16,0.2578492800000003,3.8907444987350535e-05,1.556996873733823,0.0150272374977588,452.2679745284044,0.0,1401.4743889262318,39.74215469577356,0.0,0.0,0.0,0.0,1302.0735153908108,0.0,0.0,0.0,0.0,0.0,0.0,69.7168495706288,0.0,0.0,159.3981927833374,0.0,5677.30249938547,746.2591707281923,0.0,103.84981415869076,0.0,0.0,7257.633972087776,2067.1145667799656,0.0,649.6329082363501,0.0,0.0,1487.476076650533,3013.964380938656,0.0,0.0
187,-6.465938895416899e-16,-5.3290705182007685e-17,-1.1013412404281585e-16,-4.0323300254385554e-16,0.2544207895415285,0.0157847122749169,1.2826628856079711,0.0546849650780793,902.9932954700884,0.0,2764.8395143394214,16.77410002476776,0.0,0.0,0.0,0.0,2536.762140581044,0.0,0.0,0.0,0.0,0.0,0.0,29.416344528728747,0.0,0.0,203.0,0.0,5771.0,756.0,0.0,134.0,0.0,0.0,7362.0,2075.0,0.0,677.0,0.0,0.0,1500.0,3052.0,0.0,0.0
188,-6.465938895416899e-16,-5.3290705182007697e-17,-1.1013412404281584e-16,-4.032330025438555e-16,0.2232837702059801,0.0483018486578073,1.001390066541923,0.105054010622199,1085.6824366337669,0.0,3313.49372406116,0.1464928635592374,0.0,0.0,0.0,0.0,3029.803057521278,0.0,0.0,0.0,0.0,0.0,0.0,0.2569010879329274,0.0,0.0,336.0504855156257,116.19572151556564,5936.993887879379,804.5212903032033,0.0,185.3304176365465,0.0,0.0,7482.537100121642,2102.325147697067,0.0,712.497154484975,27.06977248494496,0.0,1476.760855696887,3086.475653636486,0.0,0.0
189,-6.465938895416899e-16,0.0001209842264451,-1.1013412404281584e-16,-4.032330025438555e-16,0.1818327522139533,0.0823507867758139,0.7423870708106276,0.1866599964909033,559.664607470767,0.0,1858.250520521128,0.0,0.0,0.0,0.0,0.0,1690.1524265112498,0.0,0.0,0.0,0.0,0.0,0.0,0.0,0.0,0.0,764.7551939191186,492.4230082527756,6498.152914274559,1001.8781904048292,0.0,356.2747238697286,23.06897769006712,0.0,7936.528789733632,2294.781668706995,0.0,848.5528907404281,149.0620916881253,0.0,1472.5678496348514,3269.535675735573,0.0,0.0
190,-6.465938895416899e-16,0.0035528360039084,-1.1013412404281584e-16,-4.0323300254385554e-16,0.1452881519999997,0.1200997402196599,0.487272431833492,0.3472503193355547,293.4764212777898,0.0,1622.9685857299726,0.0,0.0,0.0,0.0,0.0,1440.6145133969378,0.0,0.0,0.0,0.0,0.0,0.0,0.0,0.0,0.0,882.8302511652219,600.8441300007698,6721.678651576929,1163.767262603889,0.0,417.9113889730404,89.90391575389918,0.0,8233.57295890622,2621.530254796841,0.0,942.8644144527244,273.8206427406118,0.0,1656.7352345218555,3508.656231919506,0.0,0.0
191,-6.465938895416898e-16,0.0132260602126245,-1.1013412404281584e-16,-4.0323300254385554e-16,0.1123535570232555,0.1931427433872905,0.2670002964221339,0.5652769158360142,47.58047439536506,0.0,1385.5060389494631,0.0,0.0,0.0,0.0,0.0,1197.9037200867904,0.0,0.0,0.0,0.0,0.0,0.0,0.0,0.0,0.0,832.8410946202289,566.8530203234716,6340.1170463722965,1097.8734007559456,0.0,394.24750247889153,84.88385062704863,0.0,7766.218815113463,2473.041910331621,0.0,889.4204990740482,258.4303926863497,0.0,1562.8599027484308,3309.647101810734,0.0,0.0
192,-6.465938895416899e-16,0.0235823693023255,-1.1013412404281584e-16,-4.0323300254385554e-16,0.0790828947508304,0.3255259088065424,0.1187976664262672,0.8734713423603437,0.0,0.0,1185.0409174077936,0.0,0.0,0.0,0.0,0.0,1037.5674515923158,0.0,0.0,0.0,0.0,0.0,0.0,0.0,0.0,0.0,623.0027382469069,445.2807110673024,4345.595361755286,784.256490212537,0.0,298.2260467251768,79.79334277959363,0.0,5277.343033321749,1690.3707444475328,0.0,593.7981055631283,178.3596649552464,0.0,1027.1229501387706,2178.782685130955,0.0,0.0
193,-6.465938895416899e-16,0.0343571151229235,-1.1013412404281584e-16,-4.0323300254385554e-16,0.0476947778448306,0.4500798215821776,0.0167195417705644,1.3428135048426877,0.0,0.0,1049.1898881695986,0.0,0.0,0.0,0.0,0.0,886.3809958695447,0.0,0.0,0.0,0.0,0.0,0.0,0.0,0.0,0.0,1127.8701205886384,916.7780965271955,5800.580101166721,1227.3436237659375,0.0,557.1029414054389,229.32427029853432,0.0,6784.909654795155,2229.93813494761,0.0,702.8756566040892,245.136200104784,0.0,1120.79327582289,2399.1235433271613,0.0,0.0
194,-6.465938895416899e-16,0.0452364701262458,-1.1013412404281584e-16,-4.0323300254385554e-16,0.0453057537002441,0.5564582513222595,0.0004133236093481,2.010799746249364,0.0,0.0,793.5749911480655,0.0,0.0,0.0,0.0,0.0,682.9615209846946,0.0,0.0,0.0,0.0,0.0,0.0,0.0,0.0,0.0,1634.972312276076,1268.9797897822757,7728.235911299633,1756.592886650168,0.0,820.4165602641892,435.7696544546403,0.0,8973.236998923467,3140.681553877025,0.0,1040.0618009007446,442.8507450832233,0.0,1584.6172160727551,3150.1119015059403,0.0,0.0
195,-6.465938895416899e-16,0.0552915691676231,-1.1013412404281584e-16,-4.0323300254385554e-16,0.0530333362198728,0.6547811297931138,-4.289901767151597e-15,2.7481784791857504,0.0,0.0,666.4282112226659,0.0,0.0,0.0,0.0,0.0,571.9566136993727,0.0,0.0,0.0,0.0,0.0,0.0,0.0,0.0,0.0,1575.1197062310762,1043.8509168765324,7800.900611251021,1790.1694006055652,0.0,823.8526320637284,494.4088130677175,0.0,9186.182373864563,3397.697919904359,0.0,1275.2687893545435,582.7752759840437,0.0,1950.0790712668809,3574.430845737012,0.0,0.0
196,-6.4659388954169e-16,0.062168045457726,-1.1013412404281584e-16,-4.0323300254385554e-16,0.0555367679999997,0.7459614420215601,-4.289901767151597e-15,3.42243433259964,0.0,0.0,617.0913656960861,0.0,0.0,0.0,0.0,0.0,521.7939602419033,0.0,0.0,0.0,0.0,0.0,0.0,0.0,0.0,0.0,1585.0593832348477,1097.8945499934898,7776.889106758997,1795.6436566672296,0.0,825.1344683882485,505.69673460862026,0.0,9144.489035865954,3368.90881380529,0.0,1299.1716691911993,611.5299637176338,0.0,1963.9672776321656,3626.689723438892,0.6296215175978299,0.0
197,-6.465938895416899e-16,0.062974728,-1.1013412404281584e-16,-4.0323300254385554e-16,0.0555367679999997,0.7975651354616677,-4.289901767151597e-15,4.100246311026396,0.0,0.0,533.8960340359125,0.0,0.0,0.0,0.0,0.0,432.6886025893771,0.0,0.0,0.0,0.0,0.0,0.0,0.0,0.0,0.0,1548.8392042647893,1208.7597474416175,7712.006144931809,1813.567325084497,0.0,779.9096267328374,494.6211905896498,0.0,9057.240029363924,3309.879323059088,0.0,1322.0597988133236,645.6930179111177,0.0,1939.833476773052,3668.098443847232,3.751841383622769,0.0
198,-6.465938895416899e-16,0.062974728,-1.1013412404281584e-16,-4.0323300254385554e-16,0.0555367679999997,0.766318274671095,-4.289901767151597e-15,4.770612431528636,0.0,0.0,458.3230176556947,0.0,0.0,0.0,0.0,0.0,348.75730938340104,0.0,0.0,0.0,0.0,0.0,0.0,0.0,0.0,0.0,1149.8705506429524,927.874934410938,5834.536281798452,1395.4395795726468,0.0,572.7218565848165,355.9710465142946,0.0,6841.728153309943,2508.090026199973,0.0,1001.3218367556404,473.9169360947271,0.0,1436.0716924926503,2730.035256556479,0.0,0.0
199,-6.465938895416899e-16,0.0628976302086379,-1.1013412404281584e-16,-4.032330025438555e-16,0.0553848970657804,0.7337296496265766,-4.289901767151597e-15,5.280148314963461,0.0,0.0,408.69294456706297,0.0,0.0,0.0,0.0,0.0,316.5765435713132,0.0,0.0,0.0,0.0,0.0,0.0,0.0,0.0,0.0,1064.599140413252,1002.1762921880076,4817.501170415847,1138.3250770140637,0.0,530.6331649774484,257.8973717261856,0.0,5515.447809967088,1875.8005603822776,0.0,703.3396553939408,281.603051378631,0.0,955.5022825522764,1933.6635379792483,0.0,0.0
200,-6.465938895416899e-16,0.0597234386024363,-1.1013412404281584e-16,-4.0323300254385554e-16,0.0489908689833884,0.6967614051029907,-4.289901767151597e-15,5.705765159021048,0.0,0.0,388.4570019843505,0.0,0.0,0.0,0.0,0.0,320.0326317593131,0.0,0.0,0.0,0.0,0.0,0.0,0.0,0.0,0.0,1654.5737295914514,1709.7300803782678,6865.893682999368,1605.7998469639992,0.0,825.119071489949,324.6118652430073,0.0,7701.278556280203,2440.9088789081925,0.0,855.2978700198735,270.6709545757006,0.0,1087.3109523943815,2373.765829143291,0.0,0.0
201,-6.4659388954169e-16,0.0497486677873754,-1.1013412404281584e-16,-4.0323300254385554e-16,0.0394887309368768,0.6216008756167888,-4.289901767151597e-15,6.089715617901967,0.0,0.0,364.28600771017113,0.0,0.0,0.0,0.0,0.0,309.3513247155979,0.0,0.0,0.0,0.0,0.0,0.0,0.0,0.0,0.0,2084.0930961879644,2226.291435515053,8280.505765379901,1923.5718100232225,0.0,1038.2643839704108,379.5291787350615,0.0,9201.53415200582,2820.091306572563,0.0,966.3237684261333,270.9647477893589,0.0,1173.6762315738667,2680.857098843475,0.0,0.0
202,-6.4659388954169e-16,0.0474762463605668,-1.1013412404281584e-16,-4.0323300254385554e-16,0.0304478617275743,0.4967762330899722,0.0031639444873507,6.365081615615167,0.0,0.0,346.2936672310248,0.0,0.0,0.0,0.0,0.0,302.900412397465,0.0,0.0,0.0,0.0,0.0,0.0,0.0,0.0,0.0,2144.213843642673,2302.780824430058,8247.461296158444,1900.181767400332,0.0,1064.2874520292737,406.3860381819825,0.0,9137.090854460388,2776.2953168208846,0.0,983.0873637018258,296.0443150669984,0.0,1156.9126362981742,2683.5559499153464,0.0,0.0
203,-6.465938895416899e-16,0.094808867322259,-1.1013412404281584e-16,-4.0323300254385554e-16,0.0210379774485044,0.432753797591174,0.0226538792706031,6.502043120384885,0.0,0.0,166.51529451968216,0.0,0.0,0.0,0.0,0.0,276.2490089219197,0.0,0.0,0.0,0.0,0.0,0.0,0.0,0.0,0.0,2414.3374973721448,2657.012818843242,8086.105216567421,1793.9235443908954,0.0,1190.978773102892,538.26104176304,0.0,8824.274543650494,2557.4709276320305,0.0,1053.37616114976,425.1335772828693,0.0,1086.0386658241478,2686.8451958200226,0.0,0.0
204,-6.465938895416899e-16,0.1513974930099666,-1.1013412404281584e-16,-4.032330025438555e-16,0.0115358394019928,0.4217603376079736,0.0791429091213246,6.375138248561866,0.0,0.0,148.54160370559413,0.0,0.0,0.0,0.0,0.0,278.9380679767252,0.0,0.0,0.0,0.0,0.0,0.0,0.0,0.0,0.0,2557.7810693367514,2891.354916910473,8092.646286923459,1818.874601095301,0.0,1244.4832474973575,609.1941740049393,0.0,8712.02205196134,2485.730885912448,0.0,1052.7411616231934,505.2752580423036,0.0,1048.8596373598866,2637.7938465395778,0.0,0.0
205,-6.465938895416899e-16,0.2070207489169435,-1.1013412404281584e-16,-4.0323300254385554e-16,0.0025507875982016,0.4160380844909133,0.1723569287793586,6.038297065226508,0.0,0.0,1465.410497630096,0.0,0.0,0.0,0.0,0.0,1638.5757369263424,0.0,0.0,0.0,0.0,0.0,0.0,49.012569174563474,0.0,0.0,2103.708411238561,2395.5372767245035,8337.836911773624,1994.717924495294,0.0,803.7560588005534,357.62205213984254,0.0,8908.620874719138,2677.772130932977,0.0,811.7788675103825,311.7525034612725,0.0,1033.9789805891835,2461.573229974289,0.0,0.0
206,-6.465938895416898e-16,0.2640576746371669,-1.1013412404281584e-16,-4.0323300254385554e-16,-4.103384299014562e-16,0.4136591284003683,0.2838255329200493,5.575489470749427,0.0,0.0,2671.244875480151,0.0,0.0,0.0,0.0,0.0,3061.2614235529927,0.0,0.0,0.0,0.0,0.0,0.0,453.0175705371975,0.0,0.0,1592.2657653437466,1662.6663988834568,7549.704517523675,1392.318828023636,0.0,411.45650053047655,161.05700043736377,0.0,8010.191224248118,1890.6098020340987,0.0,519.7814962734788,152.90260241844743,0.0,831.8824649558035,2187.532382764986,0.0,0.0
207,-6.465938895416899e-16,0.3269333490099664,-1.1013412404281584e-16,-4.032330025438555e-16,-4.103384299014562e-16,0.445718146796014,0.3986878351096301,4.990286485274964,37.14787747729478,0.0,3144.4460021283203,124.30820809878443,0.0,80.06834044322741,0.0,0.0,3604.841867482936,288.9486620902462,0.0,8.238649911526332,0.0,0.0,308.8002440186989,971.7492291271436,0.0,0.0,1144.658724530138,988.95573062138,6558.267055871403,658.6118351836383,0.0,131.59955018097725,37.06620048686901,0.0,6869.717896892061,928.7769534274878,0.0,188.81931675585187,35.19939922593974,0.0,506.7354810772017,1761.140746316967,0.0,0.0
208,-6.465938895416899e-16,0.3846953999812381,-1.1013412404281584e-16,-4.0323300254385554e-16,-4.103384299014562e-16,0.5335634083900728,0.5195673070142616,4.333903317347679,125.49136273520251,0.0,3630.4470876598384,431.635694307731,0.0,194.30814187219613,0.0,0.0,4146.465876518517,908.1321401636102,0.0,78.48533447378344,0.0,0.0,894.4383211593627,1513.1275173320712,0.0,0.0,842.3394128345948,550.3394128345947,5863.168325846727,190.49726286494467,0.0,0.0,0.0,0.0,6047.568401186629,328.3711006517336,0.0,0.0,0.0,0.0,217.63411325037103,1392.1683258467278,0.0,0.0
209,-6.465938895416898e-16,0.3937498225192611,-1.1013412404281584e-16,-4.0323300254385554e-16,-4.103384299014562e-16,0.5732996111989823,0.6343572519332675,3.753563122832837,178.26239126572716,0.0,3682.806176571157,655.3227214752793,0.0,159.0631135126968,0.0,0.0,4197.738518107874,1234.359490227126,0.0,140.63525459611154,0.0,0.0,1038.9280894601802,1700.044033546403,0.0,0.0,798.4401222914524,501.1663264437104,5759.929457472836,145.71391564091545,0.0,0.0,0.0,0.0,5909.42213851751,254.46037341234845,0.0,0.0,0.0,0.0,119.43581497424604,1279.6031658684071,0.0,0.0
210,-6.465938895416899e-16,0.4143513361172554,-1.1013412404281584e-16,-4.0323300254385554e-16,-4.103384299014562e-16,0.5968041089114722,0.7631308359421489,3.183338782229437,262.5800843979912,0.0,2366.531801906763,477.5242953719328,0.0,91.9077487684873,0.0,0.0,2696.1654842301723,873.988857399333,0.0,102.197732368408,0.0,0.0,697.8603471191053,1117.8196351699737,0.0,0.0,765.6317853742172,408.7803549393087,5738.255369919846,159.42799195261117,0.0,0.0,0.0,0.0,5905.712130043602,250.2134585522314,0.0,0.0,0.0,0.0,29.545298562456694,1150.8779974844017,0.0,0.0
211,-6.465938895416899e-16,0.4577566044916938,-1.1013412404281584e-16,-4.0323300254385554e-16,-4.103384299014562e-16,0.6357661234210497,0.9503026237685652,2.574438840602527,320.42269424940685,0.0,2019.2800493790764,430.03725115581625,0.0,74.45782624347683,0.0,0.0,2305.6373129505278,770.9057602308515,0.0,82.77528069822355,0.0,0.0,593.6171619219856,940.2221687109,0.0,0.0,776.086206456697,379.28390134389326,5759.765497574983,188.26917832876484,0.0,0.0,0.0,0.0,5935.459511708397,256.6719296107217,0.0,0.0,0.0,0.0,0.0,1079.5710001388964,0.0,0.0
212,-6.465938895416899e-16,0.490700353354729,-1.1013412404281584e-16,0.001497895950103,-4.103384299014562e-16,0.6814819681188496,1.1728858341573325,1.9582164353681508,419.49468152478585,0.487042192454855,3539.75138967492,843.4927824712214,0.0,115.05826349480624,0.1549173106435351,0.0,4061.675640852055,1450.7587927162244,0.0,127.82227162691412,0.4190568978558935,0.0,1033.3878143643008,1594.651125621324,0.030091851707737,0.0,799.4251179090667,395.66096045689255,5402.728589178396,146.03248016423535,0.0,0.0,0.0,0.0,5532.660438745936,157.50033344782022,0.0,0.0,0.0,0.0,0.0,908.5333925572594,0.0,0.0
213,-6.465938895416899e-16,0.4746715798604647,-1.1013412404281584e-16,0.005570644903654,-4.103384299014562e-16,0.6879590328492907,1.3853164369770428,1.3974812793388762,567.1607787924214,274.0852591313397,5443.508162644298,1662.4461333613451,0.0,319.0889003368399,87.18043711500279,0.0,6139.876319285304,2501.29256730023,0.0,281.5227274662986,235.8262183830291,0.0,1459.105474687195,2322.2378204282777,16.934329511547304,0.0,627.6828044671153,128.5796204247161,4136.707490106676,0.0,0.0,0.0,0.0,0.0,4126.661005813973,0.0,0.0,0.0,0.0,0.0,0.0,489.3890726456384,0.0,0.0
214,-6.465938895416899e-16,0.4522526788305646,0.0002293746507718,0.0096396950033218,-4.103384299014562e-16,0.6647106341661133,1.6127201358256753,0.9232701648098568,728.0452818790352,514.9876937857183,5833.601672647238,1969.1886444299664,0.0,467.4436092317972,178.31970076661565,0.0,6481.967834578394,2763.0,0.0,349.21723591583765,402.0683099005186,0.0,1434.638996411657,2353.0806161148003,30.693010569240137,0.0,555.2544858717852,0.0,3899.238476969454,0.0,0.0,0.0,0.0,0.0,3782.380531482564,0.0,0.0,0.0,0.0,0.0,0.0,289.2022586820693,0.0,0.0
215,-6.465938895416899e-16,0.4275487020244471,0.0056785488637872,0.0140942340598002,-4.103384299014562e-16,0.6337702032159473,1.9367291870454428,0.4884008784687595,1745.9182150499933,1156.7912332392962,6128.77900480454,2096.5912047773672,0.0,798.982699088972,434.56625892271086,0.0,6612.204729881308,2515.8157279182183,0.0,258.02477414058484,467.146293912521,0.0,956.8030304703124,1855.9303002846243,32.07938819030351,0.0,324.34712536957693,0.0,3089.9095366859133,0.0,0.0,0.0,0.0,0.0,3022.8099214059084,0.0,0.0,0.0,0.0,0.0,0.0,18.151112676636405,0.0,0.0
216,-6.465938895416899e-16,0.3812135712757483,0.0130411408305646,0.0184202767973418,-4.103384299014562e-16,0.585448174046511,2.34912501738538,0.2282534442782464,3976.3455788512674,2671.0736456626523,6493.1580449542125,2135.7957221039496,0.0,1397.772804216351,750.3682200906579,0.0,6485.643330612399,1625.3935209781012,0.0,26.02230707283332,278.64412494568097,0.0,112.5122382122767,750.8120388066963,3.2870282618315767,0.0,0.0,0.0,1858.0694269294709,0.0,0.0,0.0,0.0,0.0,2249.6627348076213,0.0,0.0,0.0,0.0,0.0,0.0,0.0,0.0,0.0
217,-6.465938895416899e-16,0.3184336469900342,0.0200392480465115,0.0225321590033219,-4.103384299014562e-16,0.522734265431061,2.868445944901991,0.1370073467541603,5848.054413697532,4223.192866105255,7054.616983984716,2296.2405181226723,0.0,1912.3004513255703,858.7655523219679,0.0,6303.811284962491,945.7632767590268,0.0,0.0391331084825362,0.4190332063564206,0.0,0.1691992032547554,1.129093161585601,0.0049431294925308,0.0,0.0,0.0,1717.7963002381557,0.0,0.0,0.0,0.0,0.0,2121.12951296013,0.0,0.0,0.0,0.0,0.0,0.0,0.0,0.0,0.0
218,-6.465938895416899e-16,0.2608137102126251,0.027474736963455,0.025628517594684,-4.103384299014562e-16,0.4499768723499428,3.6037770096478376,0.0911607097829532,5614.672726617293,4609.579931960069,7363.566435834333,2381.914305564462,0.0,1864.1800313153435,898.6310361472379,0.0,6484.400700705099,1067.1164709373622,0.0,0.0,0.0,0.0,0.0,0.0,0.0,0.0,0.0,0.0,1454.0416606370068,0.0,0.0,0.0,0.0,0.0,1867.385038578251,0.0,0.0,0.0,0.0,0.0,0.0,0.0,0.0,0.0
219,-6.465938895416899e-16,0.2515943241536911,0.0347644319800663,0.0257849279999996,-4.103384299014562e-16,0.4110170175175489,4.430785215499634,0.072618272879106,4988.084357016189,4349.3345225190005,7475.567534647357,2407.824813617592,0.0,1607.3233503977874,812.5093670724964,0.0,6729.640484440865,1221.7950782658422,0.0,0.0,0.0,0.0,0.0,0.0,0.0,0.0,0.0,0.0,1260.2545214764898,0.0,0.0,0.0,0.0,0.0,1670.9145789494992,0.0,0.0,0.0,0.0,0.0,0.0,0.0,0.0,0.0
220,-6.465938895416899e-16,0.2306232987308973,0.0415953457164119,0.0257849279999996,-4.103384299014562e-16,0.3879517699758132,5.283569053542851,0.0678406859115023,4478.617799155252,3914.238651141712,6842.023439600164,2216.263090678697,0.0,1439.4048755583974,724.0891299508398,0.0,6180.848558181664,1147.031987522886,0.0,0.0,0.0,0.0,0.0,0.0,0.0,0.0,0.0,0.0,1189.9626973642114,0.0,0.0,0.0,0.0,0.0,1576.3991031190783,0.0,0.0,0.0,0.0,0.0,0.0,0.0,0.0,0.0
221,-6.465938895416899e-16,0.1880284163920266,0.0438839639999999,0.0257849279999996,-4.103384299014562e-16,0.3496906458561205,6.310028895739068,0.0598505662041984,3997.1787064059386,3411.523531297461,6926.587727242997,2425.6197389437143,0.0,1301.9077437407836,563.5879820421028,0.0,6386.2273240839695,1430.770793467006,0.0,0.0,0.0,0.0,0.0,0.0,0.0,0.0,0.0,0.0,1082.6846146005096,0.0,0.0,0.0,0.0,0.0,1394.0742766595758,0.0,0.0,0.0,0.0,0.0,0.0,0.0,0.0,0.0
222,-6.465938895416899e-16,0.1449718533687706,0.043883964,0.0244375578503025,-4.103384299014562e-16,0.2971624186820402,7.408559619074451,0.0496751651796046,3887.128652293811,3236.9595774718305,7723.009478427887,2891.8238860142883,0.0,1283.1469819609408,450.2411890790472,0.0,7253.731275118866,1875.4497673030476,0.0,0.0,0.0,0.0,0.0,0.0,0.0,0.0,0.0,0.0,995.837401223874,0.0,0.0,0.0,0.0,0.0,1250.496525460624,0.0,0.0,0.0,0.0,0.0,0.0,0.0,0.0,0.0
223,-6.465938895416899e-16,0.1023333152292357,0.043883964,0.0201714509900328,-4.103384299014562e-16,0.2288189962524915,8.433068603129954,0.037798510126253,3146.353826460509,2932.335354473389,8364.570789194002,3316.287420098813,0.0,971.6485034504528,216.01330699233895,0.0,8008.957076336489,2399.637307384263,0.0,0.0,0.0,0.0,0.0,109.38533269391498,0.0,0.0,0.0,0.0,940.7671416728134,0.0,0.0,0.0,0.0,0.0,1186.2835004421977,0.0,0.0,0.0,0.0,0.0,0.0,0.0,0.0,0.0
224,-6.465938895416898e-16,0.0613668766245846,0.0436350681023538,0.0159739045714281,-4.103384299014562e-16,0.1621829468571426,9.25337059260818,0.0262148964518344,2392.6827187598847,2293.528973005298,8274.160613367034,3356.4092428630856,0.0,654.4871178659246,216.9310606746426,0.0,8096.424855884856,2742.281461356527,0.0,0.3104520782435854,0.1178568074813611,0.0,1.925952707622243,712.7805187978416,0.0,0.0,0.0,0.0,904.1171731869152,0.0,0.0,0.0,0.0,0.0,1118.8046626354126,0.0,0.0,0.0,0.0,0.0,0.0,0.0,0.0,0.0
225,-6.465938895416899e-16,0.0197255681416661,0.0382054151362125,0.0116906939401988,-4.103384299014562e-16,0.0963870657009966,9.95637935662934,0.0144025754927671,1698.0504276105614,1210.9500318727391,7961.852897508325,3302.6443469552137,0.0,386.47850705142895,422.84421437935856,0.0,8067.984334640914,3166.159911463796,0.0,113.39613208652584,94.97865042348369,0.0,448.8540619134403,1632.0364665402565,0.0,0.0,0.0,0.0,878.6714562530057,0.0,0.0,0.0,0.0,0.0,1050.202141735736,0.0,0.0,0.0,0.0,0.0,0.0,0.0,0.0,0.0
226,-6.465938895416899e-16,5.3540132889086925e-06,0.0308428231694351,0.0073646512026573,-4.103384299014562e-16,0.0481218714418604,10.422221060279895,0.008506497498346,1408.8727537747511,633.9499746450877,7817.30451780541,3300.66703206508,0.0,262.65843365868847,543.0085984063916,0.0,8065.522589027048,3379.802407808523,0.0,528.2760676758993,643.8319541332737,0.0,1204.2513686519649,2114.979679388684,0.0,0.0,0.0,0.0,847.832499046723,0.0,0.0,0.0,0.0,0.0,1031.626340132624,0.0,0.0,0.0,0.0,0.0,0.0,0.0,0.0,0.0
227,-6.465938895416898e-16,-1.2789769243681822e-16,0.0239176129036544,0.0032956011029896,-4.103384299014562e-16,0.0193058358529723,10.463472198103055,0.0100067121761575,1443.8716792916734,480.8238437146128,7738.678711320037,3244.894375362632,0.0,246.68664803282977,543.2924632836744,0.0,7978.311178159474,3278.32329557031,0.0,538.2190279595872,699.2928109343937,0.0,1174.5230002653382,2105.2008078916438,0.0,0.0,0.0,0.0,795.7094053389437,0.0,0.0,0.0,0.0,0.0,997.8231918695136,0.0,0.0,0.0,0.0,0.0,0.0,0.0,0.0,0.0
228,-6.465938895416899e-16,-1.2789769243681822e-16,0.0166279178870431,0.0001827513563589,-4.103384299014562e-16,0.0013975451117657,10.071171282056032,0.0151642130232629,1332.9827369955606,336.31149676420256,7356.059906768373,2795.938815706002,0.0,167.4372890360004,359.18944009868613,0.0,7481.674728417763,2681.127801465826,0.0,356.425787062108,465.8961256046106,0.0,793.1191754572686,1641.08575932857,0.0,0.0,0.0,0.0,728.4391104627767,0.0,0.0,0.0,0.0,0.0,940.2328151453085,0.0,0.0,0.0,0.0,0.0,0.0,0.0,0.0,0.0
229,-6.465938895416899e-16,-1.2789769243681822e-16,0.0090466350697673,-4.050093593832557e-16,-4.103384299014562e-16,-7.81597009336109e-17,9.354936048759816,0.0227240797873825,1211.6871430919423,196.4709382575762,6955.82043306289,2322.9010867083844,0.0,84.54675857594421,163.06713542472986,0.0,6960.860628209785,2054.510147381932,0.0,161.99400443502793,212.27279365540008,0.0,389.7119402534177,1147.8516481171748,0.0,0.0,0.0,0.0,1389.8954491052114,0.0,0.0,0.0,0.0,0.0,1753.7171757288572,0.0,0.0,0.0,0.0,0.0,0.0,614.9399853597176,0.0,0.0
230,-6.465938895416899e-16,-1.2789769243681822e-16,0.0019174150940002,-4.050093593832557e-16,-4.103384299014562e-16,-7.81597009336109e-17,8.432639619881172,0.0320150613640877,1081.1960437605403,85.94714290372882,6601.329653881986,1908.5968288723,0.0,16.756758318213564,6.008083723599279,0.0,6498.5454802660415,1514.9364326071238,0.0,5.968118985174515,7.826853848001105,0.0,61.268140736984826,721.5487149782365,0.0,0.0,12.907747641101524,0.0,2843.9590407452865,0.0,0.0,0.0,0.0,0.0,3515.4497286107394,0.0,0.0,21.73355799399145,0.0,0.0,16.989684929313118,1626.8894741827091,0.0,0.0
231,-6.465938895416899e-16,-1.2789769243681822e-16,-1.1013412404281584e-16,-4.050093593832557e-16,-4.103384299014562e-16,-7.81597009336109e-17,7.237782174283046,0.0428360435713029,825.2088451226475,60.90924098288912,6078.460765947803,1422.4355371586164,0.0,0.8829850637046718,0.0,0.0,5869.722560643109,986.6263590641654,0.0,0.0,0.0,0.0,3.035261156484808,392.9949657538345,0.0,0.0,405.6857558417363,30.960472843658145,4353.319309362374,167.47456871991267,0.0,133.57162930282496,31.35001968336381,0.0,5432.797767861155,694.4828620465535,0.0,472.1187539326532,78.5542999193532,0.0,881.7427453955866,2740.5768673133657,0.0,0.0
232,-6.465938895416898e-16,-1.2789769243681822e-16,-1.1013412404281584e-16,-4.050093593832557e-16,-4.103384299014562e-16,-7.81597009336109e-17,5.99423144174284,0.051714633426458,884.8633314290619,40.19817910244247,4973.027430301411,538.6387952414723,0.0,0.0,0.0,0.0,4664.032687744484,125.413664682526,0.0,0.0,0.0,0.0,0.0,106.07163949949506,0.0,0.0,724.2216853219159,226.0444072142472,4619.824856023183,232.9296887033664,0.0,270.4811125665131,199.5918325844051,0.0,5805.34561811533,979.6289315407172,0.0,732.9034018196754,329.7910686700424,0.0,1262.3584894989615,3137.0346131302235,0.0,0.0
233,-6.465938895416899e-16,-1.2789769243681822e-16,-1.1013412404281584e-16,-4.050093593832557e-16,-4.103384299014562e-16,-7.81597009336109e-17,4.977697341977648,0.0567267068136587,1123.2895212168348,24.499380773791827,4770.83922687678,398.679139855601,0.0,0.0,0.0,0.0,4404.419725755402,0.0,0.0,0.0,0.0,0.0,0.0,142.99514351001298,0.0,0.0,816.2262981330406,311.88806088857785,4720.288887828994,243.90281003897712,0.0,287.7144012375569,231.12061831612291,0.0,5888.9450204580935,990.7897957466262,0.0,758.1435378359525,378.13853546323406,0.0,1263.55252333588,3151.207857063212,0.0,0.0
234,-6.465938895416899e-16,-1.2789769243681822e-16,-1.1013412404281584e-16,-4.050093593832557e-16,0.002153677585963,0.0010953847861294,3.876039194750203,0.0634863708949408,986.5919607895488,13.452285726468627,3852.99229678394,344.44216415813884,0.0,0.0,0.0,0.0,3547.3600522612423,0.0,0.0,0.0,0.0,0.0,0.0,143.30661130959373,0.0,0.0,917.8354401923598,491.2764386195153,5044.057719884036,292.3076721026075,0.0,250.77947692674127,124.56035059836972,0.0,6077.299187090476,896.9108952670683,0.0,577.2743062900219,166.50631647874687,0.0,925.7602686562616,2661.217935431512,0.0,0.0
235,-6.465938895416899e-16,0.0013943591241771,-1.1013412404281584e-16,-4.0500935938325564e-16,0.031722116890365,0.0154739220996676,2.5727461487088283,0.0828583055846621,610.1582580457472,8.327705308355517,2382.808122278305,213.012168679204,0.0,1.3890056173727074,0.0,0.0,2193.783241201409,0.0,0.0,0.0,0.0,0.0,0.0,88.614495412401,0.0,0.0,974.4001835423204,637.5351418389694,5301.415789389002,346.5958330543068,0.0,197.7788934150158,24.195526402368863,0.0,6216.900997161984,794.6335101878657,0.0,381.9924842056823,25.71658394263739,0.0,610.6556388309608,2184.072275891069,0.0,0.0
236,0.0020508088535643,0.0141844285913619,-1.1013412404281584e-16,-4.050093593832557e-16,0.0677443301461789,0.0328147474485049,1.533223985977762,0.1113266319299841,236.4113094183814,7.023975657792619,893.8262589358881,76.58020671841805,0.0,49.5026462103669,0.0,0.0,822.9574655446414,0.0,0.0,0.0,0.0,0.0,0.0,34.82415948572554,0.0,0.0,1006.730922907004,767.6958723034757,5544.78193777853,408.20565673892185,0.0,162.52157576633653,2.444758717151391,0.0,6361.700787707714,719.547854020119,0.0,245.58073578943413,19.04564856554684,0.0,412.59358027113376,1832.107605039619,0.0,0.0
237,0.006666982086378,0.0295125567906975,-1.1013412404281584e-16,-4.050093593832557e-16,0.1034234747043184,0.0499904220797342,0.8108003674929696,0.1761472906537256,796.3160797156777,177.97585816811807,1762.050731994293,0.7351831817855878,0.0,86.87101665157287,0.0,0.0,1625.0061428851443,0.0,0.0,0.0,0.0,0.0,0.0,132.14069600238395,0.0,0.0,821.7636055182567,659.2799268269598,4620.52143438827,425.72508827027343,0.0,128.86842779166216,1.55829707857223,0.0,5251.673087271512,659.2799268269598,0.0,128.86842779166216,12.02818657319752,0.0,241.3857872142565,1277.1752648108204,0.0,0.0
238,0.0109370136079727,0.0449395283122921,-1.1013412404281584e-16,-4.050093593832557e-16,0.1368808160694648,0.0658448909700997,0.3897296348607611,0.314260137470258,728.6908678583255,0.0,2475.608453435836,0.0,0.0,0.0,0.0,0.0,2320.0988973069866,0.0,0.0,0.0,0.0,0.0,0.0,16.98220242890165,0.0,0.0,644.8337348601594,536.8792197330548,3418.7143760974795,414.5140211330921,0.0,145.3417182952874,70.74738623826703,0.0,3904.2761318612847,645.5373453181118,0.0,178.52760677686962,74.71917306182976,0.0,271.5672215735962,1027.639918817381,0.0,0.0
239,0.015251524624584,0.0612787413289034,-1.1013412404281584e-16,-4.0500935938325564e-16,0.1768414115481723,0.081864510578073,0.1453669002883427,0.49397220719414,26.807552059929044,0.0,1872.254101865756,0.0,0.0,0.0,0.0,0.0,1711.9749717822583,0.0,0.0,0.0,0.0,0.0,0.0,0.6247522725830923,0.0,0.0,1118.2139597864882,999.4568902219962,5206.569548873279,999.8035791036398,0.0,406.2322871305718,365.501228802388,0.0,6014.820688151342,1567.2734750539823,0.0,579.6842140545148,357.4997850420564,0.0,757.8064189601586,1871.1937590600317,0.0,0.0
240,0.0198773921063116,0.078797072810631,-1.1013412404281584e-16,-4.050093593832557e-16,0.2173861024936482,0.0970866406198943,0.0128005817025558,0.7437871008708301,0.0,0.0,1052.3620231051837,0.0,0.0,0.0,0.0,0.0,1012.5109967354724,0.0,0.0,0.0,0.0,0.0,0.0,0.0,0.0,0.0,1502.7539991090966,1375.1540199291212,6658.831884621759,1475.2479035677793,0.0,618.1916593509095,604.9543398201226,0.0,7729.213622287837,2315.959026756657,0.0,905.6404115515628,587.2249508273186,0.0,1152.787307935526,2556.394469650729,0.0,0.0
241,0.0244143005980059,0.0942615143498141,-1.1013412404281584e-16,-4.050093593832557e-16,0.2310404999202655,0.0994207319999998,-4.321876190260817e-15,1.0448078169544728,0.0,0.0,439.537054555982,0.0,0.0,0.0,0.0,0.0,423.2520704186207,0.0,0.0,0.0,0.0,0.0,0.0,0.0,0.0,0.0,1834.1541211799888,1673.0937969724162,7985.091521981361,1905.542213198861,0.0,808.6632470177527,817.9646372085932,0.0,9325.905276380072,3031.383475278212,0.0,1214.3788762699355,806.2650192750294,0.0,1544.451699035929,3230.6259298089294,0.0,0.0
242,0.0267737117308256,0.0984487726644515,-1.1013412404281584e-16,-4.050093593832557e-16,0.2392741486644518,0.0994207319999998,-4.321876190260817e-15,1.3885928067287832,0.0,0.0,71.59094317480802,0.0,0.0,0.0,0.0,0.0,63.23147815149789,0.0,0.0,0.0,0.0,0.0,0.0,0.0,0.0,0.0,1780.3064632247963,1513.6443127723564,7949.705498107559,1892.019238492364,0.0,804.6745501789542,792.8753284276582,0.0,9388.115928366247,3147.3090314146607,0.0,1243.0286439570637,799.0380478869608,0.0,1658.4020477264737,3321.831029344434,0.0,0.0
243,0.0267766559999993,0.1005516643455146,-1.1013412404281584e-16,-4.050093593832557e-16,0.2475918142325581,0.0994207319999998,-4.321876190260817e-15,1.7989123809675511,0.0,0.0,265.2365657094834,0.0,0.0,0.0,0.0,0.0,225.43173947166585,0.0,0.0,0.0,0.0,0.0,0.0,0.0,0.0,0.0,1669.587538264058,1420.1882061175004,7539.03930425526,1790.2550488476843,0.0,728.1083507843593,700.9858282220076,0.0,8873.959586352838,2975.803823052739,0.0,1127.336836456144,670.2199373082038,0.0,1530.2770079487807,3031.9281438755525,0.0,0.0
244,0.0267766559999993,0.1014041879999997,-1.1013412404281584e-16,-4.050093593832557e-16,0.251239033980598,0.0972639707083055,-4.321876190260817e-15,2.1891015253004724,0.0,0.0,475.2417984180904,0.0,0.0,0.0,0.0,0.0,401.47177718132497,0.0,0.0,0.0,0.0,0.0,0.0,0.0,0.0,0.0,1002.7997749415684,854.2304837888728,4575.280863703034,1081.416843917575,0.0,432.55224131357375,410.1975946768237,0.0,5375.60303972617,1805.476065538225,0.0,666.6559826282738,382.0663835071954,0.0,917.944455007046,1812.9276144171413,0.0,0.0
245,0.0267766559999993,0.1029792885717172,-1.1013412404281584e-16,-4.0500935938325564e-16,0.2243541610166111,0.0834513577475082,-4.321876190260817e-15,2.5251236195005142,0.0,0.0,618.0683344326345,0.0,0.0,0.0,0.0,0.0,506.7664663594396,0.0,0.0,0.0,0.0,0.0,0.0,0.0,0.0,0.0,291.355811877926,248.1732007193808,1329.3084682720964,314.1980458313429,0.0,125.68997616802382,119.17172389622692,0.0,1561.828254008289,524.553777705993,0.0,193.67477341178423,112.92135402049416,0.0,266.71370696980824,526.7246469690269,0.0,0.0
246,0.024889889044722,0.0992164558006643,-1.1013412404281584e-16,-4.050093593832557e-16,0.1907334286445179,0.0672665874219269,-4.321876190260817e-15,2.828470239000008,0.0,0.0,551.4443450877769,0.0,0.0,0.0,0.0,0.0,444.96289672518463,0.0,0.0,0.0,0.0,0.0,0.0,0.0,0.0,0.0,47.09815803651808,40.09124672875022,214.79818023638532,50.78147408910125,0.0,20.308238289207456,19.26472455057894,0.0,252.413975997614,84.77946285001289,0.0,31.28978326725692,21.707420991967453,0.0,43.12352436623648,85.10353499384442,0.0,0.0
247,0.0203320713887037,0.0931185819081493,-1.1013412404281584e-16,-4.050093593832557e-16,0.1553973527840527,0.0502560635083056,-4.321876190260817e-15,3.2064642595802297,0.0,0.0,520.0,0.0,0.0,0.0,0.0,0.0,424.0,0.0,0.0,0.0,0.0,0.0,0.0,0.0,0.0,0.0,37.00330761390388,31.496225635774557,168.67943377469405,39.89099024253113,0.0,15.932254457449863,15.14326298051176,0.0,198.26110989834203,66.58498373755188,0.0,24.5794439828942,17.057812492638316,0.0,33.863200066588874,66.83740865623965,0.0,0.0
248,0.0157062039069761,0.0955312317277,-1.1013412404281584e-16,-4.0500935938325564e-16,0.118915525850435,0.0331834283781106,-4.321876190260818e-15,3.5704062400190635,0.0,0.0,479.00587548676447,0.0,0.0,0.0,0.0,0.0,377.6718700479995,0.0,0.0,0.0,0.0,0.0,0.0,0.0,0.0,0.0,792.5051839537051,855.3097328271555,3408.490515340649,931.2439393818352,0.0,285.44598784833187,143.03290932733452,0.0,3776.5083356637338,1151.226682614361,0.0,231.4138756713012,51.64058342252233,0.0,313.5152389271125,780.9310936986261,0.0,0.0
249,0.0142285970997349,0.1057226830076611,0.0002591107090649,0.0005978003786015,0.0768473882790692,0.0208806518272425,1.1128278794240738e-05,3.822714553802976,0.0,0.0,334.99380295486986,0.0,0.0,0.0,0.0,0.0,282.6544327809976,0.0,0.0,0.0,0.0,0.0,0.0,0.0,0.0,0.0,2121.637035539952,2297.9220690555817,9085.755958011592,2480.678264827364,0.0,759.6544327809976,374.3391324136818,0.0,10053.29170608114,3052.458054885321,0.0,609.1015252305939,126.786224863278,0.0,822.9935651946794,2061.298140886461,0.0,0.0
250,0.0670818193306658,0.127524124260085,0.0099971615420705,0.0098489133687703,0.0390232595774625,0.0147478607433723,0.0044456297093997,4.001249430508923,0.0,0.0,276.0512963851358,0.0,0.0,0.0,0.0,0.0,278.822487191788,0.0,0.0,0.0,0.0,0.0,0.0,0.0,0.0,0.0,2142.737471199376,2330.8445694756238,9082.30552336606,2465.9396478812887,0.0,758.6822487191788,366.9698239406445,0.0,10029.244580656028,3020.5378761073284,0.0,606.6232746468816,117.9461555662163,0.0,814.6520726598233,2045.557202298337,0.0,0.0
251,0.1399493770564777,0.1551350257446603,0.029597809156146,0.0211672974617936,0.0268211354950161,0.0273787765714284,0.0264938738841912,4.1402092900920815,0.0,0.0,221.8407056603673,0.0,0.0,0.0,0.0,0.0,270.8944944866437,0.0,0.0,0.0,0.0,0.0,0.0,0.0,0.0,0.0,2098.69533455851,2347.6864400065333,9379.766791881097,2640.664386016544,0.0,707.2118510985784,315.31298439924547,0.0,10176.39297533289,3192.569519725603,0.0,599.599681859029,69.29802662746712,0.0,863.8815816384998,2064.422129380078,0.0,0.0
252,0.2209738711285185,0.1903714149767437,0.0514520677076411,0.0334807043322255,0.0185034699269098,0.0463789341926908,0.1027927921699554,4.219393697430327,0.0,0.0,256.92890747563706,0.0,0.0,0.0,0.0,0.0,340.6794296854304,0.0,0.0,0.0,0.0,0.0,0.0,0.0,0.0,0.0,2039.199702515168,2332.955667897537,9471.760770018456,2796.661399939595,0.0,666.6574301664815,293.96782240414007,0.0,10321.846350286132,3346.566607046973,0.0,618.4383093286106,78.16562628679912,0.0,907.7335117096188,2138.606439809047,0.0,0.0
253,0.3105187679601326,0.2306655340790556,0.0748515768637872,0.04666475613289,0.0105349835237638,0.0667225373023254,0.258931631188822,4.080483414338066,0.0,0.0,299.4919598992042,0.0,0.0,0.0,0.0,0.0,385.8567647432063,0.0,0.0,0.0,0.0,0.0,0.0,0.0,0.0,0.0,2035.84282373416,2326.361895179565,9456.332243795436,2785.0690089012164,0.0,663.7658726273997,292.05560631605664,0.0,10302.754777832164,3331.983386813147,0.0,615.4206540853139,76.13255742281684,0.0,904.48329435652,2134.513795979043,0.0,0.0
254,0.3967620377142857,0.2614674273781728,0.0973680856744183,0.0593512965448502,0.0194498014891238,0.0862351882246599,0.4388610560531514,3.824681929842926,155.31838046264406,0.0,2271.774383261487,0.0,0.0,84.8471814091434,0.0,0.0,2612.9705265672687,0.0,0.0,0.0,0.0,0.0,128.68774101691943,753.1254558217665,0.0,0.0,1877.104244684714,1982.9392800332064,8625.692095737944,2124.4814634634045,0.0,522.960700231254,195.7537532355544,0.0,9246.633855675696,2513.9780515963157,0.0,448.3577968342629,6.364251306308399,0.0,719.1953049341325,1891.3913407448028,0.0,0.0
255,0.4817570229040455,0.2809694598655456,0.120077145153019,0.0717122354246625,0.0404129159999995,0.1017534344053157,0.6255085165620431,3.546782124984968,418.597945287841,0.0,2861.598664549088,0.0,0.0,224.5068078955809,4.663819572498434,0.0,3359.149141927885,0.0,0.0,9.5731033330231,6.688899123714858,0.0,427.6325951104332,1497.5437783997756,0.0,0.0,1609.1977463108733,1403.4286652545816,7223.989903038257,1009.725693459468,0.0,285.31672450368563,33.205601229943575,0.0,7464.34730108711,1133.557714793434,0.0,166.44836155338038,0.0,0.0,406.4278477774277,1481.1399554391814,0.0,0.0
256,0.508977609459668,0.2822560190838533,0.1324136939585378,0.0748754639999996,0.0624174987707637,0.1128409699192028,0.8214565887651781,3.251739378737556,607.8551542830552,2.665468678414504,3017.676833190427,4.590529390602756,0.0,323.4426913776474,65.10240056833244,0.0,3558.104585118469,20.385899336762776,0.0,107.94298372782214,87.18944062688448,0.0,670.2529354330131,1849.6224151960455,7.601521786589509,0.0,1559.4696017378844,1300.211806686489,6973.453007893046,789.0307592021475,0.0,234.80794882280773,6.6544762824277495,0.0,7145.2019458771365,866.0325561845258,0.0,115.02737573910824,0.0,0.0,338.427650934897,1403.780351285118,0.0,0.0
257,0.5090043960000001,0.2737175413894109,0.1328915519999996,0.0748754639999996,0.0835506129169432,0.1155363120000002,1.06892733359779,2.833462409494037,873.1709931836479,53.913087130372325,3271.3861300269887,123.232548364589,0.0,459.02474904868535,426.6170783892888,0.0,3884.472519875312,372.5551581677022,0.0,484.6397645278487,527.9835354789761,0.0,1079.148625033723,2435.388821528553,137.467221245024,0.0,1447.103557928491,1131.760169253395,6551.1096047482615,191.06851266244087,0.0,56.86014774412399,1.6114211911290195,0.0,6598.083423263989,209.71495787407676,0.0,27.854566303801622,0.0,0.0,81.95227772027586,1210.7588615597333,0.0,0.0
258,0.5090043960000001,0.2591560307125269,0.1328915519999996,0.0748754639999996,0.1049015942192688,0.1154705618096543,1.394580336848931,2.3416316397139028,879.8581101584322,106.04796512785626,3351.316098066692,248.12919893874133,0.0,464.8517245142908,531.5127284980593,0.0,4024.447472850604,593.7336827187555,0.0,595.2242866274843,684.7459735321177,0.0,1257.7536382016767,2690.800152989552,201.4131790186359,0.0,1308.8014782727632,924.4223258409672,6031.373466652264,0.0,0.0,0.0,0.0,0.0,5924.745969601522,0.0,0.0,0.0,0.0,0.0,0.0,973.1996308277976,0.0,0.0
259,0.5063800398984719,0.2499597048605978,0.1326780010022587,0.074362220049169,0.1294207346344184,0.1111019534551496,1.733658562926774,1.8939494509092432,600.6904613205099,90.59447953348726,2383.224075031764,197.91129445335017,0.0,321.9514403027815,372.8081640606272,0.0,2884.23577050676,456.4523210320986,0.0,413.2389062038528,491.2724448295165,0.0,912.1831578297912,1944.9033001327805,144.95962452281736,0.0,1142.4487614714562,678.1937927143977,5416.438912956848,0.0,0.0,0.0,0.0,0.0,5130.90285000333,0.0,0.0,0.0,0.0,0.0,0.0,693.0892119882989,0.0,0.0
260,0.4520984902580054,0.2314322804998938,0.1236811770082699,0.0655240620199333,0.1709676471229234,0.1033586219181451,2.1215536858647037,1.473662154302405,328.56984509388377,52.00997869389042,1305.3920748048995,111.44998731051056,0.0,176.0430803789825,203.52176960573485,0.0,1579.6980300329765,253.70022150784504,0.0,225.94954233022003,268.6663098172134,0.0,499.7705950890691,1063.4258830971405,79.68142733610807,0.0,678.1617510338381,194.1132700311475,4353.893170895064,0.0,0.0,0.0,0.0,0.0,3949.622202992218,0.0,0.0,0.0,0.0,0.0,0.0,276.823317271711,0.0,0.0
261,0.3675900785382061,0.2046707489302327,0.1021899924119598,0.0530862773023254,0.2188654737009966,0.0871979315083055,2.568506749292293,1.017108991397989,302.6230448197198,83.23566848147226,1227.6085953135414,149.10610222749452,0.0,161.29801219781416,181.559262995578,0.0,1482.9990459023588,291.7855504938215,0.0,207.00959568482804,246.08000629402744,0.0,471.39548950475074,972.6744176837084,79.25076856264252,0.0,440.2786903405356,0.0,3786.7044854953056,0.0,0.0,0.0,0.0,0.0,3412.8961678236383,0.0,0.0,0.0,0.0,0.0,0.0,110.75051592071205,0.0,0.0
262,0.2805012865315615,0.1829169810897014,0.07945273351495,0.0402753590431892,0.2682002350764119,0.0674300907508304,3.024177455383649,0.5717503017089763,351.7704426384574,205.3569738153608,1504.562527715926,316.1908212732779,0.0,184.94133143012172,192.9327499175085,0.0,1809.7858764362688,517.8120850774687,0.0,237.2295898008716,281.81296799818153,0.0,581.97342792686,1109.629555327974,110.15046997431152,0.0,305.56570699503584,0.0,3270.619459882239,0.0,0.0,0.0,0.0,0.0,3094.8265632935986,0.0,0.0,0.0,0.0,0.0,0.0,76.86395103792654,0.0,0.0
263,0.1993311502923586,0.1628331461097794,0.0582607252225913,0.0283350857142853,0.3134346817795753,0.0490056954817274,3.457019142202796,0.3058723081196092,813.6514549640161,804.2430701302097,3238.295969165076,1079.5598314463948,0.0,398.87828882869405,338.9160510816915,0.0,3847.5739457229793,1544.1154261770068,0.0,410.29001895411074,524.498436104313,0.0,1185.895163070711,2010.0962531136304,252.50163252263965,0.0,0.0,0.0,1944.1958010471965,0.0,0.0,0.0,0.0,0.0,2249.6256091095925,0.0,0.0,0.0,0.0,0.0,0.0,0.0,0.0,0.0
264,0.1181610140531559,0.1481937173533557,0.0370687169302325,0.0163948123853815,0.3439344004385384,0.0305913492837209,3.855604880755607,0.1694127263465862,1486.9941459424354,1396.6456652526567,5169.212154481767,1696.068858299595,0.0,707.7424034488952,571.0908841386743,0.0,6097.276274640395,2399.876497823714,0.0,608.1689442456233,799.7482575064598,0.0,1825.4404807450496,3067.628103079963,366.48369098119406,0.0,0.0,0.0,1686.5247201839852,0.0,0.0,0.0,0.0,0.0,1968.740488795627,0.0,0.0,0.0,0.0,0.0,0.0,0.0,0.0,0.0
265,0.0341525159061943,0.1280149745686924,0.0148614488207933,0.0040998982606992,0.3680214036630846,0.0149987312128199,4.296343936997452,0.0670233472495685,1100.5465486534986,1215.2477250700235,5058.760086701614,1451.7297629303323,0.0,664.7667949185534,534.8466601653623,0.0,6019.638510749019,2513.6885017838645,0.0,891.4063233368646,859.5525248169434,0.0,2513.70206090283,3781.770047125162,407.3629256449808,0.0,0.0,0.0,1499.9309315310102,0.0,0.0,0.0,0.0,0.0,1838.204957246533,0.0,0.0,0.0,0.0,0.0,0.0,0.0,0.0,0.0
266,0.0001356999004523,0.1158306853852006,0.0008915218379944,-4.103384299014562e-16,0.3581727810099676,0.003195230202114,4.763660149909266,0.0101786906348615,680.1881997934731,1057.946248768307,4990.734497458795,1485.7361162808284,0.0,569.985257690216,412.554910204157,0.0,6059.165740735168,2760.0553700537266,0.0,1019.0537512316928,884.5153669823133,0.0,2892.229385746177,4268.958845891756,497.0399047122229,0.0,0.0,0.0,1383.820532899392,0.0,0.0,0.0,0.0,0.0,1707.478641024763,0.0,0.0,0.0,0.0,0.0,0.0,0.0,0.0,0.0
267,-6.519229600598902e-16,0.1157842439999997,0.0033236067109633,-4.103384299014563e-16,0.3355145967707643,0.001407357446064,5.164005173699365,8.007816632016313e-15,555.6134576828711,1175.7385979450823,5028.126379224735,1570.0198715226472,0.0,539.71276449265,317.2888084473139,0.0,6142.823787172242,2864.7367937537106,0.0,960.507294952858,752.3625837145077,0.0,2779.5136697825264,4179.813822452786,476.5620884765774,0.0,0.0,0.0,1294.8729998145202,0.0,0.0,0.0,0.0,0.0,1605.7091238066914,0.0,0.0,0.0,0.0,0.0,0.0,0.0,0.0,0.0
268,-6.519229600598903e-16,0.1121508424111293,0.0079976603122922,-4.103384299014562e-16,0.3143814826245845,0.0083876795880397,5.431737825999168,8.007816632016313e-15,752.6330179597827,1361.8209895118473,5179.474431642141,1657.233458942531,0.0,578.7701054650295,305.3897958863837,0.0,6234.283553199402,2838.1324806388416,0.0,822.8337676522187,644.5531213434906,0.0,2402.0016999757318,3737.4135118895288,374.1714967310728,0.0,0.0,0.0,1204.119854976827,0.0,0.0,0.0,0.0,0.0,1459.1878270702266,0.0,0.0,0.0,0.0,0.0,0.0,0.0,0.0,0.0
269,-6.519229600598904e-16,0.0944439707242523,0.0127680861528237,-4.103384299014562e-16,0.2903473815735776,0.0161345249700995,5.5517144693375,8.007816632016313e-15,1171.8422113262918,1575.3634546860171,5411.430433631154,1805.2270242535317,0.0,697.4052231447544,380.2247337558436,0.0,6364.381615127365,2802.93140189608,0.0,687.2354826519075,610.733524673133,0.0,2011.4621224804268,3286.154857267303,290.1499800654573,0.0,0.0,0.0,1117.181958999359,0.0,0.0,0.0,0.0,0.0,1331.6925712802397,0.0,0.0,0.0,0.0,0.0,0.0,0.0,0.0,0.0
270,-6.519229600598902e-16,0.0752107076013287,0.0175866981129566,-4.103384299014563e-16,0.247575340345514,0.0239596213156145,5.491168669635358,8.007816632016313e-15,1211.259691968295,1332.0816436244488,5376.665917806712,1715.9317951130542,0.0,688.5184711625943,601.594821790459,0.0,6307.305876431046,2704.660537497479,0.0,892.2892854950104,839.0175356274096,0.0,2497.8397108022536,3813.531415799227,495.2157298886228,0.0,0.0,0.0,990.8998582226778,0.0,0.0,0.0,0.0,0.0,1192.3271867494946,0.0,0.0,0.0,0.0,0.0,0.0,0.0,0.0,0.0
271,-6.519229600598902e-16,0.0563621097408636,0.0223089378338868,-4.103384299014563e-16,0.2006354702990026,0.0316282157342191,5.297329972118507,8.007816632016313e-15,982.7122022145174,1064.386547925288,5242.248669052678,1591.474415613466,0.0,607.1194720948439,672.4037971144168,0.0,6213.636953360921,2686.3268118778665,0.0,1086.139036461246,990.1085896432166,0.0,2972.947788278716,4359.967931439436,656.4819399396041,0.0,0.0,0.0,919.751122421734,0.0,0.0,0.0,0.0,0.0,1147.809328305147,0.0,0.0,0.0,0.0,0.0,0.0,0.0,0.0,0.0
272,-6.519229600598903e-16,0.0369365139867108,0.0271286427730639,-4.103384299014562e-16,0.1552091861454121,0.0395315630431892,5.062963186541014,8.007816632016313e-15,725.8585520476122,1001.3828863539384,4901.775934735647,1374.7534680403553,0.0,614.5913729703502,747.2510093499441,0.0,5880.53175574737,2555.7470665262827,0.0,1423.3785482721555,1283.827569473587,0.0,3428.560154766971,5201.262794104177,950.6267334920864,0.0,0.0,0.0,850.7443240425499,0.0,0.0,0.0,0.0,0.0,1099.203835513349,0.0,0.0,0.0,0.0,0.0,0.0,0.0,0.0,0.0
273,-6.519229600598904e-16,0.0171262529700995,0.0290080439999998,-4.103384299014562e-16,0.1134408335681061,0.0463285273285126,4.806415194843067,0.00085543081103,695.2291659267598,1147.3482406990631,4692.5620834765805,1236.376081037918,0.0,626.5828565379126,877.3159458641313,0.0,5636.081003465064,2358.982701754093,0.0,1701.8550599855068,1558.5790551622702,0.0,3488.6335402647105,5633.257459226793,1156.9507334793786,0.0,0.0,0.0,802.7561063789335,0.0,0.0,0.0,0.0,0.0,1037.2784214113897,0.0,0.0,0.0,0.0,0.0,0.0,0.0,0.0,0.0
274,0.009658833783857,0.0013952897799489,0.0290080439999998,-4.103384299014562e-16,0.0723936729169433,0.0471070799999998,4.610106074148129,0.0051192603986791,819.600478144885,1262.5666258682377,4764.744147394968,1283.489373474994,0.0,621.2530302704378,891.7341636426363,0.0,5681.142590565025,2335.6853257171424,0.0,1635.002822334594,1564.1536530024148,0.0,3283.454876274565,5380.9655027995705,1122.758032166952,0.0,0.0,0.0,767.6652136253865,0.0,0.0,0.0,0.0,0.0,997.8657118109684,0.0,0.0,0.0,0.0,0.0,0.0,0.0,0.0,0.0
275,0.0320001137342186,-2.1671553440683122e-16,0.0290080439999998,-4.103384299014562e-16,0.0377087274418599,0.0471070799999998,4.495045443880971,0.0095136697674498,1014.3657321146184,1443.1130232053456,4877.807790752495,1357.271868225234,0.0,612.9250405487459,914.3804467819356,0.0,5751.785771917634,2299.1557306231566,0.0,1530.2199471201675,1572.8694026084363,0.0,2962.1043192737525,4985.832451048518,1069.1585901420572,0.0,0.0,0.0,684.484117275754,0.0,0.0,0.0,0.0,0.0,999.2275293362552,0.0,0.0,0.0,0.0,0.0,0.0,0.0,0.0,0.0
276,0.0544914998671089,-2.1671553440683122e-16,0.0289600274645298,-4.103384299014562e-16,0.0364929545780726,0.0471070799999998,4.3831835614625705,0.0175771852507408,1107.0109768174116,1502.2218268843358,4954.171988368151,1430.002171356718,0.0,603.8573550316868,922.3791434590532,0.0,5805.75960873918,2312.8864756724965,0.0,1466.846653891558,1570.2658683985458,0.0,2792.2118519172946,4754.109659608391,1026.3136066188058,0.0,0.0,0.0,616.0339126213604,0.0,0.0,0.0,0.0,0.0,1018.4694488919588,0.0,0.0,0.0,0.0,0.0,0.0,0.0,0.0,0.0
277,0.0781422358006637,-2.1671553440683122e-16,0.0258771817674416,-4.103384299014562e-16,0.0461968977408632,0.0458441950494428,4.239064667821764,0.0561339302544539,1110.7390578203808,1475.590419631993,4981.769906354205,1473.7837404445436,0.0,597.9621944436703,919.721049516538,0.0,5830.071039355012,2347.187040060932,0.0,1449.5262573448138,1562.8028225634166,0.0,2766.788789701006,4697.180441719844,1005.6876169457836,0.0,0.0,0.0,623.3568673521517,0.0,0.0,0.0,0.0,0.0,1013.3820314505718,0.0,0.0,0.0,0.0,0.0,0.0,0.0,0.0,0.0
278,0.1008654918936869,-2.167155344068312e-16,0.0211549420465115,-4.103384299014562e-16,0.053100122377606,0.0389541533023254,4.004476580930231,0.1163130557740943,1108.0481404504644,1154.3659129516432,5224.282659168545,1827.35625851531,0.0,522.3429370526668,820.05938852407,0.0,6013.341745624749,2572.223617837168,0.0,1214.313584419813,1397.9118527018643,0.0,2439.4038334891047,4033.7383718328456,786.4017359736005,0.0,0.0,0.0,799.8365578548256,0.0,0.0,0.0,0.0,0.0,1086.1824546496714,0.0,0.0,0.0,0.0,0.0,0.0,0.0,0.0,0.0
279,0.1233568780265773,-2.1671553440683122e-16,0.0164808884451826,-4.103384299014562e-16,0.0570618380930227,0.0313638098471759,3.783044277941264,0.1775400690976824,1033.3013756051753,977.2427625760964,4894.141905903602,1527.5197328878255,0.0,411.7100945096191,603.0134124369436,0.0,5500.056018370008,2040.3274182656455,0.0,841.0481039454476,1034.281923764342,0.0,1813.8763864239704,3227.2627980147868,510.3786777024481,0.0,26.800963491208464,0.0,1392.956033686439,0.0,0.0,7.918466486038864,0.0,0.0,1886.8864552059083,0.0,0.0,37.15588120372083,0.0,0.0,10.151880110306235,210.6515122888544,0.0,0.0
280,0.1391220981085265,-2.1671553440683122e-16,0.0114695320066444,-4.103384299014562e-16,0.06127672785382,0.0232257096478404,3.57810209060465,0.2396563428438618,669.4106453862167,587.3997353257304,3154.3578201405526,900.0135455659586,0.0,235.1697358758428,333.5682087484393,0.0,3496.091450951252,1152.9698744653408,0.0,444.51406427490105,570.4788550400611,0.0,997.6376871012694,1878.0518102096855,51.338703332978994,0.0,248.85748658348567,5.70282771984376,2070.5829303557925,3.297553443447073,0.0,72.46715534469834,0.1163842391804849,0.0,2795.960456106221,33.71263461594713,0.0,335.4096787977145,5.198496016728325,0.0,130.89760824346865,1878.7601675215824,0.0,0.0
281,0.1395857159999994,-2.1671553440683122e-16,0.0069882228837208,-4.103384299014562e-16,0.0636542758405309,0.0159483700465115,3.3641799516769675,0.2947343130897094,613.8837844699943,508.7947634782545,2891.943658961436,798.4752298203063,0.0,203.67545442227856,288.88567393408664,0.0,3191.1385706281653,998.4795343659328,0.0,384.9659538809145,494.0350348560289,0.0,863.9855662716194,1647.152877041406,0.0,0.0,291.81937851169454,11.584840343396884,2219.3103132587185,6.698717205365546,0.0,84.06824970368409,0.2364253131305486,0.0,2980.504503635744,68.48453237014893,0.0,385.0716419258642,10.560330653164506,0.0,184.95549585157715,2136.785815164784,0.0,0.0
282,0.1395857159999994,-2.1671553440683122e-16,0.0023364942396607,-4.103384299014562e-16,0.0633135078063918,0.0084721934688967,3.0961576888381184,0.3498560385476089,705.8442794160211,197.03928142648184,3297.880768006808,556.9262759462719,0.0,78.65056751143413,111.55503379278944,0.0,3453.966388060668,385.5692000255245,0.0,148.6570427997663,190.77475963990105,0.0,333.6335018949528,912.0087556516607,0.0,0.0,481.028308272813,103.63524391072032,3497.7504947213574,92.30630201690578,0.0,122.22712446832487,0.7431729481908997,0.0,4458.508275597122,614.3441295343912,0.0,503.9396628935775,33.19505835252685,0.0,785.6747880392265,2544.3059032536853,0.0,0.0
283,0.1395857159999994,-2.1671553440683127e-16,-1.2434497875801782e-16,-4.103384299014563e-16,0.0583200312159463,0.0253304448353108,2.751021171414328,0.4006270665676404,818.9971562091251,0.0,3605.277031864588,280.62279234088186,0.0,0.0,0.0,0.0,3636.298005589972,0.0,0.0,0.0,0.0,0.0,0.0,403.1862122359206,0.0,0.0,481.7248902999696,269.19298232039426,5200.911578383561,577.4209077716315,0.0,85.32780742329703,0.0,0.0,6582.641747532613,1583.4115679054632,0.0,374.6851775155898,0.0,0.0,1063.382518159312,2393.5406492976185,0.0,0.0
284,0.1322859691201074,0.0049409235909677,-1.2434497875801782e-16,-4.103384299014562e-16,0.0525763825764959,0.0803303868276366,2.3556037329588317,0.4764939756927835,913.8025665416144,0.0,3681.077137504473,65.90533429463798,0.0,0.0,0.0,0.0,3652.9777236614727,0.0,0.0,0.0,0.0,0.0,0.0,324.92850443677594,0.0,0.0,408.3951445202618,460.440857268361,6025.015025691058,935.1617534001446,0.0,52.72208665307566,0.0,0.0,7586.827122605339,2101.32297118701,0.0,256.1197006982701,0.0,0.0,1014.0514983108222,2140.395144520262,0.0,0.0
285,0.107817472225913,0.0229835435083054,-1.2434497875801782e-16,-4.103384299014562e-16,0.0429951977940196,0.1451456528770762,1.8160561122845336,0.6362027341465781,903.4754217460492,0.0,3465.9728839608792,4.171043534534047,0.0,0.0,0.0,0.0,3433.8420154090413,0.0,0.0,0.0,0.0,0.0,0.0,273.2979845676615,0.0,0.0,416.5264074198622,602.3849470416153,6349.698599841894,1052.3543588349316,0.0,61.97694427014456,0.0,0.0,7906.173119418299,2262.4543848686,0.0,268.789093791213,0.0,0.0,1030.196530445579,2142.572492117488,0.0,0.0
286,0.0846304762126241,0.0416814053023253,-1.2434497875801782e-16,-4.103384299014563e-16,0.0334815280265776,0.2049870475614614,1.2972923809125962,0.8349775023063338,439.319434080616,0.0,2486.709303438705,0.0,0.0,0.0,0.0,0.0,2428.125952605935,0.0,0.0,0.0,0.0,0.0,0.0,123.4688605586045,0.0,0.0,568.3771374829753,771.5599607383681,7135.179493810202,1464.4418524859564,0.0,131.76151960767731,0.1686158906393702,0.0,8666.872988656165,2706.856096116068,0.0,336.197084805659,0.0,0.0,1067.0382729083676,2173.2898239197198,0.0,0.0
287,0.060979740279069,0.064187610162853,-1.2434497875801782e-16,-4.103384299014562e-16,0.0237839879217696,0.2660252701395346,0.7920759896746646,1.081264384232692,0.0,0.0,1561.2251489830112,0.0,0.0,0.0,0.0,0.0,1470.6149457960912,0.0,0.0,0.0,0.0,0.0,0.0,0.0,0.0,0.0,1013.5988644861995,1214.5827839836106,8518.396626503894,2237.865594349932,0.0,317.47735935282657,8.19412423458753,0.0,9930.564307064866,3294.049949022699,0.0,400.2610887729533,0.0,0.0,956.2172019338036,2052.715958697786,0.0,0.0
288,0.0380246142259127,0.0939308091428569,-1.2434497875801782e-16,-4.103384299014562e-16,0.0203083991292787,0.3251705535643509,0.4261699674158531,1.4136488684746586,0.0,0.0,1258.6763051110245,0.0,0.0,0.0,0.0,0.0,1180.2439995653556,0.0,0.0,0.0,0.0,0.0,0.0,0.0,0.0,0.0,1391.8636745138788,1670.8419763602835,9290.456534240508,2641.785043995219,0.0,501.9718143924911,67.40388393602015,0.0,10535.860478646293,3523.003506507199,0.0,453.8318609421039,0.8305269978373255,0.0,855.9004468811233,1972.055027419516,0.0,0.0
289,0.0159969680132884,0.1228801859328767,-1.2434497875801782e-16,-4.103384299014563e-16,0.0228426917740859,0.3551212287764599,0.2059181920013481,1.8216808995178075,0.0,0.0,852.3509972744373,0.0,0.0,0.0,0.0,0.0,768.471151248323,0.0,0.0,0.0,0.0,0.0,0.0,0.0,0.0,0.0,1545.5163046645098,1709.4771723188287,8565.936708402774,2192.553892539708,0.0,716.357162577775,376.210070721684,0.0,9750.29362012852,3317.908415846699,0.0,913.0306720671977,320.0509740286459,0.0,1308.6214868529994,2745.7078899248586,0.0,0.0
290,0.0004723653988585,0.1484728341106999,-1.2434497875801782e-16,-4.103384299014562e-16,0.0255882981708764,0.3594643648369591,0.0536136126431321,2.3249529956020907,0.0,0.0,710.500858169088,0.0,0.0,0.0,0.0,0.0,621.4365374424251,0.0,0.0,0.0,0.0,0.0,0.0,0.0,0.0,0.0,1480.6777033199749,1472.745202918467,7858.842433348557,1806.4297012894112,0.0,760.8430420656264,530.4106204336348,0.0,9119.704713808993,3143.6074833789025,0.0,1230.3861481296758,644.7102627962081,0.0,1719.6574878819267,3428.356441916567,13.378488469656356,0.0
291,-6.359357485052885e-16,0.1626821056345512,-1.2434497875801782e-16,-4.103384299014562e-16,0.02999235875083,0.3602451960000005,0.0082303539667701,2.872332807135441,0.0,0.0,538.5666094125555,0.0,0.0,0.0,0.0,0.0,470.9880998386281,0.0,0.0,0.0,0.0,0.0,0.0,0.0,0.0,0.0,1432.5481339681292,1297.0383998960551,7353.975663426228,1530.9145108037162,0.0,782.4929175913811,622.7767152949568,0.0,8677.120084872255,3036.790827241786,0.0,1442.9910819014715,850.2230873227403,0.0,2011.4030842426905,3890.4818273510527,50.67135286163582,0.0
292,-6.359357485052885e-16,0.1746965114551491,-1.2434497875801782e-16,-4.103384299014562e-16,0.0346973008903649,0.3598093163298813,4.937320851333826e-05,3.4188597433519745,0.0,0.0,364.2289484688629,0.0,0.0,0.0,0.0,0.0,318.53599998308704,0.0,0.0,0.0,0.0,0.0,0.0,0.0,0.0,0.0,1488.7828164336922,1460.8509391446746,7625.867084898991,1680.2502339773368,0.0,728.13375762259,494.97564317049967,0.0,8922.160115554281,3133.207156677566,0.0,1233.8886342377723,592.5641455528374,0.0,1796.377694507963,3446.8329920598103,6.528154209288306,0.0
293,-6.359357485052886e-16,0.183085819711567,-1.2434497875801782e-16,-4.103384299014562e-16,0.0390793548438533,0.3305841683023261,-7.279510327862209e-15,3.87695150995652,0.0,0.0,239.16196459030263,0.0,0.0,0.0,0.0,0.0,204.53325417688492,0.0,0.0,0.0,0.0,0.0,0.0,0.0,0.0,0.0,1761.7262751955068,2257.863925361077,8700.886007147246,2230.0018800469315,0.0,624.6736782949167,274.8902557670215,0.0,9719.456156558555,3214.008421076395,0.0,606.7102869515279,60.58061445489161,0.0,980.1030125102347,2073.292232622312,0.0,0.0
294,-6.359357485052886e-16,0.1781219236199844,-1.2434497875801782e-16,-4.103384299014562e-16,0.0409146092215686,0.2771371603945827,-7.279510327862209e-15,4.201657334553807,0.0,0.0,397.1917842468948,0.0,0.0,0.0,0.0,0.0,323.2897029880403,0.0,0.0,0.0,0.0,0.0,0.0,0.0,0.0,0.0,1794.6445674963184,2020.2583493855057,9005.246883531581,2396.056014220392,0.0,619.37752894915,106.41569325547516,0.0,9982.152528470126,3362.3239959330926,0.0,557.5139860021095,0.0,0.0,942.2170503670014,1963.538948123816,0.0,0.0
295,-6.359357485052886e-16,0.1606731151096346,-1.2434497875801782e-16,-4.103384299014562e-16,0.0406608479999995,0.2156979570697671,-7.279510327862209e-15,4.379394022661398,0.0,0.0,389.7446342113066,0.0,0.0,0.0,0.0,0.0,317.37218501793024,0.0,0.0,0.0,0.0,0.0,0.0,0.0,0.0,0.0,1723.9109460934244,1902.8514962818217,8831.570498205336,2446.994059542189,0.0,584.3527412256416,83.67523457773609,0.0,9715.323131092977,3330.098868597757,0.0,531.5661219304583,0.0,0.0,911.6822896175928,1864.964209914492,0.0,0.0
296,-6.359357485052886e-16,0.1427231677873755,-1.2434497875801782e-16,-4.103384299014562e-16,0.0406608479999995,0.1582502181727573,-7.279510327862209e-15,4.472434190685609,0.0,0.0,329.7498223472034,0.0,0.0,0.0,0.0,0.0,271.0908345395514,0.0,0.0,0.0,0.0,0.0,0.0,0.0,0.0,0.0,1172.2361487006428,1320.2190145771726,5934.106088864168,1654.37186902089,0.0,404.49055663108646,63.613916027909845,0.0,6474.189561206259,2204.1928818311503,0.0,338.58234985964833,0.0,0.0,564.5290479534731,1189.8366324218423,0.0,0.0
297,-6.359357485052886e-16,0.1219687898584592,-1.2434497875801782e-16,-4.103384299014562e-16,0.0406608479999995,0.1002040653289036,-7.279510327862209e-15,4.51768393175705,0.0,0.0,281.2182133248605,0.0,0.0,0.0,0.0,0.0,235.500599198868,0.0,0.0,0.0,0.0,0.0,0.0,0.0,0.0,0.0,429.94109534610266,488.42278548159953,2137.9190884875807,596.0150631668499,0.0,154.55707954256488,35.17291413353985,0.0,2323.535569080754,781.2473188943661,0.0,127.7637932630468,0.0839895013123359,0.0,196.831677154236,424.232841686044,0.0,0.0
298,0.0006223169233318,0.0907579384983388,-1.2434497875801782e-16,-4.103384299014562e-16,0.0375512750983895,0.0374979408890876,-7.279510327862209e-15,4.482431754964494,0.0,0.0,206.2131870637973,0.0,0.0,0.0,0.0,0.0,178.61015232943242,0.0,0.0,0.0,0.0,0.0,0.0,0.0,0.0,0.0,1068.7187501176911,1196.733403078011,5209.478532752407,1465.142759760883,0.0,420.0877023544066,188.66358720217903,0.0,5698.2233206623705,1894.2114833340495,0.0,408.2090913744568,21.95513734583138,0.0,549.2959284214263,1157.3939084949852,0.0,0.0
299,0.0259926362591355,0.0589101166976744,-1.2434497875801782e-16,0.0048468006112952,0.0304058533156141,0.0065699844496124,0.0004754089235807,4.398669332916961,0.0,0.0,145.14138319395602,0.0,0.0,0.0,0.0,0.0,125.7272890082832,0.0,0.0,0.0,0.0,0.0,0.0,0.0,0.0,0.0,1837.0008575050133,2063.680445912725,9258.686902490515,2610.386122498047,0.0,694.6250853533455,368.3265113232778,0.0,10168.128787096606,3425.2146030565464,0.0,764.1254617627524,139.40240568934553,0.0,1031.462585298846,2170.205651446067,0.0,0.0
300,0.076024462708305,0.0365501738790696,-1.2434497875801782e-16,0.0195989834152819,0.0237191025647835,0.0119242021368771,0.0087058452597933,4.281349594514301,0.0,0.0,95.54518438887013,0.0,0.0,0.0,0.0,0.0,82.74882632715715,0.0,0.0,0.0,0.0,0.0,0.0,0.0,0.0,0.0,1749.923837881437,1964.077263792043,9243.72199334548,2638.855199066356,0.0,625.6823431382471,397.8707664311708,0.0,10189.86608757398,3511.4210824410684,0.0,798.2312541184906,198.5433908284988,0.0,1099.7975919644996,2294.5544648382297,0.0,0.0
301,0.1372373634019926,0.0259175427906976,-1.2434497875801782e-16,0.0343859444252487,0.0172349806245842,0.0216944618471761,0.0649027542153532,4.123699409682254,0.0,0.0,35.289552153628854,0.0,0.0,0.0,0.0,0.0,74.70796031411753,0.0,0.0,0.0,0.0,0.0,0.0,0.0,0.0,0.0,1688.246268670604,1890.9825870261,9666.950248734616,2947.099502530768,0.0,566.950248734616,423.049751265384,0.0,10615.375621836542,3897.378109492856,0.0,869.674129428844,318.8233832249959,0.0,1235.7412936681278,2510.89054746428,0.0,0.0
302,0.2017536353820593,0.0163503328903652,-1.2434497875801782e-16,0.0500182300010626,0.0104131439999995,0.0326445557214618,0.1954163781448431,3.856181302063274,0.0,0.0,0.0,0.0,0.0,0.0,0.0,0.0,147.0523314187364,0.0,0.0,0.0,0.0,0.0,0.0,0.0,0.0,0.0,1684.1451929013108,1843.871323608903,9636.56970519809,2951.390980673239,0.0,549.865873505844,434.972084680557,0.0,10581.893788825288,3905.083745958329,0.0,904.441361209066,382.94416936111406,0.0,1297.944169361114,2606.357615250737,0.0,0.0
303,0.2662699073621258,0.0098289508938829,-1.2434497875801782e-16,0.068576673289036,0.0035913073754148,0.0476877845182725,0.3561615778159002,3.5209189944741235,0.0,0.0,0.0,0.0,0.0,0.0,0.0,0.0,361.2552599902878,0.0,0.0,0.0,0.0,0.0,0.0,0.0,0.0,0.0,1615.4987447410074,1637.9341142085498,9439.90542545973,2807.401792587984,0.0,494.641121513634,437.42188567119706,0.0,10397.196016639193,3775.28203508025,0.0,900.9723944172058,409.2548821550624,0.0,1317.7593766276236,2665.3295612746288,0.0,0.0
304,0.3295965209513856,0.0116239746976741,-1.2434497875801782e-16,0.0884277071760791,3.496498474018116e-06,0.0651089200664452,0.5408506890164679,3.2047476999973035,11.398704192121947,2.5874359209111173,225.52650932265811,10.000090180818642,0.0,9.16092177403666,0.0,0.0,1154.8254976167475,41.46890543514304,0.0,18.60156635033397,3.2867429265627703,0.0,102.4484763279672,184.1974652886455,0.0,0.0,1428.6598223670185,1146.0764448445548,8478.051680765673,1983.8636565934185,0.0,340.5606604799066,338.7243083546237,0.0,9252.036900162198,2847.182729539669,0.0,702.2862585392969,344.8293961870278,0.0,1116.4056463321092,2538.48532085582,0.0,0.0
305,0.3705276057190486,0.013623096431768,-1.2434497875801782e-16,0.1042039095615865,0.0051743857546538,0.0812698965042312,0.7692524138261058,2.911108894052543,15.77227260763395,3.580209119524272,312.0587678504263,13.837024434918128,0.0,12.675875531288636,0.0,0.0,1247.966937427712,57.38010832102413,0.0,25.738800697120432,4.547833205882182,0.0,141.75692865143398,254.8721843466738,0.0,0.0,1410.841408422404,1106.6065621152077,8360.46373902654,1868.798576532548,0.0,322.45582011702254,322.45582011702254,0.0,9111.679845115716,2703.390110953077,0.0,668.3958176095146,327.8752456652078,0.0,1068.530070583859,2498.895210410642,0.0,0.0
306,0.3843459018330191,0.0138841919999997,-1.2434497875801782e-16,0.109191394405315,0.0255596475946839,0.0891134327242526,1.024051628644221,2.6200791939494583,15.772272607633951,3.580209119524272,312.0587678504263,13.837024434918128,0.0,12.675875531288636,0.0,0.0,1247.966937427712,57.38010832102413,0.0,25.738800697120432,4.547833205882182,0.0,141.75692865143398,254.87218434667375,0.0,0.0,1410.841408422404,1106.6065621152077,8360.46373902654,1868.7985765325484,0.0,322.4558201170226,322.4558201170226,0.0,9111.679845115716,2703.390110953077,0.0,668.3958176095146,327.87524566520784,0.0,1068.530070583859,2498.895210410642,0.0,0.0
307,0.3845543967037521,0.0138841919999997,-1.2434497875801782e-16,0.1133279874418598,0.0459745002657802,0.0953144754511912,1.2871340445965842,2.323196919915475,160.5963580678944,47.689145793872186,2963.0223506252123,134.5533031567154,0.0,126.64388347175388,4.345420437501939,0.0,3619.6403875219135,554.5730657381874,0.0,257.6141258975234,60.74359310126093,0.0,1365.71071199859,2442.873919127305,9.415077614587537,0.0,1200.3004119783295,849.0262571760292,6934.644147465236,171.746697898691,0.0,29.6343988157722,29.6343988157722,0.0,7198.302312674069,248.44749483363077,0.0,61.42704516434574,30.13245593872635,0.0,98.20026274246082,1636.7433551781903,0.0,0.0
308,0.391201017831671,0.0138841919999997,-1.2434497875801782e-16,0.1177649543521588,0.0681454692956805,0.1170510248992249,1.618790143187146,1.962909035906991,204.908948025761,88.8282256649944,3246.5744288653327,155.8950609310034,0.0,155.5502121571026,16.36680810473507,0.0,3925.717471737317,633.6690383208569,0.0,317.58024372401354,113.4591601828636,0.0,1549.065877992503,2737.6564513299886,35.46141756025932,0.0,1135.8038375415726,774.6794908229538,6537.585667225744,0.0,0.0,0.0,0.0,0.0,6675.494861028755,0.0,0.0,0.0,0.0,0.0,0.0,1410.7035361159922,0.0,0.0
309,0.3809171838714534,0.013524047484794,-1.2434497875801782e-16,0.114945374663429,0.0914140110498334,0.1521059176736521,1.9911595063869083,1.5252671460567484,345.0088955472128,385.97332618163375,2727.033270255524,192.3731094985071,0.0,211.2459269151782,51.21575464605404,0.0,3291.429299588945,638.7489825461714,0.0,365.51592941555066,247.16554174380545,0.0,1412.07295025015,2406.0230887402386,114.92223132726195,0.0,419.70924020087375,144.8878782506589,4297.295190206054,0.0,0.0,0.0,0.0,0.0,4121.305094318909,0.0,0.0,0.0,0.0,0.0,0.0,272.72693612079604,0.0,0.0
310,0.3425668094000388,0.0113933402790695,-1.2434497875801782e-16,0.0995961788970094,0.1140240091694348,0.1776997010631233,2.3693060095016545,1.0754449668743544,1328.904417796908,2518.1907495339888,3873.848231465503,631.3839959525061,0.0,536.3193957501538,54.03444189211698,0.0,4337.46920571981,1032.1368149833718,0.0,252.7275257397317,231.9432444764258,0.0,1166.3380294981373,2217.370445674227,136.1083682309677,0.0,79.3081088899485,0.0,3064.314516515882,0.0,0.0,0.0,0.0,0.0,3118.9940765392053,0.0,0.0,0.0,0.0,0.0,0.0,23.553912038744105,0.0,0.0
311,0.2933422696345514,0.0091331229767439,-1.2434497875801782e-16,0.0845011561993351,0.1309426736373786,0.2009072894352165,2.6916702441549383,0.6634733225713014,2378.9584391070207,4374.333287943826,4868.215850093579,997.3911372366916,0.0,836.9737749350384,120.892528525528,0.0,5185.8554596508575,1219.099364815201,0.0,142.01628839988678,250.65184505516552,0.0,822.1743799984782,1890.288203207762,181.4029039188882,0.0,0.0,0.0,2109.090853244972,0.0,0.0,0.0,0.0,0.0,2462.066108159439,0.0,0.0,0.0,0.0,0.0,0.0,0.0,0.0,0.0
312,0.2444444781129569,0.0068959691162788,-1.2434497875801782e-16,0.0694849939989365,0.1321477559999996,0.2238262717802,2.9716511913974686,0.348600563047989,2791.1062752549465,4871.672452784813,4920.265703300544,1008.1016555515666,0.0,936.4964512261628,208.64172658689296,0.0,5169.18308091045,1073.3150513106116,0.0,79.96480064839399,270.1135522259383,0.0,553.7110851893257,1496.6111559618134,228.6625158053592,0.0,0.0,0.0,1384.2921622091849,0.0,0.0,0.0,0.0,0.0,1671.8637031230796,0.0,0.0,0.0,0.0,0.0,0.0,0.0,0.0,0.0
313,0.1934679727621655,0.0045665614883718,-1.2434497875801782e-16,0.0509265507109632,0.1321477559999996,0.2434472426664069,3.235834228418209,0.1436405210326516,3447.178063522173,5656.0000537676,4995.549545390922,999.1988899286632,0.0,1107.9167775688063,350.96861141354293,0.0,5082.868843264505,871.0172743724823,0.0,190.0991349059104,289.3127405906929,0.0,249.34116334302612,1109.300302953304,275.2768625059209,0.0,0.0,0.0,697.0815425942548,0.0,0.0,0.0,0.0,0.0,841.900699626186,0.0,0.0,0.0,0.0,0.0,0.0,0.0,0.0,0.0
314,0.1371276017482145,0.0023063441860463,-1.2434497875801782e-16,0.0314725375016608,0.1321477559999996,0.244990464790557,3.454002626805112,0.0430230807241257,2313.3059264091225,3831.190877243845,5157.065792080404,1175.5131115459883,0.0,823.4638544611148,452.2779348167476,0.0,5388.199386340026,1474.0537459834263,0.0,490.818309294291,307.5831325650504,0.0,934.5885221424948,2312.205885337392,319.5885661134063,0.0,0.0,0.0,351.1505902249281,0.0,0.0,0.0,0.0,0.0,424.0938455219734,0.0,0.0,0.0,0.0,0.0,0.0,0.0,0.0,0.0
315,0.0962907251423452,0.000311356465116,-1.2434497875801782e-16,0.0157092452399688,0.127727907147968,0.2316961447843092,3.676681932752867,0.0101162021860611,787.0923149402602,1619.5097398542605,4862.355898300077,1320.8082116513624,0.0,430.79307332697744,279.4115436187354,0.0,5594.204042963632,2309.1482837684894,0.0,941.0454513801774,453.4949371937043,0.0,2757.426806496396,4069.896613394216,354.8272951198978,0.0,0.0,0.0,138.59033125202825,0.0,0.0,0.0,0.0,0.0,167.34807708104745,0.0,0.0,0.0,0.0,0.0,0.0,0.0,0.0,0.0
316,0.0815113418186989,-2.220446049250319e-16,-1.2434497875801782e-16,0.01075662454485,0.1087832538538203,0.2239439612292365,3.915243143783569,6.118872344954017e-06,632.1481092604052,1185.8033636123328,4810.51557842281,1361.4022116823464,0.0,415.7142857142857,299.1478059149709,0.0,5658.901378460732,2587.8665853832185,0.0,1049.8307831109178,556.9753572545761,0.0,3202.229409118945,4525.260717637283,436.6944906258308,0.0,0.0,0.0,110.65769636744363,0.0,0.0,0.0,0.0,0.0,137.21666670261953,0.0,0.0,0.0,0.0,0.0,0.0,0.0,0.0,0.0
317,0.0809198660100732,-2.220446049250319e-16,-1.2434497875801782e-16,0.0061307570631225,0.088047147099989,0.2167018146333734,4.198071709749645,1.4626522215621662e-14,464.7979396019669,964.121506400012,4951.682682785746,1576.9521243725285,0.0,384.9773853125003,238.52400598836604,0.0,5916.916397074675,2902.508474964969,0.0,979.4909007083858,523.0896093205934,0.0,3299.591074383396,4468.671599642628,497.3561324236797,0.0,0.0,0.0,458.9340761670735,0.0,0.0,0.0,0.0,0.0,569.768556267206,0.0,0.0,0.0,0.0,0.0,0.0,0.0,0.0,0.0
318,0.0730184450830559,-2.220446049250319e-16,-1.2434497875801782e-16,0.0014553555983082,0.0697656760863783,0.1933208023672612,4.444339623722135,1.4626522215621662e-14,759.2812417930185,1129.905271465045,5308.666979238441,1866.3853365466905,0.0,443.89042055478114,170.98381004512865,0.0,6174.271875574301,2924.209391772989,0.0,692.242574652506,335.9919728258905,0.0,2628.172865845427,3609.004682953755,296.8746314986419,0.0,0.0,0.0,808.5480608872429,0.0,0.0,0.0,0.0,0.0,1004.053304453395,0.0,0.0,0.0,0.0,0.0,0.0,0.0,0.0,0.0
319,0.0602244125581389,-2.220446049250319e-16,-1.2434497875801782e-16,-3.925748615074543e-16,0.0534503502059795,0.1603724666710966,4.585052376771539,0.0015758726535225,1163.154602662965,1357.378139728894,5688.968878092577,2138.771773097448,0.0,537.319899398093,121.71775050814036,0.0,6400.093423432021,2881.063167176905,0.0,388.3597897252662,142.6290179735843,0.0,1853.5169998501035,2652.3657414500244,60.70809930053905,0.0,0.0,0.0,1041.4728750852842,0.0,0.0,0.0,0.0,0.0,1303.100463283388,0.0,0.0,0.0,0.0,0.0,0.0,0.0,0.0,0.0
320,0.0468916839269095,-2.220446049250319e-16,-1.2434497875801782e-16,-3.925748615074543e-16,0.0364480632358798,0.1262455741196016,4.620561105428568,0.0060257360332372,1747.6739267403466,1592.9588912050274,5846.39499847628,2127.5294783455997,0.0,711.7920001615913,220.37141052316645,0.0,6415.567609622714,2672.1014579800417,0.0,254.11067278553944,200.2116049542933,0.0,1405.168078053647,2173.55994191671,94.28819964606494,0.0,0.0,0.0,950.5698553966912,0.0,0.0,0.0,0.0,0.0,1210.3371950745936,0.0,0.0,0.0,0.0,0.0,0.0,0.0,0.0,0.0
321,0.0340976514019925,-2.220446049250319e-16,-1.2434497875801782e-16,-3.925748615074543e-16,0.023144952550505,0.0934975459136215,4.57142515816583,0.010368664504998,2178.195483209156,1734.7340716959031,6138.633306469418,2182.66707085167,0.0,821.9138806236679,263.12068763574865,0.0,6596.446884322881,2604.8392880485494,0.0,144.13467935609745,277.10353855671,0.0,1143.7383370598843,1855.0863472584288,150.76834206887168,0.0,0.0,0.0,898.9737464662975,0.0,0.0,0.0,0.0,0.0,1146.9102608365629,0.0,0.0,0.0,0.0,0.0,0.0,0.0,0.0,0.0
322,0.0202262266644512,-2.220446049250319e-16,-1.2434497875801782e-16,-3.925748615074543e-16,0.02580799144186,0.0579917890166113,4.446413282276693,0.0150773132691176,1820.0493085565388,1604.5115113459992,6144.72679748395,2195.7715199577256,0.0,671.4191702851983,266.60209298493515,0.0,6649.471058056828,2747.8467649888908,0.0,290.4205108647976,338.74363412486593,0.0,1522.0075690645842,2319.072650740537,196.0997532426172,0.0,0.0,0.0,840.2812606785828,0.0,0.0,0.0,0.0,0.0,1082.422286786053,0.0,0.0,0.0,0.0,0.0,0.0,0.0,0.0,0.0
323,0.0061152749713194,-2.220446049250319e-16,-1.2434497875801782e-16,-3.925748615074543e-16,0.0287980691805542,0.0218765655393586,4.301987433200346,0.0198773921063269,1275.023063214991,1418.0752009036885,5970.451813245544,2137.809683158164,0.0,465.1353673366689,310.766544244172,0.0,6562.6887383883,2875.901433226466,0.0,538.8940368366032,417.7547906087719,0.0,2076.95686579577,3037.2514519044457,254.0102870639901,0.0,0.0,0.0,777.885133937819,0.0,0.0,0.0,0.0,0.0,1034.441770474744,0.0,0.0,0.0,0.0,0.0,0.0,0.0,0.0,0.0
324,3.014721328283703e-06,-2.220446049250319e-16,-1.2434497875801782e-16,-3.925748615074542e-16,0.0366181725934879,0.0027302008257807,4.170936115916007,0.0244031807242671,1005.344147268173,1360.2499189600928,5742.901396881357,1996.5050731769704,0.0,380.3499224976538,413.2473539227983,0.0,6390.188239003695,2835.8831290950934,0.0,770.8202007887704,611.5500635605526,0.0,2474.4502047204046,3622.1910127069855,393.0204634307509,0.0,0.0,0.0,703.3864623971494,0.0,0.0,0.0,0.0,0.0,1001.0020622765888,0.0,0.0,0.0,0.0,0.0,0.0,0.0,0.0,0.0
325,-6.19948536950686e-16,-2.220446049250319e-16,-1.2434497875801782e-16,-3.925748615074543e-16,0.062494495037008,6.039613253960868e-17,4.019830339432894,0.0274304011360727,1045.674330718074,1438.5445278126729,5454.601555448803,1759.2635054991058,0.0,432.0792419378589,588.4569032853401,0.0,6120.038240267433,2609.361484364812,0.0,993.2280180402848,943.5889575258948,0.0,2704.331583281109,4083.9862560411634,636.9255554986784,0.0,0.0,0.0,541.9291664999763,0.0,0.0,0.0,0.0,0.0,980.4046192950136,0.0,0.0,0.0,0.0,0.0,0.0,0.0,0.0,0.0
326,-6.199485369506861e-16,-2.220446049250319e-16,-1.2434497875801782e-16,-3.925748615074543e-16,0.0951309318139529,6.039613253960868e-17,3.788562449021803,0.0275204520000146,1084.0,1416.0,5388.0,1691.0,0.0,454.0,671.0,0.0,6051.0,2563.0,0.0,1089.0,1075.0,0.0,2789.0,4319.0,775.0,0.0,0.0,0.0,480.17806313662766,0.0,0.0,0.0,0.0,0.0,1000.13651822544,0.0,0.0,0.0,0.0,0.0,0.0,0.0,0.0,0.0
327,-6.19948536950686e-16,-2.220446049250319e-16,-1.2434497875801782e-16,-3.925748615074543e-16,0.1298517995149496,6.039613253960868e-17,3.4633141659379816,0.0275204520000146,1138.0387622158814,1267.8782793261405,5549.240296103956,1835.697182277896,0.0,467.6028231385354,708.1816764181298,0.0,6180.776166438295,2637.2105107906223,0.0,1093.9394604449303,1137.108001582074,0.0,2716.1213691538205,4257.458558422607,778.3329543983768,0.0,0.0,0.0,406.6164398925007,0.0,0.0,0.0,0.0,0.0,1005.841423354864,0.0,0.0,0.0,0.0,0.0,0.0,0.0,0.0,0.0
328,-6.19948536950686e-16,-2.220446049250319e-16,-1.2434497875801782e-16,-3.925748615074543e-16,0.1603617586445178,6.039613253960868e-17,3.0636859688747315,0.0275204520000146,1145.439457943875,1163.2142794313986,5639.800389784371,1895.8357700737824,0.0,455.7914883982255,699.7914883982254,0.0,6226.295939091298,2663.98533078423,0.0,1044.8406760700643,1138.561403889467,0.0,2651.2870377051527,4149.789490703293,757.9134343438183,0.0,0.0,0.0,379.6951794639552,0.0,0.0,0.0,0.0,0.0,952.998063813645,0.0,0.0,0.0,0.0,0.0,0.0,0.0,0.0,0.0
329,-6.19948536950686e-16,-2.220446049250319e-16,-1.2434497875801782e-16,-3.925748615074543e-16,0.1887752705763763,6.039613253960868e-17,2.664723241152753,0.0261031369011243,1137.4658475813108,960.5206138132947,5673.746395123414,1897.443711161971,0.0,431.0768382412562,609.2841172189153,0.0,6211.272584874012,2623.815002503866,0.0,884.3579662767606,1004.1991171567304,0.0,2542.736590268702,3980.4445399936967,654.7093640190866,0.0,0.0,0.0,646.4955123831461,0.0,0.0,0.0,0.0,0.0,1264.919998688008,0.0,0.0,0.0,0.0,0.0,0.0,132.4610319166735,0.0,0.0
330,-6.19948536950686e-16,-2.220446049250319e-16,-1.2434497875801782e-16,-3.925748615074542e-16,0.2095206942235215,6.039613253960868e-17,2.2955172344778685,0.0300891428372239,1074.7492933501414,108.4502070436674,5410.542055025644,1592.9661910189282,0.0,337.57321406216613,68.88596484440355,0.0,5869.672127033214,2159.944535013064,0.0,99.91477408189726,113.57146682072948,0.0,2081.0115061033675,3374.546708042906,74.00722462146562,0.0,0.0,0.0,2677.320121018355,0.0,0.0,0.0,0.0,0.0,3326.687138611644,23.856739954608205,0.0,8.844449934391335,0.0,0.0,54.81231472497788,1134.9403164426526,0.0,0.0
331,-6.19948536950686e-16,-2.220446049250319e-16,-1.2434497875801782e-16,-3.925748615074542e-16,0.2106209192435882,6.039613253960868e-17,1.968169764895413,0.0377906850299149,1005.0745285412124,0.0,5116.582458422381,1253.8141382962217,0.0,234.0318728621306,0.0,0.0,5489.559370450628,1644.265387204321,0.0,0.0,0.0,0.0,1569.311570198613,2703.7188354050018,0.0,0.0,0.0,0.0,3507.318732641746,7.135135913088581,0.0,0.0,0.0,0.0,4384.520994692514,232.09944040331385,0.0,70.03875027921855,0.0,0.0,413.1835001453912,1711.9600760071803,0.0,0.0
332,-6.199485369506859e-16,-2.220446049250319e-16,-1.2434497875801782e-16,-3.925748615074543e-16,0.2064087440132892,6.039613253960868e-17,1.676945225795679,0.0453381963787521,932.7922123610286,0.0,4811.582641090957,901.9478399759296,0.0,126.5482772692705,0.0,0.0,5095.209709536271,1109.2594535682576,0.0,0.0,0.0,0.0,1038.4012021055737,2007.7751919900488,0.0,0.0,0.0,0.0,4299.047929192286,106.4248428400428,0.0,0.0,0.0,0.0,5507.647758722771,866.1289166788688,0.0,179.03577472369363,0.0,0.0,809.0747590375036,2083.152454075505,0.0,0.0
333,-6.19948536950686e-16,-2.220446049250319e-16,-1.2434497875801782e-16,-3.925748615074543e-16,0.2035810371151236,0.00309915,1.4094348123562026,0.0554684192751843,867.5411136549219,0.0,4538.043489045859,585.9747698217237,0.0,30.35206722772731,0.0,0.0,4738.641282562961,628.0994848864518,0.0,0.0,0.0,0.0,559.8795345731777,1382.4169944059668,0.0,0.0,0.0,0.0,3629.772593756682,160.31028495852948,0.0,0.0,0.0,0.0,4614.194004060791,915.8661349217376,0.0,183.4790181792399,0.0,0.0,712.4015525748209,1707.7558395228068,0.0,0.0
334,-6.19948536950686e-16,-2.220446049250319e-16,-1.2434497875801782e-16,-3.925748615074543e-16,0.196258098397622,0.0370191074089876,1.127540531131315,0.111436409489086,840.8729450734932,0.0,4439.880539708759,468.9608416828311,0.0,1.035921364582334,0.0,0.0,4564.040482039644,437.2728697035665,0.0,0.0,0.0,0.0,354.6898716177243,1140.3122288061238,0.0,0.0,0.0,0.0,2510.011698337967,129.3298201317181,0.0,0.0,0.0,0.0,3166.094940928004,650.4619915532198,0.0,131.95001991573614,0.0,0.0,489.12306915709263,1170.5567933236168,0.0,0.0
335,-6.19948536950686e-16,-2.220446049250319e-16,-1.2434497875801782e-16,-3.925748615074543e-16,0.1662214410644007,0.0850810370232559,0.8216888306549932,0.3262534368431017,864.0813070575582,0.0,4257.611901220883,323.8150006336212,0.0,0.0,0.0,0.0,4254.82127099434,176.79755814145753,0.0,0.0,0.0,0.0,120.87792037771088,773.051622625985,0.0,0.0,59.02911091741659,9.012850150237934,3023.032801470622,372.94084881613577,0.0,7.495082153970155,0.0,0.0,3727.3589183620034,936.1892490054678,0.0,215.72563189207693,0.0,0.0,531.2808385768437,1276.7322520442358,0.0,0.0
336,-6.19948536950686e-16,-2.220446049250319e-16,-1.2434497875801782e-16,-3.925748615074542e-16,0.1321094542126245,0.132802593009967,0.5456044308438516,0.6104878398705793,934.7325296046398,0.0,3793.897972376391,142.02613399066905,0.0,0.0,0.0,0.0,3707.533602187592,13.554361335209082,0.0,0.0,0.0,0.0,0.0,404.1141142224024,0.0,0.0,390.2884945149224,248.87204482014332,5189.388360494584,803.9513410637861,0.0,112.50978635764636,0.0,0.0,6333.7393169081815,1722.2398355787084,0.0,413.146973829368,0.0,0.0,868.3713998036894,2091.3779055236478,0.0,0.0
337,-6.19948536950686e-16,-2.220446049250319e-16,-1.2434497875801782e-16,-3.925748615074543e-16,0.0993111806511624,0.1781848570365452,0.2978815090060057,0.9555936503971304,479.1741691087477,0.0,2012.073588348151,0.0,0.0,0.0,0.0,0.0,1914.267546224028,0.0,0.0,0.0,0.0,0.0,0.0,5.565957446808511,0.0,0.0,1072.5914726104056,1092.6287168163915,7315.017548697538,1505.8269527383227,0.0,477.6612069848009,92.04011935543754,0.0,8759.107964066021,2735.481074708334,0.0,862.2368148438039,194.926096413998,0.0,1472.8883080357732,3159.3205350814765,0.0,0.0
338,-6.19948536950686e-16,-2.220446049250319e-16,-1.2434497875801782e-16,-3.925748615074543e-16,0.0661747805581392,0.2243391810850112,0.1246872332350946,1.4393366093187565,0.0,0.0,998.3319653208652,0.0,0.0,0.0,0.0,0.0,949.769740842402,0.0,0.0,0.0,0.0,0.0,0.0,0.0,0.0,0.0,1415.1335288832513,1589.795676761271,7579.137228476296,1712.6873843877174,0.0,642.6769198245337,254.74338037101637,0.0,8890.755694730724,2815.166772369325,0.0,1027.0750753131442,399.6233814280429,0.0,1467.091697056181,3174.256619628983,0.0,0.0
339,-6.199485369506859e-16,0.0024009145938535,-1.2434497875801782e-16,-3.925748615074543e-16,0.0327323780132887,0.3195297439285721,0.0313201197259098,2.092073245121277,0.0,0.0,470.3104283383504,0.0,0.0,0.0,0.0,0.0,447.43285933144375,0.0,0.0,0.0,0.0,0.0,0.0,0.0,0.0,0.0,1845.838151113604,2288.8680347446607,7682.243088806482,1722.9248456970977,0.0,788.9263671013936,445.5989090673185,0.0,8781.799856509462,2674.0360557471554,0.0,1099.4685517151895,542.9478397593656,0.0,1253.5675040319654,2983.401090932681,0.0,0.0
340,-6.19948536950686e-16,0.0361058182325579,-1.2434497875801782e-16,-3.925748615074543e-16,0.0067274984061288,0.4408467646050591,0.0027153336470232,2.7950837342030117,0.0,0.0,240.53858822684296,0.0,0.0,0.0,0.0,0.0,212.9276999618194,0.0,0.0,0.0,0.0,0.0,0.0,0.0,0.0,0.0,2157.3267562375663,2835.427039197093,7765.8755111501505,1624.7617480904569,0.0,984.236503452788,513.8653399626083,0.0,8709.548529311522,2323.179960318471,0.0,945.8088438406422,421.1976611962048,0.0,910.1006495491254,2577.8048674763563,0.0,0.0
341,-6.19948536950686e-16,0.0811207145780729,-1.2434497875801782e-16,-3.925748615074543e-16,0.0005435898198159,0.556178195242526,-3.6557423754857104e-15,3.5074128458800216,0.0,0.0,912.5950544074273,0.0,0.0,0.0,0.0,0.0,763.2698061430767,0.0,0.0,0.0,0.0,0.0,0.0,0.0,0.0,0.0,2690.350059911478,3712.5382418408735,7932.192374451372,1554.5036175174762,0.0,1272.6258478944528,555.9887598144567,0.0,8592.780765284177,1828.045125710221,0.0,653.4010123699976,369.189724859156,0.0,373.79932757588,1824.2344352452808,0.0,0.0
342,-6.19948536950686e-16,0.126585759887043,-1.2434497875801782e-16,-3.925748615074542e-16,-3.588240815588502e-16,0.6697784136677744,-3.6557423754857104e-15,4.23950527711257,0.0,0.0,886.1302844309878,0.0,0.0,0.0,0.0,0.0,736.4463386281894,0.0,0.0,0.0,0.0,0.0,0.0,0.0,0.0,0.0,2976.652123552067,4164.681214942672,8116.750357633739,1606.40167258325,0.0,1410.401316236958,584.9110230313859,0.0,8622.88778472336,1749.3739160056064,0.0,546.7477551836024,450.8943512348301,0.0,240.8186380719587,1492.618465263285,0.0,0.0
343,-6.199485369506859e-16,0.1707003583056474,-1.2434497875801782e-16,-3.925748615074543e-16,-3.588240815588501e-16,0.7760512702200996,-3.6557423754857104e-15,4.8895588139202735,0.0,0.0,774.9977851187127,0.0,0.0,0.0,0.0,0.0,622.6280986013057,0.0,0.0,0.0,0.0,0.0,0.0,0.0,0.0,0.0,2792.4148947789267,3827.118755277586,8039.236340625598,1599.8768559929838,0.0,1328.6844337977082,654.7928342024487,0.0,8661.082244045925,1970.3204827180211,0.0,732.2625818887758,519.2515048439195,0.0,540.7549244997869,1894.965380869924,0.0,0.0
344,-6.19948536950686e-16,0.2157152546511622,-1.2434497875801782e-16,-3.925748615074543e-16,-3.588240815588501e-16,0.8550102768522879,-3.6557423754857104e-15,5.375392988759279,0.0,0.0,690.7776631813667,0.0,0.0,0.0,0.0,0.0,541.094222864034,0.0,0.0,0.0,0.0,0.0,0.0,0.0,0.0,0.0,2481.0911421278797,3255.767026195888,7837.148207207582,1557.7566523800135,0.0,1181.886112444516,718.1413196234221,0.0,8645.8655586575,2212.552344479728,0.0,971.9445307313864,594.6367249770271,0.0,908.251579108077,2456.280364383184,0.0,0.0
345,-6.19948536950686e-16,0.2615354547883969,-1.2434497875801782e-16,-3.925748615074543e-16,-3.588240815588501e-16,0.874591645880656,-3.6557423754857104e-15,5.557530121380795,0.0,0.0,674.0,0.0,0.0,0.0,0.0,0.0,524.0,0.0,0.0,0.0,0.0,0.0,0.0,0.0,0.0,0.0,2235.731591325422,2805.48451263302,7677.850853765786,1524.5361264204182,0.0,1066.19559218135,768.05964031135,0.0,8633.889345918315,2403.4513155971013,0.0,1160.834291612498,654.0298656115131,0.0,1197.9322968000283,2898.706966283511,0.0,0.0
346,-6.19948536950686e-16,0.2802290555481724,-1.2434497875801782e-16,-3.925748615074542e-16,-3.588240815588502e-16,0.827821884558142,-3.6557423754857104e-15,5.564361812557886,0.0,0.0,590.7541001907816,0.0,0.0,0.0,0.0,0.0,452.3245422751781,0.0,0.0,0.0,0.0,0.0,0.0,0.0,0.0,0.0,1963.3864822724436,2308.4057443783204,7605.293663953632,1562.6065538650544,0.0,919.042443664562,794.4707634683748,0.0,8713.17628625927,2672.547264056697,0.0,1336.306638845987,693.7471226163765,0.0,1495.3633150136766,3326.955982031302,0.0,0.0
347,-6.19948536950686e-16,0.2884651753754153,-1.2434497875801782e-16,-3.925748615074543e-16,-3.588240815588501e-16,0.7815039037475093,-3.6557423754857104e-15,5.41764789707317,0.0,0.0,484.4324429197412,0.0,0.0,0.0,0.0,0.0,365.6054661738684,0.0,0.0,0.0,0.0,0.0,0.0,0.0,0.0,0.0,1994.3211127112731,2372.0470785918565,7890.713892435793,1757.5687979161694,0.0,885.7647155930134,714.3164454325384,0.0,8950.284652766735,2793.9975312779816,0.0,1225.4494435398572,619.4507388824933,0.0,1397.7542076561613,3111.567479606019,0.0,0.0
348,-6.19948536950686e-16,0.2967844883322262,-1.2434497875801782e-16,-3.925748615074543e-16,-3.588240815588501e-16,0.7344138629149909,-3.6557423754857104e-15,5.132792792428392,0.0,0.0,381.5278000666392,0.0,0.0,0.0,0.0,0.0,290.9270325665437,0.0,0.0,0.0,0.0,0.0,0.0,0.0,0.0,0.0,2016.9147612897448,2418.4890317284176,8097.883694985336,1898.9861134831092,0.0,861.7108522740951,656.0881927131497,0.0,9122.387684240886,2882.0261848265477,0.0,1144.959589388829,565.56775541259,0.0,1326.7207852930214,2955.01361876433,0.0,0.0
349,-6.19948536950686e-16,0.3022841637304986,-1.2434497875801782e-16,-3.925748615074542e-16,-3.588240815588502e-16,0.6366259515348852,-3.6557423754857104e-15,4.769180727674966,0.0,0.0,351.4909336550757,0.0,0.0,0.0,0.0,0.0,282.2366341115785,0.0,0.0,0.0,0.0,0.0,0.0,0.0,0.0,0.0,2028.6686606207493,2426.506968909638,8411.404949386462,2085.7517925989423,0.0,836.4915583506305,605.4338590819315,0.0,9358.72489291951,3029.448172173324,0.0,1043.5873127410794,518.5538950023933,0.0,1256.7673965554902,2798.1653721493294,0.0,0.0
350,0.0052147213164622,0.276344460407153,-1.2434497875801782e-16,-3.925748615074543e-16,-3.588240815588501e-16,0.5251958259820465,-3.6557423754857104e-15,4.386803848309056,0.0,0.0,323.0208029003331,0.0,0.0,0.0,0.0,0.0,282.57680419085983,0.0,0.0,0.0,0.0,0.0,0.0,0.0,0.0,0.0,1868.24923953688,2167.325628960136,7901.562889834657,1974.9843617638917,0.0,760.2481043292732,547.3326824746512,0.0,8807.28447464913,2876.2604558394164,0.0,938.1343841332172,466.7908400582063,0.0,1139.947907746953,2537.325341631384,0.0,0.0
351,0.023205940983388,0.2407242383451239,-1.2434497875801782e-16,-3.925748615074543e-16,-3.588240815588501e-16,0.4530417780199344,-3.6557423754857104e-15,4.018133142573398,0.0,0.0,269.6805635460995,0.0,0.0,0.0,0.0,0.0,260.6059120706449,0.0,0.0,0.0,0.0,0.0,0.0,0.0,0.0,0.0,1038.6019136570258,1216.033094714321,4435.782080714621,1116.9256031684529,0.0,419.41332780293817,301.870707950113,0.0,4934.403323843208,1621.5351725143173,0.0,523.8936560551202,262.9012690850131,0.0,639.760658962043,1420.36932255022,0.0,0.0
352,0.0428658777807303,0.1970005071229235,-1.2434497875801782e-16,-3.925748615074543e-16,-3.588240815588501e-16,0.3819404815415292,0.0025508104532026,3.5837023919586457,0.0,0.0,229.49494875091872,0.0,0.0,0.0,0.0,0.0,269.3923109667936,0.0,0.0,0.0,0.0,0.0,0.0,0.0,0.0,0.0,1353.5943773575543,1664.8550397805534,6068.021495867515,1582.7843026217329,0.0,525.1737648030905,377.9630662592519,0.0,6682.221924821598,2263.1095093281547,0.0,700.1780524792586,366.7968419332982,0.0,876.0624139274955,1920.61647957234,0.0,0.0
353,0.0625258145780725,0.1523694523455148,-1.2434497875801782e-16,-3.925748615074543e-16,-3.588240815588501e-16,0.3108391850631234,0.0209976164252455,3.1567737349236102,0.0,0.0,419.26442764935865,0.0,0.0,0.0,0.0,0.0,473.7065373830755,0.0,0.0,0.0,0.0,0.0,0.0,0.0,0.0,0.0,1673.3218637607404,2092.286946693313,7888.743318934266,2001.061637373553,0.0,610.643648461158,435.3796749225684,0.0,8610.597188928754,2860.6226735502387,0.0,878.752487149854,472.21103611784713,0.0,1138.2090259794538,2520.025597243161,0.0,0.0
354,0.0804844106910293,0.111600700385382,-1.2434497875801782e-16,-3.925748615074543e-16,-3.588240815588501e-16,0.2459362073050435,0.0412646159601292,2.8060086743467494,22.096700178338267,0.0,1962.388454848426,0.0,0.0,5.217276430996535,0.0,0.0,2139.30505082089,0.0,0.0,0.0,0.0,0.0,0.0,54.70467787206662,0.0,0.0,1531.1159051488282,1587.5001919797787,7501.907447986653,1253.4269599246063,0.0,366.83162585710886,222.6129435804736,0.0,7937.215112183453,1798.6202706337783,0.0,599.217844279302,241.08162309726023,0.0,911.3973051805544,2384.9682423831314,0.0,0.0
355,0.0986320446578067,0.0710467425678507,-1.2434497875801782e-16,-3.925748615074543e-16,-3.588240815588501e-16,0.2278596140960896,0.0617449523322222,2.503224813960665,325.03048405173325,0.0,2758.9179642337785,7.014539341771883,0.0,114.4906627703246,75.67066298663651,0.0,3043.828065873612,77.18462750168766,0.0,74.5394329220443,50.62403132735544,0.0,216.98793823496973,774.6668646688203,5.857617720951219,0.0,1363.4242509035255,1251.4813507128003,6733.577259163549,702.7298098079949,0.0,191.0102625072548,68.64725078886812,0.0,6987.888133952574,956.0245642333944,0.0,288.26896386219465,62.34305066457126,0.0,535.1433777614025,1893.8850406629167,0.0,0.0
356,0.1129244321222585,0.0536480368504981,-1.2434497875801782e-16,-3.925748615074542e-16,-3.588240815588501e-16,0.2619901745514948,0.0826140175255777,2.2398601723242675,834.4722048326546,0.0,3308.2440660292827,84.55171479908704,0.0,349.42844189424187,358.770379185601,0.0,3753.1705029366817,370.6004814482466,0.0,338.74850923377744,273.86770353509706,0.0,859.9553779051218,2069.080231977852,70.37676640869867,0.0,1176.6357028512712,1011.1246684080955,5994.170360020916,241.80427818484503,0.0,62.44414133122444,0.0,0.0,6058.527610148843,241.3328677347176,0.0,2.538694774988364,0.0,0.0,131.36583335708482,1351.9694200232718,0.0,0.0
357,0.1138007879999994,0.0458336485315612,-1.2434497875801782e-16,-3.925748615074543e-16,-3.588240815588501e-16,0.2655351719999999,0.1386585303360192,2.029050144689861,916.8540936366512,0.0,3420.1746408343274,198.95755140501635,0.0,386.512545542329,526.5161889286497,0.0,3920.376916226458,538.9882793925525,0.0,464.3139135365191,405.4726404204906,0.0,1078.637554163928,2435.7190142773684,162.8515501635061,0.0,912.9013347004664,765.2290820895453,4719.424975542183,66.50271529654243,0.0,45.03931709105965,0.0,0.0,4742.278852141133,66.85089705202172,0.0,0.0,0.0,0.0,36.90726608080366,1054.2936092570674,0.0,0.0
358,0.1138007879999994,0.0371815630564781,-1.2434497875801782e-16,-3.925748615074543e-16,-3.588240815588501e-16,0.2665203104451824,0.2940886568396973,1.8177887745523436,932.0,0.0,3445.0,232.0,0.0,387.0,566.0,0.0,3960.0,576.0,0.0,489.0,428.0,0.0,1127.0,2515.0,189.0,0.0,656.3236199334771,550.1414348340254,3392.971517272363,0.0,0.0,32.39177878038806,0.0,0.0,3409.3872074013184,0.0,0.0,0.0,0.0,0.0,0.0,757.9721813925471,0.0,0.0
359,0.1138007879999994,0.0287790569700994,-1.2434497875801782e-16,-3.925748615074543e-16,-3.588240815588501e-16,0.2818294936744183,0.4696593142498554,1.5157146502784606,789.4757988535129,25.73598789776596,3642.3119801267057,359.20985458522466,0.0,330.9424094567569,441.70715554051145,0.0,4150.44640361846,809.0939364282397,0.0,447.01265545926657,328.4675668501649,0.0,1170.0294774695842,2471.8171135382613,151.59427730996754,0.0,264.43891683905747,221.33281816565204,1366.7990513020234,0.0,0.0,13.015217127582272,0.0,0.0,1373.291566980235,0.0,0.0,0.0,0.0,0.0,0.0,304.9942980604879,0.0,0.0
360,0.1078718360531555,0.0199861197607971,-1.2434497875801782e-16,-3.925748615074543e-16,-3.588240815588501e-16,0.2931837003963257,0.6580640183263597,1.162731453600956,558.4124460861158,99.58324080314932,4008.4689257023815,614.3560483051924,0.0,233.9507907369681,230.65122204804152,0.0,4504.506551501445,1227.007270353234,0.0,368.1389197322835,156.0014377035783,0.0,1234.6382008804944,2382.752515981262,81.51374001933627,0.0,222.50090353981824,139.42791953328026,1155.2854254423785,0.0,0.0,7.762661741652558,0.0,0.0,1135.8398186218262,0.0,0.0,0.0,0.0,0.0,0.0,202.9221359848301,0.0,0.0
361,0.0902167713089696,0.0116329438139532,-1.2434497875801782e-16,-3.925748615074542e-16,-3.588240815588501e-16,0.2739714495548174,0.8555381927707613,0.8285462596757657,522.4075329710478,277.1337064329461,3996.1892041076,851.485773787673,0.0,183.6622306657412,161.8993696053554,0.0,4452.740571794645,1369.1542505206792,0.0,281.3853362388349,83.05450341136282,0.0,1119.5086795684936,2110.2213735825053,22.2306865692484,0.0,521.5361943854946,46.044229280411685,2739.575861012051,0.0,0.0,0.2275522407356529,0.0,0.0,2544.3228531106206,0.0,0.0,0.0,0.0,0.0,0.0,153.37836343139523,0.0,0.0
362,0.0718800994883717,0.0088847791295678,-1.2434497875801782e-16,-3.925748615074543e-16,-3.588240815588501e-16,0.2522790469435211,1.1180733044973137,0.5191846721024966,368.6184304395069,199.7738418449549,2825.351136797932,607.1044979204916,0.0,128.74609014949982,113.018292180299,0.0,3147.314439094758,971.1015435198022,0.0,197.11610045337028,57.1674433287122,0.0,789.088821424557,1486.253659372775,14.482804900895502,0.0,491.52688654501856,0.1096153846153846,3186.072646033947,0.0,0.0,0.0,0.0,0.0,3048.836646183821,0.0,0.0,0.0,0.0,0.0,0.0,94.9042789164075,0.0,0.0
363,0.0524092005448496,0.0067213459136209,-1.2434497875801782e-16,-3.925748615074543e-16,-3.588240815588501e-16,0.2292448462325575,1.4790226231283925,0.2454278399624954,694.4479819451483,413.6549124500736,2119.2729336526813,480.5781026317589,0.0,261.699031900261,176.9267397346774,0.0,2291.472392724295,649.222092780201,0.0,144.0507800988534,48.29022530595712,0.0,541.2802638728957,859.4700512699319,7.473988446162004,0.0,0.0,0.0,2200.168372596514,0.0,0.0,0.0,0.0,0.0,2486.015918165747,0.0,0.0,0.0,0.0,0.0,0.0,0.0,0.0,0.0
364,0.0329383016013281,0.0045579126976741,-1.2434497875801782e-16,-3.925748615074543e-16,-3.588240815588501e-16,0.2049885048668535,1.9369671026112916,0.0718181006481143,2996.157467316393,1844.508376899745,4003.486867187851,1009.370090567565,0.0,1159.5293233504974,705.4879402370069,0.0,4049.5110698212807,907.1358061049696,0.0,256.83986914591566,113.21845107754515,0.0,818.7028305904234,594.5879251144445,1.292891055088095,0.0,0.0,0.0,1900.1090132452457,0.0,0.0,0.0,0.0,0.0,2279.763307530121,0.0,0.0,0.0,0.0,0.0,0.0,0.0,0.0,0.0
365,0.0140345162192685,0.0024574920996675,-1.2434497875801782e-16,-3.925748615074543e-16,-3.588240815588501e-16,0.1673355668770765,2.493459279844679,0.0163067800515131,5144.044045849728,3194.702846794505,5852.369966412406,1534.2036609417928,0.0,2000.9246826750707,1207.2187061991915,0.0,5796.69869613237,1201.098602544437,0.0,382.8416850856984,185.4125035665758,0.0,1130.4845630792809,416.0424911323005,0.0,0.0,0.0,0.0,1629.3847633135372,0.0,0.0,0.0,0.0,0.0,2019.492622324901,0.0,0.0,0.0,0.0,0.0,0.0,0.0,0.0,0.0
366,0.0007294952640129,0.000531808619495,-1.2434497875801782e-16,-3.925748615074543e-16,0.0016793725807588,0.1339682782469785,3.1198728354944456,0.0009198562864392,4997.348028843065,3159.175631035029,6016.742421088815,1606.053615723108,0.0,1957.0233000783649,1204.1531309800398,0.0,6021.44822574635,1362.767103436438,0.0,439.4676970682522,217.86700213831236,0.0,1270.617347705627,655.9630663907591,0.0,0.0,0.0,0.0,1514.2185349692556,0.0,0.0,0.0,0.0,0.0,1899.10918180442,0.0,0.0,0.0,0.0,0.0,0.0,0.0,0.0,0.0
367,-6.235012506294864e-16,-2.4691360067663543e-16,-1.2434497875801782e-16,-3.925748615074543e-16,0.0176147037209298,0.1309080960000004,3.811255617806579,1.8129497902918924e-14,3365.925070352646,2376.141031735552,5855.912771933079,1668.2632184555084,0.0,1375.9245787164257,956.5058357471124,0.0,6166.549852624912,1917.057772298335,0.0,609.8469779150411,315.4144387318411,0.0,1692.1684769265248,1766.0011303160172,0.0,0.0,0.0,0.0,1207.8351760438447,0.0,0.0,0.0,0.0,0.0,1533.127947438192,0.0,0.0,0.0,0.0,0.0,0.0,0.0,0.0,0.0
368,-6.235012506294864e-16,-2.4691360067663543e-16,-1.2434497875801782e-16,-3.925748615074543e-16,0.0361251750498335,0.1298801254485054,4.372426022989161,1.8129497902918924e-14,2317.1504705755315,1872.784801048217,5752.524615541274,1708.20370402417,0.0,1002.367501714304,797.2579625179557,0.0,6259.789727734162,2273.374245691036,0.0,719.3748285424833,378.1534507328442,0.0,1963.107606923992,2479.5766989614785,3.409559118777415,0.0,0.0,0.0,1127.8137483302642,0.0,0.0,0.0,0.0,0.0,1390.057996734739,0.0,0.0,0.0,0.0,0.0,0.0,0.0,0.0,0.0
369,-6.235012506294864e-16,-2.4691360067663543e-16,-1.2434497875801782e-16,-3.925748615074543e-16,0.0531694704318933,0.1159185061794024,4.780043944227601,1.8129497902918924e-14,1359.4355612017544,1478.47627856847,5713.294143446936,1816.450366146123,0.0,650.1972683074632,618.891764421982,0.0,6389.9069947305015,2630.719681473288,0.0,765.1332532576082,399.4110817864541,0.0,2030.644251791044,3041.3598017921267,139.86642432188324,0.0,0.0,0.0,1097.313258203563,0.0,0.0,0.0,0.0,0.0,1347.5942579413434,0.0,0.0,0.0,0.0,0.0,0.0,0.0,0.0,0.0
370,-6.235012506294864e-16,-2.4691360067663543e-16,-1.2434497875801782e-16,-3.925748615074543e-16,0.0718632137541524,0.093738064664452,5.036037316581088,1.8129497902918924e-14,2197.544650111149,2164.380343703877,6079.162577318572,2120.5688673427094,0.0,904.3400887111744,608.386475228583,0.0,6548.546379199849,2530.780504525994,0.0,436.376262447568,194.38647522858295,0.0,993.3816091421768,2102.283970020954,152.27799060719514,0.0,0.0,0.0,1018.866125682176,0.0,0.0,0.0,0.0,0.0,1238.600561101891,0.0,0.0,0.0,0.0,0.0,0.0,0.0,0.0,0.0
371,-6.235012506294864e-16,-2.4691360067663543e-16,-1.2434497875801782e-16,-3.925748615074543e-16,0.0914733170431889,0.0704703466046512,5.146829543679528,1.8129497902918924e-14,2171.7772194771405,2056.70870397014,6104.282371059128,2077.508608136628,0.0,920.0217502064618,666.1525278742379,0.0,6579.563363925014,2606.7875226411165,0.0,503.8932852148149,252.15252787423788,0.0,1164.6706542447073,2302.927225279624,109.70894935640332,0.0,0.0,0.0,951.7582487255764,0.0,0.0,0.0,0.0,0.0,1146.3575662860253,0.0,0.0,0.0,0.0,0.0,0.0,0.0,0.0,0.0
372,-6.235012506294864e-16,-2.4691360067663543e-16,-1.2434497875801782e-16,-3.925748615074543e-16,0.1091445245815902,0.0480724497807308,5.189993649131909,1.8129497902918924e-14,2146.822131280589,1952.442447091613,6128.619363360007,2035.777913263262,0.0,935.1456185522752,722.0322833164488,0.0,6609.582452109558,2680.4165954394243,0.0,569.2829447373405,308.03228331644885,0.0,1330.557597107471,2497.241449751978,67.12221368777344,0.0,0.0,0.0,877.9772997178463,0.0,0.0,0.0,0.0,0.0,1081.6863605208591,0.0,0.0,0.0,0.0,0.0,0.0,0.0,0.0,0.0
373,-6.235012506294864e-16,-2.4691360067663543e-16,-1.2434497875801782e-16,-3.925748615074543e-16,0.1382780223515935,0.0267618295016611,5.148468390093727,1.8129497902918924e-14,2237.328020504108,1950.324710181834,6122.300657288927,1972.1838908952056,0.0,976.4557863360614,790.0600817538477,0.0,6570.880753022568,2639.599964089092,0.0,613.7293125726569,364.0521912004325,0.0,1398.4304944078692,2594.3130667708906,34.31411850270285,0.0,0.0,0.0,814.004729221286,0.0,0.0,0.0,0.0,0.0,1060.533823332369,0.0,0.0,0.0,0.0,0.0,0.0,0.0,0.0,0.0
374,-6.235012506294864e-16,-2.4691360067663543e-16,-1.2434497875801782e-16,-3.925748615074542e-16,0.1796506211362123,0.0067141303510963,4.996315796141657,1.8129497902918924e-14,2721.007945787683,2293.5433521400737,6036.196261399547,1828.539076960997,0.0,1112.716719194921,925.2603765751747,0.0,6334.390276611605,2248.191275484244,0.0,607.5344002611877,458.5018180443031,0.0,1200.6931002534757,2440.623879273847,52.58252442061974,0.0,0.0,0.0,772.7752673511443,0.0,0.0,0.0,0.0,0.0,1113.1024199150204,0.0,0.0,0.0,0.0,0.0,0.0,0.0,0.0,0.0
375,-6.235012506294864e-16,-2.4691360067663543e-16,-1.2434497875801782e-16,-3.925748615074543e-16,0.2231190313355479,4.618527782440642e-17,4.6983972580230535,0.0023772142020896,2802.133819629699,2403.698175885302,6103.268058065156,1844.203690330564,0.0,1120.687732500977,984.14630848989,0.0,6406.1645465208285,2267.7489082614456,0.0,622.5359019346439,559.2104308815912,0.0,1243.005776785689,2512.2328225603924,117.21713225438972,0.0,0.0,0.0,589.5720644501386,0.0,0.0,0.0,0.0,0.0,1141.0935218151492,0.0,0.0,0.0,0.0,0.0,0.0,0.0,0.0,0.0
376,-6.235012506294864e-16,-2.4691360067663543e-16,-1.2434497875801782e-16,-3.925748615074543e-16,0.2636294762519259,4.618527782440643e-17,4.300511612554463,0.0114981948175766,2512.1099440153853,2058.872626618323,5900.038269888558,1872.512766346868,0.0,909.4520803503436,949.3462757679324,0.0,6156.939982954297,2275.755980231465,0.0,635.2449218290499,620.5679450740985,0.0,1172.9142262762923,2424.2566822929903,152.48066899993387,0.0,0.0,0.0,490.8437312453025,0.0,0.0,0.0,0.0,0.0,1029.8837214513858,0.0,0.0,0.0,0.0,0.0,0.0,0.0,0.0,0.0
377,-6.235012506294864e-16,-2.4691360067663543e-16,-1.2434497875801782e-16,-3.925748615074543e-16,0.2981242271960129,4.618527782440642e-17,3.812843852296191,0.0266850358436163,1534.3791554755423,1169.1053202916005,3731.316775299254,1172.3228869142697,0.0,537.2051267094016,576.130986053973,0.0,3889.002155786605,1406.516027347148,0.0,369.6488861546705,374.1759127188977,0.0,710.2670672619831,1485.5094032164363,88.15880795102261,0.0,0.0,0.0,493.80934939091554,0.0,0.0,0.0,0.0,0.0,1001.3490272376772,0.0,0.0,0.0,0.0,0.0,0.0,5.4709590091099125,0.0,0.0
378,-6.235012506294864e-16,0.0015594276516736,-1.2434497875801782e-16,-3.925748615074543e-16,0.3346891599882443,4.618527782440642e-17,3.1999880723759238,0.0516205132026759,1565.458538142267,275.54251795859875,4980.845954923731,1386.1809268682557,0.0,382.100878469621,508.7529288746374,0.0,5149.109918080686,1475.7779731537769,0.0,139.5812805831141,258.01670826525526,0.0,618.4471382773631,1476.4917517926972,17.88181000720852,0.0,0.0,0.0,1082.907609905701,0.0,0.0,0.0,0.0,0.0,1554.7398807665193,0.0,0.0,1.3090913548598269,0.0,0.0,0.0,459.4049880521936,0.0,0.0
379,-6.235012506294864e-16,0.0126428846112954,-1.2434497875801782e-16,-3.925748615074543e-16,0.3445582762313859,4.618527782440642e-17,2.6029908590080044,0.0857627975329475,1668.5576821591576,14.038884714590791,5428.643552316755,1292.9750112314912,0.0,294.4612667086517,420.0619455331529,0.0,5550.840574872277,1267.583555874948,0.0,23.55677265668625,66.38726839611579,0.0,490.6279707116928,1393.243570212221,0.0,0.0,0.0,0.0,1598.547095645304,0.0,0.0,0.0,0.0,0.0,2178.4167619314626,0.0,0.0,38.98185420971879,0.0,0.0,14.106901257775542,1322.7393002282952,0.0,0.0
380,-6.235012506294864e-16,0.0244196546112954,-1.2434497875801782e-16,0.000872142556327,0.3382459672425255,4.618527782440643e-17,2.2079693961111384,0.1741434568586711,1629.257339090809,0.0,5010.801470392202,905.30480252382,0.0,182.6448664167474,256.0764949213066,0.0,5040.112192444885,756.5511439396888,0.0,0.0,0.0,0.0,265.27180059709366,1101.4458800811271,0.0,0.0,47.8015210467366,0.0,2783.8708737279576,0.0,0.0,26.54810002857481,0.0,0.0,3553.4375483027743,148.56473690216225,0.0,390.15259063900254,0.0,0.0,526.7133095002212,2297.50868900937,0.0,0.0
381,-6.235012506294864e-16,0.0360724586112954,-1.2434497875801782e-16,0.0065627847508301,0.3315872220996684,4.618527782440643e-17,1.9231827423667716,0.3172027346240713,1597.7315076954078,0.0,4677.099113258388,596.1472123320603,0.0,93.62064501164986,125.58373484109956,0.0,4632.601255503601,350.1663659454514,0.0,0.0,0.0,0.0,86.38073456671076,868.4744014625538,0.0,0.0,204.20640460580563,84.22668185724851,3894.0458466816526,77.78076232735704,0.0,79.32389054805968,0.0,0.0,4837.420099065259,529.4688702048888,0.0,600.6182687364628,0.0,0.0,1027.6854891223195,2774.30703199775,0.0,0.0
382,-6.235012506294864e-16,0.0490888886112954,-1.2434497875801782e-16,0.0136115491694348,0.3249909579174878,4.618527782440642e-17,1.590972290655868,0.4991680177616612,1379.1090450578274,0.0,3861.7809237784977,211.3171608945124,0.0,17.399727354520916,21.493780849702308,0.0,3766.9534257901582,52.88152431275965,0.0,0.0,0.0,0.0,0.0,450.1160647892975,0.0,0.0,471.6137829324632,458.23614956674976,4645.651833464715,454.6802000829674,0.0,164.96018443743097,11.125779728498538,0.0,5889.09869584511,1170.497791771663,0.0,714.3456006342118,21.63427336982416,0.0,1251.5714411157571,3012.548300440206,0.0,0.0
383,-6.235012506294864e-16,0.0617334206112954,-1.2434497875801782e-16,0.0204589203189365,0.2996485436963318,4.618527782440643e-17,1.2544092813747034,0.727706375134817,431.3932128388895,0.0,2451.154913791492,0.0,0.0,0.0,0.0,0.0,2333.4585446333267,0.0,0.0,0.0,0.0,0.0,0.0,0.0,0.0,0.0,833.3758278206744,975.3262946465636,5913.925077803005,1053.3896443167478,0.0,374.75221199928666,116.653098246427,0.0,7362.533571764876,2194.7079388120137,0.0,998.5066569147856,212.1384797947981,0.0,1576.6516844352343,3387.986293789514,0.0,0.0
384,-6.235012506294864e-16,0.0726420086886845,-1.2434497875801782e-16,0.0270377671096342,0.2578838751627906,4.618527782440642e-17,0.9499240903513744,1.0051208017909117,0.0,0.0,2034.506399905193,0.0,0.0,0.0,0.0,0.0,1897.26936004636,0.0,0.0,0.0,0.0,0.0,0.0,0.0,0.0,0.0,1301.8438431181676,1870.643165214518,7090.2764923148425,1631.4184513533069,0.0,622.1517971526588,366.2005937385128,0.0,8430.108964302359,2831.108809147299,0.0,1243.165994996027,547.5055659052273,0.0,1743.1976960358722,3648.386834478597,0.0,0.0
385,-6.235012506294864e-16,0.0746275319999997,-1.2434497875801782e-16,0.0338851382591359,0.2139850846644518,4.618527782440642e-17,0.6618070146695301,1.3641476730897193,0.0,0.0,1685.1081120108684,0.0,0.0,0.0,0.0,0.0,1533.752440600597,0.0,0.0,0.0,0.0,0.0,0.0,0.0,0.0,0.0,1413.9175847005722,2036.8873163222197,7216.295785705412,1647.0212734025488,0.0,718.2043346361651,444.1936183873287,0.0,8531.095968954156,2799.895036070041,0.0,1337.5612622384558,616.0399092883448,0.0,1695.589809343776,3673.8293762882527,0.0,0.0
386,-6.235012506294864e-16,0.0746275319999997,-1.2434497875801782e-16,0.0396475111673143,0.1716310540592351,4.618527782440643e-17,0.3926503132370056,1.7957777325720123,0.0,0.0,1165.3400366539047,0.0,0.0,0.0,0.0,0.0,1031.275194603949,0.0,0.0,0.0,0.0,0.0,0.0,0.0,0.0,0.0,1539.871800568131,2211.672721485223,7321.642706831813,1644.4174969101405,0.0,809.7326311765544,509.1766371966886,0.0,8602.61188718698,2734.7990033284423,0.0,1402.75423248809,669.2586658237568,0.0,1628.6869933406322,3667.906194131208,0.0,0.0
387,-6.235012506294864e-16,0.0746275319999997,-1.2434497875801782e-16,0.0404129159999997,0.1237197153887036,4.618527782440642e-17,0.1572333846553112,2.263996051647029,0.0,0.0,987.0343103702912,0.0,0.0,0.0,0.0,0.0,844.2286658110446,0.0,0.0,0.0,0.0,0.0,0.0,0.0,0.0,0.0,1668.2238106014886,2413.251131563066,7166.722301850735,1452.4719246630457,0.0,939.1932332528668,581.4283217662443,0.0,8384.888214142024,2473.3994920539126,0.0,1414.2689222490444,705.6932332528667,0.0,1561.889722892778,3663.7165434520216,0.0,0.0
388,-6.235012506294864e-16,0.0734342475461666,-1.2434497875801782e-16,0.0404129159999997,0.0693451490367952,4.618527782440642e-17,0.0323682507147197,2.790617019250318,0.0,0.0,838.5189931361508,0.0,0.0,0.0,0.0,0.0,686.0903160975178,0.0,0.0,0.0,0.0,0.0,0.0,0.0,0.0,0.0,1664.2130881841636,2294.46064126597,7046.407243384344,1379.1466923816756,0.0,976.8742712527642,631.0398966184233,0.0,8317.368197190552,2490.4917223743814,0.0,1499.129737616941,769.5793591812976,0.0,1698.1109781741022,3864.727752412233,13.531361644549648,0.0
389,-6.235012506294864e-16,0.0624805113887041,-1.2434497875801782e-16,0.0404129159999997,0.0377279832400173,4.618527782440642e-17,0.0075529663812402,3.361778463421069,0.0,0.0,774.9984836981051,0.0,0.0,0.0,0.0,0.0,613.2911628121378,0.0,0.0,0.0,0.0,0.0,0.0,0.0,0.0,0.0,1253.5646120924766,927.4453036913616,6230.163962568353,1063.9317152000133,0.0,886.3637471130537,798.3356451840115,0.0,8077.154915634259,2926.3110226631024,0.0,2190.170531155516,1166.410353556592,0.0,3043.5707881872627,5480.325910763928,570.2254490808909,0.0
390,-6.235012506294864e-16,0.0495880473887041,-1.2434497875801782e-16,0.0392358890725031,0.0255164036411955,4.618527782440642e-17,0.0044092358671049,3.8492208389712927,0.0,0.0,692.1370691562805,0.0,0.0,0.0,0.0,0.0,513.6396853972861,0.0,0.0,0.0,0.0,0.0,0.0,0.0,0.0,0.0,843.0724265283604,351.40306724211774,6175.333600679295,1127.920026253337,0.0,637.5676564051048,604.9992960889393,0.0,8290.76807185823,3410.1806652668247,0.0,2280.9691364255004,1118.0396354832476,0.0,3604.084023671034,5917.889500557802,915.492713931916,0.0
391,-6.235012506294864e-16,0.0374393793887042,-1.2434497875801782e-16,0.0332459514418602,0.0144978442923582,4.618527782440643e-17,0.0022701016345467,4.197141406339176,0.0,0.0,625.1843285287829,0.0,0.0,0.0,0.0,0.0,452.1123152976031,0.0,0.0,0.0,0.0,0.0,0.0,0.0,0.0,0.0,1076.1450091900092,818.9839023160106,6523.077909192706,1248.836772372786,0.0,738.3650194000908,530.7049536292405,0.0,8453.359845504365,3271.572766232452,0.0,1928.2116543586,918.1667171172088,0.0,2725.59767670585,4899.826943127828,683.8454713886789,0.0
392,-6.235012506294864e-16,0.0267783033887042,-1.2434497875801782e-16,0.0274726777275743,0.004832107875287,4.618527782440642e-17,0.0004544680787072,4.369445833002833,0.0,0.0,586.0890277477578,0.0,0.0,0.0,0.0,0.0,432.0129771610772,0.0,0.0,0.0,0.0,0.0,0.0,0.0,0.0,0.0,1269.733824544228,1146.8106644329112,6737.4416024231405,1314.5629534122938,0.0,807.681094673304,537.8284923277722,0.0,8528.53755680061,3167.660194383688,0.0,1777.0479771887346,845.5140833231441,0.0,2362.5326072716657,4486.025593458439,546.6309379902295,0.0
393,-6.235012506294864e-16,0.0142577373887041,-1.2434497875801782e-16,0.0206924376677736,2.1920898081210155e-05,4.618527782440642e-17,-4.726885549644058e-15,4.42708443359964,0.0,0.0,508.6230288713187,0.0,0.0,0.0,0.0,0.0,370.7975964738548,0.0,0.0,0.0,0.0,0.0,0.0,0.0,0.0,0.0,1426.603086781309,1420.757859209721,6941.399811143461,1391.2518081717817,0.0,832.8259769590385,568.7115311699226,0.0,8613.191200548856,3145.95849232644,0.0,1724.1133637764283,829.9933878338915,0.0,2327.2041583609616,4428.868700273915,476.0726579444409,0.0
394,-6.235012506294864e-16,0.0018643007255245,-1.2434497875801782e-16,0.0133751488903649,-4.529709940470652e-16,4.618527782440643e-17,-4.726885549644058e-15,4.401922162278952,0.0,0.0,403.6682416792246,0.0,0.0,0.0,0.0,0.0,291.8251595048917,0.0,0.0,0.0,0.0,0.0,0.0,0.0,0.0,0.0,1346.9062618474643,1437.2568428745385,7027.355455343687,1512.0843642749503,0.0,791.5466816984468,588.2804649463228,0.0,8675.280464946323,3306.1871015494294,0.0,1787.014248194199,922.252343313567,0.0,2429.565429453617,4614.2617171911525,497.0933633968936,0.0
395,-6.235012506294864e-16,-2.52242671194836e-16,-1.2434497875801782e-16,0.0069976953687703,-4.529709940470652e-16,4.618527782440642e-17,-4.726885549644058e-15,4.256370156077264,0.0,0.0,315.4166666666667,0.0,0.0,0.0,0.0,0.0,230.91666666666663,0.0,0.0,0.0,0.0,0.0,0.0,0.0,0.0,0.0,1318.4479164228335,1461.6616282425796,7090.529621220988,1563.6259469475306,0.0,782.632424224691,587.6115908913577,0.0,8673.244886385803,3299.657197679029,0.0,1791.857348546915,963.6509469475304,0.0,2380.710795787045,4636.67719709383,477.1388636629636,0.0
396,-6.235012506294864e-16,-2.52242671194836e-16,-1.2434497875801782e-16,0.0009667775492596,-4.529709940470652e-16,4.618527782440642e-17,-4.726885549644058e-15,3.9736870507854034,0.0,0.0,259.7815108630898,0.0,0.0,0.0,0.0,0.0,204.42867983920613,0.0,0.0,0.0,0.0,0.0,0.0,0.0,0.0,0.0,1404.7329344501354,1601.532723210937,7065.5026645182925,1486.5212524986296,0.0,789.0266701764666,609.4760213642388,0.0,8560.134189999446,3039.9850049778847,0.0,1798.4315153511752,1011.7717159359352,0.0,2311.95955725469,4654.799579713636,472.20726074256606,0.0
397,0.0032313529435209,0.0001347467054912,-1.2434497875801782e-16,0.0028442650506152,-4.529709940470652e-16,0.0009372995692789,9.046102090596298e-05,3.6054604147915,0.0,0.0,170.81126073640675,0.0,0.0,0.0,0.0,0.0,149.3779717485398,0.0,0.0,0.0,0.0,0.0,0.0,0.0,0.0,0.0,1401.4356747783231,1583.623243151353,7084.411301614745,1519.8036153336702,0.0,782.2685636833305,628.962516469468,0.0,8575.373818084214,3095.7461667862103,0.0,1833.5599170750268,1056.675457151426,0.0,2339.842568246419,4719.486419396179,476.1155400763992,0.0
398,0.0209981851665869,0.0103385996611293,-1.2434497875801782e-16,0.0152408165980062,3.6654398670643385e-05,0.0155217552074039,0.0219396481993308,3.258907794566702,0.0,0.0,143.29011928084776,0.0,0.0,0.0,0.0,0.0,156.83453756073186,0.0,0.0,0.0,0.0,0.0,0.0,0.0,0.0,0.0,1374.133719495885,1529.561898855046,7096.434451799152,1583.342121162984,0.0,763.9386887440274,643.6169849489405,0.0,8648.723845155453,3208.651483406893,0.0,1861.819567384125,1092.375654094723,0.0,2394.1242753521306,4786.107744548381,489.7415866200068,0.0
399,0.0568291893673204,0.029474255003322,-1.2434497875801782e-16,0.0293029265780727,0.0135539804223492,0.0457224947228028,0.1147266204518225,2.8615709394310054,0.0,0.0,102.0323588536471,0.0,0.0,0.0,0.0,0.0,172.56278232098512,0.0,0.0,0.0,0.0,0.0,0.0,0.0,0.0,0.0,1330.5516001274773,1415.5886785367345,7108.148690005164,1652.9650725520914,0.0,731.3837144449428,655.5632846092673,0.0,8749.232912489366,3328.0442354121296,0.0,1869.905400974526,1121.5691227698628,0.0,2478.550550260676,4847.168310276234,527.9466946720635,0.0
400,0.1058418413222585,0.0493990095348835,-1.2434497875801782e-16,0.0439449173820594,0.0377116103720925,0.0794131961860464,0.2193720815403679,2.422304181352321,0.0,0.0,105.64767040619054,0.0,0.0,0.0,0.0,0.0,177.0,0.0,0.0,0.0,0.0,0.0,0.0,0.0,0.0,0.0,1285.2141768512888,1120.534317513766,7308.526309467533,1833.098349229878,0.0,696.8260212554934,729.6189510216974,0.0,8796.21496965781,3539.491915694357,0.0,1931.3776609969395,1260.7677597315728,0.0,2600.380800062685,5004.633931924634,614.1744793496813,0.0
401,0.150589860697674,0.0675482908903653,-1.2434497875801782e-16,0.0572821763322255,0.0597256656279065,0.1101040477475081,0.3387566756472579,2.037810265225499,0.0,0.0,168.39055206944383,0.0,0.0,0.0,0.0,0.0,248.33274180828136,0.0,0.0,0.0,0.0,0.0,0.0,0.0,0.0,0.0,1268.5575727626351,1007.2854159970802,7057.440615632627,1604.4113298401126,0.0,692.3148830951124,755.6673541704888,0.0,8419.14193421905,3150.9509629425074,0.0,1896.2683777595323,1255.9221419807632,0.0,2476.2073695627737,4913.175327005444,591.7955925660906,0.0
402,0.2006881867375414,0.089078339009617,-1.2434497875801782e-16,0.0863781099646787,0.0853489978017132,0.1444644576478402,0.5870571814841705,1.7165332064829684,5.0108712424076645,0.0,818.722339516782,0.0,0.0,0.0,0.0,0.0,1003.9881962863972,0.0,0.0,0.0,0.0,0.0,1.8278649815071983,28.42645195378436,0.0,0.0,1230.937525886955,787.6190599988188,6311.004991561807,965.8897249547769,0.0,664.7365230158904,749.8641927999125,0.0,7506.798488096784,2140.582798181953,0.0,1743.8924371918636,1217.1221325204513,0.0,2086.6342723559223,4648.9528749398805,574.0088851386522,0.0
403,0.251169340567851,0.120468704662663,-1.2434497875801782e-16,0.1534389402604134,0.1257565531188342,0.1801177825560945,0.9531680636465572,1.4693609669800831,76.44445941674932,0.0,1755.4910004981737,0.0,0.0,0.0,0.0,0.0,2092.5023539701424,15.358046332985973,0.0,0.0,0.0,0.0,60.834265533502695,488.55688155773765,0.0,0.0,1143.307924934252,505.4359245542334,5277.615132851141,351.98854311324334,0.0,483.450966843404,587.482037107652,0.0,6234.645727044324,886.4896641370572,0.0,1322.3918223822425,969.0113572699582,0.0,1395.9796261193164,3860.3227878863854,425.2503989799061,0.0
404,0.281011407454019,0.1407046434384676,-1.2434497875801782e-16,0.2061517513754145,0.1694587792730608,0.1985528379939203,1.3005822394031177,1.2502067927900105,120.3727700053036,0.0,2906.185976397506,0.0,0.0,0.0,0.0,0.0,3430.2937324898526,266.29024363282525,0.0,0.0,0.0,0.0,568.7381051575322,1519.4947388893008,0.0,0.0,959.6083771358892,110.86939733619158,3777.715989008731,0.0,0.0,125.43804642777458,257.9096669190668,0.0,4325.713977869781,0.0,0.0,566.8367402845973,454.2779597829468,0.0,306.19870775914984,2342.052604423279,93.29994425815389,0.0
405,0.2927426369562688,0.1528167015686487,-1.2434497875801782e-16,0.2557710991495008,0.2002150163574471,0.2008345858010706,1.5820905026523755,1.0704265656901688,181.3072452015459,69.64692495410289,3588.7653035296094,284.0617721868209,0.0,27.96418816339021,0.0,0.0,4237.554728669415,1043.1895361993136,0.0,126.82749878960858,124.53661763280296,0.0,1351.644089614409,2397.09003191239,170.38329830914495,0.0,324.7657560550722,1.1265920266811082,2789.940949138595,0.0,0.0,9.900354173864285,59.9824906326881,0.0,3156.298861799442,0.0,0.0,128.77288256488305,112.04469792628475,0.0,3.1408020137776345,757.3142459913234,0.9558962650627584,0.0
406,0.2928076920000005,0.1834103740066443,-1.2434497875801782e-16,0.3084916561594675,0.2234880464053144,0.2034212045980061,1.9078462668799527,0.8943907329274937,295.7876073842731,342.8633390895023,4190.764891268463,1084.645322021026,0.0,178.38572303356307,5.056810454030268,0.0,4953.660379870896,1965.1214159877188,0.0,480.7186757900736,503.4144207301163,0.0,2143.987163209344,3265.0105776025707,625.4976138505542,0.0,0.0,0.0,2325.114746171112,0.0,0.0,0.0,0.0,0.0,2675.6219639141163,0.0,0.0,0.0,0.0,0.0,0.0,54.06841602773164,0.0,0.0
407,0.2907709823694935,0.2180446622790694,-1.2434497875801782e-16,0.3577464654635264,0.2460762166245833,0.2072164479511768,2.2576455674005422,0.7346445587771377,553.8226250566674,637.4712426534884,4685.1853067502725,1419.8126216458954,0.0,406.81433970760753,87.97399564281478,0.0,5498.7957094582525,2609.1011754709107,0.0,578.432975915635,660.6430376482218,0.0,2577.292354890076,3781.802229225069,728.6707483439042,0.0,0.0,0.0,2047.1192485385625,0.0,0.0,0.0,0.0,0.0,2442.1833667997216,0.0,0.0,0.0,0.0,0.0,0.0,0.0,0.0,0.0
408,0.2733580157936134,0.2429057330126784,-1.2434497875801782e-16,0.3819644527281843,0.26710405758953,0.1982231216928603,2.5299735716786165,0.5712183330002227,1227.5841925175534,1256.3610138807517,4934.660050357666,1547.7696716578598,0.0,712.013084099265,314.143830316493,0.0,5668.401109903266,2601.0962603896587,0.0,645.9658990500292,687.4474645186881,0.0,2373.808154200457,3691.355477655329,652.4419756809764,0.0,0.0,0.0,1765.2138921683134,0.0,0.0,0.0,0.0,0.0,2205.4469108961457,0.0,0.0,0.0,0.0,0.0,0.0,0.0,0.0,0.0
409,0.2437144525928956,0.2501510325847174,-1.2434497875801782e-16,0.3714433207176078,0.2672140511730118,0.1754622937582417,2.676826276575512,0.4259014926440264,1637.5883470574397,1850.0025355406883,4869.5672996325575,1382.9807620968784,0.0,848.958850093109,415.54538762878747,0.0,5571.000081436208,2307.755787874596,0.0,718.9659802936216,582.8204514802346,0.0,2110.394718440888,3545.731747484868,505.3208776849857,0.0,0.0,0.0,1438.387226553098,0.0,0.0,0.0,0.0,0.0,1811.5660104408064,0.0,0.0,0.0,0.0,0.0,0.0,0.0,0.0,0.0
410,0.2176085161196014,0.2534202754684385,-1.2434497875801782e-16,0.3636149295946845,0.2560931636411948,0.1598312994817277,2.762224140239196,0.3426670643083244,1617.203283529632,1923.3138820976048,4825.927450262573,1334.4836746049866,0.0,851.2147136586481,422.6584893162338,0.0,5545.06651764893,2267.320915399554,0.0,756.1856194634643,589.3369485398811,0.0,2160.10226930941,3620.349844277919,511.47973783790025,0.0,0.0,0.0,1396.9501965895067,0.0,0.0,0.0,0.0,0.0,1775.6309207869738,0.0,0.0,0.0,0.0,0.0,0.0,0.0,0.0,0.0
411,0.1650782325049832,0.259561607704212,-1.2434497875801782e-16,0.347958147348837,0.2322775294124946,0.1285622144850501,2.969085384730461,0.2233743500139516,1481.0886282606316,2351.1117889996663,4555.0333452412215,1045.3078814996804,0.0,861.1244500618121,462.2016065158958,0.0,5385.091346785066,2025.164453670295,0.0,981.074971457879,633.2056068644234,0.0,2465.016280238489,4077.556801250546,556.5461599352191,0.0,0.0,0.0,1170.188157701372,0.0,0.0,0.0,0.0,0.0,1613.2334200506434,0.0,0.0,0.0,0.0,0.0,0.0,0.0,0.0,0.0
412,0.0994153779867108,0.2521915000009495,-1.2434497875801782e-16,0.3209787252558135,0.2005434518728036,0.0878813232558143,3.1812040583379155,0.1085007855263598,1283.455428785035,2294.6000086334907,4345.460675629383,973.1871458535928,0.0,824.6828909465568,462.6124182770921,0.0,5258.151609272064,1937.171437349306,0.0,1093.7076893765736,769.47652042102,0.0,2631.992176544718,4368.976090174636,721.5720117391776,0.0,0.0,0.0,1024.2276159294463,0.0,0.0,0.0,0.0,0.0,1452.0008685931052,0.0,0.0,0.0,0.0,0.0,0.0,0.0,0.0,0.0
413,0.0576407641803074,0.2355794863681668,-1.2434497875801782e-16,0.2679669798121406,0.1717465998954991,0.0592240170471156,3.1914751854862526,0.0621497981063311,1566.2727356070109,2512.976900474671,4195.821438648712,735.0103381046742,0.0,946.5859538428148,726.2836895606255,0.0,5037.374647416715,1621.5307365158396,0.0,1360.1546009433534,1166.8077641980365,0.0,2606.042174204622,4685.633282958221,983.3678734877624,0.0,0.0,0.0,925.3509688414944,0.0,0.0,0.0,0.0,0.0,1260.162806634449,0.0,0.0,0.0,0.0,0.0,0.0,0.0,0.0,0.0
414,0.019204395803935,0.3262259222836693,-1.2434497875801782e-16,0.206747282392026,0.1243215064823916,0.0323654095071811,3.10353605837526,0.0185417653781945,2110.777727328212,2947.170755644448,4312.776439941441,765.7019181369593,0.0,1118.3465953087948,778.507026621021,0.0,5048.5725114800525,1497.6390704198943,0.0,1184.5386363768052,1017.3401955053118,0.0,2184.204204135772,4128.97405936458,798.0177644648193,0.0,0.0,0.0,865.8752333254367,0.0,0.0,0.0,0.0,0.0,1185.5165784160465,0.0,0.0,0.0,0.0,0.0,0.0,0.0,0.0,0.0
415,0.0002321003153325,0.4784676032042334,-1.2434497875801782e-16,0.1426556248504981,0.0812204374383687,0.0264938775406272,3.1147790139735334,0.0001622398655521,2768.1298114542947,3471.3822022006407,4454.246793080847,803.0479442541405,0.0,1325.671195896898,841.1603636457479,0.0,5062.340145407333,1348.3959909477223,0.0,972.0239934554822,836.1799572869419,0.0,1674.67539397643,3456.1254225935736,573.7155685386892,0.0,0.0,0.0,813.8423576537581,0.0,0.0,0.0,0.0,0.0,1137.4151067660243,0.0,0.0,0.0,0.0,0.0,0.0,0.0,0.0,0.0
416,-5.595524044110788e-16,0.58666271136877,-1.2434497875801782e-16,0.0904519360465115,0.0581429369302323,0.0239765070498338,3.2194367926701424,1.9214851931792487e-14,3508.4222647911097,4048.271380137458,4650.8968977859695,864.3645021292998,0.0,1539.524786254666,932.4425886499216,0.0,5094.832974379392,1200.470405746782,0.0,712.3716503626465,623.9813755672947,0.0,1098.2880841148888,2684.594537428732,292.28221841970634,0.0,0.0,0.0,665.7394876710673,0.0,0.0,0.0,0.0,0.0,992.0523778274342,0.0,0.0,0.0,0.0,0.0,0.0,0.0,0.0,0.0
417,-5.595524044110788e-16,0.6741213795801867,-1.2434497875801782e-16,0.0460012703322257,0.0385208900730894,0.0201866893355481,3.334255749793712,1.9214851931792487e-14,3559.215162825746,4074.2624213379368,4718.342475102569,897.1560667077767,0.0,1527.4891310441212,964.0658219118254,0.0,5121.886370717831,1219.3722679314303,0.0,665.1157653963838,594.5592251843759,0.0,1052.2538175626787,2606.578826981919,232.3499811615194,0.0,0.0,0.0,629.9873554032542,0.0,0.0,0.0,0.0,0.0,956.443459787992,0.0,0.0,0.0,0.0,0.0,0.0,0.0,0.0,0.0
418,-5.595524044110788e-16,0.7812645009696706,-1.2434497875801782e-16,0.0042349846554492,0.0160617874446463,0.0155155186644518,3.612154694192044,1.9214851931792487e-14,3148.65930630416,3733.4440646527137,4800.219633718304,1024.30095989879,0.0,1339.9130450760958,874.110683999144,0.0,5220.6084939873135,1443.0675546446716,0.0,681.5573167570352,611.8038705944408,0.0,1235.9541587341516,2775.8979241464003,278.8520127006147,0.0,0.0,0.0,598.1310836473458,0.0,0.0,0.0,0.0,0.0,926.5802619550426,0.0,0.0,0.0,0.0,0.0,0.0,0.0,0.0,0.0
419,-5.595524044110788e-16,0.8719674639704386,-1.2434497875801782e-16,-3.552713678800498e-16,0.0093485946952331,0.0106240097541528,4.086381015469248,1.921485193179249e-14,2126.383023898651,2603.6051480928745,5039.199475673646,1457.0840400028835,0.0,846.5964426937012,637.7244689218546,0.0,5521.900324785368,2100.910084970352,0.0,680.683652595324,690.5060211452113,0.0,1649.2811083267072,3113.3028273058576,398.6317235197976,0.0,0.0,0.0,539.4489378437092,0.0,0.0,0.0,0.0,0.0,872.1043229217664,0.0,0.0,0.0,0.0,0.0,0.0,0.0,0.0,0.0
420,-5.595524044110788e-16,0.8546702019667776,-1.2434497875801782e-16,-3.552713678800498e-16,0.0121781360857002,0.0063053802657807,4.575477576292083,1.921485193179249e-14,1528.1504227392493,1910.3741471171024,5315.440492377217,1905.160991065147,0.0,559.1283151499923,483.2841512642837,0.0,5900.591931038617,2641.560776044253,0.0,678.0315337433444,795.7495180806766,0.0,1955.474287971838,3353.411220485149,567.6096411749809,0.0,0.0,0.0,468.4455331495864,0.0,0.0,0.0,0.0,0.0,864.5834729536808,0.0,0.0,0.0,0.0,0.0,0.0,0.0,0.0,0.0
421,-5.595524044110788e-16,0.8304075699193881,-1.2434497875801782e-16,-3.552713678800497e-16,0.0288681092085496,0.0018416562402056,4.919220148560638,1.9214851931792487e-14,1128.3161345491585,1533.488325970737,5508.684249979205,2251.592951133158,0.0,333.3143227982265,390.94970418015913,0.0,6219.888204923163,3043.0550515702,0.0,680.2727914755936,873.2779300608794,0.0,2166.3539535851096,3538.928772541255,690.5154199630242,0.0,0.0,0.0,422.97780024382325,0.0,0.0,0.0,0.0,0.0,882.2917163547701,0.0,0.0,0.0,0.0,0.0,0.0,0.0,0.0,0.0
422,-5.595524044110788e-16,0.8237936073289034,-1.2434497875801782e-16,-3.552713678800497e-16,0.0507512214845747,3.1974423109204555e-17,5.092921143983854,1.9214851931792487e-14,1112.8213594891004,1539.1406173821094,5535.042302802576,2256.704033345172,0.0,313.3942812343606,351.7600451221284,0.0,6240.605718765639,3040.5729217452604,0.0,650.2156407234609,858.0983145795328,0.0,2137.530618942684,3487.877371266056,670.3562581055701,0.0,0.0,0.0,391.3408442708081,0.0,0.0,0.0,0.0,0.0,883.442151117425,0.0,0.0,0.0,0.0,0.0,0.0,0.0,0.0,0.0
423,-5.595524044110788e-16,0.8016920922067773,-1.2434497875801782e-16,-3.552713678800497e-16,0.073436469966777,3.1974423109204555e-17,5.1595180153379285,1.9214851931792484e-14,1050.2824668314956,1509.639183184395,5607.129740842796,2243.8854708706986,0.0,247.2765149316932,211.9110640442168,0.0,6269.1280254772255,2988.5310131416336,0.0,529.4450307717357,752.6281654246409,0.0,1972.9124971878416,3225.1459901203525,567.9826995449558,0.0,0.0,0.0,563.059406576756,0.0,0.0,0.0,0.0,0.0,1159.8165897408192,0.0,0.0,0.0,0.0,0.0,0.0,139.02028229832067,0.0,0.0
424,-5.595524044110788e-16,0.6837228530261028,-1.2434497875801782e-16,0.001096587232795,0.0990859002458468,3.1974423109204555e-17,5.148252483593011,0.0033287695095113,850.5164690261047,1197.2422812778404,5675.983785092202,2133.666407844228,0.0,114.2020990945802,0.462456126416217,0.0,6173.308895037224,2760.080092858625,0.0,244.44961853800345,347.6474689729287,0.0,1428.8950002614056,2413.4968003117187,262.2834648120824,0.0,0.0,0.0,1701.8968434197354,0.0,0.0,0.0,0.0,0.0,2521.315644240113,0.0,0.0,102.95731251616584,0.0,0.0,0.0,1486.936494563144,0.0,0.0
425,-5.595524044110788e-16,0.5581871857674414,-1.2434497875801782e-16,0.0056077111495013,0.1210591826312288,3.1974423109204555e-17,4.923230058137177,0.0752847108860852,678.2005317199587,910.2121843493876,5690.40818868898,2000.89655049308,0.0,2.6871608396175475,0.0,0.0,6044.622252917227,2500.592180138387,0.0,5.732246807666423,8.160194496790126,0.0,940.4480909081236,1690.8865888373396,6.155643773975057,0.0,0.0,0.0,2663.449751433619,0.0,0.0,0.0,0.0,0.0,3740.758986962512,0.0,0.0,273.2982326299124,0.0,0.0,0.0,2022.2679431280535,0.0,0.0
426,-5.595524044110788e-16,0.446836064770764,-1.2434497875801782e-16,0.0098723886578069,0.1437325116143155,3.1974423109204555e-17,4.537857855596181,0.2527304127281981,613.6608039610852,667.5190086675037,5164.877130416132,1569.5901249284552,0.0,0.0,0.0,0.0,5467.022286207513,1851.012916510334,0.0,0.0,0.0,0.0,644.8414879007059,1261.409864531833,0.0,0.0,27.98357507360494,0.0,3443.0541233928307,80.98140696541623,0.0,17.6359508502462,0.0,0.0,4731.107805543367,202.09360004924983,0.0,412.4029995934807,0.0,0.0,144.05692505736818,2405.4250545670534,0.0,0.0
427,0.00770964185382,0.3319685925847174,-1.2434497875801782e-16,0.0142717401926906,0.1654045527508303,0.000281764482835,4.061834445621247,0.4848878761639171,374.7158658701318,148.00245373418053,3178.277891424246,360.4612112949314,0.0,0.0,0.0,0.0,3359.84985433168,411.4423296525322,0.0,0.0,0.0,0.0,137.44689178348784,282.97889484835736,0.0,0.0,302.6524559443266,73.97685823991633,4481.13498684099,759.3710519239437,0.0,179.75951961836333,15.523256397733446,0.0,5999.753349393564,1803.746190156569,0.0,600.8713807783784,33.86892304960025,0.0,1227.5479049945016,2848.7438579885466,0.0,0.0
428,0.0299445844784047,0.2241338227774084,-1.2434497875801782e-16,0.0184017436744182,0.1890597684255986,0.0034232737275747,3.5358308454838108,0.7569705793156338,45.11068802510939,0.0,754.3781295767529,0.0,0.0,0.0,0.0,0.0,794.2881144261424,0.0,0.0,0.0,0.0,0.0,0.0,0.0,0.0,0.0,1106.6614361653585,1036.9954675419017,6719.872268605703,1648.3079756481864,0.0,547.7615020172718,188.8065461421119,0.0,8232.399976682442,2920.062856663876,0.0,972.0349765409484,360.911936325118,0.0,1352.6482835548402,3076.4661067422157,0.0,0.0
429,0.0551496316544845,0.1283146411906545,-1.2434497875801782e-16,0.0232467138538203,0.2113352599335547,0.0097740236096881,2.855839111311101,1.169990842292164,0.0,0.0,692.902818822674,0.0,0.0,0.0,0.0,0.0,707.5806970831948,0.0,0.0,0.0,0.0,0.0,0.0,0.0,0.0,0.0,1728.2767946230592,2274.275480915913,7674.479761386857,1953.0434660169608,0.0,778.3250897938364,267.8539697926387,0.0,8855.298727363292,2703.027936584283,0.0,751.3353954097817,219.8926081574562,0.0,792.254078467027,2401.8318097045026,0.0,0.0
430,0.0828751835481723,0.1162285241411957,-1.2434497875801782e-16,0.0292797430141193,0.2345023156794019,0.0739366068812292,2.00845150276494,1.7773367159103193,0.0,0.0,1025.6359651466155,0.0,0.0,0.0,0.0,0.0,1022.1483484259415,0.0,0.0,0.0,0.0,0.0,0.0,0.0,0.0,0.0,2446.369172860131,3491.658846282906,8324.145405894827,2012.655108013413,0.0,1036.395898043149,327.2228834445873,0.0,9015.324171235445,2070.96143018641,0.0,344.2861824968531,114.77745861252964,0.0,343.227069867064,1441.7587566645327,0.0,0.0
431,0.1075761297807305,0.1162801079999997,-1.2434497875801782e-16,0.0316726952292356,0.2436990347242522,0.1689907806777408,1.3364567877456384,2.4105228896284587,0.0,0.0,922.6836651970046,0.0,0.0,0.0,0.0,0.0,893.4451772478869,0.0,0.0,0.0,0.0,0.0,0.0,0.0,0.0,0.0,2792.8322714514984,3819.315797521033,8409.267774147025,1870.57224132544,0.0,1226.584448262726,462.4189413114872,0.0,8927.619876387882,1829.8867401271227,0.0,321.6416089474225,123.52572167820068,0.0,131.10706803890267,1260.7680173542833,0.0,0.0
432,0.1337893788438535,0.1162801079999997,-1.2434497875801782e-16,0.0339856289700993,0.2430119973665555,0.269988887362126,0.776110048057575,3.08001344469548,0.0,0.0,637.6414944693329,0.0,0.0,0.0,0.0,0.0,608.3714995404015,0.0,0.0,0.0,0.0,0.0,0.0,0.0,0.0,0.0,2745.395664856833,3526.8335290657296,8235.588417275118,1754.127154225227,0.0,1222.4701071363904,595.18860845955,0.0,8894.595592854514,1960.3046939221367,0.0,569.1551513961394,132.89664905417447,0.0,188.3119712993826,1618.302014874812,0.0,0.0
433,0.1512638403643849,0.1150304318766775,-1.2434497875801782e-16,0.0362985627109631,0.2302970498718933,0.3706483568244513,0.3743060539646403,3.78666255306979,0.0,0.0,234.26337129009465,0.0,0.0,0.0,0.0,0.0,219.49626346889,0.0,0.0,0.0,0.0,0.0,0.0,0.0,0.0,0.0,2542.432186861044,3113.307586094425,8145.857063876589,1759.4380783425584,0.0,1143.8857285877273,642.6908020985206,0.0,8971.370867371565,2207.197073929361,0.0,748.496308027046,189.50690835817852,0.0,433.3335901713866,1941.6641930137555,0.0,0.0
434,0.1517343839999995,0.1012713793988662,-1.2434497875801782e-16,0.0372070329779164,0.2075436494727374,0.4649565168239195,0.1294520627992843,4.443608503218315,0.0,0.0,344.9736921379433,0.0,0.0,0.0,0.0,0.0,296.20467533915314,0.0,0.0,0.0,0.0,0.0,0.0,0.0,0.0,0.0,2118.9955235134607,2142.032282441998,8059.656286770531,1817.1875910591623,0.0,1045.8418336568834,751.6301957874357,0.0,9203.502596913951,2820.6689988887824,0.0,1131.3031951557589,511.2782469262529,0.0,1072.2577751832862,2769.784602985379,0.0,0.0
435,0.1517343839999995,0.0823579034950163,-1.2434497875801782e-16,0.0346764982266202,0.1876161573687702,0.5536699057369051,0.0239762003551168,4.916343172338752,0.0,0.0,649.0,0.0,0.0,0.0,0.0,0.0,553.0,0.0,0.0,0.0,0.0,0.0,0.0,0.0,0.0,0.0,2053.723185743372,2023.193465508624,8140.441867225038,1943.539739257352,0.0,994.1621403840032,699.4977346565724,0.0,9297.88082186567,2973.7874805202114,0.0,1162.2958682277929,532.8708028430659,0.0,1149.7225517149675,2827.5436094906527,0.0,0.0
436,0.1517343839999995,0.0643943652159466,-1.2434497875801782e-16,0.0306303100265776,0.1655030797267078,0.5844728662143581,0.0080292113872483,5.1323621705685625,0.0,0.0,541.7570019771948,0.0,0.0,0.0,0.0,0.0,460.2154933118367,0.0,0.0,0.0,0.0,0.0,0.0,0.0,0.0,0.0,1974.501246235124,1969.0813356859917,8258.843853104387,2076.9104171353283,0.0,917.5070009435564,621.7707645970754,0.0,9433.574334742434,3133.2727806001367,0.0,1151.2374825816046,513.765009888643,0.0,1221.6696723155392,2859.1651638422304,0.0,0.0
437,0.1437900316885529,0.0448855763322257,-1.2434497875801782e-16,0.0260962844651158,0.1430229326265174,0.5843158039799459,0.0005036666319425,5.1723849253439065,0.0,0.0,492.8773876251585,0.0,0.0,0.0,0.0,0.0,415.17133635029234,0.0,0.0,0.0,0.0,0.0,0.0,0.0,0.0,0.0,1870.5071097357904,1975.5646580437551,8464.977998858729,2224.5690271369817,0.0,811.0635497665833,505.1457283632685,0.0,9675.334259570574,3269.0120279460293,0.0,1085.626126731658,449.5829720792453,0.0,1256.649748277398,2827.811516605838,0.0,0.0
438,0.1185131433887041,0.0247973184717603,-1.2434497875801782e-16,0.0214275848770759,0.1156469560046102,0.5806007327840529,-1.150723960563479e-14,5.044549992933235,0.0,0.0,446.8187375457148,0.0,0.0,0.0,0.0,0.0,371.6497235588924,0.0,0.0,0.0,0.0,0.0,0.0,0.0,0.0,0.0,1860.0051985591708,1940.1819495709824,8603.22021612436,2295.6257037396927,0.0,781.1455596567861,482.0883755059058,0.0,9795.370974340316,3319.729674923112,0.0,1054.1923466893245,440.05198559170935,0.0,1250.0519855917094,2774.33270778694,0.0,0.0
439,0.0930560457408636,0.006386989367748,-1.2434497875801782e-16,0.0164136939943773,0.0887658337076409,0.5731291280378229,-1.150723960563479e-14,4.793843375921822,0.0,0.0,382.3971990809754,0.0,0.0,0.0,0.0,0.0,318.288194033388,0.0,0.0,0.0,0.0,0.0,0.0,0.0,0.0,0.0,1809.1371527565384,1866.880390791236,8715.227286324776,2368.3940236958883,0.0,736.7240897601308,437.4740194006689,0.0,9906.01387287573,3414.5941182734823,0.0,1026.3572578114238,421.677903346248,0.0,1269.7732676795042,2773.036656910417,0.0,0.0
440,0.0673468976212621,0.0025039978827902,-1.2434497875801782e-16,0.0109407696542189,0.061922458465116,0.5049086582033229,-1.1507239605634792e-14,4.449920766984736,0.0,0.0,336.384476167503,0.0,0.0,0.0,0.0,0.0,286.58064104246665,0.0,0.0,0.0,0.0,0.0,0.0,0.0,0.0,0.0,1667.4648729726262,1662.8515168837707,9013.95081556641,2559.986252835225,0.0,618.1326890911197,318.2416892222018,0.0,10205.161955098258,3677.755181963131,0.0,957.3818550540756,375.66081023559,0.0,1327.934001449901,2779.0921617603603,0.0,0.0
441,0.0416377495016603,0.0214675340531557,-1.2434497875801782e-16,0.0085178232956807,0.035079083222591,0.4059215189102995,-1.150723960563479e-14,4.166035706037841,0.0,0.0,300.04486542144934,0.0,0.0,0.0,0.0,0.0,266.0820209365426,0.0,0.0,0.0,0.0,0.0,0.0,0.0,0.0,0.0,1596.3447062565724,1561.0045132363125,9085.43412664865,2588.334868996709,0.0,588.596406080491,293.2923551784576,0.0,10296.979893812384,3800.836620343145,0.0,976.367883469172,391.0494222832468,0.0,1382.2266075268258,2847.458107409313,0.0,0.0
442,0.0169368032691024,0.0446802615617502,-1.2434497875801782e-16,0.0063383280398667,0.0135863190533,0.3107502260730896,5.022744907126035e-05,4.02612142414591,0.0,0.0,240.71154931367505,0.0,0.0,0.0,0.0,0.0,261.0,0.0,0.0,0.0,0.0,0.0,0.0,0.0,0.0,0.0,1620.1194692809167,1583.4073886751837,9005.501376626877,2554.313097089566,0.0,615.3489526362192,379.3587523171415,0.0,10202.75582771092,3771.294030108064,0.0,1059.224265593592,512.7460496166216,0.0,1451.4396663897587,2999.987990060871,0.0,0.0
443,0.000651057706468,0.0776644930764116,-1.2434497875801782e-16,0.0041810725315611,0.0016809179097122,0.2194622321837012,0.0015216541840807,3.866382688458101,0.0,0.0,200.9802058342031,0.0,0.0,0.0,0.0,0.0,275.625353034237,0.0,0.0,0.0,0.0,0.0,0.0,0.0,0.0,0.0,1697.4814314788575,1653.7516049800204,8987.314018201507,2602.30929244256,0.0,667.4133063041581,478.9495324751732,0.0,10182.897867148398,3762.879584692324,0.0,1148.4618872160947,634.2732973320365,0.0,1473.5225557896963,3115.0901899105274,0.0,0.0
444,-5.542233338928782e-16,0.1135396768903653,-1.2434497875801782e-16,0.0019126182857139,-4.476419235288641e-16,0.1309155092491695,0.0230489383795077,3.700999317572815,0.0,0.0,618.4750366571255,0.0,0.0,0.0,0.0,0.0,690.4440408496946,0.0,0.0,0.0,0.0,0.0,0.0,0.0,0.0,0.0,1694.8491418828066,1653.1943101414224,9129.710643392014,2706.9480771634344,0.0,664.6319472587303,486.3948062982997,0.0,10286.29193102998,3845.116235920974,0.0,1162.0425014830496,665.0528790471648,0.0,1463.5075867732453,3153.6086175845617,0.0,0.0
445,-5.542233338928782e-16,0.1484513135664098,-1.2434497875801782e-16,0.0013905713205623,-4.476419235288641e-16,0.0514036800458048,0.0937608301743011,3.551684522502312,0.0,0.0,1179.3453544545116,0.0,0.0,0.0,0.0,0.0,1253.2784984571842,0.0,0.0,0.0,0.0,0.0,0.0,0.0,0.0,0.0,1692.226742398931,1621.4428977417897,9013.78358247676,2613.189209331578,0.0,653.9439008667282,483.5681523554961,0.0,10109.36431280832,3710.814865273874,0.0,1144.6201308936538,685.1490061123012,0.0,1419.4590098465046,3144.8868603211417,0.0,0.0
446,0.0150360968709424,0.1832376516371071,-1.2434497875801782e-16,0.0092352610764116,0.0002779968438533,0.0470169488295426,0.2315958599969219,3.447640950872488,0.0,0.0,1667.868851846631,0.0,0.0,0.0,0.0,0.0,1789.3005160804062,0.0,0.0,0.0,0.0,0.0,0.0,0.0,0.0,0.0,1673.858601602935,1542.1453348330758,8625.732928616013,2313.529299597157,0.0,632.5446996648617,482.5485750991657,0.0,9623.43850551897,3318.1128959423754,0.0,1091.7366413790976,683.1375229627606,0.0,1342.5641581719913,3092.631719978256,0.0,0.0
447,0.0778592967906971,0.2034006122392025,-1.2434497875801782e-16,0.0185726602524913,0.002290693993355,0.0820675670761565,0.4029214815172391,3.330798956602106,25.576083534169506,0.0,3088.0293368730954,46.90557206643916,0.0,7.238514207783821,0.0,0.0,3394.7440343434077,66.01524957498845,0.0,0.0,0.0,0.0,37.929814448787226,100.66360424958036,0.0,0.0,1593.8641831560722,1298.3349718388365,7413.429608149314,1356.359710715534,0.0,562.9150561069247,471.1708055875317,0.0,8126.42333622384,2036.157077852631,0.0,928.0539735298132,665.4253392547603,0.0,1108.9226629017337,2894.845608214538,0.0,0.0
448,0.1409663026155235,0.2169131496034428,-1.2434497875801782e-16,0.027191797953488,0.0044257097541523,0.1264496631156751,0.5858646077024955,3.1791409616131223,287.12878633086046,10.13170652751232,3954.090275485288,689.8718994328555,0.0,111.08847340517268,0.0,0.0,4454.924999809061,1012.5443043298428,0.0,91.39643596693404,74.93241285972653,0.0,717.2943380752108,1413.1891432891086,43.27082996125053,0.0,1011.4399602186276,757.6799866019072,5105.799865686325,7.159951331454196,0.0,334.3951523484497,287.5974830835446,0.0,5518.086642939356,11.016626311584105,0.0,543.342479897533,405.81053424754015,0.0,643.0125201131225,1827.9720849265368,0.0,0.0
449,0.2079902371694345,0.2203876608637869,-1.2434497875801782e-16,0.0359007183388701,0.006582965262458,0.181492005401868,0.8019932385918523,3.0068804891170497,439.9416970588767,116.26367443603638,4730.938638877483,1500.5338988920698,0.0,279.91480995984926,64.96971819552452,0.0,5461.013824184144,2307.9951881518364,0.0,509.9434307373187,452.67325521915626,0.0,2015.9000837901997,2963.08901320374,284.4003513348053,0.0,75.2070991410676,9.652232776149283,3195.35500234208,0.0,0.0,4.259781188118418,3.663800282749316,0.0,3287.508863250949,0.0,0.0,6.921761081053463,5.169597664582386,0.0,8.191415085287467,135.921837322791,0.0,0.0
450,0.2802447057408628,0.2205889784874901,-1.2434497875801782e-16,0.0450585521461791,0.0088514195083052,0.2351153158803986,1.0686967571203356,2.777950942108366,1068.8215883841522,623.4762678642983,4593.114174418411,1425.2928735618557,0.0,720.3521764858064,802.683523648027,0.0,5402.539284265663,2381.6149384669434,0.0,1397.099554154256,1579.7568014085723,0.0,3095.6718047116287,4882.251653533962,1186.54010900892,0.0,0.0,0.0,2398.1503948531845,0.0,0.0,0.0,0.0,0.0,2793.280736147504,0.0,0.0,0.0,0.0,0.0,0.0,0.0,0.0,0.0
451,0.3475405343122911,0.2053221658179975,-1.2434497875801782e-16,0.0527626191411235,0.0109641955215942,0.2828964643628483,1.3115540127603522,2.4476137481791334,1298.2549820152683,670.4870019130693,4211.617007100055,1023.7514512777652,0.0,953.7923241281188,1175.503723116152,0.0,5100.462657887149,2048.7502617479618,0.0,1788.5101564091858,2066.966381003301,0.0,3537.6934882551463,5797.611586746291,1572.188183614131,0.0,0.0,0.0,2207.403148899528,0.0,0.0,0.0,0.0,0.0,2668.690233992673,0.0,0.0,0.0,0.0,0.0,0.0,0.0,0.0,0.0
452,0.4067862390215057,0.1813483057737362,-1.2434497875801782e-16,0.0540491759999997,0.0130012783591532,0.3160254248183247,1.534858414279409,1.9387651190012436,1367.7026503386412,695.145235035194,4155.598900821352,960.7155399337915,0.0,1001.7549135848489,1254.200729641825,0.0,5113.642776646923,2048.9129446129373,0.0,1821.00514564919,2125.722721290062,0.0,3492.760865258085,5876.439000367637,1610.861306383329,0.0,0.0,0.0,1939.8800050617983,0.0,0.0,0.0,0.0,0.0,2396.64252054919,0.0,0.0,0.0,0.0,0.0,0.0,0.0,0.0,0.0
453,0.4197027491162773,0.1460105319468433,-1.2434497875801782e-16,0.0540491759999997,0.0133883279999995,0.340190541507085,1.797387144066706,1.3938680221899968,1646.8889587410956,1157.7176015845214,4406.315041749623,1178.0361689402064,0.0,951.5255957283777,1045.8464828038673,0.0,5326.976051510963,2039.234912563535,0.0,1361.8257321427077,1660.742644089347,0.0,2583.8596514081987,4585.329718745885,1190.6758941045196,0.0,0.0,0.0,1693.5842638321446,0.0,0.0,0.0,0.0,0.0,2131.447649701903,0.0,0.0,0.0,0.0,0.0,0.0,0.0,0.0,0.0
454,0.4246411571237524,0.1118939355747501,-1.2434497875801782e-16,0.0540491759999997,0.0133883279999995,0.3467399548828903,2.0597076513388592,0.9140989086204528,1916.947644553633,1558.1725504176247,4696.219383127446,1386.410931821811,0.0,989.7909923583068,875.413796061538,0.0,5518.5944320593735,2074.6044330136256,0.0,1000.9717993057378,1235.1076237420623,0.0,1917.12044601238,3596.803622957336,791.1922709690153,0.0,0.0,0.0,1593.3750159949898,0.0,0.0,0.0,0.0,0.0,2050.2530208702688,0.0,0.0,0.0,0.0,0.0,0.0,0.0,0.0,0.0
455,0.4264430399999983,0.0770088982676405,-1.2434497875801782e-16,0.0528781462134216,0.0133883279999995,0.3374892721889702,2.3026756655625134,0.5160199490623469,1709.5711472597363,1420.8767971740467,4821.523365352125,1423.837078082052,0.0,1000.0554056559404,795.0816605341902,0.0,5681.056175614596,2319.850074431381,0.0,1078.095506196854,1087.50613404611,0.0,2351.597763644635,3927.6375120812777,705.0960783408614,0.0,0.0,0.0,1385.7768258381593,0.0,0.0,0.0,0.0,0.0,1768.5447589413816,0.0,0.0,0.0,0.0,0.0,0.0,0.0,0.0,0.0
456,0.4130412639289427,0.0418455053893821,-1.2434497875801782e-16,0.0450832629767439,0.0131586685665464,0.3101868191362129,2.4792024134286947,0.2042465127187118,1129.6534203455108,857.3397875545737,4737.960240492014,1459.9607531773545,0.0,846.4861464150499,724.6218337946937,0.0,5707.220958120711,2651.4478395155284,0.0,1309.1433189509876,1115.2614579562237,0.0,3180.1286826416813,4745.194198376005,864.9473767290876,0.0,0.0,0.0,1319.435964920729,0.0,0.0,0.0,0.0,0.0,1670.7699863999646,0.0,0.0,0.0,0.0,0.0,0.0,0.0,0.0,0.0
457,0.3518682244385363,0.0217644758671092,-1.2434497875801782e-16,0.035925429169435,0.0112088327441856,0.2808729203277131,2.6278813579414404,0.0347303574542913,555.0381901733884,349.7437068620727,3688.2689985700977,1172.4112214335198,0.0,578.5674018792712,530.7394804649513,0.0,4516.206105825325,2283.209704451305,0.0,1166.300452428791,895.6152386915231,0.0,2988.013096517087,4215.880911377445,774.7679148387328,0.0,0.0,0.0,1214.3304556925875,0.0,0.0,0.0,0.0,0.0,1536.2783623235084,0.0,0.0,0.0,0.0,0.0,0.0,0.0,0.0,0.0
458,0.2827487207311505,0.0073954763797594,-1.2434497875801782e-16,0.0264982473089696,0.0088736592558134,0.2463183986043962,2.7395628724262577,0.0123817735016805,425.68278238957856,324.65585538492746,2397.582293059092,780.0814819292265,0.0,374.7737964600816,320.4994476862514,0.0,2891.24444165984,1430.2872916418387,0.0,669.6377032684452,522.3768409545323,0.0,1704.8090790320678,2451.264305397009,428.3152591494314,0.0,0.0,0.0,1105.773496552654,0.0,0.0,0.0,0.0,0.0,1424.2615719401228,0.0,0.0,0.0,0.0,0.0,0.0,0.0,0.0,0.0
459,0.2113690314019927,0.0037807570764115,-1.2434497875801782e-16,0.0172506308172753,0.006582965262458,0.2021882472089121,2.7699853760461064,0.0099634068837403,859.4257929295053,806.646851443199,3685.157817254722,1255.8970537932732,0.0,571.9159695806134,415.17818918711725,0.0,4302.911373848739,2027.9567600119367,0.0,749.4119644015444,613.5897881055118,0.0,1869.1607686397856,2852.96771145432,420.2117198961244,0.0,0.0,0.0,1010.5766247765888,0.0,0.0,0.0,0.0,0.0,1291.443475103428,0.0,0.0,0.0,0.0,0.0,0.0,0.0,0.0,0.0
460,0.1440732028305644,0.0017853575083052,-1.2434497875801782e-16,0.0087212758006641,0.004470189249169,0.1651416569701002,2.711456649899713,0.0077723799069961,1193.4263860983372,1188.038888421891,4813.659900479175,1687.256213783929,0.0,721.063536074571,487.71148185012896,0.0,5540.658634707714,2574.321481900244,0.0,823.5984692500846,702.4328177605477,0.0,2042.426978770481,3230.4215177539586,431.6207655214032,0.0,0.0,0.0,923.3676265969136,0.0,0.0,0.0,0.0,0.0,1179.1839283472525,0.0,0.0,0.0,0.0,0.0,0.0,0.0,0.0,0.0
461,0.0753606199734214,0.0001664484247473,-1.2434497875801782e-16,0.0012049560473888,0.0023129337408633,0.1301557211456157,2.6048093993921984,0.005535226046531,1051.3371982877543,923.6914457347976,5828.90676721467,2313.712726489244,0.0,583.7906381317925,497.8102228019331,0.0,6598.651873268268,3315.736674430802,0.0,883.669115617231,882.4393793729322,0.0,2393.8503890003194,3661.6126995433,601.2120781378939,0.0,0.0,0.0,214.8469919510848,0.0,0.0,0.0,0.0,0.0,275.2199193093879,0.0,0.0,0.0,0.0,0.0,0.0,0.0,0.0,0.0
462,0.0170203194160635,-3.606004383982503e-16,-1.2434497875801782e-16,-3.552713678800497e-16,0.0022859456376778,0.1113329997209306,2.514111088990407,0.0047108856595855,1087.9697307556896,673.9079260955601,5988.9843691625765,2536.983869637663,0.0,523.7447552195991,531.4812307716859,0.0,6732.452865972115,3480.480459209364,0.0,870.5310494012341,933.6062596138696,0.0,2365.135844598089,3580.712907819666,602.8568821144636,0.0,0.0,0.0,316.7951239330212,0.0,0.0,0.0,0.0,0.0,407.2636406351193,0.0,0.0,0.0,0.0,0.0,0.0,0.0,0.0,0.0
463,0.0068432526777403,-3.606004383982503e-16,-1.2434497875801782e-16,-3.552713678800497e-16,0.0104197335548168,0.0954784957797415,2.42686696840035,0.0074757798385717,1373.3669415810016,794.788166440852,6131.323167579492,2589.0296940768226,0.0,524.2746967146506,537.2746967146506,0.0,6785.86469230877,3323.736532940127,0.0,731.5818329297365,878.8415218225855,0.0,1937.3948917377816,3109.4498953940683,478.0662241102564,0.0,0.0,0.0,587.189674027339,0.0,0.0,0.0,0.0,0.0,755.31436468824,0.0,0.0,0.0,0.0,0.0,0.0,0.0,0.0,0.0
464,0.0020680816414843,-3.606004383982503e-16,-1.2434497875801782e-16,-3.552713678800497e-16,0.0191908428637869,0.0842097295562619,2.306954740531836,0.0114921836013483,1704.1741996387834,972.0477011864416,6296.575225315979,2621.4489580244863,0.0,528.7361004890287,541.3596765084111,0.0,6841.454485410913,3110.456607061898,0.0,559.921808926663,805.9042807912838,0.0,1426.249366306133,2554.4471042232417,330.5507789780418,0.0,0.0,0.0,790.6898413094976,0.0,0.0,0.0,0.0,0.0,1052.204036336402,0.0,0.0,0.0,0.0,0.0,0.0,0.0,0.0,0.0
465,-5.471179065352771e-16,-3.606004383982503e-16,-1.2434497875801782e-16,-3.552713678800497e-16,0.0277733261661125,0.0860554674418607,2.1513577103096195,0.016289379508325,1882.2396378289443,1016.7428020637312,6483.065127078428,2730.657474457877,0.0,527.2219102322847,523.9006328469575,0.0,6994.724361816372,3087.2052302649945,0.0,464.431708686785,741.4669963907692,0.0,1224.9368006909756,2293.7993379245117,242.1262311287139,0.0,0.0,0.0,705.6613973208275,0.0,0.0,0.0,0.0,0.0,1009.6224928324416,0.0,0.0,0.0,0.0,0.0,0.0,0.0,0.0,0.0
466,-5.471179065352771e-16,-3.606004383982503e-16,-1.2434497875801782e-16,-3.552713678800497e-16,0.036355809468438,0.0880792844651167,1.977701957758183,0.0210865754153018,2070.304899207617,1012.190011751026,6779.696926683149,2939.735614202881,0.0,521.6184760012628,485.3770225086818,0.0,7282.6007954351235,3156.197514234452,0.0,360.4179607734409,647.6094730211521,0.0,1087.652662030939,2057.4044563032744,139.5133417731252,0.0,0.0,0.0,546.1675449405994,0.0,0.0,0.0,0.0,0.0,847.5964147241293,0.0,0.0,0.0,0.0,0.0,0.0,0.0,0.0,0.0
467,-5.471179065352771e-16,-3.6060043839825043e-16,-1.2434497875801782e-16,-3.552713678800497e-16,0.0454098577873749,0.0877664124023925,1.8059921885254335,0.0261473535149695,2364.1405631204275,933.0883607405642,7082.270726212497,3144.920925670011,0.0,477.0260287105266,421.9554961949728,0.0,7542.242902798584,3078.8230683606985,0.0,153.7738615016497,481.025691414687,0.0,791.4948728947995,1607.8339825155674,0.0,0.0,0.0,0.0,889.9149682410035,0.0,0.0,0.0,0.0,0.0,1247.213467987846,0.0,0.0,0.0,0.0,0.0,0.0,0.0,0.0,0.0
468,-5.471179065352771e-16,-3.606004383982503e-16,-1.2434497875801782e-16,-3.552713678800497e-16,0.0543378404932572,0.0775014015946847,1.6056215378987535,0.0362062281891927,2259.688342841239,598.8399716920725,6355.852478176737,2387.2372343489487,0.0,290.3166075230035,164.7894652937234,0.0,6655.817412986592,2020.1392659315763,0.0,0.0,103.88901072865168,0.0,270.8279038305541,1014.4448343316852,0.0,0.0,0.0,0.0,2298.647055279728,0.0,0.0,0.0,0.0,0.0,2864.561433839688,0.0,0.0,0.0,0.0,0.0,0.0,374.25176440123977,0.0,0.0
469,-5.471179065352771e-16,-3.606004383982503e-16,-1.2434497875801782e-16,0.003679494151993,0.0567764279999994,0.0652056784123756,1.335382769076189,0.0871501701061241,1988.9893098751152,445.2904107933508,5899.970290528269,1830.7517578055804,0.0,127.49165119094972,0.0,0.0,5973.975664140317,1321.2948651984998,0.0,0.0,0.0,0.0,0.0,535.2684358365917,0.0,0.0,90.2696446097192,0.0,3663.8305890077313,0.0,0.0,0.0,0.0,0.0,4484.3385629181685,241.6594942892569,0.0,149.6614514178208,0.0,0.0,458.669524590368,1702.059209042563,0.0,0.0
470,-5.471179065352771e-16,2.934411129207506e-06,-1.2434497875801782e-16,0.0314948630506641,0.0567764279999994,0.0908828139941861,1.1035847492067976,0.2427999551785909,1789.8329862832077,330.3309677918378,5360.521441270405,1247.384913736056,0.0,0.5051457458278114,0.0,0.0,5244.230960538877,615.9760890290579,0.0,0.0,0.0,0.0,0.0,139.21419119700013,0.0,0.0,323.7771868163673,0.0,4624.359271859868,52.82639574738167,0.0,16.276240851895974,0.0,0.0,5894.910565151279,1323.4495837219863,0.0,508.1026215662657,0.0,0.0,1100.9552884062134,2498.7756116622613,0.0,0.0
471,-5.47117906535277e-16,0.0076731405778171,-1.2434497875801782e-16,0.0702899575415279,0.0567764279999994,0.1778944255760287,0.9599017966560024,0.4973735466225599,1536.2437133076694,288.2394787568025,4753.4943633455,772.1288216989584,0.0,0.0,0.0,0.0,4621.830042582549,217.06438667049807,0.0,0.0,0.0,0.0,0.0,74.50151233378757,0.0,0.0,513.8787871884616,28.169058616137765,5410.646453132908,347.5573378183753,0.0,120.0610562664936,34.94194702657527,0.0,7054.269286256639,2220.1634732124085,0.0,798.8534053810658,87.43183220746587,0.0,1604.7359329839203,3140.703677428264,0.0,0.0
472,-5.471179065352771e-16,0.024263564531561,-1.2434497875801782e-16,0.1102498416478402,0.0547739301246818,0.3101991745514952,0.8257614858151106,0.8327925408051792,58.797080032064855,11.054756113780195,3413.778414587049,28.1863957053109,0.0,0.0,0.0,0.0,3397.14984657908,6.884979684898191,0.0,0.0,0.0,0.0,0.0,2.6505555594443746,0.0,0.0,770.8382569118763,368.9582900529188,6196.129049467088,1553.5788102844278,0.0,472.3974698026401,304.0614195852038,0.0,7987.269548032168,3167.958163811076,0.0,1107.0261588450005,617.3825223250249,0.0,1962.8378302036429,3568.6977648144816,32.58724800254781,0.0
473,-5.471179065352771e-16,0.0384706447176076,-1.2434497875801782e-16,0.1443903251561459,0.0472998244784048,0.4293095408695342,0.6844981100159689,1.1729284465838397,0.0,0.0,2117.672271642873,0.0,0.0,0.0,0.0,0.0,2219.216950232341,0.0,0.0,0.0,0.0,0.0,0.0,0.0,0.0,0.0,434.3381610194556,243.8013884564605,3345.5296554322285,912.5096144917472,0.0,259.538323650089,185.74389109930132,0.0,4267.037971974039,1738.7109348803697,0.0,606.7029477852858,355.7307047946922,0.0,1035.8156059504806,1885.4345572008103,24.755779453972902,0.0
474,-5.471179065352771e-16,0.0541307217408635,-1.2434497875801782e-16,0.1820224490232555,0.0381514631561458,0.5739642273887047,0.5276679921089565,1.620988929669788,0.0,0.0,823.8050533328314,0.0,0.0,0.0,0.0,0.0,896.4221799631016,0.0,0.0,0.0,0.0,0.0,0.0,0.0,0.0,0.0,1284.415464835242,1348.812838600499,5385.074329616889,1092.2216311259224,0.0,631.5110365876933,483.0736339879834,0.0,6295.564977665233,1879.5361115700225,0.0,952.6904908724551,618.9117180794143,0.0,1012.7922567599938,2565.8392719893704,141.3635399581321,0.0
475,-5.471179065352771e-16,0.0720510160664449,-1.2434497875801782e-16,0.2209507286324015,0.0276827197873749,0.7386022356396329,0.3672688377408492,2.19317184453549,0.0,0.0,678.3489359233998,0.0,0.0,0.0,0.0,0.0,722.5145850742172,0.0,0.0,0.0,0.0,0.0,0.0,0.0,0.0,0.0,1986.4713448773668,2428.0465792693367,7213.616683760111,1418.1155561999933,0.0,962.2740688448724,680.7339243380908,0.0,8237.804322007732,2128.830234467553,0.0,1094.6471632989478,760.0128577133995,0.0,927.8852316195744,2944.7904535493944,216.13031800544584,0.0
476,-5.47117906535277e-16,0.0888233602103678,-1.2434497875801782e-16,0.2335436448908666,0.0178741674418599,0.8524713576643894,0.2330750249700857,2.698536880361332,0.0,0.0,634.0124998418431,0.0,0.0,0.0,0.0,0.0,671.5005269264582,0.0,0.0,0.0,0.0,0.0,0.0,0.0,0.0,0.0,2108.4316915222066,2636.0886409178142,7199.381239057579,1385.3411141815332,0.0,1014.6556584470349,721.9268504650588,0.0,8171.838209547244,2010.453097643948,0.0,1070.923623093627,760.5009682114296,0.0,839.9579387010951,2826.418782036479,233.6857573775836,0.0
477,-5.471179065352771e-16,0.0971807736563833,-1.2434497875801782e-16,0.2335519439999997,0.0089144321262453,0.901089457959184,0.1119036826245708,3.105159556322756,0.0,0.0,511.2488507544944,0.0,0.0,0.0,0.0,0.0,530.6231049734328,0.0,0.0,0.0,0.0,0.0,0.0,0.0,0.0,0.0,2374.788167829218,2873.1303374385325,6943.448343661547,1184.5137829470568,0.0,1137.9983498970446,923.6333304757064,0.0,7847.8306550008,1765.6160385577916,0.0,1226.5035089708576,912.5924934070794,0.0,899.5438301058007,2919.601959092342,282.706101458003,0.0
478,-5.471179065352771e-16,0.0971893439999999,-1.2434497875801782e-16,0.2335519439999997,0.0012883756373987,0.9082379286179404,0.0231639178625872,3.46521083113813,0.0,0.0,485.1835472930922,0.0,0.0,0.0,0.0,0.0,502.280991200056,0.0,0.0,0.0,0.0,0.0,0.0,0.0,0.0,0.0,2385.2593124073924,2784.881794977161,6815.345679399674,1141.6127983685749,0.0,1195.2719610694974,997.7883177801156,0.0,7774.054349927789,1768.5632905413815,0.0,1340.6122288701597,1013.721319190221,0.0,1034.97352139285,3099.2655472214788,295.3262930938939,0.0
479,-5.471179065352771e-16,0.0971893439999999,-1.2434497875801782e-16,0.2294493373086809,-4.45865566689464e-16,0.9119737764457608,0.0009100569143297,3.747827620571736,0.0,0.0,380.4388496547284,0.0,0.0,0.0,0.0,0.0,402.3572592198509,0.0,0.0,0.0,0.0,0.0,0.0,0.0,0.0,0.0,2291.7996746454755,2259.8933080818406,6498.777976234213,1160.7257633451668,0.0,1295.3962040569895,1239.7817162594797,0.0,7760.381010908071,2072.246604949537,0.0,1751.9330581917927,1386.5545054426443,0.0,1620.7568699446217,3850.352904832142,339.8830775270055,0.0
480,-5.471179065352771e-16,0.0971721512524312,-1.2434497875801782e-16,0.2024181096159465,-4.45865566689464e-16,0.8717604969343408,-1.3702816659133492e-14,3.841596713769878,0.0,0.0,252.02234468817247,0.0,0.0,0.0,0.0,0.0,272.2506027231332,0.0,0.0,0.0,0.0,0.0,0.0,0.0,0.0,0.0,2112.4228630873586,1873.5699086032969,6644.919739082014,1405.112773265482,0.0,1188.9522026236573,1261.3047911810104,0.0,8096.940002367917,2553.896977513828,0.0,1852.7584969589836,1498.5482842627175,0.0,1901.334091485071,4182.2533404177575,339.7657252683279,0.0
481,-5.471179065352771e-16,0.0893854183518766,-1.2434497875801782e-16,0.1628740264186043,-4.45865566689464e-16,0.7700165396344103,-1.3702816659133492e-14,3.739128632903959,0.0,0.0,219.51597727583044,0.0,0.0,0.0,0.0,0.0,250.8457916159405,0.0,0.0,0.0,0.0,0.0,0.0,0.0,0.0,0.0,2092.616946760646,1872.5877138823796,6737.355078041009,1460.126409615062,0.0,1168.0817667337951,1233.1330652037138,0.0,8144.432210813565,2609.730920916372,0.0,1826.2710356672803,1495.279827119837,0.0,1924.324777230789,4175.903005437171,333.05412498411243,0.0
482,-5.47117906535277e-16,0.0734753578443648,-1.2434497875801782e-16,0.1244659824717606,-4.45865566689464e-16,0.6290813231162782,-1.3702816659133492e-14,3.524382732031455,0.0,0.0,191.22528891223536,0.0,0.0,0.0,0.0,0.0,232.2506909649265,0.0,0.0,0.0,0.0,0.0,0.0,0.0,0.0,0.0,2036.4147102796185,1805.2533841118477,6839.373626151608,1516.152497171489,0.0,1126.432651123323,1195.0266991272022,0.0,8248.012526264747,2699.522921044125,0.0,1784.8147527072897,1462.8655143850008,0.0,1963.624020122838,4156.552186035236,345.22689712299984,0.0
483,-5.471179065352771e-16,0.060181580451827,-1.2434497875801782e-16,0.0845060983654484,-4.45865566689464e-16,0.4787269420981048,-1.3702816659133492e-14,3.277916724417452,0.0,0.0,164.30046665766676,0.0,0.0,0.0,0.0,0.0,213.11097318308973,0.0,0.0,0.0,0.0,0.0,0.0,0.0,0.0,0.0,1972.6409575923044,1694.058134452116,7001.793010537014,1606.0793112716267,0.0,1072.727184904331,1141.6848599214186,0.0,8436.248239355464,2871.842859696463,0.0,1730.8669025621243,1411.020968726206,0.0,1997.497455221133,4132.045192462231,349.87125567699746,0.0
484,-5.47117906535277e-16,0.0486597438538202,-1.2434497875801782e-16,0.0441582542192689,-4.45865566689464e-16,0.3233878110660077,-1.3702816659133492e-14,3.029947225754923,0.0,0.0,93.69042523249485,0.0,0.0,0.0,0.0,0.0,154.72587044134656,0.0,0.0,0.0,0.0,0.0,0.0,0.0,0.0,0.0,1959.073022603921,1657.5090248952577,7107.41658756305,1665.799769506274,0.0,1062.4752588968922,1119.7915604666953,0.0,8528.007675379371,2953.6731392349334,0.0,1712.4606598921132,1394.2278129877316,0.0,1983.922332715059,4107.820643823084,343.78373645889263,0.0
485,-5.471179065352771e-16,0.0379134154883715,-1.2434497875801782e-16,0.0110612416925395,0.0007334623799451,0.1856564574627001,-1.3702816659133492e-14,2.801898570571749,0.0,0.0,58.33967064293561,0.0,0.0,0.0,0.0,0.0,152.28740646647591,0.0,0.0,0.0,0.0,0.0,0.0,0.0,0.0,0.0,1964.7887959085856,1714.8093258330637,7190.268257003661,1658.1372243710043,0.0,1058.5392713405936,1140.5759039148072,0.0,8549.714186986645,2953.913043205851,0.0,1731.943195575675,1456.9405212420731,0.0,2000.2215574920265,4162.924827529776,384.6870798016601,0.0
486,-5.471179065352771e-16,0.0273914227023642,-1.2434497875801782e-16,1.6909960523344775e-05,0.0048845075083052,0.0947866598764904,-1.3702816659133492e-14,2.652852437525131,0.0,0.0,38.946369917433415,0.0,0.0,0.0,0.0,0.0,159.92666156629005,0.0,0.0,0.0,0.0,0.0,0.0,0.0,0.0,0.0,1956.0016589866896,1650.13262581128,7225.958000603538,1672.6137026784393,0.0,1057.7663761157712,1174.7583079086153,0.0,8595.923977558683,3022.247833028224,0.0,1766.394611217583,1507.103467248872,0.0,2050.7390050528784,4237.298553231858,418.98238072346766,0.0
487,-5.47117906535277e-16,0.0237006860023815,-1.2434497875801782e-16,-3.9968028886505513e-16,0.0098101997342188,0.0590328687414282,-1.3702816659133492e-14,2.5652381280647094,0.0,0.0,61.472871262569086,0.0,0.0,0.0,0.0,0.0,149.72477640893297,0.0,0.0,0.0,0.0,0.0,0.0,0.0,0.0,0.0,1945.0624111240008,1567.371343632715,7254.024424976722,1690.534236342544,0.0,1057.430564728243,1210.375743067388,0.0,8645.50742161403,3100.425387758388,0.0,1802.4990374133308,1554.3133319433869,0.0,2105.7262664204995,4313.277338276619,451.61987470031033,0.0
488,-5.471179065352771e-16,0.0336856193149361,-1.2434497875801782e-16,-3.9968028886505513e-16,0.0146411671096341,0.0699977981978443,-1.3702816659133492e-14,2.511635882847671,0.0,0.0,469.3341396397162,0.0,0.0,0.0,0.0,0.0,93.92330752150332,0.0,0.0,0.0,0.0,0.0,0.0,0.0,0.0,0.0,1931.322251509669,1463.5421760062843,7287.531359288431,1712.9826904244735,0.0,1057.0859854775815,1254.251999107552,0.0,8706.800870791512,3197.57595700976,0.0,1847.051366326529,1611.9297475978835,0.0,2173.711399601329,4406.737184174594,491.4992117499693,0.0
489,0.000593362515153,0.0576890813421922,-1.2434497875801782e-16,-3.9968028886505513e-16,0.0192826847840527,0.0925000688632454,0.0069598978840462,2.431082979449751,0.0,0.0,1055.860878955748,0.0,0.0,0.0,0.0,0.0,103.04753396815012,0.0,0.0,0.0,0.0,0.0,0.0,0.0,0.0,0.0,1892.1736064853435,1337.1398270046352,7291.396147940222,1746.1176593460125,0.0,1051.509109447851,1267.3128414322296,0.0,8742.799616315942,3278.5479750966715,0.0,1887.2106571692332,1652.795839774183,0.0,2248.63058138088,4490.112139635412,534.6614287070888,0.0
490,0.0081616481672849,0.0820292494485046,-1.2434497875801782e-16,-3.9968028886505513e-16,0.0240189273089696,0.1197392043564593,0.0473971980715125,2.331938630689884,0.0,0.0,1643.0028064541923,0.0,0.0,0.0,0.0,0.0,895.3165624511299,0.0,0.0,0.0,0.0,0.0,0.0,0.0,0.0,0.0,1734.373659689246,952.6916636418482,7002.657547375386,1592.86921505336,0.0,989.4986791351928,1212.0235718206063,0.0,8405.165057001259,3085.0053968138614,0.0,1830.8345348689452,1656.0116213652193,0.0,2280.795579016969,4516.501305079646,607.9679431874032,0.0
491,0.0314589465448499,0.1061260158737538,-1.2434497875801782e-16,-3.9968028886505513e-16,0.0280354668936873,0.1407823894509971,0.1279397417989896,2.25968500701082,0.0,0.0,2248.269921489921,0.0,0.0,0.0,0.0,0.0,2126.3293638037417,0.0,0.0,0.0,0.0,0.0,0.0,0.0,0.0,0.0,1296.885355108794,625.5225965279736,5266.956869067744,1089.1830659910622,0.0,734.44046435759,906.3421069676676,0.0,6293.914124431672,2176.8029247705385,0.0,1342.0154587268037,1254.8810391003992,0.0,1713.900419460777,3441.060073072669,466.7856302591467,0.0
492,0.0561075881860459,0.1296959373053084,-1.2434497875801782e-16,-3.9968028886505513e-16,0.0285121799999995,0.1545684136841824,0.2627533880718556,2.1787342462830224,0.0,0.0,2628.884118619975,24.88388940741132,0.0,0.0,0.0,0.0,2841.943675959395,46.7758742233157,0.0,0.0,0.0,0.0,0.0,26.78119475812303,0.0,0.0,564.616251810748,258.14799164425733,2324.003044253511,443.4545069292338,0.0,307.88821331651263,380.1269712420989,0.0,2767.13751296634,886.2382778132635,0.0,572.3155111569838,530.1176763413707,0.0,718.8048368847526,1508.0536149576242,190.0220695716245,0.0
493,0.0815185589501654,0.1508785655681058,-1.2434497875801782e-16,-3.9968028886505513e-16,0.0285121799999996,0.1664875735415287,0.4401215183732519,2.0335051547172363,0.0,0.0,4460.317156254742,1086.5824055577186,0.0,0.2266527028235863,0.0,0.0,5125.636460401101,1719.7977358550822,0.0,11.559287844002904,0.0,0.0,565.1797500217857,1138.6962194407645,0.0,0.0,757.3637757772489,34.92501715237383,4052.210340832085,0.0,0.0,136.05270224349118,171.54409724469988,0.0,4597.510389943333,0.0,0.0,440.0375679252172,312.0349033913031,0.0,323.44396811700955,2235.609896334036,0.0,0.0
494,0.1076918588372086,0.1697367943163807,-1.2434497875801782e-16,-3.9968028886505503e-16,0.0285121799999996,0.1739298262563256,0.6748018245563367,1.7964215926077378,0.0,0.0,5537.964349750049,2105.2690886850505,0.0,0.995451657686548,0.0,0.0,6299.482225464823,3169.853918916607,0.0,50.76803454201395,0.0,0.0,1413.192402174681,1988.3197557594576,0.0,0.0,330.2309206989036,0.2046754041053363,3218.788975807707,0.0,0.0,0.8187016164213454,1.032473705153586,0.0,3653.245652139391,0.0,0.0,2.6607802533693725,1.883013717769097,0.0,1.946690510157422,975.10634322384,0.0,0.0
495,0.1332633934719556,0.1775860312425248,-1.2434497875801782e-16,-3.9968028886505513e-16,0.0276708811999214,0.1661710972507335,0.9607251620894915,1.4991392257651186,0.0,0.0,4730.867211522567,1804.1347577353288,0.0,37.98932741376197,0.0,0.0,5387.316978178035,2717.3391896573858,0.0,74.9877802193839,261.4391352744609,0.0,1242.051732586558,1763.184169540655,244.51851325020448,0.0,6.329492186066853,0.0,2439.554399665469,0.0,0.0,0.0,0.0,0.0,2822.527512372153,0.0,0.0,0.0,0.0,0.0,0.0,18.67941932255276,0.0,0.0
496,0.1510447321754148,0.1831212572890366,-1.2434497875801782e-16,-3.9968028886505513e-16,0.0235329476411955,0.1515129200451831,1.2430313077660984,1.1786870506232774,0.0,0.0,4932.708596101716,1898.5131232087929,0.0,271.5855020570355,0.0,0.0,5655.985419779258,2867.586739202287,0.0,274.82531215737947,364.625376896105,0.0,1495.3913125323293,2228.8059986366857,327.5432244615445,0.0,0.0,0.0,1779.47543373261,0.0,0.0,0.0,0.0,0.0,2337.791503105076,0.0,0.0,0.0,0.0,0.0,0.0,0.0,0.0,0.0
497,0.1529740439999996,0.1887718005448506,-1.2434497875801782e-16,-3.9968028886505513e-16,0.0188914299667769,0.1343470199202658,1.54100501975627,0.8382394423165765,0.0,0.0,5263.15280294862,2042.181642367941,0.0,509.9778372651707,0.0,0.0,6071.725052044054,3092.2274134209933,0.0,479.8728725072962,433.8548769496524,0.0,1785.6341854733728,2748.719136552304,378.2456950186163,0.0,0.0,0.0,1507.8373525772015,0.0,0.0,0.0,0.0,0.0,2003.0738399636944,0.0,0.0,0.0,0.0,0.0,0.0,0.0,0.0,0.0
498,0.1529740439999996,0.1911744020360042,-1.2434497875801782e-16,-3.9968028886505513e-16,0.0143446371428566,0.1153470921671949,1.833324257029733,0.5188717562911441,420.5156359901548,388.534950662492,5635.3886923383225,2186.527452712436,0.0,778.2924048699715,154.7001808936012,0.0,6509.71837816297,3269.443962268501,0.0,655.8699050950102,483.38531891164274,0.0,1989.8666870662264,3178.5689403048304,421.3618980647584,0.0,0.0,0.0,1342.0605501934765,0.0,0.0,0.0,0.0,0.0,1821.3218207845548,0.0,0.0,0.0,0.0,0.0,0.0,0.0,0.0,0.0
499,0.152520508737541,0.178126451005537,-1.2434497875801782e-16,-3.9968028886505513e-16,0.012807211634551,0.0968524987707645,2.1403780415370863,0.2774024110963675,1803.3737606406664,1654.3276023202984,6008.226558544523,2183.284227592224,0.0,1042.5388299365964,399.2837395074585,0.0,6697.645199818582,2819.20053977234,0.0,375.18627823017255,296.7977977516858,0.0,1181.6711312899463,2318.25238753817,335.3604703212216,0.0,0.0,0.0,1281.2572584336283,0.0,0.0,0.0,0.0,0.0,1763.8169911814014,0.0,0.0,0.0,0.0,0.0,0.0,0.0,0.0,0.0
500,0.1458107133875311,0.1611645860730892,-1.2434497875801782e-16,-3.9968028886505513e-16,0.0155521730631224,0.0903778600828612,2.446395305506339,0.1249725060457516,1958.4240772636049,1925.1193577603465,5924.690500216781,2071.497699225562,0.0,1069.7369648484748,401.74643083052,0.0,6562.469334424808,2619.9057580000176,0.0,285.6639843185513,233.56168253979683,0.0,999.6163909753247,2031.1218200221635,195.80848965461743,0.0,0.0,0.0,1161.8257923208737,0.0,0.0,0.0,0.0,0.0,1626.526155888737,0.0,0.0,0.0,0.0,0.0,0.0,0.0,0.0,0.0
501,0.1248185236544845,0.1392677699800662,-1.2434497875801782e-16,-3.996802888650551e-16,0.0183154667135559,0.0901497908950654,2.6688767009020204,0.0468321067171436,1290.8788182710907,1337.551982513334,4230.373102845894,1472.3406517565852,0.0,747.1643887862779,281.7470970081623,0.0,4721.581234271869,1942.743059753048,0.0,244.34791551688411,188.93953927954556,0.0,853.4002616199444,1583.488436604465,103.96892799522958,0.0,0.0,0.0,1001.887823727339,0.0,0.0,0.0,0.0,0.0,1407.5787743537487,0.0,0.0,0.0,0.0,0.0,0.0,0.0,0.0,0.0
502,0.1001698820132886,0.1156578069169437,-1.2434497875801782e-16,-3.9968028886505513e-16,0.02478578675083,0.0971317589394876,2.8070791025979926,0.0185805294753421,676.9809668303307,694.908358532269,3463.074104716463,1257.7092213563303,0.0,524.5622826011015,263.3113807568354,0.0,4073.809397257005,2001.7729017454892,0.0,544.1179064924459,358.4993115407569,0.0,1569.0208388113626,2334.3859203399293,323.53017171299297,0.0,0.0,0.0,941.0933080649902,0.0,0.0,0.0,0.0,0.0,1325.953440549556,0.0,0.0,0.0,0.0,0.0,0.0,0.0,0.0,0.0
503,0.0742506918338866,0.0908308354485049,-1.2434497875801782e-16,-3.9968028886505513e-16,0.0323473009036539,0.1070431995348838,2.887742308682639,0.0061853894863716,298.9369439349612,290.33761078834004,4673.132937484328,1781.8761845628972,0.0,566.9129284063307,408.2400129144355,0.0,5834.674909549139,3366.8889628268,0.0,1291.2207876799675,813.8296475058215,0.0,3525.7565318951847,4830.252893979541,822.6030533865694,0.0,0.0,0.0,818.7189883034893,0.0,0.0,0.0,0.0,0.0,1236.600517059091,0.0,0.0,0.0,0.0,0.0,0.0,0.0,0.0,0.0
504,0.0478232822392017,0.0662073164850493,-1.2434497875801782e-16,-3.9968028886505513e-16,0.0400570800398665,0.1197901252638333,2.8672626144710582,0.0014036177809818,133.73791324429286,135.1876834543402,5318.39775847337,2022.9877249741076,0.0,601.8643282823367,494.3952856742725,0.0,6729.313552945209,3998.317318479457,0.0,1673.9510066095963,1091.4373943637545,0.0,4452.608479859976,6124.469588155239,1118.120176704697,0.0,0.0,0.0,766.2692145798998,0.0,0.0,0.0,0.0,0.0,1153.8159101080726,0.0,0.0,0.0,0.0,0.0,0.0,0.0,0.0,0.0
505,0.0227771492377782,0.0524186730298999,-1.2434497875801782e-16,-3.9968028886505503e-16,0.0446194249976264,0.131602705680114,2.74768642521783,2.1795898419441126e-14,136.4779246174672,173.3116216578298,5309.541575739909,1966.278888282833,0.0,607.9804996426234,512.384839651648,0.0,6677.766746386301,3897.922749245313,0.0,1695.9120650844932,1174.1604022345052,0.0,4385.771163207364,6205.64311028766,1197.189836077882,0.0,0.0,0.0,735.852685881822,0.0,0.0,0.0,0.0,0.0,1105.8073584608442,0.0,0.0,0.0,0.0,0.0,0.0,0.0,0.0,0.0
506,0.0034581955277804,0.041587092299003,-1.2434497875801782e-16,-3.9968028886505513e-16,0.0446277599999994,0.1316518920000001,2.5498485164678515,2.1795898419441126e-14,142.3607126178267,227.23828549480388,5285.544594319078,1872.8357180558453,0.0,617.4176229935935,546.3038779712087,0.0,6595.581418625031,3742.882408249684,0.0,1734.0874852038164,1308.7402892955788,0.0,4306.504718858851,6351.909564307932,1322.579117316743,0.0,0.0,0.0,710.6165275218636,0.0,0.0,0.0,0.0,0.0,1072.7902887890832,0.0,0.0,0.0,0.0,0.0,0.0,0.0,0.0,0.0
507,-5.559996907322784e-16,0.0301056167242521,-1.2434497875801782e-16,-3.9968028886505513e-16,0.0446277599999994,0.1316518920000001,2.294654418762444,2.1795898419441126e-14,150.6093556218105,220.61367202735357,5236.334758736676,1824.3949498226696,0.0,619.9501205689876,580.4770012243356,0.0,6563.675987444166,3702.250091695488,0.0,1761.842705887019,1372.5654824012995,0.0,4385.220412009642,6477.093589101293,1369.30938449531,0.0,0.0,0.0,605.0386435620447,0.0,0.0,0.0,0.0,0.0,927.7325816399256,0.0,0.0,0.0,0.0,0.0,0.0,0.0,0.0,0.0
508,-5.559996907322784e-16,0.019165720186046,-1.2434497875801782e-16,-3.9968028886505513e-16,0.0446267498088128,0.13163251187062,2.0504702494341998,2.1795898419441126e-14,160.10439978399395,214.18539068010304,5188.073927609543,1789.591976087024,0.0,624.4526938940321,617.7277166984353,0.0,6537.35354702797,3670.23186991015,0.0,1783.6213573138707,1424.4539055056894,0.0,4457.0299071079135,6573.750640295331,1405.2050546124974,0.0,0.0,0.0,565.5302505815639,0.0,0.0,0.0,0.0,0.0,893.8592332158422,0.0,0.0,0.0,0.0,0.0,0.0,0.0,0.0,0.0
509,-5.559996907322784e-16,0.0083341394551491,-1.2434497875801782e-16,-3.9968028886505503e-16,0.0411169117899196,0.1211978261635683,1.824017497571769,2.1795898419441126e-14,176.4716333756719,260.8955805021457,5168.59267271924,1816.1464841829843,0.0,649.6053951389481,677.2234085895819,0.0,6509.398502287057,3604.371838916384,0.0,1770.7893138301265,1449.4112247067656,0.0,4344.005843569824,6479.674170110393,1428.2775149975007,0.0,0.0,0.0,474.10498391505695,0.0,0.0,0.0,0.0,0.0,782.7475514717008,0.0,0.0,0.0,0.0,0.0,0.0,0.0,0.0,0.0
510,-5.559996907322784e-16,0.0005383631234887,-1.2434497875801782e-16,-3.9968028886505503e-16,0.0341495441461789,0.1006562735282392,1.6677897557282682,2.1795898419441126e-14,187.8056087967595,302.6024687517054,5165.3438398918415,1848.579697917993,0.0,669.8645733032972,717.7291466065944,0.0,6492.755393132034,3556.994726849915,0.0,1753.7915868048608,1456.2761265434906,0.0,4227.30584876066,6372.319571176166,1437.9775287426803,0.0,0.0,0.0,258.23168345761474,0.0,0.0,0.0,0.0,0.0,429.2697145611127,0.0,0.0,0.0,0.0,0.0,0.0,0.0,0.0,0.0
511,-5.559996907322784e-16,-3.694822225952514e-16,-1.2434497875801782e-16,-3.9968028886505513e-16,0.0291637222325576,0.0783498067774087,1.6246568668283772,2.1795898419441126e-14,269.00773507644504,387.6005133308143,5149.7664058944365,1829.663163772101,0.0,688.3364172932795,743.0702642583753,0.0,6446.851938116831,3426.1094889877327,0.0,1705.9347222055562,1487.3646445516542,0.0,3999.3835505287343,6152.318725629877,1412.4212359543549,0.0,0.0,0.0,226.15679881267937,0.0,0.0,0.0,0.0,0.0,497.1835738792405,0.0,0.0,0.0,0.0,0.0,0.0,0.0,0.0,0.0
512,0.0028150863304364,-3.694822225952514e-16,-1.2434497875801782e-16,-3.9968028886505503e-16,0.0377749556358287,0.0549498857740864,1.704046425290557,2.1795898419441136e-14,553.3811494970452,606.0791701101781,5122.738181876952,1737.0989556847112,0.0,755.5639917688743,827.0328742396471,0.0,6275.98972183309,3056.335114562908,0.0,1592.602876374642,1514.074775546538,0.0,3301.7796045867444,5433.522937491111,1301.5923920048135,0.0,0.0,0.0,360.4039818932417,0.0,0.0,0.0,0.0,0.0,774.0,0.0,0.0,0.0,0.0,0.0,0.0,0.0,0.0,0.0
513,0.0113257973421921,-3.694822225952514e-16,-1.2434497875801782e-16,-3.9968028886505513e-16,0.0705700136212619,0.0324247281727577,1.824148650880581,2.1795898419441126e-14,1024.9196249892834,823.1932936135338,5084.89127440244,1607.848169521721,0.0,962.4360914896628,1007.2207754811168,0.0,6120.217321811003,2673.029535161464,0.0,1523.7587151012438,1608.663638752379,0.0,2659.6317549659807,4745.038056441391,1225.1138031964774,0.0,0.0,0.0,367.0046545780818,0.0,0.0,0.0,0.0,0.0,773.9659619838418,0.0,0.0,0.0,0.0,0.0,0.0,0.0,0.0,0.0
514,0.0195998071096339,-3.6948222259525134e-16,-1.2434497875801782e-16,-3.9968028886505503e-16,0.1095991231096341,0.0109981071933275,1.9643448188953012,2.1795898419441126e-14,1924.306218450195,1157.6633875863076,5272.023044317226,1727.5271964891565,0.0,1187.1768463913313,1309.218453932183,0.0,6212.221984583792,2510.037156333239,0.0,1407.6835830347488,1779.7337432155732,0.0,2088.4651740940217,4064.671023895563,1169.9014047879475,0.0,0.0,0.0,318.0323338483333,0.0,0.0,0.0,0.0,0.0,773.4033038483631,0.0,0.0,0.0,0.0,0.0,0.0,0.0,0.0,0.0
515,0.0291133157194851,-3.694822225952514e-16,-1.2434497875801782e-16,-3.9968028886505513e-16,0.1497836608972984,4.490924859196711e-05,2.1006691388241974,1.923147250482349e-05,2177.858587749284,1087.155000116633,5303.311021717493,1775.316089239168,0.0,1024.9176876040078,1322.530189210525,0.0,6139.286252729434,2316.9380479291685,0.0,1229.9086998391954,1759.448365234294,0.0,1695.6089659370678,3521.6762015623453,1053.713598779789,0.0,0.0,0.0,249.00204313671895,0.0,0.0,0.0,0.0,0.0,774.5555978037813,0.0,0.0,0.3237258369227522,0.0,0.0,0.3076242900601023,2.091506192474745,0.0,0.0
516,0.0462549197400815,-3.694822225952514e-16,-1.2434497875801782e-16,-3.9968028886505513e-16,0.1875671475548166,3.1619151741324403e-16,2.199394596952109,0.0023351734883938,1924.179767235,848.7199205497775,5211.798522272462,1648.2596046980636,0.0,825.7822562727757,1011.5820142856172,0.0,5936.755075482798,2006.838809483112,0.0,940.7230099007274,1345.7530001912749,0.0,1296.903954706679,2882.2426884633464,805.9773336174621,0.0,0.0,0.0,541.4742508267674,0.0,0.0,0.0,0.0,0.0,1185.0726013401345,0.0,0.0,68.14788272147013,0.0,0.0,64.75832834527135,440.2852737083463,0.0,0.0
517,0.0882350656594678,0.0017971466337205,-1.2434497875801782e-16,0.0001239488397005,0.2258454081602981,3.1619151741324403e-16,2.2480875621353733,0.0207646825265998,1781.7291955189885,714.8017291870893,5160.391521528754,1576.9279595281744,0.0,713.9395309765808,836.9400241728564,0.0,5823.02151797534,1832.6695274231668,0.0,778.3241583558932,1113.4406276349987,0.0,1073.0057854905222,2523.1263807392584,666.8357182711605,0.0,0.0,0.0,989.2469538564402,0.0,0.0,0.0,0.0,0.0,1732.2085370716677,0.0,0.0,158.43512080926905,0.0,0.0,150.5548399313211,1023.6070108829214,0.0,0.0
518,0.1699344686974594,0.0163458025714282,-1.2434497875801782e-16,0.0663693982769259,0.2664684177009958,0.0180081771988,2.223894081925617,0.1283186932354735,1356.1912045987046,314.7080231394394,5006.8240844199545,1363.812504643877,0.0,379.9099593866671,315.2392825712785,0.0,5483.285798226468,1312.374472384174,0.0,293.17962482262743,419.39769890519045,0.0,404.1703215537653,1450.3003730552964,251.13753328897235,0.0,1.3798900388858577,0.0,2304.84551682899,0.0,0.0,20.56036157939928,0.0,0.0,3281.15052847124,65.13080983541249,0.0,423.1207231587985,0.0,0.0,489.1219495541674,2568.3180058270023,0.0,0.0
519,0.2851156222923579,0.0347817295614614,-1.2434497875801782e-16,0.228713975222591,0.284356481663701,0.0702100591893691,2.113658243081761,0.343781512138485,964.4393869974732,68.29077938841688,4686.551401183598,1080.7715499969152,0.0,159.22287823103386,5.934817349055939,0.0,5044.728158114112,877.3272679175558,0.0,5.519510426989729,7.89571748304698,0.0,7.609074274091475,712.4754854064801,4.72798429316943,0.0,185.8979290144395,218.55385365909825,3863.949324162093,162.99576433658805,0.0,232.8278725494173,60.12450762299046,0.0,4839.696262640516,704.9376257500372,0.0,776.6225715358079,107.94505482524237,0.0,1333.7814953164525,3314.063672365057,27.144819897299488,0.0
520,0.390519670066444,0.0517308882458468,-1.2434497875801782e-16,0.3800356883521593,0.2843654109805768,0.1203532765714289,1.924282922400448,0.5841594250311998,18.86024064772861,1.2527730366553127,2694.996300779154,21.194173976291957,0.0,3.054706856501998,0.0,0.0,2982.064295501497,17.12695192578086,0.0,0.0,0.0,0.0,0.0,13.763342128733704,0.0,0.0,1415.2107557632694,1722.0913753162388,5859.451662425445,1221.4866873891062,0.0,854.6453007769621,513.0586810570829,0.0,7341.497276517942,2299.175407551834,0.0,1530.1618171681064,906.3584872934535,0.0,1869.641503666644,4299.869552443521,256.5463904417329,0.0
521,0.4818332240254918,0.0667472481328901,-1.2434497875801782e-16,0.5141014166511626,0.2809636059993211,0.164778407760798,1.6385202393805545,0.8626287872276299,0.0,0.0,992.6540952837712,0.0,0.0,0.0,0.0,0.0,1224.5852298846253,0.0,0.0,0.0,0.0,0.0,0.0,0.0,0.0,0.0,1566.24610716576,1800.8677627908646,5897.528719410809,1074.914528385619,0.0,1001.14668442243,694.5004290829642,0.0,7348.780285843492,2197.5342099368268,0.0,1810.30612413909,1197.0765217020326,0.0,2061.3373790228866,4717.363256096,459.51479242207904,0.0
522,0.5481815952176418,0.0810202238671094,-1.2434497875801782e-16,0.6415302277076399,0.2652531180233259,0.2070042750299013,1.2989101749190517,1.1987486963407294,0.0,0.0,591.9597325659438,0.0,0.0,0.0,0.0,0.0,789.7091922336439,0.0,0.0,0.0,0.0,0.0,0.0,0.0,0.0,0.0,1528.7099022596483,1626.5432549206437,5831.528904286996,962.9939772244944,0.0,1038.7354963061275,752.15789744379,0.0,7297.396703990434,2162.080778601511,0.0,2007.140819690433,1354.1568617035175,0.0,2274.49838113892,5078.855812086063,626.4700599727319,0.0
523,0.5835040615649781,0.0894133947508303,-1.2434497875801782e-16,0.764016711142464,0.2267177519601328,0.2487225366167689,0.9463971441915056,1.5423881698722122,0.0,0.0,414.1272003428476,0.0,0.0,0.0,0.0,0.0,591.9521039385803,0.0,0.0,0.0,0.0,0.0,0.0,0.0,0.0,0.0,1493.802505806511,1472.0964462853815,5773.343136233189,866.7533100521923,0.0,1069.9233198750771,800.5642661393559,0.0,7252.709908179057,2132.722207117636,0.0,2176.915852653198,1488.76899746075,0.0,2459.8775125907364,5391.980003745567,770.8615950882046,0.0
524,0.5879180215614607,0.0895034519999998,-1.2434497875801782e-16,0.7990735184395987,0.179006492152824,0.2641523539215961,0.6000693253833742,1.855118225752048,0.0,0.0,351.8299580796943,0.0,0.0,0.0,0.0,0.0,531.7318111720285,0.0,0.0,0.0,0.0,0.0,0.0,0.0,0.0,0.0,1503.801888259853,1452.1121070778809,5762.881606168213,845.1322892638177,0.0,1084.281339549688,818.2095856752749,0.0,7242.694346388847,2118.1618016749103,0.0,2205.0627901734856,1511.4547150654294,0.0,2483.520548710165,5440.411473935128,794.9668221433104,0.0
525,0.5776710873146645,0.0895034519999998,-1.2434497875801782e-16,0.7990848359999974,0.1322400097674416,0.2647913760000014,0.3111782781747769,2.130535233343569,0.0,0.0,228.0154189229144,0.0,0.0,0.0,0.0,0.0,378.5161895281715,0.0,0.0,0.0,0.0,0.0,0.0,0.0,0.0,0.0,1656.2013204103162,1550.7618904470407,5885.405680462532,902.78562045537,0.0,1147.046532607627,835.0628056397671,0.0,7416.657776558836,2203.7823047860397,0.0,2137.1342716921868,1387.872432130898,0.0,2384.154787802689,5271.271684797776,674.6343225779386,0.0
526,0.5503268050454937,0.0895034519999998,-1.2434497875801782e-16,0.7990848359999974,0.085945916093023,0.2647913760000014,0.1097038331528788,2.3802242742572566,0.0,0.0,143.71109120181268,0.0,0.0,0.0,0.0,0.0,273.73841000239,0.0,0.0,0.0,0.0,0.0,0.0,0.0,0.0,0.0,1652.734693877551,1538.73538874378,5983.064547829675,979.3404885376012,0.0,1134.8667351432766,791.7531835835896,0.0,7571.6228946336305,2360.4137524955263,0.0,2126.412876337643,1326.1290805091555,0.0,2415.171634001258,5242.2595507507685,618.3192042164524,0.0
527,0.4909641717767437,0.0827381357842341,-1.2434497875801782e-16,0.7887183280765908,0.0398713144990634,0.2626484078446404,0.0135492778763984,2.5715502996409727,0.0,0.0,69.41848588552283,0.0,0.0,0.0,0.0,0.0,179.00530927216627,0.0,0.0,0.0,0.0,0.0,0.0,0.0,0.0,0.0,1638.0985633110645,1469.2881448813491,6082.212799733989,1059.2739316729278,0.0,1116.065266072025,778.0986518714677,0.0,7701.5683730517,2537.354110727833,0.0,2157.425630360299,1341.5996703161088,0.0,2477.716123435562,5276.717717522826,621.4144456231389,0.0
528,0.4065751874236261,0.0682513140199333,-1.2434497875801782e-16,0.6911627545913606,0.0084804697145942,0.2340757752966094,-1.3482548411047876e-14,2.5974068719836385,0.0,0.0,37.424360790139325,0.0,0.0,0.0,0.0,0.0,116.81527363109107,0.0,0.0,0.0,0.0,0.0,0.0,0.0,0.0,0.0,1650.6973426269064,1504.5569229653238,6178.370489363381,1096.278461482662,0.0,1123.6973426269064,790.8508531184461,0.0,7779.477985914561,2586.7389929572805,0.0,2149.837762288489,1356.116223771151,0.0,2439.298293763108,5241.06148261082,610.265370652705,0.0
529,0.3186193900664446,0.0541270151162789,-1.2434497875801782e-16,0.5650613269833884,-4.600764214046659e-16,0.1928219056744194,-1.348254841104788e-14,2.5350404201599988,0.0,0.0,24.093883807707325,0.0,0.0,0.0,0.0,0.0,122.54881987869167,0.0,0.0,0.0,0.0,0.0,0.0,0.0,0.0,0.0,1686.5085860945592,1591.6909902010354,6261.1362659822535,1118.7457069527204,0.0,1144.331545497021,805.6427036863989,0.0,7823.290770881736,2587.977464301944,0.0,2106.563302846244,1352.213518431995,0.0,2382.9388380770733,5143.949565094949,588.3626598225391,0.0
530,0.2243105052159466,0.0389619783986709,-1.2434497875801782e-16,0.4296682152358804,-4.600764214046659e-16,0.147956921700997,-1.348254841104788e-14,2.393750742860352,0.0,0.0,6.9477660747250525,0.0,0.0,0.0,0.0,0.0,121.75746078549652,0.0,0.0,0.0,0.0,0.0,0.0,0.0,0.0,0.0,1808.9525502856973,1779.6862524829633,6283.52142521771,1057.5237248571514,0.0,1168.3305831173889,788.2582054272274,0.0,7752.468268357666,2409.161878419996,0.0,1999.1442725050883,1289.5825856153203,0.0,2216.2174770358715,4846.663457815965,511.43341019501474,0.0
531,0.1317811644924608,0.0237969416810626,-1.2434497875801782e-16,0.294275103488372,-4.600764214046659e-16,0.103091937727575,-1.348254841104788e-14,2.175663730652973,0.0,0.0,0.0683622127516025,0.0,0.0,0.0,0.0,0.0,85.41377287670974,0.0,0.0,0.0,0.0,0.0,0.0,0.0,0.0,0.0,1792.4414038176417,1930.032685108594,6361.690146761104,1070.221605783487,0.0,1157.0848813579837,742.9199393069027,0.0,7780.846278546775,2401.6263558119995,0.0,1976.788638129397,1238.7446286423178,0.0,2193.103083551928,4827.0066284142185,448.4289780535648,0.0
532,0.060064672014799,0.0095239659468435,-1.2434497875801782e-16,0.1668462924318935,-4.600764214046659e-16,0.0608660704584719,-1.3482548411047882e-14,1.9573929253935596,0.0,0.0,0.0,0.0,0.0,0.0,0.0,0.0,50.41400593750541,0.0,0.0,0.0,0.0,0.0,0.0,0.0,0.0,0.0,1794.7825010075342,1948.5075850769692,6349.773496825501,1057.119857560922,0.0,1160.2695658780735,754.8370797355041,0.0,7731.28812787791,2365.698071523335,0.0,1995.2810819024696,1264.407431803063,0.0,2190.40377767352,4844.940071219538,459.58470630208353,0.0
533,0.0149712037859511,0.0002819093920262,-1.2434497875801782e-16,0.0410267300894632,0.000118273683673,0.018144236227575,-1.348254841104788e-14,1.7585648932275966,0.0,0.0,0.0,0.0,0.0,0.0,0.0,0.0,20.860594133478155,0.0,0.0,0.0,0.0,0.0,0.0,0.0,0.0,0.0,1835.574493727038,2017.9260871278843,6332.346191034859,985.5265759065924,0.0,1193.249251418595,816.9854502591394,0.0,7535.15337418308,2203.020927147714,0.0,2036.0365031700535,1351.7826179003075,0.0,2149.829553491864,4876.873715789766,487.61704428226096,0.0
534,-4.991562718714714e-16,0.0001138846973851,-1.2434497875801782e-16,1.2301696084982638e-05,0.0214119704971828,0.0006945892156583,-1.348254841104788e-14,1.608573003293392,0.0,0.0,0.0,0.0,0.0,0.0,0.0,0.0,22.069275703317853,0.0,0.0,0.0,0.0,0.0,0.0,0.0,0.0,0.0,1840.674354824451,2030.572772401787,6333.829141874018,979.057318381808,0.0,1196.1205331411124,824.9810492815516,0.0,7509.512738944462,2183.6896580144576,0.0,2039.3477771959767,1364.6138551406636,0.0,2140.803663985094,4876.388859934854,491.61385514066353,0.0
535,-4.991562718714714e-16,0.0017898878272421,-1.2434497875801782e-16,-5.293543381412751e-16,0.0624236764784048,0.0004711531694355,-1.348254841104788e-14,1.5160114417064914,0.0,0.0,0.0,0.0,0.0,0.0,0.0,0.0,4.425405083955721,0.0,0.0,0.0,0.0,0.0,0.0,0.0,0.0,0.0,1810.7017838690413,2079.967556201369,6440.424782478795,1090.0108394931674,0.0,1142.8219245650362,795.4731706803647,0.0,7603.010975800731,2316.4941685785325,0.0,1979.5930696714904,1365.2772808997445,0.0,2078.6732218706525,4764.1949797271045,492.3847537879402,0.0
536,5.903703193386928e-05,0.0039726778604647,-1.2434497875801782e-16,-5.293543381412751e-16,0.1047203814617936,0.0024842621661133,0.0093436357190183,1.4419211739887687,0.0,0.0,0.0,0.0,0.0,0.0,0.0,0.0,1.1420230168499252,0.0,0.0,0.0,0.0,0.0,0.0,0.0,0.0,0.0,1702.699458464169,2010.3631036480635,6597.43442313297,1276.9330167918577,0.0,1056.914124056227,800.5501272987212,0.0,7740.333275426085,2578.852948101183,0.0,2038.825884026676,1437.3902566251686,0.0,2199.5169933467723,4926.281741786252,557.1719741440442,0.0
537,0.0082070312137315,0.017353028228128,-1.2434497875801782e-16,0.0026820403322253,0.1482859875946838,0.0047508859800668,0.0657058849213597,1.3897185778405547,0.0,0.0,81.34157440931266,0.0,0.0,0.0,0.0,0.0,83.38963938847876,0.0,0.0,0.0,0.0,0.0,0.0,0.0,0.0,0.0,1609.0169669759528,1856.8075628815384,6560.210626795894,1298.8746486795428,0.0,979.0550680617426,813.1115458130339,0.0,7653.714934599009,2584.34652717518,0.0,2056.336154475518,1480.4029170491308,0.0,2261.6492413886,5066.98336214219,605.4005842823028,0.0
538,0.0284940587242519,0.0880569478123897,-1.2434497875801782e-16,0.0131288642790692,0.1926975278272417,0.0183450783482513,0.183420258338857,1.3430638594731508,0.0,0.0,1313.459588859677,7.22180741879446,0.0,0.0,0.0,0.0,1408.62151529115,11.177470778837652,0.0,0.0,0.0,0.0,0.0,3.5927584646263884,0.0,0.0,1336.548091957386,1003.1831192306996,5203.957449864749,525.4182141119239,0.0,698.230697881728,665.8315381136065,0.0,5986.005488685838,1069.374681679327,0.0,1640.6610880567112,1214.806510715439,0.0,1511.192857071042,4470.826883403328,509.5356669074104,0.0
539,0.0513046264186041,0.1789665429767437,-1.2434497875801782e-16,0.0239725581622038,0.2356560469962857,0.0437917102325585,0.3111331631924822,1.2775432214375808,0.0,0.0,3027.912561916627,217.78845158394785,0.0,0.0,0.0,0.0,3469.750931004277,337.07961350681364,0.0,0.0,0.0,0.0,0.0,108.34701862719012,0.0,0.0,978.3468918315148,224.1324534320247,3951.152630286044,0.0,0.0,395.3188009662002,412.22428095429206,0.0,4478.232892033604,0.0,0.0,983.8143495338412,755.3433377319211,0.0,702.4252669015416,3262.504280677365,191.53136929645748,0.0
540,0.0732206620465112,0.2694331215047707,-1.2434497875801782e-16,0.0449177004119596,0.2546190136320055,0.078780073161236,0.4527240598303396,1.2414751068947656,0.0,0.0,3660.480438454881,503.1891388612001,0.0,0.0,0.0,0.0,4212.667631105575,741.6864913132433,0.0,0.0,0.0,0.0,0.0,292.4471989849034,0.0,0.0,566.9705630329175,0.0,3280.359626270094,0.0,0.0,118.09141641513668,123.15163902941502,0.0,3737.714840212965,0.0,0.0,293.8884346334924,225.6619841741409,0.0,209.84425656876465,1797.08636598789,0.0,0.0
541,0.094913064657807,0.3711270220863777,-1.2434497875801782e-16,0.0732816154285709,0.2546261639999987,0.1400780381142862,0.615812892066166,1.2234282461485884,202.5096449545736,117.7997281108304,4636.9406879883545,1626.069697174026,0.0,150.00714441079526,0.0,0.0,5308.675976441849,2083.341773972259,0.0,94.85745896564995,60.44405524787926,0.0,521.0542280857329,1300.74923437683,19.41268927669115,0.0,0.0,0.0,1982.6906733649,0.0,0.0,0.0,0.0,0.0,2573.078581240484,0.0,0.0,0.0,0.0,0.0,0.0,14.6,0.0,0.0
542,0.1173563535008793,0.4782797729700984,-1.2434497875801782e-16,0.1028151764252486,0.2546261639999987,0.205529038445183,0.7812915036607241,1.1397102462646291,603.9304472145926,393.4261803026725,5446.371479267389,2514.634722494956,0.0,368.2867774449733,0.0,0.0,6178.656189458247,3082.7221698296894,0.0,208.20331597502724,185.7161167107874,0.0,1134.719689124752,2010.2847101908587,53.939659296636464,0.0,0.0,0.0,1727.682146795756,0.0,0.0,0.0,0.0,0.0,2401.086827158499,0.0,0.0,0.0,0.0,0.0,0.0,0.0,0.0,0.0
543,0.1314592351486534,0.5725049739794993,-1.2434497875801782e-16,0.1290157721410894,0.2545883967376817,0.2711477026377326,0.9023202016973056,1.026404533277466,972.8602531382862,715.199673326619,5691.73919240501,2689.280239412249,0.0,440.26828147294617,0.0,0.0,6356.000996605537,3132.9081440667715,0.0,190.8635488486578,309.7461481208046,0.0,1016.947260715114,1942.2618042005267,79.30044240549286,0.0,0.0,0.0,1431.4087217470942,0.0,0.0,0.0,0.0,0.0,2141.46473773233,0.0,0.0,0.0,0.0,0.0,0.0,0.0,0.0,0.0
544,0.134627076,0.6135458026663307,-1.2434497875801782e-16,0.1482139143388699,0.2327398279929783,0.3428261274584095,0.9902077244297472,0.8916704745587886,851.6380134305948,785.6561601295972,5358.623212403603,2285.607549786337,0.0,609.4802423056035,395.5983268229076,0.0,6314.503465727067,3236.46311646008,0.0,808.7275799104667,756.6185838436545,0.0,2210.482869361712,3621.743626813061,568.7244771278945,0.0,0.0,0.0,1320.829305937625,0.0,0.0,0.0,0.0,0.0,2001.2847824334383,0.0,0.0,0.0,0.0,0.0,0.0,0.0,0.0,0.0
545,0.134627076,0.6318077514219254,-1.2434497875801782e-16,0.1674670779173416,0.1892417181727568,0.4059787162461135,1.0961846180563315,0.7338251798671318,241.24856742441133,401.8506594177079,4835.216908148013,1811.529414077562,0.0,639.9303797313538,539.1510646443031,0.0,6197.916558225668,3554.8694609425834,0.0,1599.254614828149,1142.3816550724798,0.0,3924.9706713783776,6089.313723010648,1195.043043087337,0.0,0.0,0.0,1244.287864628467,0.0,0.0,0.0,0.0,0.0,1921.1256329528196,0.0,0.0,0.0,0.0,0.0,0.0,0.0,0.0,0.0
546,0.1345843537196013,0.6455679957262441,-1.2434497875801782e-16,0.1760303654803981,0.1490598484385379,0.4541188041461792,1.194797212544838,0.5832328389342416,102.01333912719755,243.08367275207368,4631.979038329815,1676.4574566241538,0.0,595.3320152310102,505.7505127686651,0.0,6063.946262923434,3544.526995653211,0.0,1813.505051376448,1290.9269067840687,0.0,4408.791637580397,6803.886816438179,1361.6914351734033,0.0,0.0,0.0,1101.9120895378712,0.0,0.0,0.0,0.0,0.0,1725.3291816758108,0.0,0.0,0.0,0.0,0.0,0.0,0.0,0.0,0.0
547,0.1277812821375556,0.6386671712920036,-1.2434497875801782e-16,0.174130247876157,0.1101468798538204,0.4743944067109623,1.2551629441815093,0.4194534150833595,94.38309704228828,251.96590398019416,4548.755798613847,1642.7424973009438,0.0,600.7909667488199,536.5926954870322,0.0,6049.4260640025705,3492.7911005994456,0.0,1863.3692857847475,1306.7635246758837,0.0,4472.162201854444,6917.157800469164,1388.3353512400306,0.0,0.0,0.0,918.1457884264498,0.0,0.0,0.0,0.0,0.0,1450.9556395568368,0.0,0.0,0.0,0.0,0.0,0.0,0.0,0.0,0.0
548,0.1079220814086376,0.5702009633465837,-1.2434497875801782e-16,0.1637430239601327,0.0653123725714284,0.4830764942057535,1.274739215851328,0.2941596676112617,106.89550368521196,280.13419494125395,4339.888261918803,1577.7872224360774,0.0,590.8028507253476,546.8727009862243,0.0,5822.5449593603735,3320.7982209191696,0.0,1784.7851065778077,1232.2366903371292,0.0,4245.073425947594,6585.705270169816,1321.021610386905,0.0,0.0,0.0,842.6030863746672,0.0,0.0,0.0,0.0,0.0,1360.9576009035147,0.0,0.0,0.0,0.0,0.0,0.0,0.0,0.0,0.0
549,0.083322449581395,0.4728466850232548,-1.2434497875801782e-16,0.1520591618377954,0.0189701170037127,0.4752622413898768,1.281790415629456,0.2364855718124121,82.24855417740456,202.24065590680448,2827.596689787248,1031.1926634764843,0.0,392.2665734812461,367.4835028809508,0.0,3804.1904811255854,2151.71326841895,0.0,1157.494668686194,794.962334072469,0.0,2736.0952561807726,4255.511582231874,854.260147244727,0.0,0.0,0.0,700.4986762916811,0.0,0.0,0.0,0.0,0.0,1207.0120884437292,0.0,0.0,0.0,0.0,0.0,0.0,0.0,0.0,0.0
550,0.061406413953488,0.3823801064952281,-1.2434497875801782e-16,0.1311140195880394,7.150367992766497e-06,0.4465298607767023,1.268427174740921,0.2052008926356336,235.18238852588888,339.88286868893863,2554.110759935625,927.215564059106,0.0,393.7142592270754,334.4626761528501,0.0,3315.687344606659,1760.6106928634752,0.0,882.7223734522366,650.1633082525971,0.0,1975.6611353648725,3175.020418039949,658.3377434086984,0.0,0.0,0.0,625.2983960472903,0.0,0.0,0.0,0.0,0.0,1141.6910319928352,0.0,0.0,0.0,0.0,0.0,0.0,0.0,0.0,0.0
551,0.0397140113421924,0.2806862059136207,-1.2434497875801782e-16,0.1027501045714281,-4.476419235288641e-16,0.3995080040499673,1.215070483139388,0.1689998413156363,520.459112211753,657.1980408104417,3450.320855009287,1247.167951526999,0.0,581.5415614531299,454.9724590793056,0.0,4327.148350281144,2147.805434692268,0.0,987.3162331970724,792.7795561058764,0.0,2044.2066289192692,3446.29336654341,746.5702920635055,0.0,0.0,0.0,569.4037403210897,0.0,0.0,0.0,0.0,0.0,1075.56566117665,0.0,0.0,0.0,0.0,0.0,0.0,0.0,0.0,0.0
552,0.0168977321822849,0.171411618378737,-1.2434497875801782e-16,0.0726317205847172,-4.476419235288641e-16,0.3589767066976747,1.1332868525084805,0.1292944787641411,934.3155841687828,1129.7814948700457,4673.624749103548,1679.1747520580548,0.0,841.5515112046343,614.128839219867,0.0,5693.159261843479,2654.020057302908,0.0,1110.7829100370272,972.794533435151,0.0,2101.881346469564,3777.27781468726,851.4257558195995,0.0,0.0,0.0,517.5787076944943,0.0,0.0,0.0,0.0,0.0,1028.9782126306684,0.0,0.0,0.0,0.0,0.0,0.0,0.0,0.0,0.0
553,0.0029803458179396,0.0776195193647839,-1.2434497875801782e-16,0.0465402684598004,-4.476419235288641e-16,0.3188486425089702,1.0691432248611177,0.0931471463362339,1591.2916329628788,2210.422773476605,5324.870821310848,1808.365301034859,0.0,1055.385266385604,630.4186958988174,0.0,6177.236122345707,2512.135987734705,0.0,861.5835737830337,827.1314483710028,0.0,1531.9422197009774,3296.69278712144,643.2450471444732,0.0,0.0,0.0,464.3770840628485,0.0,0.0,0.0,0.0,0.0,972.0312060099538,0.0,0.0,0.0,0.0,0.0,0.0,0.0,0.0,0.0
554,-5.098144129078727e-16,0.0389160112107937,-1.2434497875801782e-16,0.0285673675215942,-4.476419235288641e-16,0.2756733029469114,1.0317187978596385,0.0638931472026793,1849.6080757078928,3032.0554277567894,5323.29946669411,1714.8971654652937,0.0,1110.3342952595865,663.9441463310031,0.0,6079.966773401642,2222.8492659466315,0.0,753.3602960727983,746.1348859764104,0.0,1273.5277337505372,3032.114007823348,530.821059080757,0.0,0.0,0.0,399.2703905511174,0.0,0.0,0.0,0.0,0.0,902.3746251836228,0.0,0.0,0.0,0.0,0.0,0.0,0.0,0.0,0.0
555,-5.098144129078727e-16,0.0188172974750825,-1.2434497875801782e-16,0.0093106443632331,-4.476419235288641e-16,0.2383492771893691,1.05418923083941,0.032247633887065,1756.2377484117026,2876.2881715127605,5286.510353587311,1739.4493126610628,0.0,1011.9475056776528,695.1813198471655,0.0,6056.919332496747,2206.0327855426167,0.0,812.2726051756085,834.9518419784343,0.0,1362.7441677568236,3204.6737598151058,605.8331058030478,0.0,0.0,0.0,330.7492878616305,0.0,0.0,0.0,0.0,0.0,830.8856341405016,0.0,0.0,0.0,0.0,0.0,0.0,0.0,0.0,0.0
556,-5.098144129078727e-16,0.0019666752464329,-1.2434497875801782e-16,1.195164353605702e-06,-4.476419235288641e-16,0.2075977225843271,1.143497382934518,0.0039962581301761,1656.9856109700245,2704.6640849458686,5248.994027428141,1765.9622665222637,0.0,910.7563848175744,726.567717428891,0.0,6034.912587900807,2193.4576642815105,0.0,874.008416458116,926.7633098527276,0.0,1457.805360039457,3384.733992833106,684.0739755325105,0.0,0.0,0.0,302.33023483673264,0.0,0.0,0.0,0.0,0.0,803.8318751750315,0.0,0.0,0.0,0.0,0.0,0.0,0.0,0.0,0.0
557,-5.098144129078727e-16,-4.61852778244066e-16,-1.2434497875801782e-16,-5.080380560684724e-16,-4.476419235288641e-16,0.1954420774086384,1.2484925714434103,2.1781687564725853e-14,1594.988228860396,2414.5127897220727,5251.829966055874,1807.467319102197,0.0,796.0308578959774,766.295318812414,0.0,6014.664278650661,2199.893109175545,0.0,930.4201312602494,1056.6499378627375,0.0,1557.2063479751605,3547.399878284765,764.4127400458325,0.0,0.0,0.0,272.72332086162584,0.0,0.0,0.0,0.0,0.0,779.4399612672568,0.0,0.0,0.0,0.0,0.0,0.0,0.0,0.0,0.0
558,-5.098144129078727e-16,-4.61852778244066e-16,-1.2434497875801782e-16,-5.080380560684724e-16,0.0015001121541523,0.1771535917076418,1.3410337113089557,2.1781687564725853e-14,1645.640280478474,2260.0963687925814,5338.095674077847,1891.507233075142,0.0,756.7929534664224,797.3146245871636,0.0,6061.268531222291,2246.318269137135,0.0,926.0180825955704,1106.1311237992652,0.0,1509.749551373279,3463.032192832138,754.4417760274265,0.0,0.0,0.0,248.57131196436157,0.0,0.0,0.0,0.0,0.0,763.5537052105163,0.0,0.0,0.0,0.0,0.0,0.0,0.0,0.0,0.0
559,-5.098144129078727e-16,-4.61852778244066e-16,-1.2434497875801782e-16,-5.080380560684724e-16,0.0109666666046507,0.1599105800631236,1.431748421694081,2.1781687564725853e-14,1692.5499881615465,2142.506440029051,5417.536682961503,1972.195741819216,0.0,725.3619504865353,825.2525645313158,0.0,6109.661189487576,2289.382698869076,0.0,919.825006563325,1141.920037313789,0.0,1455.1638170757492,3372.0999457026537,739.6324217017772,0.0,0.0,0.0,250.345066917436,0.0,0.0,0.0,0.0,0.0,774.3543630387074,0.0,0.0,0.0,0.0,0.0,0.0,0.0,0.0,0.0
560,-5.098144129078727e-16,-4.61852778244066e-16,-1.2434497875801782e-16,0.0010144678476501,0.0195989834152819,0.1540567902259141,1.5046614474774411,2.1781687564725853e-14,1742.844159386292,2016.4905416300985,5502.651974523202,2058.699344495465,0.0,691.6986317377953,855.2269180439919,0.0,6161.521745668723,2335.598569760354,0.0,913.2024612465532,1180.289480503192,0.0,1396.6807155778304,3274.6345259630507,723.799487691363,0.0,0.0,0.0,413.467524675447,0.0,0.0,0.0,0.0,0.0,814.6829152308875,0.0,0.0,0.0,0.0,0.0,0.0,52.1777283505964,0.0,0.0
561,-5.098144129078727e-16,0.0002406834897005,-1.2434497875801782e-16,0.0045303189368765,0.0280154923056473,0.1471415301879074,1.5390341998492891,0.0006948191338423,1797.0959128885795,1880.549524915516,5594.406929143738,2152.0295192495714,0.0,655.4275166498966,887.4786795602303,0.0,6217.440900109587,2385.3956547827543,0.0,906.0253010521582,1221.6882750559275,0.0,1333.584400942571,3169.4864444127147,706.6894790934282,0.0,0.0,0.0,1356.0378118276617,0.0,0.0,0.0,0.0,0.0,1946.3432379576043,0.0,0.0,0.0,0.0,0.0,0.0,1241.7135508177316,0.0,0.0
562,-5.098144129078727e-16,0.0154541534352154,-1.2434497875801782e-16,0.0106171113139529,0.0403165437607968,0.1215849827728408,1.5094564775095405,0.0440663350776796,1738.3069344620174,1541.3212696999,5114.105567988009,1809.3626008312428,0.0,561.1604310762756,775.4326629999916,0.0,5657.1697319915465,1893.3086710943533,0.0,585.5537974262033,803.0544762219168,0.0,848.6861014018656,2634.4287686083017,451.614097012233,0.0,83.63148700378194,4.157794358729599,1864.283110217281,2.4946766152377595,0.0,76.88326976052875,0.6583174401321864,0.0,2651.168313101439,15.851590992656597,0.0,220.74035136511844,30.59828876265836,0.0,221.7186539436755,2066.194635944238,0.0,0.0
563,-5.098144129078727e-16,0.0391749033887038,-1.2434497875801782e-16,0.0186459690498333,0.0533729229368765,0.1008777172519673,1.4449300805014762,0.1678285045945313,1233.0068378476983,789.0912894262028,3571.265271178784,650.9722671760227,0.0,321.0135496739962,317.25273661474995,0.0,3899.2226201908456,562.5686259545876,0.0,0.0,0.0,0.0,0.0,998.7981638826104,0.0,0.0,431.1558700383163,107.03868754544364,3058.7304705637807,64.49208941619595,0.0,283.0413132798457,17.10412209912531,0.0,3970.711045672513,402.2705627419487,0.0,743.5171549446598,151.13508472403603,0.0,937.0620526397178,2940.5139283757408,0.0,0.0
564,-5.098144129078727e-16,0.0611313000398665,-1.2434497875801782e-16,0.026118524212624,0.0636948764839619,0.1071642826046516,1.3884907865273228,0.3286298149214353,333.50687379949244,213.46583513143736,2153.6707835422903,0.0,0.0,86.81539403671844,0.0,0.0,2247.486177579009,0.0,0.0,0.0,0.0,0.0,0.0,0.0,0.0,0.0,979.6431915672706,752.9784140157631,4796.616412041469,523.6117716554646,0.0,492.5781075485056,160.98420995884425,0.0,5750.852192178421,1317.4686109274944,0.0,943.661003954473,372.005193541566,0.0,1311.5893681282114,3215.931695539763,0.0,0.0
565,-5.098144129078727e-16,0.0807352256212618,-1.2434497875801782e-16,0.0327904484651157,0.0649581839999994,0.1149685120265786,1.2604328759973322,0.5442693870378956,0.0,0.0,1450.7316709811405,0.0,0.0,0.0,0.0,0.0,1491.7735165942502,0.0,0.0,0.0,0.0,0.0,0.0,0.0,0.0,0.0,1493.988932158716,1699.772536892464,6014.062442371627,1224.2597017037149,0.0,722.558307908983,388.00236711517874,0.0,7133.060508876937,2060.269269670797,0.0,1042.695692817029,615.6990266795528,0.0,1220.3847179090108,3189.944959312684,0.0,0.0
566,-5.098144129078727e-16,0.0995549941794012,-1.2434497875801782e-16,0.0373140809419576,0.0649581839999994,0.1298690621027952,1.0676384278780429,0.8403866474129591,0.0,0.0,1115.2515659261076,0.0,0.0,0.0,0.0,0.0,1220.6319006335814,0.0,0.0,0.0,0.0,0.0,0.0,0.0,0.0,0.0,1794.3013195513472,2196.920984843873,6679.382619824147,1573.94258126705,0.0,864.0992114276858,533.7546990299854,0.0,7867.657772718972,2439.4258126704995,0.0,1134.416157017247,762.685339527111,0.0,1195.2654972415737,3226.721161836884,0.0,0.0
567,-5.098144129078727e-16,0.1160868487126237,-1.2434497875801782e-16,0.0394332688504978,0.0649581839999994,0.1745199834593026,0.8489566460930105,1.2083316604908856,0.0,0.0,700.8806060240601,0.0,0.0,0.0,0.0,0.0,843.0088581314475,0.0,0.0,0.0,0.0,0.0,0.0,0.0,0.0,0.0,1966.663120838772,2250.910834611885,6925.298680557884,1554.3202866828508,0.0,977.3042009436692,656.944893347246,0.0,8075.432521503134,2452.4878191761586,0.0,1252.2652109844562,834.4977953676226,0.0,1265.1042070612086,3373.7712923342583,0.0,0.0
568,-5.098144129078727e-16,0.1180156319999991,-1.2434497875801782e-16,0.0401649839999994,0.0691423543385809,0.2332960794652609,0.6365873274323129,1.564619240150247,0.0,0.0,396.4391019373403,0.0,0.0,0.0,0.0,0.0,476.2425974495879,0.0,0.0,0.0,0.0,0.0,0.0,0.0,0.0,0.0,2036.2137384034845,2174.5674196662417,7071.341965830332,1497.7292462482922,0.0,1038.8576664811046,701.0477628772563,0.0,8226.178000595915,2416.529034477938,0.0,1210.971476607357,808.6233814068127,0.0,1287.739549184341,3352.7905043216165,0.0,0.0
