Time,r-biceps,l-biceps,r-lats,l-lats,r-quat,l-quat,r-hamstring,l-hamstring,L1,L2,L3,L4,L5,L6,L7,L8,L9,L10,L11,L12,L13,L14,L15,L16,L17,L18,R1,R2,R3,R4,R5,R6,R7,R8,R9,R10,R11,R12,R13,R14,R15,R16,R17,R18
0,0.0,0.015485453820598,0.0,0.0172374833881932,0.032411929229747,5.405541485110645,0.1586764799999993,0.104799044272425,2121.109578035112,675.7999680585694,4914.456787300493,1536.8292956999062,0.0,0.0,0.0,0.0,4457.2238534885455,762.9862871551509,0.0,0.0,0.0,0.0,0.0,314.3766117747267,0.0,0.0,378.9546482386583,236.89731083575003,3923.335168698074,0.0,0.0,7.454810480845282,0.0,0.0,4106.98768987406,0.0,0.0,2.4849368269484278,0.0,0.0,107.12838765066552,1130.3740409120717,0.0,0.0
1,0.0,0.0223385908305648,0.0,0.0425932349501661,0.1145554504293381,4.745620316796818,0.1570347937950415,0.1296464021760794,1768.6525624040935,7.946153846153846,3717.8531859354903,297.327866526676,0.0,0.0,0.0,0.0,3261.2980560318924,0.0,0.0,0.0,0.0,0.0,0.0,41.10608558233753,0.0,0.0,677.0818280112455,774.7112826214172,3865.616980603653,0.0,0.0,24.101633519871275,0.0,0.0,4195.244172346443,8.403015996652268,0.0,43.60065410386228,0.0,0.0,346.7712985190992,1916.2651375246808,0.0,0.0
2,0.0,0.0290599367441861,0.0,0.0674622148305648,0.2376624094516942,4.090860142306433,0.1362201008770759,0.1579257320196674,1650.2186392355218,0.0,3481.570896567035,102.92242908806404,0.0,0.0,0.0,0.0,3021.854150592545,0.0,0.0,0.0,0.0,0.0,0.0,0.801860076528481,0.0,0.0,457.7664356060195,615.2235360353652,2510.157087891788,214.1082491538245,0.0,35.44273660051377,0.0,0.0,2649.9780038743334,83.1445761763223,0.0,190.5041066073076,0.0,0.0,251.4881320756211,1236.894980107424,0.0,0.0
3,0.0,0.0351882227242525,0.0,0.0901368729568105,0.4033908808365912,3.4740296011536618,0.1117069569568103,0.1885362239601325,1092.331065888795,0.0,3181.241845001845,1.7033563367402922,0.0,0.0,0.0,0.0,2779.4262824737016,0.0,0.0,0.0,0.0,0.0,0.0,0.0,0.0,0.0,957.9674834414882,1570.2355422954113,4131.6948328130175,414.4305779117633,0.0,178.8254317879002,16.85173416248894,0.0,4230.794762406392,401.2600366272965,0.0,341.5970692683805,21.595185260078416,0.0,604.4266639892563,2221.9254564596536,43.81450882247123,0.0
4,0.0,0.0394559643755482,0.0,0.1128115310830563,0.6501675855277079,2.8345063288712167,0.0871938130365447,0.2193587842485047,822.8569636366332,0.0,2976.734721051705,0.0,0.0,0.0,0.0,0.0,2541.709964805716,0.0,0.0,0.0,0.0,0.0,0.0,0.0,0.0,0.0,1374.2986697803883,2374.314631547757,5427.122669491983,540.6267568418469,0.0,300.8362416297614,126.3050285257514,0.0,5499.071880831033,643.9093064491037,0.0,454.86797614119314,151.326634463636,0.0,880.569823091047,3009.269052935872,306.24904710616204,0.0
5,0.0,0.03966912,0.0,0.1376496299133794,0.9732125191118096,2.1492158021407315,0.0595176828039866,0.2533356146652974,244.08339194599583,0.0,2454.410077591042,0.0,0.0,0.0,0.0,0.0,2045.0190768114055,0.0,0.0,0.0,0.0,0.0,0.0,0.0,0.0,0.0,1619.0936658964788,3535.112129310118,5770.873240307236,638.0436758124576,0.0,371.0960760889009,117.95477943589908,0.0,5719.169978881082,721.5300710404729,0.0,339.1558538836503,50.082323562528,0.0,759.8320586907291,2843.8142513360026,237.2528638381932,0.0
6,0.0,0.03966912,0.0,0.1467757439999999,1.331802972146451,1.5934056592083397,0.0321051347641195,0.2736740790835989,36.11745936452999,0.0,2306.804600444911,0.0,0.0,0.0,0.0,0.0,1933.0547495084224,0.0,0.0,0.0,0.0,0.0,0.0,0.0,0.0,0.0,1599.1876186513769,4517.539287842179,6069.247132412753,858.2525245555001,0.0,252.6452162041355,107.29941356132524,0.0,5800.551932856793,757.6574621231413,0.0,128.24765880198936,0.0,0.0,548.2208234482446,2490.9644057666314,101.83059243609782,0.0
7,0.0,0.03966912,0.0,0.1467757439999999,1.6940721246170347,1.205264189962837,0.0080227455493808,0.2908053471908785,53.109496002294,0.0,2352.205643301241,0.0,0.0,0.0,0.0,0.0,1970.199898726699,0.0,0.0,0.0,0.0,0.0,0.0,0.0,0.0,0.0,1862.4073149660844,5008.3835999587545,5831.786503137627,630.7220574798165,0.0,384.9585553115281,129.63664715586506,0.0,5527.880294012038,494.8936566059784,0.0,273.13343125769643,0.0,0.0,518.865435629399,2569.580398515224,33.885904617987414,0.0
8,0.0,0.0378450569325777,0.0,0.1467757439999999,2.115376690923589,0.8873463184256289,-2.486899575160343e-17,0.2931258479812386,129.72932337020217,0.0,2427.311999276028,0.0,0.0,0.0,0.0,0.0,1976.4229123899288,0.0,0.0,0.0,0.0,0.0,0.0,0.0,0.0,0.0,2162.036208101063,5626.1459361045045,5592.994787550227,455.6137609559765,0.0,518.2838778012393,172.01383163819852,0.0,5239.097148793011,252.7792172015912,0.0,361.25816896348175,0.0,0.0,442.4460760357199,2570.673523583914,0.0,0.0
9,0.0,0.0313003853820598,0.0,0.1462260547421415,2.5941838130822905,0.6566014266301967,0.0022896010143112,0.2866283211298231,57.36248153434767,0.0,2469.377563546097,0.0,0.0,0.0,0.0,0.0,2011.912183129287,0.0,0.0,0.0,0.0,0.0,0.0,0.0,0.0,0.0,2262.108784347811,5904.97852968425,5540.263212368772,440.98753403012574,0.0,559.7589837328603,203.86070029894293,0.0,5157.396667239529,183.12592235101812,0.0,356.63330116264143,0.0,0.0,388.4399261317315,2543.765222716421,0.0,0.0
10,0.0,0.024447248372093,0.0,0.13050667172553,3.0980336565486843,0.4917082877503081,0.0070413511694351,0.2736645283669817,0.0,0.0,2515.3324533879104,0.0,0.0,0.0,0.0,0.0,2075.258679339961,0.0,0.0,0.0,0.0,0.0,0.0,0.0,0.0,0.0,2307.997898007617,5880.243350779323,5611.715496557778,485.5580127310053,0.0,561.0219125811254,221.53149103083223,0.0,5149.876208132845,195.08538276102536,0.0,338.6912011275111,0.5304607806292279,0.0,355.648182902334,2506.6828060765483,0.0,0.0
11,0.0,0.0175282158139534,0.0,0.1049139496345513,3.691278241994106,0.3759018539146121,0.0143688661899329,0.257006718384755,0.0,0.0,2567.3523033293227,0.0,0.0,0.0,0.0,0.0,2146.92285704925,0.0,0.0,0.0,0.0,0.0,0.0,0.0,0.0,0.0,2235.917585361929,5371.28166238609,5758.421757160692,604.4281330521032,0.0,509.961618157406,225.52169509370864,0.0,5245.692533822932,317.8029183439884,0.0,328.66926221865003,8.143859328176065,0.0,398.2135958931533,2502.280819012975,0.0,0.0
12,0.0,0.0106750788039867,0.0,0.0795573426976744,4.369350793831539,0.2799867440507993,0.0296958287840531,0.2351294317404728,0.0,0.0,2611.837342784762,0.0,0.0,0.0,0.0,0.0,2208.159452116281,0.0,0.0,0.0,0.0,0.0,0.0,0.0,0.0,0.0,2040.220141575505,4359.677147789316,6088.852317678327,848.7215309373746,0.0,387.6840929097282,189.91604303266607,0.0,5647.311892514242,655.6309219307894,0.0,339.7842418410671,36.43887878992205,0.0,535.7814707047368,2530.0865300379883,0.0,0.0
13,0.0,0.0041514195348837,0.0,0.0554198034019934,5.009859785900327,0.1983494610672648,0.0454749296411959,0.2037844538073091,0.0,0.0,2657.230998537176,0.0,0.0,0.0,0.0,0.0,2272.18657732418,0.0,0.0,0.0,0.0,0.0,0.0,0.0,0.0,0.0,1876.97021806622,3179.997598110394,6591.2547877102015,1149.3737948728997,0.0,283.52340460591347,187.14881353008252,0.0,6279.572964143801,1116.0827934574447,0.0,386.7348106564612,95.43917357350936,0.0,694.0726685553499,2617.3177546963293,0.1534882593000616,0.0
14,0.0,8.302502867991716e-05,0.0,0.0317698911627907,5.550795483535964,0.1323886613828624,0.0613152528418197,0.1715050152322195,0.0,0.0,2567.753396403039,0.0,0.0,0.0,0.0,0.0,2181.411315580876,0.0,0.0,0.0,0.0,0.0,0.0,0.0,0.0,0.0,1760.1896336831987,2155.2479243641646,7141.58736365192,1464.5888150889175,0.0,277.2528013543339,285.8892243860584,0.0,6908.686135760499,1655.450214901697,0.0,537.4531177756921,261.98786582484297,0.0,968.5533413212684,2916.824605277926,81.71660186818546,0.0
15,0.0,7.105427357601019e-18,0.0,0.0079008140603021,6.041927144440539,0.0764777826359822,0.0852240334710712,0.1343528324049396,0.0,0.0,2468.026844716503,0.0,0.0,0.0,0.0,0.0,2011.0717173478452,0.0,0.0,0.0,0.0,0.0,0.0,0.0,0.0,0.0,1820.5522248519849,2074.0845319343016,7307.876748415939,1582.3760289594857,0.0,334.1967272336545,374.995745801918,0.0,7161.144073473373,1813.859708472085,0.0,598.8582695591782,366.45463977528,0.0,1067.5616373677935,3057.915200669067,144.1010764740061,0.0
16,0.0,7.105427357601019e-18,0.0,2.842170943040408e-17,6.41185060380008,0.0417787086742626,0.1457473436949298,0.0999015188120755,0.0,0.0,2023.1391757017889,0.0,0.0,0.0,0.0,0.0,1457.206679520236,0.0,0.0,0.0,0.0,0.0,0.0,0.0,0.0,0.0,1861.3043196668875,2012.873061908144,7456.390067173547,1687.6583965685268,0.0,376.4738537029997,448.4336047723583,0.0,7394.033764989522,1962.199994927,0.0,646.0885861186223,450.4850790021525,0.0,1144.9690609399422,3176.431999420652,198.23424164609625,0.0
17,0.0,7.105427357601019e-18,0.0,2.842170943040408e-17,6.60588652458769,0.0328740954670711,0.2178823020362054,0.0649754647713065,0.0,0.0,1162.006899119604,0.0,0.0,0.0,0.0,0.0,838.7492161864546,0.0,0.0,0.0,0.0,0.0,0.0,0.0,0.0,0.0,1804.9286725962963,1864.221814963082,7744.128365118492,1876.6441749557516,0.0,384.64376525246064,489.1810524199693,0.0,7778.032752678802,2203.738320696166,0.0,639.3776242315839,521.0189577359785,0.0,1222.5688834079651,3303.227343506679,284.76866567728484,0.0
18,0.0,7.105427357601019e-18,0.0,2.842170943040408e-17,6.607582424988147,0.0364182004302525,0.2874887556572424,0.0416142353591175,0.0,0.0,1712.4433333875456,0.0,0.0,0.0,0.0,0.0,1268.353688370395,0.0,0.0,0.0,0.0,0.0,0.0,0.0,0.0,0.0,1651.910799762372,1468.8224667224106,7766.679956619003,1814.417809519765,0.0,282.34641268702285,419.9008419850546,0.0,7891.58325326138,2296.0417687913496,0.0,558.2357746613477,564.9550242138329,0.0,1336.523258321358,3418.626803532827,325.35240079521566,0.0
19,0.0,7.105427357601019e-18,0.0,2.842170943040408e-17,6.413785443926908,0.07434535332327,0.3594040615039603,0.0268862073488372,0.0,0.0,2540.023888526731,0.0,0.0,0.0,0.0,0.0,2011.2060287365025,0.0,0.0,0.0,0.0,0.0,0.0,0.0,0.0,0.0,1598.3748788370335,1354.292299226517,7686.182280368457,1722.7858598087366,0.0,21.11284128054349,31.66926192081524,0.0,7803.044810885785,2182.750646705423,0.0,42.15844421305977,43.03254273741348,0.0,1220.1212703487904,3230.860262850049,24.81095042203996,0.0
20,1.7040176910299005e-05,0.0061748075506644,0.0,0.0008441494285714,6.111738320897834,0.1877460093513177,0.433462357345514,0.0157718248903654,102.54253774953536,0.0,3319.310756533451,0.0,0.0,0.0,0.0,0.0,2901.5466469492453,0.0,0.0,0.0,0.0,0.0,0.0,0.0,0.0,0.0,1373.0911357003597,882.9466797022943,7306.906189349619,1304.608846744118,0.0,0.0,0.0,0.0,7367.594061535533,1630.1034627165257,0.0,0.0,0.0,0.0,645.8209053196089,2317.125367839608,0.0,0.0
21,0.004090878,0.0354328599468438,0.0,0.0036428397533222,5.684794646334708,0.3514721818978293,0.4942357621893678,0.0225701004244186,580.8086445225832,10.674244715819556,3767.413635822922,66.12971537075519,0.0,0.0,0.0,0.0,3524.3475972148394,51.26830224791925,0.0,0.0,0.0,0.0,0.0,223.21392393412447,0.0,0.0,1134.2561408180131,476.920853462342,6910.817256723799,909.671371100932,0.0,0.0,0.0,0.0,6951.505201423138,1147.0014073997943,0.0,0.0,0.0,0.0,234.10519688222485,1591.2603958125485,0.0,0.0
22,0.0114077549302325,0.0664037675880398,0.0,0.0124887284226491,5.113939852441704,0.5959766531622018,0.5103450480901339,0.042030741239636,1080.2804128151586,183.87238231670145,3964.0514764337217,206.34115776418213,0.0,0.0,9.77474518866118,0.0,3824.481894771548,126.61281578604412,0.0,0.0,1.875961197823863,0.0,0.0,654.5698727774565,0.0,0.0,819.1296767294856,93.1196960887872,6368.815719779831,433.4038681924638,0.0,0.0,0.0,0.0,6371.653350572694,607.2313575341719,0.0,0.0,0.0,0.0,0.0,1031.5264761722333,0.0,0.0
23,0.0189758915856478,0.0980336307109635,0.0,0.0275917015614618,4.44048254761992,0.9680292426857032,0.5072820511096345,0.0668963368106312,1579.0132285459567,837.3971539027398,4313.28217100393,499.83897248178783,0.0,0.0,126.07268267365824,0.0,4177.270441973631,263.3613666228077,0.0,0.0,26.50492436976919,0.0,0.0,822.9089740094139,0.0,0.0,734.8947473614245,27.995711836081195,6019.525729612415,154.62130276946743,0.0,0.0,0.0,0.0,5923.518902949374,219.5652846981544,0.0,0.0,0.0,0.0,0.0,845.1417650288971,0.0,0.0
24,0.0302724148305647,0.1319698380199337,0.0,0.0462141953222591,3.6981719886897633,1.511646796866785,0.5034269439618883,0.0970577860246975,2099.0955593349518,1571.4162374112589,4478.875646212691,727.4389997016427,0.0,12.705866249760806,287.4192502231463,0.0,4384.590375575675,332.9834013718093,0.0,0.0,115.66465848386513,0.0,0.0,982.8773515195508,0.0,0.0,640.7110896621643,0.0,5533.454703907948,0.0,0.0,0.0,0.0,0.0,5345.762758094772,0.0,0.0,0.0,0.0,0.0,0.0,561.8166616738463,0.0,0.0
25,0.0434128108305647,0.1668944785514953,0.0,0.0653790918139535,2.961525096176007,2.358819033477078,0.5011602458945656,0.1343601990299002,1843.627264691472,1585.8838476366957,2943.2002870527685,398.3303901630852,0.0,93.96388034071605,406.0610328409656,0.0,2877.1388303756576,139.3370213021379,0.0,0.0,239.58901083398317,0.0,0.0,895.4298637492551,0.0,0.0,289.5938575770955,0.0,4625.999146929301,0.0,0.0,0.0,0.0,0.0,4436.912864263244,0.0,0.0,0.0,0.0,0.0,0.0,296.6805831495386,0.0,0.0
26,0.0546937168305646,0.1943232837167341,0.0,0.0813078449291835,2.380182011924449,3.273064045172921,0.4743600716621788,0.1692061117223288,2065.2057678194674,1743.7744960221378,2745.0027887988026,433.5719117170135,0.0,96.1107008501209,394.44695883702457,0.0,2585.770899219612,113.43094813704742,0.0,0.0,169.95429529934236,0.0,0.0,678.7954262277005,0.0,0.0,53.01913179379842,0.0,4015.939656876006,0.0,0.0,0.0,0.0,0.0,3790.0795973548,0.0,0.0,0.0,0.0,0.0,0.0,109.34906427547226,0.0,0.0
27,0.0638794661542773,0.1983456000000004,0.0,0.0968566487030733,1.8078253161876932,4.731797484085954,0.4295209927406559,0.2128689788172754,3309.3756555305968,2759.051096739849,3802.7505140659214,681.2297516006245,0.0,144.1863390488245,566.8712909630361,0.0,3455.4586101624286,88.13233024813464,0.0,0.0,166.0798407160664,0.0,0.0,737.5556096810433,0.0,0.0,0.0,0.0,3918.083944469545,0.0,0.0,0.0,0.0,0.0,3780.393175794165,0.0,0.0,0.0,0.0,0.0,0.0,164.55767545670165,0.0,0.0
28,0.0690997192026576,0.1983456000000004,0.0,0.1069327886788967,1.345211811378288,6.534397091928924,0.3958238498471759,0.2538547742392026,4363.516052965506,3109.955720742085,4638.103797869,971.9851590935608,0.0,132.34066774357163,803.2704668179978,0.0,4187.650052912025,58.49145904941351,0.0,0.0,244.995815413762,0.0,0.0,796.5114786359151,0.0,0.0,0.0,0.0,4087.6218073135033,0.0,0.0,0.0,0.0,0.0,4188.177896267093,0.0,0.0,0.0,0.0,0.0,0.0,392.6230703756192,0.0,0.0
29,0.0734166537814974,0.1983456000000004,0.0,0.1088421480000003,1.076812696126996,8.236541178584197,0.3682769129056987,0.2927224396345516,4345.893388294347,2683.39708798576,4905.433512627218,1242.523770240494,0.0,47.32402258523321,753.2144481311965,0.0,4395.295213124393,102.385980094671,0.0,0.0,177.11549119425686,0.0,0.0,742.6757580962894,0.0,0.0,0.0,0.0,4057.91426195392,0.0,0.0,0.0,0.0,0.0,4128.718537607099,0.0,0.0,0.0,0.0,0.0,0.0,343.97785949240284,0.0,0.0
30,0.0746275319999998,0.1950166186833891,0.0,0.1082414277089704,0.8821647281870293,9.808135041363776,0.3366675011631225,0.3295003100890367,4027.832757862031,2056.750582952312,5552.54254252048,1789.6383582634553,0.0,1.1340901725559314,513.0758743830484,0.0,4944.464267522346,539.1826283309881,0.0,0.0,12.065907126815818,0.0,0.0,501.6659174226999,0.0,0.0,0.0,0.0,4065.993600472368,0.0,0.0,0.0,0.0,0.0,4101.686010609651,0.0,0.0,0.0,0.0,0.0,0.0,123.04202859966014,0.0,0.0
31,0.0710751029980065,0.1655485619800667,0.0,0.1053985015654488,0.6854129973508166,11.398352445474409,0.3051085512598003,0.3581624161893689,3958.528909228908,1834.4215852065545,5951.185627170721,2104.8127921185896,0.0,0.0,329.59898002008845,0.0,5257.81279211859,743.1073240223537,0.0,0.0,0.0,0.0,0.0,254.0068246816396,0.0,0.0,0.0,0.0,4128.130713094585,0.0,0.0,0.0,0.0,0.0,4129.3306349237855,0.0,0.0,0.0,0.0,0.0,0.0,80.56206207708058,0.0,0.0
32,0.0626749032558138,0.1296354882259138,0.0,0.0954444399704389,0.5207457051176207,13.05565919997558,0.2931389179901009,0.3716357121841478,3943.4902392499407,1673.0200719368625,6279.417950944478,2351.5126595975653,0.0,0.0,169.85919383601666,0.0,5504.512659597566,889.4701673130782,0.0,0.0,0.0,0.0,0.0,31.124972500540053,0.0,0.0,0.0,0.0,4084.219254737589,0.0,0.0,0.0,0.0,0.0,4109.425316612785,0.0,0.0,0.0,0.0,0.0,0.0,86.48459403940907,0.0,0.0
33,0.0544490718372719,0.0960287586578074,0.0,0.0789000346046513,0.4032883856460709,14.412386236443297,0.2987791030594872,0.369870608454083,3725.861214096497,1544.5486627314451,6105.348413644317,2207.7341988125468,0.0,0.0,175.16948798821278,0.0,5332.465344921128,832.2071707964178,0.0,0.0,0.0,0.0,0.0,48.7073369361647,0.0,0.0,0.0,0.0,4094.30891242677,0.0,0.0,0.0,0.0,0.0,4146.543192399818,0.0,0.0,0.0,0.0,0.0,0.0,92.99083759451376,0.0,0.0
34,0.0432394231694351,0.0634104623122923,0.0,0.0610007444850499,0.3104239535776257,15.659775730186904,0.2980532283241369,0.3683176334343489,2209.488294754278,906.4779422939836,3681.677524052244,1292.5335883214416,0.0,0.0,116.8485707231594,0.0,3208.992300291537,483.740880323009,0.0,0.0,0.0,0.0,0.0,46.539470317810185,0.0,0.0,0.0,0.0,4202.878196267375,0.0,0.0,0.0,0.0,0.0,4309.86616706817,0.0,0.0,0.0,0.0,0.0,0.0,98.650742168995,0.0,0.0
35,0.0314626531694352,0.0321100769302325,0.0,0.0438246580066445,0.2287725835972452,16.679738246986766,0.2851681454148753,0.3639460547242528,1161.7292274431347,485.9121346007162,1930.114834387196,673.6105075170525,0.0,0.0,88.05658973998337,0.0,1716.411140320233,271.7971885080405,0.0,0.0,0.0,0.0,0.0,58.66529590106447,0.0,0.0,0.0,0.0,4223.939677890383,0.0,0.0,0.0,0.0,0.0,4342.076141802119,0.0,0.0,0.0,0.0,0.0,0.0,115.68793270042164,0.0,0.0
36,0.0190685727051006,0.003878033764315,0.0,0.026433240058628,0.1604378938440339,17.621852580363477,0.2620006672331441,0.3537543068454177,2762.3023283756697,1176.4889370016767,4575.22775154476,1587.03690287289,0.0,0.0,276.7243105310384,0.0,4152.543768022831,690.7209874014957,0.0,0.0,0.0,0.0,0.0,227.00778796219987,0.0,0.0,0.0,0.0,4137.571774540625,0.0,0.0,0.0,0.0,0.0,4171.549173970107,0.0,0.0,0.0,0.0,0.0,0.0,57.66164813291415,0.0,0.0
37,0.0102390276861742,1.0658141036401466e-17,0.0,0.0107332601377459,0.1322692350766521,18.130096373520043,0.2294068130546889,0.3330881357717866,3864.116888233468,1614.0278207184804,6506.626438530495,2268.961319718294,0.0,0.0,499.2365766133736,0.0,5989.653534063358,1114.075890834157,0.0,0.0,17.720946816276562,0.0,0.0,520.9837932458046,0.0,0.0,0.0,0.0,3923.17616478346,0.0,0.0,0.0,0.0,0.0,3786.062004326899,0.0,0.0,0.0,0.0,0.0,0.0,0.0,0.0,0.0
38,0.0054355590299003,1.0658141036401466e-17,0.0,0.0018894281216458,0.1135206843994223,18.2074213461206,0.1892474840332221,0.3146425937342191,2892.021181634384,1152.8490178221864,5209.142625214356,1870.6836168366256,0.0,0.0,509.1494716414337,0.0,4930.12463589867,1166.596894192379,0.0,0.0,104.7188433847808,0.0,0.0,678.8660220426367,0.0,0.0,0.0,0.0,3727.917133570346,0.0,0.0,0.0,0.0,0.0,3464.125496876047,0.0,0.0,0.0,0.0,0.0,0.0,0.0,0.0,0.0
39,0.0010433290191029,1.0658141036401469e-17,0.0,1.0658141036401469e-17,0.115704139724237,17.80019234442854,0.1462918235681067,0.2918426825855477,1466.884327861823,584.7496839384929,2642.22149555027,948.9017745806065,0.0,0.0,258.2348750026226,0.0,2500.6939478109502,591.6863850414887,0.0,0.0,53.12299849619416,0.0,0.0,344.3413773166725,0.0,0.0,0.0,0.0,3667.0257157299534,0.0,0.0,0.0,0.0,0.0,3318.523562186154,0.0,0.0,0.0,0.0,0.0,0.0,0.0,0.0,0.0
40,-3.5527136788005095e-18,0.0008866246006644,0.0,1.0658141036401469e-17,0.1315678916499512,17.030924615223363,0.1022398259202656,0.2578955551487036,627.5517794500256,246.1161292570025,1129.1831691430548,398.46617399614513,0.0,0.0,107.66946108327134,0.0,1078.277141323954,250.21610790964036,0.0,0.0,19.29347801893164,0.0,0.0,143.65486080817556,0.0,0.0,0.0,0.0,3720.675782214378,0.0,0.0,0.0,0.0,0.0,3329.717998837008,0.0,0.0,0.0,0.0,0.0,0.0,0.0,0.0,0.0
41,-3.5527136788005095e-18,0.0030410795481727,0.0,6.847968731679784e-05,0.1550920851967797,16.006193551541887,0.0643845374117648,0.2178939504389281,1717.4072217420855,621.0447064576538,3074.2375272330314,992.695803027174,0.0,0.0,257.9105762186556,0.0,3060.298064109599,646.924563266453,0.0,0.0,8.006707942889344,0.0,0.0,345.5564409195221,0.0,0.0,0.0,0.0,3564.6849347026928,0.0,0.0,0.0,0.0,0.0,3400.755487435058,0.0,0.0,0.0,0.0,0.0,0.0,0.0,0.0,0.0
42,-3.5527136788005095e-18,0.0059245004922598,0.0,0.0114169820595179,0.191249893766013,14.73595820618927,0.0430130561885913,0.1812519793465749,2883.8362270324533,912.636375360674,6051.550959483589,1781.6515770932624,0.0,0.0,144.76541057700777,0.0,5851.041253226079,988.5077006717744,0.0,0.0,0.6758361154258911,0.0,0.0,288.1070370104391,0.0,0.0,114.56019352784377,0.0,2448.466189270448,0.0,0.0,0.0,0.0,0.0,2354.195803060048,0.0,0.0,0.0,0.0,0.0,0.0,137.95679870856188,0.0,0.0
43,-3.5527136788005095e-18,0.010108377089701,0.0,0.0352780054086378,0.2584077286198792,13.335888274311484,0.0251907536564394,0.158064911169826,1914.029842891353,402.9873220749077,5725.33610788229,1332.214195141592,0.0,0.0,8.243442583555657,0.0,5334.719898576777,566.4144968282384,0.0,0.0,0.0,0.0,0.0,19.10065964482408,0.0,0.0,1035.2517752994702,322.2519156698095,5174.332294992875,63.73953437372084,0.0,237.7655959386066,0.0,0.0,5028.704257451145,70.3893459981059,0.0,0.0,0.0,0.0,0.0,1157.1854308304344,0.0,0.0
44,-3.5527136788005095e-18,0.0148646305421145,0.0,0.060273010524917,0.388041682513176,11.676846604483853,0.0155231014977526,0.1315192287566933,1357.9088970786054,106.6712155624416,5440.019007136489,929.9308034584764,0.0,0.0,0.0,0.0,4872.75982070184,347.0674083782152,0.0,0.0,0.0,0.0,0.0,0.0,0.0,0.0,689.5632605394691,315.14350377314975,3220.97967235948,62.55679127479658,0.0,228.04927513086355,0.0,0.0,3111.587981002985,69.09883063234714,0.0,0.0,0.0,0.0,0.0,745.637768354409,0.0,0.0
45,-3.5527136788005095e-18,0.0231598140996677,0.0,0.085758113780731,0.54547722446134,9.838115932501957,0.0219102697674419,0.1016175248372093,825.851447100161,11.978292610325006,4783.397456484338,407.37597917582593,0.0,0.0,0.0,0.0,4313.784220135741,200.9379551961023,0.0,0.0,0.0,0.0,0.0,0.0,0.0,0.0,345.0607783441327,157.69875836824457,1611.6936191398145,31.30087730095895,0.0,114.07570099889357,19.459358257355685,0.0,1556.9807549906045,34.5900568388931,0.0,0.0,0.0,0.0,0.0,373.1227378928572,0.0,0.0
46,-3.5527136788005095e-18,0.0307908929845968,0.0,0.1095278735481729,0.7195339705351705,8.011154878143444,0.0310226319024465,0.0757543833144067,299.78676874484376,0.0,3411.345235846692,39.160072347809,0.0,0.0,0.0,0.0,3110.543597873442,22.451774812743825,0.0,0.0,0.0,0.0,0.0,0.0,0.0,0.0,326.65189011319626,448.89274540168975,962.4278102310828,67.08378641886473,0.0,125.94768840767463,200.2195911420449,0.0,929.9311017762888,49.28022195613124,0.0,86.28467553865069,14.197934359386087,0.0,84.50898896235303,336.1051202043033,0.0,0.0
47,-3.5527136788005095e-18,0.0371856815282391,0.0,0.1332700784083245,0.99564914256853,6.173018520204585,0.0451529350858146,0.0569502430497084,0.0,0.0,2581.763088968916,0.0,0.0,0.0,0.0,0.0,2315.671858262476,0.0,0.0,0.0,0.0,0.0,0.0,0.0,0.0,0.0,1717.009546428482,2807.853035660006,4188.545609082004,416.0331707096527,0.0,689.2053141250524,409.3157120425766,0.0,4052.371489331865,293.7506641090304,0.0,321.97426177593627,66.99170619993923,0.0,309.6259304421595,1746.128377289382,3.0784731307795834,0.0
48,-3.5527136788005095e-18,0.0423852521262458,0.0,0.1471836528874584,1.30390633189658,4.690737968019499,0.0596082891827243,0.0463945843853819,0.0,0.0,2597.892203488773,0.0,0.0,0.0,0.0,0.0,2245.1125787893266,0.0,0.0,0.0,0.0,0.0,0.0,0.0,0.0,0.0,2496.421396584968,3942.098370830188,6092.828922566412,656.1753834809143,0.0,995.1160712502648,532.5296561153248,0.0,5938.486767699234,512.5569210916001,0.0,401.90513484239386,95.91597600410992,0.0,408.12946562301545,2592.448661561243,33.317443101936725,0.0
49,-3.5527136788005095e-18,0.0466038027508304,0.0,0.1475195399999999,1.704774812278841,3.3554304743939367,0.0789096000874506,0.0377512672695315,0.0,0.0,2596.87937506158,0.0,0.0,0.0,0.0,0.0,2008.351015811876,0.0,0.0,0.0,0.0,0.0,0.0,0.0,0.0,0.0,2406.5765422551726,3230.3987303883778,6383.038260885303,1009.9872190317108,0.0,871.1306565941503,592.3231698132721,0.0,6363.193779562862,959.4235040888078,0.0,570.5648620900894,150.08917956802853,0.0,709.1745415252915,2716.0970913873725,149.42128651280188,0.0
50,-3.5527136788005095e-18,0.0507437210719821,0.0,0.1475195399999999,2.2445917136899083,2.1018933635082884,0.1047969240221486,0.0407876511694351,0.0,0.0,2576.126418723128,0.0,0.0,0.0,0.0,0.0,1989.3318982447065,0.0,0.0,0.0,0.0,0.0,0.0,0.0,0.0,0.0,2226.5166666666664,3231.9444444444443,6928.377777777779,1422.2444444444443,0.0,651.0777777777777,416.4666666666667,0.0,6774.266666666667,1207.55,0.0,416.1666666666667,135.23982824269555,0.0,632.0944444444444,2483.2666666666664,127.1263492353506,0.0
51,-3.5527136788005095e-18,0.0495419205049833,0.0,0.1474275607973421,2.83129469456034,1.2847018799623309,0.1190394840797343,0.0504521027641196,0.0,0.0,2416.798477812388,0.0,0.0,0.0,0.0,0.0,1825.369063381742,0.0,0.0,0.0,0.0,0.0,0.0,0.0,0.0,0.0,2199.9875996335945,3240.0652337108536,6952.313768187863,1424.5172854430405,0.0,621.0547873751021,410.883886975352,0.0,6792.097850566281,1221.8147452031903,0.0,438.1957011325613,116.583951160503,0.0,646.3972643570844,2501.262888874069,98.89985689942172,0.0
52,-3.5527136788005095e-18,0.0465986098951321,0.0,0.1358864151324571,3.3775575808331486,0.7930978315077113,0.1313125299269103,0.0591008934617941,0.0,0.0,1612.7067011770844,0.0,0.0,0.0,0.0,0.0,1227.3830579053424,0.0,0.0,0.0,0.0,0.0,0.0,0.0,0.0,0.0,2097.626246612737,3316.5942917365337,6963.277748717545,1352.467650924375,0.0,519.7979708003777,401.90866444266607,0.0,6795.312713131114,1213.392284555202,0.0,557.5959851368337,98.0060140448086,0.0,709.7262232605381,2616.4323441209517,70.74338841245522,0.0
53,-3.5527136788005095e-18,0.0426673674418604,0.0,0.1134667799401995,3.813262096877637,0.5116552234892214,0.1426037321063122,0.0659392755990179,0.0,0.0,2029.5506820725095,0.0,0.0,0.0,0.0,0.0,1584.9561220770483,0.0,0.0,0.0,0.0,0.0,0.0,0.0,0.0,0.0,2117.444390408935,3448.711066748724,6764.234872502647,1169.5194785037345,0.0,570.4080849075345,417.02699654063247,0.0,6619.099585330181,1034.4390249074222,0.0,601.9008660942818,81.6689102618441,0.0,700.4724420669794,2679.621574827266,46.00192501348384,0.0
54,-3.5527136788005095e-18,0.0379457013652112,0.0,0.0884717748239204,4.229124359565717,0.3198111139968966,0.1503517247769339,0.0674029088372095,0.0,0.0,2608.025257794588,0.0,0.0,0.0,0.0,0.0,2069.221027257602,0.0,0.0,0.0,0.0,0.0,0.0,0.0,0.0,0.0,2071.537471360411,3469.538027407408,6277.174208336653,955.1417158549648,0.0,608.1773905073178,423.5541213099738,0.0,6150.859824193692,849.0655110379028,0.0,621.5900364509541,79.04013752614051,0.0,687.0018021857253,2614.867352702306,22.250541213502345,0.0
55,-3.5527136788005095e-18,0.0296637047043189,0.0,0.0624965734285714,4.64252304279706,0.1832819435832384,0.1430279676454485,0.0671104149727576,0.0,0.0,3216.681298658342,0.0,0.0,0.0,0.0,0.0,2585.220374978658,0.0,0.0,0.0,0.0,0.0,0.0,0.0,0.0,0.0,1126.3845930405694,1919.4751399276977,3381.7479112648098,495.7787792474847,0.0,342.15745993926254,235.3621568852851,0.0,3321.348110665696,446.79982920863375,0.0,346.8266758925393,47.392444514945694,0.0,379.6252587994116,1433.1019580020834,10.41322394106654,0.0
56,-3.5527136788005095e-18,0.0217806202764119,0.0,0.0379916664518272,5.008014562286496,0.0933707134572582,0.1308461541847178,0.0652698040473091,0.0,0.0,3325.885063409555,0.0,0.0,0.0,0.0,0.0,2737.562602226109,0.0,0.0,0.0,0.0,0.0,0.0,0.0,0.0,0.0,529.3646307556087,902.1017925832998,1589.3459496217165,232.96003743135404,0.0,160.78021231994006,110.5825837377612,0.0,1560.9099749188651,210.0131150900198,0.0,163.00178975144036,22.247271085795056,0.0,178.38604287905846,673.5133268575515,4.923977804956639,0.0
57,-3.5527136788005095e-18,0.0161007535016611,0.0,0.0169174464518272,5.209539633468424,0.0542606595248994,0.1191284430697678,0.0638798994518273,0.0,0.0,3398.9247675825927,0.0,0.0,0.0,0.0,0.0,2792.4815693672404,0.0,0.0,0.0,0.0,0.0,0.0,0.0,0.0,0.0,829.8091420202765,1451.511848568971,2239.78349949888,239.25736751926055,0.0,276.0805762856969,204.52709140439785,0.0,2169.3573984234667,223.893887694614,0.0,289.07051319637355,110.0053163922458,0.0,268.3479751562456,1077.308369926164,64.3930659165762,0.0
58,-3.5527136788005095e-18,0.0101624663521594,0.0,0.0012304555424774,5.411873398090162,0.0268551815282215,0.1023675181566212,0.056833262910299,0.0,0.0,3468.1685087154647,0.0,0.0,0.0,0.0,0.0,2891.9014854228185,0.0,0.0,0.0,0.0,0.0,0.0,0.0,0.0,0.0,2341.087368226391,4102.090919941503,5990.1117984856855,549.4730112584305,0.0,808.6479303480033,605.8795433812907,0.0,5749.179626034071,507.2113968402995,0.0,816.8503877494956,361.09898160997926,0.0,717.9593628060392,2983.8436914562217,215.11051405202505,0.0
59,-3.5527136788005095e-18,0.0048902733687707,0.0,7.105427357601019e-18,5.548390884057483,0.0097634392394406,0.0790099344395604,0.0475925527789419,0.0,0.0,3466.9922728994447,0.0,0.0,0.0,0.0,0.0,2895.022906557688,0.0,0.0,0.0,0.0,0.0,0.0,0.0,0.0,0.0,2481.7349969934744,4285.245989563944,5909.767910496312,466.9698866505557,0.0,872.2395167679186,683.7211726230247,0.0,5628.465861334784,384.8514056162924,0.0,826.8969034711783,398.9935528991285,0.0,685.6683586533958,2982.325765404753,220.67717710640824,0.0
60,-3.5527136788005095e-18,0.000831656730897,0.0,7.105427357601019e-18,5.575020221618588,0.0040921135415106,0.0787633928637875,0.0553480504717607,0.0,0.0,3419.988757413653,0.0,0.0,0.0,0.0,0.0,2800.9775148273056,0.0,0.0,0.0,0.0,0.0,0.0,0.0,0.0,0.0,2629.600195976511,4537.3164997691765,5853.726347513981,411.9888279351253,0.0,949.2353259951532,791.9425807851746,0.0,5559.98868689218,310.1960122036742,0.0,878.9920793409148,477.9922203838595,0.0,679.4751802006575,3031.052891004474,254.84005018201557,0.0
61,-3.5527136788005095e-18,1.953992523340273e-17,0.0,7.105427357601019e-18,5.463717705150614,0.0003640884450397,0.1627549948140163,0.0818385253524727,0.0,0.0,3318.628497433655,0.0,0.0,0.0,0.0,0.0,2492.968557933189,0.0,0.0,0.0,0.0,0.0,0.0,0.0,0.0,0.0,2857.3753762866118,5008.305320771791,5808.014603727105,386.604115723144,0.0,1105.7218919479085,968.9916269944785,0.0,5488.886952532814,284.0718729481334,0.0,984.9151665397168,627.5379901074061,0.0,690.5381391982531,3150.366847891765,337.4746424048802,0.0
62,0.0002649721769102,1.953992523340273e-17,0.0,7.105427357601019e-18,5.230397788143669,-1.7596590851098866e-14,0.3314074508073091,0.116115746656146,0.0,0.0,3051.24176219272,0.0,0.0,0.0,0.0,0.0,2092.006345082671,0.0,0.0,0.0,0.0,0.0,0.0,0.0,0.0,0.0,3096.8304462999245,5260.872057925972,5911.78073819868,582.1113727069466,0.0,1240.743739435259,1071.810016903586,0.0,5582.2643570399405,449.5163811587397,0.0,950.2647334566244,658.5001882083421,0.0,645.7976839824457,3146.5953679648915,393.2893992989048,0.0
63,0.0074008937541528,1.953992523340273e-17,0.0,0.0008068527444233,4.948685933221865,0.0026707112662377,0.5882112714596582,0.164101963482914,0.0,0.0,2846.6650575994395,0.0,0.0,0.0,0.0,0.0,1780.0525300431043,0.0,0.0,0.0,0.0,0.0,0.0,0.0,0.0,0.0,3155.388768210919,5150.734551440679,6025.945202816925,665.6534766131725,0.0,1265.2489806079782,1012.8724699465048,0.0,5621.329393265977,508.5023512977621,0.0,800.160597071693,554.5815864513174,0.0,553.7641379321157,2970.388499402371,306.42967727366903,0.0
64,0.0171666139933554,0.000418419570598,0.0,0.0030340781461794,4.570028572343008,0.0453884417342016,0.9455980102649502,0.2189165427508305,0.0,0.0,3101.4622912643786,0.0,0.0,0.0,0.0,0.0,1850.3704466553816,0.0,0.0,0.0,0.0,0.0,0.0,0.0,0.0,0.0,3176.282081412877,4839.412053574691,5909.752096876758,549.4893806420747,0.0,1231.8880042232756,891.4475993408604,0.0,5449.484359592227,354.9855448276749,0.0,575.9592678558861,426.32169645255135,0.0,381.9386138588517,2619.767107915771,204.2345965282899,0.0
65,0.0262750261395349,0.0299955358576174,0.0,0.0051938467627635,4.15766443244991,0.190492767007915,1.3468950530785813,0.270742870275951,0.0,0.0,4275.222186846622,0.0,0.0,0.0,0.0,0.0,2823.78289725367,0.0,0.0,0.0,0.0,0.0,0.0,0.0,0.0,0.0,3049.2587127936126,3658.9667529991634,5224.896262040164,162.92513998207878,0.0,961.540064624009,550.1434497951029,0.0,4744.514568154773,22.08205505412068,0.0,36.20037470847018,27.023597107473503,0.0,23.83480567513754,1127.7090555843436,12.992047214964616,0.0
66,0.0356651417541528,0.1025179681219464,0.0,0.0171609450381082,3.672378103051768,0.428462431684954,1.8213563593285127,0.3130478972421342,0.0,0.0,4063.897056013884,0.0,0.0,0.0,0.0,0.0,3254.3833273428518,0.0,0.0,0.0,0.0,0.0,0.0,0.0,0.0,0.0,1608.1564453213862,1893.01904330776,2739.12344017364,9.727810858752935,0.0,498.810201456277,278.8300059494112,0.0,2484.430215317908,0.0,0.0,0.0,0.0,0.0,0.0,543.0840084842908,0.0,0.0
67,0.0443979492757476,0.1814248587707642,0.0,0.0357347439269103,3.218114017987641,0.734485939631686,2.27412573447366,0.362104686,80.45433052145889,200.2863085279548,4206.609020323343,182.21085467876813,0.0,0.0,0.0,0.0,3683.9365543258673,213.99281381643755,0.0,0.0,0.0,0.0,46.75917168727202,191.53413379687152,0.0,0.0,740.4661917626481,721.0250967766585,1281.5279439738715,0.0,0.0,162.37973443705204,74.18756127944812,0.0,1102.0588784773734,0.0,0.0,0.0,0.0,0.0,0.0,144.4458727798321,0.0,0.0
68,0.0533332091020409,0.2650932599800666,0.0,0.0553098402059801,2.6777613985949023,1.1801512601632471,2.730546115511392,0.416680173273375,485.8153888289797,1150.7952999391402,5221.509935890956,1066.7127254451634,0.0,0.0,0.0,0.0,5036.043364183509,1214.422861246415,0.0,0.0,0.0,0.0,234.03938199466347,1025.1896509363844,0.0,0.0,1789.1263162662217,1242.0011509203784,3207.504466077294,0.0,0.0,170.9591483068265,6.621479391467768,0.0,2560.409346956386,0.0,0.0,0.0,0.0,0.0,0.0,12.877487517822058,0.0,0.0
69,0.0565284960000001,0.3547379755614616,0.0,0.0755882285760392,2.1222020520634444,1.8636523124724205,3.234683980291817,0.463360298029969,956.5853463037284,1880.9734832728236,6001.894770034767,1781.102015814551,0.0,0.0,0.0,0.0,5850.230761342372,1782.0451703338058,0.0,0.0,0.0,0.0,159.5784769893411,1164.4780410068504,0.0,0.0,1699.4064668438778,881.3186960673004,3700.318210267172,0.0,0.0,76.0196586328328,0.0,0.0,2847.151308131561,0.0,0.0,0.0,0.0,0.0,0.0,0.0,0.0,0.0
70,0.0565284960000001,0.4431064366492291,0.0,0.0941317905647842,1.6114880009563124,2.767520275271743,3.6620257139249768,0.4999835200990642,1305.8596225438102,2443.757261410671,6103.719002897041,1851.906845569409,0.0,1.2540098573773215,0.0,0.0,5883.230690114373,1761.8970954357317,0.0,0.0,1.592931440452273,0.0,197.36987001412385,1354.9785103860995,51.625043869945024,0.0,1252.1504886076652,335.49520955005494,3201.60709327839,0.0,0.0,0.0,0.0,0.0,2310.1613884105263,0.0,0.0,0.0,0.0,0.0,0.0,0.0,0.0,0.0
71,0.0565284960000001,0.5016718688770755,0.0,0.113523858214739,1.179287678144654,3.8003333520715623,3.989632223400181,0.5314470718441557,1545.8134921710446,2920.0443868315865,5933.310925535505,1654.9414442067357,0.0,22.43225219127568,0.0,0.0,5674.626746880353,1571.3822452673653,0.0,0.0,28.495023053782617,0.0,344.8628183548542,1711.9210931435025,235.0599608163451,0.0,1063.5482466921844,124.81016365853002,3126.673188049454,0.0,0.0,0.0,0.0,0.0,2211.2135382008414,0.0,0.0,0.0,0.0,0.0,0.0,0.0,0.0,0.0
72,0.0561942820166114,0.5364268758929206,0.0,0.1395392247899312,0.8573957590572303,4.938060170854315,4.204885693685152,0.5593806872031687,1642.0,3111.0,5865.0,1576.0,0.0,37.0,0.0,0.0,5591.0,1495.0,0.0,0.0,47.0,0.0,404.0,1855.0,289.0,0.0,845.2698679128309,0.0,3120.4508211355524,0.0,0.0,0.0,0.0,0.0,2181.209402255466,0.0,0.0,0.0,0.0,0.0,0.0,0.0,0.0,0.0
73,0.0491276022458472,0.5756750405581398,0.0,0.1611824116636853,0.5741264951760645,6.232591773984394,4.284018627867877,0.5582283704850501,1317.155270968817,2495.560336855829,4704.697929939084,1264.2216285713528,0.0,33.53965234291013,0.0,0.0,4484.934777773995,1199.2520237535375,0.0,0.0,37.68653588793347,0.0,324.069255710086,1488.032184531981,231.80784827391463,0.0,431.57323771332426,0.0,3121.6994891674094,0.0,0.0,0.0,0.0,0.0,2122.1397360481874,0.0,0.0,0.0,0.0,0.0,0.0,0.0,0.0,0.0
74,0.0395496843189369,0.6135850294780073,0.0,0.1809565885315614,0.3988031193711461,7.5337675967242355,4.204543932760668,0.5459619141926908,629.5730566116944,1183.0259223074024,2239.595419542889,602.0487784143763,0.0,26.05192285124105,196.10854866640275,0.0,2135.4992691571933,570.6316519814332,0.0,276.6279057918815,20.74795635933423,0.0,155.77223064483042,711.8622968118652,111.58984023547258,0.0,437.2848626807429,0.0,3236.960335080932,0.0,0.0,0.0,0.0,0.0,2053.2199493371368,0.0,0.0,0.0,0.0,0.0,0.0,0.0,0.0,0.0
75,0.0303473710166113,0.6214377655739199,0.0,0.1998987786627905,0.2712270715763952,8.686097753997492,3.9834494659509994,0.5348476518563113,646.1436334825565,334.0964995244124,1476.867233857519,418.5367579438646,0.0,17.08046054369935,624.7251666919068,0.0,1454.0984377664654,351.2789321699179,0.0,892.7010845857425,268.9186120782975,0.0,236.33089568448648,784.8225742669706,185.69098107189893,0.0,554.7704377612197,0.0,2770.0703298525204,0.0,0.0,0.0,0.0,0.0,1714.8601501381952,0.0,0.0,0.0,0.0,0.0,0.0,0.0,0.0,0.0
76,0.0209572554019933,0.5866448118568871,0.0,0.2096306561523125,0.1972599708438369,9.689055663548924,3.653075470390752,0.5260861219542536,2400.018716199178,1121.372775273141,5535.152668274176,1583.428773175452,0.0,8.946488373609306,575.0649020219089,0.0,5440.410992074852,1336.1036789071134,0.0,870.6128088850121,1007.6184681336292,0.0,894.7283853075194,2929.386374500228,676.0552310874019,0.0,279.59277476395107,0.0,1393.2954426209303,0.0,0.0,0.0,0.0,0.0,862.3700172209267,0.0,0.0,0.0,0.0,0.0,0.0,0.0,0.0,0.0
77,0.011379337475083,0.5364874028547506,0.0,0.2100574793589366,0.1578962931835053,10.57552199767972,3.2431535182883784,0.4924186677376737,2319.83507321557,794.546677182235,5737.040554177856,1693.336679431604,0.0,4.035535030449791,499.55671547704674,0.0,5585.455129533103,1472.1175467438304,0.0,823.349427799423,953.503412931372,0.0,916.9230074340256,2877.675165578546,581.7699256597455,0.0,118.5794003938107,42.70384274398664,590.8325842806172,0.0,0.0,0.0,0.0,0.0,365.7057803109,0.0,0.0,0.0,0.0,0.0,0.0,0.0,0.0,0.0
78,0.0028440989273849,0.4728570204261985,0.0,0.1991429361328903,0.126954010097753,11.258079997842412,2.8489954961319466,0.4523069642107257,2301.6484138601486,1062.7695382568693,5536.551716677792,1557.0368923535775,0.0,20.115665932412195,466.6325565961412,0.0,5365.79738962181,1290.842772771803,0.0,767.1524709847741,909.2986292932112,0.0,830.6372485345228,2822.191901176076,542.4156886104739,0.0,405.232645048909,270.22877012475846,1170.2116720272224,0.0,0.0,0.0,0.0,0.0,688.3687100323438,0.0,0.0,0.0,0.0,0.0,0.0,0.0,0.0,0.0
79,-3.5527136788005095e-18,0.3896078404186051,0.0,0.184848603180826,0.097783183501407,11.887584940099885,2.398692957806601,0.4108817033372088,2331.335453630693,1202.5496249729497,5371.114921396358,1390.9597075909253,0.0,30.202066402144727,475.8016730896612,0.0,5209.3624138816585,1126.0811724252935,0.0,769.6802082552925,916.7789600480828,0.0,831.2006398885889,2851.3595931858267,555.9341738535152,0.0,1078.739588125749,479.5131207724567,3073.551649474555,0.0,0.0,0.0,0.0,0.0,1792.786631226911,0.0,0.0,0.0,0.0,0.0,0.0,0.0,0.0,0.0
80,-3.5527136788005095e-18,0.2977362354755946,0.0,0.1706550551162795,0.0698006830963287,12.476555567236376,1.9477392347863547,0.3551299273508812,2373.658587066556,1334.0483742275078,5207.887484864944,1225.147006547788,0.0,39.65373531720331,496.161322909853,0.0,5056.8183148619655,960.5499875466757,0.0,782.6048269830891,934.0326279684676,0.0,838.3679534062329,2889.8368800879825,581.5683588854216,0.0,777.3450030836767,338.578650429234,2222.4401353287976,0.0,0.0,0.0,0.0,0.0,1292.6067377605125,0.0,0.0,0.0,0.0,0.0,0.0,0.0,0.0,0.0
81,-3.5527136788005095e-18,0.237307279607583,0.0,0.154828567607583,0.0438658427242357,12.77898358065036,1.514805795437953,0.2857584672816098,2494.353429456566,1391.648893371268,5120.010014899271,1179.401235596854,0.0,50.72012978882559,594.2226981981315,0.0,4979.936811565052,880.0304006089843,0.0,852.150330839283,1006.2559889549924,0.0,846.724752832692,2948.4301629719084,670.265313974511,0.0,405.5736032583136,176.64443687045124,1159.5072424277462,0.0,0.0,0.0,0.0,0.0,674.3562165679446,0.0,0.0,0.0,0.0,0.0,0.0,0.0,0.0,0.0
82,-3.5527136788005095e-18,0.2010566134542005,0.0,0.13314119862906,0.0212371938110892,12.85753697243581,1.1207261000881443,0.2138995381224487,2817.7004133701244,1270.1991260347495,4962.175703493591,1155.5238713300346,0.0,121.02856355773784,852.3233111385917,0.0,4925.475426349432,893.2292796522302,0.0,1049.7419516942728,1213.919235409064,0.0,946.3756779133814,3192.262798807871,813.5774474886742,0.0,199.92121017371235,87.07399161671492,571.560514376604,0.0,0.0,0.0,0.0,0.0,332.39215807223144,0.0,0.0,0.0,0.0,0.0,0.0,0.0,0.0,0.0
83,-3.5527136788005095e-18,0.1640263748172759,0.0,0.1158516020259,0.0136000174484884,12.69833179833235,0.8054262570962136,0.1639011732757475,2996.1734313368584,1182.1601044595188,4819.952108891975,1122.5865179018297,0.0,156.85024892212977,1011.230346298526,0.0,4855.315597046202,943.8105116797608,0.0,1177.0675031896164,1427.1092928816915,0.0,1085.5995027415545,3452.558651964986,928.6101246276752,0.0,68.63200716003126,13.827433581471118,509.3620155403873,0.0,0.0,0.0,0.0,0.0,353.4850521770374,0.0,0.0,0.0,0.0,0.0,0.0,0.0,0.0,0.0
84,-3.5527136788005095e-18,0.1268415169833887,0.0,0.0949114172691026,0.0092780931827077,12.34819771005288,0.5362725339460495,0.1223943911760796,3051.100422390808,1158.6713726717132,4692.412277672169,1062.2381727968686,0.0,164.51207058963476,1058.4501927939057,0.0,4757.129972672511,948.0511019577204,0.0,1190.1948485726984,1534.203434284868,0.0,1114.0047796290914,3570.706919162333,999.5961295347232,0.0,196.26271335185504,0.0,2466.869115838639,0.0,0.0,0.0,0.0,0.0,1786.855165257914,0.0,0.0,0.0,0.0,0.0,0.0,0.0,0.0,0.0
85,-3.5527136788005095e-18,0.0896566591495015,0.0,0.0735872060332222,0.0049561689169269,11.773582151566334,0.344468019898031,0.0809484952181164,3089.8578020157024,1155.4676984938787,4605.965390293306,1011.2631238780132,0.0,164.2385691872616,1062.073650950787,0.0,4684.261792170795,907.1543911741536,0.0,1145.447721183072,1539.567142746624,0.0,1036.741679262617,3528.3580556181355,1007.3751601518544,0.0,260.91033710381424,0.0,3395.6741081331656,0.0,0.0,0.0,0.0,0.0,2630.070988811085,0.0,0.0,0.0,0.0,0.0,0.0,0.0,0.0,0.0
86,-3.5527136788005095e-18,0.0539742198139534,0.0,0.053124579089701,0.00134009699175,11.059944636019914,0.2033530349371696,0.0501911528120755,3154.703168026841,1223.0808939318413,4535.041451640252,956.3157599423512,0.0,82.87676160638945,983.5234886422312,0.0,4604.134698521715,843.8937327407281,0.0,905.412235091828,1412.6929912986911,0.0,820.6107162444883,3236.9947395769354,945.3444766858064,0.0,359.72577685070286,0.0,3579.3230814526305,0.0,0.0,0.0,0.0,0.0,3057.6013561095365,0.0,0.0,0.0,0.0,0.0,0.0,0.4619740648952946,0.0,0.0
87,-3.5527136788005095e-18,0.0173819806487896,0.0,0.032203860415757,0.0139751366817584,10.218950201964388,0.1143579436851004,0.033609450701234,3280.076246624901,1309.2294721338944,4659.248873110073,1084.2034446351258,0.0,2.372995067866953,683.5041593787129,0.0,4658.558047854564,836.4346167899793,0.0,342.5117575436149,876.6394096567049,0.0,310.1150577083734,2339.806382856991,534.8247515438043,0.0,476.7879726178062,0.0,3721.631318778625,0.0,0.0,0.0,0.0,0.0,3294.25107110872,0.0,0.0,0.0,0.0,0.0,0.0,157.63565282525587,0.0,0.0
88,-3.5527136788005095e-18,0.0003386017398414,0.0,0.0231017436478405,0.0532731450383172,9.265103997998969,0.0755773307894231,0.0304982654858165,2776.6158708191306,944.1165550008184,5306.868437944559,1455.1457964016122,0.0,0.0,0.0,0.0,5128.598891030321,1084.6868746244718,0.0,0.0,0.0,0.0,0.0,1154.5400832136495,0.0,0.0,440.9217149308018,0.0,4312.762983365555,0.0,0.0,0.0,0.0,0.0,4147.907252348806,0.0,0.0,0.0,0.0,0.0,0.0,565.2147306431967,0.0,0.0
89,-3.5527136788005095e-18,-1.4921397450962083e-16,0.0044129712252182,0.0186023132491694,0.1050118926397115,8.279220055644274,0.0529061372630798,0.035185751641196,2048.0228740165776,396.0547836306962,5911.896747375175,1715.7525543548793,0.0,0.0,0.0,0.0,5589.644646046705,1339.5860811870134,0.0,0.0,0.0,0.0,0.0,272.1604338944192,0.0,0.0,328.66967728242696,0.0,5178.764564583065,38.70884104694724,0.0,0.0,0.0,0.0,5450.514642419808,100.93697791988772,0.0,0.0,0.0,0.0,0.0,914.8302912878896,0.0,0.0
90,-3.5527136788005095e-18,-1.4921397450962083e-16,0.025759393475083,0.0140555204252491,0.1772652100630437,7.107142823329768,0.0347848300713377,0.0392580965182724,1538.4381397770364,3.2971471409501047,5936.943632589165,1574.1412640951112,0.0,0.0,0.0,0.0,5666.017465243724,1374.6496050220658,0.0,0.0,0.0,0.0,0.0,121.56955063979952,0.0,0.0,340.90890577377587,0.0,5687.628194701979,201.84507988589445,0.0,0.0,0.0,0.0,6077.2148496009495,497.54875629721056,0.0,0.0,0.0,0.0,0.0,1035.1372270004397,0.0,0.0
91,-3.5527136788005095e-18,-1.4921397450962083e-16,0.050216526179402,0.0091298281993355,0.3012620908305483,5.865951409754139,0.0233995091561493,0.0436698034684386,393.7058650570863,0.0,5734.43547353096,909.8184716889784,0.0,0.0,0.0,0.0,5572.762439295951,1046.3599112866166,0.0,0.0,0.0,0.0,0.0,1.7160909517740963,0.0,0.0,272.04208558066944,0.0,6734.5600987311245,717.8487577018643,0.0,0.0,0.0,0.0,7404.737943680061,1370.5415204170388,0.0,0.0,0.0,0.0,258.28749857707453,1609.6851625701447,0.0,0.0
92,-3.5527136788005095e-18,-1.4921397450962083e-16,0.0744384941461794,0.004251498398671,0.4707826653794877,4.674775727831319,0.0133883280000031,0.0480997267360083,9.357667001509547,0.0,5557.829675457208,684.0289184890413,0.0,0.0,0.0,0.0,5466.152629767229,819.7310978272316,0.0,0.0,0.0,0.0,0.0,0.0,0.0,0.0,240.6460215927053,0.0,7154.739431063244,932.8493819297602,0.0,0.0,0.0,0.0,7884.560688931176,1685.9529978643552,0.0,0.0,0.0,0.0,430.6219540821888,1806.9882756875536,0.0,0.0
93,-3.5527136788005095e-18,-1.4921397450962083e-16,0.0974846384252491,0.0003691583209591,0.6832169512104415,3.680623347418158,0.0038900398292679,0.050182969587751,0.0,0.0,5061.053502840812,438.9806197919039,0.0,0.0,0.0,0.0,5128.977353414238,541.7423987163481,0.0,0.0,0.0,0.0,0.0,0.0,0.0,0.0,266.18156120714326,0.0,7401.077942847155,1255.1809756215166,0.0,0.0,0.0,0.0,7948.552385708585,2062.115639390812,0.0,0.0,0.0,0.0,632.5819023711308,1932.6086423270904,0.0,0.0
94,-3.5527136788005095e-18,-1.4921397450962083e-16,0.1205307827043188,-1.953992523340273e-17,0.960884939226408,2.7868484881770894,0.0010307742803507,0.0481502888970098,0.0,0.0,4148.5060252105,54.15567009554649,0.0,0.0,0.0,0.0,4208.855665618221,158.65671013169128,0.0,0.0,0.0,0.0,0.0,0.0,0.0,0.0,625.9182083446186,401.825115174662,7340.133100828783,1437.7147690441327,0.0,6.084090282968555,0.0,0.0,7766.573569453987,2026.0695758269817,0.0,73.14812696658805,0.0,0.0,742.2594992926327,2186.614949525988,0.0,0.0
95,0.0030112947603986,-1.4921397450962083e-16,0.1398823612839867,-1.953992523340273e-17,1.299791746943504,2.065345814468558,0.0143479319202689,0.046007859887043,0.0,0.0,2639.751279310221,0.0,0.0,0.0,0.0,0.0,2668.194943260665,33.91704988309705,0.0,0.0,0.0,0.0,0.0,0.0,0.0,0.0,966.4523434487046,957.802735502007,7576.088368099685,1628.3923534820865,0.0,65.33082772694715,0.0,0.0,7932.34764472315,2044.3951008122388,0.0,192.76061194977905,0.0,0.0,850.9061372400092,2491.334872044653,0.0,0.0
96,0.020183696579402,-1.4921397450962083e-16,0.141569172,-1.953992523340273e-17,1.6413215364597833,1.6303862983707489,0.0303893794285746,0.0440124603189367,0.0,0.0,710.6495841352154,0.0,0.0,0.0,0.0,0.0,710.7709404651534,0.0,0.0,0.0,0.0,0.0,0.0,0.0,0.0,0.0,1173.1338190721958,1299.845995389515,7536.293819194029,1619.099100065687,0.0,133.17039054913263,37.03734865407812,0.0,7789.773663116976,1951.485634717473,0.0,289.87008109670165,19.50822722496893,0.0,931.1512110636218,2683.630538886431,13.84674869464578,0.0
97,0.043321380757475,-1.4921397450962083e-16,0.141569172,-1.953992523340273e-17,2.0341139500841474,1.3050395951827083,0.0471062563056509,0.039642121129568,0.0,0.0,1151.5168440675652,0.0,0.0,0.0,0.0,0.0,1093.0149820865502,0.0,0.0,0.0,0.0,0.0,0.0,0.0,0.0,0.0,1318.1365801155755,1730.9132905726112,7135.056001885846,1411.7779923063238,0.0,216.70528565561477,170.7304291689026,0.0,7302.590074206516,1724.089820557774,0.0,510.74580108634666,173.10140501765352,0.0,1148.594265426388,3056.171791541515,121.8590850643957,0.0
98,0.0700387307641196,-1.4921397450962083e-16,0.141569172,-1.953992523340273e-17,2.547648044316878,1.0284870870551863,0.0685015428599571,0.0307299612029134,0.0,0.0,2630.7900996729177,0.0,0.0,0.0,0.0,0.0,2456.9894819136057,0.0,0.0,0.0,0.0,0.0,0.0,0.0,0.0,0.0,1450.8162860960065,2076.844640320048,6699.8179438151865,1185.652425173637,0.0,326.0784804981707,340.9751888819992,0.0,6890.779664544285,1479.1304771273258,0.0,695.8393272229787,344.35028356671285,0.0,1289.4849789317727,3310.09350889821,225.57689730411175,0.0
99,0.0959999293554817,-1.4921397450962083e-16,0.1361182373421926,-1.953992523340273e-17,3.162773492282963,0.8167871904905084,0.0969443191565403,0.0230823868305648,0.0,0.0,3323.4968524352485,0.0,0.0,0.0,0.0,0.0,3068.7491899419288,0.0,0.0,0.0,0.0,0.0,0.0,0.0,0.0,0.0,1796.696146783111,2677.6260672044173,6277.810297145311,811.1739620001972,0.0,475.3606679105416,460.0939915090033,0.0,6310.698700998436,926.6289984479382,0.0,782.9641002923119,393.7944123441216,0.0,1112.128171380009,3228.4161397957087,254.9000146023074,0.0
100,0.1212049765315615,-1.4921397450962083e-16,0.1139284606245846,-1.953992523340273e-17,3.746916165496492,0.6899068560455504,0.1288421024638991,0.0166575708837209,0.0,0.0,2719.7303575601954,0.0,0.0,0.0,0.0,0.0,2532.031484943644,0.0,0.0,0.0,0.0,0.0,0.0,0.0,0.0,0.0,1895.5504005490995,2841.2445991746245,6123.008114737739,667.279372080802,0.0,500.4392467898549,478.5762844142713,0.0,6145.494548116884,749.1511182029503,0.0,756.4824286574959,364.9628453780666,0.0,1039.316400329849,3182.600063272026,264.79329798917564,0.0
101,0.1430536877537462,-1.4921397450962083e-16,0.0908823163455149,-1.953992523340273e-17,4.336096380982016,0.6093803949173365,0.1632190198714522,0.0103612512558139,0.0,0.0,1070.0994554994156,0.0,0.0,0.0,0.0,0.0,996.2285563577278,0.0,0.0,0.0,0.0,0.0,0.0,0.0,0.0,0.0,1955.0511917086808,2929.511917086805,5871.422331596615,468.24316061623256,0.0,556.0767875630208,543.2431606162326,0.0,5899.614300504167,463.5887046498261,0.0,781.755077703038,375.089585490191,0.0,1037.7934714845485,3225.89585490191,251.07502588229124,0.0
102,0.1498294901368774,-1.4921397450962083e-16,0.0687768310166114,-1.953992523340273e-17,4.958530045956131,0.5734536101076272,0.2093783818046543,0.0043219242657807,0.0,0.0,121.5828607546607,0.0,0.0,0.0,0.0,0.0,113.1671818762118,0.0,0.0,0.0,0.0,0.0,0.0,0.0,0.0,0.0,1919.559409395973,2924.449839821029,5870.498843847875,492.3979960029829,0.0,544.2458318269947,563.9661271290082,0.0,5904.78649950783,569.9622732885906,0.0,895.2994604623416,497.661271290082,0.0,1184.968946457867,3395.5737697837435,390.0528578672632,0.0
103,0.1517343840000003,-1.4921397450962083e-16,0.045495522,-1.953992523340273e-17,5.615162471654473,0.5625484033045267,0.2714127803322287,0.0025453985913621,0.0,0.0,82.33828874119928,0.0,0.0,0.0,0.0,0.0,76.64375681490185,0.0,0.0,0.0,0.0,0.0,0.0,0.0,0.0,0.0,1768.8134709550711,2649.4976838099487,5946.765371784987,578.2096659104793,0.0,460.344342659205,534.7207776585205,0.0,5976.177986318834,752.5302864103018,0.0,882.1373042149501,599.0584472602762,0.0,1277.694390753588,3457.883710960014,454.1588532597677,0.0
104,0.1517343840000003,-1.4921397450962083e-16,0.0217438835083056,-1.953992523340273e-17,6.196933508595167,0.5621625274904788,0.3412685399558942,0.0070524710431893,0.0,0.0,44.35340094757705,0.0,0.0,0.0,0.0,0.0,41.2296787736701,0.0,0.0,0.0,0.0,0.0,0.0,0.0,0.0,0.0,1694.2526619918758,2483.5709504751485,6056.573427805924,687.5701464813538,0.0,387.2690686147251,475.2296927198873,0.0,6094.520926612807,888.4979573408178,0.0,837.1739102022004,580.0918770879549,0.0,1290.9704680788716,3425.1378156319324,447.0459385439775,0.0
105,0.1492466686537186,-1.4921397450962083e-16,0.0023719704495272,-1.953992523340273e-17,6.620098924520306,0.5728296676199712,0.3903820497485331,0.0116190325315614,0.0,0.0,688.6089466478649,0.0,0.0,0.0,0.0,0.0,683.090026311746,0.0,0.0,0.0,0.0,0.0,0.0,0.0,0.0,0.0,1682.6287715593498,2455.1764775948027,6170.903221969278,812.173685756111,0.0,363.436043624306,467.5996404980041,0.0,6191.449064158529,1004.3472780632928,0.0,805.5932065546125,595.2340499601505,0.0,1296.2797230987833,3421.669695564159,432.3616374446248,0.0
106,0.1302200865720325,-1.492139745096208e-16,1.7763568394002496e-17,-1.953992523340273e-17,7.019491384643422,0.5879185681949729,0.4338558548578705,0.016554609089701,0.0,0.0,2954.916607296739,0.0,0.0,0.0,0.0,0.0,2942.1751563776484,0.0,0.0,0.0,0.0,0.0,0.0,0.0,0.0,0.0,1556.0362793263507,2238.2938829191667,6132.796895898136,957.0423532087532,0.0,300.92241680904056,419.2252447457952,0.0,6153.268664098877,1164.948475539291,0.0,748.5034148719014,574.1661230908211,0.0,1244.5476399105742,3292.618528574764,390.0904091459888,0.0
107,0.1071527508837209,-1.4921397450962083e-16,1.7763568394002496e-17,-1.953992523340273e-17,7.258066456074782,0.5776320808718097,0.4724406611746921,0.0210750436943521,0.0,0.0,3522.568435212913,0.0,0.0,0.0,0.0,0.0,3496.823145705588,0.0,0.0,0.0,0.0,0.0,0.0,0.0,0.0,0.0,1078.276519925338,1508.7011676238835,4430.287090570492,755.9537919748911,0.0,206.02699134084364,291.94095046712647,0.0,4463.73237174151,932.7655783670656,0.0,521.9708444168373,403.4890816262816,0.0,893.9701733048895,2322.3809221899683,271.8596475002116,0.0
108,0.0829559055946844,-1.4921397450962083e-16,1.7763568394002496e-17,-1.953992523340273e-17,7.314862391426809,0.5363124436469497,0.5085389931496305,0.0254981891170313,0.0,0.0,3398.990339342322,0.0,0.0,0.0,0.0,0.0,3257.6022915741933,0.0,0.0,0.0,0.0,0.0,0.0,0.0,0.0,0.0,1167.9177701209535,1409.9183371279803,4749.384976219948,992.0590741001064,0.0,288.8663834249258,380.2231772177676,0.0,4813.467611189142,1239.6670155141778,0.0,552.9617384396263,473.9964640743532,0.0,958.0655740461416,2387.504602544482,305.0459529660069,0.0
109,0.0569901291635574,-1.4921397450962083e-16,1.7763568394002502e-17,-1.953992523340273e-17,7.11601038198721,0.4727490930827873,0.5356324860513703,0.0286505606511628,0.0,0.0,3118.2211528192547,0.0,0.0,0.0,0.0,0.0,2824.2194884335145,0.0,0.0,0.0,0.0,0.0,0.0,0.0,0.0,0.0,1687.2458212579952,1785.1807739102292,6805.844897066345,1627.6955628752412,0.0,491.0762907320831,621.2047808237243,0.0,6929.768047109948,2048.315830055535,0.0,784.9194070957886,726.2453514792329,0.0,1372.5277117155492,3305.501765843862,452.5061420772312,0.0
110,0.0331487555083056,0.0007436344913033,1.7763568394002496e-17,-1.953992523340273e-17,6.778896824273583,0.4392467065186496,0.5534620550408478,0.040790168013289,0.0,0.0,2890.149698835532,0.0,0.0,0.0,0.0,0.0,2411.830199669408,0.0,0.0,0.0,0.0,0.0,0.0,0.0,0.0,0.0,1376.886227511042,1418.528171174139,5545.495086841597,1357.89344753699,0.0,411.96967295651257,517.863481279798,0.0,5651.388895164883,1710.6973418818266,0.0,638.3789649217774,598.9421515235381,0.0,1118.313733703167,2675.5961180434224,371.08177974333074,0.0
111,0.0137255131665875,0.0107381502572376,1.7763568394002496e-17,-1.953992523340273e-17,6.329900607220677,0.4470963914095734,0.5812647481025195,0.064603760087328,0.0,0.0,2885.001300826528,0.0,0.0,0.0,0.0,0.0,2276.887422103573,0.0,0.0,0.0,0.0,0.0,0.0,0.0,0.0,0.0,490.708947423624,502.37136466590846,1969.2434912649016,478.37688420876407,0.0,146.4795161059777,179.03840488746266,0.0,2008.392857951805,596.5452194850877,0.0,212.1961480647157,202.4312170155537,0.0,378.8790980851632,925.9124730405132,122.1721098755827,0.0
112,0.0087875537783578,0.0273893080920738,1.7763568394002496e-17,0.015616538893213,5.6880171715301255,0.5035161352403753,0.640080510939016,0.0952989066264833,0.0,0.0,4406.106655141605,30.010713558937702,0.0,0.0,0.0,0.0,3860.272736284757,0.0,0.0,0.0,0.0,0.0,0.0,0.0,0.0,0.0,1822.9721465697005,1591.651913560195,6625.704288197885,1007.7977066239096,0.0,404.0123781914152,175.4714749271615,0.0,6654.991481441529,890.4701213375514,0.0,28.076847860702816,50.23518589779187,0.0,99.75494608891988,1554.0042706586005,7.9743123865515315,0.0
113,0.0091677181395348,0.0523202415548171,1.7763568394002496e-17,0.072530406179402,4.901951831626893,0.7017136265035904,0.7633573110547265,0.1268464591495018,282.26369231185305,153.7139548894839,4884.31652699278,312.4179086043737,0.0,0.0,0.0,0.0,4377.121546942054,122.63766223431212,0.0,0.0,0.0,0.0,0.0,83.22382764726495,0.0,0.0,1749.078889390934,1398.530001263166,6497.531870403513,618.8498337168508,0.0,201.1331343106174,1.615304031578708,0.0,6239.400279337703,350.4549998268725,0.0,0.0,0.0,0.0,0.0,983.871781075392,0.0,0.0
114,0.0112850244717607,0.0759302046179401,1.7763568394002496e-17,0.1331333062923587,4.161187782366947,1.060052753859545,0.919344248855938,0.1529762342781637,1673.1385470370117,945.0443303463936,5507.118218988273,1178.8272311149842,0.0,0.0,0.0,0.0,5537.257825252169,1089.137945081255,0.0,0.0,0.0,0.0,0.0,537.235918126244,0.0,0.0,1521.1631667905624,1088.2015539155946,6308.665311190206,303.7576495515308,0.0,8.388426357150529,0.0,0.0,5790.234036298218,14.50362548504728,0.0,0.0,0.0,0.0,0.0,532.3328871422428,0.0,0.0
115,0.012953299711438,0.0985665609568106,1.7763568394002496e-17,0.1912371177408639,3.5155216282955988,1.5642537376581325,1.1121412885885185,0.1788229848182251,1323.9262256459072,810.539808525378,5896.290849141011,1408.4980210676267,0.0,0.0,0.0,0.0,6033.289548008694,1539.330314099169,0.0,0.0,0.0,0.0,0.0,646.5532956750012,0.0,0.0,1109.4067775105236,654.6268606865641,6184.316977162305,114.17131782804664,0.0,0.0,0.0,0.0,5538.091545851827,0.0,0.0,0.0,0.0,0.0,0.0,311.91069143313683,0.0,0.0
116,0.0131403959999999,0.1233312012271821,1.7763568394002496e-17,0.2562134230166116,2.8094484444257177,2.3223002538911373,1.3733020124361244,0.201281156813531,1222.6283793225075,888.0798979810119,5860.991627758129,1403.3282809156954,0.0,0.0,0.0,0.0,6078.2267836657,1721.5649414630104,0.0,0.0,13.19247282121829,0.0,41.12947408968056,1151.8869348444882,20.952750951346697,0.0,770.539458434703,372.8097509281373,5973.298201617823,14.697464827504112,0.0,0.0,0.0,0.0,5368.851137665632,0.0,0.0,0.0,0.0,0.0,0.0,266.39172265250096,0.0,0.0
117,0.0131403959999999,0.1381232063005666,1.7763568394002496e-17,0.3223709059933554,2.17319268579948,3.3606669971397176,1.763156135263635,0.2139371973359392,1171.496866892627,1038.804596428893,5826.304194033866,1429.2952647579637,0.0,0.0,0.0,0.0,6109.292364214503,1930.9720999456736,0.0,0.0,126.55214033243128,0.0,515.5538088984154,1769.6660536221918,273.76722128485403,0.0,588.6174233179105,109.66666666666669,5350.7822211441935,0.0,0.0,0.0,0.0,0.0,4813.074278065851,0.0,0.0,0.0,0.0,0.0,0.0,216.48393164607788,0.0,0.0
118,0.0131403959999999,0.1452275051088618,1.7763568394002496e-17,0.3659115810053306,1.6718384237740729,4.536031103963829,2.2085990016042696,0.222559742870432,1198.1649957473105,1130.5581477802734,6176.4813234064695,1745.5185023729643,0.0,23.60613062921752,79.47397311836565,0.0,6369.44485100201,2137.7779047058584,0.0,55.99898765931046,162.1952341483025,0.0,626.2532046016539,1810.00415180758,313.5484105670928,0.0,158.99637992282968,0.0,4911.181373868843,0.0,0.0,0.0,0.0,0.0,4391.616049368981,0.0,0.0,0.0,0.0,0.0,0.0,58.468261673749566,0.0,0.0
119,0.012713539282392,0.1465278119999998,1.7763568394002496e-17,0.3785252312070871,1.2378240005426204,5.981467114141738,2.650909765162795,0.2329730699136215,1894.0467762307644,1345.1185369644377,5585.93327636081,1328.8220991979333,0.0,133.26625356781588,466.3092030921489,0.0,5748.373041515053,1527.3211400944836,0.0,331.4686188185335,693.5329134180812,0.0,793.1871083600605,2436.1584440109173,660.9415080412932,0.0,0.0,0.0,4852.0277087874665,0.0,0.0,0.0,0.0,0.0,4294.521719937777,0.0,0.0,0.0,0.0,0.0,0.0,0.0,0.0,0.0
120,0.0106083595614617,0.1459356080625365,1.7763568394002496e-17,0.398370712784053,0.8878124163728615,7.596360590844625,3.11293053571859,0.2359578421465704,2424.071710879323,1498.0373364897198,5363.25542164198,1178.7318905363363,0.0,128.6418537040169,660.3411887699858,0.0,5467.894456280341,1214.2725222024376,0.0,502.6077956175616,969.4066679912992,0.0,781.5632273234115,2692.399436186869,800.7531697440778,0.0,0.0,0.0,4731.186946050182,0.0,0.0,0.0,0.0,0.0,4054.2531155017455,0.0,0.0,0.0,0.0,0.0,0.0,0.0,0.0,0.0
121,0.0084255695282392,0.1352936800721404,1.7763568394002496e-17,0.4208315970107804,0.6593232024204885,9.142355514586196,3.567976871673748,0.227400981210116,2830.191911422512,1611.251214114364,5512.206004647092,1316.752026277276,0.0,58.66371188686382,734.7777158228408,0.0,5508.110701112597,1172.6623292035028,0.0,596.4987201604094,1048.8398181931434,0.0,642.1383213648952,2651.914297754281,773.7552487194315,0.0,0.0,0.0,4641.698139280842,0.0,0.0,0.0,0.0,0.0,3849.717586039026,0.0,0.0,0.0,0.0,0.0,0.0,0.0,0.0,0.0
122,0.006286435295681,0.1186872454786087,1.7763568394002496e-17,0.4266310608434467,0.5022588099382869,10.664256334323946,3.977373792397051,0.2137421956910977,3296.4005205426274,1490.5759959297866,5807.957991811816,1599.2162192390172,0.0,43.82403306008257,771.9120165300413,0.0,5625.734229894248,1194.4981302820602,0.0,560.4817254497219,908.5300844548034,0.0,375.8483445101469,2281.448451801742,526.2609750896833,0.0,0.0,0.0,4607.462283537137,0.0,0.0,0.0,0.0,0.0,3731.749824766195,0.0,0.0,0.0,0.0,0.0,0.0,0.0,0.0,0.0
123,0.0040818173621262,0.0954245788504983,1.7763568394002502e-17,0.3961998663189365,0.3559339480802317,12.025261779513666,4.250883811802463,0.1962181083703044,3392.026614984799,1241.4798868181017,5808.968978379578,1573.66110679107,0.0,107.72660975183582,735.1890863285145,0.0,5554.092509417696,1138.8986773110594,0.0,631.4139923852038,775.7576837018878,0.0,338.9689260499481,2183.753224736635,341.1454002447936,0.0,0.0,0.0,4804.40154102414,0.0,0.0,0.0,0.0,0.0,3874.732808729559,0.0,0.0,0.0,0.0,0.0,0.0,0.0,0.0,0.0
124,0.0018117157275747,0.0701108040199335,1.7763568394002502e-17,0.3546098910897012,0.2792503324147573,13.174664663021716,4.441763525395869,0.1877800883851269,3386.957594943504,1211.8141553460496,5772.80264123588,1549.5570837711898,0.0,104.49424294491573,730.5251338912437,0.0,5510.556049230232,1099.9309153389888,0.0,640.2157010593207,790.5596762217493,0.0,320.9345667231665,2175.4518378884195,328.644510727403,0.0,0.0,0.0,4885.425072909591,0.0,0.0,0.0,0.0,0.0,3933.091017358738,0.0,0.0,0.0,0.0,0.0,0.0,0.0,0.0,0.0
125,0.0001027195309751,0.0450404308704318,1.7763568394002496e-17,0.3101714273574368,0.2295174567613692,14.008833187105717,4.655332563036947,0.1830997766324023,2922.978194855569,1021.1786111638168,4993.595500019393,1339.7852486991626,0.0,89.94499274316779,631.4962955697538,0.0,4763.704949153603,940.3792577572322,0.0,553.6934867010377,717.1631999213621,0.0,294.5256988573925,1891.0236487489824,268.7715735345746,0.0,0.0,0.0,4959.054241900927,0.0,0.0,0.0,0.0,0.0,4031.777491552813,0.0,0.0,0.0,0.0,0.0,0.0,0.0,0.0,0.0
126,-5.3290705182007346e-18,0.0242561277482676,1.7763568394002496e-17,0.2590189259800675,0.1874485002669052,14.611311766555664,4.848286796478035,0.203325561916659,1731.556047363944,590.7540264375776,3014.224037996855,818.9578903202128,0.0,60.444434135233806,378.15695508400944,0.0,2880.6117764000105,593.8043610552307,0.0,330.3507930975732,422.602605147943,0.0,183.27226896957484,1129.1695191564063,148.43747849120027,0.0,0.0,0.0,4976.585619073197,0.0,0.0,0.0,0.0,0.0,4039.026841004922,0.0,0.0,0.0,0.0,0.0,0.0,0.0,0.0,0.0
127,-5.329070518200733e-18,0.010626274913621,1.7763568394002502e-17,0.2046637475282401,0.1454833675614477,15.11165907426884,4.98985723977333,0.2411196358604651,2410.959055364894,746.7706231820855,4495.577858797356,1273.361693029942,0.0,122.82872897270978,547.8316661875194,0.0,4323.143420735695,1023.9450235775322,0.0,474.94379622239626,565.7855055582279,0.0,291.73325109799714,1614.7098970186587,150.1329006232505,0.0,0.0,0.0,5026.583820787876,0.0,0.0,0.0,0.0,0.0,4096.295193873533,0.0,0.0,0.0,0.0,0.0,0.0,0.0,0.0,0.0
128,-5.3290705182007346e-18,0.0019428789257664,1.7763568394002496e-17,0.1484009874791133,0.0985390954762675,15.429749667103094,5.006657869902521,0.2883177340863788,2926.1923475750496,785.1815368094733,6223.500935743348,1929.6236647918008,0.0,191.545680366933,723.101542288734,0.0,6036.828982523601,1713.553456897051,0.0,639.0265198712699,739.8308530951546,0.0,507.5010437783344,2185.701351232208,210.65274037654817,0.0,0.0,0.0,4788.514329115363,0.0,0.0,0.0,0.0,0.0,3818.608140798782,0.0,0.0,0.0,0.0,0.0,0.0,0.0,0.0,0.0
129,-5.3290705182007346e-18,-1.3322676295501888e-16,1.7763568394002496e-17,0.1328025579591431,0.0853807390895457,15.56817066205103,5.002027819593422,0.3377489465653501,2706.4084461940547,621.7716771872684,6582.125715004153,2217.5845735200182,0.0,187.2955555046288,726.9235630506384,0.0,6434.584147393095,2056.9179337707087,0.0,646.6715427410448,774.2959395819929,0.0,670.0429106137195,2323.5039454294674,295.8887949101454,0.0,0.0,0.0,4478.393653661139,0.0,0.0,0.0,0.0,0.0,3516.4494914763604,0.0,0.0,0.0,0.0,0.0,0.0,0.0,0.0,0.0
130,-5.329070518200733e-18,-1.3322676295501888e-16,1.7763568394002502e-17,0.1136016757306412,0.0787017143490786,15.532728934245842,4.924081602489914,0.3757016304349615,2660.088466254095,589.5196325248721,6657.570178428147,2279.7920301829035,0.0,173.28532615171954,706.5702885885956,0.0,6515.24706962617,2128.3144898061864,0.0,629.5449605567339,761.2218517547553,0.0,695.297780770117,2331.929752721572,304.5702610484838,0.0,0.0,0.0,4334.81601351584,0.0,0.0,0.0,0.0,0.0,3404.052810812672,0.0,0.0,0.0,0.0,0.0,0.0,0.0,0.0,0.0
131,-5.3290705182007346e-18,-1.3322676295501888e-16,1.7763568394002496e-17,0.1436074232861887,0.0740587122145087,15.32874969633602,4.729268167554827,0.4278201392861899,2496.5776391675813,451.3304355994602,7283.525790670365,2701.8397244226494,0.0,29.817481691310903,452.1877164935117,0.0,7135.3100594010975,2614.9076750720656,0.0,425.988709055388,553.2223482124542,0.0,751.0290997353238,2246.5080231400807,267.6386688616775,0.0,0.0,0.0,4013.711680752938,0.0,0.0,0.0,0.0,0.0,3147.286230960606,0.0,0.0,0.0,0.0,0.0,0.0,0.0,0.0,0.0
132,-5.3290705182007346e-18,-1.3322676295501888e-16,1.7763568394002496e-17,0.2384446884518272,0.0800342617275607,14.82610237500808,4.425235414995811,0.4739183424582213,2516.597569617863,441.7502243630445,7555.622288319302,2920.299985032722,0.0,0.0,337.9614189524383,0.0,7444.193636240323,2835.657737916769,0.0,244.208063139298,432.1279360437418,0.0,630.4046643800544,2056.378442683212,206.41629272825912,0.0,0.0,0.0,3662.837103113688,0.0,0.0,0.0,0.0,0.0,2867.533860096578,0.0,0.0,0.0,0.0,0.0,0.0,0.0,0.0,0.0
133,-5.3290705182007346e-18,2.377834639119578e-06,1.7763568394002496e-17,0.3450084978737547,0.1209283861846533,14.047184887067752,4.043496458825304,0.5174812366163104,2588.868124165683,477.816530032986,7682.744181680247,3036.7892054728845,0.0,0.0,274.2044588795482,0.0,7619.880473738623,2916.793593498245,0.0,83.07337332508664,339.7028956913491,0.0,356.49207575826324,1783.5917462996824,112.16257077561237,0.0,0.0,0.0,3562.8344055038897,0.0,0.0,0.0,0.0,0.0,2813.984384036123,0.0,0.0,0.0,0.0,0.0,0.0,0.0,0.0,0.0
134,-5.3290705182007346e-18,0.0012191608896131,1.7763568394002496e-17,0.4515723072956823,0.2207595666344746,13.084572368785798,3.6740604035368967,0.5512624495144489,2412.8842565941063,445.7704554908635,7844.24191940903,2959.090625290319,0.0,0.0,103.01566700090844,0.0,7780.357572464181,2633.035181492848,0.0,0.0,124.6694577013482,0.0,0.0,890.5072776561818,0.0,0.0,0.0,0.0,2720.275749521881,0.0,0.0,0.0,0.0,0.0,2201.509300309479,0.0,0.0,0.0,0.0,0.0,0.0,0.0,0.0,0.0
135,-5.3290705182007346e-18,0.0055674202278927,1.7763568394002496e-17,0.5544573049613359,0.3981533275767159,12.017848915566264,3.247276672839198,0.5737037997701288,1966.93190319961,263.3749917167452,7453.323634237454,2380.359347734286,0.0,0.0,0.0,0.0,7204.752196199448,1844.6651473120023,0.0,0.0,0.0,0.0,0.0,187.12052752964104,0.0,0.0,1.5778583909170003,3.458665592890065,3164.889429229627,0.0,0.0,0.0,0.0,0.0,3121.564073690972,2.701293565249905,0.0,0.0,0.0,0.0,2.701293565249905,20.72674782308572,0.0,0.0
136,-5.329070518200733e-18,0.0138207675348835,1.7763568394002502e-17,0.6730358238653215,0.6649398271195872,10.758174610899047,2.7428384355801265,0.5675631876961426,1279.1610825554235,48.35991123233484,6404.842249542651,1386.9511512991028,0.0,0.0,0.0,0.0,5846.983549681378,787.3236784970156,0.0,0.0,0.0,0.0,0.0,0.0,0.0,0.0,623.4280857816883,861.5926504175134,5559.620650368388,272.0530640009313,0.0,0.0,0.0,0.0,5991.474851347268,695.3952295709955,0.0,0.0,0.0,0.0,661.1780587626564,2360.4819211279214,0.0,0.0
137,0.0004738033164812,0.0225387485581393,1.7763568394002496e-17,0.7398192573869713,1.0029160255085805,9.36194585868525,2.198352878499505,0.5299691004639624,393.15800113523153,0.0,4789.986776834363,223.3831440935121,0.0,0.0,0.0,0.0,3969.69616171449,6.130434782608695,0.0,0.0,0.0,0.0,0.0,0.0,0.0,0.0,995.168559687113,1405.8461933447225,6029.965339280047,691.7387868924316,0.0,70.06455118601274,0.0,0.0,6427.082236737944,1178.1514342149928,0.0,64.58912092842856,0.0,0.0,887.5255426399732,2720.1216614203117,1.2369571094046534,0.0
138,0.0164705922657807,0.031612565541528,1.7763568394002496e-17,0.7405728840000003,1.430640066267665,7.901751665921687,1.6570451085505569,0.4856137562669675,239.40054690447656,0.0,4335.060003511666,127.52571505807468,0.0,0.0,0.0,0.0,3604.414020290733,0.0,0.0,0.0,0.0,0.0,0.0,0.0,0.0,0.0,999.6161943559574,1534.5064510881762,6157.240186930586,788.0255495676234,0.0,68.53346318773792,0.0,0.0,6509.738806087028,1253.1463616017832,0.0,110.51059408774913,0.0,0.0,1013.8608818110014,2890.836691603365,17.529767487209323,0.0
139,0.0388190674285714,0.0406854692985697,1.7763568394002496e-17,0.7405728840000003,1.910759386625437,6.325267058746495,1.1460262222031037,0.4438408614167266,0.0,0.0,3085.959537944582,0.0,0.0,0.0,0.0,0.0,2599.174027790264,0.0,0.0,0.0,0.0,0.0,0.0,0.0,0.0,0.0,1147.4130453415114,2384.2285469854683,6481.623557942862,1090.7228572523768,0.0,147.40820918882017,0.0,0.0,6733.3016612385045,1477.343850632014,0.0,401.3848040847065,0.0,0.0,1406.3242239459316,3378.191327588603,325.8128034636428,0.0
140,0.0596338237076412,0.0480452678671094,1.7763568394002496e-17,0.7404989027991054,2.402275933681727,4.927951098408837,0.7587996430548608,0.4124544069181641,0.0,0.0,2030.7577767159405,0.0,0.0,0.0,0.0,0.0,1710.422129933514,0.0,0.0,0.0,0.0,0.0,0.0,0.0,0.0,0.0,1216.1258891367715,2700.7346594971746,6752.670307172299,1308.9505534070329,0.0,181.38572821023263,0.0,0.0,6974.165412166295,1635.8959238238438,0.0,410.0971154820921,0.0,0.0,1365.943569232215,3281.0637329393007,294.26967579598374,0.0
141,0.0819822988704318,0.0528880311673037,1.7763568394002496e-17,0.682701502002132,2.947565062129994,3.544275686760608,0.4520719012323801,0.3582977805132585,0.0,0.0,1414.4418364163078,0.0,0.0,0.0,0.0,0.0,1185.8969991337922,0.0,0.0,0.0,0.0,0.0,0.0,0.0,0.0,0.0,1210.359604265126,2704.269677712619,6923.056928953094,1420.4655247483677,0.0,144.9552342859547,0.0,0.0,7088.986879243558,1743.255828579238,0.0,354.2571633859982,0.0,0.0,1285.8465437849238,3136.429413788226,229.4500699440887,0.0
142,0.1049880821262455,0.0535533119999997,1.7763568394002502e-17,0.554513097109636,3.493166743639906,2.3792863918811644,0.251377624357025,0.3102252793263484,0.0,0.0,1697.0532757571616,0.0,0.0,0.0,0.0,0.0,1329.0346190268608,0.0,0.0,0.0,0.0,0.0,0.0,0.0,0.0,0.0,1382.1381074550711,3139.611477418585,7041.201465759853,1450.013028435586,0.0,242.0084980565831,0.0,0.0,7013.062513250347,1599.05023449179,0.0,355.83486687716135,0.0,0.0,1087.3850075210842,2851.796929514159,85.9043414094859,0.0
143,0.1261406560514946,0.053544560247508,1.7763568394002496e-17,0.4314943456146189,4.022391538402811,1.5494928708089704,0.1702092305481821,0.2738062988372087,0.0,0.0,3158.7426211937272,0.0,0.0,0.0,0.0,0.0,2423.282752618385,0.0,0.0,0.0,0.0,0.0,0.0,0.0,0.0,0.0,1479.8730593377215,3389.160680056901,6952.945301431071,1395.6632199684225,0.0,312.6873835813324,0.0,0.0,6920.453921015102,1506.231326273827,0.0,437.2767655799826,0.0,0.0,1098.939985548405,2869.9867042120445,93.7243025662185,0.0
144,0.1318998239999995,0.0523350680531559,1.7763568394002496e-17,0.3121661566644521,4.520976965356824,0.958944763062988,0.1137427427633163,0.2320866926080416,0.0,0.0,3132.0706870722897,0.0,0.0,0.0,0.0,0.0,2414.4989473832406,0.0,0.0,0.0,0.0,0.0,0.0,0.0,0.0,0.0,1540.811965801071,3510.170191582038,6892.140796997084,1361.1776073235997,0.0,348.01117345053467,0.0,0.0,6860.944131633078,1452.210568510657,0.0,482.4307007832115,0.0,0.0,1106.1280817915992,2875.7806552039865,100.57509050890428,0.0
145,0.1318998239999995,0.0479642551049441,1.7763568394002496e-17,0.1891474051694353,4.976445833112358,0.6134773299878844,0.0710971780066549,0.1830570091295685,0.0,0.0,3230.462367873016,0.0,0.0,0.0,0.0,0.0,2667.3269069178523,0.0,0.0,0.0,0.0,0.0,0.0,0.0,0.0,0.0,1598.1041671769458,3491.4683709551696,6866.093847325403,1347.1073768326503,0.0,349.3978987667976,2.312258656427813,0.0,6806.474890555223,1383.5602321444471,0.0,461.6338252269371,0.0,0.0,1056.6184351398576,2785.9576594252458,76.15943832847034,0.0
146,0.1318998239999995,0.0394656674950164,1.7763568394002496e-17,0.0639372552276725,5.375472771881168,0.4033201306374851,0.0515201436232271,0.1381281323158097,0.0,0.0,3306.0425444791254,0.0,0.0,0.0,0.0,0.0,2859.145777145372,0.0,0.0,0.0,0.0,0.0,0.0,0.0,0.0,0.0,1650.986224539595,3492.534371322129,6837.445454838123,1316.3168621860218,0.0,365.4880973334691,20.342183075447377,0.0,6757.755550573264,1349.6015529665076,0.0,487.066994849136,0.0,0.0,1077.4801937166349,2823.1034642648974,105.30447825942674,0.0
147,0.1313299349466989,0.0308366454617939,1.7763568394002496e-17,0.0006099456677742,5.7208761170873785,0.2824576143371389,0.0536763110544665,0.1185469148571425,0.0,0.0,3299.223630124988,0.0,0.0,0.0,0.0,0.0,2858.487046971075,0.0,0.0,0.0,0.0,0.0,0.0,0.0,0.0,0.0,1649.9027301378678,3490.1270081257207,6789.540410021908,1246.457766927785,0.0,385.5232228659276,46.33435660754476,0.0,6703.578652472244,1334.1018753381722,0.0,538.7711165361073,0.0,0.0,1113.6841256158966,2922.353366813832,149.8706891362596,0.0
148,0.1177909654800974,0.0220297054485049,1.7763568394002496e-17,1.7053025658242348e-16,6.0191434789145495,0.1960844657549061,0.0827214013667752,0.1066047299356858,0.0,0.0,3348.181524961251,0.0,0.0,0.0,0.0,0.0,2940.6291713944424,0.0,0.0,0.0,0.0,0.0,0.0,0.0,0.0,0.0,1705.7119555730983,3519.425255140841,6700.876579173593,1158.408769181984,0.0,454.1234208264064,144.17142075531382,0.0,6635.5225989933,1287.3950851654345,0.0,627.7077567006555,0.0,0.0,1144.9162872285983,3057.728335660972,230.0191290946887,0.0
149,0.1136112506719443,0.0131338064451825,1.7763568394002496e-17,1.7053025658242348e-16,6.19157628815578,0.126987433561604,0.1195122846378842,0.0877671043056477,0.0,0.0,3193.3886475809845,0.0,0.0,0.0,0.0,0.0,2748.127732682211,0.0,0.0,0.0,0.0,0.0,0.0,0.0,0.0,0.0,2020.0662358234097,3668.0182809507687,6469.160827738833,991.298148950297,0.0,685.8391722611667,473.8922934089263,0.0,6500.0300184950775,1173.5711011074295,0.0,910.9085080819436,0.0,0.0,1233.456161963486,3403.268071153737,487.9357711528593,0.0
150,0.1198979832623376,0.0052371085960735,1.7763568394002496e-17,1.7053025658242348e-16,6.238417808778,0.0674570629967993,0.1573817223359815,0.0686532768637873,0.0,0.0,2784.1893991872685,0.0,0.0,0.0,0.0,0.0,2187.899703143085,0.0,0.0,0.0,0.0,0.0,0.0,0.0,0.0,0.0,2277.33296500584,3582.201915074419,6347.031616073157,944.2624465656064,0.0,869.2008344680061,784.1022949487135,0.0,6479.616888368603,1200.5621610821786,0.0,1159.735447317427,717.3743131169919,0.0,1355.1734443796804,3761.486360511745,748.047083975178,0.0
151,0.1295407633754154,0.0005656273303479,1.7763568394002496e-17,1.7053025658242348e-16,6.178722307293069,0.0330686422793596,0.2259520027150183,0.0497268398870431,0.0,0.0,2593.7968183579305,0.0,0.0,0.0,0.0,0.0,1943.681141501872,0.0,0.0,0.0,0.0,0.0,0.0,0.0,0.0,0.0,1925.082986296907,2471.469170724484,6262.989074952714,1301.5661134973766,0.0,646.2750687925792,680.6952325961697,0.0,6413.576931559047,1619.0387439974115,0.0,970.6044188422978,781.3888545805328,0.0,1383.928688639519,3558.0800372496174,721.2526195338179,0.0
152,0.1401960735149504,-1.3145040611561868e-16,1.7763568394002502e-17,1.7053025658242346e-16,6.035656243673639,0.0203545804209056,0.3414793002205574,0.0313625743056478,0.0,0.0,2424.3945243702697,0.0,0.0,0.0,0.0,0.0,1733.1831701191486,0.0,0.0,0.0,0.0,0.0,0.0,0.0,0.0,0.0,950.4659014022006,1215.6201973761706,3099.540407945967,646.768777317635,0.0,318.3497614577666,336.21075158577844,0.0,3174.1856731205435,804.3483300968624,0.0,479.1199701363058,387.0472622081713,0.0,685.230169243019,1759.7674225149024,356.8111533831504,0.0
153,0.1522205897799494,-1.3145040611561868e-16,1.7763568394002496e-17,1.7053025658242348e-16,5.704114672938816,0.0604729582911872,0.4806576978104464,0.0133650384459642,124.07821026507072,0.0,2920.4752436062777,0.0,0.0,0.0,0.0,0.0,2206.2678809474783,0.0,0.0,0.0,0.0,0.0,0.0,0.0,0.0,0.0,273.0176323481409,234.37005366390403,807.8812600868048,77.62786388940135,0.0,65.85082863325998,34.26860762446508,0.0,785.2172706759978,62.39508482427316,0.0,19.98910084074672,16.14509783848066,0.0,47.240000096938175,253.7780431477663,14.891674350484172,0.0
154,0.1767920907475764,-1.3145040611561868e-16,1.7763568394002496e-17,1.7053025658242348e-16,5.25670561882133,0.2159172362733755,0.618219862452516,0.0057392837146923,361.75521462414815,0.0,3199.464851171153,0.0,0.0,0.0,0.0,0.0,2600.043902842376,0.0,0.0,0.0,0.0,0.0,0.0,0.0,0.0,0.0,635.5456597904315,476.4972829020798,1831.1052749410671,115.57693926661716,0.0,137.94459744277887,42.28491286955471,0.0,1751.8034955349654,43.78177286604271,0.0,0.0,0.0,0.0,19.902083801209294,439.2972542986837,0.0,0.0
155,0.191193142548512,0.0001028777435757,1.7763568394002496e-17,1.7053025658242348e-16,4.771536113277905,0.4752102339415563,0.815848041481874,0.0098225551495014,769.8797432076113,322.0996304429936,2451.76823546786,0.0,0.0,0.0,0.0,0.0,2176.26578693802,0.0,0.0,0.0,0.0,0.0,0.0,230.48618286493837,0.0,0.0,1934.711795781544,1388.8912143620469,5584.905622548118,302.3704313282174,0.0,403.7334696095099,100.06942889909357,0.0,5315.159603746444,64.7191887737858,0.0,0.0,0.0,0.0,2.1354401496697317,1220.1552771939096,0.0,0.0
156,0.1960350596351787,0.0017643533023254,1.7763568394002496e-17,1.7053025658242348e-16,4.221993200734647,0.833571240053408,1.1158892000200693,0.0147090519573746,1366.9732245879134,1065.330494092536,2540.3066258848016,0.0,0.0,0.0,124.811320754717,0.0,2338.2191833465126,0.0,0.0,0.0,123.62264150943396,0.0,0.0,756.1469267463337,11.49056603773585,0.0,1839.12350210094,1082.0437397717308,5926.596639557529,184.16182392672425,0.0,292.1172658148792,33.46065245337864,0.0,5506.074280947844,21.02394977159189,0.0,0.0,0.0,0.0,0.0,885.2136758685551,0.0,0.0
157,0.1973538720000003,0.003843769694352,1.7763568394002496e-17,1.7053025658242348e-16,3.623277764527219,1.3306517423495603,1.4499081624527037,0.0228303363588038,2231.0991772484194,1391.549308753805,3155.67371509513,3.3866054327209985,0.0,0.0,319.0983217574339,0.0,2993.9987133008945,3.0738933397192563,0.0,0.0,323.9288216911653,0.0,0.2461776051290313,1005.5426454913222,42.86416089922694,0.0,1642.599912606384,741.6564393639451,5863.16136293052,82.33725204129242,0.0,165.14536884543145,0.0,0.0,5305.580406266802,0.0,0.0,0.0,0.0,0.0,0.0,523.2692113345065,0.0,0.0
158,0.1954671076308904,0.0058391692624583,1.7763568394002496e-17,1.7053025658242348e-16,3.0079774910911814,2.061767395724457,1.7733335375445212,0.0322483903410399,2406.989301326936,1751.0424757437547,4587.175135847023,773.3584373413108,0.0,0.0,266.0927128322017,0.0,4503.66376454582,697.3002989746195,0.0,0.0,360.30115414925547,0.0,47.99957113785404,1515.6381600115078,205.694473072096,0.0,886.7404891545777,0.0,5567.464837877766,0.0,0.0,0.0,0.0,0.0,4811.602251302125,0.0,0.0,0.0,0.0,0.0,0.0,0.0,0.0,0.0
159,0.1774214167033159,0.0079815982724251,1.7763568394002496e-17,1.7053025658242348e-16,2.421734595356345,2.9992483548295628,2.2027743346392628,0.0445289166777406,1854.3324570656944,1737.1113676274904,5841.739894124183,1774.9919603012447,0.0,0.0,68.44658677942358,0.0,5510.84996031995,1583.3767787652137,0.0,0.0,164.18000139437777,0.0,103.43708642615294,1466.454467255387,112.59929510962256,0.0,323.2929448492868,0.0,5299.680712315379,0.0,0.0,0.0,0.0,0.0,4504.426511866184,0.0,0.0,0.0,0.0,0.0,0.0,0.0,0.0,0.0
160,0.1479944631551235,0.010187039900332,1.7763568394002502e-17,1.7053025658242346e-16,1.8907669576138395,4.0297004938750325,2.7972958788538302,0.0550606093033476,1535.7612153327698,1865.545560677385,6041.8624771309205,1868.604454080948,0.0,0.0,153.51136662024473,0.0,5678.774664251239,1670.0165574111163,0.0,0.0,174.0319552523357,0.0,167.3741818795515,1503.6729157319685,64.0381049179691,0.0,91.87404449095486,0.0,5017.971599805431,0.0,0.0,0.0,0.0,0.0,4365.094646560376,0.0,0.0,0.0,0.0,0.0,0.0,0.0,0.0,0.0
161,0.1157620042524917,0.0122009231697008,1.7763568394002496e-17,1.7053025658242348e-16,1.4414037016281604,5.210570475967573,3.438671128469112,0.0698891149219931,1471.3895389169315,1994.9818148080917,6056.464450273593,1871.3082613234533,0.0,0.0,232.2695949938372,0.0,5689.519230450545,1641.6997623426153,0.0,0.0,183.1805480064996,0.0,213.86005075436285,1579.127825617566,62.53350805281769,0.0,0.0,0.0,4695.142019681656,0.0,0.0,0.0,0.0,0.0,4135.600959175742,0.0,0.0,0.0,0.0,0.0,0.0,0.0,0.0,0.0
162,0.0836346297408638,0.0126445319999998,1.7763568394002496e-17,1.7053025658242348e-16,1.0779540236536416,6.492691398834713,4.022365265985058,0.0892566525797339,1666.4975436352386,2131.639178351797,5880.77549200668,1780.5848838846969,0.0,0.0,307.10335716927267,0.0,5538.958031482613,1493.3609748451674,0.0,0.0,192.419820107147,0.0,244.9195137132182,1698.328642709878,109.61252265924853,0.0,0.0,0.0,4635.679137658285,0.0,0.0,0.0,0.0,0.0,4042.152187804395,0.0,0.0,0.0,0.0,0.0,0.0,0.0,0.0,0.0
163,0.0518350855813954,0.0126445319999998,1.7763568394002496e-17,1.7053025658242348e-16,0.8358047099670367,7.8048200668110335,4.58658731356269,0.1085222351996742,2129.9648200057304,2121.5676573129376,5746.167767349521,1711.2273041648375,0.0,0.0,384.3950282779038,0.0,5435.30113341359,1336.462479346578,0.0,61.5596658437598,362.703023160292,0.0,317.776794437411,1923.814173662169,226.6990326100961,0.0,0.0,0.0,4687.00316755416,0.0,0.0,0.0,0.0,0.0,3957.2566929423383,0.0,0.0,0.0,0.0,0.0,0.0,0.0,0.0,0.0
164,0.0209080555047278,0.0126445319999998,1.7763568394002502e-17,1.7053025658242346e-16,0.666714397399936,9.040085179001274,5.252158904552269,0.1338124264454381,2910.403746303731,1774.1908567916398,5845.674630573965,1769.6879869931504,0.0,0.0,371.69607184568224,0.0,5435.669627374175,1182.6152340195863,0.0,193.18687738749128,533.6409873121801,0.0,268.6099123107855,1925.9091935795816,219.18044757954596,0.0,0.0,0.0,4875.1291638402,0.0,0.0,0.0,0.0,0.0,4198.353470487548,0.0,0.0,0.0,0.0,0.0,0.0,0.0,0.0,0.0
165,0.0061422011569944,0.0125506834200889,1.7763568394002496e-17,1.7053025658242348e-16,0.5164820160067728,10.110248137710036,5.859390187685877,0.1557301253023257,2827.1166005659475,1641.9929523275566,5825.645041781858,1697.067391579939,0.0,0.0,270.51931873867204,0.0,5356.926384005676,1058.260506203064,0.0,157.49823808188924,403.4463285177162,0.0,192.99792519520477,1844.095519909165,120.92348594282264,0.0,0.0,0.0,5030.1897632759965,0.0,0.0,0.0,0.0,0.0,4417.021611149048,0.0,0.0,0.0,0.0,0.0,0.0,0.0,0.0,0.0
166,0.0014437100871604,0.0109641955215945,1.7763568394002496e-17,1.7053025658242348e-16,0.3883179592894139,11.138966537011523,6.340634561712727,0.1762005773421929,2767.190224389769,1708.2015970006623,5748.747663886267,1596.4238068984143,0.0,0.0,184.665006566748,0.0,5233.870130908091,882.5661714442105,0.0,112.5107907973272,281.4590884305317,0.0,110.53216086694528,1763.16080044321,40.47298142826854,0.0,0.0,0.0,5051.842525382971,0.0,0.0,0.0,0.0,0.0,4481.048060798579,0.0,0.0,0.0,0.0,0.0,0.0,0.0,0.0,0.0
167,4.618527782440642e-17,0.0087797580996675,1.7763568394002496e-17,1.7053025658242348e-16,0.2791613767123292,12.06629536325506,6.70021897718273,0.1903056282183916,2783.0200648412447,1768.322027331095,5727.800945541502,1578.1096696355578,0.0,0.0,183.71584848332628,0.0,5209.534714983692,848.0224286949998,0.0,107.23264250815456,274.2751360443993,0.0,96.80985102809012,1750.5861140065235,33.440712438927044,0.0,0.0,0.0,5041.725787499966,0.0,0.0,0.0,0.0,0.0,4474.207663151433,0.0,0.0,0.0,0.0,0.0,0.0,0.0,0.0,0.0
168,4.618527782440643e-17,0.0066163248837207,1.7763568394002496e-17,1.7053025658242348e-16,0.1969271324300202,12.753386453993617,6.975879263741669,0.2066068425049833,3275.068590068602,2265.58930227318,5441.154744915715,1325.475409205375,0.0,0.0,448.1124341407447,0.0,4959.010255315356,606.768095777743,0.0,332.8984658570739,553.7731964952768,0.0,161.17455393259078,2033.514080352467,172.70975124129728,0.0,0.0,0.0,4714.750369234154,0.0,0.0,0.0,0.0,0.0,4165.40100634131,0.0,0.0,0.0,0.0,0.0,0.0,0.0,0.0,0.0
169,4.618527782440642e-17,0.0046839379335546,1.7763568394002496e-17,1.7053025658242348e-16,0.135014781086841,13.204452356355002,7.090269004186053,0.2238155237456098,3459.923468745266,2186.6145525891925,5406.683255519277,1289.1186773181826,0.0,7.738095238095238,512.1528771633668,0.0,4937.876071897733,612.0289490610994,0.0,476.5991037701585,659.3930903893548,0.0,246.50159215675103,2242.628052831258,258.55154406068584,0.0,0.0,0.0,4573.633905754413,0.0,0.0,0.0,0.0,0.0,4029.5339742605142,0.0,0.0,0.0,0.0,0.0,0.0,0.0,0.0,0.0
170,4.618527782440643e-17,0.0027515509833885,1.7763568394002496e-17,1.7053025658242348e-16,0.08265655859321,13.50783112515668,6.953655331164925,0.2364146607731561,3611.06027319705,1929.9691948130935,5425.664365853974,1343.819439044138,0.0,14.0,607.5651292176162,0.0,5004.600042574067,707.2610588667724,0.0,587.3873481534604,735.8610891080058,0.0,328.94287204270694,2420.3842578378444,329.6759254296716,0.0,0.0,0.0,4476.369982223871,0.0,0.0,0.0,0.0,0.0,4035.547458714485,0.0,0.0,0.0,0.0,0.0,0.0,0.0,0.0,0.0
171,4.618527782440642e-17,0.0006043315404789,1.7763568394002496e-17,1.7053025658242348e-16,0.0453886079181548,13.62864108735654,6.553499894683694,0.2460401330316489,3709.0571138803207,1705.616299622298,5563.223206654485,1548.1392716555936,0.0,0.0,772.0423187228809,0.0,5147.913323132579,950.904331298154,0.0,597.0192189035955,813.5990666225123,0.0,402.7041216385525,2508.906418634653,403.2535145259973,0.0,0.0,0.0,4357.492868839471,0.0,0.0,0.0,0.0,0.0,3984.64455066775,0.0,0.0,0.0,0.0,0.0,0.0,0.0,0.0,0.0
172,4.618527782440642e-17,-1.3145040611561868e-16,1.7763568394002496e-17,1.7053025658242348e-16,0.0316619872026451,13.508152733758774,6.003603214689278,0.24975710496332,3610.166574965691,1553.3477884985714,5970.665672353344,1873.4912495562376,0.0,0.0,362.8445559353269,0.0,5443.602953129016,1249.6050589493675,0.0,256.20883468515285,382.6618138667752,0.0,205.25017143285723,2178.48052019694,193.9260240434582,0.0,0.0,0.0,4192.331043545869,0.0,0.0,0.0,0.0,0.0,3820.720395096265,0.0,0.0,0.0,0.0,0.0,0.0,0.0,0.0,0.0
173,4.618527782440642e-17,-1.3145040611561868e-16,1.7763568394002496e-17,0.000169865947522,0.0218138975282265,13.1069617251331,5.425661787526219,0.2510994746060077,3514.6167593855243,1482.4939636016568,6230.110278362543,2071.780604807515,0.0,0.0,0.0,0.0,5617.848589022764,1390.403547380001,0.0,0.0,0.0,0.0,0.0,1758.1701115855226,0.0,0.0,0.0,0.0,3934.555433823205,0.0,0.0,0.0,0.0,0.0,3569.611415441989,0.0,0.0,0.0,0.0,0.0,0.0,0.0,0.0,0.0
174,4.618527782440642e-17,-1.3145040611561868e-16,1.7763568394002496e-17,0.0064668243588041,0.0185418727333917,12.428563505959769,4.701367927702641,0.2344038770811761,3369.001119661511,1374.428530476098,6625.584541949209,2374.1820964180542,0.0,0.0,0.0,0.0,5883.396940059686,1604.9888548881356,0.0,0.0,0.0,0.0,0.0,1117.3967459850885,0.0,0.0,0.0,0.0,3983.248769192032,0.0,0.0,0.0,0.0,0.0,3806.663726828268,0.0,0.0,0.0,0.0,0.0,0.0,19.80769548739529,0.0,0.0
175,4.618527782440642e-17,-1.3145040611561868e-16,1.7763568394002496e-17,0.0153553101129569,0.0340569859699426,11.607566168987452,3.9841678236729887,0.2112620227618079,3182.848261750788,1257.759918782894,6831.053473410265,2512.150339029636,0.0,0.0,0.0,0.0,6084.617757602085,1681.53680027708,0.0,0.0,0.0,0.0,0.0,621.9231723414041,0.0,0.0,0.0,0.0,4209.356382306342,0.0,0.0,0.0,0.0,0.0,4410.257332835648,0.7507256173770426,0.0,0.0,0.0,0.0,0.0,467.8150748100183,0.0,0.0
176,4.618527782440642e-17,-1.3145040611561868e-16,1.7763568394002496e-17,0.0238846651295682,0.0682210726701345,10.64032961035218,3.3191317980793404,0.1869241532524229,2329.978278991,892.2445763316565,6398.427782737006,2207.504753546576,0.0,0.0,0.0,0.0,5708.9675605154325,1423.7815615901338,0.0,0.0,0.0,0.0,0.0,108.44295926582558,0.0,0.0,10.448758513778571,23.356048442563864,4794.014364293337,0.0,0.0,0.0,0.0,0.0,5072.371141581739,127.01405047900816,0.0,0.0,0.0,0.0,0.0,782.3905041099313,0.0,0.0
177,4.618527782440642e-17,-1.3145040611561868e-16,1.7763568394002496e-17,0.0330424989368772,0.1330964964796464,9.508066532216402,2.68725455232296,0.1647072747598564,1447.0563324210111,525.1237691493277,4238.949671512582,1383.382551957844,0.0,0.0,0.0,0.0,3778.536288218496,885.4965326981268,0.0,0.0,0.0,0.0,0.0,0.398840149152749,0.0,0.0,147.27515269424867,243.29461924748287,5608.85742670206,19.595013225274048,0.0,13.407114312029613,0.0,0.0,5698.107006810129,243.9086987052069,0.0,0.0,0.0,0.0,0.0,1068.6879215046135,0.0,0.0
178,4.618527782440642e-17,-1.3145040611561868e-16,1.7763568394002496e-17,0.0423798981129569,0.2750031348063192,8.144177254757098,2.084585251745957,0.1381112062044166,1064.143956265534,257.153052392866,4346.542474762632,1065.7620460167377,0.0,0.0,0.0,0.0,3859.583252296396,651.1690544444806,0.0,0.0,0.0,0.0,0.0,0.0,0.0,0.0,610.7769393440026,862.8892959261284,5891.897065952889,154.03185707066743,0.0,87.08436965569183,0.0,0.0,5872.252998173018,289.97805550681306,0.0,0.0,0.0,0.0,0.0,1133.5573744562023,0.0,0.0
179,4.618527782440643e-17,-1.3145040611561868e-16,1.7763568394002496e-17,0.0512455181118937,0.5123722021498875,6.771955506745531,1.5501816179426064,0.1073819850219267,423.02512182256737,0.0,4648.057488946933,538.7565047247622,0.0,0.0,0.0,0.0,4102.0133003041565,258.8817830144766,0.0,0.0,0.0,0.0,0.0,0.0,0.0,0.0,1649.7754830332235,2217.4660077339754,7014.205804863666,990.3598617008448,0.0,368.3577614069702,0.0,0.0,6745.046322576989,745.7728139581384,0.0,0.0,0.0,0.0,0.0,1285.6004655242527,0.0,0.0
180,4.618527782440642e-17,-1.3145040611561868e-16,1.7763568394002496e-17,0.054049176,0.837693981490851,5.53226985896264,1.1531668248114744,0.0844813875348835,35.65351388280244,0.0,4813.949785471616,211.36391693473243,0.0,0.0,0.0,0.0,4243.290681642693,21.82026188067581,0.0,0.0,0.0,0.0,0.0,0.0,0.0,0.0,1579.0749457255697,2210.551940876092,7206.939413202142,1140.8928551888184,0.0,348.4421114424793,0.0,0.0,6971.719754334915,1010.732372647531,0.0,0.0,0.0,0.0,193.9037347403269,1522.5937162729,0.0,0.0
181,4.618527782440642e-17,-1.3145040611561868e-16,1.7763568394002502e-17,0.054049176,1.2660550320705208,4.304664194158973,0.8357536493222724,0.0615003151096344,0.0,0.0,4089.2436966282894,63.877466563426815,0.0,0.0,0.0,0.0,3643.241372103968,0.0,0.0,0.0,0.0,0.0,0.0,0.0,0.0,0.0,1411.662649766674,2258.9524882340565,7286.843301785925,1283.239525756503,0.0,291.5613457849253,0.0,0.0,7198.795835222211,1393.5432062610448,0.0,77.93092197702505,0.0,0.0,676.708308396409,2174.82637786466,0.0,0.0
182,4.618527782440643e-17,-1.3145040611561868e-16,1.7763568394002496e-17,0.054049176,1.7779823632369305,3.1104145968518435,0.6384286889940319,0.0380596212358803,0.0,0.0,3506.061168264362,0.0,0.0,0.0,0.0,0.0,3181.9243311002806,0.0,0.0,0.0,0.0,0.0,0.0,0.0,0.0,0.0,1261.6889183407886,2264.054983367788,6914.909132445864,1172.711935678073,0.0,223.45102031011447,0.0,0.0,7006.656656455254,1504.091341332253,0.0,347.47274703548703,0.0,0.0,1106.1065504899118,2919.8802036336974,85.60081355200691,0.0
183,4.618527782440642e-17,-1.3145040611561868e-16,1.7763568394002496e-17,0.0553635414964611,2.3213917209741317,2.156187481139697,0.5175172950359791,0.0172325095415282,0.0,0.0,3585.840187140082,0.0,0.0,0.0,0.0,0.0,3337.161259978401,0.0,0.0,0.0,0.0,0.0,0.0,0.0,0.0,0.0,1248.165836237326,2393.05304970421,6663.749603130938,1045.5156969275597,0.0,217.8956051402336,0.0,0.0,6805.715860828929,1390.1355545700717,0.0,483.4532018983387,0.0,0.0,1198.5803062588573,3102.467402653334,184.3321993004828,0.0
184,4.618527782440642e-17,-1.3145040611561868e-16,1.7763568394002496e-17,0.0647584381196014,2.880257738326146,1.488755056425267,0.4531679286006188,0.0129651281669794,0.0,0.0,3369.7908777680063,0.0,0.0,0.0,0.0,0.0,3114.061779576089,0.0,0.0,0.0,0.0,0.0,0.0,0.0,0.0,0.0,1439.958722296499,2643.4872367279777,6500.441995744696,937.1854717653416,0.0,307.91666919744887,0.0,0.0,6610.245646971662,1207.7314872629024,0.0,653.0413780618987,0.0,0.0,1185.514159708759,3210.301572440094,287.9519978797123,0.0
185,4.618527782440642e-17,-1.3145040611561868e-16,1.7763568394002496e-17,0.0757226336411962,3.4882736699366244,0.947303648378518,0.3952173607539273,0.0213521874261982,0.0,0.0,3270.320603093722,0.0,0.0,0.0,0.0,0.0,2951.236644725974,0.0,0.0,0.0,0.0,0.0,0.0,0.0,0.0,0.0,1634.7423768028789,2897.7302754120683,6334.646877683531,827.2180328380907,0.0,399.3115142497858,18.79117811488018,0.0,6411.740879742492,1022.5430889601242,0.0,825.2071518560218,15.519302396053982,0.0,1172.2022122360418,3319.7412849662155,393.1392342804078,0.0
186,4.618527782440643e-17,-1.3145040611561868e-16,1.7763568394002496e-17,0.0871167976146181,4.122481257795332,0.53899016519603,0.3568708661908421,0.0364909777116277,0.0,0.0,3039.3866185703555,0.0,0.0,0.0,0.0,0.0,2722.381525321806,0.0,0.0,0.0,0.0,0.0,0.0,0.0,0.0,0.0,1896.1545080491048,3241.3110778976225,6112.383742258259,679.754005329615,0.0,522.3723139101909,412.35552398141976,0.0,6146.020479845182,774.316502590827,0.0,1055.8184192204706,390.04887931727535,0.0,1153.9170274411,3466.073936326141,534.1215572231171,0.0
187,4.618527782440642e-17,-1.3145040611561868e-16,1.7763568394002502e-17,0.0980809931362128,4.734311896237397,0.2529132757544246,0.3456703362857268,0.0547320186179399,0.0,0.0,2818.924358289076,0.0,0.0,0.0,0.0,0.0,2470.3148140167004,0.0,0.0,0.0,0.0,0.0,0.0,0.0,0.0,0.0,2064.289940729471,3641.253910266592,5992.398500263332,600.9637354645088,0.0,631.050793756949,722.9493232793574,0.0,6030.963735464508,641.9782061678133,0.0,1165.7826468596652,720.4782939450431,0.0,1104.7970590448165,3510.557970590448,603.9637939826619,0.0
188,4.618527782440642e-17,-1.3145040611561868e-16,1.7763568394002496e-17,0.1089376965448507,5.314063726324752,0.1215440192129798,0.3412516111234789,0.0729513139933552,0.0,0.0,3176.1086849027065,0.0,0.0,0.0,0.0,0.0,2681.017993185042,0.0,0.0,0.0,0.0,0.0,0.0,0.0,0.0,0.0,2225.6954489581994,4105.948798588312,5939.956657410579,567.7267360256758,0.0,733.8929315706903,797.7907488723098,0.0,5931.457669400279,545.008539715579,0.0,1213.5478684801176,769.8034302669123,0.0,1040.3970204152622,3476.957427739293,615.0724850312142,0.0
189,4.618527782440642e-17,-1.3145040611561868e-16,1.7763568394002496e-17,0.1181433369263242,5.863652737231174,0.0731845487019903,0.3464110232433197,0.0904406869658,0.0,0.0,2453.9438629396404,0.0,0.0,0.0,0.0,0.0,2045.3528614758643,0.0,0.0,0.0,0.0,0.0,0.0,0.0,0.0,0.0,2384.9055771912062,4313.493558183878,5884.124456036867,514.9914109118379,0.0,838.6781092573846,879.6351923970689,0.0,5758.515016614036,426.9957054559189,0.0,1211.6609453713077,809.2532209080607,0.0,943.9570831396844,3415.1845510735066,559.2274679338218,0.0
190,4.618527782440642e-17,-1.3145040611561868e-16,1.7763568394002496e-17,0.1187594280000002,6.324032086492508,0.0438666149377242,0.3608500107383848,0.103083288936877,0.0,0.0,1522.2233503871178,0.0,0.0,0.0,0.0,0.0,1257.4630252797251,0.0,0.0,0.0,0.0,0.0,0.0,0.0,0.0,0.0,2408.4318278926107,4329.181649861414,5962.818207713629,570.1931899105089,0.0,863.4318278926107,885.3295341252875,0.0,5797.931756680133,457.1022937673232,0.0,1203.102293767323,785.8977062326768,0.0,933.2500356062392,3396.806810089491,560.3863798210178,0.0
191,4.618527782440643e-17,-1.3145040611561868e-16,1.7763568394002496e-17,0.1187594280000002,6.711913460116925,0.0202723864959631,0.3961332788675206,0.1138542128156811,0.0,0.0,2037.6215837108844,0.0,0.0,0.0,0.0,0.0,1638.6481970575107,0.0,0.0,0.0,0.0,0.0,0.0,0.0,0.0,0.0,2433.251193328124,4251.843756317936,5993.849644303718,634.7852023966124,0.0,878.6815931057401,908.3720387203584,0.0,5861.337705017757,533.9587773653752,0.0,1236.838777365375,790.1446573269988,0.0,995.6621552004132,3427.4425622438634,564.138968988933,0.0
192,4.618527782440642e-17,-1.3145040611561868e-16,1.7763568394002502e-17,0.1187594280000002,7.003361752302561,0.0036943642111076,0.4277230293427155,0.1222410889849223,0.0,0.0,2577.752400202839,0.0,0.0,0.0,0.0,0.0,2039.201284851484,0.0,0.0,0.0,0.0,0.0,0.0,0.0,0.0,0.0,2417.4317507222145,4213.881589843384,6105.480400721214,724.6876372422687,0.0,873.9500411113376,919.962164096727,0.0,5982.113477364715,657.810268688058,0.0,1239.7675800355569,807.8336630478569,0.0,1055.830726515959,3474.609901865725,583.719620633311,0.0
193,4.618527782440642e-17,-1.3145040611561868e-16,1.7763568394002502e-17,0.1165380510544341,7.197498147440816,0.0035361198538369,0.4516422896350737,0.1260717270904679,0.0,0.0,2878.889883367161,0.0,0.0,0.0,0.0,0.0,2089.1411871245023,0.0,0.0,0.0,0.0,0.0,0.0,0.0,0.0,0.0,2390.515852478407,4079.5522390735546,6185.098263583177,830.1856918241702,0.0,849.3380231083886,864.9568208083062,0.0,6085.363521194188,758.5966693288084,0.0,1214.062119054066,770.2363366433566,0.0,1115.47711285901,3495.67623511565,615.3203420024948,0.0
194,4.618527782440643e-17,-1.3145040611561868e-16,1.7763568394002496e-17,0.1005982030764121,7.307873557836584,0.0099110086907442,0.4723195019175587,0.1215496926179403,0.0,0.0,2519.000464246901,0.0,0.0,0.0,0.0,0.0,1548.762642455895,0.0,0.0,0.0,0.0,0.0,0.0,0.0,0.0,0.0,2399.1235407314784,3934.0278422539177,6263.480281910157,931.5503315532384,0.0,842.8957938431985,842.1498081567865,0.0,6194.101137546589,876.3292839459453,0.0,1198.2222111001647,743.4758226681038,0.0,1177.216211845305,3504.9861319917577,638.8528827421839,0.0
195,0.0002402019453105,-1.3145040611561868e-16,1.7763568394002502e-17,0.0816598225315616,7.321475821724235,0.0259342859624493,0.4866437079844223,0.1144349059289546,0.0,0.0,1536.6546563657023,0.0,0.0,0.0,0.0,0.0,898.2541715756456,0.0,0.0,0.0,0.0,0.0,0.0,0.0,0.0,0.0,2520.7569668275337,3820.6386059521583,6379.4134024995,1052.2003766076532,0.0,896.6152380146139,935.2204198883438,0.0,6355.095020191196,1082.2808985960185,0.0,1204.66764393936,770.078287802115,0.0,1217.298735223842,3491.818555574171,625.9744261894737,0.0
196,0.0054149337233223,-1.3145040611561868e-16,1.7763568394002496e-17,0.0615377932026579,7.218852722584968,0.0679247027354317,0.5200961982506428,0.1006918735981391,0.0,0.0,884.7544747064967,0.0,0.0,0.0,0.0,0.0,517.0513840098688,0.0,0.0,0.0,0.0,0.0,0.0,0.0,0.0,0.0,2677.151400487134,3480.8571648212533,6636.990585714224,1187.378953542854,0.0,971.2446279303152,939.1911224067288,0.0,6551.876788864136,1084.485151559792,0.0,850.366803994327,672.1314376763534,0.0,862.0846985176162,3168.575733448049,485.1745627564675,0.0
197,0.0239143181262458,-1.3145040611561868e-16,1.7763568394002496e-17,0.041218489076412,6.976481540348757,0.1586760292993332,0.6261457308401046,0.0838743247973418,13.879429487020015,0.0,1713.0806750264262,10.191658367280397,0.0,0.0,0.0,0.0,1035.804819658281,0.0,0.0,0.0,0.0,0.0,0.0,0.0,0.0,0.0,2743.137085577831,3071.4441358602,6859.420495289824,1247.3838354469146,0.0,912.1961207117832,729.4952129439486,0.0,6644.360858667008,909.880747559118,0.0,305.0401434893121,329.6011186072881,0.0,342.0012212670213,2481.22160652618,175.7480943420448,0.0
198,0.0465432612159468,0.0004795154577493,1.7763568394002496e-17,0.0217280363452261,6.639184980514788,0.2974109436998577,0.7497008678402549,0.0681053410556117,192.9723473926714,0.0,3540.4005096727897,141.69950146708234,0.0,0.0,0.0,0.0,2567.1418163462354,0.0,0.0,0.0,0.0,0.0,0.0,0.0,0.0,0.0,2464.5295903610795,2604.1016247275074,6957.956332681514,1231.126414540321,0.0,724.2451293404129,538.5568028514343,0.0,6675.997349494289,811.5060895263018,0.0,96.63286261334898,109.97994308480602,0.0,126.53032286941276,1967.039529757496,38.439591757796286,0.0
199,0.0684864787574751,0.0440757365190696,1.7763568394002496e-17,0.0110835488332228,6.1913177077156005,0.4936481633493852,0.9050001508584836,0.0556465170354816,413.4362698755447,0.0,4941.783843138135,306.29819189330163,0.0,0.0,0.0,0.0,3963.029748761897,0.0,0.0,0.0,0.0,0.0,0.0,0.0,0.0,0.0,1815.017060893914,1657.5647556392228,7088.913355517889,1113.8621029720134,0.0,403.9376008374093,300.3505046380883,0.0,6698.58678322736,683.9047578650811,0.0,0.0,0.0,0.0,0.0,1232.8151213123035,0.0,0.0
200,0.089972545933555,0.117567130425249,1.7763568394002496e-17,0.0187493426910301,5.660071377673197,0.730506908449125,1.0886976796925514,0.0494743775681061,361.8177310790938,0.0,5288.247348049684,516.7271846605682,0.0,0.0,0.0,0.0,4515.116171301053,0.0,0.0,0.0,0.0,0.0,0.0,0.0,0.0,0.0,1162.3103896300877,761.3027824963282,7204.168699632253,991.7720727663684,0.0,122.99937769819203,91.4598847008082,0.0,6728.050515023733,580.4123344483974,0.0,0.0,0.0,0.0,0.0,559.8339422757537,0.0,0.0
201,0.1118281033876824,0.1927275926710961,1.7763568394002502e-17,0.0307291533488374,5.030474431972641,1.086889107539755,1.3377566433289156,0.044980301182724,277.44964171759784,0.0,5854.531982130182,860.6602700432993,0.0,0.0,0.0,0.0,5417.375929302588,572.4293039504829,0.0,0.0,0.0,0.0,0.0,0.0,0.0,0.0,294.91143729692834,0.0,7283.0195138159315,824.4236393652043,0.0,0.0,0.0,0.0,6830.741090406498,606.589870199671,0.0,0.0,0.0,0.0,0.0,74.69305639805303,0.0,0.0
202,0.131289730688899,0.2751297813935935,1.7763568394002496e-17,0.045779175914499,4.331607026011396,1.6618853985474988,1.6661099403828876,0.0427585333111011,174.82386372761252,0.0,6543.468082611331,1279.112947094883,0.0,0.0,0.0,0.0,6515.170801177982,2088.6487129538195,0.0,0.0,0.0,0.0,0.0,40.1461218318854,0.0,0.0,0.0,0.0,7268.577588975921,768.4226148940663,0.0,0.0,0.0,0.0,6858.174972378897,628.6902557062788,0.0,0.0,0.0,0.0,0.0,43.84502591814626,0.0,0.0
203,0.1375996956685267,0.3616891321993356,0.0003207279310474,0.0895726423255816,3.644535095025125,2.439947456591002,1.9829458845335808,0.0444967925980063,808.5167835023842,40.860796331604725,6138.8211869604,1557.7166191886552,0.0,26.89129331225268,22.35120483096327,0.0,6410.572080102284,2308.2436777068087,0.0,6.2862763587084185,24.44663028386607,0.0,614.1771139942091,1389.2978286198763,12.92179029290064,0.0,0.0,0.0,6574.849113353069,319.97351432526284,0.0,0.0,0.0,0.0,6165.528766147183,230.39264707220389,0.0,0.0,0.0,0.0,0.0,46.87200641461022,0.0,0.0
204,0.1376022600000004,0.4411541828182032,0.0170982473621262,0.1384407808504985,3.011815124516715,3.3059895936265327,2.2915019225808666,0.0463155097275744,1071.1334033082594,247.8626506781493,5928.205304654644,1513.0497733378716,0.0,101.7073391906593,103.16160087425872,0.0,6166.686482303014,2183.9017571639656,0.0,119.96545720209966,210.47617767975837,0.0,973.1757474038036,2076.4857596335755,188.34110629340148,0.0,0.0,0.0,6060.624455165157,0.0,0.0,0.0,0.0,0.0,5624.559255541351,0.0,0.0,0.0,0.0,0.0,0.0,0.0,0.0,0.0
205,0.1373260951659988,0.483585614341162,0.0477965121727575,0.1833058500336811,2.405351650707742,4.32149245111744,2.5898951441104474,0.0463147712429829,1287.6997661865807,569.5633964327997,5661.743359727888,1413.2653738543888,0.0,140.43537350805272,247.57815750879607,0.0,5916.073091541861,1975.8622963917717,0.0,314.9867495518459,413.69967131723024,0.0,1192.1648243917984,2491.9987897872857,477.8518738872129,0.0,0.0,0.0,5517.075270708392,0.0,0.0,0.0,0.0,0.0,5058.543767898806,0.0,0.0,0.0,0.0,0.0,0.0,0.0,0.0,0.0
206,0.1319033204984747,0.4888560084518278,0.0803184362790699,0.224449297714286,1.8341242315647035,5.521930930454148,2.835910783551167,0.0497173505919044,1505.762132216086,900.9973196121538,5257.928928956228,1255.5929718104892,0.0,138.92319154183372,517.5993377857751,0.0,5547.164406452944,1690.3804352566428,0.0,789.5238154154315,1107.9888424854837,0.0,1621.0269190997371,3583.3240603927275,1098.6064155269205,0.0,0.0,0.0,5045.248181672328,0.0,0.0,0.0,0.0,0.0,4567.197309781526,0.0,0.0,0.0,0.0,0.0,0.0,0.0,0.0,0.0
207,0.1139165170564785,0.4933410241993363,0.1104088146578075,0.2624903858272428,1.410277527601581,6.578426558313107,2.992265328680144,0.0553938570299003,1743.889002479856,1142.88406872554,4988.428329453073,1236.80639587096,0.0,103.98631749531737,550.9542100999549,0.0,5172.571323939215,1469.9307886188658,0.0,750.7289505090663,1108.867565815337,0.0,1353.4454672699926,3269.0607497540896,1027.7971926822934,0.0,0.0,0.0,5031.044071030326,0.0,0.0,0.0,0.0,0.0,4540.143977569371,0.0,0.0,0.0,0.0,0.0,0.0,0.0,0.0,0.0
208,0.0912875739667774,0.4969941254612524,0.1404991930365451,0.2981138973964339,1.0427751294780538,7.497615676823124,3.090582065829558,0.0604592999292155,1205.6248228420943,819.5741515237378,3196.8556453474216,787.0047850040529,0.0,68.52402291327043,364.3811886187706,0.0,3292.531286347844,892.8423673691229,0.0,466.1201212323372,701.2657170193522,0.0,800.4544495359834,2021.3208350996413,628.7207074632413,0.0,0.0,0.0,5075.174816575168,0.0,0.0,0.0,0.0,0.0,4515.028103292639,0.0,0.0,0.0,0.0,0.0,0.0,0.0,0.0,0.0
209,0.0688872060598006,0.4537576188422271,0.1701328749222324,0.2993000508837213,0.7295363714762905,8.285588842392313,3.124149358929293,0.0615838276308902,1462.9330214224103,1072.3028015473403,3105.372550817493,632.4388570419405,0.0,105.84859422759466,402.9034478760475,0.0,3162.074032848996,626.4664207884832,0.0,432.14704918372223,664.6136342878887,0.0,594.6547234226158,1858.9769237995945,527.5888778850589,0.0,0.0,0.0,5180.778009365551,0.0,0.0,0.0,0.0,0.0,4629.689890362684,0.0,0.0,0.0,0.0,0.0,0.0,0.0,0.0,0.0
210,0.0455725374219269,0.3739778282392026,0.182970738802232,0.286571502059801,0.4983309490433013,9.008642960385645,3.0832236676627693,0.0635661405448503,2061.200848888327,1578.0650632842526,3707.2829528371567,612.5725659027158,0.0,168.7852696832794,533.8041568213888,0.0,3735.921051591614,488.1333848554224,0.0,493.6588550158739,775.5057050300296,0.0,512.6876047223911,2106.572770115128,540.1670934720938,0.0,0.0,0.0,5513.464656603526,0.0,0.0,0.0,0.0,0.0,5056.346251307933,0.0,0.0,0.0,0.0,0.0,0.0,0.0,0.0,0.0
211,0.0227133717607973,0.294902758584717,0.1829738160000004,0.2739677429302329,0.3325598850074608,9.59905392398672,2.9959843759485163,0.0668106725980063,2891.680230206288,2362.264153786321,4251.64829208744,450.8541464154698,0.0,302.941919019461,750.5063477610814,0.0,4211.000504221333,256.86150935117155,0.0,625.5059740243664,976.2134441883148,0.0,392.4401114399918,2472.194721334953,608.4876405522413,0.0,0.0,0.0,5501.984028202921,0.0,0.0,0.0,0.0,0.0,5130.883357271745,0.0,0.0,0.0,0.0,0.0,0.0,0.0,0.0,0.0
212,0.0049088369988925,0.2146711915526014,0.1829738160000004,0.2577222632801776,0.2033364403477168,10.021239714981188,2.881558659433012,0.0678759687065334,3340.411178513817,2880.147594972119,4102.311182002412,190.24533579686852,0.0,432.7849109229009,921.789024857166,0.0,4006.4756534079393,120.20895833437017,0.0,757.8298330006126,1155.543346232442,0.0,324.61536333938346,2699.747597297849,723.9290113766248,0.0,0.0,0.0,5383.99350858108,0.0,0.0,0.0,0.0,0.0,5053.789862296296,0.0,0.0,0.0,0.0,0.0,0.0,0.0,0.0,0.0
213,2.842170943040408e-17,0.135245670458471,0.1828488251709808,0.2158532234551498,0.100468528682982,10.312265041661457,2.72388111706437,0.0659070798936873,3604.148198253785,3174.48581630725,3831.048404615569,17.008504800873947,0.0,523.0923764723705,1075.3191421415115,0.0,3811.9692228695926,98.8658154097778,0.0,909.945168750406,1282.8542205866738,0.0,340.4851412348581,2942.2707581291875,842.6788896402653,0.0,0.0,0.0,5252.892994932958,0.0,0.0,0.0,0.0,0.0,4911.007668201259,0.0,0.0,0.0,0.0,0.0,0.0,0.0,0.0,0.0
214,2.842170943040408e-17,0.0594765879439443,0.164653026504138,0.1660376716863791,0.027017144798296,10.465922125757066,2.488457136614692,0.064401591261854,3710.7559277383134,3258.95637226815,3740.957834737059,28.569378478728257,0.0,530.0421652629408,1202.2549977282029,0.0,3772.951200607613,85.26021647800181,0.0,1018.2132576315524,1439.5521607193464,0.0,409.3583094792557,3195.179161351989,989.8042611247098,0.0,0.0,0.0,5205.384006313589,0.0,0.0,0.0,0.0,0.0,4812.707862520808,0.0,0.0,0.0,0.0,0.0,0.0,0.0,0.0,0.0
215,2.842170943040408e-17,0.0392596147000194,0.1324418148837212,0.1196514889833889,1.1903190919496546e-05,10.501522301665837,2.219394509555609,0.068793724826265,3821.994380659809,3334.6869042988337,3756.8350656130488,42.8817354823,0.0,514.164934386951,1268.6080017455508,0.0,3796.754559203887,68.39336776111527,0.0,1034.56986853381,1556.380937878053,0.0,487.8526828078751,3375.13335799364,1077.1948216560831,0.0,0.0,0.0,5136.85994603625,0.0,0.0,0.0,0.0,0.0,4668.59640269304,0.0,0.0,0.0,0.0,0.0,0.0,0.0,0.0,0.0
216,2.842170943040408e-17,0.0547456095747507,0.1029593229368772,0.0823789077009968,0.0009774924128141,10.390667440365466,1.98098534669711,0.0739483243810483,3899.184400615796,3063.00606683103,4121.389559085908,509.2667195244093,0.0,362.7955625150682,1191.5578752448755,0.0,4142.359871912508,302.54628038211706,0.0,830.8969741170138,1497.459239041167,0.0,531.2299774995548,3244.234307961477,1094.9374891489672,0.0,0.0,0.0,4375.456647073002,0.0,0.0,0.0,0.0,0.0,3748.887403364586,0.0,0.0,0.0,0.0,0.0,0.0,0.0,0.0,0.0
217,2.842170943040408e-17,0.0704460476212622,0.0731728877740864,0.0447220730033224,0.0070467051827115,10.21840762272759,1.6959651600015475,0.0888152553687705,3812.192743822101,2817.1864598261227,4364.848171507882,781.7281465486714,0.0,262.2991575425139,1065.0461530074822,0.0,4367.433705060235,569.6217328282585,0.0,590.9017585285442,1297.129871920428,0.0,471.1956783935596,2945.0023031060405,949.7863428530512,0.0,0.0,0.0,4264.521225651859,0.0,0.0,0.0,0.0,0.0,3552.983666455765,0.0,0.0,0.0,0.0,0.0,0.0,0.0,0.0,0.0
218,2.842170943040408e-17,0.0870526647723585,0.0421706797475083,0.008108793154286,0.0160889911462996,9.946910196818088,1.4193387585352926,0.1055263663853818,3692.952213640872,2570.6970525930333,4669.842001099189,1109.72050942466,0.0,142.19632496376587,888.831393211996,0.0,4636.192211625612,893.5701634144681,0.0,290.4958018615062,1001.8644458796132,0.0,345.55031908189915,2511.25584930428,724.8876616777032,0.0,0.0,0.0,4282.481586815244,0.0,0.0,0.0,0.0,0.0,3501.295979162744,0.0,0.0,0.0,0.0,0.0,0.0,0.0,0.0,0.0
219,2.842170943040408e-17,0.1060020498737537,0.0128025411123206,0.0046453031633564,0.0467729229741867,9.601039991273078,1.1969691485064051,0.1254103568092173,3378.582734256,2322.4541870614385,5101.644589484759,1699.0197203955563,0.0,11.353624667947308,398.4409006341442,0.0,5066.563793286841,1403.1244449584117,0.0,5.453744279931869,351.6125444300844,0.0,17.83656270203606,1425.7496272703077,164.64899058964525,0.0,10.210785985261715,11.71027203904141,4480.4772226270925,0.0,0.0,0.0,0.0,0.0,4000.5927610917847,0.0,0.0,0.0,0.0,0.0,0.0,34.345371041334865,0.0,0.0
220,0.0036103473871709,0.1221593373204696,7.159804753450082e-06,0.0169549245448507,0.1143322292598901,9.171197646242286,1.017520753096356,0.1468788325162279,3238.5244762626708,2213.145046861552,5110.495186734339,1805.3065572824275,0.0,0.0,261.46132110200006,0.0,5102.022609239941,1497.6874658334584,0.0,0.0,222.885060611541,0.0,0.0,1157.2878147137706,63.436517250977055,0.0,20.413216663652445,23.4109617681049,4532.934608029122,0.0,0.0,0.0,0.0,0.0,4110.161480278643,0.0,0.0,0.0,0.0,0.0,0.0,68.66263786864913,0.0,0.0
221,0.0184927619003322,0.1237180679999993,6.394884621840911e-17,0.0297254817807311,0.2562489407170636,8.582896796890381,0.8228271502716373,0.1643175507707642,2089.1300538470778,1330.2328483212973,3784.67372187512,1350.7430878260889,0.0,0.0,41.27580053281206,0.0,3764.7325052109873,1182.2110508948624,0.0,0.0,35.185928323052906,0.0,0.0,182.69616629277468,10.014456522715058,0.0,180.4082726811396,218.89216963512212,5104.40648348964,53.55562944925685,0.0,0.0,0.0,0.0,5092.510835906515,81.89372629169827,0.0,0.0,0.0,0.0,12.566596516439796,488.1850474653649,0.0,0.0
222,0.0344436185713032,0.1237180679999993,0.0016143165990096,0.0426212405581397,0.4735156802512252,7.783847037836661,0.6147971498013008,0.179247282878205,1078.690263089135,265.64726657995044,3750.6821789090063,912.8704204516986,0.0,0.0,0.0,0.0,3550.161515723158,777.4087436003867,0.0,0.0,0.0,0.0,0.0,0.0,0.0,0.0,639.8804628809708,839.9752699916016,6027.410987748627,474.0091189282906,0.0,0.0,0.0,0.0,6207.7153148000725,724.8273865124914,0.0,0.0,0.0,0.0,111.221289846878,1102.2376831883882,0.0,0.0
223,0.0661275442085566,0.1237180679999993,0.0125553208586345,0.0553917977940201,0.7781327244851726,6.828362149773696,0.4791939728404739,0.1963378029913893,287.5482117569786,0.0,3845.0576270414263,410.4463162812924,0.0,0.0,0.0,0.0,3451.087893620463,259.35649174231565,0.0,0.0,0.0,0.0,0.0,0.0,0.0,0.0,541.4782905650491,727.4099563912681,4343.680098935888,442.5437312029072,0.0,3.891165028540411,0.0,0.0,4488.377643325348,657.6186935051404,0.0,0.0,0.0,0.0,110.80793839309608,894.8728073895779,0.0,0.0
224,0.1232189764629467,0.1187129649145021,0.0270871887707641,0.0676615488637875,1.1600667005223275,5.85319667641523,0.3824750255559115,0.2219004679970164,0.0,0.0,3387.642323670704,71.24609933442527,0.0,0.0,0.0,0.0,2990.4524455216188,14.117890651522057,0.0,0.0,0.0,0.0,0.0,0.0,0.0,0.0,670.7055133977931,1049.4770458020978,4791.0527474237215,808.9335145011014,0.0,39.94676355753772,0.0,0.0,4889.53211452049,978.221118220644,0.0,0.0,0.0,0.0,284.3853357288554,1194.8581775324542,0.0,0.0
225,0.1917453371561464,0.099304179249169,0.0418061949966777,0.0752621226027909,1.6426537302833095,4.848059906338616,0.3013311823128337,0.2417576859795344,0.0,0.0,2973.328912619935,0.0,0.0,0.0,0.0,0.0,2593.591200856813,0.0,0.0,0.0,0.0,0.0,0.0,0.0,0.0,0.0,1213.801374968169,2068.4036615090645,7119.083141155163,1523.2300929897492,0.0,156.51709968990596,0.3125573196175345,0.0,7149.54336042119,1677.994072771899,0.0,31.003252386355516,0.0,0.0,568.0331441361409,2037.1442877805496,0.0,0.0
226,0.2620490915780734,0.079164028644518,0.0563765243920265,0.0753713280000002,2.19052428294517,3.830226855019944,0.2393657846611402,0.2561622338446839,0.0,0.0,2778.276478192572,0.0,0.0,0.0,0.0,0.0,2339.766708280744,0.0,0.0,0.0,0.0,0.0,0.0,0.0,0.0,0.0,1627.4475962676197,2768.9140133167675,7848.471386105847,1777.4435878618544,0.0,283.6102483673182,13.835594596067198,0.0,7721.9409698624,1829.3347292908356,0.0,169.02023967353136,0.0,0.0,690.6900205870356,2400.4899965522604,0.0,0.0
227,0.3214318944318938,0.059023878039867,0.0709468537873754,0.0753713280000002,2.792724548175136,2.8761775368374862,0.2103264320388143,0.2580720893222586,0.0,0.0,2641.033319970896,0.0,0.0,0.0,0.0,0.0,2144.046129501637,0.0,0.0,0.0,0.0,0.0,0.0,0.0,0.0,0.0,1658.0934522010346,2755.9945290144537,7836.995738578104,1785.9674287923567,0.0,295.6148190806412,53.56061863644719,0.0,7706.146469140987,1822.3676857518865,0.0,284.3014611257661,0.0,0.0,781.7818352473458,2509.1628560382164,0.0,0.0
228,0.3830261106976741,0.0378561687308969,0.084858484134144,0.0753713280000002,3.4737954402823155,2.059443793286285,0.2023382330217614,0.2586623751154008,0.0,0.0,2556.216720565986,0.0,0.0,0.0,0.0,0.0,2010.746454349589,0.0,0.0,0.0,0.0,0.0,0.0,0.0,0.0,0.0,1660.0216720565986,2706.9418387940723,7744.18509584831,1754.38780793057,0.0,319.44186363399854,112.33380190699428,0.0,7671.389860681819,1826.5087832770496,0.0,400.4095296670212,0.0,0.0,879.4527245022241,2667.0609603471494,0.0,0.0
229,0.4301326046074617,0.0162774359401993,0.0894406769861998,0.0698808824137492,4.152311421624061,1.385784835378487,0.1864741526703395,0.2431988146483507,0.0,0.0,2606.9439061075614,0.0,0.0,0.0,0.0,0.0,1961.9087690510744,0.0,0.0,0.0,0.0,0.0,0.0,0.0,0.0,0.0,1663.411840346427,2621.721963253085,7583.092825513113,1699.5603283888954,0.0,360.7483762194079,214.38960965000945,0.0,7611.087574426588,1833.660925715012,0.0,601.989497826949,58.56978768235092,0.0,1048.962960938435,2941.1983580555243,51.4704194784296,0.0
230,0.4429455421849828,0.000802212403455,0.0895034519999999,0.0571643880398672,4.809239570420719,0.8516774897509698,0.1824096677382159,0.2126680303431225,0.0,0.0,2646.8324945040904,0.0,0.0,0.0,0.0,0.0,1802.027044479037,0.0,0.0,0.0,0.0,0.0,0.0,0.0,0.0,0.0,1690.502854137228,2623.0450772356858,7554.681900640455,1709.603679389374,0.0,390.76119054265934,257.9008965290313,0.0,7597.913296715245,1834.265115450713,0.0,697.3262019726614,182.25164430429325,0.0,1133.1748877645568,3051.006884847338,129.86574930100605,0.0
231,0.4341075159468437,-9.414691248821305e-17,0.0895034519999999,0.0451450400531562,5.3697005121606125,0.4820735121857645,0.1796330728652418,0.1871993680265783,0.0,0.0,2113.900514196076,0.0,0.0,0.0,0.0,0.0,1417.8065560206785,0.0,0.0,0.0,0.0,0.0,0.0,0.0,0.0,0.0,1726.2818104583548,2694.585388758152,7625.986700169434,1731.8974429322868,0.0,410.6328703493016,279.4753819930418,0.0,7594.253029982246,1841.7151177588423,0.0,701.3612851316503,191.5269536804728,0.0,1131.2638420878193,3031.1012425147383,124.16698310179731,0.0
232,0.4189317712026581,-9.414691248821304e-17,0.0879681649289547,0.0328752889833889,5.850947537284679,0.2791392287188924,0.1767688314035369,0.1655663981308459,0.0,0.0,2492.513135965043,0.0,0.0,0.0,0.0,0.0,1738.2754620524902,0.0,0.0,0.0,0.0,0.0,0.0,0.0,0.0,0.0,1770.2655724851188,2818.731363115282,7467.870041319402,1617.3026812229905,0.0,450.6041944428479,296.98969039304563,0.0,7345.180407308882,1682.2227674886938,0.0,721.4774472347834,195.9763097543949,0.0,1111.8497864843423,3006.3029662285194,154.8254415946721,0.0
233,0.3881367979510476,-9.414691248821304e-17,0.0772324065533933,0.0202299332890369,6.187684916402995,0.17039501144729,0.1711250736047292,0.1442309655141362,0.0,0.0,2635.237923067024,0.0,0.0,0.0,0.0,0.0,1858.493772854113,0.0,0.0,0.0,0.0,0.0,0.0,0.0,0.0,0.0,1803.4666986609177,2876.387246571049,7396.164620002236,1556.9373381387222,0.0,466.3965347826101,304.8475261205747,0.0,7254.690955182647,1616.6127534289508,0.0,731.9484013558948,207.42260203384225,0.0,1105.826638833482,3009.4974100179297,162.74897293814473,0.0
234,0.331839203930232,-9.414691248821304e-17,0.0628622937209302,0.0080853837607976,6.432157654726727,0.0930226861196071,0.1727788137209402,0.1139948881420262,0.0,0.0,2703.713637024344,0.0,0.0,0.0,0.0,0.0,1980.2989043555528,0.0,0.0,0.0,0.0,0.0,0.0,0.0,0.0,0.0,1966.92840486728,3123.3110447853687,7102.7125212166975,1309.778391306312,0.0,535.3415458516803,359.91028472198246,0.0,6934.856379499033,1367.2652238147002,0.0,763.5494482063772,259.943238616301,0.0,1075.3713832891535,3062.057453167027,185.70980854451844,0.0
235,0.2622272154817274,-9.414691248821305e-17,0.047845933833887,0.0001719034571556,6.625258750371448,0.0482254548920014,0.2041714969044165,0.0851320905316866,0.0,0.0,2883.608827907705,0.0,0.0,0.0,0.0,0.0,2137.220380768669,0.0,0.0,0.0,0.0,0.0,0.0,0.0,0.0,0.0,1984.465255177764,3120.584806802971,7035.843945599494,1256.0660401115445,0.0,547.799286336616,412.6081515903833,0.0,6857.444752040905,1358.014796477815,0.0,768.1754605566107,306.5138423181345,0.0,1085.9015145284573,3077.113292703173,209.02272615122288,0.0
236,0.1874346119655,-9.414691248821304e-17,0.0322348666245847,2.6645352591003776e-16,6.784526264244042,0.028728336406344,0.2397730064766264,0.0595325093023255,0.0,0.0,3296.410823876158,0.0,0.0,0.0,0.0,0.0,2467.5828765248853,0.0,0.0,0.0,0.0,0.0,0.0,0.0,0.0,0.0,2006.738522278506,3124.415154824239,7129.056814152984,1331.7547644210622,0.0,541.2157662588236,409.9319051887611,0.0,6912.449703497598,1423.7186676622828,0.0,778.4384083470212,320.6504507876492,0.0,1087.3005994516889,3074.4101981731487,209.20968192504336,0.0
237,0.1299937952691031,-9.414691248821304e-17,0.0181105677209302,2.6645352591003776e-16,6.8910810266581,0.0178749911362188,0.2682794534018491,0.0365267260465115,0.0,0.0,3330.9053300542155,0.0,0.0,0.0,0.0,0.0,2465.6957902637355,0.0,0.0,0.0,0.0,0.0,0.0,0.0,0.0,0.0,2023.8160214227407,3053.9291582603946,7204.73806317868,1400.9649823091047,0.0,535.8160214227413,446.07121759323735,0.0,7038.512595258875,1553.9210750977406,0.0,819.2551961704961,368.2203934305352,0.0,1151.4039961541616,3167.808744015588,248.22039343053524,0.0
238,0.0780957686953633,-9.414691248821305e-17,0.0056078902134913,2.6645352591003776e-16,6.9889279839927605,0.0077217227043251,0.2952986153465366,0.0149739396279068,0.0,0.0,3186.846113673017,0.0,0.0,0.0,0.0,0.0,2295.968193495019,0.0,0.0,0.0,0.0,0.0,0.0,0.0,0.0,0.0,2012.492820824508,2945.38750104052,7227.376193667593,1428.3369953246815,0.0,530.3971025598116,485.66605555794087,0.0,7135.525312321578,1675.1595972178154,0.0,874.0921928078687,431.8499314022986,0.0,1248.27971760484,3288.730321068105,300.7716264722114,0.0
239,0.0526206154285714,-9.414691248821304e-17,0.0002513134820773,2.6645352591003776e-16,7.1415251482440825,0.0013864365532497,0.336368160881283,0.0008934193565306,0.0,0.0,2346.022515170263,0.0,0.0,0.0,0.0,0.0,1686.0223500448567,0.0,0.0,0.0,0.0,0.0,0.0,0.0,0.0,0.0,1923.6120203628204,2682.9402489440563,7364.963587125043,1568.1776265089388,0.0,491.34032076824826,458.8677466075958,0.0,7344.892910267461,1883.611131200825,0.0,915.370812557303,485.8501778474114,0.0,1350.4371401619276,3384.326843847825,316.57010343344933,0.0
240,0.0761913701224848,-9.414691248821305e-17,7.105427357600997e-17,2.6645352591003776e-16,7.211520035074767,0.0199934086787499,0.3799037496124963,0.0095193890036981,0.0,0.0,1737.5271739689513,0.0,0.0,0.0,0.0,0.0,1187.794638861317,0.0,0.0,0.0,0.0,0.0,0.0,0.0,0.0,0.0,1805.1282818876828,2477.1535778113557,7854.217460422793,1949.5465601096464,0.0,408.4501318965777,350.2025030390241,0.0,7812.091483332476,2234.379813655494,0.0,783.32715543323,397.0812405504432,0.0,1325.1135930309256,3298.215194022121,244.5731847851477,0.0
241,0.113413937425995,1.665879802011061e-05,7.105427357600997e-17,2.6645352591003776e-16,7.162344456518257,0.0452781087162581,0.4412289251642924,0.0245172623920263,0.0,0.0,2277.8224084320864,0.0,0.0,0.0,0.0,0.0,1457.043789970714,0.0,0.0,0.0,0.0,0.0,0.0,0.0,0.0,0.0,1708.7116500906452,2302.396885615208,8327.34351785828,2243.6807114440344,0.0,297.9784041576783,213.13634749554512,0.0,8306.308564924178,2494.959662636085,0.0,565.2766633140596,274.9633288544524,0.0,1231.5587734185642,3116.4243821279965,139.07867900594803,0.0
242,0.1569483692491694,0.00940816965001,7.105427357600997e-17,2.6645352591003776e-16,7.016773626064665,0.0974107664899377,0.53547075457049,0.0389665087176077,0.0,0.0,2821.1362349311576,0.0,0.0,0.0,0.0,0.0,1759.646644474267,0.0,0.0,0.0,0.0,0.0,0.0,0.0,0.0,0.0,1724.904026103462,2399.773316679588,8729.954324609009,2453.6170068065767,0.0,253.32175482422136,78.41772872075941,0.0,8615.59873665018,2485.930528945328,0.0,220.2796890041445,70.05300568373252,0.0,915.3930306643504,2667.115146445663,27.095973896538045,0.0
243,0.2018726592159466,0.0285710741461793,7.105427357601001e-17,2.6645352591003776e-16,6.809613095440307,0.1894523304825004,0.6863222196892521,0.0538580789102988,0.1233550222871275,0.0,3227.4349274086644,0.4452815438657286,0.0,0.0,0.0,0.0,2048.218162836578,0.0,0.0,0.0,0.0,0.0,0.0,0.0,0.0,0.0,1751.8405410687508,2449.3531382977626,8912.91499925744,2483.984198416284,0.0,251.67506481934123,49.84956704599131,0.0,8719.556968826899,2475.659263235625,0.0,99.6991340919826,0.0,0.0,768.6370774366812,2487.7585489852704,0.0,0.0
244,0.2417529463216915,0.0463419282171621,7.105427357600997e-17,2.6645352591003776e-16,6.490210548219737,0.3196474711135301,0.8526529343181375,0.0675701187906974,68.79248366238181,0.0,4087.8837916386256,217.2530843416143,0.0,0.0,0.0,0.0,3070.8093857632884,39.46566838161585,0.0,0.0,0.0,0.0,0.0,0.0,0.0,0.0,1625.6520096813283,2045.5715518019715,8056.922627181524,1649.805174103339,0.0,121.35682216170856,0.8090840300245975,0.0,7707.077693799577,1512.5509167831983,0.0,1.618168060049195,0.0,0.0,270.636666646906,1604.2063428303272,0.0,0.0
245,0.2610701046320743,0.0784022386669887,7.105427357600997e-17,2.6645352591003776e-16,6.056305696880441,0.5556479607236545,1.0681242284180117,0.0811975128442158,519.3471660148583,0.0,5292.279743832051,678.8176209237748,0.0,0.0,0.0,0.0,4911.146552985476,428.2877632554556,0.0,0.0,0.0,0.0,0.0,0.0,0.0,0.0,1191.5636957478266,966.4080548645784,7074.313737612332,646.9710720516774,0.0,1.5413901690824765,0.0,0.0,6491.34718915738,403.1805971602432,0.0,0.0,0.0,0.0,3.39319919166073,748.0269746455065,0.0,0.0
246,0.2655672960797337,0.1187478962790697,7.105427357600997e-17,2.6645352591003776e-16,5.533796564186979,0.9113022088903716,1.317819533382072,0.0886585965476976,1074.652099054326,158.7587512706117,4630.225970834416,694.5934475019756,0.0,0.0,0.0,0.0,4632.7391058770845,656.9916519328779,0.0,0.0,0.0,0.0,0.0,400.99204546174656,0.0,0.0,991.8288393907602,731.083460278504,6965.334520291562,485.42188103352487,0.0,0.0,0.0,0.0,6318.327058953418,305.1889190549572,0.0,0.0,0.0,0.0,0.0,625.271167922393,0.0,0.0
247,0.2675429472381673,0.1615854713817327,7.105427357600997e-17,2.6645352591003776e-16,4.901969166915291,1.425452660111329,1.5788866091267475,0.0887596559999995,675.1083320147626,113.66452688579704,2579.272934864872,393.8585688738916,0.0,0.0,0.0,0.0,2620.891369081038,396.5312699501739,0.0,0.0,0.0,0.0,184.47118600182552,287.10351494469256,0.0,0.0,705.1432651615892,386.81008734374666,6830.267287463112,359.1275187978366,0.0,0.0,0.0,0.0,6157.749425624387,208.72969244954888,0.0,0.0,0.0,0.0,0.0,459.90853612994414,0.0,0.0
248,0.2640853145261701,0.1992162138474263,7.105427357600997e-17,0.0003210232177022,4.100005652402914,2.128547024845992,1.855285972816408,0.090561355293424,553.568052218459,186.55977725147403,1745.0727608963691,241.28147838743456,0.0,39.68274263883714,87.50906379568656,0.0,1794.5595611295955,242.8977990832507,0.0,94.32429960172328,132.06837990416363,0.0,288.3582049572908,450.5343535862893,123.90685080896256,0.0,395.302897279455,52.52676913598373,6341.480928567148,95.31159633331964,0.0,0.0,0.0,0.0,5712.915964771501,30.255419022326627,0.0,0.0,0.0,0.0,0.0,212.2750243248573,0.0,0.0
249,0.2386783181226212,0.2211697586511621,7.105427357600997e-17,0.0208570080552705,3.344842169132873,2.866478173415289,2.057330600480829,0.0973955296726062,645.4384521968991,297.97008130160606,1716.0952696804025,210.97028516526123,0.0,80.46158633235629,177.43526841235084,0.0,1787.0856095669608,212.3761679485366,0.0,191.25398777793492,267.78470047161755,0.0,346.1588800179478,710.7028565297334,251.23620774584356,0.0,330.6636834943596,0.0,6192.801803559323,47.44854393554397,0.0,0.0,0.0,0.0,5579.452504157745,0.0,0.0,0.0,0.0,0.0,0.0,170.447062266203,0.0,0.0
250,0.203409672877076,0.2405975901471278,7.105427357600997e-17,0.0542373901594686,2.717784692457507,3.600091271598489,2.2201260193583385,0.0976976222505931,1861.722886770777,1490.1936893959169,2489.508835158912,77.83418055020427,0.0,473.11119023241673,1034.1616360242792,0.0,2786.8956748840337,78.3528589711969,0.0,1122.231117086524,1547.1225146732347,0.0,1031.2923395578152,3367.402719502591,1440.9877916852636,0.0,148.33135661082238,0.0,5446.690194456493,17.50539670850075,0.0,0.0,0.0,0.0,4895.518032782623,0.0,0.0,0.0,0.0,0.0,0.0,161.83787339815268,0.0,0.0
251,0.1590991680565851,0.2503608753636258,7.105427357600997e-17,0.0946280664119604,2.0220658756338907,4.479021179006545,2.375886534680322,0.0911755515348834,3289.0041973699376,3092.796411369329,3202.2437756958725,0.0,0.0,740.528641353684,1580.4980762230489,0.0,3620.299894304456,0.0,0.0,1678.9602074725258,2261.6483141874755,0.0,1211.6532080775896,4953.44475826358,2030.8438398780183,0.0,0.8902025801423579,0.0,4558.533275380143,0.0,0.0,0.0,0.0,0.0,3951.922771630828,0.0,0.0,0.0,0.0,0.0,0.0,142.39237501031437,0.0,0.0
252,0.1108181907508306,0.2410097602915098,7.105427357600997e-17,0.1369606020996681,1.4061337635170506,5.357390225575465,2.4732120785483955,0.0865798978630095,3716.601899323585,3836.0735416222,3281.725524903128,0.0,0.0,626.1606952034272,1416.8017401119653,0.0,3580.2426516422624,0.0,0.0,1350.554299018168,1902.8281319637852,0.0,793.6807960333535,4211.701534750446,1625.0756238061922,0.0,0.0,0.0,3089.6449293742635,0.0,0.0,0.0,0.0,0.0,2632.1481337983364,0.0,0.0,0.0,0.0,0.0,0.0,125.92141386545742,0.0,0.0
253,0.0672282856345515,0.2224098304983382,7.105427357600997e-17,0.1750210470299004,0.9878757914762376,6.143139208094594,2.489704928430733,0.0887110580332221,3854.1106755743785,4104.711467053296,3314.0632431853587,0.0,0.0,528.2964477358724,1278.66799205886,0.0,3441.245076734265,0.0,0.0,1143.051389783603,1601.3992273030792,0.0,551.3004051304564,3643.426910283171,1345.3794591121557,0.0,0.0,0.0,2643.51459208133,0.0,0.0,0.0,0.0,0.0,2324.046887401976,0.0,0.0,0.0,0.0,0.0,0.0,107.53397435335752,0.0,0.0
254,0.0241267535620886,0.2018618734823538,7.105427357600997e-17,0.2152247602058545,0.684834202093884,6.8449808506573095,2.4405454742320702,0.0896862033563587,3833.0,4078.0,3302.0,0.0,0.0,499.0,1233.0,0.0,3340.0,0.0,0.0,1106.0,1498.0,0.0,494.0,3453.0,1273.0,0.0,0.0,0.0,3354.008302997302,0.0,0.0,0.0,0.0,0.0,3015.0941315985287,0.0,0.0,0.0,0.0,0.0,0.0,95.748818263273,0.0,0.0
255,0.0051804279412624,0.1657726068438536,7.105427357600997e-17,0.2337594161334216,0.4584464814593836,7.312394434989771,2.3077755197222705,0.0851446262272422,4004.128526386805,4314.9831310626905,3161.223765123025,0.0,0.0,523.1688812860895,1237.4989695806946,0.0,3150.286323237534,0.0,0.0,1043.6466097116247,1468.2311187139103,0.0,361.0409962726618,3346.755914256241,1213.1612070085157,0.0,0.0,0.0,4702.661474508435,0.0,0.0,0.0,0.0,0.0,4327.938921211096,0.0,0.0,0.0,0.0,0.0,0.0,69.38300550196011,0.0,0.0
256,0.0018780231229236,0.1262558702990035,7.105427357600997e-17,0.2337998759999996,0.3046720390139352,7.522171893047179,2.139380114474428,0.0878717134883717,4161.850410484304,4515.474572676703,3058.6661666313976,0.0,0.0,546.9822222222223,1243.869141055484,0.0,2992.4192306064497,0.0,0.0,1019.5762991615773,1447.1975385049466,0.0,255.79702557591324,3239.7417350807177,1159.022705065806,0.0,0.0,0.0,4816.133333333333,0.0,0.0,0.0,0.0,0.0,4453.555555555556,0.0,0.0,0.0,0.0,0.0,0.0,62.95555555555556,0.0,0.0
257,0.0001118981006707,0.0854991629260954,7.105427357600997e-17,0.2337998759999996,0.1906757933519534,7.5973303414725795,1.9196724973946069,0.0964966170498335,4272.121755565471,4586.656049894148,2997.1476562241182,0.0,0.0,571.3701721835552,1282.5548345797674,0.0,2897.6327518259445,0.0,0.0,1059.266760010926,1495.4359739419633,0.0,232.77523882367515,3288.039078807783,1156.9148896238703,0.0,0.0,0.0,4849.228110084455,0.0,0.0,0.0,0.0,0.0,4508.965323966772,0.0,0.0,0.0,0.0,0.0,0.0,88.41110918637028,0.0,0.0
258,3.375077994860477e-17,0.051648155416064,7.105427357600997e-17,0.2336055810381079,0.1099261620691626,7.549911707235493,1.7555194388125963,0.1016206742567907,4427.39534411408,4789.738134068735,2831.6062126068646,0.0,0.0,649.0286218511112,1380.1860917476645,0.0,2735.7623874596006,0.0,0.0,1171.7636461297957,1611.9198209825315,0.0,215.55179398576368,3409.553337364888,1203.895878984236,0.0,0.0,0.0,4880.31908717551,0.0,0.0,0.0,0.0,0.0,4576.99727818195,0.0,0.0,0.0,0.0,0.0,0.0,145.71972979601455,0.0,0.0
259,3.375077994860477e-17,0.0292415613488371,7.105427357600997e-17,0.2129203224318935,0.0614690147242338,7.369959706833892,1.6904949292475229,0.0942874687973419,4593.283704391352,5007.366571350013,2654.2342005272485,0.0,0.0,732.2768429784782,1484.7970939477811,0.0,2562.6643555646765,0.0,0.0,1292.256986608813,1736.687141646241,0.0,197.19061741726037,3539.659573334108,1254.3635803077964,0.0,0.0,0.0,4750.978058942186,0.0,0.0,0.0,0.0,0.0,4407.591141538303,0.0,0.0,0.0,0.0,0.0,0.0,145.01156759615313,0.0,0.0
260,3.375077994860477e-17,0.0076773020446131,7.105427357600997e-17,0.1752903950830565,0.016346517000185,7.150999058612522,1.6648138070480862,0.0861378368770762,4716.838757964261,5148.215110094598,2544.662136258978,0.0,0.0,775.3492652242796,1560.2390676813636,0.0,2458.239533504546,0.0,0.0,1363.2693821771988,1829.6324662242737,0.0,186.94706429029068,3633.6206449899487,1291.905760619449,0.0,0.0,0.0,4689.535553971574,0.0,0.0,0.0,0.0,0.0,4351.469887689279,0.0,0.0,0.0,0.0,0.0,0.0,137.73346891709664,0.0,0.0
261,3.375077994860477e-17,-1.2789769243681822e-16,7.105427357600997e-17,0.1356764626046513,0.0003836084470449,6.9439273056659,1.690232404517784,0.0775681208372091,4659.29032999909,4903.48044863784,2785.450317245795,0.0,0.0,595.1041448228099,1504.3118155467976,0.0,2714.0048109395084,0.0,0.0,1171.701641237048,1787.1598254388462,0.0,220.5577115180677,3564.7200373019946,1273.7200056768856,0.0,0.0,0.0,4194.451420807417,0.0,0.0,0.0,0.0,0.0,3911.5760186883367,0.0,0.0,0.0,0.0,0.0,0.0,74.80105462279874,0.0,0.0
262,3.375077994860477e-17,-1.2789769243681822e-16,7.105427357600997e-17,0.0972276457873755,0.0022474500398488,6.825220898175362,1.7592456631798472,0.0670155755213055,4538.658837778399,4548.67948891438,3122.6350585440377,10.403547282084968,0.0,358.66270886094566,1405.4247423009804,0.0,3067.2271501337323,0.0,0.0,910.0809336805136,1697.414425891718,0.0,265.6251699970492,3442.536143509767,1236.2418193250558,0.0,0.0,0.0,3858.010013667831,0.0,0.0,0.0,0.0,0.0,3595.808803521308,0.0,0.0,0.0,0.0,0.0,0.0,71.35533266259355,0.0,0.0
263,0.0017589740739033,-1.2789769243681822e-16,7.105427357600997e-17,0.0603323165182724,0.0086516316026666,6.654543999079537,1.854250866857968,0.061910010594345,4378.547724018216,4164.182638901657,3458.3895802587176,168.68263062043334,0.0,135.42863044744595,1275.5756292840506,0.0,3418.713393204632,28.348917600201823,0.0,636.624807914384,1569.9440467531515,0.0,291.3800936176226,3261.4018450031367,1169.2148542427826,0.0,0.0,0.0,2629.512292121769,0.0,0.0,0.0,0.0,0.0,2450.8992073252844,0.0,0.0,0.0,0.0,0.0,0.0,304.2301869067612,0.0,0.0
264,0.0136066070033222,-1.2789769243681822e-16,4.755669278576665e-06,0.0207825389509184,0.0434900982270236,6.4377638314865,1.9472304663411375,0.0738855388027327,3722.8914173124376,3363.02272299878,3837.603349575141,778.201378965225,0.0,22.891432842741036,759.0693975126161,0.0,3810.1418643083302,384.7491722336168,0.0,186.26727546011196,977.1499234168946,0.0,106.01220194808415,2359.2776137874143,739.7021024668528,0.0,0.0,0.0,2489.1204927754843,0.0,0.0,0.0,0.0,0.0,2365.630636932404,0.0,0.0,0.0,0.0,0.0,0.0,662.0359863178236,0.0,0.0
265,0.0271843847043189,-1.2789769243681822e-16,0.0012182439468439,0.0001066764940396,0.105873876572192,6.15024728658199,2.016721170976755,0.0949892563853817,3043.241125207765,2559.322602811361,4052.797268620874,1156.7857736382678,0.0,0.0,245.97036088869237,0.0,3876.840296603773,565.2444253129728,0.0,0.0,347.9090122522795,0.0,2.755778598662415,1265.6084113797006,245.23473308188323,0.0,233.4207171606676,6.39361981606703,3209.296617020123,0.0,0.0,71.42299248642243,0.0,0.0,3106.1523155729337,0.0,0.0,0.0,0.0,0.0,0.0,1045.8649906532885,0.0,0.0
266,0.0405010512956811,-1.2789769243681822e-16,0.0033606729568107,2.0961010704923038e-16,0.1972114213296671,5.844607550985356,2.0810364534594616,0.1166235885448501,2773.14931218195,1763.1440804529086,4038.556758585501,1020.0577206869744,0.0,0.0,0.0,0.0,3336.079006651239,201.93590611755184,0.0,0.0,0.0,0.0,0.0,172.9605553501327,0.0,0.0,1087.3558740886772,373.9097489978612,3965.7373184443927,0.0,0.0,369.1695792032186,0.1002615622682718,0.0,3879.793960601857,0.0,0.0,0.0,0.0,0.0,0.0815853889045741,1455.6337571776187,0.0,0.0
267,0.0532954956677741,-1.2789769243681822e-16,0.0054190851428572,2.0961010704923038e-16,0.3408534681040321,5.498001949280847,2.1488525290331664,0.1374095155215944,2846.904598141806,1444.1086091521884,3852.241461675438,709.2510223523902,0.0,0.0,0.0,0.0,2751.1657834456787,0.0,0.0,0.0,0.0,0.0,0.0,0.0,0.0,0.0,1547.6266373260758,1028.0985575697491,4726.652323127388,0.0,0.0,580.8446806430682,36.13261464205884,0.0,4610.958776205752,0.0,0.0,0.0,0.0,0.0,29.402029561675327,1898.099159844279,0.0,0.0
268,0.06595938448505,-1.2789769243681822e-16,0.0074564931229236,2.0961010704923038e-16,0.5809530433323409,5.057846126673492,2.137986035579019,0.1600394305706311,2040.902404797532,71.368,3513.511316406906,27.672,0.0,0.0,0.0,0.0,2209.8519302139302,0.0,0.0,0.0,0.0,0.0,0.0,0.0,0.0,0.0,1970.2792020861996,1905.8065679224976,5230.853924970457,0.0,0.0,705.4763027936782,148.55552328580342,0.0,5049.803977179849,0.0,0.0,42.02562109538635,0.0,0.0,129.89129028611455,2020.9752141830984,0.0,0.0
269,0.077125410338057,0.0002622373855853,0.0095359095149502,2.0961010704923038e-16,0.924071561403196,4.54905470542139,2.0424060733449187,0.1783402158774154,292.6519598887342,0.0,3086.082139061652,0.0,0.0,0.0,0.0,0.0,2025.6348827514869,0.0,0.0,0.0,0.0,0.0,0.0,0.0,0.0,0.0,1957.4077458899333,2287.4587439111315,5833.9733234865,156.2073727738479,0.0,637.4023663279459,82.6716508971512,0.0,5549.763155944511,138.85099802119817,0.0,62.757907616457246,0.0,0.0,194.7433571184116,1928.478105805429,0.0,0.0
270,0.0785944440000002,0.0021201892624583,0.0116153259069768,2.0961010704923038e-16,1.329223565213803,3.9605669506142256,1.884394662319749,0.1807371893039203,0.0,0.0,2865.1045357591884,0.0,0.0,0.0,0.0,0.0,1837.5536838181915,0.0,0.0,0.0,0.0,0.0,0.0,0.0,0.0,0.0,1944.2063593543603,2615.4897286694054,6307.083320093064,873.3468534142863,0.0,583.2382637735369,36.58361375032408,0.0,5948.262217870817,673.9169500027534,0.0,79.15619550870473,0.0,0.0,242.7058545153268,1866.743914584498,0.0,0.0
271,0.0785944440000002,0.0043046266843852,0.012644532,2.0961010704923038e-16,1.7881114036498669,3.327120923715572,1.6418437048221473,0.180742428,0.0,0.0,2578.2275379264343,0.0,0.0,0.0,0.0,0.0,1593.4047894460905,0.0,0.0,0.0,0.0,0.0,0.0,0.0,0.0,0.0,2068.891151324463,3211.6236897020112,6573.652282073044,1047.4540359331304,0.0,624.2422703513143,205.40372711609567,0.0,6250.978671203569,787.4467152114955,0.0,116.30359831613782,0.0,0.0,329.92081258270184,2094.113673362132,0.0,0.0
272,0.0785944440000002,0.0065318962126244,0.012644532,2.0961010704923038e-16,2.319763735230495,2.600608945834661,1.3665457430340051,0.1807109692118579,0.0,0.0,2376.994449012267,0.0,0.0,0.0,0.0,0.0,1422.1615944465495,0.0,0.0,0.0,0.0,0.0,0.0,0.0,0.0,0.0,2179.9460388057355,3574.4594676952443,6572.594250315436,988.8961893292015,0.0,712.5201108822185,321.3194122642708,0.0,6239.039058218739,754.7444031858151,0.0,245.92950255720385,0.0,0.0,395.0489124745611,2276.5614043620963,0.0,0.0
273,0.0760255674277899,0.0087377496877075,0.012644532,2.0961010704923038e-16,2.889898202251301,1.890740689156156,1.080394562387352,0.1672964090936093,0.0,0.0,2239.467227064286,0.0,0.0,0.0,0.0,0.0,1207.242233140281,0.0,0.0,0.0,0.0,0.0,0.0,0.0,0.0,0.0,2242.354160504078,3975.7206842632177,6775.938811750522,1113.195167633353,0.0,716.8820214360076,327.50515101563474,0.0,6424.950820422468,834.8569447160331,0.0,356.313118248479,0.0,0.0,412.92833798555375,2321.014373307882,0.0,0.0
274,0.0644656147774087,0.0107936907906975,0.0126435984797343,2.0961010704923038e-16,3.376222969964103,1.3155050437740956,0.852957832930249,0.1403665782458467,0.0,0.0,2217.2811106935224,0.0,0.0,0.0,0.0,0.0,1040.0713699577982,0.0,0.0,0.0,0.0,0.0,0.0,0.0,0.0,0.0,2219.4228666150857,4440.206277577295,7030.425619660313,1228.0678025427385,0.0,686.5391257317375,293.3693601796929,0.0,6577.572147469622,916.994256227522,0.0,461.9774200099885,0.0,0.0,494.51858360349433,2343.440898275965,0.0,0.0
275,0.0520628370697675,0.0125917826136875,0.0115313090830565,2.0961010704923038e-16,3.783624998933407,0.8977028449060552,0.6702147739877893,0.111844102066445,0.0,0.0,2329.3379623674355,0.0,0.0,0.0,0.0,0.0,1042.801572515512,0.0,0.0,0.0,0.0,0.0,0.0,0.0,0.0,0.0,2377.5668146577927,4833.571450415526,7021.094630086613,1215.8314096211045,0.0,766.8973858243695,348.85535213005164,0.0,6496.569032136164,871.1786383488338,0.0,528.6090746598791,0.0,0.0,501.10416057016687,2292.595662747984,0.0,0.0
276,0.038615614923588,0.0128924639999998,0.0093678758671096,2.0961010704923038e-16,4.193592359344811,0.5740943400135481,0.4977399561163559,0.0809197331561461,0.0,0.0,2438.7612596639974,0.0,0.0,0.0,0.0,0.0,1035.57908335461,0.0,0.0,0.0,0.0,0.0,0.0,0.0,0.0,0.0,2462.5198308601557,4876.8514085062125,7047.524257961742,1217.4448581808715,0.0,761.6829811832333,390.0736188145041,0.0,6482.320941951888,844.8514085062124,0.0,535.8020426844141,0.0,0.0,508.752676862616,2305.9211041855947,0.0,0.0
277,0.0252989483322259,0.0128924639999998,0.0072254468571429,2.0961010704923038e-16,4.59117680401219,0.3363337523989506,0.381388606325595,0.0502956008372092,0.0,0.0,2605.727614598527,0.0,0.0,0.0,0.0,0.0,1213.7883288333016,0.0,0.0,0.0,0.0,0.0,0.0,0.0,0.0,0.0,2449.3980472128524,4856.5400893150045,7048.392844386481,1181.0783839811666,0.0,747.311738541166,387.1402474533095,0.0,6465.799015330064,824.5400893150045,0.0,532.4345382701454,0.0,0.0,522.3289872252861,2313.5573379991247,0.0,0.0
278,0.0128961706245847,0.0128924639999998,0.0052300472890366,2.0961010704923038e-16,4.912557219739694,0.2191445270223971,0.2960801759419464,0.0217731246578071,0.0,0.0,2857.0,0.0,0.0,0.0,0.0,0.0,1578.0,0.0,0.0,0.0,0.0,0.0,0.0,0.0,0.0,0.0,2453.75328554224,4865.130525684675,6990.235961774067,1122.804808844303,0.0,746.0646654710216,398.4407108708252,0.0,6391.485065717092,787.4946236581534,0.0,539.6898148138507,0.0,0.0,537.0011947426326,2332.1281361994106,0.0,0.0
279,0.0016335624062648,0.0125819312292357,0.0030876182790698,2.0961010704923038e-16,5.215713536426184,0.1538372609722436,0.25330083978739,0.0024856595047458,0.0,0.0,2435.5711584982755,0.0,0.0,0.0,0.0,0.0,1345.224309943918,0.0,0.0,0.0,0.0,0.0,0.0,0.0,0.0,0.0,2493.145582196233,4914.032234605503,6815.24298756472,1003.6317291180858,0.0,783.7113307712044,462.4860687080968,0.0,6242.145584969791,715.5766036031206,0.0,602.4653654535311,25.97306651870831,0.0,585.6780701964339,2426.8447047791738,0.0,0.0
280,2.842170943040408e-17,0.0106866105249168,0.000945189269103,2.0961010704923038e-16,5.598189242790681,0.1036005510836424,0.260200318557865,-2.220446049250319e-16,0.0,0.0,1175.9521807303397,0.0,0.0,0.0,0.0,0.0,649.5313950623621,0.0,0.0,0.0,0.0,0.0,0.0,0.0,0.0,0.0,2529.006682647552,4959.123957090764,6690.334112306511,885.7530902227154,0.0,851.5295697118639,562.9418649805158,0.0,6198.06147634326,670.3117274443211,0.0,727.3250927394259,105.73404668430176,0.0,689.6301375361946,2611.7764794891486,0.0,0.0
281,2.842170943040408e-17,0.0086520854750829,7.105427357600997e-17,2.0961010704923038e-16,6.005499628049344,0.06380080938478,0.3029983544744873,-2.220446049250319e-16,0.0,0.0,721.8433284138154,0.0,0.0,0.0,0.0,0.0,383.3308002488988,0.0,0.0,0.0,0.0,0.0,0.0,0.0,0.0,0.0,2568.477552577465,5102.772394188418,6610.71372593744,849.2867117339711,0.0,928.870870726592,643.1488199071727,0.0,6137.4537090418125,677.4867974751062,0.0,848.3212216053809,194.05570308652628,0.0,768.5206580412065,2761.553456685945,12.807249936259394,0.0
282,2.842170943040408e-17,0.006467648053156,7.105427357600997e-17,2.0961010704923038e-16,6.459298962871418,0.0269041421277583,0.3638791800677134,-2.220446049250319e-16,0.0,0.0,1348.852291365842,0.0,0.0,0.0,0.0,0.0,606.3846434061836,0.0,0.0,0.0,0.0,0.0,0.0,0.0,0.0,0.0,2639.658810502998,5388.026018848998,6558.941100459796,879.3482977043684,0.0,976.6971413862962,756.4601208037448,0.0,6118.121081709809,686.8606943381627,0.0,1050.6581160019375,437.1403983112696,0.0,926.9899263777528,3067.05057980469,160.7868569999304,0.0
283,2.842170943040408e-17,0.0044331230033221,7.105427357600997e-17,2.096101070492304e-16,6.883562455440893,0.0052702710299083,0.4312526893811249,-2.220446049250319e-16,0.0,0.0,1862.992375747349,0.0,0.0,0.0,0.0,0.0,790.9140442374304,0.0,0.0,0.0,0.0,0.0,0.0,0.0,0.0,0.0,2729.2568487893523,5533.349740087088,6615.859982245054,958.0461891762084,0.0,993.487978935263,765.2991857754702,0.0,6157.975561101174,727.1857963786379,0.0,1027.355028720335,433.3262246860992,0.0,933.4213054431232,3038.5372810685944,173.63195127310271,0.0
284,2.842170943040408e-17,0.0022631474937093,7.105427357600997e-17,2.0961010704923038e-16,7.292760172340266,8.022027486731526e-15,0.5456733916152857,0.0002197913601653,0.0,0.0,1903.2987214495463,0.0,0.0,0.0,0.0,0.0,797.15335153764,0.0,0.0,0.0,0.0,0.0,0.0,0.0,0.0,0.0,2765.979610741592,5546.4025578682285,6704.735670483901,1056.2125151547132,0.0,976.174926267671,745.3882174560107,0.0,6214.36307429552,794.8219084776115,0.0,967.9985051147296,380.3406643232573,0.0,920.1354520020816,2966.9000961431534,157.0656514443126,0.0
285,2.842170943040408e-17,0.0048380301163496,7.105427357600997e-17,2.0961010704923038e-16,7.648386777639335,8.022027486731526e-15,0.6753692741338942,0.0080326673222589,0.0,0.0,1911.01095582237,0.0,0.0,0.0,0.0,0.0,727.1205607943407,0.0,0.0,0.0,0.0,0.0,0.0,0.0,0.0,0.0,2581.644470288948,4949.056960448452,7162.860101356646,1457.9726105262912,0.0,791.2784711333118,571.3648518624148,0.0,6623.723887574822,1149.8916783606765,0.0,671.8636846623183,165.94505432201709,0.0,829.3698008018516,2713.1676666172925,99.2179212170714,0.0
286,1.017504787990118e-06,0.0126997195215945,7.105427357600997e-17,2.0961010704923038e-16,7.777946837180354,0.0013693676341686,0.8501740582700952,0.0196566420199333,0.0,0.0,1937.2089144001332,0.0,0.0,0.0,0.0,0.0,726.9319165693308,0.0,0.0,0.0,0.0,0.0,0.0,0.0,0.0,0.0,2537.8997451693645,4791.407462172534,7293.371545469715,1564.5688432504592,0.0,739.6464274987485,507.01554466878025,0.0,6738.4723532120815,1223.4004952444518,0.0,577.7586593692641,116.05848636742869,0.0,773.9637127315201,2593.156880226931,82.66099142332722,0.0
287,0.0024794353172093,0.0210190324784051,7.105427357600997e-17,2.0961010704923038e-16,7.731865725993065,0.0186339925339615,1.1127292933921744,0.0316364526777406,0.0,0.0,2734.667062989194,0.0,0.0,0.0,0.0,0.0,1434.986287492679,0.0,0.0,0.0,0.0,0.0,0.0,0.0,0.0,0.0,2511.470093999856,4244.708620631154,7901.452972128227,1922.08853387252,0.0,535.347564046206,84.24366342327261,0.0,7157.720382309131,1158.961024653535,0.0,78.45899974455236,12.94666893776072,0.0,172.76973897896016,1389.9932088350956,9.221079160353748,0.0
288,0.0072229757740864,0.028926498259136,7.105427357600997e-17,2.0961010704923038e-16,7.494641900119863,0.0935216837394273,1.412514569726146,0.043023203401993,0.0,39.70535921951459,3408.379894729445,0.0,0.0,0.0,0.0,0.0,2331.88162868528,0.0,0.0,0.0,0.0,0.0,0.0,0.0,0.0,0.0,2394.390235772197,3559.592324036544,7875.847891790414,1676.5706767043362,0.0,412.4271352887546,0.0,0.0,7005.478756067307,840.1944970781972,0.0,0.0,0.0,0.0,3.867599605313085,761.7924411555986,0.0,0.0
289,0.012066298564784,0.0369987029102988,7.105427357601001e-17,2.0961010704923038e-16,7.048828239076641,0.2827383453503785,1.718654929751102,0.0546471780996674,47.48014610782274,291.9419401889748,3725.53207386956,4.087230598637807,0.0,0.0,0.0,0.0,2973.3987377888766,39.80561035627052,0.0,0.0,0.0,0.0,0.4777282517888346,112.54326578207724,0.0,0.0,2092.4362082649877,2775.770499741738,7628.451333520877,1355.3255367928502,0.0,251.8030330848765,0.0,0.0,6718.677276307625,588.2267762134605,0.0,0.0,0.0,0.0,0.0,453.2770007364062,0.0,0.0
290,0.0171567296611295,0.045476262087942,7.105427357600997e-17,2.0961010704923038e-16,6.360904436102377,0.6117953138190426,2.0289590079281,0.0667568902020711,295.9717798319589,718.0034232794311,4136.543588128668,142.0011297121898,0.0,0.0,0.0,0.0,3933.422165532578,410.7695387583883,0.0,0.0,0.0,0.0,20.21764875997528,826.1497518360283,0.0,0.0,961.0445602119844,920.806822755673,5335.605357152418,685.3188165495577,0.0,0.0,0.0,0.0,4661.601329035713,234.07365847478724,0.0,0.0,0.0,0.0,0.0,70.31901816773268,0.0,0.0
291,0.0222965824186046,0.0495835559232745,7.105427357600997e-17,0.0021208886255878,5.5505972865625015,1.0438987954248184,2.353906116284353,0.0714044159999996,245.4862888285036,710.849307902002,4673.289283680308,515.1347611254834,0.0,0.0,0.0,0.0,4544.810220404388,1033.0625055996377,0.0,0.0,0.0,0.0,299.417863759484,1266.6556978495644,0.0,0.0,549.5262213023161,478.3399578007503,4167.053729997259,356.0530086553318,0.0,0.0,0.0,0.0,3677.67944256237,121.58666717833658,0.0,0.0,0.0,0.0,0.0,24.4638460793847,0.0,0.0
292,0.0273365328182249,0.0495863999999999,7.105427357600997e-17,0.0095037854352161,4.665014648469701,1.6111437321711382,2.6966522759300458,0.0716616103589392,224.16545375426645,764.6887200481606,5111.968672821997,831.008990457325,0.0,0.0,0.0,0.0,5051.785410746154,1556.744389256782,0.0,0.0,0.0,0.0,674.7148149730166,1774.9078377011083,0.0,0.0,325.2658838841181,155.73359595712623,5418.703064174673,115.91806949395055,0.0,0.0,0.0,0.0,4854.064707394101,39.58278002519821,0.0,0.0,0.0,0.0,0.0,0.0,0.0,0.0
293,0.0297507481260912,0.0495863999999999,7.105427357600997e-17,0.0164376444916945,3.8179263798315417,2.279451063496261,3.0098230101482035,0.0733368029501656,973.0413131929232,2125.233409079921,4661.6698447070985,800.2715789444322,0.0,0.0,0.0,0.0,4695.174549239621,1178.4402376161768,0.0,312.9356123014441,602.8468452352173,0.0,1270.581077640872,3318.929108911444,978.3356373126944,0.0,118.5573110953254,0.0,5963.117811357525,0.0,0.0,0.0,0.0,0.0,5413.380594059038,0.0,0.0,0.0,0.0,0.0,0.0,0.0,0.0,0.0
294,0.0297518399999999,0.0495684405213573,7.105427357600997e-17,0.0238990797807311,2.9693597749064744,3.11074087983532,3.3367165567283026,0.0752561137524913,1383.388490817436,2705.977164692396,4492.935879818768,665.9740002681134,0.0,10.289402008773193,34.05302093379699,0.0,4476.723580024718,831.4652242885517,0.0,467.1431369376799,754.9960903628951,0.0,1099.788833243983,3344.2540779814185,1051.3193312006836,0.0,0.0,0.0,5609.57286606139,0.0,0.0,0.0,0.0,0.0,5119.894412219551,0.0,0.0,0.0,0.0,0.0,0.0,0.0,0.0,0.0
295,0.0297518399999999,0.0451236239999999,7.105427357600997e-17,0.0318127232691031,2.1861444023960663,4.029617245466143,3.735170199984286,0.069976146803444,1960.662406770473,3366.507654099857,4270.176757075707,476.4658941499452,0.0,73.63841289361922,382.90903119064126,0.0,4201.215350658657,421.3929343778154,0.0,633.3138019111833,921.2466695704196,0.0,862.1294792344889,3321.9099083062383,1093.903530671353,0.0,0.0,0.0,4793.720935888803,0.0,0.0,0.0,0.0,0.0,4284.476059640796,0.0,0.0,0.0,0.0,0.0,0.0,0.0,0.0,0.0
296,0.0297518399999999,0.0370514193488371,7.105427357600997e-17,0.0391987905249171,1.6441983848021968,4.893903608311897,4.054744411500729,0.0635002449966776,3573.260592200801,4973.73301309163,3775.858127564105,22.30675860839957,0.0,232.9654143888632,801.3446827420695,0.0,3527.8034047261945,1.2625461117196797,0.0,685.01906024186,1072.0344315448815,0.0,172.6384753658659,2934.263918853493,849.8909040921658,0.0,0.0,0.0,4587.862118610374,0.0,0.0,0.0,0.0,0.0,4137.062841208655,0.0,0.0,0.0,0.0,0.0,0.0,0.0,0.0,0.0
297,0.0273174501956998,0.0286497369568105,7.105427357600997e-17,0.0449790267876891,1.186613462064788,5.832217406457478,4.30283005158931,0.0579551346179399,3680.381809968339,5120.478583151092,3740.895921402226,0.0,0.0,244.47083173940007,821.3570858765545,0.0,3474.728449652381,0.0,0.0,675.8851297450794,1076.610093155335,0.0,125.07811704801384,2904.32999993472,828.443745797565,0.0,0.0,0.0,4581.162528184875,0.0,0.0,0.0,0.0,0.0,4132.520086431439,0.0,0.0,0.0,0.0,0.0,0.0,0.0,0.0,0.0
298,0.0222323342591361,0.020165685129568,7.105427357600997e-17,0.0453715560000002,0.8613248121639611,6.722928378736753,4.447268059323605,0.0521237739779398,4210.113358954571,5777.952531795637,3552.9552536790625,0.0,0.0,386.7711208993319,923.927945442072,0.0,3226.384806408379,0.0,0.0,685.7173484468368,1099.0813944890688,0.0,19.77683455095358,2770.080247955879,737.6878876458977,0.0,0.0,0.0,4393.596140043622,0.0,0.0,0.0,0.0,0.0,4005.4497543751786,0.0,0.0,0.0,0.0,0.0,0.0,0.0,0.0,0.0
299,0.0176361197740863,0.0125053276544848,7.105427357600997e-17,0.0453715560000003,0.6977735913719887,7.369170143119225,4.521389285561013,0.0454094459401989,4307.817066732188,5870.555187856232,3474.6622836821243,0.0,0.0,394.53184318234224,957.3513756284772,0.0,3094.19332981098,0.0,0.0,690.1881400989652,1144.3208284243842,0.0,11.167501972355428,2755.542520569271,729.543128451622,0.0,0.0,0.0,4350.57816453074,0.0,0.0,0.0,0.0,0.0,3976.08516390027,0.0,0.0,0.0,0.0,0.0,0.0,0.0,0.0,0.0
300,0.012990483627907,0.0047626007441859,7.105427357600997e-17,0.0453715560000003,0.5904082999264907,7.930337883238627,4.541001622740681,0.0383500623247993,4371.336784291584,5847.590659733605,3365.052242113009,0.0,0.0,416.5316111906652,926.9022694546372,0.0,2970.060408155027,0.0,0.0,697.7201255315764,1113.2438707404197,0.0,2.600402671924554,2703.4655326760685,708.2774953763306,0.0,0.0,0.0,4323.74437017706,0.0,0.0,0.0,0.0,0.0,3966.71528011245,0.0,0.0,0.0,0.0,0.0,0.0,0.0,0.0,0.0
301,0.0078012092093023,2.612941528225521e-05,7.105427357600997e-17,0.0436002012956813,0.4918980642303157,8.464714015951285,4.489783763280191,0.0372611868438534,4275.148366965564,5698.843229542534,3282.392593243712,0.0,0.0,411.5752791748316,903.2277208348212,0.0,2880.3505711736816,0.0,0.0,680.794478282418,1059.3154709308078,0.0,0.0,2667.078018133432,701.1602264638591,0.0,0.0,0.0,4329.728752333296,0.0,0.0,0.0,0.0,0.0,4047.48555789351,0.0,0.0,0.0,0.0,0.0,0.0,0.0,0.0,0.0
302,0.0025635110669563,-1.3677947663381926e-16,7.105427357601001e-17,0.036093874664452,0.3983104722143864,8.888013175358555,4.3944730625205874,0.0384350357771527,4199.027401754182,5498.330470123676,3313.2848023340634,0.0,0.0,369.19356298739706,864.3944093507927,0.0,2888.8372837451248,0.0,0.0,610.4218111049748,983.6535042008924,0.0,0.0,2585.9896650649807,658.9931100433205,0.0,0.0,0.0,4275.808977203086,0.0,0.0,0.0,0.0,0.0,4132.053673234533,0.0,0.0,0.0,0.0,0.0,0.0,0.0,0.0,0.0
303,9.989484696686296e-07,-1.3677947663381928e-16,7.105427357600997e-17,0.0286324393754154,0.3233746389003764,9.111000526816715,4.242115328272019,0.0366609882259133,4160.162335322859,5280.734334027979,3407.2885786085,0.8303531034392414,0.0,305.1053270181559,806.2460466640337,0.0,2951.96870804257,0.0,0.0,514.5310193827415,892.3604902493496,0.0,0.0,2476.728879070485,586.1592288718175,0.0,0.0,0.0,3058.9478470858257,0.0,0.0,0.0,0.0,0.0,2989.966089428093,0.0,0.0,0.0,0.0,0.0,0.0,0.0,0.0,0.0
304,2.842170943040408e-17,-1.3677947663381926e-16,7.105427357601001e-17,0.0211710040863788,0.2448184195085334,9.257537272395355,4.006589689589338,0.0345815718338867,4029.83252681829,4937.27680861712,3551.74755894146,68.55206737006534,0.0,207.25426647409256,699.189102616961,0.0,3085.4896416362626,0.0,0.0,368.70402451957966,741.5746095130928,0.0,0.0,2342.801770305277,497.4162634091451,0.0,0.0,0.0,2554.2153409895054,0.0,0.0,0.0,0.0,0.0,2527.339877729865,0.0,0.0,0.0,0.0,0.0,0.0,0.0,0.0,0.0
305,2.842170943040408e-17,-1.3677947663381928e-16,7.105427357600997e-17,0.0140864089634553,0.1810931648998299,9.38600233997627,3.6594799285657538,0.0325685805078307,3935.0,4730.0,3638.0,125.0,0.0,149.0,631.0,0.0,3174.0,0.0,0.0,282.0,649.0,0.0,0.0,2271.0,450.0,0.0,0.0,0.0,3421.4972773324685,0.0,0.0,0.0,0.0,0.0,3426.834018536786,0.0,0.0,0.0,0.0,0.0,0.0,0.0,0.0,0.0
306,2.842170943040408e-17,-1.3677947663381926e-16,7.105427357600997e-17,0.0069264458073092,0.130140257449731,9.531158150640255,3.273085837491652,0.0323507666364944,3915.7277987604,4800.5611238933725,3767.9319373895582,242.80910112593943,0.0,119.78085618512318,587.7929681886396,0.0,3270.361006197998,0.0,0.0,215.16897957235628,579.0605600175821,0.0,0.0,2184.275094421802,410.833913609846,0.0,0.0,0.0,3564.225999278088,0.0,0.0,0.0,0.0,0.0,3590.371559030168,0.0,0.0,0.0,0.0,0.0,0.0,0.0,0.0,0.0
307,2.842170943040408e-17,-1.3677947663381926e-16,7.105427357600997e-17,0.0005456897376044,0.0954083303137692,9.723819280501973,2.785961747434359,0.0381230457009964,3615.549252928317,4837.48750631538,4505.16403419333,1000.7383913518202,0.0,3.0396440958771853,372.531322414636,0.0,3866.066619781909,313.19054243563374,0.0,0.0,323.529919074883,0.0,0.0,1865.1481721862492,264.96058996217624,0.0,0.0,0.0,1905.8114836641485,0.0,0.0,0.0,0.0,0.0,1919.849685908972,0.0,0.0,0.0,0.0,0.0,0.0,0.0,0.0,0.0
308,2.842170943040408e-17,-1.3677947663381928e-16,7.105427357600997e-17,0.0021606491290367,0.1000950246705373,9.817173921351223,2.322047424653843,0.0440686362737539,3256.6051584966685,4555.524137883839,5043.267206614336,1670.8823454345368,0.0,0.0,177.11697055428766,0.0,4279.136763031132,870.3558836514807,0.0,0.0,79.18063948978774,0.0,0.0,1350.5894532650636,90.02247586239389,0.0,0.0,0.0,1116.2678597967083,0.0,0.0,0.0,0.0,0.0,1131.5198637628612,0.0,0.0,0.0,0.0,0.0,0.0,0.0,0.0,0.0
309,2.842170943040408e-17,-1.3677947663381928e-16,7.105427357600997e-17,0.0089663248704321,0.1155976943895074,9.84291589575,1.9259943784211184,0.0512506744385379,2393.8552064623823,3551.566177267803,5216.24134611218,2120.289453980677,0.0,0.0,0.0,0.0,4364.7707827264485,1337.9004334637748,0.0,0.0,0.0,0.0,0.0,668.492495733015,0.0,0.0,0.0,0.0,1735.880108797064,0.0,0.0,0.0,0.0,0.0,1787.0059139417656,0.0,0.0,0.0,0.0,0.0,0.0,47.352481262850695,0.0,0.0
310,2.842170943040408e-17,-1.367794766338193e-16,7.105427357600997e-17,0.016233780139535,0.1497870180154763,9.678795057300112,1.581846032908106,0.0591062474750827,1275.048977435801,1891.65369844684,2778.281376606812,1129.2809747793394,0.0,0.0,0.0,0.0,2324.810718138163,712.573144480223,0.0,0.0,0.0,0.0,0.0,356.0948080778665,0.0,0.0,0.0,0.0,2425.5244806567885,0.0,0.0,0.0,0.0,0.0,2512.340361154007,0.0,0.0,0.0,0.0,0.0,0.0,316.44356009521493,0.0,0.0
311,2.842170943040408e-17,-1.3677947663381928e-16,7.105427357600997e-17,0.0227887397940201,0.2107849020492818,9.394646865630008,1.329306948226634,0.0661949827459343,231.0604887309981,367.2485384895605,1150.5352752418482,344.25869870865387,0.0,0.0,0.0,0.0,958.23759966522,192.56321790549657,0.0,0.0,0.0,0.0,0.0,24.285562755245856,0.0,0.0,84.59167735124579,59.06155612126068,3202.550252346203,0.0,0.0,0.0,0.0,0.0,3710.6983925552136,0.0,0.0,29.07997204707852,0.0,0.0,182.8238666365535,1350.96661503634,58.76498199721529,0.0
312,2.842170943040408e-17,-1.3677947663381928e-16,7.105427357600997e-17,0.0299136959401995,0.3191838465493241,8.840235718526849,1.067580511641002,0.0720459941879753,233.34409900864296,427.1458803641429,4027.0686167308745,912.2759494548876,0.0,0.0,0.0,0.0,3356.517167502807,419.47728334972857,0.0,0.0,0.0,0.0,0.0,0.0,0.0,0.0,398.4162003739135,342.00521844487207,4165.435121151019,13.007399590678965,0.0,14.870373743127338,0.0,0.0,5065.270391821687,273.5821950341594,0.0,235.42262335513996,0.0,0.0,713.9665764039689,2488.2155181119674,207.87237603258285,0.0
313,2.842170943040408e-17,-1.3677947663381928e-16,7.105427357600997e-17,0.0377511477009968,0.5175599204725638,7.966175573818103,0.8348521673347377,0.0731644449069765,130.44922487476066,250.5751297954036,4570.499991866667,899.0673196404368,0.0,0.0,0.0,0.0,3822.227572976268,369.7625510838539,0.0,0.0,0.0,0.0,0.0,0.0,0.0,0.0,603.9801218201009,532.8711539079426,4810.65488733598,171.84785129982345,0.0,54.17818148702535,0.0,0.0,5685.008688344024,763.8689263506197,0.0,309.4583561575717,0.0,0.0,902.5593226939368,2573.209950582624,217.3600601058272,0.0
314,2.842170943040408e-17,-1.3677947663381928e-16,7.105427357600997e-17,0.0426483075376653,0.7783169919876104,7.120172933920726,0.6788117259603076,0.0750945666976741,5.955845222946425,11.440364564940252,3024.348278992796,41.04819945023506,0.0,0.0,0.0,0.0,2613.383299099696,16.882036099574762,0.0,0.0,0.0,0.0,0.0,0.0,0.0,0.0,1003.204335447196,1220.813407341556,5839.19801746442,784.5892853268479,0.0,131.53398549659826,0.0,0.0,6406.433137886861,1310.941824904416,0.0,422.32236485372016,1.8850194910559497,0.0,1098.8861134361844,2732.283005531217,275.812796915603,0.0
315,2.842170943040408e-17,-1.3677947663381928e-16,7.105427357600997e-17,0.0428922360000002,1.174159964725464,6.124156590865252,0.5572069894883929,0.0772759047950895,0.0,0.0,2828.679893500416,0.0,0.0,0.0,0.0,0.0,2431.763130852935,0.0,0.0,0.0,0.0,0.0,0.0,0.0,0.0,0.0,1212.700543575024,1676.7582936090714,6040.192592579385,898.8571459950432,0.0,205.24003588784777,29.204962267951256,0.0,6508.0566940151575,1333.6186932532744,0.0,439.8402812987845,38.15812325690742,0.0,1114.2036522967535,2813.7338398050665,326.6468487330986,0.0
316,2.842170943040408e-17,-1.3677947663381926e-16,7.105427357601001e-17,0.0428922360000002,1.6673094829411943,4.98007891067442,0.4573171160340109,0.0734650299844106,0.0,0.0,2708.469472594133,0.0,0.0,0.0,0.0,0.0,2267.352692138931,0.0,0.0,0.0,0.0,0.0,0.0,0.0,0.0,0.0,1587.448193048628,2594.638972934733,6482.7632226182,1154.7148596817667,0.0,333.6119424872605,156.22742383080325,0.0,6735.830498465684,1371.4171649700909,0.0,507.5792940452985,109.67920317319236,0.0,1034.274384422317,2832.4990756155244,331.00643228274384,0.0
317,2.842170943040408e-17,-1.3677947663381928e-16,7.105427357600997e-17,0.0428922360000002,2.108072306691002,3.915248635970704,0.4151886794225529,0.0639821061926906,0.0,0.0,2669.1244987982773,0.0,0.0,0.0,0.0,0.0,2068.3645288589573,0.0,0.0,0.0,0.0,0.0,0.0,0.0,0.0,0.0,1796.9789357648665,3388.0759575698785,6752.757329795436,1265.8914315700613,0.0,412.93290371846666,284.91809893256595,0.0,6806.978390064048,1247.1046222376244,0.0,572.1964248718043,124.90027483366929,0.0,875.2920270277808,2771.774602045653,243.6433124455239,0.0
318,2.842170943040408e-17,-1.3677947663381926e-16,7.105427357601001e-17,0.0408146887605419,2.580464011466622,2.925556874650399,0.4053900934906939,0.0544931472558136,0.0,0.0,2634.18305971698,0.0,0.0,0.0,0.0,0.0,1986.244106994148,0.0,0.0,0.0,0.0,0.0,0.0,0.0,0.0,0.0,1901.6366988168688,3792.1295803954968,6749.37423712098,1228.459182956812,0.0,479.0404983917159,339.71236775616285,0.0,6764.702019764694,1173.4846277514366,0.0,597.1177298739877,156.06657434001255,0.0,802.7270739746248,2746.523234198236,202.77345345571575,0.0
319,2.842170943040408e-17,-1.3677947663381926e-16,7.105427357601001e-17,0.033640912883721,3.0998715562524635,1.9736728079363672,0.3769427794209262,0.0434696457408636,0.0,0.0,2523.123960852774,0.0,0.0,0.0,0.0,0.0,1728.011129660315,0.0,0.0,0.0,0.0,0.0,0.0,0.0,0.0,0.0,2004.533489395532,4193.023844725148,6948.212164638428,1234.1844854995486,0.0,457.78005937910376,174.02650548333074,0.0,6792.754043200079,1134.551228658671,0.0,444.8114643013808,55.17820157346495,0.0,553.7825136257142,2247.068606121561,6.240878176701347,0.0
320,2.842170943040408e-17,-1.3677947663381926e-16,7.105427357601001e-17,0.0262309584916944,3.572875471855326,1.197527748762074,0.3367839097674635,0.0309997369435214,0.0,0.0,2180.112455735653,0.0,0.0,0.0,0.0,0.0,1491.8280461936265,0.0,0.0,0.0,0.0,0.0,0.0,0.0,0.0,0.0,2074.929428611118,4241.931297641924,7056.379960340433,1271.0630952656566,0.0,462.868202376268,154.50093451540317,0.0,6802.174484144439,1094.9591825101,0.0,394.9408829381121,46.8336313251103,0.0,480.02999404113774,2048.6073471799978,0.0,0.0
321,2.842170943040408e-17,-1.3677947663381928e-16,7.105427357600997e-17,0.0191772519069768,3.940320272144738,0.6140534139828941,0.2987503137680283,0.0190940587774084,0.0,0.0,985.3202222063422,0.0,0.0,0.0,0.0,0.0,674.2264349941216,0.0,0.0,0.0,0.0,0.0,0.0,0.0,0.0,0.0,2124.9861369156333,4270.934400429384,7131.207946265497,1296.348435034772,0.0,468.7901958088934,146.48335002722095,0.0,6808.5129341215625,1065.8456481463595,0.0,363.84379022075126,38.33608034710625,0.0,433.162641161182,1917.826211285168,0.0,0.0
322,2.842170943040408e-17,-1.3677947663381928e-16,7.105427357600997e-17,0.0121947948837211,4.278782256581564,0.2540777935227677,0.2591611828399652,0.0129143161266364,0.0,0.0,460.2364208361757,0.0,0.0,0.0,0.0,0.0,333.95823253144465,0.0,0.0,0.0,0.0,0.0,0.0,0.0,0.0,0.0,2134.3530543930287,4137.147000456666,7128.2061184904815,1236.0162588448045,0.0,528.6684684372558,254.1498346103115,0.0,6825.639640546221,1108.2040679886447,0.0,495.3213530342464,30.20610086048193,0.0,580.9219713474871,2185.596668062422,0.0,0.0
323,2.842170943040408e-17,-1.3677947663381928e-16,7.105427357600997e-17,0.0049985891760799,4.630815397227085,0.1128834890216615,0.2222932283258676,0.0120820805485712,0.0,0.0,1754.2455266519985,0.0,0.0,0.0,0.0,0.0,1349.184739390748,0.0,0.0,0.0,0.0,0.0,0.0,0.0,0.0,0.0,2194.6184805122384,4147.252426510127,7030.59906843122,1132.8766664675072,0.0,575.8108579295374,314.86767167552927,0.0,6728.737867449364,1031.267891995778,0.0,557.0064706936727,22.164029713455825,0.0,615.4196324012667,2283.870907022366,0.0,0.0
