Time,r-biceps,l-biceps,r-lats,l-lats,r-quat,l-quat,r-hamstring,l-hamstring,L1,L2,L3,L4,L5,L6,L7,L8,L9,L10,L11,L12,L13,L14,L15,L16,L17,L18,R1,R2,R3,R4,R5,R6,R7,R8,R9,R10,R11,R12,R13,R14,R15,R16,R17,R18
0,0.0,0.0,0.0,0.0,0.0729280320203402,0.2397963708837209,0.706516803947658,0.0359155448372093,381.8486838463442,0.0,4022.720638586057,633.7891072896551,0.0,0.0,0.0,0.0,3971.686060400074,357.3898516377424,0.0,0.0,0.0,0.0,509.1540519420664,241.65664379005543,0.0,0.0,1217.991876092873,282.8679881397861,6594.510395529672,865.0551522946722,0.0,259.16291018006586,199.82649467402115,0.0,6879.021782736034,1269.2255939376569,0.0,421.8573929938731,152.89076255251135,0.0,785.3535372504294,2177.41780512892,0.0,0.0
1,0.0,0.0,0.0,0.0,0.2028563561960131,0.3542877236362127,0.7819189942201007,0.025190649685216,741.5786296898982,101.87458197854636,4174.056363688324,781.3089813007385,0.0,11.965815048452734,7.138888714109879,0.0,4054.5468155845374,443.6021782870535,0.0,9.901965704563148,30.157011724375693,0.0,772.7518263767419,729.3362405323433,26.7059849526259,0.0,1194.8883798641052,286.38555543026206,6598.887148346643,826.4680111628318,0.0,255.48333475613788,153.45371139770657,0.0,6819.361200476508,1129.0885071223454,0.0,328.1047011474186,53.50788427542721,0.0,640.7654956974125,1993.2879526517463,0.0,0.0
2,0.0,0.0,0.0,0.0,0.4773230286679619,0.5622700677156649,0.8888255119734232,0.0734813069140601,787.3017404393885,151.24790247211428,4187.583385047946,845.5152839150178,0.0,20.138332811992512,12.01466981149035,0.0,4108.083999151473,568.2906157454514,0.0,16.664897463646962,50.75391323210931,0.0,781.0915456496806,810.6227413658171,44.94587379717086,0.0,1191.7738098747943,287.9836732835004,6529.346135426367,751.860764848925,0.0,242.2482421226601,139.35350382975764,0.0,6728.575477805863,1011.9332923451586,0.0,293.2905138742574,33.217986378023625,0.0,587.8610071825184,1934.98682553779,0.0,0.0
3,0.0,0.0,0.0,0.0,0.907395000126387,0.8111154177756412,1.0169571270918232,0.2569639663001343,871.6171099945157,475.7804311316205,3935.0057539512222,1274.7441935544307,0.0,126.85524898097964,84.10676475634472,0.0,4275.523980383522,1548.9306147163434,0.0,81.34630116712641,241.36189803075055,0.0,764.8857146258583,1382.1826512992984,207.816819305151,0.0,1047.2878981489987,191.43322591021612,5751.732628273171,152.07661590982235,0.0,48.99882344508285,28.18661415569983,0.0,5861.505696712521,204.68070395621564,0.0,59.32299025792639,6.718902211533099,0.0,327.79444145882667,1597.0927619540896,0.0,0.0
4,0.0,0.0,0.0,0.0,1.4433610345655652,1.079118078404534,1.107222723510651,0.643770530987688,951.0710327701986,602.4944072853752,3823.961184223222,1355.0955480674604,0.0,182.7498122214075,125.9584799461629,0.0,4266.461410956525,1755.341616897903,0.0,103.7450768722382,303.13461891920576,0.0,742.3681514481987,1514.5602938125928,256.53912283156126,0.0,958.6379065521102,158.36009542095206,5406.00410013411,0.0,0.0,0.0,0.0,0.0,5481.510564324721,0.0,0.0,0.0,0.0,0.0,248.37714745383323,1433.630797618818,0.0,0.0
5,0.0,0.0,0.0,0.0,2.066174401876011,1.3606179459329268,1.1546638190364196,1.0966350958758848,1906.19437584077,1321.9336157947375,3461.4767371477706,1049.4908549077063,0.0,631.1132450713225,490.3771452379985,0.0,3875.932759405486,1279.493709436644,0.0,202.89554337780248,531.6323264581022,0.0,532.9340412749484,1461.9992699508923,390.73485736207647,0.0,315.4003237639622,52.101867687145536,3558.180005065109,0.0,0.0,0.0,0.0,0.0,3491.269522305506,0.0,0.0,0.0,0.0,0.0,81.71827150489383,471.67717303528445,0.0,0.0
6,0.000149998173588,0.0,0.0,0.0,2.661871758446013,1.6233593263878714,1.1957992024036523,1.5401301087109611,4408.372315842689,3199.3043257349277,4752.603939220965,1141.4534241123583,0.0,1632.4163073512875,1239.8559299459089,0.0,5234.196015093074,1210.736766270253,0.0,369.0658713324881,969.0654705096676,0.0,277.3895116053665,1922.892914119536,652.5923831825381,0.0,0.0,0.0,2431.614096256519,0.0,0.0,0.0,0.0,0.0,2287.652280301312,0.0,0.0,0.0,0.0,0.0,0.0,0.0,0.0,0.0
7,0.0312103061677076,0.0,0.0049209642203322,0.0,3.149795275563588,1.8310412774128904,1.2468405884627236,1.972336603988568,6851.865484659049,5259.442028262915,5065.770026850428,871.6281861062079,0.0,2549.350981618144,1730.128444479631,0.0,5086.301895196306,579.5570386129059,0.0,166.873036344875,618.2614390131877,0.0,0.0,1110.9174882124614,293.9668145248468,0.0,0.0,0.0,2234.5977820128564,0.0,0.0,0.0,0.0,0.0,2071.761762358813,0.0,0.0,0.0,0.0,0.0,0.0,0.0,0.0,0.0
8,0.1016002272558139,0.0,0.0227762583030714,0.0001069121648925,3.5143769452974443,1.947760885857484,1.278048914065768,2.3585576499171466,8633.012520505905,6443.3992892354645,5273.891012036571,798.5258217118986,0.0,3264.746852768779,2064.227756029828,0.0,4865.7606806230015,173.38574315184377,0.0,0.0,301.799112127787,0.0,0.0,337.69719208143124,0.0,0.0,0.0,0.0,2121.166910879412,0.0,0.0,0.0,0.0,0.0,1946.3421947434867,0.0,0.0,0.0,0.0,0.0,0.0,0.0,0.0,0.0
9,0.1741162666732597,0.0001768835732055,0.0610551562014988,0.0016152646245847,3.6996506136617486,1.9842646762969969,1.2568164614815764,2.6049369133499214,9359.796280801633,6280.797602242177,5759.641640340703,1161.882483808838,0.0,3648.519447625468,2217.117475786712,0.0,5176.620707639612,355.3409285160914,0.0,0.0,285.7692457291439,0.0,0.0,118.25255737849476,0.0,0.0,0.0,0.0,2058.9912061686805,0.0,0.0,0.0,0.0,0.0,1804.1194523666015,0.0,0.0,0.0,0.0,0.0,0.0,0.0,0.0,0.0
10,0.2727795638272424,0.0020682965182724,0.1187532502923588,0.003776226757475,3.765402604702184,1.964413907510916,1.2500370485367838,2.657997573347416,9765.060169596434,6070.137566895843,6039.570690098463,1370.7883596472852,0.0,3859.6283990706,2325.1503628087685,0.0,5372.895410135791,476.2141009770126,0.0,0.0,278.2947678183868,0.0,0.0,31.75554771342905,0.0,0.0,0.0,0.0,1926.462897581156,0.0,0.0,0.0,0.0,0.0,1650.4956794424195,0.0,0.0,0.0,0.0,0.0,0.0,0.0,0.0,0.0
11,0.3831224829368765,0.0044924289966777,0.1824540648637874,0.0061554678936877,3.657547274451451,1.8549281164738909,1.268434130345388,2.658473677008716,9830.008245082146,5833.275650578126,6099.907067916551,1414.8556929156975,0.0,3888.5796122062434,2381.0031456722213,0.0,5443.095696854077,528.4800078767576,0.0,0.0,283.72278513808226,0.0,0.0,40.25964832721316,0.0,0.0,0.0,0.0,1877.384463383319,0.0,0.0,0.0,0.0,0.0,1613.498465254049,0.0,0.0,0.0,0.0,0.0,0.0,0.0,0.0,0.0
12,0.486277693838768,0.0067608832425249,0.242064001435216,0.0083819137275747,3.396895907742084,1.648424222600311,1.2558204125068797,2.6034062257552377,10076.918199382537,4347.080485773136,6465.988068861989,1689.977131688674,0.0,4014.0765748133754,2694.6214789847163,0.0,5888.12951674048,848.684467690069,0.0,0.0,303.1173715773375,0.0,0.0,106.32573673911205,0.0,0.0,0.0,0.0,1551.766170974204,0.0,0.0,0.0,0.0,0.0,1382.8932887207957,0.0,0.0,0.0,0.0,0.0,0.0,0.0,0.0,0.0
13,0.5579090363875965,0.0090515772358803,0.2969665247840537,0.010630187461794,2.959388562538208,1.3897182575149492,1.179078622715393,2.396683840349942,8970.732156886794,4197.740790284214,6580.168270022554,1753.918535066054,0.0,3641.77945237384,2362.011823668316,0.0,6050.123112667014,959.7299203737554,0.0,0.0,187.50961241136247,0.0,0.0,158.7243797767021,0.0,0.0,0.0,0.0,1785.2205984964532,0.0,0.0,0.0,0.0,0.0,1836.30927360981,0.0,0.0,0.0,0.0,0.0,0.0,844.0208601934993,0.0,0.0
14,0.5889851175946843,0.0113422712292358,0.3381132011610288,0.0127261113610414,2.3996328497964616,1.1130457049871847,1.0581579408963306,1.980137906998169,8370.299589167913,3922.955540103417,6762.518468897579,1857.3145286511487,0.0,3438.2697613874543,2120.509925762752,0.0,6262.273933734272,1143.6869232885865,0.0,0.0,107.96505856396782,0.0,0.0,125.54068629407892,0.0,0.0,0.0,0.0,2405.906542290389,0.0,0.0,0.0,0.0,0.0,2629.9501207097624,0.0,0.0,0.0,0.0,0.0,0.0,1652.0482356652162,0.0,0.0
15,0.6084842154622009,0.0131786389520645,0.351752823178793,0.0131403959999999,1.8147949996447204,0.868250988673672,0.952393535248218,1.5479712670963466,5296.340072764223,2003.4686171267372,6183.8185181633135,1214.978215082706,0.0,1930.5130855753232,903.0991937413152,0.0,5305.945666691988,593.0446269517562,0.0,0.0,0.0,0.0,0.0,9.56838025678496,0.0,0.0,15.993644963774411,0.0,3926.809751503989,39.73966805409451,0.0,6.146029505729906,0.0,0.0,4394.165036109725,110.48884861437172,0.0,44.27934893900865,2.234919820265421,0.0,137.23804521317345,2637.790441454664,0.0,0.0
16,0.6091497483954817,0.0133883279999999,0.3518155080000011,0.0131403959999999,1.2326443810421273,0.6311782183024582,0.8328389574354795,1.110600685973422,2139.364484380404,328.9330865655409,4899.581382269232,165.62085329453984,0.0,289.6193520635268,73.54628216175253,0.0,3657.385603548752,7.595459870609203,0.0,0.0,0.0,0.0,0.0,0.0,0.0,0.0,186.5765777958657,0.0,4861.020004311636,463.5898374054479,0.0,71.69754954600951,0.0,0.0,5477.870457701798,1288.926402065762,0.0,516.5482546837503,26.07183619854891,0.0,1600.9736915671442,3243.330087580271,0.0,0.0
17,0.5763289866333982,0.0133883279999999,0.3465317104519636,0.0131403959999999,0.7461563045711542,0.4532137116083793,0.6826222208656849,0.6741874225986844,1022.425824373064,0.0,4464.1650269981,0.0,0.0,0.0,0.0,0.0,3229.7792117837694,0.0,0.0,0.0,0.0,0.0,0.0,0.0,0.0,0.0,225.57589310597223,0.0,5035.565424510533,560.4903852337771,0.0,86.68303580998932,0.0,0.0,5682.743910801185,1558.3452970486542,0.0,624.5229230788077,30.37912099690992,0.0,1935.621568068992,3355.074007821664,0.0,0.0
18,0.5063726925448488,0.0133883279999999,0.3285297190947182,0.0130192288797884,0.402372354427554,0.359003754130585,0.5274223530050852,0.2942852315668862,527.8179712670795,0.0,4184.683620853959,0.0,0.0,0.0,0.0,0.0,3035.747553728964,0.0,0.0,0.0,0.0,0.0,0.0,0.0,0.0,0.0,180.9928308324737,0.0,4040.49035793982,449.7232342361584,0.0,69.533304919864,0.0,0.0,4559.781170191826,1250.381212633538,0.0,501.11725278177056,11.20599132958219,0.0,1553.12326441323,2692.07565931527,0.0,0.0
19,0.4285359787076395,0.0131103311561461,0.2867166953496675,0.0113723360730896,0.2252614775058131,0.3078558499210955,0.4108642513131226,0.0466103065041533,295.0,0.0,3965.0,0.0,0.0,0.0,0.0,0.0,2948.0,0.0,0.0,0.0,0.0,0.0,0.0,0.0,0.0,0.0,119.05275878491987,0.0,2658.1728114916345,295.87164439059484,0.0,45.71394871595309,0.0,0.0,2999.758404598182,822.5645152412644,0.0,329.6334150017459,0.0,0.0,1021.7362741762344,1771.0619793485318,0.0,0.0
20,0.3244894478671085,0.0110531545116278,0.2260493239933554,0.0091022344385382,0.1942414546373981,0.2870658804682001,0.3086830768433786,0.0010416791789279,197.27232735680855,0.0,3959.2932745901785,0.0,0.0,0.0,0.0,0.0,3002.570561731417,0.0,0.0,0.0,0.0,0.0,0.0,0.0,0.0,0.0,61.3849504354632,0.0,2195.0717125750016,357.3159847843404,0.0,28.717034144458687,0.0,0.0,2509.271325407674,839.251263984674,0.0,219.7517085552342,0.0,0.0,800.392390112108,1281.0077147021077,0.0,0.0
21,0.224269732345515,0.0088514195083056,0.1681926208504982,0.0069412723056478,0.2700149965575205,0.3056925320383209,0.2135534688239202,5.595524044110788e-16,0.2484290293580814,0.0,3816.889514059872,0.0,0.0,0.0,0.0,0.0,3063.04474003558,0.0,0.0,0.0,0.0,0.0,0.0,0.0,0.0,0.0,46.85524929169512,0.0,4352.375416916487,937.5393184366264,0.0,38.72857272696608,0.0,0.0,5040.528754326987,1988.2558971241544,0.0,329.4517601472791,0.0,0.0,1499.0915731242203,2172.0641143662274,0.0,0.0
22,0.1281625484812165,0.0067386434950165,0.1126735622790697,0.0048676217740863,0.4149247674640931,0.3758657040137993,0.1244713681656015,0.0002842379125995,0.0,0.0,3407.5489581726824,0.0,0.0,0.0,0.0,0.0,2744.646512909957,0.0,0.0,0.0,0.0,0.0,0.0,0.0,0.0,0.0,35.36153655389562,0.0,6061.554217791393,1397.192665977897,0.0,46.6372498938349,0.0,0.0,7046.009398386039,2898.6322803056555,0.0,416.33684843797374,0.0,0.0,2052.704948531408,2878.1118358077774,0.0,0.0
23,0.0534122582275434,0.0044034700066445,0.0561963140550367,0.0025756922392026,0.6643147169279748,0.50498681902664,0.0529435916825674,0.0111335968128884,0.0,0.0,2827.207120010396,0.0,0.0,0.0,0.0,0.0,2292.06032531084,0.0,0.0,0.0,0.0,0.0,0.0,0.0,0.0,0.0,51.0733548444386,0.0,8229.578984357615,2054.2747640031776,0.0,57.78117387089632,0.0,0.0,9553.89196681001,4006.514444345381,0.0,517.8290637235499,0.0,0.0,2633.646574445341,3650.298751587464,0.0,0.0
24,0.036368988578073,0.0022462144983388,0.019424903102084,0.0005238696079734,0.934911735145876,0.6644702651778912,0.0288351430673509,0.0309074831760803,0.0,0.0,2392.903093527249,0.0,0.0,0.0,0.0,0.0,1953.405203607792,0.0,0.0,0.0,0.0,0.0,0.0,0.0,0.0,0.0,195.332875434532,0.0,9093.073127973372,2631.652707412483,0.0,78.1916882574968,0.0,0.0,10389.463484453843,4272.523438905686,0.0,528.5504617204223,0.0,0.0,2354.689320119682,3438.2101688515686,0.0,0.0
25,0.0321155297868438,0.0017228391069767,0.0099923679771429,0.0,1.2096705406532866,0.8548555331960123,0.0107769533214614,0.0501094459136218,0.0,0.0,2227.4530774786417,0.0,0.0,0.0,0.0,0.0,1832.18572611286,0.0,0.0,0.0,0.0,0.0,0.0,0.0,0.0,0.0,832.2237507491403,466.1326239321043,9761.663659798927,3018.015596228236,0.0,419.219197351044,9.030611229766189,0.0,10720.1471236387,4229.064317574498,0.0,583.6507509101111,0.0,0.0,1849.8007433485627,3108.998770350429,0.0,0.0
26,0.048729757873754,0.0089403784983388,0.0172110934883721,0.0,1.4970648594563531,1.0787688305309562,0.0001164404288731,0.0715584468438544,0.0,0.0,1406.9058420304789,0.0,0.0,0.0,0.0,0.0,1231.732649315239,0.0,0.0,0.0,0.0,0.0,0.0,0.0,0.0,0.0,2273.2292224412367,2066.3565893519094,10085.73385047955,3001.1833205834832,0.0,1139.539535212495,123.3393438407673,0.0,10275.59211378076,3132.701089421708,0.0,459.7565471755864,0.0,0.0,784.3895879607308,2268.927062685201,0.0,0.0
27,0.0677669817408636,0.0173572992358804,0.0248788642126247,0.0,1.7462436058198252,1.298367024998977,-3.019806626980421e-16,0.0934160001727579,0.0,0.0,1241.0593664539651,0.0,0.0,0.0,0.0,0.0,1080.7984913452526,0.0,0.0,0.0,0.0,0.0,0.0,0.0,0.0,0.0,2477.938174658389,2177.652399694127,10048.184310414244,3009.1262475725807,0.0,1285.140343801082,232.127395819577,0.0,10123.364381318022,3044.871703326488,0.0,572.5461307288302,0.0,0.0,761.2535020011508,2232.540354352101,0.0,0.0
28,0.0850250258073087,0.0249875918671096,0.0318300208504984,0.0,1.915802999253151,1.485575413182723,-3.019806626980421e-16,0.1129529319468442,0.0,0.0,1090.506141895941,0.0,0.0,0.0,0.0,0.0,918.1731084360038,0.0,0.0,0.0,0.0,0.0,0.0,0.0,0.0,0.0,2496.84881303963,2120.077887528707,9632.660881992504,2770.5648937868323,0.0,1299.4037272547007,333.17677348022386,0.0,9598.807107438017,2947.9987098086845,0.0,855.4334836962031,12.100814928971204,0.0,1044.6560172685754,2595.2814359126287,0.0,0.0
29,0.1017274563526702,0.0326178844983388,0.0387811774883722,0.0,1.9970552412749785,1.6325919223378471,-3.019806626980421e-16,0.1228833171351907,0.0,0.0,805.8002304873006,0.0,0.0,0.0,0.0,0.0,665.9075232960349,0.0,0.0,0.0,0.0,0.0,0.0,0.0,0.0,0.0,2311.145609956767,1824.640805270542,8861.509294091247,2272.547590351672,0.0,1188.5917114685171,450.6772788273545,0.0,8875.722714462125,2863.593712981836,0.0,1179.3775450027804,170.39588314199298,0.0,1526.7062882779717,3269.1231113167155,0.0,0.0
30,0.1071066239999996,0.0407201539933554,0.0431050883111199,0.0,1.9988594720062527,1.7577612764252488,-3.0198066269804206e-16,0.1229742720000003,0.0,0.0,499.3561378968904,0.0,0.0,0.0,0.0,0.0,411.8483313333371,0.0,0.0,0.0,0.0,0.0,0.0,0.0,0.0,0.0,2034.996346438056,1453.761428081601,8219.217525029722,1995.6364088315047,0.0,1004.8287282055368,591.610962093886,0.0,8368.647904440351,2957.1193916411908,0.0,1507.353323319612,499.7555296728221,0.0,2185.447984101345,4086.9816490222856,4.722378346798514,0.0
31,0.1071066239999996,0.0469343839312981,0.0431401680000001,0.0,1.9388452422947395,1.8708653277931409,-3.019806626980421e-16,0.1229742720000003,0.0,0.0,514.9420673701034,0.0,0.0,0.0,0.0,0.0,395.05832622431495,0.0,0.0,0.0,0.0,0.0,0.0,0.0,0.0,0.0,1631.1737496215003,1011.6615918418154,7884.995228857357,1993.0903576569467,0.0,760.9360875558231,641.6641968068061,0.0,8230.196625212977,3235.683648214326,0.0,1755.4148578878492,811.4721878795732,0.0,2868.7260746045445,4832.336903118834,166.15001476928114,0.0
32,0.1071066239999996,0.0473550119999999,0.0431401680000001,0.0,1.802330251544645,1.958938552696997,-3.019806626980421e-16,0.1225432445125774,0.0,0.0,693.1343335845934,0.0,0.0,0.0,0.0,0.0,518.0038717091646,0.0,0.0,0.0,0.0,0.0,0.0,0.0,0.0,0.0,1445.6169108933525,837.1625067345889,7698.86169809269,1981.968051754392,0.0,652.5180724061019,686.8384678377024,0.0,8144.272310634473,3352.4619193332137,0.0,1888.3442754014493,1003.0914199263518,0.0,3201.4780558847337,5211.181865280412,350.73940110657304,0.0
33,0.106559031994684,0.0473550119999999,0.0431401680000001,0.0,1.5995734485235864,1.985182939274419,-3.019806626980421e-16,0.1137780540358808,0.0,0.0,636.1094123956902,0.0,0.0,0.0,0.0,0.0,494.5418095225184,0.0,0.0,0.0,0.0,0.0,0.0,0.0,0.0,0.0,1490.7306287249492,976.5696175507672,7633.606271436015,1951.0025118187,0.0,691.1559924564845,751.1627123760394,0.0,8089.5480198186115,3285.982615288402,0.0,1920.2682925101392,1120.6779727319338,0.0,3184.433207946257,5242.612996275273,479.5880810272772,0.0
34,0.0969850678006641,0.0473550119999999,0.0414062671624,0.0,1.3925844527547362,1.9559862294289625,-3.019806626980421e-16,0.1119606548172763,0.0,0.0,568.8428795741899,0.0,0.0,0.0,0.0,0.0,513.3246406145182,0.0,0.0,0.0,0.0,0.0,0.0,0.0,0.0,0.0,1585.1960811979095,1227.021166754475,7484.159604871159,1860.8245613085571,0.0,766.4684707467177,874.8069072708093,0.0,7939.256151235755,3125.775359385482,0.0,1976.9324175447832,1340.021166754475,0.0,3139.3532218483583,5295.090284689625,703.2140572372807,0.0
35,0.081328285554817,0.0468029689944628,0.0351733962259137,0.0,1.137748889140641,1.87297163426578,1.633660465086081e-05,0.1137841310697682,0.0,0.0,863.1541563193865,0.0,0.0,0.0,0.0,0.0,866.8627987424329,0.0,0.0,0.0,0.0,0.0,0.0,0.0,0.0,0.0,1685.3853154696133,1395.795755235464,7288.023174059459,1698.561835622205,0.0,836.6675334385686,979.8724282820308,0.0,7701.101147263877,2903.5876099973693,0.0,2008.666233280716,1504.3079923441198,0.0,3057.844053591161,5301.946501012892,826.5895602341488,0.0
36,0.0610456358272423,0.0395945756611295,0.0270039956411961,0.0,0.8297272131488362,1.7345100871654475,0.0296285466837206,0.1438310641475092,0.0,0.0,1553.156069939697,0.0,0.0,0.0,0.0,0.0,1592.771862782491,0.0,0.0,0.0,0.0,0.0,0.0,0.0,0.0,0.0,1706.6844312107949,1421.201266553206,7156.077835163147,1574.020515216588,0.0,857.9193789880794,993.3807072925114,0.0,7597.5979987500605,2761.9117611549405,0.0,1972.929720119139,1501.5911229681856,0.0,2940.7184006962493,5189.328407401061,812.2545500419782,0.0
37,0.0405850681196012,0.0305483524385381,0.0187629336478405,0.0,0.5562525374018714,1.524381110138327,0.132840452997644,0.1948513987005744,10.153383480930517,0.0,2428.7372786441515,0.0,0.0,0.0,0.0,0.0,2517.6941080105894,0.0,0.0,0.0,0.0,0.0,0.0,47.701745033050926,0.0,0.0,1691.052226408024,1387.0716219944268,6657.477114316349,1083.7024912001334,0.0,788.6820413960562,923.1385293304944,0.0,7041.283242767965,2062.4102541582374,0.0,1763.131420070922,1379.5510837340328,0.0,2469.600370910024,4799.2036338741245,731.0643361570209,0.0
38,0.022081598192691,0.0223674201328903,0.0113101471495016,0.0,0.3548488549073156,1.2997455780345797,0.2818561040450199,0.2594073062721544,116.79850000377078,0.0,2958.849394288178,0.0,0.0,0.0,0.0,0.0,3106.2448681114383,0.0,0.0,0.0,0.0,0.0,0.0,457.1829049687357,0.0,0.0,1642.398248539568,1299.7767504685066,6078.903949059642,519.2091451125954,0.0,662.8275416456238,792.9473318984989,0.0,6357.853613234467,1216.1879955757204,0.0,1478.3547877629958,1186.7004460609792,0.0,1900.0226435901704,4307.606226620167,608.518193490755,0.0
39,0.0049466237529802,0.0145011390697674,0.0041440062857144,0.0,0.2386122860261866,1.1146546592362718,0.4842921118569475,0.3519540986124683,355.3501996944519,0.0,3215.438516345352,0.0,0.0,0.1032632559844826,0.0,0.0,3381.680601365769,0.8261060478758612,0.0,0.0,0.0,0.0,0.0,708.7225315403994,0.0,0.0,1389.3277780636035,916.5465751957817,5533.950143402836,279.47017760515257,0.0,402.7242552510134,474.3084011009941,0.0,5697.900039707832,787.8602751463461,0.0,999.5459128934316,747.0890977960433,0.0,1401.8834379554464,3424.984148203576,287.95269758679086,0.0
40,-3.375077994860477e-17,0.0074214861129568,3.149046869420148e-05,0.0,0.1754530641574231,0.9713600662264232,0.6938501102162028,0.4299404462192687,535.1337426562042,0.0,3364.5455266131344,63.24819059741472,0.0,9.734614003530886,0.0,0.0,3551.9125575552507,89.19974372490626,0.0,0.0,0.0,0.0,29.059350691277693,882.3317334640817,0.0,0.0,948.2871078456398,592.8093444403047,3859.04119406358,163.62234773000276,0.0,254.7769652320925,304.40797324636344,0.0,3965.6671510945034,520.2984459272968,0.0,648.4028858054436,476.7156769838349,0.0,938.822658653988,2317.653882329944,86.83634415906103,0.0
41,-3.375077994860477e-17,0.0010642998076586,1.0480505352461519e-16,0.0,0.1266063305696793,0.8128014278755014,0.9659007023185876,0.5076677857296725,859.5185275706878,0.0,3573.48634720469,266.3686134981792,0.0,106.76553044647665,0.4002773586336267,0.0,3846.107391128988,368.4981871303716,0.0,0.0,0.0,0.0,241.7455386880149,1245.7936751402583,0.0,0.0,826.4313927954951,474.5889344832805,3487.3976877214027,140.26842117710493,0.0,157.51130086201172,166.7711857006734,0.0,3521.569438686348,298.2267409667437,0.0,429.5436891397869,271.0871340889654,0.0,685.04032799892,1837.0656070952705,0.0,0.0
42,-3.375077994860477e-17,0.0,1.0480505352461519e-16,0.0,0.0805717222923582,0.6092186149458211,1.3139587512312805,0.5656634475548172,1001.1162332805054,0.0,3548.154831697958,233.1304523767677,0.0,192.8109700636072,18.20767085780165,0.0,3883.1482916969753,366.5986284589602,0.0,0.0,0.0,0.0,392.0168736169419,1563.6595657753282,0.0,0.0,1093.039217055063,584.9439018277872,4742.554808232115,184.11129592987592,0.0,142.6651593436488,119.99500945831444,0.0,4727.630470601419,237.83340164470093,0.0,429.77024394354936,211.17698178443004,0.0,770.4587270696882,2246.076877514284,0.0,0.0
43,-3.375077994860477e-17,0.0,1.0480505352461519e-16,0.0,0.0411447684318929,0.4286904241443185,1.7034520601182723,0.604481411232957,1165.8049748071228,0.0,3546.6415116095445,232.1147455162843,0.0,269.3947324213044,156.42991514435673,0.0,3987.9637603289057,447.29216150295485,0.0,42.30027575832936,48.46788396242295,0.0,572.3198334713926,1970.6751669068503,17.4045290991094,0.0,1170.3921043690168,603.3221229680006,5279.434301732953,226.26306852326292,0.0,113.1399628020322,52.76122914323901,0.0,5219.05556807416,202.1821601659684,0.0,359.86379902362046,121.12554947517584,0.0,740.4198884060966,2368.681638857652,0.0,0.0
44,-3.375077994860477e-17,0.0,1.0480505352461519e-16,0.0,0.0226890811824524,0.2865068840783778,2.1370239612480844,0.6099387083973156,1209.7386591929435,0.0,3552.3747264971566,238.87229669544493,0.0,285.7919195207907,218.94319402303773,0.0,4045.580207597403,504.7379247089493,0.0,177.27512136102885,196.910513995055,0.0,614.3466147069873,2063.77481772181,34.38830788737503,0.0,1128.9827904982178,572.9365399621785,5252.036570191287,268.19466027652703,0.0,90.99677321841584,8.003226781584145,0.0,5169.045712739108,194.0301166281187,0.0,292.01720950178213,60.00376457851483,0.0,674.0473261299009,2309.0236630649506,0.0,0.0
45,-3.375077994860477e-17,0.0,1.0480505352461519e-16,0.0,0.0366239064386628,0.1666555139409511,2.5996255955474226,0.5847707709195771,1154.5281804578883,0.0,3444.619585837826,171.28714540910627,0.0,190.3192950651764,53.858649605788216,0.0,3738.8612118343385,363.9747490066028,0.0,14.838607544451856,21.433544230874904,0.0,376.6767620943136,1403.6248455203502,0.0,0.0,1113.9370566505388,517.8248348666781,5287.031683160592,315.9175443177618,0.0,89.26612637428255,12.188541136272448,0.0,5214.550800370869,226.35647429821552,0.0,308.9892519339774,65.49754633388348,0.0,718.0401220165539,2334.784618356303,0.0,0.0
46,-3.375077994860477e-17,0.0,1.0480505352461519e-16,0.0,0.0714230801652061,0.0823965609685889,3.03264298981305,0.5429634046662642,1354.6570810879284,23.95880359709136,3239.839093996731,188.5068161997638,0.0,163.19076033133672,0.0,0.0,3142.060078522463,180.87626738427144,0.0,0.0,0.0,0.0,203.28313597434277,697.3645866065134,0.0,0.0,1143.389443519118,266.0327942290168,6039.014782741081,720.7654695436939,0.0,355.6676262103525,332.44150976298647,0.0,6391.258625710273,1388.8658106556306,0.0,879.6277979836376,564.2713279921481,0.0,1538.1942493329348,3410.624065883018,74.27382477985326,0.0
47,-3.375077994860477e-17,0.0,1.0480505352461519e-16,0.0,0.1576717076767132,0.0721741808364837,3.452517168444337,0.5185750354640899,1513.2902126486058,96.28120723479402,3142.3339874424364,406.78632779974345,0.0,295.75767388754895,0.0,0.0,2815.839168767706,122.20537325797636,0.0,0.0,0.0,0.0,181.03104993758225,471.26219475214384,0.0,0.0,1180.329542758712,263.41154048549095,6233.975066413663,866.46441477469,0.0,410.60623356458814,368.9686417510852,0.0,6601.474301656047,1574.3416421150405,0.0,950.042752309142,610.3330273138537,0.0,1605.723309194124,3474.4814611923043,85.10349143070007,0.0
48,-3.375077994860477e-17,0.0,1.0480505352461519e-16,0.0,0.2993262475942927,0.1552432734875896,3.8342117550510015,0.4758419607051008,1807.28711433929,479.4078028375041,4286.370210364162,716.8464181591469,0.0,460.55382980509046,0.0,0.0,4095.678426903885,169.73809956009268,0.0,0.0,0.0,0.0,158.9276248301747,292.82008121718536,0.0,0.0,1203.0190570664774,261.09951037532375,6413.196954522012,965.9271462961852,0.0,437.8459798423775,371.6305996412815,0.0,6761.181122520016,1697.768774056303,0.0,963.0195389562574,600.2827829919551,0.0,1601.1730772241,3430.053337205848,80.89077612192493,0.0
49,-3.375077994860477e-17,0.0,1.0480505352461519e-16,0.0,0.5007834445819588,0.3878565962896,4.030800842234059,0.4545977366511632,2011.959225272609,712.1284963557289,5139.275837515243,1253.8898256229786,0.0,619.6469071906059,0.0,0.0,5079.397395310097,885.7826118651136,0.0,0.0,0.0,0.0,137.60843624390787,584.7611846696942,0.0,0.0,1099.3895616639973,233.0318747532674,6401.266729581878,945.7292957406348,0.0,414.807174941969,336.184768699701,0.0,6708.554226351812,1622.4015929866673,0.0,876.0430704707443,532.0374934131274,0.0,1436.358439035413,3238.4324573961435,69.48197168608803,0.0
50,-3.375077994860477e-17,0.0,1.0480505352461519e-16,0.0017045980211416,0.7487753821214129,0.6644785770027175,4.105106596080939,0.5592748866396864,2186.3088332994994,878.3869900544513,5762.708899379942,1807.2043330223692,0.0,779.795184467721,6.304296265062622,0.0,5787.303530281596,1642.0875268686543,0.0,0.0,0.0,0.0,116.0971402836406,903.2589374032032,0.0,0.0,125.44654822296415,26.544653586395203,4829.327022477998,108.43337256527458,0.0,47.452411623555896,38.33088973479461,0.0,4910.66115327227,185.7100860947803,0.0,99.9267847364298,60.57100490177439,0.0,163.67494894777275,1789.883193860937,7.891653768928303,0.0
51,-3.375077994860477e-17,0.0,1.0480505352461519e-16,0.0085919557873754,1.0755876577237162,1.0481348815145208,4.077842279609683,0.7411200163307254,4164.542172844433,2422.0938419857007,6451.248781343573,2242.7889018671326,0.0,988.3361678882562,481.9121067398737,0.0,6363.832885302355,2053.2130815145742,0.0,0.0,0.0,0.0,960.9533166244032,1052.405151313165,0.0,0.0,0.0,0.0,3008.2974722573363,0.0,0.0,0.0,0.0,0.0,2840.033856187312,0.0,0.0,0.0,0.0,0.0,0.0,230.5009295422284,0.0,0.0
52,-3.375077994860477e-17,0.0,1.0480505352461519e-16,0.0170224674817275,1.5273986458740052,1.6189656387229978,3.927197841014473,1.0606927110359177,3239.7177946237584,1957.7010938800015,5633.008727610105,1919.9195889678629,0.0,754.159109933986,525.7494571653858,0.0,6221.100738876165,2493.244449127603,0.0,22.71575359063625,6.27431097160719,0.0,3081.6727483374098,3795.5061258688384,6.320108861910894,0.0,0.0,0.0,2490.538937121053,0.0,0.0,0.0,0.0,0.0,2311.115908901746,0.0,0.0,0.0,0.0,0.0,0.0,0.0,0.0,0.0
53,-3.375077994860477e-17,0.0,1.0480505352461519e-16,0.0241334208239202,1.973268136405316,2.182166346835395,3.6504879238649863,1.404020382877076,874.7180331496021,565.7664443351586,4186.925775341169,1290.7300808978434,0.0,203.61315332210583,146.7147553745253,0.0,5677.955028094842,2814.1862334818725,12.897082492786042,896.0592079740583,358.93195432610645,0.0,5632.6079318113725,7884.741562236988,690.7054487629423,0.0,0.0,0.0,2295.737819760116,0.0,0.0,0.0,0.0,0.0,2109.240742527039,0.0,0.0,0.0,0.0,0.0,0.0,0.0,0.0,0.0
54,-3.375077994860477e-17,0.0,0.0005636046235216,0.0310244477740863,2.3795752595896364,2.7751869422455804,3.279634644615544,1.775075381129302,0.0,0.0,3266.7353333137235,643.3237388392181,0.0,0.0,9.702625328137762,0.0,5032.566323873581,2331.420033655585,94.9078053691877,2650.4674274123367,1130.1614433154805,0.0,6717.771045350499,10163.076403963096,2377.800705213048,0.0,0.0,0.0,2039.0878906840337,0.0,0.0,0.0,0.0,0.0,1782.0967964919323,0.0,0.0,0.0,0.0,0.0,0.0,0.0,0.0,0.0
55,-3.3750779948604764e-17,0.0,0.0074408429302326,0.0386485626976744,2.78073374211296,3.369176975599113,2.84838999797785,2.2410206783477284,0.0,0.0,2997.32023686464,535.6701170736268,0.0,0.0,0.0,0.0,4990.28423584639,2281.8292992815727,165.91117951783838,2560.271410947706,787.500248364737,0.0,7325.316937586149,10880.51480797112,2723.847181874807,0.0,0.0,0.0,1984.635883827005,0.0,0.0,0.0,0.0,0.0,1695.557019287588,0.0,0.0,0.0,0.0,0.0,0.0,0.0,0.0,0.0
56,-3.375077994860477e-17,0.0,0.0162103048504984,0.0439747102513634,3.079615466782426,3.905287244877576,2.346731443190366,2.5668620181678663,0.0,0.0,2811.9895004631103,462.32380550709377,0.0,0.0,0.0,0.0,4959.375057464899,2262.85336881233,224.7587395493861,2524.0832950234003,597.3558485726887,0.0,7722.560771668177,11362.697943533603,2981.98445620666,0.0,0.0,0.0,1926.8590903775944,0.0,0.0,0.0,0.0,0.0,1618.654723622308,0.0,0.0,0.0,0.0,0.0,0.0,0.0,0.0,0.0
57,-3.375077994860477e-17,0.0,0.0247338940066446,0.044131896,3.273995438624195,4.361439128824699,1.8417949457025533,2.8339455978104358,0.0,0.0,2631.37946712469,392.4631348331568,0.0,0.0,0.0,0.0,4925.163755764286,2278.546145126963,304.61030292118687,2546.890829490476,514.6533433925036,0.0,8062.848739013162,11806.595322653597,3278.557982489751,0.0,0.0,0.0,1835.3861588450384,0.0,0.0,0.0,0.0,0.0,1503.7880807755548,0.0,0.0,0.0,0.0,0.0,0.0,0.0,0.0,0.0
58,0.0168422469015402,0.0,0.032519864870432,0.044131896,3.360576453529146,4.659632416772268,1.4736181189172408,3.078331237571132,0.0,0.0,2489.2333057080027,337.4770945765167,0.0,0.0,0.0,0.0,4898.233678976253,2290.892897135884,367.4547490554095,2564.8442140158318,449.56472419261166,0.0,8330.676192402816,12155.968664391385,3511.9747822058066,0.0,0.0,0.0,1739.2030032083874,0.0,0.0,0.0,0.0,0.0,1378.885517936544,0.0,0.0,0.0,0.0,0.0,0.0,0.0,0.0,0.0
59,0.1053229138803986,0.0,0.0397321326179403,0.044131896,3.3063838049492618,4.770047409137717,1.279742539683475,3.2106041951126643,0.0,0.0,2266.2808751727803,306.94778676497566,0.0,0.0,0.0,0.0,4461.515350189652,2086.860152263279,335.18437854910485,2336.4249140688244,409.0055806995158,0.0,7590.414437521666,11075.455367024397,3200.847848747788,0.0,0.0,0.0,1640.730036332905,0.0,0.0,0.0,0.0,0.0,1292.884965795993,0.0,0.0,0.0,0.0,0.0,0.0,0.0,0.0,0.0
60,0.2220404035813955,0.0,0.0475006411614619,0.041907756510299,3.1396482370066465,4.706981483196672,1.170631708825909,3.2024564826498385,0.0,0.0,1459.1454442467216,227.9725158202831,0.0,0.0,0.0,0.0,2805.8555188002883,1325.8914161956934,196.11447799733315,1430.7513298380318,252.20468514280705,0.0,4619.652004494617,6737.613573045164,1927.013512623555,0.0,0.0,0.0,1480.5511044479283,0.0,0.0,0.0,0.0,0.0,1181.9250839894416,0.0,0.0,0.0,0.0,0.0,0.0,0.0,0.0,0.0
61,0.3421247439468441,0.0,0.0493384680000001,0.0344403082524916,2.8813396086624765,4.470888811030184,1.1507217425288707,3.058783088205839,0.0,0.0,2243.9101168893253,630.8429182995876,0.0,0.0,0.0,0.0,3699.092824364449,1875.3244246705935,119.95058476020424,1520.9321042910894,285.1377360438983,0.0,4634.650763356333,6729.408607002535,1727.709296225781,0.0,0.0,0.0,1383.7728371815333,0.0,0.0,0.0,0.0,0.0,1099.117262325825,0.0,0.0,0.0,0.0,0.0,0.0,0.0,0.0,0.0
62,0.4543530994285719,0.0,0.0493384680000001,0.0271094285182723,2.5588252479152542,4.093482645872752,1.1991574101054292,2.849955198851126,0.0,0.0,3800.839376176341,1362.3386419157373,0.0,0.0,0.0,0.0,5540.711807598728,2902.283128402092,41.05896503463485,1670.8368780520052,388.8193288300012,0.0,4860.149488142512,7064.20605347104,1550.1054934971737,0.0,0.0,0.0,1262.6603075913376,0.0,0.0,0.0,0.0,0.0,1049.7084946616203,0.0,0.0,0.0,0.0,0.0,0.0,0.0,0.0,0.0
63,0.5710705891295685,0.0,0.0493384680000001,0.0194853135946843,2.1301494391682616,3.5685673870213037,1.3139291603533263,2.5335986798577346,0.0,0.0,4568.613717025069,1703.6150146035664,0.0,8.707927035386513,0.0,0.0,6234.618275929814,3214.822660550412,0.0,1364.2650068801374,492.91184726661487,0.0,3788.992283411737,5728.496430241571,1060.6168345045978,0.0,0.0,0.0,1206.0689806707578,0.0,0.0,0.0,0.0,0.0,1047.0076667329074,0.0,0.0,0.0,0.0,0.0,0.0,0.0,0.0,0.0
64,0.6651828011132129,0.0,0.0481470258001534,0.0119345074684385,1.70753451742755,2.966593770802712,1.400345470524911,2.0963663585650414,0.0053244958743875,0.0,4515.997289792505,1609.0211411651376,0.0,103.20517589254057,0.5670588106222694,0.0,6191.716715459988,3069.7988662256616,0.0,1384.4262028827184,566.3996950002113,0.0,3427.971620193546,5296.165863013723,901.4488407344268,0.0,0.0,0.0,1121.3535783588732,0.0,0.0,0.0,0.0,0.0,997.1328185181918,0.0,0.0,0.0,0.0,0.0,0.5191383477527819,122.7471619671293,0.0,0.0
65,0.6756147000000007,0.0,0.0411600067774087,0.0048235541262458,1.3330311179827246,2.427483614811961,1.4214979597926831,1.6670442663840532,0.9190200038542418,0.0,3790.951567122808,851.8122369628575,0.0,215.2485502023477,97.87563041047676,0.0,5282.68618627873,1814.761745037664,0.0,1375.3729197918708,676.5498403545903,0.0,2618.7877370592137,4602.996637810791,766.2900697244216,0.0,0.0,0.0,1722.167209180906,0.0,0.0,0.0,0.0,0.0,1718.9019755790484,0.0,0.0,0.0,0.0,0.0,89.60445037578857,905.7319782192892,0.0,0.0
66,0.6756147000000007,0.0,0.0332920783255814,0.0001633498956419,1.026711639658396,1.9356763170334184,1.4289748250842194,1.3695909522352978,1.963188909757224,0.0,2938.4170669160394,0.0,0.0,267.8479384678199,209.7436971544582,0.0,4174.234732039276,349.4066893697166,0.0,1296.881064948971,764.144346525705,0.0,1766.5911946367448,3928.064092067828,678.4732399866992,0.0,43.49486443870176,0.0,3449.4341782719493,0.0,0.0,0.0,0.0,0.0,3643.349500386592,17.575593770892382,0.0,34.96987100871622,0.0,0.0,403.33152178115193,1614.735761900028,0.0,0.0
67,0.6756147000000007,0.0,0.0256700226378738,1.7763568394002547e-18,0.7652858326359772,1.488798947567157,1.399657724964396,1.1021222235007129,188.01869629450383,0.0,2490.4384416165494,0.0,0.0,203.0163669526648,236.0519143078576,0.0,3492.636996217003,0.0,0.0,990.003022022654,697.0508487299393,0.0,1302.530656623822,3113.2146964299504,540.1769101702636,0.0,412.8622137403128,45.0393290211042,4372.6323236842745,0.0,0.0,63.41537526171472,0.0,0.0,4532.754882456183,140.48058754977953,0.0,309.4547042828189,10.449124332896174,0.0,752.1360045260524,2332.246125785144,0.0,0.0
68,0.6589573245691768,0.0,0.0173923062458472,1.7763568394002547e-18,0.52850917111887,1.072914987071119,1.293952640505203,0.7901974950413875,590.1741523109838,0.0,2526.1716458836863,0.0,0.0,154.5736869419161,364.4510226089042,0.0,3445.669923504412,0.0,0.0,770.022931122047,812.8306333253739,0.0,903.7201169483898,2694.7785899041432,473.20946138034793,0.0,665.9672022073413,118.58397693766304,4364.838816984214,0.0,0.0,166.9660333909424,1.906769906076045,0.0,4444.52539425074,211.55422713136517,0.0,476.2328391070805,27.510658100389254,0.0,821.5516474597139,2532.954778074918,0.0,0.0
69,0.5590689505714289,0.0,0.0087867595016611,1.7763568394002547e-18,0.3911822784535615,0.7152151310535895,1.1080793217486606,0.5550188454418605,600.7757983493864,0.0,2527.11525356581,0.0,0.0,153.3008317536703,367.8391468051987,0.0,3444.432215351309,0.0,0.0,764.2223592938775,815.8815088442066,0.0,893.2066763855369,2683.7512430552883,471.4439361216509,0.0,656.0682942654853,116.82137104698644,4299.960762730281,0.0,0.0,164.48422766696163,2.430596556317283,0.0,4378.462359169099,208.4098514822144,0.0,469.1541005903069,27.10150701411974,0.0,809.3408235182795,2495.3057993996067,0.0,0.0
70,0.4468405950897014,0.0,0.0014299791561462,1.7763568394002547e-18,0.2665707235902549,0.4604448987995582,0.8909588955991089,0.3637972253576966,991.4350812687048,8.688608614151109,2504.4829330151283,0.0,0.0,135.66809916934605,501.13528873365055,0.0,3332.034409866552,0.0,0.0,575.8170036437391,930.0425870808996,0.0,596.8743456402759,2405.2344983158614,422.6446490183171,0.0,307.41524989972936,57.71345671943956,1990.5165564439667,0.0,0.0,77.5432786513365,22.7156626573605,0.0,2029.5954289491656,109.84708785220565,0.0,217.09318861393865,16.29015098684101,0.0,376.9654909509387,1146.792115375942,0.0,0.0
71,0.3323676724983391,0.0,1.0302869668521495e-16,1.7763568394002547e-18,0.1650281930730895,0.2766866378646188,0.6531500839335508,0.2268544852225914,1401.336770557472,3.398938992686602,2502.484532491376,0.0,0.0,91.5413958900234,589.9843832910169,0.0,3184.069976789706,0.0,0.0,256.34958554781275,951.5698275893473,0.0,316.3548905843797,2062.7744529218985,331.9662632641092,0.0,293.39283363359255,92.46335465628154,1595.724114780727,25.26543240882444,0.0,79.85611130502711,46.430384787418575,0.0,1661.680578145951,257.70795557325874,0.0,172.9591173299057,60.43792391964303,0.0,331.28653076286315,813.7736625500639,0.0,0.0
72,0.2257507347906978,0.0,1.0302869668521495e-16,1.7763568394002547e-18,0.0911885203395772,0.151761197879975,0.4321569376192783,0.1025137042923588,1365.028796890746,0.0,2544.5876065451257,0.0,0.0,78.45368112501973,541.7039887203742,0.0,3210.0928368520044,0.0,0.0,219.4835126711861,873.2641887130171,0.0,294.79320596643026,1978.4982684874244,302.6070557679332,0.0,611.6886531745982,193.25563676514852,3323.4810432906943,151.2134637361818,0.0,166.60274203736114,56.83809713534942,0.0,3461.341198026631,539.0540751051782,0.0,360.1617763497068,126.56318868623092,0.0,690.3746697560251,1693.5008151693537,0.0,0.0
73,0.1135223793089701,0.0,1.0302869668521495e-16,1.7763568394002547e-18,0.0642983115755029,0.0699415969961768,0.2245262276584918,0.0070887291360874,964.4701066071608,0.0,2917.0240806343786,0.0,0.0,19.47037116046449,134.43827706035006,0.0,3470.590057407609,40.08708051274665,0.0,54.47068122272804,216.7237742265988,0.0,91.90020788945968,1241.5234932461292,75.10000304750588,0.0,935.5684359545191,279.70829596368816,5187.3361094266575,361.5001231564527,0.0,258.5111442080234,64.54260066473591,0.0,5417.427205581005,881.0165983820717,0.0,558.968721930368,195.69621978398044,0.0,1095.1992790250454,2638.918685796049,0.0,0.0
74,0.0136172988790306,0.0,1.0302869668521495e-16,1.7763568394002547e-18,0.0918195836130544,0.0240613394926724,0.0840797154066793,1.6697754290362308e-16,787.0973178389662,0.0,3082.5241260755747,0.343392946066121,0.0,0.0,0.0,0.0,3586.638126972649,94.54915066273732,0.0,0.0,0.0,0.0,2.456003588298331,915.4462718044018,0.0,0.0,976.7403943837847,250.6673323795088,5707.823626080681,436.2790649814578,0.0,272.9156421300091,52.94052769168758,0.0,5992.680603658892,1055.1977475003482,0.0,602.9146403637122,203.5477418751576,0.0,1240.4821996741996,2868.8279210715227,0.0,0.0
75,-4.796163466380666e-17,0.0,1.0302869668521495e-16,1.7763568394002547e-18,0.1319618341974549,0.0058983820073975,0.0218315991861048,1.6697754290362308e-16,827.4346799812886,0.0,3306.3965634906867,147.74297815346256,0.0,0.0,0.0,0.0,3860.947416752278,332.8450860178802,0.0,0.0,0.0,0.0,205.07151997610285,1117.4508239805434,0.0,0.0,949.2869101738056,226.2058770495465,5785.610151301422,413.92991915067824,0.0,223.3964363257369,16.372612302072884,0.0,6052.951824551193,982.2896080398252,0.0,498.7232675394324,78.58853904994984,0.0,1100.2817701136871,2648.5792160796505,0.0,0.0
76,-4.796163466380666e-17,0.0,1.0302869668521495e-16,1.7763568394002547e-18,0.191044728948656,0.016863737836002,0.0004392350132846,0.0014150881766839,840.4717265177683,0.0,3489.9275358303044,280.37706354222547,0.0,0.0,0.0,0.0,4114.203654796372,588.9962001992789,0.0,0.0,0.0,0.0,498.8212651434853,1468.4267580860876,0.0,0.0,918.6994489264036,213.38165531633425,5800.449322192625,377.2261464151807,0.0,156.90459118343657,0.0,0.0,6024.734910917474,801.2053557497024,0.0,335.97929814976845,0.0,0.0,826.1729127722971,2292.591503677194,0.0,0.0
77,-4.796163466380666e-17,0.0,1.0302869668521495e-16,1.7763568394002547e-18,0.2737510569207046,0.0417096906555515,-4.419575816427823e-15,0.0161278266254624,814.8439987863499,0.0,3537.9598496658145,332.1932153025552,0.0,0.0,0.7214880905878022,0.0,4221.619475580477,744.1418287700197,0.0,0.7214880905878022,2.0426129497974665,0.0,760.7804121366156,1829.072013338596,2.05543940474125,0.0,802.30563215901,135.84538696359746,5700.269277325751,272.14622180973686,0.0,69.94390019308666,0.0,0.0,5887.287130195108,569.1045681839806,0.0,324.6384555473996,0.0,0.0,543.9312664786053,1897.103383514619,0.0,0.0
78,-4.796163466380666e-17,0.0,1.0302869668521495e-16,1.7763568394002547e-18,0.4061291775141017,0.1083110403969754,-4.419575816427823e-15,0.0394038904186048,785.168843761974,0.0,3593.6668872634527,392.2929296855734,0.0,0.0,101.58032463828012,0.0,4346.172486584516,924.0370959669256,0.0,101.81479927367376,291.3263588251006,0.0,1064.5261963718517,2247.25084034927,294.5442896229296,0.0,611.2074330577315,39.26260267069608,5785.207045663632,339.8387097422851,0.0,0.0,0.0,0.0,6062.687749858091,689.4785579276772,0.0,477.5452633636759,0.0,0.0,592.0016416530829,1807.4137834278024,0.0,0.0
79,-4.796163466380666e-17,0.0,1.0302869668521495e-16,1.7763568394002547e-18,0.5347133117955531,0.2010207902928707,1.1193795037747562e-05,0.0670735789389217,706.3944827390969,0.0,3462.06852101977,381.1007344730509,0.0,0.0,147.95675573659625,0.0,4191.911033389428,916.435177956372,0.0,150.6468785681707,461.8044194202853,0.0,1102.9503609455355,2273.507535850778,480.6352792413066,0.0,502.2972369344007,27.74164113049085,6166.318353773808,648.6451538304264,0.0,0.0,0.0,0.0,6637.559260431248,1217.9122033247882,0.0,599.6226452982716,0.0,0.0,1008.5000151612852,2147.8211345799978,0.0,0.0
80,-4.796163466380666e-17,0.0045752753075712,1.0302869668521495e-16,0.0002630041615667,0.7035587621094597,0.3248499514285723,0.0014406414219224,0.1193549590166115,397.1727281176716,0.0,2595.771781058293,174.56332253656018,0.0,0.0,67.77164286713513,0.0,3033.101110766514,419.77344854674,0.0,69.0038545556285,211.5296731913612,0.0,505.2067922822801,1278.300293983756,220.1551550108147,0.0,375.1956481968483,18.61152317760249,6777.060390059549,1220.5919753769597,0.0,0.0,0.0,0.0,7542.450357881417,2219.576692925055,0.0,742.820799265163,0.0,0.0,1845.7650197251664,2953.941488834571,65.46442288548715,0.0
81,-4.796163466380666e-17,0.0361564754352159,1.0302869668521494e-16,0.0025139151627907,0.948777721951426,0.4922561335277816,0.0039508499601284,0.1841146326777412,0.2819924046085256,0.0,647.9813709443466,0.0,0.0,0.0,0.0,0.0,908.1919306528528,0.0,0.0,0.0,0.0,0.0,0.0,0.9076575135136762,0.0,0.0,184.719864500125,48.46531938232667,7521.128958011279,2027.5057289431784,0.0,0.0,0.0,0.0,8778.861619340221,3899.4120578004,0.0,1165.5643256335024,62.45703953699788,0.0,3581.605167371332,4792.598522157496,508.0112965932399,0.0
82,-4.796163466380666e-17,0.0709456182458472,1.0302869668521495e-16,0.0050739572093023,1.261930535027392,0.6555759881318879,0.0063737468970055,0.256179682630979,0.0,0.0,2.2433254745610847,0.0,0.0,0.0,0.0,0.0,720.0548769645097,0.0,0.0,0.0,0.0,0.0,0.0,0.0,0.0,0.0,185.0983416203053,178.20216995354,7550.581348806249,2063.0841931376976,0.0,38.28544082741486,0.0,0.0,8905.379238444832,4211.038390759185,0.0,1474.0354925599004,279.72953410880785,0.0,4087.981413709853,5413.657785127851,863.2547629989904,0.0
83,-4.7961634663806645e-17,0.1010335255415283,1.0302869668521495e-16,0.0072880476279069,1.5322581671436286,0.8184020393241145,0.0084692253288992,0.3129748712728118,0.0,0.0,0.0,0.0,0.0,0.0,0.0,0.0,502.4788077999217,0.0,0.0,0.0,0.0,0.0,0.0,0.0,0.0,0.0,663.0575127210221,760.3505865617158,7935.051438186138,2112.8729218717103,0.0,273.65426504382,27.416937705672623,0.0,8957.157809393912,3940.5153402491833,0.0,1338.7293225247038,381.3850962476945,0.0,3210.02675072345,4686.827169852116,747.4321887271348,0.0
84,-4.7961634663806645e-17,0.1308080171362126,1.0302869668521495e-16,0.0094790746046511,1.7475982345430596,0.9429711869348344,0.0105428758604606,0.3610613503807819,0.0,0.0,0.0,0.0,0.0,0.0,0.0,0.0,303.6611582554706,0.0,0.0,0.0,0.0,0.0,0.0,0.0,0.0,0.0,1380.6335556974554,1762.046626241812,7954.98051023374,2033.2532575289208,0.0,592.2168936364401,302.4262309351741,0.0,8684.962366197595,3187.999714422461,0.0,1325.5417442440028,567.618633245323,0.0,2289.53320659308,4083.239818976159,581.9258483567365,0.0
85,-4.796163466380666e-17,0.1602651051438293,1.0302869668521495e-16,0.0116239746976744,1.9275265106049728,1.0285640132306968,0.0125430568738307,0.3995607301317557,0.0,0.0,0.0,0.0,0.0,0.0,0.0,0.0,114.40619992240894,0.0,0.0,0.0,0.0,0.0,0.0,0.0,0.0,0.0,2062.029595948707,2333.9482839598886,6973.508470723712,1231.018593510478,0.0,998.4411874271188,914.5398003577676,0.0,7366.452061721961,2085.5204981784427,0.0,1761.908166815172,1209.277671197144,0.0,2022.242692107057,4516.250351495952,764.6755563452575,0.0
86,-4.796163466380666e-17,0.1960749447348182,1.0302869668521495e-16,0.0135771835608082,2.0567716029479857,1.105025402725344,0.0131403959999955,0.4181107369781598,0.0,0.0,0.0,0.0,0.0,0.0,0.0,0.0,49.83466407615139,0.0,0.0,0.0,0.0,0.0,0.0,0.0,0.0,0.0,2232.4858507666936,2417.6147734273536,6704.032542219166,1076.7966297356274,0.0,1106.6716177113135,1054.032542219166,0.0,7017.255970795778,1875.242696994052,0.0,1869.516271109583,1380.151102849176,0.0,2001.564627888434,4612.321930894383,828.744029204222,0.0
87,-4.796163466380666e-17,0.2209225915102042,1.0302869668521495e-16,0.013884192,2.125650961176486,1.1611861851973706,0.0131403959999955,0.4244522379911861,0.0,0.0,0.0,0.0,0.0,0.0,0.0,0.0,11.674332486879122,0.0,0.0,0.0,0.0,0.0,0.0,0.0,0.0,0.0,2248.63583527061,2377.7590818496374,6712.402208106072,1160.457442412828,0.0,1117.1857880743005,1023.8648698293608,0.0,7022.4572887580525,1957.4183701351296,0.0,1842.5708763698008,1372.6647630238613,0.0,2016.1936919370196,4533.72829088241,830.9243678471298,0.0
88,-4.796163466380666e-17,0.2547851370099672,1.0302869668521495e-16,0.013884192,2.0739350017981093,1.1702916719570686,0.0131403959999955,0.4130349433355493,0.0,0.0,0.0,0.0,0.0,0.0,0.0,0.0,0.0,0.0,0.0,0.0,0.0,0.0,0.0,0.0,0.0,0.0,2322.090676039778,2598.375631224035,7119.635801914514,1421.1812177298343,0.0,1093.603482025015,819.7666270895108,0.0,7348.083047376021,2082.223650588436,0.0,1536.34816703783,1086.5437237610024,0.0,1705.5326598060203,3900.111215697894,605.9647418903444,0.0
89,-4.796163466380666e-17,0.2940494112358811,1.0302869668521495e-16,0.013884192,1.9572008660790696,1.1304665051740883,0.0130290737083011,0.3819434331129583,0.0,0.0,0.0,0.0,0.0,0.0,0.0,0.0,0.0,0.0,0.0,0.0,0.0,0.0,0.0,0.0,0.0,0.0,2567.226066335023,3089.839238336798,7509.906007810391,1606.4316633907335,0.0,1143.31921351157,721.5854512669582,0.0,7623.955913284986,2063.7249400963424,0.0,1239.969585913256,820.0387916408243,0.0,1319.6274693185112,3254.2033512170765,324.31636134191945,0.0
90,-4.796163466380666e-17,0.3299630817481872,1.0302869668521495e-16,0.0134464572871381,1.7759647366969973,1.089992365990102,0.0113737229054128,0.3255124762524924,0.0,0.0,0.0,0.0,0.0,0.0,0.0,0.0,0.0,0.0,0.0,0.0,0.0,0.0,0.0,0.0,0.0,0.0,2872.41762826708,3640.6913675310784,7930.167315329243,1785.785984759018,0.0,1270.7726293850085,693.3797084100456,0.0,7911.360489110207,2032.539923496361,0.0,974.5857589238742,607.9434892025811,0.0,976.1740676194958,2704.0244999316424,65.59207651608459,0.0
91,-4.796163466380666e-17,0.3390265387727197,1.0302869668521495e-16,0.0113010865116279,1.601216549710379,1.0446470350470989,0.010720381993351,0.2717376873769792,0.0,0.0,0.0,0.0,0.0,0.0,0.0,0.0,0.0,0.0,0.0,0.0,0.0,0.0,0.0,0.0,0.0,0.0,3006.286156262654,3795.533693883784,8067.865732069441,1823.698013498967,0.0,1358.3410916302942,701.4702800115602,0.0,8013.360895764017,2036.8317507156307,0.0,903.411326522418,575.6685367543959,0.0,935.4407590408312,2590.51558699451,48.7524402657909,0.0
92,-4.7961634663806645e-17,0.3367320170232575,1.0302869668521495e-16,0.008925552,1.3662482309701007,0.9873822836396648,0.0106355414750786,0.2083872895277285,0.0,0.0,0.0,0.0,0.0,0.0,0.0,0.0,0.0,0.0,0.0,0.0,0.0,0.0,0.0,0.0,0.0,0.0,3015.748445596926,3713.65022831206,8216.61334847283,1893.8761770887145,0.0,1330.6177601150305,670.7197827697054,0.0,8187.415417565083,2142.278011409195,0.0,850.9630169500774,542.9048399159349,0.0,989.5076623449644,2561.987126238482,57.7457237947056,0.0
93,-4.796163466380666e-17,0.3246306387695928,1.0302869668521495e-16,0.006550017488372,1.1091836975000977,0.9034196154488984,0.0105507009568062,0.1497538028547975,0.0,0.0,0.0,0.0,0.0,0.0,0.0,0.0,0.0,0.0,0.0,0.0,0.0,0.0,0.0,0.0,0.0,0.0,2691.0474218234667,3122.303524287223,8448.48688168463,2096.303445524416,0.0,1060.1149828733155,575.9949651934046,0.0,8545.890890354653,2488.2400187284024,0.0,853.8580419881881,515.3559021544778,0.0,1217.9882663791652,2755.729319559851,67.52845570930457,0.0
94,-4.796163466380666e-17,0.2956865037607978,1.0302869668521494e-16,0.0043359270697674,0.89566437161462,0.8505592898897033,0.0104716262989989,0.1031883099667777,0.0,0.0,943.4049393273896,0.0,0.0,0.0,0.0,0.0,1296.9591691568237,0.0,0.0,0.0,0.0,0.0,0.0,0.0,0.0,0.0,1383.7980014136072,1003.3316531266636,8614.513178009649,2229.2748258465267,0.0,319.760496847019,162.77530683257405,0.0,9082.865372648295,3171.085443184202,0.0,702.1113527233774,283.81800042241014,0.0,1732.794596117882,3153.567488746748,26.660168720239035,0.0
95,-4.796163466380666e-17,0.2750010674950167,1.0302869668521495e-16,0.0028137399069767,0.759755901767445,0.826647335635502,0.0107229707470293,0.073923469446607,0.0,0.0,1339.5211681869675,0.0,0.0,0.0,0.0,0.0,1786.1355015708205,0.0,0.0,0.0,0.0,0.0,0.0,0.0,0.0,0.0,1012.3940090473096,424.3403293713892,8531.89472625595,2153.652120415016,0.0,136.31935024801754,42.74332304957525,0.0,9068.38541153442,3218.283912897169,0.0,624.2367451263464,191.72195680821605,0.0,1799.7106224970266,3183.2302332212485,0.0,0.0
96,-4.796163466380666e-17,0.2448097865581393,1.0302869668521495e-16,0.000948577044261,0.6375551584764791,0.7737175476073322,0.0374154125401306,0.0573508618128817,0.0,0.0,2192.679952794056,27.62592697910776,0.0,0.0,0.0,0.0,2567.4005815438063,118.14554009464364,0.0,0.0,0.0,0.0,0.0,0.0,0.0,0.0,841.6904496585846,178.5944448159667,8303.801083123626,1927.8737220700868,0.0,28.18466904156682,6.600560975951319,0.0,8766.918589354022,2923.627279862869,0.0,454.38362712972895,32.61924959460664,0.0,1551.2198000698831,2823.1443377438754,0.0,0.0
97,-4.796163466380666e-17,0.2133078534642859,1.0302869668521495e-16,1.7763568394002547e-18,0.4706038167832222,0.684414471298384,0.2212098880103776,0.035470531093231,0.0,0.0,2901.7137463389454,201.7026629666261,0.0,0.0,0.0,0.0,3273.21011851583,403.54530707503193,0.0,0.0,0.0,0.0,0.0,19.329474943042698,0.0,0.0,772.6121875095937,64.7205317609948,7918.351655175429,1603.70199345401,0.0,7.130324156947784,0.0,0.0,8416.1112155628,2453.918819866786,0.0,304.73363732896763,0.0,0.0,1269.7402047936375,2488.690660830291,0.0,0.0
98,-4.796163466380666e-17,0.1714598044983391,1.0302869668521495e-16,1.7763568394002547e-18,0.3708378748615729,0.5984194381395375,0.4691507532115128,0.0215814326777411,0.0,0.0,3305.943874929926,443.0955987654036,0.0,0.0,0.0,0.0,3683.248953292709,679.2341824240958,0.0,0.0,0.0,0.0,0.0,197.0568244308814,0.0,0.0,795.8679227630622,41.19970264694148,7630.36424984025,1404.4886371957828,0.0,5.634914437419933,0.0,0.0,8173.230570674887,2088.4621155644377,0.0,160.13519492371174,0.0,0.0,974.036871596937,2172.333747656672,0.0,0.0
99,-4.796163466380666e-17,0.1290226596279069,1.0302869668521495e-16,1.7763568394002547e-18,0.337720761073906,0.5237464889798803,0.7262488392159435,0.0192225550963458,0.0,0.0,3697.084828680447,669.2574873920622,0.0,0.0,0.0,0.0,4018.387948741298,887.773357096719,0.0,0.0,0.0,0.0,0.0,177.4612522047409,0.0,0.0,785.3148439021576,21.6102124332369,7465.862025743478,1306.5351847683266,0.0,5.918795247017778,0.0,0.0,7980.071709859721,1933.3813402977305,0.0,111.446790260172,0.0,0.0,904.4520048244729,2088.0152012728886,0.0,0.0
100,-4.796163466380666e-17,0.0869821235880398,1.0302869668521495e-16,1.7763568394002547e-18,0.3246871966772408,0.4241801184935764,0.9811504901232349,0.0169087976611299,0.0,0.0,3840.917686382364,741.1484634323161,0.0,0.0,0.0,0.0,4099.443590672029,922.2714134326968,0.0,0.0,0.0,0.0,0.0,114.59142489991632,0.0,0.0,761.521615982242,13.102840477065335,7044.790983351832,1083.4192630410655,0.0,32.019460599334074,0.0,0.0,7463.426406215316,1692.2895671476135,0.0,197.87178246392892,0.0,0.0,938.8472719200888,2215.1974384017763,0.0,0.0
101,-4.796163466380666e-17,0.0481119871096345,1.0302869668521495e-16,1.7763568394002547e-18,0.2826845398928583,0.3361252116902009,1.2189350435656143,0.02466803277907,5.732009785924703,0.0,3934.2165407444895,801.0887681449664,0.0,0.0,0.0,0.0,4145.466744845016,897.7683305141032,0.0,0.0,0.0,0.0,0.0,76.63122063168667,0.0,0.0,797.3214562360694,37.34024319530375,6838.618372186298,971.0180862235776,0.0,66.07682798760624,0.0,0.0,7201.056229639699,1549.5856005217136,0.0,270.0641135155657,11.861570621157568,0.0,976.5220281615108,2320.516656409974,0.0,0.0
102,-4.796163466380666e-17,0.0210618645847176,1.0302869668521495e-16,1.7763568394002547e-18,0.2536503490738683,0.2952305976995842,1.3704335884648338,0.0568633540422707,290.6799873567992,0.0,3890.440569973133,703.9196627499697,0.0,0.0,0.0,0.0,3931.064496495555,526.0984420195308,0.0,0.0,0.0,0.0,0.0,76.95685945634035,0.0,0.0,954.4146409975156,158.20835750785898,6768.950906726072,954.8365848516166,0.0,167.5137072763517,3.523528799985013,0.0,7094.303019375695,1523.080484196148,0.0,379.7182866076439,112.63030136196012,0.0,1051.4568594563402,2487.6236247398074,0.0,0.0
103,-4.796163466380666e-17,0.0016610254219269,1.0302869668521494e-16,1.7763568394002547e-18,0.2848073318006653,0.2947531848425265,1.4327587035853813,0.0907464067774088,497.0,0.0,3820.0,603.0,0.0,0.0,0.0,0.0,3741.0,236.0,0.0,0.0,0.0,0.0,0.0,107.41919243543816,0.0,0.0,1052.6886186084748,253.84576696995535,6875.267484322359,1065.405984784325,0.0,252.47436041587727,114.28554915558584,0.0,7176.581197979032,1634.204741591024,0.0,447.0209801646629,220.5631331458054,0.0,1081.9191924354382,2568.285549155586,0.0,0.0
104,-4.796163466380666e-17,3.907985046680546e-17,1.0302869668521495e-16,1.7763568394002547e-18,0.38656209067887,0.3415254363693364,1.47460356783727,0.1269906056611297,599.1111823762725,0.0,3970.724113907565,636.356319576249,0.0,0.0,0.0,0.0,3898.8919184743695,281.8499230669929,0.0,0.0,0.0,0.0,0.0,133.6343011056539,0.0,0.0,1128.956973590227,365.3566068372983,6982.146578622967,1126.414606312177,0.0,292.16344447361786,125.33423184926392,0.0,7201.748838161441,1614.8468812372514,0.0,422.2614875494284,231.64150037715743,0.0,964.5379481639624,2460.524867884401,0.0,0.0
105,0.0004637243788628,3.907985046680546e-17,1.0302869668521495e-16,1.7763568394002547e-18,0.5517080837003709,0.4608406871016126,1.49026426651664,0.1670083193275247,784.7797359571183,28.1651248469492,4335.2950686873255,761.1570276331415,0.0,0.0,0.0,0.0,4302.946523792957,432.91669409931217,0.0,0.0,0.0,0.0,0.0,162.37437042800946,0.0,0.0,1123.0449242178197,532.4901969428711,6469.326369501372,893.0912304523173,0.0,223.13354987855556,34.1539120169774,0.0,6453.724340005842,1012.8625165321052,0.0,200.30646030130032,80.86829209530963,0.0,420.3283960103521,1854.7057628598532,0.0,0.0
106,0.0182284436403477,3.9079850466805446e-17,1.0302869668521495e-16,1.7763568394002547e-18,0.7677658912069,0.6634918644569182,1.4523864796943482,0.2413869947793881,1133.358827587659,450.29132901266735,4981.203698245214,1216.9410567364102,0.0,24.24271097200644,0.0,0.0,5113.289772813344,1001.8157527643634,0.0,0.0,0.0,0.0,34.783020090270114,365.8425583797099,0.0,0.0,461.4966668735855,222.44178973304795,3489.011937195929,14.094978800473967,0.0,3.503836537970934,0.4645237834431159,0.0,3451.935947738598,15.634543339885452,0.0,3.026040646429443,1.1546734045586022,0.0,6.264435022432884,889.4246792295997,0.0,0.0
107,0.0593072476173361,3.9079850466805446e-17,1.0302869668521495e-16,5.760244367260824e-05,1.057393138398068,0.9813611326463316,1.3822602314053092,0.4066497021582606,1938.2982644585109,1280.527750151343,5701.575479804762,1866.6727674090844,0.0,150.9835716182545,25.60974462681653,0.0,6067.317856380369,1886.11403439962,0.0,0.0,0.0,0.0,115.53027462551128,798.1000052781915,0.0,0.0,41.338392952374186,19.926798348307926,3185.6715665077004,0.0,0.0,0.0,0.0,0.0,3085.8561785211405,0.0,0.0,0.0,0.0,0.0,0.0,509.9436849095932,0.0,0.0
108,0.1166960736478406,3.9079850466805446e-17,1.0302869668521495e-16,0.0044907816079734,1.3953859260762178,1.3993782272433082,1.2928878073730636,0.5999342443548956,3140.069234381651,2211.193113022106,5899.592645305405,1908.7637249959,0.0,656.9298309557358,227.20939320710715,0.0,6332.896515454026,1918.9367589737044,0.0,0.0,0.0,0.0,69.34763912735741,670.3266275470697,0.0,0.0,0.0,0.0,2950.9128019398127,0.0,0.0,0.0,0.0,0.0,2789.7198448830286,0.0,0.0,0.0,0.0,0.0,0.0,118.39566770875258,0.0,0.0
109,0.1768768304053158,3.9079850466805446e-17,1.0302869668521495e-16,0.0115852610631229,1.724274428705982,1.8712929566162817,1.1693089003131196,0.8259878604418608,3568.957555575873,2743.0387614040264,5926.632761292552,1860.261288374295,0.0,1072.6487254732072,547.0986470857603,0.0,6528.705429806574,2118.8488401271243,0.0,112.49356376955036,117.02107920409463,0.0,124.5623516681284,1314.571510010275,0.0,0.0,0.0,0.0,2467.3569911667905,0.0,0.0,0.0,0.0,0.0,2338.219851052247,0.0,0.0,0.0,0.0,0.0,0.0,0.0,0.0,0.0
110,0.243136451481728,3.9079850466805446e-17,1.0302869668521495e-16,0.0193963546046511,2.091257470950385,2.426883401490554,1.016593685102984,1.1233796489426504,2614.360688423108,2279.0865985371865,5081.87342644302,1327.905899608758,0.0,1051.5012936146784,855.3453239095655,0.0,5961.922965266682,1867.8080585661903,0.0,859.7819415302376,776.6953175497049,0.0,1006.22788771916,3190.0175731918207,0.0,0.0,0.0,0.0,2237.399275900056,0.0,0.0,0.0,0.0,0.0,2084.6236236613327,0.0,0.0,0.0,0.0,0.0,0.0,0.0,0.0,0.0
111,0.3085240431203795,3.9079850466805446e-17,1.0302869668521495e-16,0.0271357867375415,2.511069561685162,3.02478291314399,0.8716397427050181,1.5051665179517923,1677.8649011926789,1760.3003446825903,3587.4792864640626,406.79546089196015,0.0,1046.2260547805586,1273.652546229691,0.0,4661.3957652543895,969.0672825963009,0.0,2082.0604979572963,1832.027327617321,0.0,2501.644504818872,5559.980391054312,830.6094166325448,0.0,0.0,0.0,2044.6725514876453,0.0,0.0,0.0,0.0,0.0,1799.075987547663,0.0,0.0,0.0,0.0,0.0,0.0,0.0,0.0,0.0
112,0.3520983581801845,3.9079850466805446e-17,1.0302869668521495e-16,0.0341586047840532,2.8820001847293337,3.548233248321284,0.8063428430103511,1.872791549377371,1090.996888524386,1221.8173016178864,2418.697989833426,237.7037124851317,0.0,777.4509734351203,1018.3620882444326,0.0,3250.621556943325,570.409014019152,0.0,1755.269399706372,1541.263123392996,0.0,2114.19476470235,4537.404414601973,1191.2013711645952,0.0,0.0,0.0,1974.3324974260145,0.0,0.0,0.0,0.0,0.0,1678.988143282692,0.0,0.0,0.0,0.0,0.0,0.0,0.0,0.0,0.0
113,0.3829288059743002,3.907985046680546e-17,0.0073227204977121,0.0424533467829249,3.164564603919514,3.943134492843228,0.7851342822097361,2.1636225257752155,824.5256578947532,768.7524503999688,1970.265027153148,314.4946488938622,0.0,571.7316342942654,863.4311049356098,0.0,2674.519969299397,519.328934277148,0.0,1487.3177133712627,1347.0159108579371,0.0,1939.5254527325253,3948.240461689538,1072.8989262205098,0.0,0.0,0.0,1912.940296020439,0.0,0.0,0.0,0.0,0.0,1587.4141755293808,0.0,0.0,0.0,0.0,0.0,0.0,0.0,0.0,0.0
114,0.4340765244468443,3.9079850466805446e-17,0.0533113861046512,0.0506876793488373,3.395802062304817,4.209204782541527,0.8232258245157769,2.416616696449335,967.9990881608096,714.8964039887474,2485.9805834675444,368.2720924036601,0.0,651.9978759789165,1127.5325370500636,0.0,3404.416924221445,716.7656913872473,0.0,1941.283429007132,1802.503238532408,0.0,2691.725045455038,5265.318292750413,1469.1724332807898,0.0,0.0,0.0,1873.0,0.0,0.0,0.0,0.0,0.0,1530.0,0.0,0.0,0.0,0.0,0.0,0.0,0.0,0.0,0.0
115,0.4985050269741995,0.0003093235173535,0.1379243244916944,0.0573390112425251,3.654793565031737,4.394137321804199,0.9115163285292948,2.685988680920334,1434.5798490480531,588.2584634618704,3273.570324304348,443.87651524141125,0.0,825.1344043362379,1726.2342791015628,0.0,4481.060230097272,996.85590231609,0.0,2715.020630501477,2676.716811454612,0.0,3689.074582353584,7301.439468152324,2165.9823145355645,0.0,0.0,0.0,1846.5586007213224,0.0,0.0,0.0,0.0,0.0,1509.6460539200737,0.0,0.0,0.0,0.0,0.0,0.0,0.0,0.0,0.0
116,0.5477941819018955,0.0320172417314833,0.2327727291428569,0.0642003851960134,3.908424112795777,4.470962649713507,0.992782086507714,2.972124524611293,2719.987613640545,718.0257543625077,3559.065299549573,593.0196265160397,0.0,979.1458431178268,2067.7377971042924,0.0,4691.065026518932,998.0435908692032,0.0,2274.833410273619,2776.2539841163352,0.0,2202.4961704683164,5459.97422793153,1853.619071621608,0.0,0.0,0.0,1751.186170907317,0.0,0.0,0.0,0.0,0.0,1436.1579799479932,0.0,0.0,0.0,0.0,0.0,0.0,0.0,0.0,0.0
117,0.5694533270461789,0.1169032327774086,0.3208462477475078,0.0740432032265781,4.064923349778735,4.351697398279739,1.023707130120593,3.118468515488368,3209.568887759649,1001.584304398279,3753.671852278109,707.1253576148766,0.0,1011.5712591839768,1992.5067317104445,0.0,4825.30784803891,1024.510429042632,0.0,1913.46424803434,2523.7502613791166,0.0,1839.822601723611,4795.673665300153,1609.6352282552257,0.0,0.0,0.0,1697.2089919304158,0.0,0.0,0.0,0.0,0.0,1394.583313531789,0.0,0.0,0.0,0.0,0.0,0.0,0.0,0.0,0.0
118,0.5761221118999685,0.2239896762657808,0.4127911298073082,0.0905330699401994,4.189914845503108,4.090143698949448,1.0209471943031063,3.183487660358557,4998.510871904145,2084.8021202658324,4537.983817325864,1192.421561576921,0.0,1105.741046897596,1667.1303132152334,0.0,5379.367893165107,1186.7419688087305,0.0,517.0041984782722,1524.0109921957417,0.0,521.7565482437914,2322.929537675097,676.7280707016104,0.0,0.0,0.0,1456.199708725747,0.0,0.0,0.0,0.0,0.0,1208.8929662516389,0.0,0.0,0.0,0.0,0.0,0.0,0.0,0.0,0.0
119,0.5710093664628144,0.3446028284053154,0.5118343405093269,0.1064990543736266,4.329565884209299,3.730770519359575,1.0110628468129277,3.2003353387467373,4076.838654020282,1808.6678300416736,4777.908006063276,1556.1411087772196,0.0,829.1356350909344,1385.311932755828,0.0,5716.927375851665,1698.9784037391016,0.0,474.14259309222587,1386.8874554352092,0.0,785.4824632093467,2468.1206734555203,657.2195100871686,0.0,0.0,0.0,1340.8391361500148,0.0,0.0,0.0,0.0,0.0,1120.037490305739,0.0,0.0,0.0,0.0,0.0,0.0,0.0,0.0,0.0
120,0.5309054373399761,0.4640887548239196,0.5720665881373188,0.1167574388770767,4.390405588821701,3.3169812339202704,0.9725224221594644,3.1670304532646734,3194.371790319189,1487.4504689441526,5003.625175029227,1875.8982010987645,0.0,565.5735888111233,1073.008592848045,0.0,6009.10826672794,2146.520710137675,0.0,405.343517477017,1201.1412860950322,0.0,990.1937398540128,2524.161940074749,591.8552237155619,0.0,0.0,0.0,1281.4334578771068,0.0,0.0,0.0,0.0,0.0,1070.9064913991829,0.0,0.0,0.0,0.0,0.0,0.0,0.0,0.0,0.0
121,0.4671037295972388,0.5830710555072831,0.5826401999999987,0.1257941896146182,4.261745726661895,2.8195640279770045,0.8858595786946035,2.9832555235192943,1543.7537228328297,447.4400502044416,5362.235181307635,2216.3644645642407,0.0,87.89738500850922,174.84794001692674,0.0,6288.470320527521,2599.55279054684,0.0,68.1717600065996,417.20739474737735,0.0,976.921886042796,1955.3837859832831,116.31466197345262,0.0,0.0,0.0,729.7310026557916,0.0,0.0,0.0,0.0,0.0,609.8716464080118,0.0,0.0,0.0,0.0,0.0,0.0,130.25452556805712,0.0,0.0
122,0.4239575331401986,0.6614514220491697,0.5826401999999987,0.1340636690631232,4.017285339279733,2.3490345620172794,0.8011413811455108,2.6794680079813924,1048.964398660834,108.89916568420084,5219.600675897605,1987.06818720845,0.0,0.0,0.0,0.0,6120.284489503427,2266.2207407418045,0.0,0.0,38.878314108864906,0.0,689.1242523729094,1422.6613184707498,2.7676088009700446,0.0,0.0,0.0,689.2794469281721,25.25170356559396,0.0,0.0,0.0,0.0,665.6595258562975,56.71490651241988,0.0,0.0,0.0,0.0,38.76591167881488,251.3798512001188,0.0,0.0
123,0.3957196689855144,0.6785889944101002,0.5772765165392678,0.1372932098790701,3.75262631631867,2.0115942227641237,0.7533374776887676,2.417618901155079,565.6849116404205,37.15452136794073,5307.877531255027,1754.5616189995071,0.0,0.0,0.0,0.0,6001.878831106026,1912.1291517985917,0.0,0.0,0.0,0.0,295.7821883126441,722.5712165440256,0.0,0.0,0.0,0.0,3213.591027314076,224.2590285755081,0.0,0.0,0.0,0.0,3495.29118085494,516.884718772169,0.0,0.0,0.0,0.0,344.5473029875993,974.4792833648686,0.0,0.0
124,0.3459526498981173,0.6785898840000004,0.5330315602524908,0.1294831047707644,3.384049234735328,1.7357263847530473,0.6764652406865976,2.1473034348460733,39.4855942354489,0.0,5536.930376232659,1509.932449353296,0.0,0.0,0.0,0.0,5933.440115763895,1483.7994211805242,0.0,0.0,0.0,0.0,0.0,12.28864508897002,0.0,0.0,0.0,0.0,5789.885139822732,571.0789250413865,0.0,0.0,0.0,0.0,6421.409744594719,1206.5339867499088,0.0,0.0,0.0,0.0,693.9900702377932,1622.4950247576862,0.0,0.0
125,0.2731708186445181,0.6777459081170945,0.4389088303255808,0.121991604637874,2.9044045348922487,1.4739270194874954,0.5567275993754114,1.8321029554022457,63.98449935231335,0.0,5581.0,1504.0,0.0,0.0,0.0,0.0,5947.0,1416.0,0.0,0.0,0.0,0.0,0.0,0.0,0.0,0.0,0.0,0.0,6400.68768893107,789.1777309366515,0.0,0.0,0.0,0.0,7117.8465487520325,1586.9049256969008,0.0,0.0,0.0,0.0,804.415834946521,1664.6204215122589,0.0,0.0
126,0.2091384670963451,0.6460695871922852,0.3479317891295678,0.1154102867641199,2.4401495566148594,1.2765986937632297,0.4437203906584512,1.492479641564865,97.68796386843069,0.0,5706.823346488204,1454.072273827314,0.0,0.0,0.0,0.0,5882.103083530567,1149.3841167268445,0.0,0.0,0.0,0.0,0.0,0.0,0.0,0.0,0.0,0.0,7069.820313594932,1045.4906353325027,0.0,0.0,0.0,0.0,7869.069085538086,1980.739122086168,0.0,0.0,0.0,0.0,886.5035968716494,1676.9933766356817,0.0,0.0
127,0.148512091694352,0.5616838712541516,0.2617939522524918,0.1054675237200998,2.015194951143689,1.1448148729659506,0.3282437952433517,1.1906954034343846,156.23788235802223,0.0,5866.9647944436365,1393.5852294466367,0.0,0.0,0.0,0.0,5767.019311705552,770.2112333381825,0.0,0.0,0.0,0.0,0.0,0.0,0.0,0.0,0.0,0.0,7413.714961857394,1222.206692185994,0.0,0.0,0.0,0.0,8300.046080449529,2174.661257228456,0.0,0.0,0.0,0.0,1006.3239722181812,1800.6669214962449,0.0,0.0
128,0.0770145005061095,0.4410734990830562,0.1582349798272427,0.0821470377408637,1.5151202701158846,1.0337666094327438,0.2057083664782887,0.9015177763630844,279.7740332655065,0.0,5879.492559425315,1382.7662227951166,0.0,0.0,0.0,0.0,5703.722049330196,688.6127944121713,0.0,0.0,0.0,0.0,0.0,0.0,0.0,0.0,0.0,0.0,7236.661526379329,1175.1686507158815,0.0,0.0,0.0,0.0,8034.800336011649,2066.11768917753,0.0,0.0,0.0,0.0,1099.6427170279735,1976.591895630594,0.0,0.0
129,0.0204322064134701,0.3249692498272428,0.063884180166415,0.059538724450619,1.0479706927801276,0.923715239096651,0.0980603071757735,0.6499511920356412,475.2067074802808,0.0,5890.165430590683,1358.3653289614654,0.0,0.0,0.0,0.0,5728.039584291769,721.8489413703303,0.0,0.0,0.0,0.0,0.0,0.0,0.0,0.0,34.648119631008505,0.0,6189.523587567904,992.0922641311148,0.0,0.0,0.0,0.0,6820.789856347124,1726.7301537628905,0.0,117.08326529795085,0.0,0.0,998.5226343490884,1792.6832004389826,0.0,0.0
130,0.0001616118826133,0.2145011291760798,0.0105736118626803,0.0433819222923587,0.6652565147176114,0.806712733816171,0.0409052411650014,0.4123361912137309,531.0159878186565,0.0,5919.685062603299,1344.1098267826849,0.0,0.0,0.0,0.0,5763.94814890256,736.8857367387313,0.0,0.0,0.0,0.0,0.0,0.0,0.0,0.0,35.67031163131699,0.0,4084.3963979077967,647.5531476025377,0.0,0.0,0.0,0.0,4503.306806189117,1127.5919109649983,0.0,86.44013931293982,0.0,0.0,659.3902458501897,1198.672911581854,0.0,0.0
131,-1.7408297026122448e-16,0.0955188284927165,3.1619151741324403e-16,0.0267490622392026,0.3766460910513683,0.7020785263892182,0.0581931822857102,0.209393479699718,559.0211077034021,0.0,5928.419375861224,1325.3817630874012,0.0,0.0,0.0,0.0,5762.030828305215,729.1636340471835,0.0,0.0,0.0,0.0,0.0,0.0,0.0,0.0,135.59223538527425,0.0,5275.577379091789,781.6175174942623,0.0,0.0,0.0,0.0,5836.436540558853,1366.402530739189,0.0,149.30523746947242,0.0,0.0,853.0316569938904,1666.0563168419783,0.0,0.0
132,-1.7408297026122443e-16,0.0154255053456478,3.1619151741324403e-16,0.0107474156419933,0.2252604389645199,0.6116781770527608,0.1023784042580691,0.1096154322578071,653.4923543713927,0.0,5789.307282060848,1234.8817120531037,0.0,0.0,0.0,0.0,5691.20882756509,736.6379886155813,0.0,0.0,0.0,0.0,0.0,0.0,0.0,0.0,242.6841739164151,0.0,6555.403166463311,920.8472617203308,0.0,4.976408979105714,0.0,0.0,7244.612728941881,1599.0042086006645,0.0,212.03014867531743,0.0,0.0,1045.5054968665993,2155.05177583591,0.0,0.0
133,-1.7408297026122448e-16,-2.842170943040408e-17,3.1619151741324407e-16,0.0004978695166835,0.1503503626115863,0.5086688121770948,0.1569619602059762,0.0684301631327458,782.5303102274004,0.0,5502.013065884346,1059.1875852749065,0.0,0.0,0.0,0.0,5428.166250031114,673.4755650283929,0.0,0.0,0.0,0.0,0.0,30.224117231719976,0.0,0.0,253.8460865287523,0.0,6611.739016287885,897.5738295721518,0.0,30.481378520795783,0.0,0.0,7185.1982858828205,1479.6064911761296,0.0,193.4249350184448,0.0,0.0,974.5859779428567,2120.057318628571,0.0,0.0
134,-1.7408297026122448e-16,-2.842170943040408e-17,3.1619151741324403e-16,-1.5987211554602278e-17,0.115972046312294,0.3887989181698776,0.2135954772358766,0.040053334561775,809.1174005909959,0.0,5196.745871348863,856.169279071462,0.0,0.0,0.0,0.0,5095.654003153053,531.0702049538198,0.0,0.0,0.0,0.0,0.0,131.6872569573034,0.0,0.0,390.08056065139147,58.38296254411287,6633.603269832467,904.6440536362396,0.0,39.21055389068128,0.0,0.0,7087.706783616794,1290.4354257031482,0.0,144.3627904914661,0.0,0.0,760.9732210202651,1933.6372181908275,0.0,0.0
135,-1.7408297026122443e-16,-2.842170943040408e-17,3.1619151741324403e-16,-1.5987211554602278e-17,0.082991703351231,0.2857584004170135,0.2725172171760758,0.1146321756574082,605.5656329921246,0.0,4343.781278961344,304.82295612219326,0.0,0.0,0.0,0.0,4155.603152300276,102.33225704404698,0.0,0.0,0.0,0.0,0.0,28.864306684364777,0.0,0.0,632.8383557458161,284.2654222046019,6743.607509881578,949.3871001035388,0.0,102.96101446841716,0.0,0.0,7106.4151401558565,1204.9494225208348,0.0,171.9961246665116,0.0,0.0,671.9868933710234,1906.8257585099068,0.0,0.0
136,4.895541904169928e-06,-2.842170943040408e-17,3.1619151741324403e-16,-1.5987211554602278e-17,0.1470622963861362,0.2426122710457005,0.3280846872174469,0.3855374459875881,144.57787703086095,0.0,3369.443074681841,45.34380051378397,0.0,0.0,0.0,0.0,3280.063416275074,0.0,0.0,0.0,0.0,0.0,0.0,0.0,0.0,0.0,830.3170694224503,518.2925612831093,6861.124151228118,997.8168307037554,0.0,174.99524254819283,0.0,0.0,7207.343235142545,1243.1374963315309,0.0,247.34299169963003,0.0,0.0,728.7402440155805,2025.650068781076,0.0,0.0
137,0.0173181569440638,0.0003144327113702,3.1619151741324407e-16,-1.5987211554602278e-17,0.3485087618081244,0.2657168722500542,0.344709933886225,0.7077725512026571,0.0,0.0,2251.9338679466414,0.0,0.0,0.0,0.0,0.0,2335.933023419973,0.0,0.0,0.0,0.0,0.0,0.0,0.0,0.0,0.0,1291.9967277388112,1112.2313935631091,7478.157276371688,1591.8264839796843,0.0,450.3326626116474,241.90851357118592,0.0,7971.810550234662,2081.464450655996,0.0,780.0790671473271,304.75360332354705,0.0,1294.49410617828,2830.1838867204533,0.0,0.0
138,0.0553201363853818,0.0053235365980066,3.1619151741324403e-16,-1.5987211554602278e-17,0.6017309273913641,0.3604410522126278,0.3480767593355436,1.0056352554418595,0.0,0.0,1408.9485725844447,0.0,0.0,0.0,0.0,0.0,1623.740477578542,0.0,0.0,0.0,0.0,0.0,0.0,0.0,0.0,0.0,1593.3330529650375,1529.345096816075,7962.97245348498,2128.0443193473266,0.0,685.071865862347,520.1613640535712,0.0,8648.0,2934.488828540769,0.0,1336.7022632736584,706.5284189068268,0.0,1920.6488966355464,3688.406663610998,37.28073548112023,0.0
139,0.095562959501661,0.012458788923588,3.1619151741324403e-16,-1.5987211554602278e-17,0.9326673912934684,0.549928749924699,0.3524802293421881,1.3193417205448497,0.0,0.0,901.1906693739984,0.0,0.0,0.0,0.0,0.0,1192.0442952649316,0.0,0.0,0.0,0.0,0.0,0.0,0.0,0.0,0.0,1606.540126390706,1574.7713732916743,7913.26011989892,2117.724606301016,0.0,733.7978197354298,614.8204114717438,0.0,8664.722222222223,3065.441086836608,0.0,1536.6941249131278,927.9677693942128,0.0,2172.402310916756,4046.349280267956,265.9415559976343,0.0
140,0.1362122757807308,0.02041496010949,3.1619151741324407e-16,-1.5987211554602278e-17,1.2893425215496197,0.799607684943236,0.354645865045207,1.6358188606653172,0.0,0.0,697.1101800948887,0.0,0.0,0.0,0.0,0.0,872.8471728000703,0.0,0.0,0.0,0.0,0.0,0.0,0.0,0.0,0.0,1705.0896774752662,1703.6629633961795,8017.035407397799,2194.3130453450312,0.0,810.4795188482358,695.1964459943364,0.0,8766.983028955261,3194.2902130670136,0.0,1643.0170910438037,1031.8506175405987,0.0,2315.658687470285,4254.695680175467,381.0285071828121,0.0
141,0.1744226330830565,0.0291505431229236,3.1619151741324403e-16,-1.5987211554602278e-17,1.6319026842084734,1.0416372023845542,0.3219868241810592,1.8489799517915264,0.0,0.0,518.4882792308941,0.0,0.0,0.0,0.0,0.0,604.0389026923972,0.0,0.0,0.0,0.0,0.0,0.0,0.0,0.0,0.0,1748.157999340864,1725.3336287187085,8072.0628062378755,2167.3791392845064,0.0,799.2564586987395,578.7582590086349,0.0,8749.724868836971,3067.7527102450326,0.0,1440.5175408841997,813.6402214699668,0.0,2055.887845589837,3850.780886017996,228.29311512529068,0.0
142,0.2146654561993357,0.0383652118405316,3.1619151741324403e-16,-1.5987211554602278e-17,1.9213835241821384,1.2778961017885506,0.2697607240265749,1.909583440401797,0.0,0.0,369.8114108471922,0.0,0.0,0.0,0.0,0.0,499.8028450542972,0.0,0.0,0.0,0.0,0.0,0.0,0.0,0.0,0.0,1558.654331515506,1456.3072013252809,7087.854614177937,1821.4442069410188,0.0,701.9843248928133,447.67834198045847,0.0,7629.805057986118,2580.2608346424863,0.0,1184.9081127703157,596.2999739503731,0.0,1722.15239878203,3237.0467667610483,127.61384300336545,0.0
143,0.2436746273600281,0.0481472759097744,3.16191517413244e-16,-1.5987211554602278e-17,2.085635587851723,1.5082066419038311,0.2124967556747642,1.9228914016744196,0.0,0.0,167.20817976344114,0.0,0.0,0.0,0.0,0.0,333.1559001166535,0.0,0.0,0.0,0.0,0.0,0.0,0.0,0.0,0.0,1453.847202841013,856.2485821308644,6825.001164816926,1427.8226478359652,0.0,802.9953143232831,849.6334072889712,0.0,7503.460510431714,2697.983435293924,0.0,2100.546268959302,1310.4311575736167,0.0,3051.6262960055124,5197.097947109634,704.6729064761032,0.0
144,0.2447088840000002,0.0526929632491695,3.1619151741324403e-16,-1.5987211554602278e-17,2.1717725117286397,1.6699120992143524,0.1524102252159427,1.9317994419324944,0.0,0.0,88.528734643621,0.0,0.0,0.0,0.0,0.0,211.2586884938802,0.0,0.0,0.0,0.0,0.0,0.0,0.0,0.0,0.0,1502.1125670218823,946.7072411418122,7099.011155521193,1653.2967509036262,0.0,830.6762698569682,845.4294729736611,0.0,7823.536800220911,2916.5682132706524,0.0,2131.975274165309,1315.9847013652654,0.0,3047.56077537236,5222.298910200142,738.7773248252523,0.0
145,0.2447088840000002,0.0546253501993356,3.1619151741324403e-16,-1.5987211554602278e-17,2.1953344471352643,1.7716449192956798,0.0997810982790655,1.844422688733748,0.0,0.0,85.69858575933601,0.0,0.0,0.0,0.0,0.0,108.01321717260414,0.0,0.0,0.0,0.0,0.0,0.0,0.0,0.0,0.0,1705.0360909882036,1303.6830762209215,7499.335018417386,1963.335252691622,0.0,889.776422337878,838.9421420912904,0.0,8200.372122533496,3054.821779333136,0.0,1872.673121923349,1214.715165172763,0.0,2646.946642512459,4621.138800346481,639.2471524327271,0.0
146,0.2447088840000002,0.0559741202833413,3.1619151741324403e-16,-1.5987211554602278e-17,2.120078210809207,1.825332763136924,0.0463143477301808,1.5903599022529695,0.0,0.0,373.2468108223474,0.0,0.0,0.0,0.0,0.0,95.72859230456716,0.0,0.0,0.0,0.0,0.0,0.0,0.0,0.0,0.0,1829.625158538305,1462.654784661766,7699.952550869188,2089.6103454765744,0.0,902.1044439185192,811.2244533851739,0.0,8422.220690953149,3111.805172738287,0.0,1703.8830004789652,1134.031131096271,0.0,2417.1822716591973,4297.631178429545,555.3296497900982,0.0
147,0.2308549814877682,0.0559331521866506,3.1619151741324403e-16,-1.5987211554602278e-17,1.9084483704971305,1.8515097495910604,0.0266270431531217,1.299765388724255,0.0,0.0,816.6224810869528,0.0,0.0,0.0,0.0,0.0,92.24550422288598,0.0,0.0,0.0,0.0,0.0,0.0,0.0,0.0,0.0,1855.300372006358,1522.6808899609607,7802.953068022221,2123.1825665833426,0.0,895.4886395550355,789.5795486459447,0.0,8515.171146584116,3137.804032401224,0.0,1652.878169323332,1132.919226228846,0.0,2375.119576839966,4245.853002029746,537.1622620365214,0.0
148,0.1930471860797343,0.0513577547043189,3.1619151741324403e-16,-1.5987211554602278e-17,1.6452108070301663,1.8085157903338225,0.0234777601195971,1.0335231904401323,0.0,0.0,1301.3883483217674,0.0,0.0,0.0,0.0,0.0,87.21383198316781,0.0,0.0,0.0,0.0,0.0,0.0,0.0,0.0,0.0,1738.3214448344286,1471.9989646486663,7900.469701086138,2127.1513138932064,0.0,841.9505973869313,746.9505973869313,0.0,8597.773659169045,3220.163028719397,0.0,1692.933110635409,1221.6960419170937,0.0,2508.642546311194,4446.898137132365,577.4758163691324,0.0
149,0.1499589108239203,0.0437179895880398,3.1619151741324403e-16,-1.5987211554602278e-17,1.290006361001662,1.6663967017453751,0.0187629336478363,0.7326654182192662,0.0,0.0,1682.571597731914,0.0,0.0,0.0,0.0,0.0,350.640952593587,0.0,0.0,0.0,0.0,0.0,0.0,0.0,0.0,0.0,1716.9517512656842,1452.5236715555118,8023.098807371995,2199.8880260490323,0.0,821.2755460868083,725.6606761526809,0.0,8717.953615495306,3331.838618560546,0.0,1685.5458236665183,1213.3790773888684,0.0,2537.40519864676,4469.685059523085,569.4160323097178,0.0
150,0.1064641424053155,0.0351536275614617,3.1619151741324403e-16,-1.5987211554602278e-17,0.9103090596138388,1.4782160002454594,0.0140036276810589,0.4309050892108665,0.0,0.0,1597.2553243669267,0.0,0.0,0.0,0.0,0.0,1713.5454572359952,0.0,0.0,0.0,0.0,0.0,0.0,0.0,0.0,0.0,1594.6265479898768,1254.4479396608076,7900.707811057585,2052.74094478553,0.0,695.4488536270716,585.3494524432363,0.0,8528.665771158529,3092.863659559934,0.0,1482.902197755507,1027.7701198268585,0.0,2314.9056994589914,4197.838975019969,430.61809880189656,0.0
151,0.0674407987774085,0.0262305466445181,3.1619151741324403e-16,-1.5987211554602278e-17,0.5627345277209324,1.304959120244521,0.0097335961594642,0.2554362216345509,0.0,0.0,1375.9860468632708,0.0,0.0,0.0,0.0,0.0,1441.480689123933,0.0,0.0,0.0,0.0,0.0,0.0,0.0,0.0,0.0,1358.5049883922527,845.2680959175708,7353.912778472029,1505.5399141160567,0.0,445.1613704181592,319.5617971018677,0.0,7848.036051084885,2288.019919821405,0.0,1021.5378936346287,630.5906402607617,0.0,1763.5987185194813,3537.6379288257144,154.9155653090601,0.0
152,0.0280109619867108,0.0172020328504983,3.1619151741324403e-16,-1.5987211554602278e-17,0.2894551926256087,1.1559583817319228,0.0054190851428529,0.2354192432560691,6.665786322959603,0.0,2671.810335597216,38.41300592891974,0.0,0.0,0.0,0.0,2738.37588967322,21.240132690108563,0.0,0.0,0.0,0.0,0.0,0.0,0.0,0.0,1091.8546840720028,481.9542184780023,6688.107505768004,855.8546840720028,0.0,225.2707393240013,89.1320542400018,0.0,7069.673532888004,1446.5202455980032,0.0,610.0929035620018,284.52356102000203,0.0,1290.2495062740018,2936.128738818003,0.0,0.0
153,0.0008668559362124,0.0086455782897009,3.1619151741324403e-16,-1.5987211554602278e-17,0.1473816123807333,1.0223422068019967,0.0013579219166071,0.243299234078073,98.5161873247828,0.0,4099.987546306847,397.5704097871836,0.0,0.0,0.0,0.0,4170.490552369776,277.6350831455382,0.0,0.0,0.0,0.0,0.0,15.804629618156662,0.0,0.0,1076.66498063199,447.2652424025183,6649.02333820115,832.8421659718964,0.0,211.12267774168708,73.97957747351465,0.0,7021.200523541056,1416.1323533975883,0.0,583.6587562580946,256.5457541723089,0.0,1262.8319547086537,2889.214721693646,0.0,0.0
154,-1.865174681370259e-16,0.0036359670535714,3.1619151741324403e-16,-1.5987211554602278e-17,0.0569112049883742,0.9383938035679013,-4.1264769379267825e-15,0.2388475650816034,342.19602894901874,0.0,4389.893022066911,944.478432587213,0.0,0.0,0.0,0.0,4479.871620155413,883.5336535094177,0.0,0.0,0.0,0.0,0.0,91.26001475309766,0.0,0.0,991.6973952763273,248.78557702396333,6476.931494618462,739.1024285663756,0.0,133.34504996970085,3.165276114947311,0.0,6814.279381466143,1289.308075936021,0.0,426.6711353169712,95.83911114393084,0.0,1108.3016768243083,2606.9589459216995,0.0,0.0
155,-1.865174681370259e-16,0.0012602523588039,3.1619151741324407e-16,-1.5987211554602278e-17,0.0232275251374349,0.8911280234592212,-4.1264769379267825e-15,0.2388022390410202,339.59940776927124,0.0,4470.04590715737,1020.2848900956858,0.0,0.0,0.0,0.0,4579.227600149668,941.3721813789762,0.0,0.0,0.0,0.0,0.0,66.68669905256176,0.0,0.0,841.4625605637389,134.33280810026062,6604.663465232754,815.9300017859541,0.0,82.41956981995192,0.0,0.0,7009.181350532726,1403.894464376138,0.0,301.0113205701992,1.1895775892315583,0.0,1027.776594759829,2374.682005946793,0.0,0.0
156,-1.865174681370259e-16,1.2859717946947424e-05,3.1619151741324407e-16,-1.5987211554602278e-17,0.0124148221362823,0.8704070506656766,-4.1264769379267825e-15,0.2531622406050579,189.66469333889373,0.0,4920.393991267983,1124.7976674417444,0.0,0.0,0.0,0.0,4929.613012723843,1042.419060815073,0.0,0.0,0.0,0.0,0.0,40.915364262116,0.0,0.0,674.9168707176112,16.636039201015674,6761.469448310831,910.1861341973812,0.0,29.89786850887316,0.0,0.0,7242.091342160882,1542.2580342518895,0.0,168.2265836825165,0.0,0.0,947.0727734783738,2127.752242442049,0.0,0.0
157,-1.865174681370259e-16,-3.1974423109204555e-17,3.1619151741324403e-16,-1.5987211554602278e-17,0.0091788380132909,0.8036124861671797,-4.1264769379267825e-15,0.2524418583691689,140.5935071432839,0.0,5139.162333417944,1134.8050813577888,0.0,0.0,0.0,0.0,5116.982497566699,1038.032585224267,0.0,0.0,0.0,0.0,0.0,32.65985669617401,0.0,0.0,613.4511776202621,0.0,6854.335607173056,977.3575551585424,0.0,28.363336287991004,0.0,0.0,7355.942874176933,1641.155617594723,0.0,150.71784734761354,0.0,0.0,960.8529559532784,2097.7902968345875,0.0,0.0
158,-1.865174681370259e-16,-3.1974423109204555e-17,3.1619151741324407e-16,-1.5987211554602278e-17,0.0070994216212643,0.725203772804124,-4.1264769379267825e-15,0.2447469420410869,159.65322369796368,0.0,5160.943550578824,1090.5967944445551,0.0,0.0,0.0,0.0,5183.415544254506,995.321764558852,0.0,0.0,0.0,0.0,0.0,25.059718065358947,0.0,0.0,592.5802340347938,0.0,6884.88480038318,1020.8899215257538,0.0,39.79748354534071,0.0,0.0,7418.687600844341,1721.3525971810177,0.0,177.65716352940316,0.0,0.0,1009.171048889758,2156.6901084041574,0.0,0.0
159,-1.865174681370259e-16,-3.1974423109204555e-17,3.1619151741324407e-16,-1.5987211554602278e-17,0.0050410094352178,0.655507799751036,-4.1264769379267825e-15,0.2399639506591626,198.4626422331057,0.0,5097.551148588354,1011.0819824805144,0.0,0.0,0.0,0.0,5155.719413884185,890.9503634647424,0.0,0.0,0.0,0.0,0.0,17.80233502758982,0.0,0.0,588.627534574695,0.0,6877.839114467888,1041.4475993663482,0.0,52.17424443579724,0.0,0.0,7437.84120613371,1758.533015311675,0.0,211.7712407578914,0.0,0.0,1057.6662181520826,2218.3875803490696,0.0,0.0
160,-1.8651746813702592e-16,-3.1974423109204555e-17,3.1619151741324403e-16,-1.5987211554602278e-17,0.0029405888372112,0.6020213081837053,-4.1264769379267825e-15,0.2459453461278087,224.22284635413465,0.0,5074.99531830017,988.0426030421568,0.0,0.0,0.0,0.0,5135.345973780776,856.5781835345696,0.0,0.0,0.0,0.0,0.0,11.813249082630024,0.0,0.0,585.4009363399659,0.0,6872.017041216863,1058.406694702869,0.0,62.40477524856775,0.0,0.0,7453.583941897472,1789.1489231237806,0.0,239.8304306226001,0.0,0.0,1097.534737701185,2269.154681486684,0.0,0.0
161,-1.865174681370259e-16,-3.1974423109204555e-17,3.1619151741324407e-16,-1.5987211554602278e-17,0.0008487413845025,0.5802603789157276,-4.1264769379267825e-15,0.2453770177902227,291.89105328302867,0.0,5125.300925852982,979.1014030447948,0.0,0.0,0.0,0.0,5189.256846009978,866.3846569372772,0.0,0.0,0.0,0.0,0.0,39.25585461514879,0.0,0.0,600.827642159601,0.0,6728.871005882977,1009.1168420755756,0.0,84.33725032012698,0.0,0.0,7268.905949678618,1705.3917022501266,0.0,286.0773926952473,0.0,0.0,1120.9327451682002,2341.2989007812766,0.0,0.0
162,-1.865174681370259e-16,-3.1974423109204555e-17,3.1619151741324403e-16,-1.5987211554602278e-17,1.9397816686250788e-15,0.5772219843122967,-4.1264769379267825e-15,0.2287419808305646,350.8981653030423,0.0,5175.844585441101,988.4227399826808,0.0,0.0,0.0,0.0,5270.143675700695,888.1916435927504,0.0,0.0,0.0,0.0,0.0,90.3753459765482,0.0,0.0,541.5969585637068,0.0,5709.195402648511,808.145311221768,0.0,82.26994160581096,0.0,0.0,6132.52224243955,1392.581288905127,0.0,260.540634264402,0.0,0.0,961.5313580607784,2048.1638486772567,0.0,0.0
163,-1.865174681370259e-16,-3.1974423109204555e-17,3.1619151741324403e-16,-1.5987211554602278e-17,1.9397816686250788e-15,0.6418720791681105,-4.1264769379267825e-15,0.2269500337674417,422.0,0.0,5238.0,983.0,0.0,0.0,0.0,0.0,5371.0,887.0,0.0,0.0,0.0,0.0,0.0,144.0,0.0,0.0,354.6701014148482,0.0,3738.3446449774033,529.1519008907838,0.0,53.87014198706555,0.0,0.0,4015.607667285845,911.8493972632194,0.0,170.5387829590409,0.0,0.0,629.6010344738286,1341.173326552986,0.0,0.0
164,-1.865174681370259e-16,-3.1974423109204555e-17,3.1619151741324403e-16,-1.5987211554602278e-17,0.0008441599887573,0.7400765606320004,-4.1264769379267825e-15,0.2373069923084587,426.0518596397072,0.0,5254.747686510789,987.8622315676488,0.0,0.0,0.0,0.0,5366.678016384312,865.660205897542,0.0,0.0,0.0,0.0,0.0,131.3041731289174,0.0,0.0,169.61738672864703,0.0,1787.8696074409663,253.0450557794861,0.0,25.771468671763344,0.0,0.0,1920.490328977302,436.1073851087985,0.0,81.5551487276509,0.0,0.0,301.1184411832898,641.4269065174732,0.0,0.0
165,-1.8651746813702592e-16,-3.1974423109204555e-17,3.1619151741324403e-16,-1.5987211554602278e-17,0.0163322116146198,0.9363155129419624,-4.1264769379267825e-15,0.2411528501239004,426.5808401242968,0.0,5241.509775624436,956.2996501066654,0.0,0.0,0.0,0.0,5248.47087012957,650.9345999204704,0.0,0.0,0.0,0.0,0.0,109.44577019770972,0.0,0.0,75.53574779430663,0.0,795.9415306332126,112.6588519300327,0.0,11.44215447469442,0.0,0.0,854.9725077837847,194.17674944592716,0.0,36.31717437237396,0.0,0.0,134.0759006075788,285.5634771187905,0.0,0.0
166,-1.8651746813702587e-16,-3.1974423109204555e-17,3.1619151741324403e-16,-1.5987211554602278e-17,0.0785369957002917,1.2361741079762538,0.0023869610800835,0.2192739209471973,532.5199521644248,0.0,5505.737825544954,1101.6243600661537,0.0,0.0,0.0,0.0,5543.835160700229,712.7658428389506,0.0,0.0,0.0,0.0,0.0,337.77088453137304,0.0,0.0,315.12096871696826,17.26321465556661,1677.895931956679,21.443196752585457,0.0,25.572305589128355,0.0,0.0,1595.3550383563406,36.92994996278607,0.0,6.89952189482852,0.0,0.0,25.452729280508468,245.431901224241,0.0,0.0
167,-1.865174681370259e-16,-3.1974423109204555e-17,0.0029547025231283,-1.5987211554602278e-17,0.2140855278545892,1.6130048666504009,0.0181477131681533,0.2417262867508308,1758.752231481663,498.83686980150856,6415.91452027298,1868.3796299329404,0.0,238.9571583361057,78.30945301752936,0.0,6695.23424829011,1677.1273707689647,0.0,0.0,70.51226539512565,0.0,80.39884906059268,717.5722840125399,0.0,0.0,633.9673754782713,37.19247994329399,4007.6953498306175,3.9685770241235527,0.0,31.592859085754483,0.0,0.0,3677.2006869182815,6.834771541546119,0.0,1.2756140434682852,0.0,0.0,4.708748135765645,352.1700123671477,0.0,0.0
168,-1.865174681370259e-16,-3.1974423109204555e-17,0.0184132753953491,-1.5987211554602278e-17,0.4643044518622558,2.0703941668221364,0.0684333663120326,0.438042731554562,3970.2348426730905,2128.865677192762,6812.11762263465,2162.283214572809,0.0,908.6084978179224,564.839922019772,0.0,7225.937512471267,2039.502036349752,0.0,0.0,313.8996121663503,0.0,129.7059509095545,946.722137411858,0.0,0.0,146.3756910880612,0.0,3526.4093925929924,0.0,0.0,0.0,0.0,0.0,3076.055294804786,0.0,0.0,0.0,0.0,0.0,0.0,55.42123086486376,0.0,0.0
169,-1.865174681370259e-16,-3.1974423109204555e-17,0.0340305203122926,-1.5987211554602278e-17,0.7783222532700109,2.490737077652678,0.1379477997807267,0.6882321998489881,4958.163421456797,3371.5347851260944,6477.928548731707,1845.8183590215383,0.0,1370.3264245311514,971.9119669245156,0.0,6965.118271422543,1762.8560532121949,0.0,1.3413414703017126,514.7062882952655,0.0,105.33012965845263,1006.6453932187052,0.0,0.0,0.0,0.0,2779.181174764138,0.0,0.0,0.0,0.0,0.0,2478.8879704326155,0.0,0.0,0.0,0.0,0.0,0.0,0.0,0.0,0.0
170,-1.865174681370259e-16,-3.1974423109204555e-17,0.0478582892491697,-1.5987211554602278e-17,1.1017669558035836,2.875602707871652,0.2025909206910259,0.9013917528297536,4989.453309929703,3476.551674719131,6406.642972767254,1778.1629399486987,0.0,1441.8047923112763,1032.6926558454743,0.0,6899.90427750538,1741.2359228362875,0.0,7.244370243826682,589.4292293356589,0.0,93.91272491291905,1099.133535085818,0.0,0.0,0.0,0.0,2646.4052281000563,0.0,0.0,0.0,0.0,0.0,2400.360529670671,0.0,0.0,0.0,0.0,0.0,0.0,0.0,0.0,0.0
171,0.0003084016250591,-3.1974423109204555e-17,0.0647769712425252,-1.5987211554602278e-17,1.5234596659686783,3.28265666779877,0.2823998954760283,1.167162620041764,4989.453309929703,3476.551674719131,6406.642972767254,1778.1629399486987,0.0,1441.8047923112763,1032.6926558454743,0.0,6899.90427750538,1741.2359228362875,0.0,7.2443702438266815,589.4292293356589,0.0,93.91272491291905,1099.133535085818,0.0,0.0,0.0,0.0,2646.4052281000563,0.0,0.0,0.0,0.0,0.0,2400.360529670671,0.0,0.0,0.0,0.0,0.0,0.0,0.0,0.0,0.0
172,0.0096262217171331,-3.1974423109204555e-17,0.0820958510204085,-1.5987211554602278e-17,1.924244829553872,3.569261647150455,0.3875576651760755,1.4560045571362128,5050.118484165979,3631.101356852608,6144.901906169064,1558.7872539735906,0.0,1525.3043138140008,1138.497347526345,0.0,6584.2434614007125,1544.5594555340383,0.0,92.5147926696692,695.0629359381106,0.0,69.19879853634264,1250.4343778517537,0.0,0.0,0.0,0.0,2423.423876549109,0.0,0.0,0.0,0.0,0.0,2155.3758134894224,0.0,0.0,0.0,0.0,0.0,0.0,0.0,0.0,0.0
173,0.0285000060766933,-3.1974423109204555e-17,0.1006319396425478,-1.5987211554602278e-17,2.248290166223552,3.728897349804611,0.5487681570849668,1.6946518674182132,5523.36039098115,4077.748022148066,5525.942825284618,1022.371511397618,0.0,1700.589850857014,1338.467416239413,0.0,5665.095616715672,848.2037527017548,0.0,235.14320402624367,751.2258901706577,0.0,10.758185805122258,1330.1917788899084,0.0,0.0,0.0,0.0,2001.3656839515968,0.0,0.0,0.0,0.0,0.0,1614.9015420342323,0.0,0.0,0.0,0.0,0.0,0.0,0.0,0.0,0.0
174,0.055755047003322,-3.1974423109204555e-17,0.1099524879867111,-1.5987211554602278e-17,2.485961531611909,3.802704446045436,0.7241140419863006,1.7747793396637113,6868.785109141281,4817.791281005894,6005.269750297218,1265.38483482653,0.0,2038.8122837680548,1323.4925644380537,0.0,5805.223402023144,705.0228210881023,0.0,0.2977993737971973,357.9097783431399,0.0,0.0136248079515056,604.6272216631705,0.0,0.0,0.0,0.0,1738.082742869393,0.0,0.0,0.0,0.0,0.0,1383.769764297184,0.0,0.0,0.0,0.0,0.0,0.0,0.0,0.0,0.0
175,0.0816190496611294,-3.1974423109204555e-17,0.1165008580863787,-1.5987211554602278e-17,2.620267961100648,3.732887449252307,0.9122035243220604,1.7666707906116916,7436.462913375681,4958.270529996601,6308.366947957643,1466.531514401993,0.0,2198.2235789020965,1323.7435415572456,0.0,5931.746076387501,757.9583129845938,0.0,0.0,198.09970208939893,0.0,0.0,326.42134059915463,0.0,0.0,0.0,0.0,1166.1436210383708,0.0,0.0,0.0,0.0,0.0,928.4336218901544,0.0,0.0,0.0,0.0,0.0,0.0,0.0,0.0,0.0
176,0.1056725721328903,-3.1974423109204555e-17,0.1225908422790697,-1.5987211554602278e-17,2.6660680619686787,3.517075844280975,1.1276148380645428,1.7680391188220268,7651.245973036846,4784.632753806034,6793.779039040269,1909.4811474677704,0.0,2373.9659755417324,1411.1525083263705,0.0,6288.928254150446,1137.4567751427594,0.0,0.0,227.80174029409136,0.0,0.0,227.3388276598433,0.0,0.0,0.0,0.0,570.2991167268881,0.0,0.0,0.0,0.0,0.0,454.0151859324317,0.0,0.0,0.0,0.0,0.0,0.0,0.0,0.0,0.0
177,0.1305584901644216,-3.1974423109204555e-17,0.1264993543495017,-1.5987211554602278e-17,2.610724514121659,3.196709886648389,1.344182155671878,1.7315175806236227,7588.458478020157,4789.618194872341,6974.77679019383,2020.6632174625324,0.0,2479.276716298589,1585.8614496195005,0.0,6519.601813598601,1505.181161996589,0.0,0.0,423.8443252221012,0.0,0.0,514.1988925580969,0.0,0.0,0.0,0.0,284.8773702503496,0.0,0.0,0.0,0.0,0.0,307.1914471008742,0.0,0.0,0.0,0.0,0.0,0.0,0.0,0.0,0.0
178,0.1480614339785029,-3.1974423109204555e-17,0.117914850573383,-1.5987211554602278e-17,2.423209876127421,2.7665047990330325,1.5220438561242866,1.5167256008606629,7397.982300515003,4382.948682621591,7039.182573929205,2042.1965292693649,0.0,2466.7612972182783,1518.7022162205735,0.0,6587.300681214498,1565.127232197431,0.0,0.0,401.2707872766919,0.0,0.0,536.5747733367901,0.0,0.0,0.0,0.0,1338.3277897976386,0.0,0.0,0.0,0.0,0.0,1488.563155744343,0.0,0.0,0.0,0.0,0.0,0.0,0.0,0.0,0.0
179,0.1552968776144923,-3.1974423109204555e-17,0.1028357687840534,-1.5987211554602278e-17,2.125903758587102,2.317423325783746,1.5961490409643266,1.2188427726378728,7243.190486022717,4131.533483292362,6993.203822011913,2018.9955546702683,0.0,2398.4434009930333,1432.1881661921743,0.0,6534.849021541631,1520.8032395036778,0.0,0.0,370.4980736904496,0.0,0.0,504.0960094056375,0.0,0.0,0.0,0.0,1623.8474528017723,0.0,0.0,0.0,0.0,0.0,1807.8037054131,0.0,0.0,0.0,0.0,0.0,0.0,0.0,0.0,0.0
180,0.1557012959999998,-3.1974423109204555e-17,0.0859170867906981,-1.5987211554602278e-17,1.7655609836036774,1.8302495288348704,1.630378963722488,0.9196605100465132,4400.137505634574,2003.381092457604,6108.800287687515,1332.0427980136744,0.0,1204.8149741579127,612.8769696971993,0.0,5711.384540607796,1011.5662311677166,0.0,0.0,126.48129870310494,0.0,0.0,400.3665356206565,0.0,0.0,300.5034603201109,0.0,3205.997419349901,0.0,0.0,103.0261865208437,0.0,0.0,3570.8186893351303,45.17579801219173,0.0,224.9655901383825,0.0,0.0,346.4731560438022,979.4473404201308,0.0,0.0
181,0.1552879065876862,-3.1974423109204555e-17,0.0699744826046517,-1.5987211554602278e-17,1.3848971180009937,1.4075348325592758,1.6123954693257876,0.6372204660776175,2441.9837638516683,495.1712571654513,5367.0203040080505,761.1516183526085,0.0,392.89825485549073,28.21058747399641,0.0,5091.465340562545,579.0722174923276,0.0,0.0,0.0,0.0,0.0,303.66887651985024,0.0,0.0,827.0186842186403,33.78998853833189,4252.398295253357,6.950634215410815,0.0,302.2711030483249,59.1522914359936,0.0,4651.341909388018,238.80708107209452,0.0,646.0186842186403,84.87605841487182,0.0,937.9883597267744,2559.744467759768,0.0,0.0
182,0.144806043695681,-3.1974423109204555e-17,0.0537378524826583,-1.5987211554602278e-17,1.0207991225134905,1.0775655014423962,1.5159340212207253,0.3543098357110963,2161.693197194536,152.04353638624983,5056.986053198819,605.6945168061371,0.0,254.1368078471216,0.0,0.0,4872.159875702447,405.8953472070644,0.0,0.0,0.0,0.0,0.0,326.4719720167688,0.0,0.0,1024.3289656863735,153.40767339148675,4563.555116442325,28.98211976524769,0.0,403.83017954640826,258.76548474465886,0.0,4851.834126060851,480.5112573042259,0.0,854.6735897038225,386.4004135874842,0.0,1129.3045962105714,2972.124133097796,0.0,0.0
183,0.1254848439327731,-3.1974423109204555e-17,0.0353055749431309,-1.5987211554602278e-17,0.7016842386249769,0.7742248360031315,1.3567768361039625,0.1076213845174908,1829.886114310408,0.0,4718.039409596638,468.5450909831194,0.0,87.15892025979186,0.0,0.0,4638.369885676759,204.45320078398112,0.0,0.0,0.0,0.0,0.0,412.04209708411616,0.0,0.0,1165.3410372234928,230.3558009581521,4753.488474037139,47.69068292242519,0.0,464.7496375945887,332.7496375945887,0.0,5010.56317877331,609.405624117824,0.0,991.29585995664,515.29585995664,0.0,1203.8555394396262,3214.6707502578947,0.0,0.0
184,0.101239449129568,-3.1974423109204555e-17,0.0277292585182727,-1.5987211554602278e-17,0.4944652546680781,0.5370006063696819,1.2042244630465084,0.0288114618547271,1647.299053455749,0.0,4567.241411897635,391.9407780498983,0.0,4.101968098980762,0.0,0.0,4508.815296083656,105.2916717380066,0.0,0.0,0.0,0.0,0.0,473.8668575203504,0.0,0.0,1234.9547852296882,293.5947425697989,4807.471365675685,71.3543655855771,0.0,478.3260188129853,348.77239512198776,0.0,5108.9042805806985,607.7661391602015,0.0,1000.3977212622927,525.1552620120249,0.0,1180.8416559561538,3185.586990041248,0.0,0.0
185,0.0753754464717606,-3.1974423109204555e-17,0.021180888418605,-1.5987211554602278e-17,0.3435886253165657,0.3296153125294322,1.0175697040749865,0.0232327110498343,1513.8043235360444,0.0,4693.123648109116,513.5897587785845,0.0,0.0,0.0,0.0,4541.191343017027,155.66867204724298,0.0,0.0,0.0,0.0,0.0,460.18558854827774,0.0,0.0,1265.5233693151292,327.133831290529,4960.398135869824,126.97124557664472,0.0,458.703408942796,357.74953025353835,0.0,5265.077546092251,624.7696026611256,0.0,989.926864361005,529.4970103242905,0.0,1211.9883023763482,3122.9479863642337,0.0,0.0
186,0.048218243681063,-3.1974423109204555e-17,0.0143050998139538,-1.5987211554602278e-17,0.2280057913957572,0.1720639674955641,0.7749707131580428,0.018432632212625,1471.5505797731223,0.0,4852.33522246906,621.8959457652684,0.0,0.0,0.0,0.0,4687.554958145996,212.1113272960932,0.0,0.0,0.0,0.0,0.0,364.2752777731799,0.0,0.0,1206.5993675962286,284.35402583084505,5061.03522246906,177.33748475377567,0.0,427.695645853888,311.5175870077674,0.0,5413.313694842108,685.6718559422196,0.0,917.2836293462504,460.01240580780205,0.0,1193.037265876931,3064.923376384742,0.0,0.0
187,0.0221375941550386,-3.1974423109204555e-17,0.007560278611296,-1.5987211554602278e-17,0.1517229438006655,0.0750875958028848,0.5346285205581356,0.0142997458006648,1434.6083602422634,0.0,5002.912693575511,722.7534531126896,0.0,0.0,0.0,0.0,4817.484335387466,267.28831078918034,0.0,0.0,0.0,0.0,0.0,277.2316336859188,0.0,0.0,1131.6861936709734,208.43326420275423,5232.266725388483,247.97362245055035,0.0,385.7644625630129,236.20929288297845,0.0,5614.168853422382,773.9596935348453,0.0,820.6590666004314,350.1020658424955,0.0,1185.0361125887594,2938.3395861130493,0.0,0.0
188,0.0070126591495014,-3.1974423109204555e-17,0.0014959387694355,-1.5987211554602278e-17,0.0976425040239221,0.020097611367447,0.3322796012677703,0.0134037036279074,1487.5509663278897,35.46591345716926,5116.4486339424775,821.6432620304894,0.0,0.0,0.0,0.0,4886.737868215473,309.63084135464106,0.0,0.0,0.0,0.0,0.0,262.27427772200764,0.0,0.0,1056.7909344203638,132.57807704945293,5403.266506077266,318.4993609377832,0.0,343.85763471407824,161.01748603616863,0.0,5814.736359100038,862.0946328763331,0.0,724.1765988998499,240.2985193848276,0.0,1177.0444824977417,2811.9334951555197,0.0,0.0
189,0.0004202779300369,-3.1974423109204555e-17,3.2862601528904554e-16,-1.5987211554602278e-17,0.063917696524528,0.0039610815360615,0.2011759591518434,0.0115070100996682,1601.1996931865724,65.24398003254163,5101.386730154278,821.3622384763066,0.0,0.0,0.0,0.0,4909.265134043165,325.6095561761955,0.0,0.0,0.0,0.0,0.0,356.3485476106949,0.0,0.0,1001.7577780520362,76.78609250067933,5528.983121432949,370.33976302033375,0.0,312.9963460627376,105.76092748364628,0.0,5962.272049913564,926.9286329559678,0.0,653.2622499466252,159.57583893862113,0.0,1171.187733470983,2718.9764708976204,0.0,0.0
190,-1.9895196601282744e-16,-3.1974423109204555e-17,3.2862601528904554e-16,-1.5987211554602278e-17,0.054557506297216,0.030504918401743,0.092834297717093,0.0091738958471765,1739.1471792941898,89.70957426661572,4798.656192857839,683.3108081606364,0.0,12.89265817119058,52.15800475769442,0.0,4795.659262080893,338.933232001505,0.0,0.0,68.12592480304723,0.0,12.053325751466872,746.3357928077171,0.0,0.0,1001.8343555550834,141.47694129640865,5614.367881762374,364.8229584656028,0.0,265.8090333036171,31.8483115617414,0.0,6008.29898439451,804.8257749356712,0.0,454.0866807471117,45.43080748278995,0.0,883.5380256654305,2290.419395969556,0.0,0.0
191,9.994158139514988e-05,-3.1974423109204555e-17,3.2862601528904554e-16,-1.5987211554602278e-17,0.0701792347162807,0.0968146912000053,0.038124400220594,0.0080887517554821,1523.7287584443816,24.167781871551814,4766.637331797028,649.7785324251819,0.0,51.94885020137883,155.5163412946974,0.0,4920.969749268286,566.5930876296877,0.0,0.0,267.79111447371093,0.0,128.60230636778854,1205.5052026744129,0.0,0.0,985.028614550758,173.0388538494588,5644.92299814749,352.9593978281427,0.0,228.3069649340487,0.0,0.0,6022.646396086598,725.3881692777634,0.0,316.78482953182896,0.0,0.0,716.0692167226155,2029.2178894665471,0.0,0.0
192,0.0017561163588037,-3.1974423109204555e-17,3.2862601528904554e-16,-1.5987211554602278e-17,0.1456931609588182,0.225181764031598,0.0326698316374309,0.0158555412471639,1299.5560032412443,0.0,4845.901756342646,703.4859464535434,0.0,41.320423154631385,132.51976739222204,0.0,5027.901314330107,750.7380435059695,0.0,0.0,280.7454880372304,0.0,214.8712343393892,1332.83757583628,0.0,0.0,963.0967725022545,158.1551136055896,5634.9217374847385,349.91436719644184,0.0,210.61449555899563,0.0,0.0,6026.334533625965,713.785761166112,0.0,282.69934423759065,0.0,0.0,697.1824053058125,1979.605557020773,0.0,0.0
193,0.0039833858870429,-3.1974423109204555e-17,3.2862601528904554e-16,-1.5987211554602278e-17,0.3143673586890773,0.4120773582739938,0.0309296260183662,0.0402481771295685,1123.1828327718315,0.0,4752.63172564773,656.0456524046157,0.0,13.08195960627841,55.817840340186265,0.0,4941.151606336082,767.132283052287,0.0,0.0,222.7271014970208,0.0,241.08301322935208,1330.3676858035772,0.0,0.0,912.9377473422865,172.89610115424904,5681.172034876425,380.9493436365207,0.0,185.63008618665765,0.0,0.0,6108.984329711242,765.8225893573177,0.0,244.8055155992977,0.0,0.0,698.6944182659224,1929.6925899217888,0.0,0.0
194,0.0061035751495014,-3.1974423109204555e-17,3.286260152890455e-16,-1.5987211554602278e-17,0.5857151368181083,0.6562304262458521,0.0396032244518233,0.0674787916794024,1008.8273667933876,0.0,4162.774488578546,159.21105389807406,0.0,0.0,0.0,0.0,4351.3173736055705,377.1977463575407,0.0,0.0,146.9793740848742,0.0,58.072884413641766,1256.9430630494487,0.0,0.0,759.2387874148036,349.9036363615642,6013.20013938045,580.601781839564,0.0,150.11129627543554,0.0,0.0,6568.942138113151,1137.9294156909227,0.0,235.0932684015139,0.0,0.0,823.1112444567174,1945.566470949997,0.0,0.0
195,0.0081809323056476,-3.1974423109204555e-17,3.2862601528904554e-16,-1.5987211554602278e-17,0.9783693081865906,0.9391275174544764,0.0491111283588001,0.1014050957447966,858.7639343088642,0.0,3673.23228929748,0.0,0.0,0.0,0.0,0.0,3855.8090200410593,133.53053014026884,0.0,0.0,74.31149854483135,0.0,0.0,1054.1462901467569,0.0,0.0,825.1645903111983,550.7328418783596,6599.320390166885,976.983823558144,0.0,228.50932376588423,29.93880681164495,0.0,7319.538622091172,1678.3885144808423,0.0,379.36418798516246,39.42493097852035,0.0,1040.598702642677,2169.460633249262,0.0,0.0
196,0.0103225376212622,-3.1974423109204555e-17,3.2862601528904554e-16,-1.5987211554602278e-17,1.4588121193355497,1.2662975162579688,0.05757822177291,0.1621590597209304,6.211354845005544,0.0,1877.0178067202369,0.0,0.0,0.0,0.0,0.0,1910.838774501521,0.0,0.0,0.0,0.0,0.0,0.0,0.0,0.0,0.0,1156.2954037091536,514.1705752159138,6212.218163632487,1671.263356752435,0.0,483.728553331952,236.3983460008807,0.0,6855.937747780461,2326.673608682476,0.0,733.4123227696333,311.3266196574804,0.0,1253.0488286506425,2351.61112852585,1.45010011991657,0.0
197,0.0124116129951731,-3.1974423109204555e-17,3.2862601528904554e-16,-1.5987211554602278e-17,2.0402475497849952,1.6879725757505226,0.0630455657142819,0.227352571643202,0.0,0.0,1490.1231540070276,0.0,0.0,0.0,0.0,0.0,1466.3506540318065,0.0,0.0,0.0,0.0,0.0,0.0,0.0,0.0,0.0,973.1147420013078,566.3511881489021,4507.871872381468,1183.4617152361693,0.0,414.8371921693104,265.95448831046195,0.0,4950.176826188281,1665.5553690003617,0.0,637.9705536244378,339.28292289241386,0.0,967.3026959369716,1837.078311102768,36.804980740448855,0.0
198,0.0137828775946842,-3.1974423109204555e-17,3.2862601528904554e-16,-1.5987211554602278e-17,2.618615840191524,2.1409658057799565,0.0683567468970062,0.2830109459401994,0.0,0.0,1106.920301180161,0.0,0.0,0.0,0.0,0.0,1045.2769871688051,0.0,0.0,0.0,0.0,0.0,0.0,0.0,0.0,0.0,1809.6031984472,1419.9743919644286,6406.681599756778,1588.7482040856785,0.0,792.6917266714323,678.39663977769,0.0,6956.370452634357,2294.6114023122527,0.0,1243.3166166722128,843.0265123482429,0.0,1559.4195367137909,3026.6254001965904,115.42016225313166,0.0
199,0.0158330528372091,-3.1974423109204555e-17,3.2862601528904554e-16,-1.5987211554602278e-17,3.116431054932076,2.540590767266568,0.0712382049949775,0.3199031177142857,0.0,0.0,889.5128807576782,0.0,0.0,0.0,0.0,0.0,849.6869065055583,0.0,0.0,0.0,0.0,0.0,0.0,0.0,0.0,0.0,2090.6018016509597,1495.6930075067503,7459.799549042023,1787.6648976268723,0.0,998.7666478796132,1001.0684397077256,0.0,8202.97475251835,2886.4825727238426,0.0,1863.1559110956784,1354.30209841428,0.0,2516.153290627991,4409.946720499989,379.25932544517497,0.0
200,0.0178704608172755,-3.1974423109204555e-17,3.286260152890455e-16,-1.5987211554602278e-17,3.5028990909520297,2.854926453186187,0.0671722744186009,0.353220730564784,0.0,0.0,695.7450639825696,0.0,0.0,0.0,0.0,0.0,675.3321344386019,0.0,0.0,0.0,0.0,0.0,0.0,0.0,0.0,0.0,1757.169312941846,1123.8886616408404,7460.452163232045,1890.9157298962143,0.0,872.6845559950783,894.6667092489257,0.0,8289.764127113262,3101.0061875131373,0.0,1954.927906062613,1330.6624563909447,0.0,2786.331554955794,4758.005414778862,439.51130826875857,0.0
201,0.0198482720883327,-3.1974423109204555e-17,3.2862601528904554e-16,-1.5987211554602278e-17,3.7762259014789943,3.10287988183702,0.0624302660332189,0.3804176644948209,0.0,0.0,662.7541659333797,0.0,0.0,0.0,0.0,0.0,642.5110772429736,0.0,0.0,0.0,0.0,0.0,0.0,0.0,0.0,0.0,1725.7847696575825,1385.3203437779064,7650.096967720318,1963.9924845016244,0.0,797.8787631321117,729.0835409297092,0.0,8336.754648059332,2989.682309683321,0.0,1778.3616496604316,1091.580470041816,0.0,2373.0051185498296,4344.106771704869,344.1533105670014,0.0
202,0.0202513493421924,-3.1974423109204555e-17,3.2862601528904554e-16,-1.5987211554602278e-17,3.908056777760093,3.229444373605999,0.0591295299845866,0.3735993319216791,0.0,0.0,573.3654480252256,0.0,0.0,0.0,0.0,0.0,552.3756145832035,0.0,0.0,0.0,0.0,0.0,0.0,0.0,0.0,0.0,2007.947325489334,1843.678041971565,7603.676846940978,1807.1023131822117,0.0,892.6741068754201,756.5998902241489,0.0,8109.400218610882,2626.10212624368,0.0,1653.4085619309783,1012.547840344188,0.0,1976.274139018181,3938.9596250528175,256.1971823013509,0.0
203,0.0202105764717605,-3.1974423109204555e-17,3.2862601528904554e-16,-1.5987211554602278e-17,3.8839483168298,3.2078912296015907,0.0569667489161731,0.3478304747242527,0.0,0.0,500.4101325944094,0.0,0.0,0.0,0.0,0.0,486.0091403701626,0.0,0.0,0.0,0.0,0.0,0.0,0.0,0.0,0.0,2241.6587273264045,2169.382788574012,7476.676601520738,1627.4662451185145,0.0,989.6141082385628,812.1380979641817,0.0,7846.564227348873,2303.080205176269,0.0,1598.8721548308397,995.4168624977344,0.0,1742.832396521144,3722.905290779148,205.29389296458885,0.0
204,0.0196388375497058,-3.1974423109204555e-17,3.2862601528904554e-16,-1.5987211554602278e-17,3.737257714313313,3.0553095439580957,0.0487470554551457,0.3209212039335561,0.0,0.0,387.1963714258176,0.0,0.0,0.0,0.0,0.0,371.1924612497091,0.0,0.0,0.0,0.0,0.0,0.0,0.0,0.0,0.0,2445.998964134324,2454.138192824885,7365.657257632164,1470.4068095932962,0.0,1074.3373058011125,860.670744370454,0.0,7616.7991497581215,2020.6948350197715,0.0,1551.149009437892,980.4210442171672,0.0,1538.7655426083315,3533.9545286223674,160.7790293466206,0.0
205,0.0174845600132888,-3.1974423109204555e-17,3.2862601528904554e-16,-1.5987211554602278e-17,3.397038604850497,2.812005468161374,0.038749053408634,0.2850935198272434,0.0,0.0,222.3825604066516,0.0,0.0,0.0,0.0,0.0,212.1915579117304,0.0,0.0,0.0,0.0,0.0,0.0,0.0,0.0,0.0,3062.736132303495,3132.382100373793,7363.283943473553,1379.6568371882663,0.0,1357.1733560410537,982.0821201893408,0.0,7415.144039057927,1678.2763668534428,0.0,1361.940422459707,885.4502347678514,0.0,1147.382154266004,3016.440035320424,70.80976698114397,0.0
206,0.0154714510166111,-3.1974423109204555e-17,3.2862601528904554e-16,-1.5987211554602278e-17,2.9870554018527478,2.5518285649936856,0.0298149456156858,0.2303016460863788,0.0,0.0,177.23444147592065,0.0,0.0,0.0,0.0,0.0,170.15868967057705,0.0,0.0,0.0,0.0,0.0,0.0,0.0,0.0,0.0,3649.792876083612,3699.6742940535655,7525.440425346063,1477.1663197195803,0.0,1629.0319393888724,1081.5992713736837,0.0,7460.600603341024,1586.4126322265215,0.0,1150.2233932847582,767.0815763235755,0.0,865.4075979789635,2527.8193101572183,0.0,0.0
207,0.0136026185885642,-3.1974423109204555e-17,3.2862601528904554e-16,-1.5987211554602278e-17,2.522911697012764,2.2340716106501204,0.0327083680454587,0.1765662542822174,3.455569488129353,0.0,228.8289000920252,0.0,0.0,0.0,0.0,0.0,225.03683966563045,0.0,0.0,0.0,0.0,0.0,0.0,0.0,0.0,0.0,3316.2705296865565,3309.271451154699,7794.100648442978,1768.6128822264243,0.0,1370.2769707065013,950.6707160119392,0.0,7897.664989828828,1969.3343010701235,0.0,1101.5008351355857,735.022184595689,0.0,1013.0120307059038,2584.115442595882,0.0,0.0
208,0.0120976447109632,-3.1974423109204555e-17,3.2862601528904554e-16,-1.5987211554602278e-17,1.9100136726511645,1.7859690708549338,0.0795984053864855,0.1192323200797344,190.55763130195268,0.0,612.3781620185923,0.0,0.0,0.0,2.2777777777777777,0.0,611.4429147607102,0.0,0.0,0.0,2.259259259259259,0.0,0.0,5.685185185185185,0.0,0.0,2476.713233741577,2106.581426098077,8367.93223824701,2266.2156277507256,0.0,729.1382801436231,512.0409062121884,0.0,8740.82240739757,2644.363971058974,0.0,795.2879553686488,448.40558446707,0.0,1174.9747211942356,2476.532206128572,0.0,0.0
209,0.009871976810631,-3.1974423109204555e-17,3.2862601528904554e-16,-1.5987211554602278e-17,1.3401261735422292,1.3382477602483005,0.165166844676338,0.0804667012624586,1274.465959151826,66.01700454678871,1447.1915417888786,2.0826932303304697,0.0,86.54185099313786,184.90192950498877,0.0,1775.7790493298585,2.855598065496696,0.0,0.0,171.92347224799084,0.0,1.195668218159834,529.2416382287133,0.0,0.0,2074.6820974924085,1428.0522154159737,8390.996562044906,2151.627101775437,0.0,453.4698112868549,140.85527315568578,0.0,8734.774140031406,2533.8106914620425,0.0,481.9884158292221,99.66654707044914,0.0,1017.6466379592348,2154.8951191300544,0.0,0.0
210,0.0076455309767439,-3.1974423109204555e-17,3.2862601528904554e-16,-1.5987211554602278e-17,0.8793069504701326,0.9656407593626742,0.2667099786773299,0.0492091479867112,902.8067568444596,48.89412285686704,3324.675614850049,337.0661293215767,0.0,28.86520506007814,55.96315266749843,0.0,3740.418942576001,463.8859026296729,0.0,0.0,96.94747907315435,0.0,197.8804177000812,1062.592399927814,0.0,0.0,1855.9249183001727,1164.7614367573522,8125.516334137724,1860.6669394368687,0.0,347.464336732346,0.0,0.0,8437.974098454797,2218.5887429587888,0.0,331.765220862504,0.0,0.0,885.2040278490447,1953.015801318675,0.0,0.0
211,0.0055451103787373,-3.1974423109204555e-17,3.2862601528904554e-16,-1.5987211554602278e-17,0.5754065161993362,0.6520754212179067,0.4217246441860427,0.0258833029470395,227.7471909518088,0.0,4130.200770190281,976.2849343191924,0.0,0.0,0.0,0.0,4582.0054597656535,1386.8352060321274,0.0,0.0,29.514295490526035,0.0,669.8727910687817,1492.216832825782,0.0,0.0,1641.3951990642167,906.515022754078,7865.199957073271,1575.3532196502847,0.0,243.52127417337735,0.0,0.0,8146.912327088093,1909.4491419344656,0.0,184.4432501033541,0.0,0.0,755.3680800300455,1755.1135722705617,0.0,0.0
212,0.0033816771627904,-3.1974423109204555e-17,3.2862601528904554e-16,-1.5987211554602278e-17,0.3589140108852548,0.3880746917848249,0.6343157106409366,0.0277236193800156,205.63644172747925,0.0,4139.9801218912,974.1196556510464,0.0,0.0,0.0,0.0,4597.22389551326,1401.6009253720913,0.0,0.0,21.90022245775407,0.0,675.5809182638762,1489.8581705804622,0.0,0.0,1391.491185276706,615.5849387483929,7528.942074849461,1239.985433436648,0.0,131.74031268202194,0.0,0.0,7716.633142920062,1486.6627986312549,0.0,53.2923557875299,0.0,0.0,532.8479543173582,1439.4930549681396,0.0,0.0
213,0.001344269182724,-3.1974423109204555e-17,3.2862601528904554e-16,-1.5987211554602278e-17,0.2266149366006654,0.2369590550139594,0.8659269188092983,0.0292559760000002,182.26525087460885,0.0,4150.255566984676,971.8720624869912,0.0,0.0,0.0,0.0,4613.31643215806,1417.1572698877717,0.0,0.0,13.872370528332802,0.0,681.6110154074319,1487.3242236654762,0.0,0.0,1096.8518270031227,295.1717515346514,7042.214518532607,836.9325145605898,0.0,23.73890704728671,0.0,0.0,6976.193135139073,832.9009339082598,0.0,1.5255322714281725,0.0,0.0,94.97739309703468,861.0971339902172,0.0,0.0
214,3.7066245846979046e-05,-3.1974423109204555e-17,3.2862601528904554e-16,-1.5987211554602278e-17,0.1303474024092247,0.1682325296494097,1.0778273655055657,0.0292559760000002,161.66030867073897,0.0,4159.325922598856,969.929128486678,0.0,0.0,0.0,0.0,4627.441597414834,1430.8931275528405,0.0,0.0,6.744948914466026,0.0,686.9241621250922,1485.1206411775645,0.0,0.0,1102.514828063401,288.53666656392693,7021.478197010153,843.3172896779328,0.0,26.29704220327463,0.0,0.0,6987.356878527907,866.9291168120861,0.0,0.0,0.0,0.0,133.1494074192665,922.9736365129672,0.0,0.0
215,-1.971756091734272e-16,-3.1974423109204555e-17,3.2862601528904554e-16,-1.5987211554602278e-17,0.0710240970396555,0.1198343666549854,1.290148310264786,0.0292559760000002,116.68439456540654,0.0,4234.94901448141,962.5249438146582,0.0,0.0,0.0,0.0,4698.619724068033,1399.7273839331106,0.0,0.0,0.4075039126479459,0.0,618.272271098602,1423.2168337519,0.0,0.0,1120.3883375155792,292.083401630321,7013.844003296526,866.0039492502709,0.0,33.46791985865882,0.0,0.0,7028.450576376623,933.0517249301382,0.0,0.0,0.0,0.0,196.46644878207852,1020.7625037315393,0.0,0.0
216,-1.971756091734272e-16,-3.1974423109204555e-17,3.2862601528904554e-16,-1.5987211554602278e-17,0.0377021673046995,0.0777166358706748,1.506243528986704,0.0291402175258664,129.62301435907654,0.0,4271.574508636609,935.5627741536916,0.0,0.0,0.0,0.0,4714.624685773959,1339.496738520853,0.0,0.0,0.0,0.0,590.8442306591704,1405.8022076535833,0.0,0.0,1130.536406800725,294.09978150077177,7009.501784856903,878.9232827043097,0.0,37.54034930418162,0.0,0.0,7051.81755534395,970.6502381404472,0.0,0.0,0.0,0.0,232.48297220934447,1076.3621173964386,0.0,0.0
217,-1.971756091734272e-16,-3.1974423109204555e-17,3.2862601528904554e-16,-1.5987211554602278e-17,0.01649002794741,0.0437625304220032,1.6493073863971088,0.0258524709368773,195.88528651963608,0.0,4298.592921812714,865.8100601751371,0.0,0.0,0.0,0.0,4693.703935405799,1179.7833626551053,0.0,0.0,0.0,0.0,508.4513650089265,1357.332951641284,0.0,0.0,1155.9370324617837,294.57874341285054,6997.761043722372,911.260395399025,0.0,46.62649645184085,0.0,0.0,7102.712648180861,1056.7153983370697,0.0,0.0,0.0,0.0,328.76022931575454,1234.666421118114,0.0,0.0
218,-1.971756091734272e-16,-3.1974423109204555e-17,3.2862601528904554e-16,-1.5987211554602278e-17,0.0043211161128321,0.0163968016849552,1.6877266796742891,0.0209926742591365,226.50225377646893,0.0,4331.1825786643485,831.729821632966,0.0,0.0,0.0,0.0,4702.209599168375,1060.157331367335,0.0,0.0,0.0,0.0,368.647727050278,1244.273551642468,0.0,0.0,1166.3746636490268,278.1209543393932,6986.09319867514,929.3321485245464,0.0,56.07287558713271,0.0,0.0,7128.435493280007,1103.8682730559387,0.0,0.0,0.0,0.0,398.47789969881205,1355.4501440345591,0.0,0.0
219,-1.971756091734272e-16,-3.1974423109204555e-17,3.286260152890455e-16,-1.5987211554602278e-17,4.947314202731707e-05,0.0059779617608029,1.6538013021328866,0.0160842796146182,238.93871666797347,0.0,4391.556225070545,827.9069585004962,0.0,0.0,0.0,0.0,4751.558019156594,1001.4272745670964,0.0,0.0,0.0,0.0,248.54158297626557,1108.4719449248348,0.0,0.0,1156.5179843326202,242.53342359976668,7000.92603946655,961.09284760487,0.0,72.61886969747583,0.0,0.0,7194.390697564351,1167.9529181962232,0.0,0.0,0.0,0.0,444.2388134627643,1406.5323605463902,0.0,0.0
220,-1.971756091734272e-16,-3.1974423109204555e-17,3.2862601528904554e-16,-1.5987211554602278e-17,7.38964445190503e-16,0.002129863289749,1.587165606166674,0.0114674727707644,205.36667498953173,0.0,4495.869250566293,870.6384828869838,0.0,0.0,0.0,0.0,4833.994167018551,1027.9037894210444,0.0,0.0,0.0,0.0,167.11751718995137,971.6091086317404,0.0,0.0,1131.7011697334135,182.5046417273328,7088.825597121112,1029.7613669875232,0.0,77.00544584935108,0.0,0.0,7317.123014417826,1263.1230144178269,0.0,0.0,0.0,0.0,476.0368544312097,1433.8622562781566,0.0,0.0
221,-1.971756091734272e-16,-3.1974423109204555e-17,3.286260152890455e-16,-1.5987211554602278e-17,0.0029796113571435,0.0073652861337266,1.4476303655431844,0.0068506659269106,160.2970183310369,0.0,4650.1949262287535,966.9819311468368,0.0,0.0,0.0,0.0,4904.0850022354925,1000.4440590169968,0.0,0.0,0.0,0.0,59.23204292145223,677.3522038768981,0.0,0.0,1117.391206080539,142.1037116692698,7155.394481445414,1061.462091639259,0.0,73.95109923993262,0.0,0.0,7409.829657123258,1348.9356651710298,0.0,0.0,0.0,0.0,507.82047160924776,1453.7367867658857,0.0,0.0
222,-1.971756091734272e-16,-3.1974423109204555e-17,3.2862601528904554e-16,-1.5987211554602278e-17,0.0336701981597064,0.0741309766851029,1.2385120201231563,0.0018757285458,182.9400586956376,0.0,4752.0,1046.953120263413,0.0,0.0,0.0,0.0,4846.061392589671,818.9207533799099,0.0,0.0,0.0,0.0,0.0,306.0686490162128,0.0,0.0,1091.0137298032423,112.73775018565938,7258.438941528062,1136.406851355106,0.0,106.84339665184686,0.0,0.0,7584.126126356677,1532.806837808591,0.0,0.0,0.0,0.0,648.0940361837204,1598.8137027102125,0.0,0.0
223,-1.9717560917342724e-16,-3.1974423109204555e-17,3.286260152890455e-16,-1.5987211554602278e-17,0.107390123122127,0.1998664527779457,0.99613359513807,3.712585794346515e-16,359.9847237952565,0.0,4760.999597989287,820.5087206114633,0.0,0.0,0.0,0.0,4519.217925109741,283.62695571885826,0.0,0.0,0.0,0.0,0.0,129.37866464364598,0.0,0.0,1048.4884967497287,78.41349415773936,7341.309972361661,1153.7203678381013,0.0,159.2655885570648,0.0,0.0,7728.373856916281,1654.7237996066476,0.0,0.0,0.0,0.0,785.2619152270902,1838.6583869757224,0.0,0.0
224,-1.9717560917342724e-16,-3.1974423109204555e-17,3.286260152890455e-16,-1.5987211554602278e-17,0.2347647515641205,0.372389053624989,0.7954320645520241,3.712585794346515e-16,365.7184229881375,0.0,4760.115502380034,802.8980767970405,0.0,0.0,0.0,0.0,4497.774883547063,255.8926739633322,0.0,0.0,0.0,0.0,0.0,127.44168881639152,0.0,0.0,1047.161961458265,76.63550728331501,7319.685103733534,1122.2470887372594,0.0,155.36639043228982,0.0,0.0,7701.977534474681,1610.4408572004204,0.0,0.0,0.0,0.0,764.9484038847582,1831.669091363671,0.0,0.0
225,-1.971756091734272e-16,-3.1974423109204555e-17,3.286260152890455e-16,-1.5987211554602278e-17,0.4486910587724262,0.5898667622765835,0.6254753093646146,0.0162667450739206,529.1544189969244,54.00103575665307,4727.707735988663,791.9376265492097,0.0,0.0,0.0,0.0,4271.007183463976,13.413807869743708,0.0,0.0,0.0,0.0,0.0,62.06107665031727,0.0,0.0,997.4300556173836,22.1344530602118,6240.20040283013,12.221805686026556,0.0,1.6920140431278383,0.0,0.0,6382.415092494633,17.53846850936195,0.0,0.0,0.0,0.0,8.330652710924056,1368.5749821587672,0.0,0.0
226,-1.9717560917342721e-16,-3.1974423109204555e-17,3.2862601528904554e-16,-1.5987211554602278e-17,0.7621111380968211,0.8467658544575277,0.4924337052586569,0.0988311629615571,490.3281583854722,533.435646683256,2971.654124535287,669.0804552258978,0.0,0.0,0.0,0.0,2754.5435054334616,120.53661983649752,0.0,0.0,0.0,0.0,0.0,40.46063783042101,0.0,0.0,826.064195097426,7.45861760920655,4813.1341127239775,0.0,0.0,0.0,0.0,0.0,4716.814038877372,0.0,0.0,0.0,0.0,0.0,0.0,691.4134685983665,0.0,0.0
227,-1.971756091734272e-16,-3.1974423109204555e-17,3.2862601528904554e-16,-1.5987211554602278e-17,1.2427266699167756,1.2209310611953426,0.4282697148546603,0.2748121064262633,1378.5605560677127,1249.6917998832294,4657.617304618129,1571.6725936920177,0.0,49.84131626247282,17.719251218787864,0.0,4613.00642367875,1014.9675527026862,0.0,0.0,0.0,0.0,0.0,98.09298889873185,0.0,0.0,156.98756014170766,1.194470566295602,3463.1337903903004,0.0,0.0,0.0,0.0,0.0,3271.763558832009,0.0,0.0,0.0,0.0,0.0,0.0,122.00663641447936,0.0,0.0
228,0.0007134983729595,-3.1974423109204555e-17,3.286260152890456e-16,-1.5987211554602278e-17,1.74921969133815,1.6181487187332138,0.4597793292246095,0.4617103373820604,2586.9085932010166,2207.9059703937555,6926.808411530963,2696.081320166724,0.0,425.676083263224,182.27504522161,0.0,7082.02830563552,2094.7425382046567,0.0,0.0,0.0,0.0,0.0,180.2091938963244,0.0,0.0,0.0,0.0,2858.1730635019053,0.0,0.0,0.0,0.0,0.0,2707.6288260207784,0.0,0.0,0.0,0.0,0.0,0.0,0.0,0.0,0.0
229,0.0143845863189366,-3.1974423109204555e-17,3.2862601528904554e-16,-1.5987211554602278e-17,2.1947627814640125,1.991964183021048,0.5682784178117346,0.6397106868837216,3598.5023569090818,3032.4400209613086,7461.349919103582,2813.7703184069724,0.0,795.0563387722772,508.930847189701,0.0,7632.94181096565,2207.8769627822508,0.0,0.0,0.0,0.0,0.0,270.3877073827587,0.0,0.0,0.0,0.0,2570.3774026040346,0.0,0.0,0.0,0.0,0.0,2432.4547121872506,0.0,0.0,0.0,0.0,0.0,0.0,0.0,0.0,0.0
230,0.0329308883521592,-3.1974423109204555e-17,1.843427960165753e-05,-1.5987211554602278e-17,2.6031092516659213,2.378585788512164,0.705644915743251,0.8248310503654495,4371.240662467488,3602.0865416879974,6880.338971369672,2279.870025666473,0.0,1062.9369934347635,874.1430714832959,0.0,6925.2817810666775,1672.6503243550333,0.0,0.0,14.102992820258104,0.0,0.0,355.7319111616214,0.0,0.0,0.0,0.0,2377.894455683844,0.0,0.0,0.0,0.0,0.0,2218.858580664032,0.0,0.0,0.0,0.0,0.0,0.0,0.0,0.0,0.0
231,0.0504725921611293,0.0001751551719268,0.0089562002940202,-1.5987211554602278e-17,2.913498834149508,2.702267565627912,0.8496105907674371,0.9849520500149512,5195.441454221592,4044.7977966395792,6519.277115920191,1892.880273176437,0.0,1377.8711462045485,1199.1161918849814,0.0,6421.628997933746,1259.5732054266746,0.0,0.0,89.30350864409566,0.0,0.0,374.0818182098044,0.0,0.0,0.0,0.0,2078.902178908948,0.0,0.0,0.0,0.0,0.0,1812.96256384684,0.0,0.0,0.0,0.0,0.0,0.0,0.0,0.0,0.0
232,0.0936666132171192,0.017750726345124,0.0470414267148723,-1.5987211554602278e-17,3.098613548864571,2.9089079373382907,0.9970357571983544,1.0804328884010164,5859.258089675756,4143.354220213443,6633.135636073982,1866.6919619806824,0.0,1677.1357645625158,1359.7481596361456,0.0,6409.023412081101,1173.622367705456,0.0,0.0,64.99289504705759,0.0,0.0,275.2518831933656,0.0,0.0,0.0,0.0,1978.6861581431565,0.0,0.0,0.0,0.0,0.0,1659.087228169049,0.0,0.0,0.0,0.0,0.0,0.0,0.0,0.0,0.0
233,0.1625663765780728,0.0483586835681062,0.1041487204210966,-1.5987211554602278e-17,3.155706450127077,2.9739066731436936,1.133946826599664,1.1082425176843855,6160.610874393318,4188.105248093287,6684.8342212180905,1854.807458580208,0.0,1812.981411471793,1432.687557390482,0.0,6403.2702772691455,1134.6244746375671,0.0,0.0,59.93650666561614,0.0,0.0,230.36150602741884,0.0,0.0,0.0,0.0,1930.7300966829496,0.0,0.0,0.0,0.0,0.0,1614.6945270248978,0.0,0.0,0.0,0.0,0.0,0.0,0.0,0.0,0.0
234,0.2281013205156144,0.0771233258870431,0.1773315096877081,-1.5987211554602278e-17,3.144901956356149,2.932749262147515,1.240164448725576,1.153414259162791,7690.517854348693,3961.407780965798,7423.292069035771,2291.477758013182,0.0,2500.084201754189,1721.4104689356172,0.0,6928.559028484791,1330.3550271672764,0.0,0.0,55.37965807261728,0.0,0.0,90.63358003002956,0.0,0.0,0.0,0.0,1736.732439828494,0.0,0.0,0.0,0.0,0.0,1445.2711207523469,0.0,0.0,0.0,0.0,0.0,0.0,0.0,0.0,0.0
235,0.284518032039867,0.1043414820598006,0.2492729744053163,-1.5987211554602278e-17,3.066885930537283,2.820745408286185,1.300110641169739,1.1909848549773612,7804.98266498911,3887.9754813059785,7570.072816160879,2434.1485826574863,0.0,2538.335837481061,1810.1339158336084,0.0,7038.594544497116,1420.0099081581527,0.0,0.0,83.44206981814756,0.0,0.0,114.69514058286386,0.0,0.0,0.0,0.0,1670.5043539046526,0.0,0.0,0.0,0.0,0.0,1417.231943317098,0.0,0.0,0.0,0.0,0.0,0.0,0.0,0.0,0.0
236,0.3455537835348837,0.1365083939003322,0.334294705435217,-1.5987211554602278e-17,2.8360935403566274,2.5605554781567514,1.3289024219094765,1.1692411275407637,7851.744059206625,4198.196355114407,7426.932222906185,2400.41572418467,0.0,2496.2569330579136,1908.037553450024,0.0,6883.022678284952,1387.8271589574467,0.0,0.0,110.52718587809008,0.0,0.0,147.2766875214109,0.0,0.0,0.0,0.0,1579.807563067713,0.0,0.0,0.0,0.0,0.0,1382.2895543232478,0.0,0.0,0.0,0.0,0.0,0.0,0.0,0.0,0.0
237,0.4048288883521597,0.1677474140531561,0.411475339856812,-1.5987211554602278e-17,2.4635683281647847,2.20268618496778,1.323393720171423,1.0726106669102973,5682.944977458439,3566.971047755663,7245.396486419563,2215.589810403272,0.0,1708.2068173279713,1229.6056225825455,0.0,6869.849894549894,1435.0652142729066,0.0,0.0,14.393612178419872,0.0,0.0,164.69371045621045,0.0,0.0,0.0,0.0,1493.0195291950563,0.0,0.0,0.0,0.0,0.0,1351.404846347286,0.0,0.0,0.0,0.0,0.0,0.0,0.0,0.0,0.0
238,0.444504307588476,0.1856103535957736,0.460102594032135,-1.5987211554602278e-17,2.0362334864425717,1.818039998797892,1.2431855873686586,0.9560035252461184,5317.768972890817,3430.00994074731,7190.468294132692,2164.651813614637,0.0,1570.161856709398,1107.4772059639092,0.0,6833.37382654515,1416.414341896225,0.0,0.0,0.0,0.0,0.0,162.04277787816162,0.0,0.0,0.0,0.0,1469.568715077203,0.0,0.0,0.0,0.0,0.0,1363.088402840271,0.0,0.0,0.0,0.0,0.0,0.0,0.0,0.0,0.0
239,0.4408873441594686,0.186196932,0.4883836197408655,-1.5987211554602278e-17,1.57692902992807,1.4195883493840882,1.107997185096632,0.8193720160465096,4297.13231477156,2590.963512157419,6185.471045244494,1380.6195450122475,0.0,1036.615600668304,666.8343830045604,0.0,5681.064827981055,660.1531157635962,0.0,0.0,0.0,0.0,0.0,55.87166048945027,0.0,0.0,10.696061226626076,3.483638758973511,2047.1797355852077,0.0,0.0,4.619046947083396,2.928837030692544,0.0,2030.312908185896,4.812582433693035,0.0,13.62489825731862,7.380153222714252,0.0,19.340646295189973,46.603345175601184,0.8128490437604858,0.0
240,0.4298826649367355,0.1861969319999999,0.4921450200000017,-1.5987211554602278e-17,1.2098938767894294,1.071828227377401,0.9605623675088668,0.6770347490631209,2455.3324338296648,1280.4869432577636,3646.592919411155,451.97369786174926,0.0,417.7019032138278,126.4016310009614,0.0,3245.43507384457,0.0,0.0,0.0,0.0,0.0,0.0,0.0,0.0,0.0,549.9109708275929,180.3864678593832,3116.9499263014154,0.0,0.0,237.42569735041323,154.0501430592261,0.0,3205.9632910126047,252.4044241828942,0.0,700.885160372629,383.71594127194135,0.0,997.0633470456634,2392.166600579542,45.75801737274622,0.0
241,0.4113414007411354,0.1859071806326452,0.4839775098613381,-1.5987211554602278e-17,0.8586744097667888,0.7008659820852948,0.7957908012665927,0.5202701041640437,864.6151178142085,426.0307721824585,1359.3160281154617,150.28624802136352,0.0,131.28421422116818,0.0,0.0,1208.2419537990595,0.0,0.0,0.0,0.0,0.0,0.0,0.0,0.0,0.0,979.2597629395144,386.7803434075293,4193.457932289566,9.449778572445211,0.0,440.7027904674496,404.9306891546389,0.0,4398.488495520882,533.282755657256,0.0,1275.9091391057077,832.6869237337944,0.0,1741.3803044312665,4029.009383392745,246.16429705825908,0.0
242,0.3740407114194579,0.1715503755758898,0.4502601621926924,-1.5987211554602278e-17,0.6349057953180848,0.427044784025445,0.6520952844802986,0.4288096080102525,817.527425940281,93.5831656198928,2220.675546239845,32.13305346052191,0.0,0.0,0.0,0.0,1955.5333094921748,0.0,0.0,0.0,0.0,0.0,0.0,0.0,0.0,0.0,1162.1062376623,486.1924761389686,4759.924600734582,91.0966148421646,0.0,559.3242630135798,631.710914141206,0.0,5089.8053570432485,785.5972204765524,0.0,1597.987222832675,1159.122126951736,0.0,2061.533381987345,4636.414601141766,512.9289394924856,0.0
243,0.3057611093820582,0.1412405179534883,0.3945380498889425,-1.5987211554602278e-17,0.5086545089435233,0.2413915399810213,0.5078825896649207,0.4019504622895121,1399.779150941182,97.5283771928574,4007.0504209380993,38.65167824007404,0.0,0.0,0.0,0.0,3533.5514682484463,0.0,0.0,0.0,0.0,0.0,0.0,0.0,0.0,0.0,1049.4966591976597,272.46890742220484,4835.73723171159,229.45195731442067,0.0,493.2524934138173,566.5442707796558,0.0,5280.482223693824,1107.0517785827285,0.0,1538.123968844883,1067.34051455154,0.0,2293.0002633965387,4717.975026225034,494.30010499581374,0.0
244,0.2250657854160488,0.1056713365913621,0.3058208272225917,-1.5987211554602278e-17,0.3837183307590087,0.0975045971730188,0.3552154331607411,0.34834034152824,1371.285824789399,71.13458670807302,4043.4537469107336,46.277485979767874,0.0,0.0,0.0,0.0,3585.2551784012394,0.0,0.0,0.0,0.0,0.0,0.0,0.0,0.0,0.0,734.3748375372444,31.15131344956824,4144.921732940926,328.60471627115936,0.0,319.96389962268745,354.31790549690646,0.0,4636.024383847406,1233.9636013971374,0.0,1208.0122077784497,745.764371271281,0.0,2098.773273312116,3927.856539378728,376.7179226938498,0.0
245,0.1620544505382062,0.0744323164385382,0.2232516461262459,-1.5987211554602278e-17,0.2739821575813958,0.0253795863282993,0.2532802474285664,0.2962513563653136,1357.3937803930776,65.36268235846535,4087.739601977127,90.33180826167208,0.0,0.0,0.0,0.0,3629.3769196186618,0.0,0.0,0.0,0.0,0.0,0.0,0.0,0.0,0.0,505.3029210073456,19.83653058726856,3069.1652159578803,263.85796003286885,0.0,210.7306853006776,224.89040823819437,0.0,3443.857233446309,923.479613416288,0.0,820.9684508178501,469.53342078380734,0.0,1468.4784520416906,2747.554581334186,226.8650435212636,0.0
246,0.1045399923986706,0.0441211879734219,0.1431407640138314,-1.5987211554602278e-17,0.1681124199167412,0.0045025318600641,0.1617242835836964,0.2360741297264904,1361.7861768228188,84.4221144736246,4189.989131436765,201.17425397241223,0.0,0.0,0.0,0.0,3715.087696404689,0.0,0.0,0.0,0.0,0.0,0.0,0.0,0.0,0.0,621.3755844216819,16.179789928312847,4194.48205757498,397.6792607000428,0.0,240.83078845550503,241.04384927022812,0.0,4723.308387405461,1266.8701122574762,0.0,969.459947505669,477.65056403491593,0.0,1815.6039830510567,3421.767496140105,199.97309708949976,0.0
247,0.0459449603251903,0.0134073052718389,0.0702475615086965,-1.5987211554602278e-17,0.0794309944444026,0.0007891476419835,0.0836995885385926,0.1641293204604264,1367.0385084680688,100.80613292831316,4508.912854435181,408.3053409314621,0.0,0.0,0.0,0.0,4038.523316863754,0.0,0.0,0.0,0.0,0.0,0.0,0.0,0.0,0.0,750.0156810009657,12.039180865033638,5391.886346711346,521.5813522526255,0.0,274.0063480791989,256.2884374943868,0.0,6079.317243473286,1594.8944974703693,0.0,1118.255760681942,487.7682907652375,0.0,2161.573746779408,4118.780138775099,166.07800348352015,0.0
248,0.0124522848464862,5.82802607655916e-06,0.025459817393343,-1.5987211554602278e-17,0.0283633089019007,0.0082441391911297,0.0268196590617396,0.101997247933555,1337.3131881861989,86.18262946263032,4612.089112535477,481.865698453968,0.0,0.0,0.0,0.0,4204.45745271399,10.727340835596143,0.0,0.0,0.0,0.0,0.0,13.723264852744617,0.0,0.0,723.6511110731009,8.277432606986043,5410.661578956371,444.9123390742578,0.0,240.84081866743796,187.9790642334601,0.0,6082.230701739381,1380.4653213383465,0.0,934.7732161202008,356.7684208725832,0.0,1863.5673680069413,3722.387250907839,39.72742672753829,0.0
249,0.0053004731561459,-4.085620730620567e-17,0.0020692978721909,-1.5987211554602278e-17,0.0190491109071734,0.0366643637576763,0.0001709892569822,0.0535661196396327,1322.9520765234695,56.809272347284775,4724.656674572099,587.7575147392323,0.0,0.0,99.57289419887816,0.0,4535.551895389733,293.5147186396289,0.0,0.0,29.92445984098061,0.0,10.093567803505364,527.4986735957837,0.0,0.0,703.6046240906784,28.3984331766066,5225.80162520364,406.3833364667594,0.0,220.0348397840924,163.62242842897948,0.0,5845.7385349263295,1235.1001556136057,0.0,843.4447736965676,310.32288921448315,0.0,1652.7644814655866,3389.199498810488,5.764705882352941,0.0
250,0.0002965874338249,-4.085620730620567e-17,1.9362289549462683e-16,-1.5987211554602278e-17,0.0428663183614322,0.1014733783255872,-4.304112621866798e-15,0.0424615396322339,1199.856219879886,36.57430054458502,4682.057446156482,655.7565588888923,0.0,40.34018238647655,414.864026006846,0.0,4830.097310691979,700.9390742543727,0.0,28.11022671457529,394.0262383023842,0.0,268.70844071227816,1455.167282462184,64.11363120849437,0.0,792.4663535640041,214.8311743399451,5290.854117097823,350.5784569483449,0.0,176.8390862558092,131.49203136507674,0.0,5723.708604630181,823.7636754783408,0.0,677.8549611762073,249.4039126621396,0.0,995.8446664431684,2456.050991465489,0.0,0.0
251,-2.788880237858393e-16,-4.085620730620567e-17,1.9362289549462683e-16,-1.5987211554602278e-17,0.1240241772270223,0.259638984784059,0.000739967346618,0.0504200702059805,1355.2561961042209,26.16495654778039,4001.068369597168,431.1911638486707,0.0,192.4765578132686,806.899863373575,0.0,4306.989654672782,513.1023194592997,0.0,282.1284403700305,900.8946299875862,0.0,405.3544481976053,2153.269256559586,403.20258202975975,0.0,874.2941521309968,381.0047708882991,5369.511241657414,302.5579114084572,0.0,139.3298927540871,103.59462318176568,0.0,5638.506332264998,463.0679654133524,0.0,534.0081820850548,196.4830347771566,0.0,418.4725205436171,1640.1280536692934,0.0,0.0
252,-2.788880237858393e-16,-4.085620730620567e-17,1.9362289549462683e-16,0.0015545535055696,0.2772545175829602,0.5558184992245515,0.0084782859667731,0.0812523118639833,1602.3837418029923,14.422715577094603,3091.5086197532296,110.85489472652438,0.0,358.99487038805535,1199.7421178234574,0.0,3499.202937107564,131.89422020318284,0.0,599.4794868685568,1383.3719016576033,0.0,385.4308747938528,2736.9556166606058,800.211233385314,0.0,694.5442321192844,339.84295021175035,4144.905279028024,218.6049848140346,0.0,96.29172227819132,71.57223175097235,0.0,4304.788138238999,252.8350589452891,0.0,369.0076294335998,135.7656408856073,0.0,156.89141722122892,1026.936920517163,0.0,0.0
253,-2.788880237858393e-16,-4.085620730620568e-17,1.9362289549462688e-16,0.0055681738205979,0.449210738147389,0.9347174743210568,0.0172032683920222,0.1426317377142863,1570.851695160983,9.624871658211802,2703.8312875049364,0.0,0.0,387.7188866090981,1243.0612547256565,0.0,3132.696693628337,0.0,0.0,660.1209146716964,1442.8227419715618,0.0,352.30662296096034,2749.694908303624,872.594496560523,0.0,548.905420869935,268.56386919769466,3275.525200831771,172.73440264112074,0.0,76.087730000359,56.54599344414405,0.0,3401.8568803349176,199.77699057492148,0.0,291.5836294146399,107.24394632703614,0.0,123.96166260262513,811.5304488303568,0.0,0.0
254,-2.788880237858393e-16,-4.0856207306205655e-17,1.9362289549462688e-16,0.0098085523455149,0.6764502405745713,1.4645982876105164,0.0262956184983346,0.2097438824451835,701.092544665754,4.295711545350862,1915.2466813412,0.0,0.0,173.04422923253003,554.7951986401256,0.0,2200.60208781219,0.0,0.0,294.62097108208275,643.9514759964642,0.0,157.2392527920882,1270.955035298542,389.45082972473386,0.0,369.2339028038212,230.9159718434616,1963.7137979889887,193.93246348946948,0.0,78.03698415520459,56.97650520117811,0.0,2052.0210173812093,231.5065242558476,0.0,185.79362781019069,80.26580675697504,0.0,127.68939735677569,531.0518382606494,0.0,0.0
255,-2.788880237858393e-16,-4.085620730620568e-17,1.9362289549462683e-16,0.0143059235083056,0.9717174165169452,2.127752704056085,0.0359390201262416,0.2809234298870438,0.0,0.0,874.9226501314163,0.0,0.0,0.0,0.0,0.0,1001.2468030702538,0.0,0.0,0.0,0.0,0.0,0.0,0.0,0.0,0.0,1316.2887329023824,1255.0757704144874,4940.461918909476,1360.2057936277313,0.0,509.2818977450146,365.9130115215368,0.0,5284.123599658301,1661.1757951190964,0.0,573.6212846111306,356.0551048044368,0.0,836.7828179729065,1766.3138476562062,0.0,0.0
256,-2.788880237858393e-16,0.0004618418419759,1.9362289549462683e-16,0.0184178057142857,1.2633582595163972,2.7593882023663188,0.0447558444717565,0.3367750281935578,0.0,0.0,701.3979023427644,0.0,0.0,0.0,0.0,0.0,835.0462186146806,0.0,0.0,0.0,0.0,0.0,0.0,0.0,0.0,0.0,2058.0744069078883,1835.364164007059,8265.383407352403,2288.6230487642747,0.0,829.0129122333553,599.3646837078784,0.0,8898.238996706363,3024.714819785393,0.0,1080.550175102508,609.8801792940645,0.0,1710.8109390918376,3273.799560104605,0.0,0.0
257,-2.788880237858393e-16,0.0024842621661129,1.9362289549462683e-16,0.0226581842392027,1.5197798771930084,3.341664873073908,0.0532305170623665,0.3754577272447812,0.0,0.0,622.7705423627938,0.0,0.0,0.0,0.0,0.0,734.3136479542785,0.0,0.0,0.0,0.0,0.0,0.0,0.0,0.0,0.0,1844.5698872433577,1445.1565740789854,8265.912398273853,2265.129781646698,0.0,783.0843598411045,571.4307812661281,0.0,8971.572460618914,3306.8829754747017,0.0,1239.5280303049751,621.8913083135777,0.0,2108.0737554829107,3685.95753154344,0.0,0.0
258,-2.788880237858393e-16,0.0046901156411959,1.9362289549462683e-16,0.025697550503123,1.718863892137675,3.825734181660601,0.0552888359999958,0.4083339384550164,0.0,0.0,510.105593924785,0.0,0.0,0.0,0.0,0.0,577.305566480925,0.0,0.0,0.0,0.0,0.0,0.0,0.0,0.0,0.0,1591.985552477252,983.5352805952084,8266.548288066617,2237.347602157943,0.0,728.7234951268888,538.3770095583939,0.0,9058.351207248104,3640.617918137992,0.0,1427.5739014838466,636.1003429543367,0.0,2578.046181692963,4173.53453836923,11.057311440854829,0.0
259,-2.788880237858393e-16,0.006895969116279,1.9362289549462683e-16,0.025784928,1.8826373032703556,4.194331011140482,0.0552888359999958,0.4185734641594686,0.0,0.0,482.17069880078526,0.0,0.0,0.0,0.0,0.0,543.0101909784595,0.0,0.0,0.0,0.0,0.0,0.0,0.0,0.0,0.0,1361.500357741721,612.6047599302409,8262.188640513565,2228.7137136994984,0.0,673.4824422550373,508.08807893351695,0.0,9131.799984449528,3896.5499547129007,0.0,1575.6651670033275,653.8023126811987,0.0,2962.193968364331,4549.829568850151,54.59595652002973,0.0
260,-2.788880237858393e-16,0.0090804065382059,1.9362289549462683e-16,0.025784928,1.9696904031766205,4.387376649581942,0.0552888359999958,0.4136600601084826,0.0,0.0,449.712789559306,0.0,0.0,0.0,0.0,0.0,503.2068691113204,0.0,0.0,0.0,0.0,0.0,0.0,0.0,0.0,0.0,1174.744933127322,533.9444768386928,8260.823431443274,2307.9502072657847,0.0,605.865311826325,482.0902549556647,0.0,9179.994556007654,3892.577072386143,0.0,1589.9221386765123,692.6280907551472,0.0,3057.8758578576435,4533.917430768335,117.85445161872131,0.0
261,-2.788880237858393e-16,0.0111791797475082,1.9362289549462683e-16,0.025784928,1.9479351896684527,4.372278298486683,0.0544733617812691,0.3916526616478417,0.0,0.0,391.685678927661,0.0,0.0,0.0,0.0,0.0,438.86108206063926,0.0,0.0,0.0,0.0,0.0,0.0,0.0,0.0,0.0,1270.268664907988,714.7745468773123,8428.34148577084,2408.690808854388,0.0,640.8361046978666,488.5593824972927,0.0,9245.590100057483,3784.2300148279887,0.0,1501.3277906042667,712.853753983453,0.0,2744.587884617641,4212.417591496112,126.48565382599656,0.0
262,-2.788880237858393e-16,0.0127896669448504,1.9362289549462683e-16,0.0242720980050499,1.822590502837477,4.177775200700341,0.046907696545112,0.3575634284021278,0.0,0.0,323.70620895466664,0.0,0.0,0.0,0.0,0.0,370.511826147172,0.0,0.0,0.0,0.0,0.0,0.0,0.0,0.0,0.0,1415.3331455858552,930.9597893251236,8594.1105724336,2493.2217424682617,0.0,697.2606768286432,503.8994650048208,0.0,9294.645545392315,3662.874413011459,0.0,1408.8440456863425,727.7576750906807,0.0,2403.518154963016,3882.5368478336463,124.93052265250952,0.0
263,-2.788880237858393e-16,0.0128924639999999,1.9362289549462683e-16,0.0200882578604651,1.653975687192626,3.8466726285904183,0.0531398342453005,0.3010085106407224,0.0,0.0,271.27604648260365,0.0,0.0,0.0,0.0,0.0,323.4286610467427,0.0,0.0,0.0,0.0,0.0,0.0,0.0,0.0,0.0,1944.639572660193,1538.73039553313,8580.523147215252,2424.714053818984,0.0,973.0807011524686,636.7635263246473,0.0,9079.851138331436,3311.644533993345,0.0,1359.5976017722403,778.5056343460325,0.0,2024.809227705161,3568.114767705305,119.5654786187528,0.0
264,-2.788880237858393e-16,0.0128924639999999,1.9362289549462683e-16,0.0160192077607973,1.447163344275318,3.3953245784772528,0.1170922885376239,0.2437546340930236,0.0,0.0,224.76159234786408,0.0,0.0,0.0,0.0,0.0,284.5290810351673,0.0,0.0,0.0,0.0,0.0,0.0,0.0,0.0,0.0,2192.064900517431,1808.1003565660333,8440.366067704963,2308.217863074602,0.0,1101.221093091479,723.3545754874241,0.0,8857.217863074602,3127.9920120563115,0.0,1390.664904673802,862.1868906958387,0.0,1987.7789069085209,3607.189318403959,160.7482087867301,0.0
265,-2.788880237858393e-16,0.0128924639999999,1.9362289549462683e-16,0.011735997129568,1.1721541293687734,2.793147929512739,0.257465377417493,0.1807008314352161,0.0,0.0,161.83662772617103,0.0,0.0,0.0,0.0,0.0,226.05270989301465,0.0,0.0,0.0,0.0,0.0,0.0,0.0,0.0,0.0,2105.484474440312,1727.7575599652769,8338.37555783031,2216.0075789211323,0.0,1029.079041360658,687.8216293210585,0.0,8765.007578921133,3103.753715497728,0.0,1383.958887199362,878.6928303825642,0.0,2059.9209586393417,3738.57959491547,230.82269517712385,0.0
266,-2.788880237858393e-16,0.0123243324766501,1.9362289549462683e-16,0.0071529617541528,0.849979791038929,2.100983041376547,0.4853723719154976,0.123951080253244,0.0,0.0,473.1771949860725,0.0,0.0,0.0,0.0,0.0,586.6882130919221,0.0,0.0,0.0,0.0,0.0,0.0,0.0,0.0,0.0,1899.441197771588,1542.419610027855,7798.234094707521,1719.7866016713092,0.0,828.0029247910863,528.532270194986,0.0,8138.9824651810595,2482.453119777159,0.0,1145.482799442897,710.5306963788302,0.0,1750.0505988857938,3439.2295961002787,167.7931197771588,0.0
267,-2.788880237858393e-16,0.0106447072654272,1.9362289549462683e-16,0.0028697511229235,0.5923206941618738,1.5187208817026985,0.7885850463643131,0.0895874162476853,104.8291103384664,0.0,1596.9927778716296,0.0,0.0,0.0,0.0,0.0,1911.35590689316,0.0,0.0,0.0,0.0,0.0,5.141482250932957,301.9192632908964,0.0,0.0,1464.6801058642936,1087.9382482361425,6331.918994512443,449.2934956883477,0.0,312.0722836984483,99.86378409041669,0.0,6436.296279517452,767.1324583968559,0.0,436.4446044270761,120.38503311049568,0.0,788.7573538391237,2250.7502091154647,0.0,0.0
268,-2.788880237858393e-16,0.0139187871627906,1.9362289549462683e-16,9.708610764118152e-05,0.4111463952292378,1.0803105251056522,1.112955362713617,0.0686534965156152,460.04811352148704,0.0,2702.8985919087213,163.5002717148114,0.0,59.15403089007783,120.14514348481649,0.0,3214.8191918154907,251.6801935385299,0.0,129.69796834905264,292.8308237229319,0.0,432.93568421216855,1561.356550643855,190.32166460285916,0.0,1422.0043122314542,1027.9929356462949,6263.563149679982,411.7647729046058,0.0,294.6867144626121,62.62578224771611,0.0,6337.692201162198,701.061580798321,0.0,414.1674934691465,75.2774554290729,0.0,727.8827107440154,2158.240187910273,0.0,0.0
269,-2.788880237858393e-16,0.0192847440199335,1.9362289549462683e-16,-1.4210854715202038e-17,0.2441448887100164,0.6877941241587607,1.4948238010707136,0.0920396069102996,796.6732916706088,0.0,3251.768043569205,356.9223616581821,0.0,216.67381297496823,385.14306043750815,0.0,3891.267498073312,598.7178074092025,0.0,456.3442005847263,860.6802570491625,0.0,1162.3046978646191,2786.907554854593,561.9833231000616,0.0,1324.759202031351,891.3104325906543,6112.033445028625,330.15138477424614,0.0,256.89416594554444,0.4546292715238159,0.0,6116.947916872581,555.3522634409329,0.0,365.8479128918224,0.5464735688013541,0.0,590.9662953941285,1950.389023271115,0.0,0.0
270,-2.788880237858393e-16,0.0239069048770763,1.9362289549462683e-16,-1.4210854715202038e-17,0.137145269059267,0.4399065101815502,1.796793707261812,0.1181095331561467,815.0018782900248,0.0,3225.914289410794,333.23070049453554,0.0,231.8928316323744,406.0256199966736,0.0,3876.1980405823338,578.0289033321517,0.0,475.0018782900248,885.4165395358395,0.0,1177.580109522315,2834.6803055807804,578.5619350793735,0.0,1297.4578607493972,852.9450034266031,6069.483135953597,307.2470034080892,0.0,246.2744205671468,0.0,0.0,6054.962907444075,514.4358824019484,0.0,352.2925679675415,0.0,0.0,552.530457111613,1892.0247681564445,0.0,0.0
271,-2.788880237858393e-16,0.0289540920199335,1.9362289549462683e-16,-1.4210854715202038e-17,0.0726046545031168,0.2843989052441903,2.101843156763493,0.1470623896345521,862.602564866057,0.0,3025.3779590019017,169.2456690948464,0.0,311.1593245374927,534.5538196756809,0.0,3763.611864358983,429.67503197563633,0.0,521.4629203818391,1021.023267418906,0.0,1259.343839412938,3069.9468827511737,668.8724086811379,0.0,1113.5411752750324,589.2669708957794,5714.868741796622,154.3428355131031,0.0,145.42992413460033,0.0,0.0,5539.327086509951,204.39964991275625,0.0,223.6640539502237,0.0,0.0,261.746441304165,1434.79148459243,0.0,0.0
272,-2.788880237858393e-16,0.0354543729052178,1.9362289549462683e-16,-1.4210854715202038e-17,0.0448740446112978,0.1693540298870474,2.4498242966417805,0.1821105843189377,878.6610961540724,0.0,2985.566454510923,129.8371683381088,0.0,298.4982644921812,547.914544716382,0.0,3717.9475545465166,383.21719794010926,0.0,524.0,1022.085455283618,0.0,1228.2575397455166,3069.338903845928,671.8330771549018,0.0,1149.8010922062945,631.1015034672579,5744.689207263952,191.83714269915703,0.0,90.7847741965814,0.0,0.0,5531.115948491783,221.63019628193308,0.0,153.90526101449552,0.0,0.0,300.3368958217673,1499.7960453672738,0.0,0.0
273,-2.788880237858393e-16,0.0426204168637872,1.9362289549462683e-16,-1.4210854715202038e-17,0.0378442251627928,0.1010953026179446,2.6812167440388004,0.2120408859372769,889.1419408249967,0.0,2961.4787834879667,104.360300323404,0.0,278.07712468611174,547.7342494259533,0.0,3683.220550447357,351.3659365560962,0.0,518.4798368729776,1015.8542863700576,0.0,1190.244345926461,3041.6404511380915,665.3006259451884,0.0,1163.3801899681346,645.5723013309978,5647.5560097339785,162.677792912485,0.0,68.71579876473035,0.0,0.0,5447.630630372042,244.67734632149927,0.0,132.17167278211363,0.0,0.0,377.7496274262865,1655.7071144427402,0.0,0.0
274,-2.788880237858393e-16,0.0448756919999998,1.9362289549462683e-16,-1.4210854715202038e-17,0.0309715171750187,0.0419128963630608,2.833696554953616,0.2369477392839878,875.3260525425595,0.0,2979.212925045169,115.71628293984358,0.0,247.14874719044408,502.035376825241,0.0,3687.758618422247,365.1920625381128,0.0,470.60193270937486,982.4392433045311,0.0,1132.1052906040495,2926.260816848424,621.8787294768749,0.0,1206.624176348275,665.9947431335942,5535.225973499206,129.50447306988215,0.0,101.02953963556372,0.0,0.0,5399.232561229299,262.4370002331608,0.0,187.07109009067383,0.0,0.0,435.7140644726715,1796.6635876199646,0.0,0.0
275,-2.788880237858393e-16,0.0448756919999998,1.9362289549462683e-16,-1.4210854715202038e-17,0.0285661478203446,0.0107244212637407,2.881960585902882,0.2404595081983143,848.6861329574572,0.0,3017.252057967588,135.06129457555855,0.0,212.52292322005044,427.17095193847314,0.0,3699.724925628694,385.6347639828573,0.0,387.266206420741,891.1209043365599,0.0,1030.0907215380043,2752.193981485444,544.193209684953,0.0,1246.1702809052024,663.575559360146,5507.559906303173,193.03686843043883,0.0,129.55579074155446,0.0,0.0,5385.52191037463,329.82490908815174,0.0,220.49688837471268,0.0,0.0,459.0490729520085,1792.2951714210087,0.0,0.0
276,-2.788880237858393e-16,0.0448756919999998,1.9362289549462683e-16,-1.4210854715202038e-17,0.027523071348042,0.0053070791848549,2.833341097892885,0.2365324820132899,828.1588856812454,0.0,3097.251254170168,198.6147081090525,0.0,162.65838401317814,319.6954494907057,0.0,3758.60709434632,448.0086170988666,0.0,279.50610875853096,745.573629286988,0.0,915.506108758531,2505.905624838809,427.2634716872298,0.0,1156.174593127508,592.6876808015596,5212.717872189731,270.525646181194,0.0,137.20112186734775,0.0,0.0,5103.740943890271,412.60856560648034,0.0,210.4158033316972,0.0,0.0,454.7600599394893,1679.2337802588486,0.0,0.0
277,-2.788880237858393e-16,0.0446452463446842,1.936228954946268e-16,-1.4210854715202038e-17,0.0275204520000021,0.0409780732873799,2.6476731897682657,0.2318909643388714,808.2708301768553,0.0,3203.797355084757,294.86554034636964,0.0,98.86362947677507,192.2026449152428,0.0,3855.2556947310463,537.7973550847572,0.0,151.4564287766949,556.9810428150023,0.0,788.4734750920979,2200.1155024686327,276.01513544580854,0.0,1279.486171860718,628.3390154384678,5912.279177398693,424.83788406780576,0.0,177.8848494030967,0.0,0.0,5850.822748621998,599.1257605600641,0.0,242.10019108695948,0.0,0.0,539.8912857553389,1897.9210288393624,0.0,0.0
278,-2.788880237858393e-16,0.0389681561063122,1.9362289549462688e-16,-1.4210854715202038e-17,0.0275204520000021,0.1001885648988266,2.356571899492834,0.2209547070320759,716.1411691605417,0.0,2876.258894734524,283.28112248384764,0.0,100.63656403224904,134.8794981336939,0.0,3470.9040917718544,493.63789962205055,0.0,97.3093680044704,393.0770769205572,0.0,685.4540862521305,1911.4882879740328,182.772125415976,0.0,1264.8030116481673,614.4937971711188,5979.712509900961,457.2780122307842,0.0,179.43435885818326,0.0,0.0,5958.888217459681,636.8629566674466,0.0,246.57104659426045,0.0,0.0,543.88002289411,1911.9304383004724,0.0,0.0
279,-2.788880237858393e-16,0.0312155448637873,1.9362289549462683e-16,-1.4210854715202038e-17,0.0272439596590977,0.1831136927490722,2.00611747901661,0.1935174903396851,383.7241128996813,0.0,1542.1546880862134,152.38335259061688,0.0,176.06919764605945,0.0,0.0,1861.2399070587503,264.97443534591577,0.0,0.0,0.0,0.0,320.7311359219573,1023.3503757399992,0.0,0.0,1236.87991898536,564.1957625929683,6180.872846065936,565.1937372269736,0.0,185.7285558287031,0.0,0.0,6222.810281781902,794.5307678697399,0.0,267.17255019181533,0.0,0.0,601.2875836530256,1936.35014793706,0.0,0.0
280,-2.788880237858393e-16,0.0238356553156146,0.0001551345942859,-1.4210854715202038e-17,0.0475910828013311,0.3271248744207355,1.67826885731641,0.193748973667775,205.65593013493128,0.0,826.5917411625385,81.65808832050293,0.0,261.641853236386,0.0,0.0,997.5843169008934,142.0146912500626,0.0,0.0,0.0,0.0,1.4976624369002434,548.4773084742915,0.0,0.0,1308.238241229726,611.0617063681674,6578.394986414774,798.8786795022982,0.0,271.9574826632051,4.6999374530898175,0.0,6632.195707511019,1098.1150368438623,0.0,355.3744813289214,0.0,0.0,719.9799806102254,2019.238014893005,0.0,0.0
281,0.0021671902707977,0.0164557657674418,0.0033730283720932,-1.4210854715202038e-17,0.1229228331282143,0.5213653922318852,1.360669155806897,0.201505123433996,132.2790583868567,0.0,531.4936194373615,52.49998440817812,0.0,348.3175691305411,0.0,0.0,641.4851190181698,91.26776567415696,0.0,0.0,0.0,0.0,0.0,352.692546416241,0.0,0.0,1480.4679359671322,701.6372585971977,6693.317419846068,820.9017467326937,0.0,335.9122864746384,29.75009041843429,0.0,6631.462946749889,999.6227034223504,0.0,288.61166509869406,0.0,0.0,524.9098637033287,1772.647720290667,0.0,0.0
282,0.0088423588704316,0.0094485979136212,0.0075928145382061,-1.4210854715202038e-17,0.274532403712959,0.7251257411189422,1.0812423064611243,0.2284688895441863,211.5393393382428,672.5089720920248,488.1120932837983,111.16753277766212,0.0,438.226599658129,0.0,0.0,539.6193508302949,98.58733962471824,0.0,0.0,0.0,0.0,0.0,178.94915726472462,0.0,0.0,1776.124902550982,700.0032782469301,6495.205446920697,697.6228742750985,0.0,371.8095797287215,0.086701003201337,0.0,6179.295556260895,477.83722573263526,0.0,0.744739386473024,0.0,0.0,1.333861587712876,798.151080876678,0.0,0.0
283,0.0154759813355479,0.0027098648866098,0.011677926677741,-1.4210854715202038e-17,0.477468434033225,0.9364484037018694,0.8691461288268032,0.333302243272859,1417.3798172345198,1610.4825656266946,2314.3956216587208,816.499210370781,0.0,511.7630368029563,4.350191751798668,0.0,2331.406802361411,535.6268957156055,0.0,0.0,0.0,0.0,0.0,181.42101085283844,0.0,0.0,1327.5730519282488,99.64283218399108,4684.455589765521,99.26105888060415,0.0,52.93923140298888,0.0,0.0,4132.523724478785,67.82839023507951,0.0,0.0,0.0,0.0,0.0,113.25941333812524,0.0,0.0
284,0.023275955003322,-3.9079850466805446e-17,0.016481300292359,-1.4210854715202038e-17,0.7657772155072181,1.218323926215136,0.6522080476584011,0.585771521340887,2246.9672389271886,2160.6989379043816,3572.7553241740584,1301.3085894045626,0.0,561.2280153953568,37.64608357284193,0.0,3566.81036275744,836.4047135150603,0.0,0.0,0.0,0.0,0.0,185.7112892774808,0.0,0.0,1252.0114097062497,0.0,4382.999575025958,0.0,0.0,0.0,0.0,0.0,3791.961704049022,0.0,0.0,0.0,0.0,0.0,0.0,0.0,0.0,0.0
285,0.0307843408704316,-3.9079850466805446e-17,0.0211051085382062,-1.4210854715202038e-17,1.0504750186786922,1.5113247327451411,0.4742477891162743,0.859348530934032,4112.928934244892,3563.433377809308,5752.3820781359,2054.90820045187,0.0,848.1182331813741,281.79931220376443,0.0,5659.457385753395,1253.921798068219,0.0,0.0,0.0,0.0,0.0,135.11074881551036,0.0,0.0,338.67691991049736,0.0,3385.2301345084484,0.0,0.0,0.0,0.0,0.0,2798.0251586274485,0.0,0.0,0.0,0.0,0.0,0.0,0.0,0.0,0.0
286,0.0384102796886565,-3.9079850466805446e-17,0.0254046459682015,-1.4210854715202038e-17,1.3135305568903688,1.760625438193646,0.329315884923584,1.0981547819829178,4909.5553270868895,4360.065648921112,5896.81537125982,1972.1664558545604,0.0,1185.1331594444273,553.5970676602387,0.0,5722.648806565429,1120.817435858936,0.0,0.0,0.0,0.0,0.0,44.46605974749118,0.0,0.0,0.0,0.0,2614.156059830562,0.0,0.0,0.0,0.0,0.0,2233.6228169223477,0.0,0.0,0.0,0.0,0.0,0.0,0.0,0.0,0.0
287,0.050654086944388,-3.9079850466805446e-17,0.0270245880000002,-1.4210854715202038e-17,1.5399075500782928,1.9754765863082544,0.2334122740881068,1.3379558341109394,5314.470007377773,4734.293135996784,6009.925789532525,1981.4885599946413,0.0,1375.1583187641193,698.5163889199442,0.0,5778.0698830736255,1087.962894766263,0.0,0.0,0.0,0.0,0.0,9.557204677054983,0.0,0.0,0.0,0.0,2331.364954101354,0.0,0.0,0.0,0.0,0.0,2054.186207516365,0.0,0.0,0.0,0.0,0.0,0.0,0.0,0.0,0.0
288,0.0596947770897008,-3.9079850466805446e-17,0.0270245880000002,-1.4210854715202038e-17,1.6744508527813953,2.1662494119606217,0.1984000087560199,1.5568200507827297,4378.302026337312,3838.386700027326,4913.300891858628,1692.8585560022,0.0,1204.659456816684,623.6482180168653,0.0,4672.209507834405,930.3332969407008,0.0,10.58517012749418,26.718570115527907,0.0,0.0,5.50354264194056,0.0,0.0,0.0,0.0,2004.5134329319585,0.0,0.0,0.0,0.0,0.0,1740.8245856861802,0.0,0.0,0.0,0.0,0.0,0.0,0.0,0.0,0.0
289,0.0685585520132888,-3.9079850466805446e-17,0.0270643706846684,-1.4210854715202038e-17,1.7568386335983577,2.3019519147779794,0.1924107770402152,1.6768330083935865,2970.4580547191003,2536.4028678070263,3702.329164158116,1253.1498350936042,0.0,861.472794318218,559.359279969209,0.0,3584.169354379625,839.2732676035488,0.0,189.2384803338524,378.5760976251783,0.0,0.0,380.7241205644365,0.0,0.0,0.0,0.0,1890.827919958315,0.0,0.0,0.0,0.0,0.0,1609.2708493925527,0.0,0.0,0.0,0.0,0.0,0.0,0.0,0.0,0.0
290,0.0770747279202656,-3.9079850466805446e-17,0.032950309772914,-1.4210854715202038e-17,1.820131073602502,2.3246471590775903,0.3390068508626097,1.653289456847375,2976.6798743115464,2451.5442777090598,4201.431419732289,1395.0709040735155,0.0,922.0268545624316,741.9297183964355,0.0,4143.552590833747,1118.143192870842,0.0,333.4277386832574,608.4797739528508,0.0,0.0,883.5751968383638,0.0,0.0,0.0,0.0,1859.582193335532,0.0,0.0,0.0,0.0,0.0,1547.5223001467084,0.0,0.0,0.0,0.0,0.0,0.0,0.0,0.0,0.0
291,0.0836582356155901,-3.9079850466805446e-17,0.0400002451295683,-1.4210854715202038e-17,1.85606525969468,2.2651070131713857,0.6242183019764959,1.616168217289037,2986.9727884748863,2311.8507423657697,5022.931737642037,1628.673842873356,0.0,1021.6505489882296,1042.453350273113,0.0,5064.263378517214,1577.1561316068655,0.0,570.8174034303831,986.9398062018118,0.0,0.0,1711.2717844751066,0.0,0.0,0.0,0.0,1748.143552340042,0.0,0.0,0.0,0.0,0.0,1398.966942360348,0.0,0.0,0.0,0.0,0.0,0.0,0.0,0.0,0.0
292,0.0851145753706512,-3.907985046680546e-17,0.045768576677741,-1.4210854715202038e-17,1.820858843673545,2.153815154576323,0.9778514699116102,1.5654573657085176,2993.6475128954726,2221.5101398788674,5554.325932279326,1779.774306827845,0.0,1086.060932999514,1236.8115248470776,0.0,5659.750086464973,1874.06768491062,0.0,724.3809705062474,1231.6833260449805,0.0,0.0,2246.639197385996,0.0,0.0,0.0,0.0,1592.4102545531834,0.0,0.0,0.0,0.0,0.0,1247.016775054392,0.0,0.0,0.0,0.0,0.0,0.0,0.0,0.0,0.0
293,0.0806487377142858,-3.9079850466805446e-17,0.0521505605182726,-1.4210854715202038e-17,1.7110211926363132,1.9683809720789596,1.39064622726519,1.4503374511635718,2900.590401704452,2061.714373407826,6194.591891398637,1985.8300403270173,0.0,1115.4939406889448,1457.9708250597678,0.0,6434.217791771364,2302.9367324504533,0.0,933.061162281296,1549.7154777893545,0.0,929.6917843457747,2997.9203507072352,644.0467649430482,0.0,0.0,0.0,1524.7964046505078,0.0,0.0,0.0,0.0,0.0,1209.8930152128985,0.0,0.0,0.0,0.0,0.0,0.0,0.0,0.0,0.0
294,0.073796424398671,-3.9079850466805446e-17,0.0579188920664454,-1.4210854715202038e-17,1.5633843890594177,1.7481174054831237,1.7404488685315558,1.240467737668549,2220.177743587288,1619.299493498519,6130.888191930024,2094.834972061846,0.0,788.3781125282676,1305.883856482701,0.0,6677.703171048045,2729.39976492104,0.0,1007.54633524066,1624.137994196513,0.0,1938.326529386748,3599.4069121221005,1071.3416191554493,0.0,0.0,0.0,1465.8359417285365,0.0,0.0,0.0,0.0,0.0,1182.2481215509993,0.0,0.0,0.0,0.0,0.0,0.0,0.0,0.0,0.0
295,0.0665067293820595,-3.9079850466805446e-17,0.0640531606686485,-1.4210854715202038e-17,1.3897960412365848,1.4732173774925728,2.104352539123617,1.0045071554488572,1303.6070463011122,945.9667467936084,4468.632944735236,1585.0472445574576,0.0,411.28373408143153,850.2024603308614,0.0,4998.893386148645,2210.3520601120604,0.0,740.6527568488918,1194.0573428191426,0.0,1696.776154624035,2902.429973067816,819.0223298746816,0.0,0.0,0.0,1387.2170445364443,0.0,0.0,0.0,0.0,0.0,1146.0288672888462,0.0,0.0,0.0,0.0,0.0,0.0,0.0,0.0,0.0
296,0.0576680988123793,-3.9079850466805446e-17,0.0655339608029377,-1.4210854715202038e-17,1.1467439533974504,1.1768799528826774,2.389170598218565,0.7675879344864515,725.8167059205492,526.6668690343175,2488.057474640435,882.5134574038996,0.0,228.9786698891246,473.41736009953206,0.0,2783.3249523738477,1230.6854957314476,0.0,412.39098013254,664.8135206473256,0.0,944.7561296794178,1616.0160624841956,456.0075473370167,0.0,0.0,0.0,1703.8487785868974,0.0,0.0,0.0,0.0,0.0,1616.9653805686955,0.0,0.0,0.0,0.0,0.0,0.0,147.44417264693672,0.0,0.0
297,0.0452389061584785,-3.9079850466805446e-17,0.0639664560000002,-1.4210854715202038e-17,0.9396557605468316,0.9199662583798734,2.4606742938313357,0.5647897794910595,306.2120560081319,182.54939269403013,1155.6982285729985,369.4083420033627,0.0,83.11609554314227,183.1009282534638,0.0,1283.8746204193685,514.5044859102674,0.0,158.3036159024887,255.8239999917012,0.0,386.5647930253143,693.8205938321122,170.26431636236467,0.0,86.20904763266753,0.0,3199.1482043584247,0.0,0.0,0.0,0.0,0.0,3262.469391416956,0.0,0.0,0.0,0.0,0.0,43.123323720661794,765.0280823320826,0.0,0.0
298,0.0371111371893685,-3.9079850466805446e-17,0.0639664560000002,-1.4210854715202038e-17,0.8185662557668393,0.6941785616991888,2.450215546320133,0.3990610622527933,466.4535745537162,0.0,2687.104259892307,537.313883756665,0.0,8.813142937342354,133.6546609745105,0.0,2913.9849255161294,742.5635929111176,0.0,104.43165287775,174.25222021765316,0.0,484.3398565803311,1162.1317224592856,66.07230206820572,0.0,417.5327326434921,0.0,4656.356407245824,2.2045454545454546,0.0,1.1363636363636365,0.0,0.0,4555.133366922079,8.090909090909092,0.0,2.613636363636364,0.0,0.0,245.79478996271973,1466.580454063847,0.0,0.0
299,0.0301591568571425,-3.9079850466805446e-17,0.0639664560000002,-1.4210854715202038e-17,0.7498916127707642,0.5195096336046563,2.4221974830896884,0.282794863455151,755.3492660626946,0.0,4905.937007472966,883.8807623262114,0.0,0.0,74.39088339663004,0.0,5231.174349768282,1160.9572496138037,0.0,35.244089675594786,96.2997682962189,0.0,658.768272032702,1770.9144992276065,19.300334822349527,0.0,573.2211187338931,0.0,5362.671448629817,242.06992166259027,0.0,71.97283177321572,0.0,0.0,5342.418875888205,581.6549208716395,0.0,215.72915124019335,0.0,0.0,532.3021669827857,1848.591132381172,0.0,0.0
300,0.0215560811960128,-3.9079850466805446e-17,0.0603975060427149,-1.4210854715202038e-17,0.6695039338680604,0.3439237839335605,2.317992257072604,0.2572992875140025,756.1741045212787,0.0,4900.448903069725,848.0210326529506,0.0,0.0,25.79561227890184,0.0,5154.637915137139,1046.208700922833,0.0,0.0,33.6776049196774,0.0,526.0530974952923,1544.2802995118632,0.0,0.0,591.3666728766136,0.0,5591.859453157322,352.14943406392047,0.0,88.72178256964106,0.0,0.0,5664.287104651601,752.8437398049726,0.0,292.0641413174009,0.0,0.0,650.5540593373548,1989.4001746656904,0.0,0.0
301,0.0110412109435213,-3.9079850466805446e-17,0.0480502100332227,-1.4210854715202038e-17,0.5390883978483246,0.1817145719567009,1.9633781661335683,0.2518577272823937,834.2054736192342,0.0,4890.969044787627,785.3512717433971,0.0,0.0,0.0,0.0,4965.20376427657,777.7021301870338,0.0,0.0,0.0,0.0,223.70015805086575,1017.6057897209658,0.0,0.0,605.2358276303758,0.0,5922.882049799416,524.4822681680581,0.0,121.13509972552473,0.0,0.0,6156.628999873307,1031.9903333943196,0.0,411.557199014706,0.0,0.0,844.6710001548255,2216.27529481314,0.0,0.0
302,0.0019635940871306,-3.907985046680546e-17,0.0362557306046513,-1.4210854715202038e-17,0.4052490424080757,0.0792216950198755,1.542313403839773,0.2413385287492024,912.1197299211292,0.0,4885.357300009704,739.7862395838914,0.0,0.0,0.0,0.0,4830.543708027729,563.4208597830701,0.0,0.0,0.0,0.0,0.5614467021706914,610.0528427470714,0.0,0.0,575.1599162416794,0.0,6072.941573588946,664.994536888649,0.0,166.0597371048291,0.0,0.0,6486.628817423249,1296.6049645481928,0.0,508.2503579341551,0.0,0.0,1049.8769063394318,2437.171477575357,0.0,0.0
303,-2.8421709430403993e-16,-3.9079850466805446e-17,0.0262676128903655,-1.4210854715202038e-17,0.2944781441461809,0.0335695226915209,1.1621181771117362,0.2046896939003337,1013.1666702435846,0.0,4903.355438640299,747.6260702291435,0.0,0.0,0.0,0.0,4864.139143229529,490.4601120872677,0.0,0.0,0.0,0.0,0.0,516.6070766786574,0.0,0.0,500.1762910363463,0.0,5371.786229395781,610.148708953196,0.0,153.87274818850452,0.0,0.0,5768.919386895901,1215.722552478309,0.0,467.0920203872848,0.0,0.0,1024.509563275525,2285.836480929595,0.0,0.0
304,-2.8421709430403993e-16,-3.9079850466805446e-17,0.0158544688903656,-1.4210854715202038e-17,0.1811121367071197,0.0106762493170182,0.7769183972890332,0.1635813197531048,1055.6705126771417,0.0,5020.487624604428,796.6025518692011,0.0,0.0,0.0,0.0,4955.817820986781,529.4850745415322,0.0,0.0,0.0,0.0,0.0,490.04860878391713,0.0,0.0,519.158791905245,0.0,5677.653623489062,629.1288489887065,0.0,155.13653092621394,0.0,0.0,6089.415147776552,1263.7628653439397,0.0,491.6633955774034,0.0,0.0,1073.9532664749809,2399.273508521359,0.0,0.0
305,-2.8421709430403993e-16,-3.9079850466805446e-17,0.006822660318937,-1.4210854715202038e-17,0.0884819239150472,0.0015052425932653,0.445495237453719,0.1295172880863798,1072.6363417543982,0.0,5097.941239701608,834.8593921842711,0.0,0.0,0.0,0.0,5009.35473725131,541.0458468527089,0.0,0.0,0.0,0.0,0.0,458.6864626245821,0.0,0.0,559.2690766032973,0.0,6220.297153387,684.6699279077291,0.0,159.85286671419058,0.0,0.0,6650.364822626608,1359.966250318663,0.0,526.4388190226512,0.0,0.0,1148.2057826596576,2590.586188058718,0.0,0.0
306,-2.8421709430404003e-16,-3.9079850466805446e-17,0.0006895272144136,-1.4210854715202038e-17,0.038413493001791,4.822808818971681e-15,0.1891791649228156,0.097459103900334,1083.8791623014547,0.0,5130.62673729668,843.9640379255271,0.0,0.0,0.0,0.0,5037.188159778715,561.6804572439233,0.0,0.0,0.0,0.0,0.0,502.7221969604364,0.0,0.0,592.4356538659481,0.0,6435.5489377905,747.3523295326263,0.0,152.0600903980756,0.0,0.0,6804.744658612083,1351.0577157619414,0.0,473.9411843023481,0.0,0.0,1039.4267696223478,2495.7832183232726,0.0,0.0
307,-2.8421709430403993e-16,-3.9079850466805446e-17,1.8296475445822552e-16,-1.4210854715202038e-17,0.0060691822976067,4.822808818971681e-15,0.0487608703990145,0.0537798279468451,1128.2787619661858,0.0,5070.475293553539,819.7540555197248,0.0,0.0,0.0,0.0,4977.475293553539,583.8688793876014,0.0,0.0,0.0,0.0,0.0,657.8199144884134,0.0,0.0,633.4725617555605,0.0,6509.165733162095,772.1291710373146,0.0,147.504416770457,0.0,0.0,6814.797857618964,1281.6942863474887,0.0,403.3392515275665,0.0,0.0,869.7796098582811,2282.503368432919,0.0,0.0
308,-2.8421709430403993e-16,-3.9079850466805446e-17,0.0011992989767443,-1.4210854715202038e-17,0.0016311394611922,0.0020807417911253,0.0005254421153668,0.0109436480915745,1247.230477922987,45.01369797667744,4941.089015193496,742.0695808265809,0.0,0.0,0.0,0.0,4830.004370405587,504.2846876967001,0.0,0.0,0.0,0.0,0.0,746.5456113505004,0.0,0.0,683.1632154262817,1.1972586477589262,6571.109033131631,788.0401692121295,0.0,145.6718544029193,0.0,0.0,6817.410410458658,1201.2077371735904,0.0,335.25281061414256,0.0,0.0,700.9104506969041,2073.1867981220294,0.0,0.0
309,-2.8421709430403993e-16,-3.9079850466805446e-17,0.0035764808770765,-1.4210854715202038e-17,0.034773360238493,0.0206802881760845,-6.142641950646057e-15,1.0587086762825504e-15,1389.3609643069185,131.1006617704383,4477.810123615998,511.2103638894415,0.0,0.0,0.0,0.0,4250.736398672772,284.0061648163361,0.0,0.0,0.0,0.0,0.0,578.4874032006799,0.0,0.0,784.7249333253507,73.14008778964276,6548.10351519463,746.0413591797764,0.0,164.53156756608044,1.7659530450953045,0.0,6775.537627675461,1066.6231621830825,0.0,300.1049880578192,1.00331650837927,0.0,572.7149303338934,1934.8491705572303,0.0,0.0
310,-2.8421709430403993e-16,-3.9079850466805446e-17,0.0055681738205981,-1.4210854715202038e-17,0.081825418489362,0.0602566924719452,-6.142641950646057e-15,0.0113920713445283,1239.985910744217,102.45528963272896,4025.140368214239,322.7803133744623,0.0,0.0,0.0,0.0,3758.284287118919,179.34290788864178,0.0,0.0,0.0,0.0,0.0,365.2392622312689,0.0,0.0,953.3840293515271,361.4851596031177,6664.040847642622,824.6303362106877,0.0,228.03732408559188,46.88043796097352,0.0,6896.045238711515,1077.8495648116736,0.0,325.72208814672416,26.63486294662864,0.0,528.8621418405854,1900.945707816603,0.0,0.0
311,-2.8421709430403993e-16,-3.9079850466805446e-17,0.007302874126246,-1.4210854715202038e-17,0.1418235625125362,0.1145928824415632,-6.142641950646056e-15,0.0638552572624595,860.1163211867631,71.0681194370483,3686.9789552681623,223.8965888931152,0.0,0.0,0.0,0.0,3408.897012400153,124.40122168124763,0.0,0.0,0.0,0.0,0.0,253.34824199315327,0.0,0.0,1336.8164868771396,866.5075557246101,7255.590037276531,1286.1065682769115,0.0,415.51204336249526,219.08572308862685,0.0,7509.650277672118,1481.3585005705593,0.0,475.30598934956254,124.47234842145303,0.0,609.1680547736783,2014.618162038798,0.0,0.0
312,-2.8421709430403993e-16,-3.9079850466805446e-17,0.0096158078671097,-1.4210854715202038e-17,0.2512663919588893,0.2689833753519568,-6.142641950646057e-15,0.1402710297009977,0.0,0.0,2790.196065978329,0.0,0.0,0.0,0.0,0.0,2499.3968049850923,0.0,0.0,0.0,0.0,0.0,0.0,0.0,0.0,0.0,2031.27084861022,1800.2832269299786,7660.938322689554,2066.9472734702817,0.0,777.8512720562877,639.2092760144186,0.0,7985.099277089843,2267.845490126708,0.0,800.5708917549972,403.4589294270178,0.0,798.4186491780707,2117.858515260805,0.0,0.0
313,-2.8421709430403993e-16,0.0053046484344139,0.0121613642543248,-1.4210854715202038e-17,0.3844066082302695,0.5412624396794647,-6.142641950646057e-15,0.2265925504186054,0.0,0.0,2372.708691475722,0.0,0.0,0.0,0.0,0.0,2121.8990524608976,0.0,0.0,0.0,0.0,0.0,0.0,0.0,0.0,0.0,929.0744405053016,821.868907655643,3496.3335506942394,943.0027847990824,0.0,355.94340099608,294.7529668786514,0.0,3645.913013801488,1039.2087235394742,0.0,367.7077859665501,187.08894991304643,0.0,367.3253905359483,969.4603049245372,0.0,0.0
314,-2.8421709430403993e-16,0.0191484226046511,0.0128924640000001,-1.4210854715202038e-17,0.501408253736614,0.820649648356152,-6.142641950646057e-15,0.3030083228571434,0.0,0.0,1382.562931195407,0.0,0.0,0.0,0.0,0.0,1233.3638270465262,0.0,0.0,0.0,0.0,0.0,0.0,0.0,0.0,0.0,1525.461434294638,1253.188072006738,6249.830920185714,1738.831726715022,0.0,654.9890113136489,786.5087908520047,0.0,6584.030810645849,2351.98858494959,0.0,1232.5664075829618,813.4057470377101,0.0,1454.693857529361,2784.0578934087985,114.274309544284,0.0
315,-2.8421709430403993e-16,0.0331317268883313,0.0128924640000001,-1.4210854715202038e-17,0.5776922175963147,1.085253870913287,-6.142641950646057e-15,0.3730549375529191,0.0,0.0,1236.4612020557106,0.0,0.0,0.0,0.0,0.0,1101.1909145225516,0.0,0.0,0.0,0.0,0.0,0.0,0.0,0.0,0.0,1857.8576854046196,1525.2408264324508,7617.031662115836,2119.721812758746,0.0,798.4618129708696,961.0907646220728,0.0,8024.993315404986,2871.321275497517,0.0,1507.790988176482,996.00209648547,0.0,1780.6760660080631,3403.315243063862,157.11847641247616,0.0
316,-2.8421709430403993e-16,0.0503730281063122,0.0128924640000001,-1.4210854715202038e-17,0.6375408821497003,1.3417736634019966,-6.142641950646057e-15,0.4250800842610906,0.0,0.0,1173.3935539654003,0.0,0.0,0.0,0.0,0.0,1054.8911217413429,0.0,0.0,0.0,0.0,0.0,0.0,0.0,0.0,0.0,1134.8382920015702,941.9505488779592,4509.373428773844,1243.6351716756346,0.0,491.03944854632095,576.3462611883376,0.0,4739.857334005605,1670.5936023095844,0.0,884.8903766002112,583.9958664750499,0.0,1028.6112034591306,1986.7789605703983,87.39470740926647,0.0
