Time,r-biceps,l-biceps,r-lats,l-lats,r-quat,l-quat,r-hamstring,l-hamstring,L1,L2,L3,L4,L5,L6,L7,L8,L9,L10,L11,L12,L13,L14,L15,L16,L17,L18,R1,R2,R3,R4,R5,R6,R7,R8,R9,R10,R11,R12,R13,R14,R15,R16,R17,R18
0,0.2918121649199268,0.0002628593588717,0.5402365324214521,-4.263256414560587e-17,0.2890784242256431,2.327498926371957,0.6065748583337175,3.075441117969212,199.75138979232605,131.1935154108486,4313.372033090215,1093.7898332037123,0.0,0.0,0.0,0.0,5357.651529911146,1541.904806135616,0.0,103.33432380065685,0.0,0.0,395.8602973302272,1119.168254521845,0.0,0.0,1042.4739291238188,147.00459681196597,6492.33603523112,588.3100600698209,0.0,0.0,0.0,0.0,6323.077154822602,642.7257194522972,0.0,0.0,0.0,0.0,0.0,790.1476592607169,0.0,0.0
1,0.291815964,0.0066760427242524,0.5402438279999998,-4.263256414560587e-17,0.2928076920000007,2.439296338416705,0.9543766046161772,3.103739406399075,415.853676339957,284.6473859570892,4303.166207360036,1236.9339162733334,0.0,18.436676605729836,19.993828346078637,0.0,5573.44509416479,1876.0341393980168,0.0,414.1912685063039,49.51742534309194,0.0,958.5180054787488,1938.3852244962852,43.41339052092464,0.0,317.8133178992782,48.63633888696079,4308.781133735337,86.37142940270623,0.0,0.0,0.0,0.0,4054.3635411522414,62.612298337236886,0.0,0.0,0.0,0.0,0.0,159.8849761111585,0.0,0.0
2,0.291815964,0.015769628372093,0.5402438279999998,-4.263256414560588e-17,0.2928076920000007,2.4801938439292304,1.3255195814315075,3.0549445844901477,509.65944007471785,362.5816291245468,4520.537455372014,1446.6603745189084,0.0,203.69533802915777,222.18841941638868,0.0,6117.45663247916,2329.2193894234183,0.0,744.3739810813254,545.2262975300048,0.0,1646.0938978485142,2972.5782968352137,481.03661963307246,0.0,0.0,0.0,3301.62456669369,0.0,0.0,0.0,0.0,0.0,3068.975656260886,0.0,0.0,0.0,0.0,0.0,0.0,0.0,0.0,0.0
3,0.2909580996176187,0.0261481772093023,0.5364395026368018,-4.263256414560587e-17,0.2926928264940528,2.484679938574218,1.787238175221734,2.904193038708601,685.569306688478,527.6252199009663,4752.965282815719,1653.6527876555058,0.0,357.21693759194704,384.657576254009,0.0,6636.711133010799,2736.3371877881627,0.0,1012.3001963996428,821.6451456903591,0.0,2199.92062965737,3896.0920602792607,770.0261983376334,0.0,0.0,0.0,2968.415287949392,0.0,0.0,0.0,0.0,0.0,2734.8370189507627,0.0,0.0,0.0,0.0,0.0,0.0,0.0,0.0,0.0
4,0.2616909904584721,0.0365267260465116,0.4795614413820591,-4.263256414560588e-17,0.2771511779337097,2.3607311533536297,2.356694955249633,2.626086989853041,1963.966543248916,1862.8146056428404,5182.398265183217,1819.2432884581096,0.0,742.3069408311345,450.080173954613,0.0,6809.250334812739,2512.874052289972,0.0,488.5360766579618,355.08797970863736,0.0,1054.4333689387206,3305.111570249621,350.4463067712695,0.0,0.0,0.0,2573.2637819070533,0.0,0.0,0.0,0.0,0.0,2337.866330234193,0.0,0.0,0.0,0.0,0.0,0.0,0.0,0.0,0.0
5,0.2146708102126247,0.0461145283056477,0.3925121867043183,-4.263256414560588e-17,0.2331512166976747,2.146659183833889,3.035478396070875,2.242986775751932,4037.2197644798575,4047.804160794715,5691.244374310617,1888.037233315127,0.0,1340.5944205142548,467.9160733374433,0.0,6551.692225093459,1675.3539939380637,0.0,0.0,0.0,0.0,0.0,1255.305779547959,0.0,0.0,0.0,0.0,2351.595831736743,0.0,0.0,0.0,0.0,0.0,2093.184024279046,0.0,0.0,0.0,0.0,0.0,0.0,0.0,0.0,0.0
6,0.1642574210830564,0.0561366316489035,0.2991810270498335,-4.263256414560587e-17,0.1825664991428573,1.8072946140350832,3.853822027278138,1.7561432771354075,5008.482127007312,4895.278707372988,6067.405258785659,1961.2423288208763,0.0,1552.8321649455847,539.1833704823586,0.0,6591.010302980082,1354.069497558744,0.0,0.0,0.0,0.0,0.0,170.26211331887612,0.0,0.0,0.0,0.0,2213.2261726701017,0.0,0.0,0.0,0.0,0.0,1915.5687233483743,0.0,0.0,0.0,0.0,0.0,0.0,0.0,0.0,0.0
7,0.1206304497209301,0.0595036799999998,0.2184136773488371,-4.263256414560587e-17,0.1387912627973422,1.4669815611049823,4.48712430208804,1.3249835738252416,4245.108444515168,3988.8785585283367,5447.368343734007,1767.0259308495006,0.0,1264.3087010125423,528.4275168410625,0.0,6003.264817282177,1339.6808923218516,0.0,0.0,0.0,0.0,0.0,243.8175853091745,0.0,0.0,0.0,0.0,2128.948409965723,0.0,0.0,0.0,0.0,0.0,1810.185512457154,0.0,0.0,0.0,0.0,0.0,0.0,0.0,0.0,0.0
8,0.0779729666112957,0.0595036799999998,0.139441157641196,-4.263256414560587e-17,0.0959888094817276,1.1235176033995005,5.028452575183555,0.9327588976345452,2355.864615216908,2229.503142013434,3119.2901332027463,1022.7131736563152,0.0,699.1283026482934,286.47705633845897,0.0,3440.6903769218948,788.8250071101653,0.0,0.0,0.0,0.0,0.0,145.5749269457302,0.0,0.0,0.0,0.0,2065.869326277061,0.0,0.0,0.0,0.0,0.0,1729.9603919666854,0.0,0.0,0.0,0.0,0.0,0.0,0.0,0.0,0.0
9,0.0250322972138034,0.0595036799999998,0.0433302686852427,-4.263256414560587e-17,0.0425287077974493,0.7201207126605949,5.557061213953701,0.5072812805568476,1193.552650339124,1372.6031552053591,3056.5625510473674,1163.8903326347272,0.0,315.8265774636061,40.91200438492975,0.0,3417.8495250586598,1095.4966340186525,0.0,0.0,0.0,0.0,0.0,231.44697559413285,0.0,0.0,0.0,0.0,1915.756411285316,0.0,0.0,0.0,0.0,0.0,1536.8713465594271,0.0,0.0,0.0,0.0,0.0,0.0,0.0,0.0,0.0
10,3.51235704884337e-06,0.0590925011042435,6.744968845910507e-06,-4.263256414560587e-17,0.0034478136027078,0.4384784577972786,5.924126450042248,0.2053508251784561,2142.593111032997,2633.761031873796,6517.837776575543,2540.3205808054918,0.0,540.1049419459997,0.5851816688386099,0.0,7305.1095860133055,2452.437002277026,0.0,0.0,0.0,0.0,0.0,525.5970820761319,0.0,0.0,0.0,0.0,1850.5448794402855,0.0,0.0,0.0,0.0,0.0,1461.6194249245195,0.0,0.0,0.0,0.0,0.0,0.0,0.0,0.0,0.0
11,1.2434497875801717e-17,0.0527287939534883,-7.46069872548104e-17,-4.263256414560587e-17,-7.993605777301111e-17,0.280895581173232,5.986402313718084,0.0770752378262873,1224.7659507408705,1468.141036326,3815.750863223033,1517.9595895072275,0.0,295.4233393649852,0.0,0.0,4284.846533910258,1454.0892986479964,0.0,0.0,0.0,0.0,143.00165624373454,307.189648076382,0.0,0.0,0.0,0.0,1741.385942969825,0.0,0.0,0.0,0.0,0.0,1354.9553483671984,0.0,0.0,0.0,0.0,0.0,0.0,0.0,0.0,0.0
12,1.2434497875801717e-17,0.0436352083056478,-7.46069872548104e-17,-4.263256414560587e-17,0.0072616070392025,0.2014682747106974,5.927279171879601,0.0351323268255088,2262.709909876988,2144.923271086124,7473.440385686046,3263.873120779901,0.0,482.0268171227228,0.0,0.0,8427.088939131936,2971.002283229408,0.0,0.0,0.0,0.0,31.83275810923029,534.9590558634441,0.0,0.0,0.0,0.0,1646.60586120087,0.0,0.0,0.0,0.0,0.0,1326.9068868518254,0.0,0.0,0.0,0.0,0.0,0.0,0.0,0.0,0.0
13,1.2434497875801717e-17,0.0331578161461794,-7.46069872548104e-17,-4.263256414560587e-17,0.0395106470901755,0.1444360401926907,5.786721921923349,0.0209397666058318,2633.4227228313503,2412.8736097194665,8103.504296940278,3558.979465530607,0.0,627.5287820865088,0.0,0.0,9040.372109591368,3111.6383168081848,0.0,0.0,0.0,0.0,8.6441275787468,488.63484134166737,0.0,0.0,0.0,0.0,1626.1582857999324,0.0,0.0,0.0,0.0,0.0,1394.232487144747,0.0,0.0,0.0,0.0,0.0,0.0,0.0,0.0,0.0
14,1.2434497875801717e-17,0.0227792673089701,-7.46069872548104e-17,-4.263256414560587e-17,0.0828570622724252,0.1190980168090036,5.523646820270392,0.0432529132657069,2780.560324461386,2564.133490007639,8289.12594050048,3673.631727357477,0.0,665.8984555723964,0.0,0.0,9136.947578146404,3059.297865902566,0.0,0.0,0.0,0.0,5.5862744726531774,428.6445106986157,0.0,0.0,0.0,0.0,2017.200921858433,0.0,0.0,0.0,0.0,0.0,1947.2995384193323,0.0,0.0,0.0,0.0,0.0,0.0,0.0,0.0,0.0
15,1.2434497875801717e-17,0.0133891516943521,-7.46069872548104e-17,-4.263256414560587e-17,0.122443060768453,0.1578873987170299,5.1270312028149645,0.1661135267736471,2723.6489461115148,2520.605336932821,8267.87924410757,3640.248053161666,0.0,621.4793894714983,0.0,0.0,9061.0913716125,2984.861800436092,0.0,0.0,0.0,0.0,4.443370366524763,420.5575744990136,0.0,0.0,0.0,0.0,2224.700695670232,0.0,0.0,0.0,0.0,0.0,2225.849101858581,0.0,0.0,0.0,0.0,0.0,0.0,0.0,0.0,0.0
16,1.2434497875801717e-17,0.0038139690543471,-7.46069872548104e-17,-4.263256414560587e-17,0.1737357108468626,0.2176603156153698,4.565031437259447,0.3149667174617884,1840.7841948125115,1595.7273286882207,7294.860577084696,2751.8839280851184,0.0,135.374767757936,0.0,0.0,7790.614592304239,2094.145386177443,0.0,0.0,0.0,0.0,0.8862328604760962,410.5152724008323,0.0,0.0,0.0,0.0,3094.0406900687635,0.0,0.0,5.299933937948151,0.0,0.0,3312.9830124375603,0.0,0.0,5.164176899111841,0.0,0.0,49.229580323062805,534.6049832348715,0.0,0.0
17,1.2434497875801717e-17,-5.3290705182007346e-18,-7.46069872548104e-17,-4.263256414560587e-17,0.2362271167589794,0.3161172008921201,3.8917810975024136,0.4743540456877023,1592.4091599741048,875.0313971149939,6521.103650404431,2008.2492234225008,0.0,0.0,0.0,0.0,6811.400999376686,1266.5427089179243,0.0,0.0,0.0,0.0,0.0,204.9717515223322,0.0,0.0,1.2445872423224191,0.0,3950.689542169168,0.8478036948847673,0.0,33.59907103268038,0.0,0.0,4226.761952172565,2.4891744846448383,0.0,50.05329306735545,0.0,0.0,249.11785093398808,1824.465076109257,0.0,0.0
18,1.2434497875801717e-17,-5.3290705182007346e-18,-7.46069872548104e-17,-4.263256414560587e-17,0.2847732792301852,0.426852533763644,3.275707413502611,0.6208916047375366,1635.129843279884,437.4340963307627,6125.133618559137,1593.2033986503743,0.0,0.0,0.0,0.0,6211.313817115542,763.2828821585042,0.0,0.0,0.0,0.0,0.0,0.0,0.0,0.0,42.24809999848204,0.0,4277.136502199113,28.779095641167817,0.0,64.07364977038804,0.0,0.0,4596.207441396003,84.49619999696408,0.0,115.206602728815,0.0,0.0,403.11708637486345,1956.8073919484384,0.0,0.0
19,1.2434497875801717e-17,-5.329070518200735e-18,-7.46069872548104e-17,-4.263256414560588e-17,0.320745802797342,0.5425536500066434,2.6625952118648946,0.819335956538201,1628.9707094985115,392.73324801943374,5749.919954369181,1264.3548911381492,0.0,0.0,0.0,0.0,5711.485358505775,530.2597999575121,0.0,0.0,0.0,0.0,0.0,0.0,0.0,0.0,187.49999956916707,0.0,4532.812241485174,125.72814027422724,0.0,90.55536179667916,0.0,0.0,4883.25584386068,360.5071596321613,0.0,168.5573294095298,0.0,0.0,519.1122063791537,2061.1418493560045,0.0,0.0
20,1.2434497875801717e-17,-5.329070518200733e-18,-7.46069872548104e-17,-4.263256414560586e-17,0.3583535819202651,0.6467722660856109,2.0840834600661853,1.0639696379478605,1411.0701216743962,215.2274457933483,4278.5925503694,382.1957920649697,0.0,0.0,0.0,0.0,3997.545343108255,0.5192307692307693,0.0,0.0,0.0,0.0,0.0,0.0,0.0,0.0,772.2590047827312,226.0532800589932,5422.37892009559,456.7746772375568,0.0,261.24300410447665,101.6848664625229,0.0,5812.777796151971,1041.9642857740964,0.0,425.1490401680964,67.78991097501526,0.0,784.5023058646979,2444.348356989716,0.0,0.0
21,1.2434497875801717e-17,-5.3290705182007346e-18,-7.46069872548104e-17,-4.263256414560587e-17,0.3948431163761365,0.6862634205847167,1.6662022951694315,1.2056785611272505,634.5185362616402,0.7567597502452336,2142.237684745315,1.3418832684760846,0.0,0.0,0.0,0.0,2000.3679540437945,0.0,0.0,0.0,0.0,0.0,0.0,0.0,0.0,0.0,1621.9097878173318,1330.258774870606,6625.996410308047,1139.794850140337,0.0,736.0275332985358,743.975557467667,0.0,7132.919117925084,1915.9574265658248,0.0,1147.8615777826612,750.4144405658432,0.0,1337.7942676613818,3402.911255213022,68.98386197340879,0.0
22,1.2434497875801717e-17,-5.329070518200733e-18,-7.46069872548104e-17,-4.263256414560586e-17,0.4136665426606177,0.7221673386593399,1.33317660176565,1.3604884690112384,0.1024380717786423,0.0,1769.2235246550267,0.0,0.0,0.0,0.0,0.0,1645.8579654496489,0.0,0.0,0.0,0.0,0.0,0.0,0.0,0.0,0.0,2150.6479014055503,1972.8192855548823,7255.185086398186,1700.792654266133,0.0,1107.298824696972,1270.1698851455403,0.0,7843.653339610499,2579.377328675806,0.0,1690.6191167609063,1379.6354879657515,0.0,1769.1471052159905,4132.099758225926,329.75212945514346,0.0
23,1.2434497875801712e-17,-5.3290705182007346e-18,-7.46069872548104e-17,-4.263256414560587e-17,0.402406427488763,0.7631290916482304,1.0182097249693165,1.6103445690123055,0.0,0.0,1929.2506108079576,0.0,0.0,0.0,0.0,0.0,1814.586484088979,0.0,0.0,0.0,0.0,0.0,0.0,0.0,0.0,0.0,2404.002658153281,2382.1932763697487,7340.969875296664,1594.102684998894,0.0,1176.724252597224,1216.5713357110258,0.0,7804.162551423611,2318.137838127448,0.0,1483.646496865585,1177.3523635827305,0.0,1385.962241610435,3681.874010354973,201.70595189619505,0.0
24,1.2434497875801717e-17,-5.3290705182007346e-18,-7.46069872548104e-17,-4.263256414560587e-17,0.3813131487603645,0.7880366057480852,0.7295846401846007,1.9180749742949528,0.0,0.0,1737.5839507610046,0.0,0.0,0.0,0.0,0.0,1662.0494895765216,0.0,0.0,0.0,0.0,0.0,0.0,0.0,0.0,0.0,2692.027056437312,3009.07202234574,7348.225191449243,1496.057658005519,0.0,1264.2359124374434,1009.7837289719912,0.0,7639.342096027546,1902.7314736464743,0.0,1012.198928903542,703.7514034635586,0.0,774.6481383156986,2737.01630958503,47.32952974504249,0.0
25,1.2434497875801712e-17,3.279801147684191e-06,-7.46069872548104e-17,-4.263256414560587e-17,0.3503591265278171,0.752724846777409,0.4409348189066742,2.196832793873507,0.0,0.0,1439.966910228038,0.0,0.0,0.0,0.0,0.0,1354.0722324530263,0.0,0.0,0.0,0.0,0.0,0.0,0.0,0.0,0.0,2131.210557231131,2644.8051004297354,5336.412511828594,1116.141810581911,0.0,977.4665950642514,596.8271747641361,0.0,5390.190336067935,1153.5764893395767,0.0,424.7155924486497,257.8124330267882,0.0,552.4386666607768,1361.904816768006,0.0,0.0
26,1.2434497875801717e-17,0.0060764436661468,-7.46069872548104e-17,-4.263256414560587e-17,0.2987109581311284,0.7075985331631989,0.1912792606335335,2.5881024553745955,0.0,0.0,1226.4707377568325,0.0,0.0,0.0,0.0,0.0,1126.4189864525922,0.0,0.0,0.0,0.0,0.0,0.0,0.0,0.0,0.0,2196.281709690264,2752.2102815402764,4993.371821647757,1115.7132386813826,0.0,1022.540552356486,590.2149405976661,0.0,4952.263460131495,987.3331645429508,0.0,286.14188731528986,151.8855505794412,0.0,600.8062936258602,939.8217604501992,0.0,0.0
27,1.2434497875801712e-17,0.0186715035747508,-7.46069872548104e-17,-4.263256414560587e-17,0.2397364350064492,0.6487845038671107,0.0670398372874711,3.136441582780529,0.0,0.0,1135.1861427517406,0.0,0.0,0.0,0.0,0.0,1022.2582284295796,0.0,0.0,0.0,0.0,0.0,0.0,0.0,0.0,0.0,3286.3949461620296,3916.854319604783,7135.090217433183,1621.6312498153618,0.0,1573.047992425139,1007.7072342181228,0.0,7107.986306238867,1445.1598704993464,0.0,510.63819770870936,249.76443938275,0.0,651.0152116704627,1386.8957454389106,0.0,0.0
28,1.2434497875801717e-17,0.0316521028704318,-7.46069872548104e-17,-4.263256414560586e-17,0.187528338878609,0.5717880902714036,0.0089931107771514,3.787103831478655,0.0,0.0,1012.57438125929,0.0,0.0,0.0,0.0,0.0,873.9778626062645,0.0,0.0,0.0,0.0,0.0,0.0,0.0,0.0,0.0,3167.435637150605,3201.8246144245536,7912.64136731738,1810.0123373245171,0.0,1546.2372686537542,1429.518553308651,0.0,8254.118579963706,2205.228658598083,0.0,1199.543119231342,880.8569943032481,0.0,1086.4580114838625,2807.2385554171774,0.0,0.0
29,1.2434497875801712e-17,0.0446327021661129,-7.46069872548104e-17,-4.263256414560587e-17,0.1497023784858312,0.4761393143662309,0.0008666718162969,4.325150708859872,0.0,0.0,903.4522578408512,0.0,0.0,0.0,0.0,0.0,749.8417381417022,0.0,0.0,0.0,0.0,0.0,0.0,0.0,0.0,0.0,2557.822799424732,2006.4280693977544,7613.066575412564,1855.7835219104556,0.0,1374.5274682114282,1600.771996476193,0.0,8313.295970964875,2785.72975040521,0.0,1752.403514015425,1390.752883400137,0.0,1972.72922523917,3887.212612311475,46.1764705882353,0.0
30,1.2434497875801717e-17,0.0567311248106312,-7.46069872548104e-17,-4.263256414560588e-17,0.1153155619136214,0.3886447129169435,-1.648459146963439e-15,4.715774708698993,0.0,0.0,839.9159684883903,0.0,0.0,0.0,0.0,0.0,701.9228161016641,0.0,0.0,0.0,0.0,0.0,0.0,0.0,0.0,0.0,2228.429874410731,1430.296620585244,7519.500939849001,1919.954367796672,0.0,1268.0251337553875,1660.5170219673555,0.0,8406.265798043443,3106.5070583090665,0.0,2025.3562723408768,1637.0208144916303,0.0,2369.1950042569824,4397.367500173923,502.2164342718572,0.0
31,1.2434497875801717e-17,0.0689547173161258,-7.46069872548104e-17,-4.263256414560586e-17,0.0793185505369283,0.3511161914950162,-1.6484591469634392e-15,5.110770644344482,0.0,0.0,749.2239905568196,0.0,0.0,0.0,0.0,0.0,632.3675632475804,0.0,0.0,0.0,0.0,0.0,0.0,0.0,0.0,0.0,2233.324994992323,1600.1602327144426,7694.469081093526,2020.764411162192,0.0,1236.0520126306983,1577.1610156202737,0.0,8557.006043040845,3126.915610995976,0.0,1947.817065934056,1562.1165220616608,0.0,2164.876475888803,4216.669811992917,546.7901771411861,0.0
32,1.2434497875801712e-17,0.0758528015751418,-7.46069872548104e-17,-4.263256414560587e-17,0.0516319722446746,0.3131327539112761,-1.6484591469634392e-15,5.339174612941947,0.0,0.0,668.5186332580951,0.0,0.0,0.0,0.0,0.0,538.5420088858274,0.0,0.0,0.0,0.0,0.0,0.0,0.0,0.0,0.0,2298.8971953945484,1805.6195430667997,7858.89563445344,2097.7239504656573,0.0,1232.7201711319492,1498.5977634445596,0.0,8658.132490009173,3103.813981685768,0.0,1808.7334171882476,1462.0142924741522,0.0,1949.465231583089,4006.8791114014216,482.3243212691794,0.0
33,1.2434497875801717e-17,0.0758671920000001,-7.46069872548104e-17,-4.263256414560587e-17,0.0317369433887043,0.2733442987611367,-1.6484591469634392e-15,5.354078848382935,0.0,0.0,617.2822933156907,0.0,0.0,0.0,0.0,0.0,487.7395033211382,0.0,0.0,0.0,0.0,0.0,0.0,0.0,0.0,0.0,2536.727489044021,2306.997799875394,7998.647043824789,2306.272746457368,0.0,1216.9983184490015,1140.395143280736,0.0,8477.232065351382,2745.542810696309,0.0,1143.1730462484657,904.8242139634066,0.0,1192.546470816422,2788.1597754632235,88.6223181287412,0.0
34,1.2434497875801717e-17,0.0758671920000001,-7.46069872548104e-17,-4.263256414560587e-17,0.0131782501274014,0.2250494843946265,-1.648459146963439e-15,5.266414719757905,0.0,0.0,561.6863017301708,0.0,0.0,0.0,0.0,0.0,456.33761833076113,0.0,0.0,0.0,0.0,0.0,0.0,0.0,0.0,0.0,1357.7131344815791,1255.7521130688333,4212.506569068503,1231.9368996060634,0.0,639.0432877854348,564.7604840889833,0.0,4432.009055226348,1404.8140766815295,0.0,535.1341999930287,419.0527631064429,0.0,556.9806239739173,1341.698504236096,1.521663687851255,0.0
35,1.2434497875801717e-17,0.0758531744871857,-7.46069872548104e-17,-4.263256414560587e-17,0.0021311767567631,0.1757565325422397,-1.6484591469634392e-15,5.183926347682011,0.0,0.0,499.94892724390553,0.0,0.0,0.0,0.0,0.0,429.70213053775393,0.0,0.0,0.0,0.0,0.0,0.0,0.0,0.0,0.0,747.9820418568305,700.5167560475855,2302.175610573809,686.4339013042011,0.0,343.56656601858043,308.0569067040459,0.0,2396.3310930331686,760.0448332880247,0.0,289.556784880444,220.16795909567008,0.0,288.5529162986821,708.7708152823074,0.0,0.0
36,1.2434497875801717e-17,0.0696710407678752,-7.46069872548104e-17,-4.263256414560587e-17,-1.0658141036401469e-17,0.1641645226852516,0.0065833412968349,5.132748572751698,0.0,0.0,473.2366570496454,0.0,0.0,0.0,0.0,0.0,442.2990268527861,0.0,0.0,0.0,0.0,0.0,0.0,0.0,0.0,0.0,2266.2168566641226,2140.266797071751,6912.919358214409,2080.996748127596,0.0,1027.7236456757053,927.3676384061666,0.0,7147.3793740034525,2260.914038876101,0.0,862.6275408758751,646.9361411982945,0.0,833.9734066673758,2081.174531513352,0.0,0.0
37,1.2434497875801717e-17,0.0583519031443487,-7.46069872548104e-17,-4.263256414560587e-17,0.0009770191722828,0.2834159794269439,0.0245970430735626,5.071136594069021,0.0,0.0,473.40384342292543,0.0,0.0,0.0,0.0,0.0,486.7552308343045,0.0,0.0,0.0,0.0,0.0,0.0,0.0,0.0,0.0,3103.120977670534,3020.3915099652654,8849.784986582323,2595.378118828284,0.0,1436.6488311366763,1264.3910165636014,0.0,9088.424945821997,2709.6471334496546,0.0,1060.2720976208834,840.4169534756716,0.0,948.0819388393702,2526.230573575291,0.0,0.0
38,1.2434497875801717e-17,0.0519536975681062,-7.46069872548104e-17,-4.263256414560587e-17,0.005237872385382,0.4960078667663757,0.0820245714862391,4.94377251898176,0.0,0.0,989.6128337984284,0.0,0.0,0.0,0.0,0.0,1030.303256382394,0.0,0.0,0.0,0.0,0.0,0.0,0.0,0.0,0.0,3236.46860931771,3227.8618916036576,8914.081628285256,2621.598467063577,0.0,1523.8418784757923,1285.8765065095165,0.0,9103.123238047026,2627.809624588751,0.0,999.7699740802389,819.4065015942203,0.0,857.975160931337,2402.720982519429,0.0,0.0
39,1.2434497875801717e-17,0.0466779352425248,-7.46069872548104e-17,-4.263256414560586e-17,0.0117783540276002,0.783726975602606,0.1806617217937627,4.884168383836701,1.6289642562760218,0.0,1961.3725139430223,0.0,0.0,0.1682814314334733,0.0,0.0,2037.8085803469185,0.0,0.0,0.0,0.0,0.0,0.0,1.2250888208356856,0.0,0.0,2607.551991883301,2577.826487662142,7579.186715939155,2340.1214334435417,0.0,1184.5024469668538,951.7143199434328,0.0,7655.919871725971,2270.784511272825,0.0,750.3410191691363,610.8198965307334,0.0,692.5428816740973,1964.548127533819,0.0,0.0
40,1.2434497875801712e-17,0.0415026636279069,-7.46069872548104e-17,-4.263256414560587e-17,0.0309824393621262,1.18445979997264,0.3255925684150852,4.885196552857539,63.555588355872565,0.0,2428.686888136643,0.0,0.0,6.5656599541190666,0.0,0.0,2553.8283198980625,0.0,0.0,0.0,0.0,0.0,0.0,47.79800446598679,0.0,0.0,1930.2180839255,1908.184751710359,5610.307796292438,1732.1918313494175,0.0,876.8322787621414,704.4716814437685,0.0,5667.113854011529,1680.9211268742724,0.0,555.4262344613624,452.16361343052216,0.0,512.6282568319986,1454.204976758553,0.0,0.0
41,1.2434497875801712e-17,0.036579565162932,-7.46069872548104e-17,-4.263256414560587e-17,0.051647283269103,1.575781519305013,0.5116712028548792,4.868579064652299,751.2110120766083,134.47429718775888,2867.4304532204046,15.031059166695602,0.0,130.5086696178051,40.26176562507752,0.0,3294.335607064445,13.420588541692505,0.0,42.14064802091446,0.0,0.0,27.109588854218863,681.2321727193291,8.857588437517053,0.0,1041.5889140878355,845.9658746646041,3379.858200631614,645.6666394626476,0.0,323.38686712988573,228.24337465889508,0.0,3306.480732964072,581.2379149649745,0.0,154.38180590045474,125.65786304833878,0.0,168.22570497151847,723.5814743786602,0.0,0.0
42,1.2434497875801712e-17,0.0377379443650576,-7.46069872548104e-17,-4.263256414560587e-17,0.0723121271760798,1.931730611125272,0.7774339976517473,4.862216191070551,1520.0,501.0,3404.0,56.0,0.0,350.0,150.0,0.0,4064.0,50.0,0.0,157.0,0.0,0.0,101.0,1568.0,33.0,0.0,1861.86508197602,1138.2125511056809,6772.242989000887,588.0035908481332,0.0,280.1749315142083,90.65971256660517,0.0,6419.004787797511,408.45075230905735,0.0,0.0,0.0,0.0,69.52120369449177,1128.7677835435122,0.0,0.0
43,0.0016872454249101,0.0473759237504915,-7.46069872548104e-17,-4.263256414560587e-17,0.0964898762042173,2.177879251545462,1.1180469249421638,4.808350056501991,1794.5393741990683,1028.754563708155,3645.359135957043,235.1908194103316,0.0,456.4052547460713,237.3177929223849,0.0,4512.137267569607,330.3302413258263,0.0,350.90783419963185,235.96778994010828,0.0,324.3318810957417,2030.9235383862156,307.3674308486189,0.0,1285.220355289404,523.0984736581215,6334.436001850789,302.9563706886115,0.0,64.11000057615047,0.8979591836734694,0.0,5748.22806119784,176.88651617548783,0.0,0.0,0.0,0.0,0.0,615.5670966762717,0.0,0.0
44,0.0194853135946843,0.0585963806710963,-7.460698725481043e-17,-4.263256414560587e-17,0.1294363086353821,2.3481616553596347,1.4783979408014931,4.782504357229226,2583.0868370990224,1988.8858437368435,4151.93018873255,541.1071348623259,0.0,759.0985644020426,537.0728231664729,0.0,5148.767192091237,719.0332175349178,0.0,557.3495505772552,488.20053171565615,0.0,435.5421586775715,2340.2444411888814,542.9315998172855,0.0,630.3195526621754,1.2564294775330511,5408.082483864725,0.7456300446478537,0.0,0.1285569042496301,0.0,0.0,4741.2943503474025,0.4216666459387864,0.0,0.0,0.0,0.0,0.0,297.2877629134681,0.0,0.0
45,0.0417645984318936,0.0692113297873754,-7.46069872548104e-17,-4.263256414560587e-17,0.1655748048821264,2.492409376371828,1.9045393761910945,4.637037139568369,4836.539520403849,3835.496668569997,5054.434228853133,1147.106430600101,0.0,1434.2650126842736,837.1748337311884,0.0,5790.943863339372,1102.6670062247365,0.0,339.26512229332025,169.52923252007383,0.0,8.37249443296865,1544.4607223541918,145.938024413407,0.0,11.923758408299104,0.0,4024.837006298204,0.0,0.0,0.0,0.0,0.0,3481.517698104756,0.0,0.0,0.0,0.0,0.0,0.0,5.623663587451412,0.0,0.0
46,0.065407921116279,0.0804761737475081,-7.46069872548104e-17,-4.263256414560588e-17,0.1917778730830566,2.5456543179512727,2.391956872013287,4.271598279774088,6243.037063962223,4603.389044975494,5215.584610658739,1156.3014505935248,0.0,1936.770234288753,1131.0900538316976,0.0,5698.35600683232,893.4224781775149,0.0,40.038476988727815,18.70564016796208,0.0,0.0,1079.8870262534667,15.342828452373388,0.0,0.0,0.0,3316.1919065565853,0.0,0.0,0.0,0.0,0.0,3000.208796456745,0.0,0.0,0.0,0.0,0.0,0.0,0.0,0.0,0.0
47,0.0892785834418603,0.0908055189603281,-7.46069872548104e-17,-4.263256414560587e-17,0.2136886193011532,2.4502709650928303,2.927594978049638,3.748166591863983,7876.922442752439,5455.9265897016685,5361.5379384116695,1129.1226212891183,0.0,2528.876387089618,1483.4855959867098,0.0,5540.234035539424,604.3654101156898,0.0,0.0,0.0,0.0,0.0,543.6363077736581,0.0,0.0,0.0,0.0,2880.5118612669867,0.0,0.0,0.0,0.0,0.0,2619.2781351343824,0.0,0.0,0.0,0.0,0.0,0.0,0.0,0.0,0.0
48,0.1117852079202656,0.0949336570166112,-7.460698725481043e-17,-4.263256414560587e-17,0.2313485616079736,2.281513765357975,3.3644100409260798,3.222410505787376,9482.575303995583,6343.113246474314,5442.674025531222,1020.6136284345424,0.0,3164.828354523362,1852.9754691618357,0.0,5328.133552441062,291.7644030000462,0.0,0.0,0.0,0.0,0.0,149.26844216296627,0.0,0.0,0.0,0.0,2539.425404068044,0.0,0.0,0.0,0.0,0.0,2290.200779233365,0.0,0.0,0.0,0.0,0.0,0.0,0.0,0.0,0.0
49,0.1323202275112887,0.0953872688583633,-7.46069872548104e-17,-4.263256414560587e-17,0.2428612535176623,2.053538958107806,3.724030271794154,2.67839416605953,9526.48032513705,6588.85949849862,5532.487545155723,1058.7760363930204,0.0,3257.2325378932765,1891.4332274834917,0.0,5431.743919874092,322.7760363930204,0.0,0.0,0.0,0.0,0.0,155.3719533428971,0.0,0.0,0.0,0.0,2329.1459457571323,0.0,0.0,0.0,0.0,0.0,2110.3547004837665,0.0,0.0,0.0,0.0,0.0,0.0,0.0,0.0,0.0
50,0.1368584639999998,0.0882580261395351,-7.46069872548104e-17,-4.263256414560587e-17,0.2293151994207541,1.7190439917772158,4.056861409812777,2.102548103613056,9313.351260467503,6695.276903592328,5653.824549121124,1156.9576897243553,0.0,3234.9706802921987,1866.4208940517976,0.0,5613.530852367042,423.5371950275573,0.0,0.0,0.0,0.0,0.0,168.19047411479406,0.0,0.0,0.0,0.0,2286.408201655969,0.0,0.0,0.0,0.0,0.0,2052.4135148837577,0.0,0.0,0.0,0.0,0.0,0.0,0.0,0.0,0.0
51,0.1368584639999998,0.080680038099668,-7.46069872548104e-17,-4.263256414560587e-17,0.208855116239202,1.3576714294777965,4.279348294791781,1.6077145917225533,8614.571399492963,6218.3507656734,5838.008260508293,1309.8550113652714,0.0,2971.429952765892,1754.478394617073,0.0,5910.250351892108,644.8089883002984,0.0,0.0,0.0,0.0,0.0,242.51588565519344,0.0,0.0,0.0,0.0,2186.7057586522446,0.0,0.0,0.0,0.0,0.0,1908.3888606110845,0.0,0.0,0.0,0.0,0.0,0.0,0.0,0.0,0.0
52,0.1368584639999998,0.0732536098205983,-7.46069872548104e-17,-4.263256414560587e-17,0.188190272332225,1.0042790006658089,4.340680962885616,1.2459060742724215,7629.552205055314,5317.594986187751,6038.451105345825,1477.7376796260903,0.0,2548.4032577597573,1588.8350240745026,0.0,6246.576448179871,927.7458037511268,0.0,0.0,0.0,0.0,0.0,359.0583328554128,0.0,0.0,0.0,0.0,1749.9489041315362,0.0,0.0,0.0,0.0,0.0,1454.6918404262135,0.0,0.0,0.0,0.0,0.0,0.0,0.0,0.0,0.0
53,0.1349578903015105,0.0634384057546545,-7.46069872548104e-17,-4.263256414560587e-17,0.1634811046975486,0.7534269607349098,4.239532606358676,1.0312385821493142,6703.150249207109,4383.887784894536,6203.274964917446,1599.6124812489795,0.0,2154.162604642791,1438.7875381069125,0.0,6549.424923786175,1207.337419552074,0.0,0.0,0.0,0.0,0.0,528.5749310446348,0.0,0.0,0.0,0.0,1198.903747858041,0.0,0.0,0.0,0.0,0.0,996.6423165674424,0.0,0.0,0.0,0.0,0.0,0.0,0.0,0.0,0.0
54,0.1160091125581394,0.0515793284850499,-7.46069872548104e-17,-4.263256414560587e-17,0.1284319060385383,0.5720589894043865,4.045190969063118,0.7935728875558796,5823.117675378639,3788.626051865788,6181.755398806221,1692.8658108089817,0.0,1817.6830810876656,1243.8456653086637,0.0,6672.157488055439,1471.3999072858437,0.0,126.77263010435416,51.83208045152471,0.0,184.21985260479408,893.4724641663171,62.84639754747371,0.0,0.0,0.0,673.4475471776344,0.0,0.0,0.0,0.0,0.0,553.3651858861718,0.0,0.0,0.0,0.0,0.0,0.0,0.0,0.0,0.0
55,0.0946391862857141,0.0413976425980067,-7.46069872548104e-17,-4.263256414560587e-17,0.0936266787236484,0.4312690464889768,3.7692368310416726,0.6267239098803978,2399.3600228420155,1433.2799571640417,6001.24824192532,2035.6686319190903,0.0,553.96495890055,571.6927713348181,0.0,7112.528077555626,2492.9204775333537,0.0,707.6168799114548,373.0181222290352,0.0,1033.328069141482,2449.3288878703065,438.24374746671634,0.0,0.0,0.0,1285.885886745584,0.0,0.0,0.0,0.0,0.0,1025.948216378796,0.0,0.0,0.0,0.0,0.0,0.0,0.0,0.0,0.0
56,0.0723599014485049,0.0307826934817275,-7.46069872548104e-17,-4.263256414560588e-17,0.069204465667774,0.3432626776943525,3.430003493475076,0.5001586508305631,1870.569471998711,977.412320365764,5797.351373125611,2049.781669503217,0.0,442.77939354877697,632.9629301402834,0.0,7116.945417375804,2640.609281060232,0.0,956.9172197101684,645.5242248159599,0.0,1405.8976626149306,2940.965437718406,740.0438977230385,0.0,0.0,0.0,1821.0696565173605,0.0,0.0,0.0,0.0,0.0,1437.254298119977,0.0,0.0,0.0,0.0,0.0,0.0,0.0,0.0,0.0
57,0.0496259373289036,0.0199511127508305,-7.46069872548104e-17,-4.263256414560587e-17,0.0569154532815254,0.2594517773621262,3.117245956099369,0.3671288097009947,1851.7442450819929,798.4154084140127,5675.556774604445,2080.88458240303,0.0,481.7457311090601,847.0974484596787,0.0,7092.474418844114,2727.816264720077,0.0,1054.6974665438731,891.9095771880253,0.0,1630.4984576712504,3364.9603382452856,943.308692528752,0.0,0.0,0.0,1707.382465191319,0.0,0.0,0.0,0.0,0.0,1291.6032743429014,0.0,0.0,0.0,0.0,0.0,0.0,0.0,0.0,0.0
58,0.0284912866759519,0.0093361636345514,0.000811465659085,-4.263256414560586e-17,0.0746087295923843,0.1782023447012522,2.891584915838476,0.2367002780569884,2640.193489299917,889.6547013199738,5752.792209274315,2107.566919005262,0.0,650.6263011715074,1121.7275659606314,0.0,7087.147195666044,2606.1065259365614,0.0,1054.250948690677,1064.7031204324026,0.0,1395.294091023854,3222.865011466255,987.4843666529,0.0,0.0,0.0,1629.2610495088552,0.0,0.0,0.0,0.0,0.0,1251.7906333278097,0.0,0.0,0.0,0.0,0.0,0.0,0.0,0.0,0.0
59,0.0374250051147156,0.0006299000672268,0.0298390385452412,-4.263256414560587e-17,0.1567819668391635,0.1116872851975768,2.7127866189556293,0.1098096335446537,3454.6739939558884,1057.9048099445104,5887.200322008874,2119.960131089931,0.0,804.5475233750827,1303.91341736126,0.0,7091.938673038734,2440.1476989429752,0.0,1006.40138519234,1125.3642708375182,0.0,1049.578739604848,2879.2653721391985,936.2536815885582,0.0,0.0,0.0,1488.4112538851984,0.0,0.0,0.0,0.0,0.0,1305.01836547603,0.0,0.0,0.0,0.0,0.0,0.0,0.0,0.0,0.0
60,0.082158379378482,3.5527136788005095e-18,0.0786805200598006,-4.263256414560586e-17,0.2835137743815487,0.0911241656795298,2.584047858072061,0.07569911083133,3849.773962380025,1078.7378046627027,5977.669950191688,2108.2920326561243,0.0,861.3480648633732,1335.3300498083115,0.0,7077.8498690772,2313.6473637309214,0.0,895.4222872772384,1026.21612414719,0.0,791.5452756869288,2549.5470722240743,791.5452756869288,0.0,0.0,0.0,1347.227263789623,0.0,0.0,0.0,0.0,0.0,1337.794872841527,0.0,0.0,0.0,0.0,0.0,0.0,1.7133572690397365,0.0,0.0
61,0.1345356459269102,3.5527136788005095e-18,0.1229190844784054,-4.263256414560587e-17,0.4186230264513411,0.1094325962197555,2.5573101536970984,0.0946629127010761,3926.266893063686,977.5532464198076,5995.2739308003065,2038.987698671541,0.0,839.9707009780806,1243.6091863568452,0.0,6993.210595756352,2161.6905916083365,0.0,725.7859561712937,802.0022341853457,0.0,573.7901524899539,2209.609013662636,571.2147355938176,0.0,0.0,0.0,1788.622016867421,0.0,0.0,0.0,0.0,0.0,2010.4995831244505,0.0,0.0,0.0,0.0,0.0,0.0,156.06406141670968,0.0,0.0
62,0.1887808611827244,3.5527136788005095e-18,0.1685846993621261,-4.263256414560587e-17,0.5724988451836911,0.1629727798832982,2.5642680628022867,0.1440458112492885,2752.1871939220914,395.81112144020005,5396.005572045396,1363.4321194818676,0.0,457.0950399924498,575.026464384305,0.0,6128.339820210933,1354.1621933322324,0.0,255.9607805016162,239.48805700398748,0.0,195.91884859495556,1595.925795719982,154.5901743623623,0.0,0.0,0.0,2107.7133242101786,0.0,0.0,0.0,0.0,0.0,2567.857078073756,0.0,0.0,0.0,0.0,0.0,0.0,314.19690781681334,0.0,0.0
63,0.2492416740199338,3.5527136788005095e-18,0.2194828326179398,-4.263256414560586e-17,0.7350821849693336,0.2389265496478404,2.5255751265954425,0.2255520185282375,1617.7839005398798,73.41592829100753,4752.426877277283,758.6312590070779,0.0,89.99371855026729,2.3682557513228235,0.0,5165.568324533903,629.9560298518711,0.0,0.0,0.0,0.0,0.0,810.73288553618,0.0,0.0,109.50233643737724,0.0,1378.1798661217135,67.38605319223214,0.0,52.01360980775418,0.0,0.0,1679.03288553618,178.99420379186662,0.0,84.65372932274164,0.0,0.0,150.98687543384514,205.42991598042636,0.0,0.0
64,0.3068200073252679,0.00033173124428,0.2681589493396849,-4.263256414560587e-17,0.8632690425956258,0.3142370641384063,2.4811020394187846,0.3552701442785668,702.9273914422081,0.4956275107447849,3248.296926887093,5.121484277696115,0.0,0.6075434002677997,0.0159879842175737,0.0,3345.8893526397183,4.252803801874603,0.0,0.0,0.0,0.0,0.0,5.473219930482729,0.0,0.0,610.4897806718707,0.0,1722.7378453307747,583.8591177795906,0.0,299.03568736805533,0.0,0.0,2004.506672859794,1171.560530785397,0.0,491.5675223612338,0.0,0.0,839.7243320809703,533.6215177951676,0.0,0.0
65,0.3325122308571425,0.0057922186843853,0.2862975671596636,-4.263256414560587e-17,0.9406794294688308,0.390541401061559,2.449352658946254,0.5283597919992169,117.96090165154423,0.0,2046.1266457134848,0.0,0.0,0.0,0.0,0.0,1968.758839868077,0.0,0.0,0.0,0.0,0.0,0.0,0.0,0.0,0.0,911.0924741758054,140.85431348946582,4929.791525502431,1433.7058143634786,0.0,470.7901617681981,56.6152289171251,0.0,5610.37612618536,2217.55015609398,0.0,786.5996676295496,122.80308108110712,0.0,1247.650459390084,1895.9058091275915,0.0,0.0
66,0.3400755983222587,0.0127643795282391,0.2863614599999998,-4.263256414560587e-17,0.9887873768421938,0.4343749077259126,2.3659897988795677,0.7228097093720915,1.0302005797528668,0.0,888.1140911859384,0.0,0.0,0.0,0.0,0.0,853.7203301155611,0.0,0.0,0.0,0.0,0.0,0.0,0.0,0.0,0.0,1212.414998291436,897.2306372720387,7881.934477099564,2234.31029733095,0.0,651.6916742622005,302.88597294193414,0.0,8891.77488322706,3207.151704090263,0.0,1093.5891147849622,590.3745758725279,0.0,1631.38590763733,3151.272644770961,0.0,0.0
67,0.3401627039999996,0.0195956886378737,0.2863614599999998,-4.263256414560587e-17,1.007512135478745,0.4581536251694337,2.158457362415888,0.9388353076805196,0.0,0.0,212.52008167346528,0.0,0.0,0.0,0.0,0.0,204.0749132782204,0.0,0.0,0.0,0.0,0.0,0.0,0.0,0.0,0.0,1644.6877787023907,1521.861265658804,8295.744469576044,2207.962316073748,0.0,902.1841773637716,576.6459002014664,0.0,8956.346842405595,3117.09364375694,0.0,1313.782001829346,884.8438177471096,0.0,1599.4126783780755,3306.0405914566923,0.0,0.0
68,0.338341612692593,0.0266382753488372,0.2850409810482702,-4.263256414560587e-17,0.9819368582919684,0.4926109079859281,1.882047435114319,1.2088600816157888,0.0,0.0,654.8936459665711,0.0,0.0,0.0,0.0,0.0,628.5771150010444,0.0,0.0,0.0,0.0,0.0,0.0,0.0,0.0,0.0,2395.557373317948,2712.8271611223963,8494.2427911727,2069.8799702826627,0.0,1126.040878597094,499.9961249567638,0.0,8771.630609689762,2364.10467153576,0.0,796.5688358404217,453.1431496869639,0.0,689.9482752759936,2261.756568840804,0.0,0.0
69,0.3062149649700998,0.0336808620598007,0.2547071045776659,-4.263256414560587e-17,0.8975460145100002,0.5335171869084003,1.5875631447382117,1.494526430599496,0.0,0.0,979.8035196998356,0.0,0.0,0.0,0.0,0.0,935.4795535262676,0.0,0.0,0.0,0.0,0.0,0.0,0.0,0.0,0.0,2682.65943907236,3565.003221068353,8158.461975803506,1973.203558350401,0.0,1141.4233703864709,389.6672339918303,0.0,8175.821254564662,1918.163190625467,0.0,481.4065585475216,122.27269024135651,0.0,320.6216101656997,1610.2546461426098,0.0,0.0
70,0.2585966229287414,0.0403804220983118,0.2081566234285711,-4.263256414560587e-17,0.7858986661281429,0.5481630608429044,1.2454790980163992,1.7654784183803625,0.0,0.0,940.7844960101544,0.0,0.0,0.0,0.0,0.0,871.7689906346285,0.0,0.0,0.0,0.0,0.0,0.0,0.0,0.0,0.0,1943.0993513629064,2690.2794417010973,5123.504379622054,1154.8298157733957,0.0,853.1664067870812,372.5496973001236,0.0,5124.44852065587,1103.664022125893,0.0,405.0576843506767,175.2506266054962,0.0,242.2457468294893,1118.878352644594,0.0,0.0
71,0.2016716777940202,0.042396372,0.16011259110299,-4.263256414560586e-17,0.6401428412936352,0.5355714217873754,0.8551832843467884,2.0177608422121107,0.0,0.0,875.7812777229831,0.0,0.0,0.0,0.0,0.0,793.6278012954257,0.0,0.0,0.0,0.0,0.0,0.0,0.0,0.0,0.0,2045.6186049129208,2779.1615308126443,5143.392366991326,1095.4511831923012,0.0,945.3121286235214,544.0259281157109,0.0,5271.760397051481,1212.1737259932904,0.0,666.6934857463186,443.7052703580085,0.0,522.9581726928964,1585.225923419178,0.0,0.0
72,0.1457312995614618,0.042396372,0.1130199257541529,-4.263256414560587e-17,0.481491059317169,0.516405096974624,0.5223737615044836,2.232689699957585,0.0,0.0,817.889230744981,0.0,0.0,0.0,0.0,0.0,736.3208518287745,0.0,0.0,0.0,0.0,0.0,0.0,0.0,0.0,0.0,2666.6155637655606,3562.310002992274,6835.263355083815,1444.685439850167,0.0,1265.4307815788284,833.4214196374044,0.0,7133.071934554986,1787.4761269126832,0.0,1120.4767084184425,830.4415335817073,0.0,991.5822331066404,2555.6907145803248,0.0,0.0
73,0.0914860843056476,0.042396372,0.0673543108704319,-4.263256414560587e-17,0.3363126389273836,0.4890479292358811,0.3257445395286394,2.377920048142382,0.0,0.0,718.4133782878349,0.0,0.0,0.0,0.0,0.0,618.4009784963256,0.0,0.0,0.0,0.0,0.0,0.0,0.0,0.0,0.0,2887.2510092981865,3886.979105000133,7718.486154262143,1747.6966068827924,0.0,1389.364011584585,893.9871898495543,0.0,8082.903042147135,2185.86749492473,0.0,1295.0951159619558,950.9096926056204,0.0,1192.5885986041994,2956.2724126169287,0.0,0.0
74,0.0355602316061845,0.0421730241083568,0.0201217442039355,-4.263256414560586e-17,0.2116697590419119,0.4486495862898038,0.1791243754868339,2.434975274051624,0.0,0.0,512.0049034781955,0.0,0.0,0.0,0.0,0.0,430.2781312894546,0.0,0.0,0.0,0.0,0.0,0.0,0.0,0.0,0.0,2970.782300972835,4073.8173697349134,8012.646708838192,1973.1305954287288,0.0,1414.937931668262,803.2608737252659,0.0,8262.112394218333,2261.5250488140478,0.0,1178.5522095148406,804.802653045676,0.0,1078.982235965166,2720.8244234122785,0.0,0.0
75,0.0084066245581395,0.0370267085182724,0.0001539177877662,-4.263256414560587e-17,0.1329341579941376,0.3822209252421348,0.0635417527316729,2.4142708543021305,0.0,0.0,374.76838413090354,0.0,0.0,0.0,0.0,0.0,326.42972772047216,0.0,0.0,0.0,0.0,0.0,0.0,0.0,0.0,0.0,3471.6192638192715,4616.550191640637,8332.644462524346,2133.3573637986,0.0,1730.6799117751368,824.2396465695283,0.0,8361.38438882662,2014.2173931183845,0.0,895.9549336322207,547.9008835761794,0.0,729.9291014984193,2062.5795284938617,0.0,0.0
76,0.0001727857306414,0.02977284420598,-3.730349362740521e-17,-4.263256414560586e-17,0.0821078013772042,0.3357319253575271,0.0098212720871398,2.311733047942753,0.0,0.0,504.9671636971573,0.0,0.0,0.0,0.0,0.0,448.0774758349326,0.0,0.0,0.0,0.0,0.0,0.0,0.0,0.0,0.0,4138.276610205274,5219.535664573283,8564.076090622395,2203.5680342327146,0.0,2182.239767271425,966.4772738888591,0.0,8401.571882045317,1661.717185260993,0.0,625.3228319900757,340.872396722297,0.0,371.0100043127671,1398.9785002829938,0.0,0.0
77,-3.375077994860477e-17,0.0228711092292358,-3.730349362740521e-17,-4.263256414560587e-17,0.0516644017865087,0.3116723519003327,-5.5990767577895865e-15,2.25704962453676,0.0,0.0,491.7579153530579,0.0,0.0,0.0,0.0,0.0,441.58597178435264,0.0,0.0,0.0,0.0,0.0,0.0,0.0,0.0,0.0,4339.993991698439,5383.05130622134,8562.350019143138,2177.3387565152766,0.0,2289.4013253644785,1077.7042912289828,0.0,8356.077713307272,1560.9814802786511,0.0,628.9928666106788,377.29382970799617,0.0,351.657114246183,1367.4964333053392,0.0,0.0
78,-3.375077994860477e-17,0.0160398001196013,-3.730349362740521e-17,-4.263256414560587e-17,0.0351892079273011,0.2826130854172364,0.0020748860730841,2.1835697326058225,0.0,0.0,481.4294121742213,0.0,0.0,0.0,0.0,0.0,433.27359467592765,0.0,0.0,0.0,0.0,0.0,0.0,0.0,0.0,0.0,4406.047392996345,5455.895967443922,8494.614461247065,2139.042679612255,0.0,2336.418934926119,1161.8257092594156,0.0,8265.790740240885,1481.7914432737753,0.0,658.2841815132124,438.11449045814913,0.0,369.5209205802444,1401.0866955390047,0.0,0.0
79,-3.375077994860477e-17,0.0088563616744186,-3.730349362740521e-17,-4.263256414560587e-17,0.0218534348571428,0.3018915063717018,0.0135327975290153,2.134278376692593,0.0,0.0,527.8190495602861,0.0,0.0,0.0,0.0,0.0,435.7494229257344,0.0,0.0,0.0,0.0,0.0,0.0,0.0,0.0,0.0,4351.688869914295,5396.530828121761,8584.13090007183,2285.1716800510426,0.0,2295.279013205202,1158.4975689880391,0.0,8444.363037545236,1639.6741110630032,0.0,713.398842364652,488.1913574941939,0.0,418.8123057085702,1491.2913960746152,0.0,0.0
80,-3.375077994860477e-17,0.0021017350038877,-3.730349362740521e-17,-4.263256414560587e-17,0.0116981948164275,0.3566459671384746,0.028592551538271,2.099567934148865,0.0,0.0,584.6865086405663,0.0,0.0,0.0,0.0,0.0,563.4291406608282,0.0,0.0,0.0,0.0,0.0,0.0,0.0,0.0,0.0,4089.6372291527896,5050.702577102633,8707.956295181535,2374.870977423826,0.0,2110.019045295726,1115.3279407011146,0.0,8581.279697890965,1796.3385096745626,0.0,791.7534921022457,576.866917160301,0.0,502.54477206607584,1658.2872019399038,0.0,0.0
81,-3.375077994860477e-17,0.0009078726847762,-3.730349362740521e-17,-4.263256414560587e-17,0.0133281983122923,0.4361799309368775,0.0700618265077137,2.067605438710964,2.339248136315721,0.0,1302.853302337376,0.0,0.0,0.2453144112990269,0.0,0.0,1467.719532968042,0.6132860282475672,0.0,0.0,0.0,0.0,0.0,9.663635559386668,0.0,0.0,3288.30523668,3731.406081220976,8120.996367570751,1802.9274044527567,0.0,1488.9638222178676,902.3129186423308,0.0,8025.289616312267,1556.0585153298998,0.0,735.8196866898891,643.0612969433446,0.0,589.1986842354007,1894.552735128171,0.0,0.0
82,-3.375077994860477e-17,0.0029125832292358,-3.730349362740521e-17,-4.263256414560588e-17,0.0176641253820598,0.5464044679279924,0.1437134016441264,2.0784899082815422,32.05416381115305,0.0,2306.373631509647,0.0,0.0,3.3614853434917062,0.0,0.0,2532.390872103747,8.403713358729267,0.0,0.0,0.0,0.0,0.0,132.41851192397684,0.0,0.0,2510.0236612215917,2402.819221652017,7410.270747703292,1133.666922761631,0.0,913.7746211168096,607.7564037111683,0.0,7364.492636393614,1201.3161165233912,0.0,572.8012841254982,590.5571994308959,0.0,585.9324351756198,1990.7497032045544,0.0,0.0
83,-3.375077994860477e-17,0.005139852757475,-3.730349362740521e-17,-4.263256414560587e-17,0.0224613212890365,0.690871166790698,0.2491865540142639,2.040967838521428,134.91735887663472,0.0,2716.833649377588,17.356242775798457,0.0,11.716921265131685,0.0,0.0,3087.4981674291257,68.10014275583302,0.0,0.0,0.0,0.0,15.744519899123048,570.7425982680438,0.0,0.0,2390.078425325455,2162.177003337496,7459.814853477201,1184.4960271245786,0.0,844.9119998442625,522.6172688341609,0.0,7398.536040874278,1231.5417067986643,0.0,523.4997385960153,511.2726238705672,0.0,559.7541035774138,1944.514225358216,0.0,0.0
84,4.715229913889092e-05,0.0074956186046511,-3.730349362740521e-17,-4.263256414560587e-17,0.0270788845868872,0.8515373729538278,0.4063413340684739,1.9812276041958004,380.2673623711068,0.0,3436.85259041032,138.61788872603128,0.0,39.89565153186874,0.0,0.0,4128.463184647598,317.8262897955264,0.0,0.0,0.0,0.0,170.5445738816945,1391.6254186495664,0.0,0.0,2130.0492861100206,1647.2973748605834,7545.229170655446,1267.038877137578,0.0,694.4338414260408,336.2423528434709,0.0,7445.444207678929,1269.0710658629223,0.0,404.9987341616188,330.8671394403154,0.0,490.1764711506898,1830.1493656317864,0.0,0.0
85,0.0014702944186046,0.0095943918139534,-3.730349362740521e-17,-4.263256414560587e-17,0.027768384,0.9544469884580654,0.6302454637922519,1.9164645517068175,613.0422969332856,6.575497562555799,3521.6837483240083,167.7047724972741,0.0,105.65263231372356,0.0,0.0,4263.707060093833,332.3033765344145,0.0,5.109874611865652,6.060548958259262,0.0,301.6697293841527,1706.1106974139896,4.892011740817117,0.0,1831.6375901422205,1108.5622032377155,7251.114073819628,946.0453183984208,0.0,465.3275739846554,71.40548431048202,0.0,6977.718070306897,790.7982519689248,0.0,89.38908776645529,34.90934788512455,0.0,153.38955888918363,1279.2493042040237,0.0,0.0
86,0.0094812985794019,0.0208153493390033,-3.730349362740521e-17,-4.263256414560587e-17,0.0348556478926245,1.024456407806512,0.9105788185451104,1.8725255561828495,1227.1513592764986,733.7295137334221,3892.805154924434,406.7988728832856,0.0,282.5599611856797,89.03952573149148,0.0,4656.760801539267,542.7046920505742,0.0,282.4605521257116,355.46640318416195,0.0,337.69053092501287,1886.495713285838,270.9412198088175,0.0,1311.3460819170232,428.1233989930873,6364.351573613743,302.16155523894724,0.0,108.24525551278344,0.0,0.0,5717.089593946751,63.237005488887455,0.0,0.0,0.0,0.0,0.0,456.3046581223238,0.0,0.0
87,0.0512370834817275,0.0457321828354464,-3.730349362740521e-17,-4.263256414560587e-17,0.0564065892358803,1.07815942507831,1.2182377607311627,1.8194501839213464,2677.0521560690504,2009.381874392717,4908.20285442043,1135.937974256738,0.0,709.3147153218333,409.1794539418744,0.0,5637.959964764305,1220.5074659277273,0.0,367.4192412573223,531.247490341593,0.0,179.40165687527826,1773.4322521939982,350.5566567596078,0.0,819.3791725606396,38.33936965096808,5427.912137226092,3.6234121055506106,0.0,1.1948597215335894,0.0,0.0,4727.341452029469,0.3614450657639111,0.0,0.0,0.0,0.0,0.0,212.5267118079741,0.0,0.0
88,0.0983787586445182,0.0695074479069767,-3.730349362740521e-17,-4.263256414560587e-17,0.0779855657728658,1.13187039890135,1.510771818105358,1.7599163634320951,3516.666843365721,2614.104425414276,5344.119733436537,1451.1545321794486,0.0,983.6688605797996,643.1657099218681,0.0,6047.011394831512,1480.349574176032,0.0,356.53775356252925,583.156843153593,0.0,146.64087993134834,1671.980052447636,326.0470082683149,0.0,39.40154343463648,0.1638679921965143,3904.941082139213,0.0,0.0,0.0,0.0,0.0,3387.473703643137,0.0,0.0,0.0,0.0,0.0,0.0,6.464843428112843,0.0,0.0
89,0.1474445838139536,0.094250402551495,-3.730349362740521e-17,-4.263256414560587e-17,0.0969282328903652,1.1279815459760554,1.842848094850368,1.6771543295432825,5145.998132580644,3592.3134487474463,5670.3599149443135,1510.0833157002735,0.0,1574.5438479272646,830.1953643799187,0.0,6058.371384827706,1202.5185180981457,0.0,182.26853011628265,225.54445485700117,0.0,16.885388851056298,900.102417232159,69.28135504261941,0.0,0.0,0.0,3076.86995587929,0.0,0.0,0.0,0.0,0.0,2751.0368019619727,0.0,0.0,0.0,0.0,0.0,0.0,0.0,0.0,0.0
90,0.2007606718405319,0.119720267461794,0.0017902996744185,-4.263256414560586e-17,0.1156096207973419,1.0795576575555852,2.262954850504979,1.5694981863442352,6213.136485175492,4189.54227442073,6101.460887981265,1632.290922906525,0.0,2030.8004364744984,913.5694446967988,0.0,6128.577950596849,1141.1529308678123,0.0,129.61274070928496,176.29268986978462,0.0,0.0,277.5702386566694,0.0,0.0,0.0,0.0,2736.896751855968,0.0,0.0,0.0,0.0,0.0,2447.147407556948,0.0,0.0,0.0,0.0,0.0,0.0,0.0,0.0,0.0
91,0.2622156837607977,0.1435491878647645,0.0101405011694351,-4.263256414560587e-17,0.1339351727441857,1.0208649117889408,2.6240316144060944,1.4999371433292914,6818.034127667979,4598.316553061315,6322.620265406868,1681.385919374388,0.0,2483.131848778843,1100.9226951473877,0.0,6209.694405112338,1132.7230698503638,0.0,90.6561796443508,312.7292996455642,0.0,0.0,107.03721436135268,0.0,0.0,0.0,0.0,2539.0428028062265,0.0,0.0,0.0,0.0,0.0,2249.0782523242283,0.0,0.0,0.0,0.0,0.0,0.0,0.0,0.0,0.0
92,0.3144226581900335,0.155580652233887,0.0185224148970099,-4.263256414560588e-17,0.1439055352691026,0.9336662976372114,2.9669802422086344,1.4223392812039832,7451.715138528759,5109.458798793354,6264.5103267433,1501.88831249839,0.0,2856.406091055028,1452.5433221078029,0.0,6119.1220068362245,909.6837936882245,0.0,72.03572492741706,434.2322157391612,0.0,0.0,340.7345675051984,0.0,0.0,0.0,0.0,2423.873881998597,0.0,0.0,0.0,0.0,0.0,2111.9042242536866,0.0,0.0,0.0,0.0,0.0,0.0,0.0,0.0,0.0
93,0.3409093829302329,0.1536346468704319,0.0269916402259136,-4.263256414560586e-17,0.1398591825249168,0.8283696571426021,3.308956910903393,1.394017502025554,7499.091784206892,4817.351680642581,5862.984370922307,1193.805029830579,0.0,2777.605482995284,1746.4690638807458,0.0,5905.323177006802,745.6133372418412,0.0,279.33429050821167,544.7175391813778,0.0,0.0,750.6245228034172,0.0,0.0,0.0,0.0,2300.213006540112,0.0,0.0,0.0,0.0,0.0,1968.67301906066,0.0,0.0,0.0,0.0,0.0,0.0,0.0,0.0,0.0
94,0.3677918836544855,0.1514287933953489,0.0359847351627906,-4.263256414560587e-17,0.135587261351573,0.6827187892225907,3.619258167337106,1.3786730707656816,7939.3052292102975,4973.276332251092,5404.388072647487,811.5083850567848,0.0,2939.6465032770943,2057.985913411621,0.0,5604.5391693557385,545.6613387797303,0.0,579.8094497804781,626.6696643065712,0.0,0.0,1121.223198490262,0.0,0.0,0.0,0.0,2130.0784888657167,0.0,0.0,0.0,0.0,0.0,1790.0083061561916,0.0,0.0,0.0,0.0,0.0,0.0,0.0,0.0,0.0
95,0.3920052028305653,0.1493300201860466,0.0445412720930231,-4.263256414560587e-17,0.1348750079999998,0.5829131758133875,3.786621517318154,1.380786725455006,8330.40501229686,5413.796173082871,5357.932277822407,736.8887421368114,0.0,3047.941952419206,2128.478232157202,0.0,5527.415347278008,429.961301612804,0.0,575.1112578631886,624.990325403201,0.0,0.0,1093.637863004386,0.0,0.0,0.0,0.0,2085.285826260268,0.0,0.0,0.0,0.0,0.0,1726.362575413575,0.0,0.0,0.0,0.0,0.0,0.0,0.0,0.0,0.0
96,0.4077193636249837,0.1385661636047842,0.051673690910033,-4.263256414560587e-17,0.1281364633483055,0.5233998056627237,3.812595663683717,1.395641813348571,8454.0,5560.0,5372.0,760.0,0.0,3060.0,2133.0,0.0,5545.0,438.0,0.0,552.0,627.0,0.0,0.0,1065.0,0.0,0.0,0.0,0.0,2043.641161224134,0.0,0.0,0.0,0.0,0.0,1667.2531736746432,0.0,0.0,0.0,0.0,0.0,0.0,0.0,0.0,0.0
97,0.3787244889723146,0.1124666319534885,0.0557212450276853,-4.263256414560588e-17,0.1055646681727574,0.4684302647109635,3.745229415346616,1.3071101339800668,8399.863888826576,5470.961501704197,5411.3917231709065,809.9548668145013,0.0,3069.9909733629,2111.1695031365707,0.0,5590.267471822655,480.5386597147273,0.0,527.5287172256716,595.7286935051073,0.0,0.0,1049.3313369286675,0.0,0.0,0.0,0.0,1988.489197842272,0.0,0.0,0.0,0.0,0.0,1590.5221097963706,0.0,0.0,0.0,0.0,0.0,0.0,0.0,0.0,0.0
98,0.3477255398949237,0.0889318081196014,0.0790828947508304,-4.263256414560588e-17,0.0838323163853821,0.4105915593961221,3.6052030225134746,1.1963097133174685,8198.603736251716,5045.815168950629,5570.423638522468,1006.8825238951516,0.0,3102.546567605016,2010.6836978689423,0.0,5763.8045741596125,647.4223539085599,0.0,427.12861104742063,453.7405370987674,0.0,0.0,979.9640832891434,0.0,0.0,0.0,0.0,1861.876569024556,0.0,0.0,0.0,0.0,0.0,1436.064491332668,0.0,0.0,0.0,0.0,0.0,0.0,0.0,0.0,0.0
99,0.3120283574445963,0.0661294773687708,0.1066470025514948,-4.263256414560587e-17,0.0627720991893688,0.3511128967176096,3.418421554107477,1.0570546983928084,7788.832813509799,4493.389395161981,5718.73888017786,1144.1085038125786,0.0,2975.002707815507,1867.659638065841,0.0,5942.874563959642,827.9091841458312,0.0,430.7418037223756,415.00285010741294,0.0,0.0,992.3218252927064,0.0,0.0,0.0,0.0,1684.2993009650056,0.0,0.0,0.0,0.0,0.0,1280.7544774269918,0.0,0.0,0.0,0.0,0.0,0.0,0.0,0.0,0.0
100,0.2702333415415283,0.0406587887641196,0.1359168898338869,-4.263256414560588e-17,0.0392473884916943,0.283128322385384,3.187658276686594,0.8795000868726467,6890.200996177573,3794.5873802680458,5965.349651835206,1356.740556217322,0.0,2683.661450443867,1653.0068668449212,0.0,6288.561283701211,1162.2284057775018,0.0,507.20631294407895,484.72072209797767,0.0,0.0,1093.6767494291444,0.0,0.0,0.0,0.0,959.7242581618426,0.0,0.0,0.0,0.0,0.0,729.2374474748556,0.0,0.0,0.0,0.0,0.0,0.0,0.0,0.0,0.0
101,0.2206388876411961,0.0151881001594684,0.1584351375548173,-4.263256414560587e-17,0.0157226777940199,0.209024748823139,2.9829104629845538,0.6619084744326734,6512.133143375812,3687.5009639284913,6112.848863292355,1449.8417944834212,0.0,2494.8128766286904,1546.9897180960957,0.0,6447.014780236862,1317.3478993638644,0.0,501.16398908752495,496.83344043649896,0.0,0.0,1143.504819642455,0.0,0.0,0.0,0.0,479.8659606409512,0.0,0.0,0.0,0.0,0.0,364.6150933300898,0.0,0.0,0.0,0.0,0.0,0.0,0.0,0.0,0.0
102,0.1785596211566889,0.0002167997155061,0.1790274963588043,-4.263256414560587e-17,0.0016362604255204,0.1554705439107739,2.7177213016125767,0.4643355521429233,6194.148091422302,3584.75049113629,6403.355574645024,1622.85622666684,0.0,2308.879979764347,1452.0901035073618,0.0,6717.050621344785,1518.9365931401464,0.0,450.9979412345044,471.4405928280051,0.0,0.0,1138.629239829897,0.0,0.0,0.0,0.0,165.43412546504754,0.0,0.0,0.0,0.0,0.0,153.88129328042368,0.0,0.0,0.0,0.0,0.0,0.0,0.0,0.0,0.0
103,0.1628184018347009,5.3290705182007346e-18,0.1967658719031803,-4.263256414560587e-17,0.0065345522066581,0.1751626888382946,2.4342386029431102,0.362446443510745,5119.262118479909,2880.0591337695723,7023.359578630931,2038.2961052987475,0.0,1716.09954372571,954.3823678238288,0.0,7249.66047018555,1876.8164205827245,0.0,210.88316391324528,225.0179248165012,0.0,0.0,906.8358804073588,0.0,0.0,0.0,0.0,423.8110970022902,0.0,0.0,0.0,0.0,0.0,501.8889449139141,0.0,0.0,0.0,0.0,0.0,0.0,0.0,0.0,0.0
104,0.145074815162791,5.3290705182007346e-18,0.1934536792425254,-4.263256414560587e-17,0.0163033823122924,0.3080585274109436,2.17226819518828,0.3497346375352886,3840.2457348340818,1813.3940513502484,6643.001970200674,1735.0325729905785,0.0,1100.7965079018616,320.875391035594,0.0,6621.415092028064,1417.6007156359235,0.0,0.0,0.0,0.0,0.0,552.9872281592702,0.0,0.0,0.0,0.0,909.8474405156018,0.0,0.0,0.0,0.0,0.0,1092.1215599013235,0.0,0.0,0.0,0.0,0.0,0.0,0.0,0.0,0.0
105,0.1259806575420599,0.0002016897990697,0.1848098307109638,-4.263256414560587e-17,0.0292851512539535,0.4722445644518274,1.9084198497057785,0.3716518636536856,3239.5927522895367,1213.759200024578,5595.865428657264,1057.5694241969684,0.0,752.395455895779,105.60161610268378,0.0,5463.713322357495,500.0315329638273,0.0,0.0,0.0,0.0,0.0,409.89277047241,0.0,0.0,19.39529879260278,0.6128626012532478,1379.2099021872752,0.0,0.0,11.319932752559987,0.0,0.0,1643.4198633310416,0.0,0.0,23.252728106373223,2.703805593764329,0.0,21.37808956136329,144.18804692274009,0.0,0.0
106,0.1036061247243878,0.0020081668305647,0.1774335973571092,-4.263256414560587e-17,0.0518637467828327,0.637765423405519,1.664643419987795,0.4050445029564016,1719.9950172720044,535.8942556157779,2958.5896961785816,415.4028849788858,0.0,333.4458861811663,0.0,0.0,2856.817142694697,0.0,0.0,0.0,0.0,0.0,0.0,203.0135136167526,0.0,0.0,506.4622187446642,15.792170079582885,4306.241206892604,280.1494398745254,0.0,308.6318670203684,0.0,0.0,4673.327082577138,634.1107082189856,0.0,739.6133437660073,85.73626595926325,0.0,950.987368079184,2773.7617320938507,0.0,0.0
107,0.089663034543787,0.0041691289634551,0.1743597522562128,-4.263256414560587e-17,0.0787406497475083,0.8099334342562123,1.4699202472082395,0.4768656874540839,1040.910571723717,7.974995693592588,3488.3603816892933,6.183015529166124,0.0,4.9587237374396445,0.0,0.0,3229.6348329699163,0.0,0.0,0.0,0.0,0.0,0.0,3.023111575101136,0.0,0.0,340.9140827367492,11.361725607523727,5134.991551445644,884.7942545512175,0.0,282.406190513467,2.382024528426121,0.0,5848.489996849124,1936.0305382364068,0.0,915.2283572990988,111.43549394948312,0.0,1585.6187338093316,3080.295426217721,0.0,0.0
108,0.0730707496744183,0.0064392305980066,0.1497130380598006,-4.263256414560588e-17,0.1060670759667776,0.9736346993532664,1.3587685676301202,0.5579596935902524,1010.7387861955428,0.0,3925.4339191276586,0.0,0.0,0.0,0.0,0.0,3628.740829070945,0.0,0.0,0.0,0.0,0.0,0.0,0.0,0.0,0.0,235.5449903022269,7.908317183488753,3009.1058208836207,524.2902617474844,0.0,178.86128568569535,7.508380408943895,0.0,3429.8103642330657,1085.6415402390508,0.0,541.005504769211,109.05720322748375,0.0,892.763050854324,1785.240611159861,0.0,0.0
109,0.0626492233730702,0.0087311601328903,0.1189233431760795,-4.263256414560587e-17,0.132512781804964,1.0637126521430524,1.2622113300855915,0.655303043310531,849.5015691316557,0.0,3285.895630983318,0.0,0.0,0.0,0.0,0.0,2984.7011874716063,0.0,0.0,0.0,0.0,0.0,0.0,0.0,0.0,0.0,255.33780531646727,136.71352574195907,2236.322097327632,464.6880331769576,0.0,163.22278653868543,44.3679125505471,0.0,2516.0319483806634,799.966371707519,0.0,371.0356285189476,103.1591685637744,0.0,551.7238008141752,1150.8938489341017,0.0,0.0
110,0.0522242811627908,0.0108048106644518,0.0910660001860463,-4.263256414560587e-17,0.160200314551495,1.0716941571809122,1.0998550502600375,0.7461152050501343,258.31412201519066,0.0,2453.852417797552,0.0,0.0,0.0,0.0,0.0,2212.9615119290725,0.0,0.0,0.0,0.0,0.0,0.0,0.0,0.0,0.0,1157.9376874767574,1111.7489109364208,6382.169957826366,1681.7183081781477,0.0,623.5242898303009,290.55624031048615,0.0,6946.467411891049,2179.277314959661,0.0,828.4141796631945,339.7008293407076,0.0,953.9582379657136,2278.417109545888,0.0,0.0
111,0.0405607691362127,0.0127239868244313,0.0629154220066444,-4.263256414560586e-17,0.1883990313296703,1.0864428552841807,0.9186247777597712,0.8833772015213379,0.0,0.0,1796.1356733232465,0.0,0.0,0.0,0.0,0.0,1567.6729598567815,0.0,0.0,0.0,0.0,0.0,0.0,0.0,0.0,0.0,1148.9096399691357,1213.8831778568588,5540.9812775359205,1513.6782665402347,0.0,588.8187771605533,252.0444939408135,0.0,5887.924850509342,1760.67592632532,0.0,571.5958340153921,234.2260344552547,0.0,597.7346010154513,1583.7052326958046,0.0,0.0
112,0.0281682876079734,0.0131403959999999,0.0330054326910298,-4.263256414560587e-17,0.2088542101754154,1.0875103093076397,0.74724769118272,1.086302065010232,0.0,0.0,1529.761526529175,0.0,0.0,0.0,0.0,0.0,1363.225278771912,0.0,0.0,0.0,0.0,0.0,0.0,0.0,0.0,0.0,640.0357831290384,679.385017044696,2879.842073396725,770.9600991098305,0.0,329.95055586649846,151.2362865609817,0.0,3048.587786506589,903.176138369455,0.0,325.8748636147165,140.81662534056449,0.0,326.353694879371,860.2445398145236,0.0,0.0
113,0.0164831618415947,0.0131403959999999,0.0058497454979401,-4.263256414560587e-17,0.2198229195420598,1.0233261014687038,0.5803113689581373,1.307407559028039,0.0,0.0,1105.0038466308226,0.0,0.0,0.0,0.0,0.0,1037.0069082873304,0.0,0.0,0.0,0.0,0.0,0.0,0.0,0.0,0.0,1394.5927944978746,1497.3081746451942,5154.382368381283,1288.5849314753038,0.0,729.4246105385441,388.3198357381145,0.0,5389.53583442221,1547.2946325696632,0.0,750.3891926617766,362.65670863510894,0.0,675.1182158802939,1755.229005165953,0.0,0.0
114,0.0082863651827243,0.0131403959999999,-6.750155989720954e-17,-4.263256414560587e-17,0.2262704859269101,0.8883708326910305,0.3993782524854397,1.5434883025092814,0.0,0.0,1010.556862745098,0.0,0.0,0.0,0.0,0.0,906.7686274509804,0.0,0.0,0.0,0.0,0.0,0.0,0.0,0.0,0.0,2288.797395166654,2430.9444203315097,7895.776337962122,1762.6243796885362,0.0,1275.5997907593865,854.8422063464648,0.0,8266.240515090074,2396.0195598658547,0.0,1541.688318938657,866.8316491069813,0.0,1412.5028170868331,3339.0155963456923,11.905223985300356,0.0
115,0.0013439840577562,0.0128885356115512,-6.750155989720954e-17,-4.263256414560586e-17,0.2260874515376944,0.7456093631162812,0.2624755118080732,1.8150611621860453,0.0,0.0,944.7934774930648,0.0,0.0,0.0,0.0,0.0,838.6704744346995,0.0,0.0,0.0,0.0,0.0,0.0,0.0,0.0,0.0,2101.37644710981,1957.7819666214543,7326.728249059442,1551.3983405170743,0.0,1249.2130370422092,1047.518173240265,0.0,7923.773493993788,2467.0625687348493,0.0,2015.822770184343,1324.5358613544354,0.0,2057.784945962433,4285.28333478244,186.75885019905292,0.0
116,7.46069872548104e-17,0.0111322291694352,-6.750155989720954e-17,-4.263256414560588e-17,0.2087697393618167,0.6127866087503702,0.2007704412386588,2.052482391249632,0.0,0.0,783.5837199403163,0.0,0.0,0.0,0.0,0.0,668.856303907455,0.0,0.0,0.0,0.0,0.0,0.0,0.0,0.0,0.0,1874.4464723735343,1302.2437832473793,6895.918142954733,1440.1688722560937,0.0,1242.0338164741252,1211.1438231381144,0.0,7707.660135610339,2643.0761901898645,0.0,2422.29832299938,1673.2110096091806,0.0,2632.095932052596,5147.526210333201,557.2362078168456,0.0
117,7.46069872548104e-17,0.0090367507375415,-6.750155989720954e-17,-4.263256414560587e-17,0.1838700420793576,0.4652004236005769,0.1500680503255782,2.2509131151274366,0.0,0.0,734.9684396244427,0.0,0.0,0.0,0.0,0.0,605.2408132135155,0.0,0.0,0.0,0.0,0.0,0.0,0.0,0.0,0.0,1662.4146181544004,688.6285679567661,6497.912246332561,1342.904992053966,0.0,1239.0033500276045,1364.5930521697926,0.0,7514.751955492021,2813.7130252934394,0.0,2811.2189895089414,2003.336002693648,0.0,3158.9685615888634,5958.066556010014,914.8589351287897,0.0
118,7.46069872548104e-17,0.0067884770033222,-6.750155989720954e-17,-4.263256414560587e-17,0.1566606198641857,0.3203681755455146,0.0987395367707615,2.405205959059137,0.0,0.0,687.2231553313327,0.0,0.0,0.0,0.0,0.0,543.4681283080072,0.0,0.0,0.0,0.0,0.0,0.0,0.0,0.0,0.0,1758.0614182132797,928.5476035839336,6661.831559413944,1425.4710237844836,0.0,1272.295816617176,1313.771165808509,0.0,7615.919367655722,2788.505450024791,0.0,2737.853160065448,1924.2661568090025,0.0,2879.850563099784,5675.823012772905,861.0227272685572,0.0
119,7.46069872548104e-17,0.0045183753687707,-6.750155989720953e-17,-4.263256414560588e-17,0.1306778124141746,0.2411252034241417,0.0480119692602413,2.491250846604652,0.0,0.0,651.7669302319795,0.0,0.0,0.0,0.0,0.0,502.6817760741234,0.0,0.0,0.0,0.0,0.0,0.0,0.0,0.0,0.0,2310.561844861073,1960.01293567072,7017.419387333883,1521.3943899423955,0.0,1533.3679204461178,1187.655335263211,0.0,7657.182950089785,2452.8643329474144,0.0,2163.158933638816,1437.5784172731371,0.0,1989.7378788118565,4351.173756074109,487.3079738776004,0.0
120,7.46069872548104e-17,0.0022701016345514,-6.750155989720954e-17,-4.263256414560587e-17,0.1007040478006643,0.233623504548105,0.0194016497826267,2.511756427994573,0.0,0.0,594.0763941997852,0.0,0.0,0.0,0.0,0.0,467.0705214062459,0.0,0.0,0.0,0.0,0.0,0.0,0.0,0.0,0.0,2911.246789484568,2878.535864794568,7244.328787115255,1569.1531498373065,0.0,1850.721414525064,1176.9791161657051,0.0,7692.442205941841,2095.985451954217,0.0,1710.1428476576634,1075.068651168615,0.0,1289.6169036315057,3295.8081878255944,149.71109163234584,0.0
121,7.46069872548104e-17,0.0003367733194114,-6.750155989720954e-17,-4.263256414560587e-17,0.0720475868083262,0.2159833671627909,0.0051939980535604,2.420753667362668,0.0,0.0,502.3862204996365,0.0,0.0,0.0,0.0,0.0,415.20478795008967,0.0,0.0,0.0,0.0,0.0,0.0,0.0,0.0,0.0,3190.688826488648,3093.0452403182035,7280.337422362843,1541.813587881257,0.0,2017.6752784012217,1245.2110137150771,0.0,7630.719401218529,1939.828347288312,0.0,1629.5715477707795,1026.9452166394617,0.0,1164.7905546145394,3048.051678788858,91.33963756658989,0.0
122,7.46069872548104e-17,5.329070518200733e-18,-6.750155989720954e-17,-4.263256414560586e-17,0.0513599089818553,0.194670798529773,-2.533084852984761e-15,2.274591085576284,0.0,0.0,459.4220236633358,0.0,0.0,0.0,0.0,0.0,396.1897869102265,0.0,0.0,0.0,0.0,0.0,0.0,0.0,0.0,0.0,3338.396632632869,3282.061480726544,7389.349104322916,1609.2261428698291,0.0,2095.650895677084,1267.9247581837817,0.0,7646.961601150038,1892.8644266728236,0.0,1576.2748203953672,1010.5178468753356,0.0,1087.84386932167,2826.5690489263025,53.68595929631697,0.0
123,7.46069872548104e-17,5.3290705182007346e-18,-6.750155989720954e-17,-4.263256414560587e-17,0.0351849279468438,0.19648545279706,-2.533084852984761e-15,2.0788318319177206,0.0,0.0,480.2598800001899,0.0,0.0,0.0,0.0,0.0,433.4444780824293,0.0,0.0,0.0,0.0,0.0,0.0,0.0,0.0,0.0,3291.595972690472,3269.8035151158383,7449.972277947623,1688.0673753755218,0.0,2034.1341050311,1263.064874869077,0.0,7731.126337193224,1933.8078506801128,0.0,1581.195007853755,1036.7255708050195,0.0,1102.2573581457086,2834.9559673132303,21.5073901614289,0.0
124,7.46069872548104e-17,5.3290705182007346e-18,-6.750155989720954e-17,-4.263256414560587e-17,0.0261130441236693,0.2541561202964274,-2.533084852984761e-15,1.8736120547567947,0.0,0.0,521.0110178465629,0.0,0.0,0.0,0.0,0.0,459.38742901740136,0.0,0.0,0.0,0.0,0.0,0.0,0.0,0.0,0.0,2830.1919477506835,3002.2036989864955,7723.031493965922,1949.6629575543343,0.0,1669.666093397034,1129.9829211013227,0.0,8013.917893236861,2316.8464417994533,0.0,1607.7344089917428,1110.6154805998176,0.0,1329.2837658170167,3110.64697456574,91.38827914169728,0.0
125,7.46069872548104e-17,5.3290705182007346e-18,-6.750155989720954e-17,-4.263256414560587e-17,0.0321165372780926,0.3525347869798716,-2.533084852984761e-15,1.665822079471563,0.0,0.0,519.1241191170583,0.0,0.0,0.0,0.0,0.0,431.26608471474026,0.0,0.0,0.0,0.0,0.0,0.0,0.0,0.0,0.0,2415.9634310706983,2703.7376676388158,7999.6169129524815,2177.3368038314197,0.0,1354.8664847982295,1035.647768429881,0.0,8301.869849228955,2687.041266971657,0.0,1698.5555201997684,1227.72928696365,0.0,1597.384102457065,3466.9644464802445,197.42905206153205,0.0
126,7.46069872548104e-17,5.329070518200733e-18,-6.750155989720954e-17,-4.263256414560586e-17,0.0475650540598007,0.4811056782090474,0.00072630833529,1.4784598115995395,0.0,0.0,2077.567976312693,0.0,0.0,0.0,0.0,0.0,2119.431345236962,0.0,0.0,0.0,0.0,0.0,0.0,0.0,0.0,0.0,1828.7433745396663,1946.8890487145777,6900.861690136673,1872.79133947246,0.0,961.5491896701268,837.5427943461043,0.0,7227.677294446783,2447.7404830117457,0.0,1517.0006524008154,1113.8295993239972,0.0,1491.678389252778,3184.88727037475,236.65394421914456,0.0
127,7.46069872548104e-17,5.3290705182007346e-18,-6.750155989720954e-17,-4.263256414560587e-17,0.0672109569703505,0.6782875881727581,0.0471402298123211,1.359141201832132,39.48833123352607,0.0,2431.2672879757056,0.0,0.0,0.0,0.0,0.0,2681.5294225810007,0.0,0.0,0.0,0.0,0.0,0.0,148.3006217436868,0.0,0.0,952.4928042076604,1009.2471449930335,3609.674857706519,976.3253217758314,0.0,498.7406355610389,437.5122813602416,0.0,3782.531670697837,1281.524494259476,0.0,794.9211418047441,584.2849447678132,0.0,782.7838586984371,1671.3838786610097,103.72182591022994,0.0
128,7.46069872548104e-17,5.3290705182007346e-18,-6.750155989720954e-17,-4.263256414560587e-17,0.086821915036545,0.8719440036643079,0.1817661010157421,1.2782385665841405,134.926542037068,0.0,2968.586458875346,0.0,0.0,0.0,0.0,0.0,3331.499941719004,0.0,0.0,0.0,0.0,0.0,0.0,506.72412453921095,0.0,0.0,472.599735343952,500.7491473796954,1790.8445193983634,484.3954143810216,0.0,247.48145448670985,217.07226932734065,0.0,1876.6055256338184,635.8524252338314,0.0,394.3804657912212,289.86733689250167,0.0,388.351771303251,829.1910980585618,0.0796610798018254,0.0
129,7.46069872548104e-17,5.3290705182007346e-18,-6.750155989720954e-17,-4.263256414560587e-17,0.1058393702392028,1.0385363095845852,0.398138233290097,1.2465368923550826,442.46515617893607,33.2692503834782,3425.1696023037166,137.6334518167649,0.0,1.0595302669897515,0.0,0.0,3967.672691859592,209.30135906195508,0.0,14.9393767645555,5.9333694951426095,0.0,30.938283796100745,1014.8969969078976,11.44292688348932,0.0,145.655964818561,116.52327158420798,662.6487797046914,115.40869660735572,0.0,53.43341308697959,13.475063168078616,0.0,663.1419337611815,139.85747313069896,0.0,77.67823666550244,17.978469970363314,0.0,78.66987510580108,220.94923721226775,0.0,0.0
130,7.46069872548104e-17,5.329070518200733e-18,-6.750155989720954e-17,-4.263256414560586e-17,0.1189259251410684,1.168438935194737,0.6885389395936599,1.229239759556349,794.5597622135883,263.5424406057673,3801.541241007287,337.64637025269377,0.0,8.39307135687157,0.0,0.0,4514.062761209791,510.4880765853425,0.0,118.34230613188916,47.0011995984808,0.0,245.07768362064985,1638.744974276607,90.64517065421296,0.0,531.9439129099585,203.0336390980648,3061.502038728201,210.8498745782694,0.0,66.83839987081636,0.0,0.0,2908.1507504808333,190.8627904220775,0.0,51.16069543993624,0.0,0.0,66.74678005991507,632.7984108755694,0.0,0.0
131,7.46069872548104e-17,5.3290705182007346e-18,-6.750155989720954e-17,-4.263256414560587e-17,0.1193266848126537,1.2614035970059243,0.9846201802776232,1.2400169103440677,1308.769761693337,853.2039227004806,4288.356823485321,738.6833056787646,0.0,220.2477387059324,183.0874936871456,0.0,5039.652879950741,920.3001115999012,0.0,309.8058051744083,385.2609601110696,0.0,464.660193636154,2103.3232175328053,351.8341127893389,0.0,437.8452394675126,80.02934987656037,4315.422619641433,67.15180660601415,0.0,20.194557899034915,0.0,0.0,3910.353284730945,58.50049721480137,0.0,13.08724990058816,0.0,0.0,18.528016713192223,539.980245516758,0.0,0.0
132,7.46069872548104e-17,5.3290705182007346e-18,-6.750155989720954e-17,-4.263256414560587e-17,0.1247015590564786,1.3302480221205526,1.2813383626762462,1.2682545326251238,3532.3947739150185,2928.477905624112,4963.479222386408,1223.742338133495,0.0,1023.1237918106276,851.7053117007227,0.0,5639.646396178676,1204.7590940743894,0.0,622.5385586668715,919.5775378447362,0.0,382.1958005989978,2373.7320559162,673.5235705905889,0.0,0.0,0.0,2543.2259917553192,0.0,0.0,0.0,0.0,0.0,2203.8433289643517,0.0,0.0,0.0,0.0,0.0,0.0,12.13828635163036,0.0,0.0
133,7.46069872548104e-17,5.3290705182007346e-18,-6.750155989720954e-17,-4.263256414560587e-17,0.1342152288239204,1.3283612766627912,1.604587162950638,1.2855738557691008,5537.683887796463,4617.082666697819,4984.544259937632,1038.7429983903533,0.0,1591.6833028431165,1196.9460707336768,0.0,5409.152180453342,753.7704237619927,0.0,421.54966229136926,776.0717937299854,0.0,114.90791589189534,1801.887978827941,464.2274474344654,0.0,0.0,0.0,2141.0976499499398,0.0,0.0,0.0,0.0,0.0,1933.8934678082207,0.0,0.0,0.0,0.0,0.0,0.0,0.0,0.0,0.0
134,7.46069872548104e-17,5.3290705182007346e-18,-6.750155989720954e-17,-4.263256414560587e-17,0.1356106962634357,1.2423625411694348,1.915908540879418,1.249869707645884,6803.457283744468,5826.655621652188,4837.830086368515,815.7076794741016,0.0,1938.2004109518584,1305.2256560214237,0.0,4918.119971765996,314.0835429047399,0.0,101.94143580956658,486.7455639796214,0.0,0.0,1169.6161882318795,130.7103196158767,0.0,0.0,0.0,2582.1140959292707,0.0,0.0,0.0,0.0,0.0,2463.4739815397475,0.0,0.0,0.0,0.0,0.0,0.0,0.0,0.0,0.0
135,7.46069872548104e-17,5.3290705182007346e-18,-6.750155989720954e-17,-4.263256414560587e-17,0.1255215467840532,1.1288528729619467,2.2075082021552364,1.193542701086074,6810.899267606364,6019.67234489969,4590.9106846214,750.6440015316549,0.0,2077.0759896431623,1295.7734631220426,0.0,4453.602213895539,197.1854683004613,0.0,25.5469798153222,293.02427353204587,0.0,0.0,814.0957227360587,0.0,0.0,0.0,0.0,2630.3064141129453,0.0,0.0,0.0,0.0,0.0,2517.711591110241,0.0,0.0,0.0,0.0,0.0,0.0,0.0,0.0,0.0
136,7.46069872548104e-17,5.3290705182007346e-18,-6.750155989720954e-17,-4.263256414560587e-17,0.1150948118272425,0.9763341782907288,2.5165654848464847,1.1258912739141205,8039.5857818244785,7274.82977953431,5234.503858803863,873.4203862891718,0.0,2702.794947310216,1583.6488567516808,0.0,4857.877552383005,179.19878313398473,0.0,24.27529731543894,144.87521640142393,0.0,0.0,581.6146577235645,0.0,0.0,0.0,0.0,2453.817601281396,0.0,0.0,0.0,0.0,0.0,2301.555649576117,0.0,0.0,0.0,0.0,0.0,0.0,0.0,0.0,0.0
137,7.46069872548104e-17,5.3290705182007346e-18,-6.750155989720954e-17,-4.263256414560587e-17,0.1037760401133476,0.7588531327574739,2.822077373511037,1.0340895345741634,8632.99703711238,7564.950409499746,5803.687195091324,1190.3471513791374,0.0,3152.8403655456077,1902.255231750528,0.0,5397.743723483425,414.1154415897855,0.0,22.953210614821234,139.85370144973754,0.0,0.0,548.1893671299537,0.0,0.0,0.0,0.0,2173.900695803572,0.0,0.0,0.0,0.0,0.0,1982.814717022717,0.0,0.0,0.0,0.0,0.0,0.0,0.0,0.0,0.0
138,7.460698725481043e-17,5.3290705182007346e-18,-6.750155989720954e-17,-4.263256414560587e-17,0.0873746139468438,0.5474608834709308,3.0240575611793967,0.940255683139532,8610.668781094475,7307.7750170093905,5774.415375424535,1202.411198542217,0.0,3113.0777656730265,1974.857271564122,0.0,5428.647362268893,439.3830731777086,0.0,33.8190586100966,208.695077108866,0.0,0.0,617.6755888779722,0.0,0.0,0.0,0.0,2089.6907016345926,0.0,0.0,0.0,0.0,0.0,1829.8753433505128,0.0,0.0,0.0,0.0,0.0,0.0,0.0,0.0,0.0
139,7.46069872548104e-17,5.3290705182007346e-18,-6.750155989720954e-17,-4.263256414560587e-17,0.0681590602524916,0.3645441913046329,3.1095654301720748,0.8372592365223372,9108.948592998971,7022.08660015323,5594.991503969664,1051.3698834744832,0.0,3113.870014632168,2168.3424990952794,0.0,5308.362666056378,303.4986639303009,0.0,109.83519412614552,331.54269056673155,0.0,0.0,755.1894659229968,0.0,0.0,0.0,0.0,1780.670067086258,0.0,0.0,0.0,0.0,0.0,1539.3271504716072,0.0,0.0,0.0,0.0,0.0,0.0,0.0,0.0,0.0
140,7.46069872548104e-17,5.3290705182007346e-18,-6.750155989720954e-17,-4.263256414560587e-17,0.054938175327023,0.2317367236860782,3.092735892079729,0.7686003587272583,9552.537607049851,7408.408233380248,5545.4896711729625,967.797673126324,0.0,3221.0586804276923,2303.192158273106,0.0,5197.940965158987,214.3135243882767,0.0,125.20867417053464,338.4410093501534,0.0,0.0,758.7238812338261,0.0,0.0,0.0,0.0,1071.9741008092444,0.0,0.0,0.0,0.0,0.0,922.073909853515,0.0,0.0,0.0,0.0,0.0,0.0,0.0,0.0,0.0
141,7.46069872548104e-17,5.3290705182007346e-18,-6.750155989720954e-17,-4.263256414560587e-17,0.0545177506479849,0.1376766789940786,3.0461117476596784,0.7244462557518385,9716.851707509706,7514.055348103885,5482.214393933562,898.2715222726964,0.0,3253.574922201907,2359.572499167293,0.0,5099.394658785579,153.9266212192137,0.0,155.1998681670977,372.21753810760094,0.0,0.0,740.3682745910053,0.0,0.0,0.0,0.0,1260.402082030894,0.0,0.0,0.0,0.0,0.0,1035.380778423001,0.0,0.0,0.0,0.0,0.0,0.0,0.0,0.0,0.0
142,0.0006478191340864,0.0006651990849169,0.0001034889584052,-4.263256414560587e-17,0.0624278773196012,0.0685576294756161,3.059795152343117,0.6538657260605955,10258.175882713143,7505.635068600185,5312.665422763487,715.8393990714611,0.0,3309.5313945414027,2423.5336852817386,0.0,4906.128399941963,57.23771233377482,0.0,174.22544126570824,385.3850574065796,0.0,0.0,739.9533332185018,0.0,0.0,0.0,0.0,1638.682115230701,0.0,0.0,0.0,0.0,0.0,1308.486179007982,0.0,0.0,0.0,0.0,0.0,0.0,0.0,0.0,0.0
143,0.0048729757873754,0.0259667997129568,0.0035221170498338,-4.263256414560587e-17,0.1386292750660465,0.0593564199237221,3.158556846491956,0.5898458122971397,10622.779409316769,7308.274990585185,5285.182855067863,673.8149753297399,0.0,3335.2303000478223,2517.8618593178435,0.0,4854.076542697769,18.066407106073424,0.0,159.70156078330004,423.8087223008733,0.0,0.0,735.315167294892,0.0,0.0,0.0,0.0,1726.771092399759,0.0,0.0,0.0,0.0,0.0,1444.3429154012915,0.0,0.0,0.0,0.0,0.0,0.0,0.0,0.0,0.0
144,0.0096981773023256,0.0920541749947235,0.0085968979534882,-4.263256414560587e-17,0.2842919683173736,0.0763948409114727,3.3365916709939367,0.5276305802345096,11078.656010119335,6422.746547248072,5490.321283348296,853.0939036876925,0.0,3253.862455256268,2668.1668728517134,0.0,5036.467444760937,11.668102864927892,0.0,156.59929322551892,513.2780656483727,0.0,0.0,722.2661939628072,0.0,0.0,0.0,0.0,1597.068216305565,0.0,0.0,0.0,0.0,0.0,1463.1935642289986,0.0,0.0,0.0,0.0,0.0,0.0,0.0,0.0,0.0
145,0.014571153089701,0.1826492804252493,0.0137219242126245,-4.263256414560587e-17,0.4919119144983389,0.1115078167340252,3.510470043996085,0.4688025234137167,11393.256363703733,6505.1987561790975,5684.71563751198,1045.8864054698145,0.0,3168.7420520983765,2587.6216906593672,0.0,5100.197358652902,5.502435289459706,0.0,88.55396580103886,406.9586444118039,0.0,0.0,572.5046714540784,0.0,0.0,0.0,0.0,1897.8822973260117,0.0,0.0,0.0,0.0,0.0,1927.060621042316,0.0,0.0,0.0,0.0,0.0,0.0,0.0,0.0,0.0
146,0.0193008060598007,0.2742807982649506,0.0186962144053155,-4.263256414560587e-17,0.7033309338513286,0.1892389382043204,3.640097657663616,0.4330156061212605,7236.321934900973,3390.137783018909,5405.692749507433,709.0111537428943,0.0,1522.910064217455,975.579197756648,0.0,4625.341455531101,0.05,0.0,0.0,9.1875,0.0,0.0,66.96748605846048,0.0,0.0,224.1918002730871,29.12293699807847,3039.3781050656435,0.0,0.0,202.1490779285936,1.3868065237180225,0.0,3353.7783917341985,0.0,0.0,221.50299276423652,16.641678284616265,0.0,131.1918971437249,1526.5563981288576,0.0,0.0
147,0.0240782333023257,0.37589182462893,0.0237207499534882,-4.263256414560586e-17,0.9431813557168406,0.2858853488241772,3.668261748918471,0.4073607347073841,2737.0257396817105,664.5953315863122,5086.670777537376,461.24189955747465,0.0,162.35066702795777,7.766443967542841,0.0,4419.274394847514,0.0,0.0,0.0,0.0,0.0,0.0,0.438919910253599,0.0,0.0,781.8707274185576,178.86630256155726,4201.898176590596,66.24447877085225,0.0,419.42225015474224,87.59701775902455,0.0,4712.339954661966,471.1086949011529,0.0,565.3341629541077,99.95205039833569,0.0,733.4201347646405,2187.4747329962443,0.0,0.0
148,0.0282203643689829,0.4876996467338664,0.0286236416187176,-4.263256414560587e-17,1.2110134000918924,0.400470537518062,3.576217943323951,0.4568413749139729,1554.874355968975,153.21287802046845,4552.528345509718,229.34411996800077,0.0,0.0,0.0,0.0,3989.046228882065,0.0,0.0,0.0,0.0,0.0,0.0,0.0,0.0,0.0,487.16741725909054,169.0513974764521,2541.8473835655154,156.82151496028231,0.0,258.4182173078317,302.42010585105186,0.0,2841.6661247316324,471.9760491602914,0.0,347.818478746261,312.00403857206044,0.0,487.6156579273452,1234.812088583369,0.0,0.0
149,0.0287601120000001,0.5751044345326247,0.0302477039999998,-4.263256414560587e-17,1.4147110624520929,0.5298034856124934,3.400858862647175,0.5481265170546158,1240.2395838204889,31.026041859848984,3843.2864595368233,47.98437529877267,0.0,0.0,0.0,0.0,3341.0989594360326,0.0,0.0,0.0,0.0,0.0,0.0,0.0,0.0,0.0,964.1057078154583,592.3031698252812,4541.551067549032,904.7751685394892,0.0,509.3192293912056,444.075954302942,0.0,5075.705323503936,1419.5009055598289,0.0,651.11572833822,463.29138744473386,0.0,880.7205818662305,1911.0925805804384,0.0,0.0
150,0.0287601120000001,0.6268793316798085,0.0302477039999998,-4.263256414560587e-17,1.5637297522825786,0.7704642236321714,3.183606940908169,0.7250532080102777,968.6285974750974,0.0,3158.5745181683446,0.0,0.0,0.0,0.0,0.0,2737.839279797042,0.0,0.0,0.0,0.0,0.0,0.0,0.0,0.0,0.0,1666.875144604824,1233.7183854129896,7314.710797476764,1884.670601506324,0.0,867.0002568896582,607.0600159037409,0.0,8144.0211007195585,2623.2250967600085,0.0,1028.0718300316244,616.1687922400675,0.0,1351.3466943466003,2778.003843558596,0.0,0.0
151,0.0287601120000001,0.6540878599534873,0.0302477039999998,-4.263256414560586e-17,1.6518766188369527,1.1387559053536944,2.9572480871622733,1.0236095017475055,241.9759521222637,0.0,2203.121290025746,0.0,0.0,0.0,0.0,0.0,1907.4686291259563,0.0,0.0,0.0,0.0,0.0,0.0,0.0,0.0,0.0,2583.722767423542,2551.7707743243136,8678.408028046995,2324.481405975147,0.0,1204.2273348477822,547.285282642758,0.0,9151.766417697792,2391.540153770341,0.0,629.7896940152793,314.8970687639389,0.0,595.0531965295434,1849.2876583937204,0.0,0.0
152,0.0278580213265586,0.6750478529278865,0.0300226093296852,-4.263256414560587e-17,1.7093941863294912,1.5114187965636126,2.6579804678459946,1.3572138786366983,0.0,0.0,1474.8658249209625,0.0,0.0,0.0,0.0,0.0,1263.4981172137384,0.0,0.0,0.0,0.0,0.0,0.0,0.0,0.0,0.0,2947.495840780184,3156.7735617232065,9267.754895281763,2480.046282417353,0.0,1340.6852096191756,496.0723727585088,0.0,9425.828927135652,2152.8492526724717,0.0,352.6353455659857,223.9425057650245,0.0,162.2407821488038,1239.0141902656856,0.0,0.0
153,0.0236482648504984,0.6609406400292346,0.0264743601727573,-4.263256414560588e-17,1.6676476682578083,1.871184720890366,2.295035192069096,1.7088353877740827,0.0,0.0,973.3049556076568,0.0,0.0,0.0,0.0,0.0,791.4963197568007,0.0,0.0,0.0,0.0,0.0,0.0,0.0,0.0,0.0,2939.1012120210958,3015.0715550289524,9230.497392200006,2484.171485664868,0.0,1299.598649418444,527.4225445404853,0.0,9527.483518533423,2300.0212631553054,0.0,433.8049043057387,291.1622011077681,0.0,553.3694901113694,1420.4090012477486,0.0,0.0
154,0.0194919031495017,0.6056206448485987,0.022103014245847,-4.263256414560587e-17,1.5447616047707644,2.1696288291343158,1.8949299201841407,2.0579796092292324,0.0,0.0,905.0803914161417,0.0,0.0,0.0,0.0,0.0,736.8711062860698,0.0,0.0,0.0,0.0,0.0,0.0,0.0,0.0,0.0,2456.441248189116,2087.3743235125667,9017.613051410106,2533.831815177662,0.0,1113.298887735594,666.676357688004,0.0,9678.19293939874,2973.212801273371,0.0,889.5280347402972,395.03982600461495,0.0,1078.3773676970577,2314.6985636581685,0.0,0.0
155,0.014571153089701,0.5142439157740863,0.0169277426312291,-4.263256414560587e-17,1.3293891442524903,2.4761384062972627,1.4036409230928557,2.488320467676485,0.0,0.0,848.858860199203,0.0,0.0,0.0,0.0,0.0,675.8075886212945,0.0,0.0,0.0,0.0,0.0,0.0,0.0,0.0,0.0,2310.833191733323,1751.011211378083,8788.998495598997,2469.755065888556,0.0,1147.7359309506926,775.9001062000075,0.0,9598.608896960744,3164.469416776344,0.0,1205.5156919041635,609.0912337469574,0.0,1480.7644938493372,2815.1274097745904,0.0,0.0
156,0.0093159831229236,0.4125422900625122,0.0114007535282391,-4.263256414560587e-17,1.0846944647775434,2.6371461920873247,0.9080158085093184,2.923796348552712,0.0,0.0,759.472247342957,0.0,0.0,0.0,0.0,0.0,599.8174727147061,0.0,0.0,0.0,0.0,0.0,0.0,0.0,0.0,0.0,2033.2599862685493,1251.3559650143984,8423.559023996944,2340.917060525859,0.0,1132.4224154000203,890.6356397064937,0.0,9443.461875577485,3428.618110136714,0.0,1616.177290981001,884.8745817260631,0.0,2103.1713204674456,3553.347305107597,35.79357902012274,0.0
157,0.004777427242525,0.3162518418087533,0.0066274447574749,-4.263256414560587e-17,0.8488676512901918,2.6318708799797714,0.5608667888398039,3.210290935685685,0.0,0.0,722.4892231597152,0.0,0.0,0.0,0.0,0.0,581.5295151624056,0.0,0.0,0.0,0.0,0.0,0.0,0.0,0.0,0.0,1646.5901919051555,702.1815975092786,7992.506225546981,2178.471074764359,0.0,1041.7627545187042,960.0419831790872,0.0,9231.879669160237,3705.889917754933,0.0,2006.9092012453607,1139.4869420565535,0.0,2823.221378189101,4374.94556572695,129.26677756642047,0.0
158,0.000623624877551,0.2014079485130516,0.0016569935688181,-4.263256414560587e-17,0.570263324537969,2.564005222469386,0.3118144538849014,3.413634562089225,0.0,0.0,673.3071181138895,0.0,0.0,0.0,0.0,0.0,549.7107483157795,0.0,0.0,0.0,0.0,0.0,0.0,0.0,0.0,0.0,1409.5319870371163,618.2809793011847,7490.593247532884,2116.07983933328,0.0,936.4489267886248,860.9037495398685,0.0,8674.053106260788,3560.311873764101,0.0,1916.7364342919109,1061.3178512605057,0.0,2785.9686935065065,4283.371845924919,231.81326978658532,0.0
159,7.46069872548104e-17,0.1102252203492703,-6.572520305780934e-17,-4.263256414560587e-17,0.3567539137691738,2.434837890649141,0.177993025784481,3.5394356712480164,0.0,0.0,585.1013830055392,0.0,0.0,0.0,0.0,0.0,453.7128379189471,0.0,0.0,0.0,0.0,0.0,0.0,0.0,0.0,0.0,846.7071211980368,405.16231058489245,4386.915534101719,1226.3196037703567,0.0,559.0074326521004,514.0394161883544,0.0,5061.499608923654,2060.5960606058075,0.0,1127.4685317582205,635.1517182322183,0.0,1611.9730149215552,2507.41543915595,145.32641669577018,0.0
160,7.46069872548104e-17,0.0633163594350803,-6.572520305780934e-17,-4.263256414560587e-17,0.2201464528993137,2.210381003545193,0.1229312381726163,3.5124672687772773,0.0,0.0,540.5046708257771,0.0,0.0,0.0,0.0,0.0,411.57566246900194,0.0,0.0,0.0,0.0,0.0,0.0,0.0,0.0,0.0,1295.8751626058963,908.8408188894588,5666.073972243033,1460.9790922716347,0.0,819.9625171534253,755.2928905676814,0.0,6371.047616580225,2434.84533648312,0.0,1495.9098058278091,941.3638549805064,0.0,1892.8554165331936,3208.247305145507,260.33731433419285,0.0
161,7.46069872548104e-17,0.036921275641196,-6.572520305780934e-17,0.0001463533908355,0.1343412540597994,1.8549681045034816,0.0817590777009907,3.329075419805683,0.0,0.0,483.0737293503258,0.0,0.0,0.0,0.0,0.0,362.95108113050304,0.0,0.0,0.0,0.0,0.0,0.0,0.0,0.0,0.0,1917.4403403351207,1570.8534559805405,7139.113748892394,1715.7257744800363,0.0,1184.0761226348734,1102.848624063272,0.0,7873.088161687633,2848.2263203425387,0.0,1974.632569196839,1340.3374371230157,0.0,2223.6109022424725,4072.000463998582,390.9482122520941,0.0
162,7.46069872548104e-17,0.0157940097249169,-6.572520305780934e-17,0.0029690062923587,0.0648602673338854,1.556192560425251,0.0444914385847123,3.1450173788152838,0.0,0.0,428.6886526058321,0.0,0.0,0.0,0.0,0.0,321.69633796562,0.0,0.0,0.0,0.0,0.0,0.0,0.0,0.0,0.0,1686.818654943242,1423.2959348870786,5838.766666572593,1367.0234553381465,0.0,1035.6500287714475,972.4732705326926,0.0,6401.272923929094,2270.925133698064,0.0,1663.68822025314,1155.1356700602278,0.0,1786.239538822608,3366.696627695568,332.88287132250105,0.0
163,7.46069872548104e-17,0.0020418598519221,-6.572520305780934e-17,0.0075928145382059,0.0175569928182236,1.2176224629178942,0.0083661458642566,2.930443812258187,0.0,0.0,395.5207771993617,0.0,0.0,0.0,0.0,0.0,313.0986148533759,0.0,0.0,0.0,0.0,0.0,0.0,0.0,0.0,0.0,1031.7535789658953,871.4995959414016,3563.467177750182,833.5340616376924,0.0,633.286202678146,595.3834090780815,0.0,3906.0046026353903,1383.7715758726715,0.0,1015.9114090651748,707.1097105902066,0.0,1089.3769674879734,2055.8156893633645,203.7008975161728,0.0
164,7.46069872548104e-17,-3.1974423109204555e-17,-6.572520305780934e-17,0.0125308621794019,0.0214372238535364,0.906314453339648,0.0159377496469869,2.697801719759949,0.0,0.0,326.2805486781084,0.0,0.0,0.0,0.0,0.0,316.8611482200618,0.0,0.0,0.0,0.0,0.0,0.0,0.0,0.0,0.0,1116.8258483119582,986.564347786935,3477.837024935456,780.8820889372454,0.0,674.2260397438312,669.9696537474292,0.0,3771.923833276819,1244.5267335598571,0.0,1014.4578670227304,791.2809881469814,0.0,1023.9735494372784,2053.984881904992,221.89750327986107,0.0
165,7.46069872548104e-17,-3.1974423109204555e-17,-6.572520305780934e-17,0.0169302137142856,0.0745106481563401,0.7195725057760409,0.0895007386538934,2.474866704560485,0.0,0.0,226.16578501263768,0.0,0.0,0.0,0.0,0.0,300.53493618573407,0.0,0.0,0.0,0.0,0.0,0.0,0.0,0.0,0.0,1995.1594305112365,1821.178700970834,5815.062741877754,1353.9303442535208,0.0,1181.2256058585272,1222.6688508534776,0.0,6212.738822352107,1973.2497208459731,0.0,1694.1141558986992,1442.0910293865995,0.0,1620.9801983584905,3373.3960239222065,388.65380153479055,0.0
166,7.46069872548104e-17,0.0006225646652491,-6.572520305780934e-17,0.0214642392757474,0.16272294440053,0.6786784311428582,0.1958586361164064,2.258877382249036,0.0772109096003401,0.0,479.4091729228821,0.0,0.0,0.0,0.0,0.0,630.8633067880068,0.0,0.0,0.0,0.0,0.0,0.0,0.3931453458221402,0.0,0.0,2637.733233270079,2420.550304180943,7516.999372697389,1812.510999306022,0.0,1519.528397329734,1609.0792500266452,0.0,7952.755859184735,2483.857016062588,0.0,2119.713313061731,1896.695274761215,0.0,1978.387308274348,4203.591516912082,498.1636361833987,0.0
167,7.46069872548104e-17,0.0026045215415282,-6.572520305780934e-17,0.0257199612986498,0.2738294761942445,0.7630921968765116,0.3457182770495455,2.158721508998373,48.598853617517015,0.0,1372.652883079623,0.0,0.0,0.0,0.0,0.0,1657.1289367841357,0.0,0.0,0.0,0.0,0.0,0.0,247.4574281136836,0.0,0.0,2634.761870658257,2372.2940238625483,7448.525481138174,1738.149222454689,0.0,1459.4415064955765,1569.1604585529933,0.0,7869.534834429461,2372.547810349425,0.0,1989.1751742946185,1844.0120345164555,0.0,1851.8092103059275,4065.6550556067823,484.3556692938956,0.0
168,7.46069872548104e-17,0.0046629337275747,-6.572520305780934e-17,0.0270245879999999,0.4235568149900315,0.8520198281063127,0.5669829493789275,2.082936829385968,98.0,0.0,1908.0,0.0,0.0,0.0,0.0,0.0,2257.0,0.0,0.0,0.0,0.0,0.0,0.0,499.0,0.0,0.0,2612.7597627307878,2295.1160868043485,7341.265396608215,1625.250077266856,0.0,1389.8553468079765,1506.2367791263891,0.0,7749.131364908348,2217.366631008939,0.0,1857.699937272705,1759.253237940118,0.0,1739.3712807710792,3929.7794106572296,455.6286876189274,0.0
169,7.46069872548104e-17,0.0067843585315614,-6.572520305780934e-17,0.0270245879999999,0.5953044018211283,0.9625532237892358,0.8406471350989984,2.0012647661102965,253.2463950578372,66.64684097463713,2991.1124035304047,200.18577958926824,0.0,0.6449659968904661,0.0,0.0,3686.837671936512,416.3808883579845,0.0,34.96260037741671,15.837498368088111,0.0,353.0686918121729,1538.292588135438,76.7221923401023,0.0,1978.574199721942,1252.187890918774,6665.072875762005,840.8182164907095,0.0,663.2626132301574,510.0372872350319,0.0,6789.097455942493,1024.2331797182444,0.0,701.8041119208098,447.4761639029608,0.0,794.565995414982,2380.6376866777964,102.63779288268977,0.0
170,7.46069872548104e-17,0.0089477917475082,-6.572520305780934e-17,0.0270245879999999,0.7738351072906661,1.051192624454585,1.1382323600230635,1.9770950903017583,665.0338560682749,567.3635380708168,3924.774972001104,649.4135638877706,0.0,74.32917403937118,0.0,0.0,4833.274023277029,1049.9671472833886,0.0,243.6685194703372,222.2593280121396,0.0,845.5168649334997,2605.682965364721,390.1712715393946,0.0,1412.0357757503848,592.5484135843568,6243.071356917541,408.770851533944,0.0,215.915222049521,14.394026721031633,0.0,6070.460235234362,383.2034803876206,0.0,36.10915323982936,0.0,0.0,229.21845055635163,1323.1597298507645,0.0,0.0
171,7.46069872548104e-17,0.0111112249634551,-6.572520305780934e-17,0.0268189279941527,0.9412521583646516,1.0921602945600002,1.4268560403013912,2.026216379008104,1411.913247834544,1539.26671659006,4525.436492561896,1114.3999602066483,0.0,481.75472692443776,82.39030622615036,0.0,5497.554276235241,1585.6780500744017,0.0,465.5832172220271,415.2319170797713,0.0,909.7621866273158,2871.9239976468607,560.3695494714132,0.0,703.6312447128339,191.28075514487648,5034.688156332597,104.97817876306632,0.0,38.440056191750166,0.0,0.0,4647.727085699223,68.17776757046933,0.0,0.0,0.0,0.0,40.79850840983643,525.09980630989,0.0,0.0
172,7.460698725481043e-17,0.0125867704335548,-6.572520305780934e-17,0.0235168856013288,1.0755785921038217,1.0673913276478428,1.728403196646174,2.073116914903653,2352.075921047676,2533.400295368705,4754.483284547122,1264.2009108919854,0.0,902.1921120856516,374.3882155331728,0.0,5703.671448257497,1580.5197978351916,0.0,509.28390331311545,488.432441107529,0.0,748.4157932246939,2788.558564964216,573.0911134819306,0.0,78.48535173716687,0.0,2628.5321496737906,0.0,0.0,0.0,0.0,0.0,2311.167284733158,0.0,0.0,0.0,0.0,0.0,0.0,16.083063880566986,0.0,0.0
173,7.46069872548104e-17,0.012644532,-6.572520305780934e-17,0.0191624254086378,1.1785191350195958,1.0213631443634157,2.030371125595763,2.055300739466541,2730.1762180962346,3071.8973018749966,4034.0674394267935,593.0654018378848,0.0,1190.931847930403,912.3740496403108,0.0,5107.752042596714,895.5769164687911,0.0,1218.4111741382935,1111.968087692753,0.0,1450.587869969443,4398.579888524616,1265.2844799883694,0.0,0.0,0.0,883.670920076953,0.0,0.0,0.0,0.0,0.0,780.5153125620024,0.0,0.0,0.0,0.0,0.0,0.0,0.0,0.0,0.0
174,7.46069872548104e-17,0.012644532,-6.572520305780934e-17,0.0146732911893687,1.2351190699417642,0.9381876086957194,2.287286595932767,1.9408802079890577,1783.6478829055668,2465.2112750911883,2866.9330805781515,0.0,0.0,1057.4056369412783,1205.3435291700384,0.0,4224.650125727412,230.29240469167223,0.0,2323.074689307367,2057.806290163748,0.0,2681.3309415907506,7128.1790907299055,2506.2899006542207,0.0,0.0,0.0,1441.479893309192,0.0,0.0,0.0,0.0,0.0,1355.768927681233,0.0,0.0,0.0,0.0,0.0,0.0,0.0,0.0,0.0
175,7.46069872548104e-17,0.012644532,-6.572520305780934e-17,0.0101841569700996,1.2318658342179143,0.8031629467375411,2.508933829170785,1.801219205534208,1658.6044191395415,2024.7426929922108,2340.025466970469,0.0,0.0,1104.7640091140674,1522.8341837525552,0.0,3684.237785370842,89.04906605906217,0.0,2819.42256137644,2697.5901721087944,0.0,2744.391149072449,8060.890392299692,3008.053290304641,0.0,0.0,0.0,2468.7358504162344,0.0,0.0,0.0,0.0,0.0,2298.409525182103,0.0,0.0,0.0,0.0,0.0,0.0,0.0,0.0,0.0
176,7.46069872548104e-17,0.0120654748704318,-6.572520305780934e-17,0.0056950227508305,1.1814904464365836,0.6347032389556395,2.7212189395473816,1.6411334402016815,1925.596594345661,2185.314706652329,2344.2634380054865,0.0,0.0,1231.9031401646007,1606.1809474412382,0.0,3686.827656558908,80.57312398902663,0.0,2797.290934860236,2721.840784142508,0.0,2550.6216956380254,7746.80965003782,2924.4710837806792,0.0,0.0,0.0,2397.0435070738504,0.0,0.0,0.0,0.0,0.0,2226.034397617411,0.0,0.0,0.0,0.0,0.0,0.0,0.0,0.0,0.0
177,7.46069872548104e-17,0.0099559936345514,-6.572520305780934e-17,0.0012203420362313,1.0693391860645642,0.457064794484299,2.8726278210535865,1.411679473727823,3674.1882394397167,3917.03396521537,2635.5098647365285,0.0,0.0,1715.542939114425,1976.9058031845748,0.0,3970.811930878509,49.33633097464534,0.0,2363.668615164287,2690.0092960894594,0.0,1482.882799075082,6210.640400789377,2426.417439683396,0.0,0.0,0.0,2117.169791824067,0.0,0.0,0.0,0.0,0.0,1927.304715655662,0.0,0.0,0.0,0.0,0.0,0.0,0.0,0.0,0.0
178,7.46069872548104e-17,0.0079605940664451,-6.572520305780934e-17,-4.263256414560587e-17,0.9237690974750828,0.3326963265448517,2.939729116035114,1.1979889104888437,3079.965044084704,3446.929047328176,2526.953713632412,0.0,0.0,1524.5314442773802,1987.5320648067543,0.0,3961.5042422144616,33.1618124748302,0.0,2501.752586504261,2867.446004865207,0.0,1882.0472171616495,6841.911094035083,2639.1288797563925,0.0,0.0,0.0,2040.22474652332,0.0,0.0,0.0,0.0,0.0,1839.4948523979065,0.0,0.0,0.0,0.0,0.0,0.0,0.0,0.0,0.0
179,7.46069872548104e-17,0.0059861987043189,-6.572520305780934e-17,-4.263256414560586e-17,0.7640291963858926,0.2304587182632276,2.9379065399125914,1.0376408499115752,2249.84294231608,2245.4755318827406,2716.515867580548,64.64124928430383,0.0,1169.4805271349237,1982.7381043100968,0.0,4339.863897529207,87.19344125611565,0.0,2569.605796611255,3007.218644282106,0.0,2378.4140189088766,7158.10115944469,2765.016454482027,0.0,0.0,0.0,1971.7208285926845,0.0,0.0,0.0,0.0,0.0,1740.9587545731936,0.0,0.0,0.0,0.0,0.0,0.0,0.0,0.0,0.0
180,7.46069872548104e-17,0.0037387486644518,-6.572520305780934e-17,-4.263256414560587e-17,0.5786582967627899,0.147056279320086,2.894921320340434,0.8839168028274224,2270.73972842808,2053.049035470241,3072.8202351523905,270.24915032985365,0.0,1067.9056467657422,1852.3798797072216,0.0,4671.672873469246,462.2187033907382,0.0,2337.5002250084467,2776.7018141999047,0.0,2170.414044352562,6493.8124807143,2585.775367405267,0.0,0.0,0.0,1877.6061647928448,0.0,0.0,0.0,0.0,0.0,1596.7402854601175,0.0,0.0,0.0,0.0,0.0,0.0,0.0,0.0,0.0
181,7.46069872548104e-17,0.0015333070365448,-6.572520305780934e-17,-4.263256414560587e-17,0.4077458536353481,0.1110331749767455,2.788487431479861,0.7112334512882376,2427.9257237292027,2113.883463542424,3364.4841040740903,503.80082969516303,0.0,1025.247331487709,1714.3499579495474,0.0,4892.297851778129,856.057972810285,0.0,2068.1999258563733,2545.563229018864,0.0,1888.4047884113636,5811.61389799676,2390.8194609885213,0.0,0.0,0.0,1733.919315842784,0.0,0.0,0.0,0.0,0.0,1434.3706588397529,0.0,0.0,0.0,0.0,0.0,0.0,0.0,0.0,0.0
182,7.46069872548104e-17,6.0272938899288986e-05,-6.572520305780934e-17,-4.263256414560587e-17,0.2756675794771039,0.105260724956812,2.6132672953762754,0.5256173083247149,2463.0,2129.0,3384.0,545.0,0.0,1026.0,1705.0,0.0,4900.0,892.0,0.0,2023.0,2542.0,0.0,1863.0,5738.0,2364.0,0.0,0.0,0.0,1708.8790577439618,0.0,0.0,0.0,0.0,0.0,1401.467637136985,0.0,0.0,0.0,0.0,0.0,0.0,0.0,0.0,0.0
183,7.46069872548104e-17,-3.1974423109204555e-17,-6.572520305780934e-17,-4.263256414560587e-17,0.1674485606466486,0.0948968161211073,2.4134076204879262,0.3637692557251934,2473.8521617949536,2122.5995968710704,3374.932182843371,553.318813737414,0.0,1014.2647688156708,1728.4704623686584,0.0,4899.415296405366,888.5835825530847,0.0,2021.8003589563104,2556.853282836504,0.0,1881.135634313259,5766.5371584837385,2368.750124460765,0.0,0.0,0.0,1595.1818748836445,0.0,0.0,0.0,0.0,0.0,1242.264954763794,0.0,0.0,0.0,0.0,0.0,0.0,0.0,0.0,0.0
184,7.46069872548104e-17,-3.1974423109204555e-17,-6.572520305780934e-17,-4.263256414560587e-17,0.0986777396042439,0.0807434625647854,2.279919046633816,0.2674996830299002,2517.419033825044,2097.227209204366,3341.8419934270623,584.4975468816244,0.0,970.1375927517328,1814.9202091150828,0.0,4896.509155193766,874.9745251633615,0.0,2015.2287955331456,2610.715909921129,0.0,1943.6101270946797,5865.872122542,2383.8898195322568,0.0,0.0,0.0,1578.7641675646666,0.0,0.0,0.0,0.0,0.0,1220.6761377842215,0.0,0.0,0.0,0.0,0.0,0.0,0.0,0.0,0.0
185,7.46069872548104e-17,-3.1974423109204555e-17,-6.572520305780934e-17,-4.263256414560587e-17,0.0711663833084848,0.0662728001860476,2.1569142142948894,0.1821387396895186,2643.4104181066277,2037.8696496119687,3328.4717992542555,617.430883435332,0.0,921.471565860031,1869.57070146648,0.0,4871.814328727174,837.194237438473,0.0,1951.1541643341377,2620.027823255529,0.0,1863.1361296436007,5763.89396718063,2329.5532067555955,0.0,0.0,0.0,1546.3777164143262,0.0,0.0,0.0,0.0,0.0,1212.1893072625771,0.0,0.0,0.0,0.0,0.0,0.0,0.0,0.0,0.0
186,7.46069872548104e-17,-3.1974423109204555e-17,-6.572520305780934e-17,-4.263256414560586e-17,0.1076728505060037,0.0591752793979056,2.09558365884717,0.1049695965241494,2989.021889601682,2010.318410442896,3400.0472054272755,705.927114206308,0.0,898.1676091118054,1914.823934920577,0.0,4837.404781947913,804.5640392466205,0.0,1776.0336676386903,2551.676039040793,0.0,1523.5029835671974,5207.455778139922,2135.2097327181136,0.0,0.0,0.0,1464.5543191190145,0.0,0.0,0.0,0.0,0.0,1190.7754527428056,0.0,0.0,0.0,0.0,0.0,0.0,0.0,0.0,0.0
187,7.46069872548104e-17,-3.1974423109204555e-17,-6.572520305780934e-17,-4.263256414560587e-17,0.1880529018722477,0.0651971486105447,2.08232633321732,0.0674973539424554,3309.8810883338733,2028.146799529114,3597.1067355342657,888.6344907471366,0.0,890.2453149403294,1976.239660110093,0.0,5010.197799814613,949.653614317916,0.0,1672.0544526023598,2508.5965964227426,0.0,1389.8282612328096,4876.682220733604,1969.8147924922664,0.0,0.0,0.0,1342.6875447962343,0.0,0.0,0.0,0.0,0.0,1191.8564425194525,0.0,0.0,0.0,0.0,0.0,0.0,0.0,0.0,0.0
188,7.46069872548104e-17,-3.1974423109204555e-17,-6.572520305780934e-17,-4.263256414560587e-17,0.2881122223455127,0.0669412281528252,2.093690356194014,0.0666681734750824,3467.132382709633,1890.5699822075528,3745.89784118704,1043.2227644290888,0.0,853.4830210912073,1961.8656713045937,0.0,5157.464418621101,1082.6242091158429,0.0,1533.5522173187458,2384.800008531861,0.0,1264.8907130000646,4519.944168237346,1774.6662379987818,0.0,0.0,0.0,1286.6951246598514,0.0,0.0,0.0,0.0,0.0,1351.1857301517832,0.0,0.0,0.0,0.0,0.0,0.0,0.0,0.0,0.0
189,7.46069872548104e-17,-3.1974423109204555e-17,-6.572520305780934e-17,-4.263256414560587e-17,0.3852739725847148,0.0687120617443907,2.1160402971965486,0.0709338679937616,3264.528714521393,1357.030624603412,3808.592957812175,1146.5337663420987,0.0,731.6351446864868,1737.7925360565291,0.0,5249.4395952370405,1183.0788516036612,0.0,1258.6151621495137,2009.693410835636,0.0,1100.358326026962,3965.979197609253,1436.428135058371,0.0,0.0,0.0,1718.4406446398411,0.0,0.0,0.0,0.0,0.0,1791.265594501945,0.0,0.0,0.0,0.0,0.0,0.0,93.93803659105248,0.0,0.0
190,7.46069872548104e-17,-3.1974423109204555e-17,-6.572520305780934e-17,-4.263256414560587e-17,0.4816659475040497,0.0814979665913635,2.0907367859338124,0.0790182347441853,2948.6550075807627,1010.06869296562,3613.008730049125,841.6781878004748,0.0,543.2051490585177,1230.431048840358,0.0,4822.250729067157,719.1594054890529,0.0,807.7318032547533,1445.7256749676208,0.0,656.9344421191621,3073.931601515173,980.3496185649908,0.0,0.0,0.0,2253.977362048266,0.0,0.0,0.0,0.0,0.0,2141.201660077001,0.0,0.0,0.0,0.0,0.0,0.0,395.9091387250208,0.0,0.0
191,7.46069872548104e-17,-3.1974423109204555e-17,-6.572520305780934e-17,-4.263256414560587e-17,0.5527692373227876,0.1025837347861809,2.0702417878022525,0.0973255995197334,2812.9427576336248,899.8683250152202,3336.805569081043,507.5166110083737,0.0,421.229626457632,884.7722955651159,0.0,4386.134559081546,309.5966367250278,0.0,507.59048547651616,1101.3740312180169,0.0,306.26723755639244,2536.8728681657904,692.8896881102144,0.0,47.61296034917103,17.22404325995358,3152.801388938292,0.0,0.0,6.801851478453005,0.0,0.0,3160.347322675389,0.0,0.0,29.07242970629107,0.0,0.0,22.599700073569664,1115.6119872010695,0.0,0.0
192,7.46069872548104e-17,0.0009227225853955,-6.572520305780934e-17,-4.263256414560587e-17,0.5764714017058755,0.134929371827244,1.994876286851444,0.1586762110385781,2581.3321712714683,745.1522218446256,3147.049344650988,307.65178794832906,0.0,307.0135989487636,635.773844919486,0.0,4068.321009613956,170.02737445909045,0.0,327.7380992172615,811.9656472348705,0.0,169.4856140318133,2195.7295514125635,491.6884014431466,0.0,366.5058592098144,132.58391681092365,3868.6088431919698,0.0,0.0,52.35797988711634,0.0,0.0,3976.117936878714,0.0,0.0,223.78813984009403,0.0,0.0,173.96361059267684,1689.7978139501895,0.0,0.0
193,7.460698725481043e-17,0.0051645635880398,-6.572520305780934e-17,-4.263256414560587e-17,0.5987391001893659,0.195637447412792,1.9171215600199276,0.2736918053222584,2207.554100778037,511.7118176653401,2779.319999109517,132.4763984018265,0.0,175.3274468826351,363.5482470487162,0.0,3517.5464546416188,64.05589326484018,0.0,155.54745148401827,495.0719215723221,0.0,63.85382420091324,1769.4002800735914,264.5312385844749,0.0,437.9093309102675,164.48409582635398,4047.657409840681,0.0,0.0,64.27650339518833,0.0,0.0,4183.388916367077,0.0,0.0,274.8551504807674,0.0,0.0,227.8158847727393,1817.463135844092,0.0,0.0
194,7.46069872548104e-17,0.0099065719734219,-6.572520305780934e-17,-4.263256414560587e-17,0.615439817892808,0.3126974395215959,1.7978268109882691,0.458697092486428,555.6921380100348,56.40037725529199,1009.0384846881136,0.0,0.0,7.7179463612504815,21.37277453884749,0.0,1257.3206177401787,0.0,0.0,0.0,50.76033952976279,0.0,0.0,414.6911948718048,0.0,0.0,516.4635472348914,314.86467702569144,4985.114267817782,66.33574993760918,0.0,110.01449877183562,0.0,0.0,5316.37493935215,115.87763913151984,0.0,472.8641238616765,0.0,0.0,666.146820135806,2248.71603087638,0.0,0.0
195,7.46069872548104e-17,0.0148363826710963,-6.572520305780934e-17,-4.263256414560586e-17,0.6030142956409392,0.4444146251392804,1.629767078397383,0.6658900852770249,0.0,0.0,309.6832697881126,0.0,0.0,0.0,0.0,0.0,404.86880171911366,0.0,0.0,0.0,0.0,0.0,0.0,0.0,0.0,0.0,664.9533885968826,573.9322188404843,6424.611456125307,1005.8162874828348,0.0,200.97715904732289,0.6391431375740999,0.0,7044.778735744324,1598.9464991060888,0.0,774.6716410002086,28.526914903235493,0.0,1300.7555367860607,2889.3290237343463,0.0,0.0
196,7.46069872548104e-17,0.0193436381661129,-6.572520305780934e-17,-4.263256414560587e-17,0.5468272051096331,0.550077259659017,1.3780039967641096,0.887528249529749,0.0,0.0,127.44658195413716,0.0,0.0,0.0,0.0,0.0,168.5508643484832,0.0,0.0,0.0,0.0,0.0,0.0,0.0,0.0,0.0,1003.2347081610152,938.3497989611334,7939.97298633137,2345.7715971594994,0.0,459.89463783274186,82.50100433044719,0.0,8807.262909508492,3413.280482238431,0.0,1227.30665550908,327.42143608778866,0.0,1937.064474308704,3692.181345526224,63.053410481807056,0.0
197,7.46069872548104e-17,0.0238508936611296,-6.572520305780934e-17,-4.263256414560586e-17,0.4812146434676711,0.6417920991505265,1.1052119983202044,1.1631343277265516,0.0,0.0,17.030865112741175,0.0,0.0,0.0,0.0,0.0,104.55401063023145,0.0,0.0,0.0,0.0,0.0,0.0,0.0,0.0,0.0,851.6782835394637,64.4673300330575,7334.622280156408,2038.3783470568887,0.0,686.8574986110883,594.706285230992,0.0,8698.372125343321,3917.111390167426,0.0,2408.4648397554392,1276.25575462066,0.0,3771.0858734462113,6078.0448011142535,730.6652128990343,0.0
198,7.46069872548104e-17,0.0278564223904632,-6.572520305780934e-17,-4.263256414560587e-17,0.3980950658917324,0.7252279750471013,0.7948515315559795,1.4593983636021095,0.0,0.0,1.022417301804443,0.0,0.0,0.0,0.0,0.0,205.57812886800724,0.0,0.0,0.0,0.0,0.0,0.0,0.0,0.0,0.0,792.1119907206668,87.49608815625807,7182.425004420664,1903.877711282477,0.0,677.1264350427232,581.4628148474517,0.0,8502.16595504327,3772.560160464499,0.0,2499.31250717915,1360.3145906957418,0.0,3820.6557965077873,6244.77464620252,834.4910445174302,0.0
199,7.46069872548104e-17,0.028264248,-6.572520305780934e-17,-4.263256414560587e-17,0.3064245622349488,0.7737573219476449,0.5010212821299579,1.7644581586166106,0.0,0.0,0.0,0.0,0.0,0.0,0.0,0.0,167.81185680129312,0.0,0.0,0.0,0.0,0.0,0.0,0.0,0.0,0.0,722.364356310266,114.3915453183791,7004.3716861637895,1746.5383499389666,0.0,665.6917620020854,565.9197263030018,0.0,8272.695650888132,3603.475902424069,0.0,2605.6156872164324,1458.6710658836353,0.0,3878.5762297983024,6439.701288515215,955.9658884823745,0.0
200,7.46069872548104e-17,0.028264248,-6.572520305780934e-17,-4.263256414560587e-17,0.2098496179038563,0.7625702636477076,0.2800264099274445,2.042253958851175,0.0,0.0,0.0,0.0,0.0,0.0,0.0,0.0,122.01718428170444,0.0,0.0,0.0,0.0,0.0,0.0,0.0,0.0,0.0,721.1211760112709,189.11242941319432,6887.675846123464,1618.4533878691311,0.0,673.4314492040403,554.0478032986317,0.0,8094.772688996396,3419.3859935425708,0.0,2631.1070512258984,1505.858298527451,0.0,3771.505544869087,6422.800191019985,1018.7481358937702,0.0
201,7.46069872548104e-17,0.028264248,-6.572520305780934e-17,-4.263256414560586e-17,0.1370671437960631,0.7321313633138266,0.1192659525057416,2.3075301633511343,0.0,0.0,0.0,0.0,0.0,0.0,0.0,0.0,76.19557431170668,0.0,0.0,0.0,0.0,0.0,0.0,0.0,0.0,0.0,1176.740018122873,835.5874014206236,7046.419659316571,1550.2741053291206,0.0,813.5568727139088,547.7026170338755,0.0,8027.102871432318,2944.1257439718124,0.0,2204.233228194037,1284.4368438701472,0.0,2691.516992916348,5210.14949406943,774.8573883278793,0.0
202,7.46069872548104e-17,0.0272186947421416,-6.572520305780934e-17,-4.263256414560586e-17,0.111664489176845,0.6885510732450807,0.0676578105586425,2.49160700113033,0.0,0.0,0.0,0.0,0.0,0.0,0.0,0.0,24.924727331044227,0.0,0.0,0.0,0.0,0.0,0.0,0.0,0.0,0.0,2557.46463400402,3200.306786772393,7705.73353891183,1637.2993002093183,0.0,1248.818780501775,589.2216715200786,0.0,8039.180340887409,2003.366333063855,0.0,1164.6725976166422,632.481057860263,0.0,868.7673274912771,2716.2193365110006,92.84665351442464,0.0
203,7.46069872548104e-17,0.023052733833887,-6.572520305780934e-17,-4.263256414560588e-17,0.0896105514214617,0.6265660191664995,0.0402352853551642,2.5437896374707503,0.0,0.0,0.0,0.0,0.0,0.0,0.0,0.0,5.391660561950291,0.0,0.0,0.0,0.0,0.0,0.0,0.0,0.0,0.0,3165.331817482257,4059.972779014778,7824.747009124785,1631.601694665324,0.0,1600.391719742856,724.0104852353179,0.0,7923.291984904889,1681.082128034093,0.0,978.7861057318898,531.9217610325755,0.0,423.3295859328018,2142.7828499792304,0.0,0.0
204,7.46069872548104e-17,0.0186863300730897,-6.572520305780934e-17,-4.263256414560587e-17,0.0736222130431875,0.5277314495218615,0.0284359882724168,2.5001336031069745,0.0,0.0,0.0,0.0,0.0,0.0,0.0,0.0,0.0,0.0,0.0,0.0,0.0,0.0,0.0,0.0,0.0,0.0,3477.319102536285,4432.379239582465,7785.146079792308,1593.0002860899333,0.0,1787.845496525312,828.0493226804305,0.0,7762.924767001402,1505.3270657650316,0.0,968.6888187117078,536.7176918931127,0.0,316.4945579443854,1979.985190137514,0.0,0.0
205,7.46069872548104e-17,0.0137095687973422,-6.572520305780934e-17,-4.263256414560587e-17,0.0563781717807289,0.405802759835313,0.0165716860386722,2.404759452001422,0.0,0.0,0.0,0.0,0.0,0.0,0.0,0.0,0.0,0.0,0.0,0.0,0.0,0.0,0.0,0.0,0.0,0.0,3813.895860955314,4844.002686256346,7735.03272341002,1547.9669885632195,0.0,1931.822981395184,913.3308085387264,0.0,7560.354481145603,1283.315572314088,0.0,906.576414878132,490.5996810306075,0.0,215.7667270220169,1726.5711521527123,0.0,0.0
206,7.46069872548104e-17,0.0087328075215946,-6.572520305780934e-17,-4.263256414560587e-17,0.0426185058928883,0.3059128503556167,0.0103295390232474,2.2909955972794687,0.0,0.0,0.0,0.0,0.0,0.0,0.0,0.0,0.0,0.0,0.0,0.0,0.0,0.0,0.0,0.0,0.0,0.0,4077.1534274906926,5175.2438955174985,7751.775375249442,1556.4246838421443,0.0,2031.934245361132,940.8684907222636,0.0,7456.446602055101,1151.9123271481758,0.0,808.6273903797468,399.364371824274,0.0,133.0876728518243,1488.9835244080416,0.0,0.0
207,7.46069872548104e-17,0.0040847002923587,-6.572520305780934e-17,-4.263256414560587e-17,0.0567056911462452,0.3097063195573957,0.0093048044138502,2.204547667383552,0.0,0.0,0.0,0.0,0.0,0.0,0.0,0.0,0.0,0.0,0.0,0.0,0.0,0.0,0.0,0.0,0.0,0.0,4078.0399574560447,5284.719570723787,7866.526883495959,1661.6111930260336,0.0,2031.181708096762,925.0195013277086,0.0,7557.0866614471315,1176.6643011741355,0.0,774.0321082238756,359.4892903120306,0.0,141.56392516354896,1407.0377936063885,0.0,0.0
208,7.46069872548104e-17,0.0003478175477659,-6.572520305780934e-17,-4.263256414560587e-17,0.1337872775827495,0.4364879421943196,0.0219693404195455,2.2343369938816195,0.0,0.0,0.0,0.0,0.0,0.0,0.0,0.0,0.0,0.0,0.0,0.0,0.0,0.0,0.0,0.0,0.0,0.0,4026.521909923631,5255.905694412597,8377.657004597742,2092.9842688765525,0.0,1957.667729538757,856.9565229152649,0.0,8056.672392958663,1425.6698898674465,0.0,672.9053516500696,274.30953068238904,0.0,196.6571895045529,1319.2506652367333,0.0,0.0
209,7.46069872548104e-17,-3.1974423109204555e-17,-6.572520305780934e-17,-4.263256414560587e-17,0.2492615580015928,0.6110924809467121,0.0806837447242442,2.262511225200798,0.0,0.0,0.0,0.0,0.0,0.0,0.0,0.0,0.0,0.0,0.0,0.0,0.0,0.0,0.0,0.0,0.0,0.0,3624.870206387466,4700.005609544117,8356.156033849398,1979.382327913876,0.0,1603.7225150647785,761.4063248313904,0.0,7900.327545194336,1307.1946365911883,0.0,647.8066042830325,359.7523394442256,0.0,204.84303294551185,1468.3654864764642,0.0,0.0
210,7.46069872548104e-17,-3.1974423109204555e-17,-6.572520305780934e-17,-4.263256414560587e-17,0.3945248838538186,0.8259553931561472,0.162337851825607,2.303884601090784,0.0,0.0,722.274240159185,0.0,0.0,0.0,0.0,0.0,884.4382076538257,0.0,0.0,0.0,0.0,0.0,0.0,153.00407811732848,0.0,0.0,3209.131413018308,3932.852403464416,7689.481695446885,1370.893512546398,0.0,1307.5819720036045,606.6690885143147,0.0,7230.310356944694,813.0355309727361,0.0,493.7368340821332,286.9920781819871,0.0,118.06303466285313,1420.6770103323277,0.0,0.0
211,7.460698725481043e-17,-3.1974423109204555e-17,-6.572520305780934e-17,-4.263256414560587e-17,0.542376784524915,1.045516064890367,0.2887413189069685,2.326795452872091,9.297759433962264,0.0,2474.787807318468,0.0,0.0,0.0,0.0,0.0,3054.0183319039447,16.90501715265866,0.0,0.0,0.0,0.0,0.0,706.7118532018295,0.0,0.0,2879.7796633790736,3323.3476147084043,7527.569207404231,1290.3473038164664,0.0,1077.5649728416238,448.1823166809606,0.0,7124.25434712693,819.127801600915,0.0,397.7996247855917,194.8524174528302,0.0,100.37731203544882,1354.3298992281304,0.0,0.0
212,7.46069872548104e-17,-3.1974423109204555e-17,-6.572520305780934e-17,-4.263256414560588e-17,0.7026602006843843,1.2674772870387636,0.5039884024673229,2.326114635169432,246.61871176988973,0.0,3253.810562155109,301.1664448960976,0.0,0.0,0.0,0.0,4040.508225852266,540.5280093701946,0.0,0.0,0.0,0.0,252.49193647143667,1563.058813260894,11.866548422346726,0.0,2550.550120194728,2714.155379726007,7365.686338706967,1209.8505371028389,0.0,847.6952164044504,289.84961994320446,0.0,7018.333539446461,825.2210478767275,0.0,302.0071383139839,102.82518823524742,0.0,82.69212709951773,1288.024431707957,0.0,0.0
213,7.46069872548104e-17,-3.1974423109204555e-17,-6.572520305780934e-17,-4.263256414560587e-17,0.8535051912863002,1.405124222138758,0.819488391137768,2.316065346036345,614.5261329203435,263.1375957479478,3498.825719169198,498.3488346851554,0.0,10.6096214167971,10.6096214167971,0.0,4419.191641542916,792.9324103839774,0.0,98.9789644666769,105.09803142099076,0.0,558.732364552881,2146.770983161962,169.70332022525494,0.0,2200.7632804932723,2069.198439639142,7196.659184361796,1114.6238138953397,0.0,602.195998250226,119.67208645910348,0.0,6893.94712438869,811.79140731486,0.0,187.84273191277495,9.69306167685781,0.0,59.28622979389746,1199.3681332209517,0.0,0.0
214,7.46069872548104e-17,-3.1974423109204555e-17,-6.572520305780934e-17,-4.263256414560587e-17,0.9300443005750528,1.4165456476789535,1.141586158028382,2.230195927069164,1029.1211206664038,699.9820128543387,3688.2832685797857,532.8608921879347,0.0,110.49285416859874,110.49285416859874,0.0,4620.105471530805,867.8203552095893,0.0,167.27636788270118,314.570232642431,0.0,563.4859534715138,2365.799162849702,357.026245315543,0.0,1960.5520137772924,1652.9482759455575,7114.14644559529,937.4819349388642,0.0,419.6515206546312,8.952562324569527,0.0,6673.007290844916,573.7449894412664,0.0,15.449111976027057,0.0,0.0,4.991251561485666,928.9442530236744,0.0,0.0
215,7.46069872548104e-17,-3.1974423109204555e-17,-6.572520305780934e-17,-4.263256414560587e-17,0.9981204612326912,1.4319588597607995,1.4624288623925497,2.1571699758841216,1062.0,735.0,3705.0,535.0,0.0,120.0,120.0,0.0,4635.0,874.0,0.0,171.0,332.0,0.0,560.0,2378.0,372.0,0.0,1804.729657088892,1386.045469730686,7064.496776527035,809.6696615611736,0.0,299.6088500808701,0.0,0.0,6514.015592978952,392.8117732162435,0.0,0.0,0.0,0.0,0.0,729.2706748151927,0.0,0.0
216,7.46069872548104e-17,-3.1974423109204555e-17,-6.572520305780934e-17,-4.263256414560587e-17,1.0612146690513384,1.445624244349778,1.850259028350771,2.0502568970556023,1290.4771660243664,947.0482304526746,3851.813593161803,653.071853026984,0.0,267.29469815770005,259.0089590536856,0.0,4832.1249840712,1026.7739757201446,0.0,294.4041393952707,452.53975220899446,0.0,731.0471628416132,2622.2824539638245,465.0141674338972,0.0,618.1918524815275,417.2700939756628,4886.283832118938,254.72664889226667,0.0,65.84514557776464,0.0,0.0,4323.809942269336,77.13288481966715,0.0,0.0,0.0,0.0,0.0,196.4066628091037,0.0,0.0
217,7.46069872548104e-17,-3.1974423109204555e-17,-6.572520305780934e-17,-4.263256414560587e-17,1.1019676931117657,1.3697865654738304,2.298991548348264,1.8560832157008729,1704.8711081297315,1331.6144064830612,4118.022829459103,867.1879270163441,0.0,534.4176631909341,511.0686156087655,0.0,5189.582516952999,1303.8391868095632,0.0,518.1521134783749,671.1882131983282,0.0,1041.233744956112,3065.266472276277,633.652097583322,0.0,0.0,0.0,3251.5936292019264,0.0,0.0,0.0,0.0,0.0,2863.1956719488617,0.0,0.0,0.0,0.0,0.0,0.0,0.0,0.0,0.0
218,7.46069872548104e-17,-3.1974423109204555e-17,-6.572520305780934e-17,-4.263256414560587e-17,1.0752986143645809,1.1856322400531571,2.7283536016640118,1.5566380895377747,2150.340446216295,1745.0145873741922,4404.182431824825,1097.3149937212822,0.0,821.6038854906018,782.0370870115431,0.0,5573.8053717519,1601.647244021796,0.0,758.6983319139848,906.224718119384,0.0,1374.6536354802074,3541.486939429868,814.9563386278819,0.0,0.0,0.0,2688.5578944527106,0.0,0.0,0.0,0.0,0.0,2411.4822943760228,0.0,0.0,0.0,0.0,0.0,0.0,0.0,0.0,0.0
219,7.46069872548104e-17,-3.1974423109204555e-17,-6.572520305780934e-17,-4.263256414560587e-17,1.0096601790583768,0.9926426873629408,3.0784927206329846,1.2502601226179415,2185.6185124104527,1805.3006949334888,4535.558358868507,1226.7812952328493,0.0,952.2052601528824,899.3889336222702,0.0,5818.135608060833,1877.7584050586763,0.0,1002.7564767157538,1116.006070561795,0.0,1753.5985677408628,4098.829503009923,985.3283695768482,0.0,0.0,0.0,2545.083464658437,0.0,0.0,0.0,0.0,0.0,2257.56656856278,0.0,0.0,0.0,0.0,0.0,0.0,0.0,0.0,0.0
220,7.46069872548104e-17,-3.1974423109204555e-17,-6.572520305780934e-17,-4.263256414560587e-17,0.9171332865671288,0.7948217332014876,3.4170378929536764,0.9319640487355884,2545.984343770785,2621.6591858619786,4613.094488398623,1382.1485609303834,0.0,1041.559677478763,838.412286473198,0.0,5976.941247768966,1917.23300935982,0.0,857.3750400954714,818.4072664886049,0.0,1182.9308675144596,3371.5415971047078,891.0218461386272,0.0,0.0,0.0,2393.2049266389686,0.0,0.0,0.0,0.0,0.0,2088.724770950673,0.0,0.0,0.0,0.0,0.0,0.0,0.0,0.0,0.0
221,7.460698725481043e-17,-3.1974423109204555e-17,-6.572520305780934e-17,-4.263256414560587e-17,0.7983522113546506,0.5770151912691058,3.6953008980921855,0.6447040078480075,3032.857310376761,3007.07516666258,4852.61908332516,1483.1860156961595,0.0,1123.1814806736338,841.3614879238306,0.0,6040.377603861595,1860.265167872649,0.0,533.9756099098964,652.2362572501969,0.0,781.2998876883553,2674.606531414795,596.9445760933528,0.0,0.0,0.0,1896.6883432681575,0.0,0.0,0.0,0.0,0.0,1620.468735413335,0.0,0.0,0.0,0.0,0.0,0.0,0.0,0.0,0.0
222,7.460698725481043e-17,-3.1974423109204555e-17,-6.572520305780934e-17,-4.263256414560587e-17,0.6648111077167767,0.3656332896428596,3.862336949110458,0.4311613328521584,3257.0237909073658,3103.5892778817574,5039.178555763515,1581.5654679038882,0.0,1184.7291615017386,816.1130973948784,0.0,6111.684517793234,1898.8244014132151,0.0,383.6547743914012,564.3839358931398,0.0,614.7232280777749,2355.389907458111,449.64286940246666,0.0,0.0,0.0,886.1023182507316,0.0,0.0,0.0,0.0,0.0,756.9707465354537,0.0,0.0,0.0,0.0,0.0,0.0,0.0,0.0,0.0
223,7.46069872548104e-17,-3.1974423109204555e-17,-6.572520305780934e-17,-4.263256414560587e-17,0.5197238531435555,0.2173848180744894,3.861292548927428,0.2606803030375926,4393.575707054381,3606.2410427899376,5266.099444028125,1701.260911100101,0.0,1522.525183044753,921.9363627189352,0.0,6127.3263167818495,1783.3263918443515,0.0,131.97617439725713,286.97630084607977,0.0,159.89096579440232,1685.319036314624,148.29746282818783,0.0,0.0,0.0,162.3295705838133,0.0,0.0,0.0,0.0,0.0,132.08649762589758,0.0,0.0,0.0,0.0,0.0,0.0,0.0,0.0,0.0
224,7.460698725481043e-17,-3.1974423109204555e-17,-6.572520305780934e-17,-4.263256414560587e-17,0.4318004510282384,0.1892585352657818,3.7052953479568047,0.208179686870431,4561.237578421999,3678.626032214794,5302.9398135462,1716.831684222744,0.0,1575.7928175440318,940.3008257718352,0.0,6132.784453328514,1766.416607335381,0.0,100.47067199710902,251.313781331406,0.0,100.67326310902318,1599.1553602176853,108.61766799927726,0.0,0.0,0.0,198.54705319952183,0.0,0.0,0.0,0.0,0.0,158.6878988109412,0.0,0.0,0.0,0.0,0.0,0.0,0.0,0.0,0.0
225,7.46069872548104e-17,-3.1974423109204555e-17,-6.572520305780934e-17,-4.263256414560587e-17,0.3597238136259519,0.1623608648372104,3.502892492029699,0.1791494031229227,5106.832417894223,3904.357334712189,5484.9375020247535,1671.314627659228,0.0,1825.5729758871544,1086.7290269048765,0.0,6199.947246967175,1660.5797723375606,0.0,166.72589290295306,303.0145978204493,0.0,127.33742755013932,1681.0586557978163,123.3235778593368,0.0,0.0,0.0,1205.7814500395882,0.0,0.0,0.0,0.0,0.0,909.893839986072,0.0,0.0,0.0,0.0,0.0,0.0,0.0,0.0,0.0
226,7.46069872548104e-17,-3.1974423109204555e-17,-6.572520305780934e-17,-4.263256414560587e-17,0.3026796688106305,0.1335974580598019,3.3646782233989208,0.1533395742090461,5547.2050801759615,4296.320923178903,5422.912516777992,1482.8121323549697,0.0,1887.2261875223264,1214.244953091468,0.0,6022.989782033437,1317.559315908855,0.0,200.8545710107697,367.6584276611788,0.0,39.05112991039315,1617.164596692712,122.35158900800138,0.0,0.0,0.0,1601.4276776141078,0.0,0.0,0.0,0.0,0.0,1205.2985889501151,0.0,0.0,0.0,0.0,0.0,0.0,0.0,0.0,0.0
227,7.46069872548104e-17,-3.1974423109204555e-17,-6.572520305780934e-17,-4.263256414560587e-17,0.2433830196599307,0.1016381171960151,3.2497928539515226,0.1285048664536784,5804.848589351504,4573.244699649277,5375.10571812498,1350.5072977297712,0.0,1908.511762686827,1293.788563750041,0.0,5882.303563265359,1108.461671349439,0.0,204.1278191316572,417.4281455685255,0.0,0.0,1583.488237313173,127.02210100667774,0.0,0.0,0.0,1637.0729703850511,0.0,0.0,0.0,0.0,0.0,1236.1092187334257,0.0,0.0,0.0,0.0,0.0,0.0,0.0,0.0,0.0
228,0.0048595781465862,-3.1974423109204555e-17,0.0005010246972675,-4.263256414560587e-17,0.2237278927525926,0.0728376105525815,3.0769846371347165,0.0989055027776793,5943.453536583684,4767.500009787185,5351.257999254006,1260.91916395803,0.0,1907.420365544098,1346.4213402604432,0.0,5779.861665883128,1001.0661520854154,0.0,191.0830800515529,457.9872185062082,0.0,0.0,1583.5171691512978,141.19997058864277,0.0,0.0,0.0,1037.0228387718164,0.0,0.0,0.0,0.0,0.0,805.5945467541701,0.0,0.0,0.0,0.0,0.0,0.0,0.0,0.0,0.0
229,0.0412151942990033,-3.1974423109204555e-17,0.0043845250365447,-4.263256414560587e-17,0.2892103498026969,0.0644593109941027,2.937820534972399,0.1003449338732111,5785.355586010523,4677.890857165149,5429.693312288684,1304.7675067145583,0.0,1759.2272748133246,1335.9687983346664,0.0,5867.399601477977,1062.6402110781946,0.0,211.77308799690215,478.2115014547722,0.0,0.0,1651.725396547916,197.5596478418885,0.0,2.529911405079988,0.0,1452.327577777878,0.0,0.0,2.585210015027091,0.0,0.0,1351.9847539337436,0.0,0.0,4.714206497990578,0.0,0.0,1.7972048232808655,26.3774369447684,0.0,0.0
230,0.0852400100332225,-3.1974423109204555e-17,0.0090894671760796,-4.263256414560587e-17,0.3760582781345182,0.0717199375610872,2.8205089028315595,0.1489426662608905,5307.366003283249,4198.1819968497175,5470.726651341427,1340.0377361433584,0.0,1463.157053104767,1180.8881866951692,0.0,5904.848963117143,1092.6923265554522,0.0,198.246256482116,455.0057252298786,0.0,0.0,1649.846913643384,213.09289243011588,0.0,23.180330677413085,0.0,1961.1530763841297,0.0,0.0,23.68700457200135,0.0,0.0,1942.7729050107907,0.0,0.0,43.19394951364952,0.0,0.0,16.466901574118584,241.68344771860205,0.0,0.0
231,0.1279699782458471,-3.1974423109204555e-17,0.0136560286644517,-4.263256414560587e-17,0.5062495681455998,0.1044044946777423,2.69933798325725,0.2487097286260284,3784.621488505483,2486.0287686621696,4886.301263242318,877.4911039625174,0.0,814.452822723117,662.8610965534356,0.0,5220.221305045369,608.2775307328476,0.0,88.35625066983533,202.7912184977278,0.0,0.0,1341.4954257855277,94.97323860546176,0.0,184.20485365459936,30.282608695652176,2917.7194243240606,0.0,0.0,140.3870457515875,0.0,0.0,3035.3780508136524,9.891304347826088,0.0,247.22752844215316,0.0,0.0,148.0299388042889,1235.036065045958,0.0,0.0
232,0.1724264098205982,1.395945165235481e-05,0.0184070976877076,-4.263256414560587e-17,0.6822363066431185,0.1443246897219806,2.4661689104241957,0.4280747785116271,2176.6393157296397,678.641793553014,4203.309707685737,361.9208317587087,0.0,134.21795978591453,100.5170111202649,0.0,4428.16024268099,85.56040724680093,0.0,0.0,0.0,0.0,0.0,952.445596769981,0.0,0.0,687.9824561403509,227.49122807017545,4376.456140350877,2.824561403508772,0.0,368.9473684210527,5.771929824561403,0.0,4609.631578947368,122.35087719298244,0.0,622.421052631579,21.0,0.0,624.1052631578947,2416.3508771929824,0.0,0.0
233,0.2168828413953493,0.0023598843189368,0.0231581667109634,-4.263256414560587e-17,0.8636696357688866,0.2123742608268104,2.206596877142274,0.6969882612714132,1370.2554002578513,95.9213125315646,3514.5194405543507,58.13412880700885,0.0,0.0,0.0,0.0,3580.1950217543363,0.0,0.0,0.0,0.0,0.0,0.0,251.22248520171684,0.0,0.0,647.0449886140088,311.59663051200414,3465.9543666056093,16.608105016950404,0.0,318.1326311964578,33.98030174983882,0.0,3583.79575498348,384.621521091601,0.0,581.2617148125229,123.61530314132516,0.0,673.8381376181391,2006.9706978809756,6.558949451048441,0.0
234,0.2535555755027248,0.0065508411827242,0.0270953433448504,-4.263256414560587e-17,0.9947453077291704,0.3573320856063799,2.063834862496735,1.0299057225320922,862.4010894884509,0.0,3001.2274382857017,0.0,0.0,0.0,0.0,0.0,2921.4175403997565,0.0,0.0,0.0,0.0,0.0,0.0,0.0,0.0,0.0,386.336933745487,186.057345420636,2069.311660767106,9.911343169559354,0.0,189.9418826884597,20.285867572534688,0.0,2139.6174254208536,229.62407413328117,0.0,347.0547423006655,73.8271206881552,0.0,402.311901583366,1198.2034489810344,289.55531438405325,0.0
235,0.2598327360000005,0.0110037328504983,0.0277683839999999,-4.263256414560586e-17,1.065722934737543,0.5505955909304892,2.055012371767687,1.4625055806509062,15.462919243836572,0.0,1723.2774762609984,0.0,0.0,0.0,0.0,0.0,1548.5304483549671,0.0,0.0,0.0,0.0,0.0,0.0,0.0,0.0,0.0,260.14092880529336,125.32332455302048,1393.6621586962028,6.655336565422297,0.0,127.88454945089384,13.677250484779703,0.0,1441.004951126073,154.6915926793868,0.0,233.6893220487139,49.711996058589946,0.0,270.9046800714608,806.9743931724596,195.01247118989895,0.0
236,0.2598327360000005,0.0152820013156146,0.0277683839999999,-4.263256414560587e-17,1.1173014753410389,0.735102837245703,2.004347288228214,1.9539381966344052,0.0,0.0,1643.1220924921888,0.0,0.0,0.0,0.0,0.0,1480.080359768313,0.0,0.0,0.0,0.0,0.0,0.0,0.0,0.0,0.0,238.3723004799808,150.05830692592286,1144.0059429025036,68.81942551510026,0.0,127.64963584247816,67.47761544848879,0.0,1211.4530729437745,209.7863897682981,0.0,268.2689486438369,128.89267104638,0.0,305.9581828288452,760.1119875640637,161.66684106075553,0.0
237,0.2598327360000005,0.0195602697807308,0.0277683839999999,-4.263256414560586e-17,1.1372180996787644,0.9521993198870432,1.9022993121551148,2.4508768836033705,0.0,0.0,847.9445651754272,0.0,0.0,0.0,0.0,0.0,836.8772395220168,0.0,0.0,0.0,0.0,0.0,0.0,0.0,0.0,0.0,1419.1807233284724,1101.245353646841,5898.428836977678,1047.291326379525,0.0,924.1029797734816,1111.4942587035273,0.0,6653.682722291822,2199.303221803046,0.0,2631.3925039392047,1955.78470620904,0.0,3086.7975890551565,5769.725848536988,1037.5218696395325,0.0
238,0.2536952028852259,0.024139093435968,0.0271309222784429,-4.263256414560587e-17,1.082478867160033,1.2293121298920586,1.8462944164783976,2.9954151921426653,0.0,0.0,816.9274589608501,0.0,0.0,0.0,0.0,0.0,797.5530011784673,0.0,0.0,0.0,0.0,0.0,0.0,0.0,0.0,0.0,1291.4104657938717,884.641592076938,5992.443586140187,976.4922440830048,0.0,899.5940918617418,1137.154622665849,0.0,6858.400698747789,2333.9490005118687,0.0,2959.409538849252,2129.2962248963254,0.0,3573.475806179559,6499.902524694406,1239.7535227256735,0.0
239,0.217754310019934,0.0262807919999999,0.0232916051960132,-4.263256414560588e-17,0.9657953433757231,1.4454739792239848,1.8012778727441785,3.497869805943904,0.0,0.0,732.1766539278296,0.0,0.0,0.0,0.0,0.0,696.3927099835931,0.0,0.0,0.0,0.0,0.0,0.0,0.0,0.0,0.0,1053.993268953733,684.8161678406881,5541.7296646586165,721.0180188657359,0.0,745.5305479318705,997.4537735737772,0.0,6565.34092026664,2255.950779245181,0.0,3020.115735000023,1966.0197692253644,0.0,3824.778009026188,6888.981900828373,1231.7856429145186,0.0
240,0.1767508051694354,0.0262807919999999,0.0189095512425249,-4.263256414560586e-17,0.8345575342409884,1.562456027320731,1.733631704788389,3.921557931664704,0.0,0.0,655.968522472396,0.0,0.0,0.0,0.0,0.0,605.4368147149912,0.0,0.0,0.0,0.0,0.0,0.0,0.0,0.0,0.0,570.2641644681729,265.5943753747302,4016.999966220461,589.1093904731214,0.0,426.4291398315268,625.5398675452784,0.0,4898.014430867521,1847.183135007533,2.8201501593131395,2270.7705461697224,1367.1079463691567,0.0,3191.4943324029223,5412.054529325558,948.6136679389232,0.0
241,0.1327259894352158,0.0262807919999999,0.01420460910299,-4.263256414560587e-17,0.6696692576922223,1.6255502771728958,1.583207082880255,4.243895666852889,0.0,0.0,633.5143430742205,0.0,0.0,0.0,0.0,0.0,576.2846700876594,0.0,0.0,0.0,0.0,0.0,0.0,0.0,0.0,0.0,336.24164462893845,128.26285920227355,2635.2866564860205,416.3150352219548,0.0,263.653136051346,390.87532284683874,0.0,3233.6024859284307,1262.293898558304,27.39549321311152,1486.200697267769,879.4662772696922,0.0,2144.742889812576,3578.256213088626,624.5754942248476,0.0
242,0.0887011737009966,0.0262799366250957,0.0094996669634551,-4.263256414560586e-17,0.4780907351162781,1.6746983064050662,1.489069580945556,4.367419360093278,0.0,0.0,580.8479802129183,0.0,0.0,0.0,0.0,0.0,489.44668001593953,0.0,0.0,0.0,0.0,0.0,0.0,0.0,0.0,0.0,418.0342999478893,146.098825215476,3308.458450014991,680.6392992477686,0.0,349.30161195388155,481.3114710177173,0.0,4054.428090570621,1708.5606488005312,37.33508641835643,1750.9388452060784,1013.1887845063708,0.0,2467.987849921801,4141.403660863624,696.4679880406021,0.0
243,0.0442447421262458,0.0240510352378346,0.0047485979401992,-4.263256414560587e-17,0.2893863079241739,1.6615085375071377,1.4892352540816796,4.348787732705099,0.0,0.0,541.7737969265904,0.0,0.0,0.0,0.0,0.0,452.7079203160054,0.0,0.0,0.0,0.0,0.0,0.0,0.0,0.0,0.0,630.0581336138061,162.71873197509066,5259.159159770006,1246.643998346453,0.0,554.8469650016877,742.7074375993516,0.0,6479.621041084296,2877.6337954912187,37.77989299925219,2648.887961536476,1523.2944943388543,0.0,3735.977580867298,6273.881330381732,1038.4043590784893,0.0
244,0.0061956186120026,0.0197736066179401,0.0006640378511344,-4.263256414560587e-17,0.1533975455748914,1.517566167373438,1.4600473454063678,4.177839198246416,0.0,0.0,497.561830900851,0.0,0.0,0.0,0.0,0.0,406.3849107036881,0.0,0.0,0.0,0.0,0.0,0.0,0.0,0.0,0.0,431.4309587805864,0.0,6486.760875943641,1896.742232260816,0.0,528.0776106801993,645.2807447926613,0.0,8264.47579778033,4103.242342319799,109.00800551794676,2764.257767739184,1479.3332053448248,0.0,4486.696278153861,7135.029483498687,1049.3117273640848,0.0
245,1.3855583347321956e-16,0.0153643707508305,-6.750155989720953e-17,-4.263256414560588e-17,0.0831389335304522,1.3261202369479526,1.3292151769545884,3.816814311931345,0.0,0.0,457.95698296645264,0.0,0.0,0.0,0.0,0.0,365.1273300024795,0.0,0.0,0.0,0.0,0.0,0.0,0.0,0.0,0.0,144.86076834035862,0.0,6581.400296242434,2088.903253399408,0.0,394.5892311386156,383.4549750185964,0.0,8561.181539398616,4489.576839231846,154.9144248924153,2452.317047222497,1143.8316452667802,0.0,4598.69884947507,6881.484494471488,843.742127278471,0.0
246,1.3855583347321956e-16,0.0109551348837209,-6.750155989720954e-17,-4.263256414560587e-17,0.0299283384217137,1.135895910155654,1.1458756682485256,3.3376878184898606,0.0,0.0,440.4400210005447,0.0,0.0,0.0,0.0,0.0,352.68106755301864,0.0,0.0,0.0,0.0,0.0,0.0,0.0,0.0,0.0,109.59635806688604,0.0,5829.254217514177,1850.188549345581,0.0,349.4830540764026,290.1080066476395,0.0,7582.79006770016,3976.491194069902,137.21307385318198,2172.068704402135,1013.122840913275,0.0,4073.1438932295,6095.042048104718,747.3066419293144,0.0
247,1.3855583347321956e-16,0.0067641780199335,-6.750155989720954e-17,-4.263256414560587e-17,0.0029371595790888,0.923538984169232,0.949407189349238,2.8667259289093505,0.0,0.0,341.0896120445711,0.0,0.0,0.0,0.0,0.0,271.44897959183675,0.0,0.0,0.0,0.0,0.0,0.0,0.0,0.0,0.0,0.0,0.0,2915.939386726101,925.5311248408606,0.0,174.85497775605444,0.0,0.0,3793.133066522752,1989.1591128256268,68.59905535480297,1086.548581855421,506.79753944414216,0.0,2037.5223799653425,3048.9293648160333,373.8075613542096,0.0
248,1.3855583347321956e-16,0.0023549421528239,-6.750155989720954e-17,-4.263256414560586e-17,0.0051529685060043,0.656451102410939,0.7098886219933499,2.3593674190503475,0.0,0.0,327.449277948157,0.0,0.0,0.0,0.0,0.0,271.0,0.0,0.0,0.0,0.0,0.0,0.0,0.0,0.0,0.0,0.0,0.0,2046.567383177182,659.3875958003572,0.0,111.47186673021096,0.0,0.0,2623.196123297881,1383.260548569,33.18617801594272,687.7309499204702,304.2652071474779,0.0,1312.3250548581268,1955.6962611622607,219.23358760967307,0.0
249,1.3855583347321956e-16,2.5195356653969686e-06,-6.750155989720954e-17,-4.263256414560587e-17,0.0174280642712513,0.4187168677310941,0.4624088301926838,1.8470956288200169,0.0,0.0,312.19420381369366,0.0,0.0,0.0,0.0,0.0,271.0,0.0,0.0,0.0,0.0,0.0,0.0,0.0,0.0,0.0,0.0,0.0,3782.6414195257553,1264.7073700685164,0.0,153.62775808483607,0.0,0.0,4666.310095806889,2496.8219735229445,0.2502086359324783,922.289560808165,322.4757581743848,0.0,1876.565608482431,2755.578899795444,204.15443879817363,0.0
250,1.3855583347321956e-16,-3.1974423109204555e-17,-6.750155989720954e-17,-4.263256414560588e-17,0.0340141517815022,0.3218406575430751,0.2408284982183341,1.4711946590645175,0.0,0.0,378.7962968239991,0.0,0.0,0.0,0.0,0.0,342.3953350746088,0.0,0.0,0.0,0.0,0.0,0.0,0.0,0.0,0.0,0.0,0.0,5448.13767945656,1845.2892819036124,0.0,194.18789853668287,0.0,0.0,6626.626313087054,3565.164453382546,0.0,1147.7113987689097,340.170152596739,0.0,2418.474225947024,3524.006624402832,189.8387474437028,0.0
251,1.3855583347321956e-16,-3.1974423109204555e-17,-6.750155989720954e-17,-4.263256414560587e-17,0.0740147034019921,0.3337238103678664,0.1053565131218283,1.208644238457267,0.0,0.0,443.0426438907173,0.0,0.0,0.0,0.0,0.0,409.4626682157677,0.0,0.0,0.0,0.0,0.0,0.0,0.0,0.0,0.0,0.0,0.0,6905.595852816834,2353.405753736683,0.0,229.6554635468919,0.0,0.0,8342.090243987359,4500.079929165217,0.0,1345.0015944772929,355.739169210518,0.0,2892.672357503312,4196.4287888500085,177.36568384359714,0.0
252,1.3855583347321956e-16,-3.1974423109204555e-17,-6.750155989720954e-17,-4.263256414560587e-17,0.1301616806519589,0.3791368895489721,0.0520744017384644,1.060292087239339,0.0,0.0,618.6448595129017,0.0,0.0,0.0,0.0,0.0,713.5485589107973,0.0,0.0,0.0,0.0,0.0,0.0,0.0,0.0,0.0,69.0010924172068,0.0,8610.973174581659,2948.0075665737622,0.0,320.1243324242548,31.14931273260001,0.0,10243.66585847642,5458.969429972616,0.0,1502.7770848618602,425.3388252762456,0.0,3198.035417504631,4672.181439306826,158.00167917153115,0.0
253,1.3855583347321956e-16,-3.1974423109204555e-17,-6.750155989720954e-17,-4.263256414560587e-17,0.2273289331694339,0.4650582188501096,0.0808317432182845,0.9866977147422372,0.0,0.0,1698.1478282247792,0.0,0.0,0.0,0.0,0.0,1821.6676808585896,0.0,0.0,0.0,0.0,0.0,0.0,0.0,0.0,0.0,184.2760188587031,0.0,9225.114314689548,3154.519640857668,0.0,400.9150859627951,74.58341593350686,0.0,10808.82005933408,5625.957457628324,0.0,1440.384187206755,500.5115498728399,0.0,2987.43983837734,4453.381020293211,147.0,0.0
254,1.3855583347321956e-16,-3.1974423109204555e-17,-6.750155989720954e-17,-4.263256414560587e-17,0.3295958270881447,0.6256703960412824,0.2103826837033925,1.0384976807730313,0.0,0.0,2349.652472220674,0.156258575014884,0.0,0.0,0.0,0.0,2572.089520796781,0.3536174203810776,0.0,0.0,0.0,0.0,0.0,0.0488550383421225,0.0,0.0,211.07647228384224,0.0,9277.156532683104,3164.1208503037824,0.0,403.9335980250505,77.451208952494,0.0,10849.100322762715,5604.80355833098,0.0,1393.2808355151635,502.3289957932053,0.0,2913.141979852523,4374.629469697867,146.94300245526753,0.0
255,1.3855583347321954e-16,-3.1974423109204555e-17,-6.750155989720954e-17,-4.263256414560587e-17,0.4356073390309023,0.800951917975303,0.3666882264710012,1.181095269395854,0.0,0.0,3770.78664628328,363.4698143703157,0.0,0.0,0.0,0.0,4341.9781726863175,727.1751092409384,0.0,0.0,0.0,0.0,15.89520086407297,144.03616681822976,0.0,0.0,80.42653177433948,0.0,8224.537805762506,2268.1213368905296,0.0,134.48370886856765,26.69897161361269,0.0,9437.73381246806,3985.528663435913,0.0,440.69784009136026,166.45655141820262,0.0,931.1678371414308,3195.3819396775107,48.453689224704526,0.0
256,1.3855583347321954e-16,-3.1974423109204555e-17,-6.750155989720954e-17,-4.263256414560587e-17,0.5730169167181083,0.9645218107074532,0.5563862169199453,1.353383811431584,86.68936317603371,0.0,5302.477644861928,1695.6886946065374,0.0,72.4780964937426,42.65231460048872,0.0,6317.062301174935,2466.6913148236586,0.0,47.59289874795862,86.76493682835482,0.0,740.336125686449,1311.6168023839243,52.15160773260901,0.0,0.0,0.0,6410.517541168322,1004.1437021679034,0.0,0.0,0.0,0.0,7113.315728322075,1766.2222428051873,0.0,0.0,0.0,0.0,0.0,1631.629687692843,0.0,0.0
257,1.3855583347321956e-16,-3.1974423109204555e-17,-6.750155989720954e-17,-4.263256414560587e-17,0.7071486027308955,1.075955277827242,0.7809385944689062,1.497473919978172,1251.3781765159174,0.0,6143.465304420674,2643.226194352734,0.0,710.7226135214812,576.1741160418243,0.0,7375.9751438327585,3395.943337952195,0.0,356.0374877517692,776.2985197491676,0.0,1324.6123211899696,2302.2823772172305,447.078104793954,0.0,0.0,0.0,2999.2471410190246,0.0,0.0,0.0,0.0,0.0,3086.3157519671404,0.0,0.0,0.0,0.0,0.0,0.0,0.0,0.0,0.0
258,1.3855583347321954e-16,-3.1974423109204555e-17,-6.750155989720954e-17,-4.263256414560587e-17,0.8300540185454756,1.164538733172192,1.0745263313109692,1.6366561067829275,3012.324423015411,537.8388865993178,5978.02803844249,2323.428879010784,0.0,1241.575329305378,1125.600923094236,0.0,6902.6660301828,2529.094092703805,0.0,210.87749606759823,962.4707172305348,0.0,487.461082428108,1796.160968929591,436.357731864696,0.0,0.0,0.0,2625.816885801432,0.0,0.0,0.0,0.0,0.0,2694.223233628004,0.0,0.0,0.0,0.0,0.0,0.0,0.0,0.0,0.0
259,1.3855583347321954e-16,-3.1974423109204555e-17,-6.750155989720954e-17,-4.263256414560587e-17,0.9162429244723854,1.245225127705633,1.462845766119469,1.7467880513485905,4039.779688371138,1335.4391417689978,5857.3252908365785,2054.029706575028,0.0,1415.677800564339,1355.4777200687292,0.0,6610.205860819397,2050.802809666284,0.0,102.42388600343646,930.5313528949982,0.0,151.48350039251574,1514.773103091256,326.7223604268803,0.0,0.0,0.0,2448.142088716918,0.0,0.0,0.0,0.0,0.0,2386.2963693555125,0.0,0.0,0.0,0.0,0.0,0.0,0.0,0.0,0.0
260,1.3855583347321956e-16,-3.1974423109204555e-17,-6.750155989720954e-17,-4.263256414560587e-17,0.978956958238028,1.243504908330663,1.8640813046206688,1.7356449861645542,4137.637993103223,1502.2406925331104,5448.249538316908,1686.2501409991407,0.0,1532.840227614293,1525.891780724624,0.0,6353.125562821989,1863.838830200184,0.0,468.21262734324455,1230.877853898368,0.0,725.8550476244966,2418.5232013310465,628.090936786494,0.0,0.0,0.0,2237.8736913641205,0.0,0.0,0.0,0.0,0.0,2049.395132855712,0.0,0.0,0.0,0.0,0.0,0.0,0.0,0.0,0.0
261,1.3855583347321956e-16,-3.1974423109204555e-17,-6.750155989720954e-17,-4.263256414560587e-17,1.0125778071025633,1.1693197620521687,2.3129987601413657,1.6811634149586534,953.1052435954388,177.07410488318496,4001.7012885993327,836.8967665064673,0.0,893.2993886472048,1640.4313121087032,0.0,5780.494698739316,2036.4307639486967,0.0,2155.0808069977866,2574.282205573215,0.0,3923.508762141827,6922.276666421739,2263.736989495526,0.0,0.0,0.0,1960.57874990198,0.0,0.0,0.0,0.0,0.0,1716.7777468982065,0.0,0.0,0.0,0.0,0.0,0.0,0.0,0.0,0.0
262,1.3855583347321956e-16,-3.1974423109204555e-17,0.0022192796930231,-4.263256414560587e-17,1.0066332435189336,1.0777391856334906,2.84508941748996,1.6119140830684422,622.507194049186,19.755742294339704,3474.2226067378083,495.8627777755999,0.0,777.04325576726,1635.0359075075687,0.0,5342.489086084896,1725.2438177259944,0.0,2470.166923684176,2769.588116377933,0.0,4392.872703689311,8099.4953836048335,2836.1776833887734,0.0,0.0,0.0,1732.5160553900037,0.0,0.0,0.0,0.0,0.0,1442.408664426849,0.0,0.0,0.0,0.0,0.0,0.0,0.0,0.0,0.0
263,1.3855583347321954e-16,-3.1974423109204555e-17,0.0069676305249168,-4.263256414560587e-17,0.9205060245282988,0.9779529086481556,3.3802783588252923,1.5415303347147291,294.32484059938366,0.0,2876.5524274038767,169.4397628726851,0.0,605.9183619268534,1566.0874780321833,0.0,4814.244667831906,1314.067697424454,0.0,2778.264784047743,2926.516543194689,0.0,4898.622336313267,9493.079600535595,3502.271803285155,0.0,0.0,0.0,1619.2194355073675,0.0,0.0,0.0,0.0,0.0,1281.422889446734,0.0,0.0,0.0,0.0,0.0,0.0,0.0,0.0,0.0
264,1.3855583347321956e-16,-3.1974423109204555e-17,0.011488065129568,-4.263256414560588e-17,0.8259332083215923,0.8563274933076428,3.8040987622245783,1.4249288481169484,0.0,0.0,2182.655866408001,0.0,0.0,262.991048451724,1249.8107133211192,0.0,4224.187017459943,780.3299233090224,0.0,3049.42747693983,2925.3441282539634,0.0,5583.619287229896,11345.120358011938,4388.704061720687,0.0,0.0,0.0,1498.758572883615,0.0,0.0,0.0,0.0,0.0,1108.1849089124185,0.0,0.0,0.0,0.0,0.0,0.0,0.0,0.0,0.0
265,1.3855583347321956e-16,-3.1974423109204555e-17,0.0159162459667773,-4.263256414560587e-17,0.7316891466015227,0.7582297899433282,4.12003128877076,1.3457239723079968,0.0,0.0,1948.7355978494013,0.0,0.0,200.86747785063565,1154.7434054176938,0.0,4087.245079957435,613.4990255434026,0.0,3196.2603779636806,2909.724833725671,0.0,5916.208611004582,11890.02880363376,4738.210569659522,0.0,0.0,0.0,1434.5876188809366,0.0,0.0,0.0,0.0,0.0,1029.2253588442866,0.0,0.0,0.0,0.0,0.0,0.0,0.0,0.0,0.0
266,1.3855583347321956e-16,-3.1974423109204555e-17,0.0206673149900331,-4.263256414560586e-17,0.6057376034122136,0.7107972519054451,4.348821196996419,1.30627992399438,0.0,0.0,1593.9961839719192,0.0,0.0,215.80817568920403,1008.7061140587236,0.0,3367.0075932141817,496.17060823480034,0.0,2687.70307134224,2431.8508087837504,0.0,4929.142388257022,9756.069519031127,3913.879322504057,0.0,0.0,0.0,1365.293969568482,0.0,0.0,0.0,0.0,0.0,944.5855434823462,0.0,0.0,0.0,0.0,0.0,0.0,0.0,0.0,0.0
267,1.3855583347321956e-16,-3.1974423109204555e-17,0.0254174634137189,-4.263256414560587e-17,0.4611666991096325,0.7030265697033421,4.42124237515497,1.2655728105858932,0.0,0.0,1047.8853170816858,0.0,0.0,141.8469896018757,663.0952872971674,0.0,2213.4664964371373,326.208452027944,0.0,1766.8678212898767,1598.7071104158815,0.0,3240.394107177189,6413.557200680843,2572.940925231387,0.0,0.0,0.0,1293.926314378162,0.0,0.0,0.0,0.0,0.0,861.0421036754325,0.0,0.0,0.0,0.0,0.0,0.0,0.0,0.0,0.0
268,1.3855583347321956e-16,-3.1974423109204555e-17,0.0277675127848198,-4.263256414560586e-17,0.3249121931530784,0.694804006357015,4.293157041496799,1.1907864282604177,0.0,0.0,1146.6405318622217,0.0,0.0,146.7050494650518,643.3140264356166,0.0,2410.536669788503,483.70789138332776,0.0,1803.4074544203768,1610.863511977134,0.0,3576.6953168464743,6783.008895890532,2624.9396521680965,0.0,0.0,0.0,1246.9490357159063,0.0,0.0,0.0,0.0,0.0,808.1875210090121,0.0,0.0,0.0,0.0,0.0,0.0,0.0,0.0,0.0
269,1.3855583347321956e-16,-3.1974423109204555e-17,0.0277683839999999,-4.263256414560587e-17,0.2366454176715288,0.6719377821311582,4.07202522994857,1.0942570321698697,0.0,0.0,2157.514140672188,0.0,0.0,359.8496946579778,1260.2710201915463,0.0,4359.872292893845,1012.8649114982832,0.0,3144.101474241613,3009.2554365026003,0.0,6226.455457338501,11794.09449099782,4556.175591937868,0.0,0.0,0.0,1208.6526205908135,0.0,0.0,0.0,0.0,0.0,752.9578617724413,0.0,0.0,0.0,0.0,0.0,0.0,0.0,0.0,0.0
270,1.3855583347321954e-16,-3.1974423109204555e-17,0.0277683839999999,-4.263256414560587e-17,0.1583813953836889,0.6829642760418746,3.847636037934176,1.040678461335924,0.0,0.0,2443.425496773256,0.0,0.0,487.719383499011,1492.984256820512,0.0,4537.816383653814,1133.428128162447,0.0,2956.6405267668824,3207.487790597674,0.0,5605.855533034359,10699.94018601533,4238.30081957176,0.0,0.0,0.0,1202.2753453332668,0.0,0.0,0.0,0.0,0.0,745.9850765318984,0.0,0.0,0.0,0.0,0.0,0.0,0.0,0.0,0.0
271,1.3855583347321956e-16,-3.1974423109204555e-17,0.0277655094748118,-4.263256414560587e-17,0.0807300649239938,0.6795292653834173,3.6181080362221114,0.9554857847067604,0.0,0.0,2733.4988514134893,0.0,0.0,607.2743511585312,1713.0261426919913,0.0,4725.209215279153,1257.314633541593,0.0,2758.591983317136,3383.409480189532,0.0,4991.044631289836,9582.87366542752,3905.30213386378,0.0,0.0,0.0,1154.2394562246689,0.0,0.0,0.0,0.0,0.0,735.6632960160655,0.0,0.0,0.0,0.0,0.0,0.0,0.0,0.0,0.0
272,1.3855583347321956e-16,-3.1974423109204555e-17,0.0255518224983388,-4.263256414560587e-17,0.035396885991332,0.6450272220797363,3.3518096832662065,0.8558881235984422,34.89725537380898,0.0,3022.0457906289307,18.43825134675877,0.0,726.1119396990116,1931.894070561382,0.0,4911.572434816848,1380.4672157752907,0.0,2561.5860249215293,3558.2970131990746,0.0,4379.5651232652845,8471.970321096891,3574.0751832490387,0.0,0.0,0.0,1069.2608623733788,0.0,0.0,0.0,0.0,0.0,752.4528982510647,0.0,0.0,0.0,0.0,0.0,0.0,0.0,0.0,0.0
273,1.3855583347321954e-16,-3.1974423109204555e-17,0.0209852610099667,-4.263256414560587e-17,0.0227891516411948,0.6120211599618912,3.056716250926086,0.7471783065896092,281.70503296343327,0.0,3258.184158101882,165.20031451276958,0.0,823.4311359939144,2111.012699503828,0.0,5064.111137930672,1481.3199916472497,0.0,2400.345005048109,3701.5142636433807,0.0,3879.050550223269,7562.6435864225,3303.001676581234,0.0,0.0,0.0,1008.5124664205616,0.0,0.0,0.0,0.0,0.0,744.9582068408862,0.0,0.0,0.0,0.0,0.0,0.0,0.0,0.0,0.0
274,1.3855583347321956e-16,-3.1974423109204555e-17,0.016141938219269,-4.263256414560586e-17,0.0147025323388691,0.5922631518315888,2.7680127526207405,0.6414621303611051,909.618192857077,0.0,3528.4232491789585,676.6384759728037,0.0,930.9244884170936,2292.474445451363,0.0,5225.169472655419,1571.199670257089,0.0,2149.057703089915,3813.427127042691,0.0,3218.8686999244364,6367.851687976721,2924.34223488058,0.0,0.0,0.0,655.5218388970856,0.0,0.0,0.0,0.0,0.0,494.2642425729104,0.0,0.0,0.0,0.0,0.0,0.0,0.0,0.0,0.0
275,1.3855583347321956e-16,-3.1974423109204555e-17,0.0113908691960132,-4.263256414560587e-17,0.0067699438803973,0.5369449644213423,2.5420682120531435,0.5182764003048687,1047.5395709723527,0.0,3444.119908685669,623.9502040181899,0.0,851.2652704242392,2000.3582453752329,0.0,5041.559701715768,1287.854807784615,0.0,1575.7635711675505,3255.495083643545,0.0,2542.180278092288,5195.336457655008,2356.1691569316317,0.0,0.0,0.0,744.2542526071634,0.0,0.0,0.0,0.0,0.0,659.9821654128943,0.0,0.0,0.0,0.0,0.0,0.0,0.0,0.0,0.0
276,1.3855583347321956e-16,-3.1974423109204555e-17,0.0067781808239201,-4.263256414560587e-17,0.0005438904237562,0.4506036427375426,2.328498437443068,0.3796303214653235,832.7008885128702,0.0,3225.526495205133,371.0583530175777,0.0,555.393993064696,1337.8135043277482,0.0,4695.832269517794,829.0843486479943,0.0,902.7718409236344,2186.855604157511,0.0,1753.2911689305215,3893.132929749001,1572.643055452522,0.0,0.0,0.0,1069.6138859954003,0.0,0.0,0.0,0.0,0.0,1047.307903172181,0.0,0.0,0.0,0.0,0.0,0.0,0.0,0.0,0.0
277,1.3855583347321956e-16,-3.1974423109204555e-17,0.0024422537541527,-4.263256414560588e-17,-1.2807532812075825e-15,0.3693446939428581,2.117515934982052,0.3047709555534917,622.2128122304196,0.0,2992.5016878589336,158.07222085110078,0.0,281.4285495192732,721.8949691805532,0.0,4238.740785379991,404.2648860369562,0.0,374.36972650027536,1275.5016606919503,0.0,1060.568846459096,2695.389203418113,942.4636478521552,0.0,0.0,0.0,1336.415867754352,0.0,0.0,0.0,0.0,0.0,1364.8803852913286,0.0,0.0,0.0,0.0,0.0,0.0,30.512313239677496,0.0,0.0
278,1.3855583347321956e-16,1.6977255813921516e-05,1.5192584717540507e-05,-4.263256414560588e-17,-1.2807532812075825e-15,0.307982368992249,1.9606139793842687,0.3003797158826164,236.2479244042328,0.0,2149.522441908066,0.0,0.0,52.49953875649617,166.96574620918454,0.0,2939.9180111483274,0.0,0.0,27.54074164275209,315.42755662714507,0.0,246.57570252026483,867.1030376585229,246.57570252026483,0.0,58.573152676121786,0.0,2186.2070841085424,46.86034266411571,0.0,20.1455126691679,0.0,0.0,2402.843741149995,177.2418372128173,0.0,80.1831183242001,0.5819719024290336,0.0,178.5562404735769,793.0746879779232,0.0,0.0
279,1.3855583347321956e-16,0.0013533298205979,-6.750155989720954e-17,-4.263256414560587e-17,-1.2807532812075825e-15,0.2749303474513537,1.835489530168544,0.3656564812616475,0.0,0.0,1141.0425753488437,0.0,0.0,0.0,0.0,0.0,1483.8078512466911,0.0,0.0,0.0,0.0,0.0,0.0,0.0,0.0,0.0,367.5303601448291,0.0,4798.287681790052,489.3346073638677,0.0,137.33141677163957,0.0,0.0,5586.552111455636,1283.4625737789647,0.0,507.0449456595295,61.95700359470508,0.0,1116.7951523674767,2573.9702777194943,0.0,0.0
280,1.3855583347321956e-16,0.0034924640531561,-6.750155989720954e-17,-4.263256414560587e-17,-1.2807532812075825e-15,0.2384595149501668,1.6906987214563594,0.4871684940654986,0.0,0.0,342.50383143739737,0.0,0.0,0.0,0.0,0.0,470.16783279147785,0.0,0.0,0.0,0.0,0.0,0.0,0.0,0.0,0.0,519.8918363174456,61.92824646900883,5963.389617111002,1331.6562274582982,0.0,279.2744421802014,98.47606405727632,0.0,7044.767247534858,2568.579553998902,0.0,895.8336563457372,375.0425754563351,0.0,1880.6040003955072,3378.825460084875,15.482061617252208,0.0
281,1.3855583347321954e-16,0.0057189098870431,-6.750155989720954e-17,-4.263256414560587e-17,-1.2807532812075825e-15,0.2373994358603401,1.455094087361113,0.7148404082346917,0.0,0.0,0.478046418649404,0.0,0.0,0.0,0.0,0.0,354.8368146718891,0.0,0.0,0.0,0.0,0.0,0.0,0.0,0.0,0.0,679.0925062578308,108.09522406138404,7603.196796253977,2462.626103632494,0.0,484.0045255659139,461.53912165842615,0.0,9162.996191490907,4331.990173176327,0.0,1499.6086522556327,871.7960013514783,0.0,3021.06540787261,4628.625439499348,225.3330045374508,0.0
282,1.3855583347321956e-16,0.0079890115215946,-6.750155989720954e-17,-4.263256414560587e-17,-1.2807532812075825e-15,0.2749325393550911,1.163074320412732,1.0974779832511263,0.0,0.0,0.0,0.0,0.0,0.0,0.0,0.0,237.03487422453588,0.0,0.0,0.0,0.0,0.0,0.0,0.0,0.0,0.0,702.6170664635473,95.7256321878644,7748.956428983707,2460.8639169201565,0.0,525.2153145208183,471.2172129372834,0.0,9250.701904337788,4310.604235697923,0.0,1646.5859748731066,941.4126054698002,0.0,3081.1941622030945,4721.176355045469,355.8899576644335,0.0
283,1.3855583347321956e-16,0.0100626620531561,-6.750155989720954e-17,-4.263256414560587e-17,-1.2807532812075825e-15,0.3012507650332228,0.8900468447740731,1.5253832466396886,0.0,0.0,0.0,0.0,0.0,0.0,0.0,0.0,112.0539654730786,0.0,0.0,0.0,0.0,0.0,0.0,0.0,0.0,0.0,1429.575339482282,873.0831530194965,7945.411600295312,2078.701668887229,0.0,926.6566468101385,637.7952321877679,0.0,8982.79467891757,3352.1955564086657,0.0,1405.0400408039604,892.4066632005994,0.0,1869.761111996948,3776.185633625169,241.98591857265447,0.0
284,1.3855583347321954e-16,0.0121717314418604,-6.750155989720954e-17,-4.263256414560587e-17,-1.2807532812075825e-15,0.3072982007502037,0.6060609076296497,2.0010728639759314,0.0,0.0,0.0,0.0,0.0,0.0,0.0,0.0,20.416045398396346,0.0,0.0,0.0,0.0,0.0,0.0,0.0,0.0,0.0,2100.468692076007,1928.9137450281007,7898.837129760374,1803.2593646777384,0.0,1102.4270220680175,771.765526635733,0.0,8545.324361646994,2606.581219917842,0.0,1245.4728895260014,820.9815046538924,0.0,1239.156107879355,3189.29188848119,68.40512428120286,0.0
285,1.3855583347321956e-16,0.0131403959999999,-6.750155989720954e-17,-4.263256414560587e-17,-1.2807532812075825e-15,0.2984041621442256,0.3320452607629378,2.5585306965823733,0.0,0.0,0.0,0.0,0.0,0.0,0.0,0.0,0.2092866094560495,0.0,0.0,0.0,0.0,0.0,0.0,0.0,0.0,0.0,2461.671135204825,2787.9350992724912,7536.206224187883,1551.0213389119858,0.0,1250.6403509349132,916.8732800690932,0.0,7960.5574239836915,2089.737864135679,0.0,1290.0848612995826,903.528062778062,0.0,1011.7518117888584,3162.950552528274,40.38155503416616,0.0
286,1.3855583347321956e-16,0.0131403959999999,-6.750155989720954e-17,-4.263256414560587e-17,-1.2807532812075825e-15,0.2802132599976563,0.1461431467375316,3.176306451320696,0.0,0.0,0.0,0.0,0.0,0.0,0.0,0.0,0.0,0.0,0.0,0.0,0.0,0.0,0.0,0.0,0.0,0.0,2470.510301917241,2807.058736970393,7309.039880619721,1470.6853491232537,0.0,1268.900068007706,1029.173702405697,0.0,7747.143831813894,2063.8324695154924,0.0,1456.8001208163444,1093.401704697344,0.0,1239.5043110912015,3486.6458737390312,128.2692125126164,0.0
287,1.3855583347321956e-16,0.0131403959999999,-6.750155989720954e-17,-4.263256414560587e-17,-1.2807532812075821e-15,0.2586449687441881,0.0660837535695096,3.771570413302326,0.0,0.0,0.0,0.0,0.0,0.0,0.0,0.0,0.0,0.0,0.0,0.0,0.0,0.0,0.0,0.0,0.0,0.0,2336.7719697800403,2469.189543543486,7103.212558607566,1450.155942725688,0.0,1223.9666067268731,1179.5958333126534,0.0,7645.6566366327215,2243.821672608472,0.0,1719.6994640319565,1378.7829311490486,0.0,1691.6975276806768,4010.92252195138,290.7161814121499,0.0
288,1.3855583347321956e-16,0.0131227657728085,-6.750155989720954e-17,-4.263256414560586e-17,-1.2807532812075821e-15,0.2278982485292631,0.0350119521328799,4.249261815060569,0.0,0.0,0.0,0.0,0.0,0.0,0.0,0.0,0.0,0.0,0.0,0.0,0.0,0.0,0.0,0.0,0.0,0.0,2076.072008553834,1712.0854534537043,6864.105810401511,1524.3619643836864,0.0,1185.5754310859431,1488.1269835584867,0.0,7663.159671888846,2635.014718579317,0.0,2157.339115150556,1825.0294727044795,0.0,2310.265474178385,4809.436311543082,578.1759833366551,0.0
289,1.3855583347321956e-16,0.0117870661794019,-6.750155989720954e-17,-4.263256414560587e-17,-1.2807532812075825e-15,0.1903416443094459,0.0113288399682588,4.604869461860198,0.0,0.0,0.0,0.0,0.0,0.0,0.0,0.0,0.0,0.0,0.0,0.0,0.0,0.0,0.0,0.0,0.0,0.0,2009.012590692544,1411.1604113227788,6770.642574508343,1553.7589184072183,0.0,1212.3763115304732,1609.251573836568,0.0,7688.25786918284,2758.2557707340825,0.0,2324.112147001362,1993.2410815927813,0.0,2529.8458840234925,5120.463277146749,696.8353917797064,0.0
290,1.3855583347321956e-16,0.0096915877475082,-6.750155989720954e-17,-4.263256414560587e-17,-1.2807532812075821e-15,0.1604688038594763,0.0022264458338768,4.808494312100376,0.0,0.0,0.0,0.0,0.0,0.0,0.0,0.0,0.0,0.0,0.0,0.0,0.0,0.0,0.0,0.0,0.0,0.0,1868.5643628828952,1257.5776219690354,6348.658231026784,1446.8278670493696,0.0,1140.617888070075,1514.3308564098932,0.0,7234.073823565363,2589.2204266026624,0.0,2218.305546456881,1898.151580201632,0.0,2445.9334750072726,4904.718228079613,739.0170442671356,0.0
291,1.3855583347321956e-16,0.0075306256146179,-6.750155989720954e-17,-4.263256414560586e-17,-1.2807532812075821e-15,0.1260322372823926,5.037207758754056e-06,4.868464049082294,0.0,0.0,0.0,0.0,0.0,0.0,0.0,0.0,0.0,0.0,0.0,0.0,0.0,0.0,0.0,0.0,0.0,0.0,1122.1309172207275,737.6773470574151,3829.177069998027,869.4453823910085,0.0,689.1704415894117,915.0341217301414,0.0,4371.1532008454105,1562.5626982216336,0.0,1350.3517515571243,1154.0668706778358,0.0,1498.6520652696397,2991.061428470425,472.9513467214665,0.0
292,1.3855583347321954e-16,0.0052386960797342,-6.750155989720954e-17,-4.263256414560587e-17,-1.2807532812075825e-15,0.0877613384451831,-1.0221157253909072e-14,4.6741246255400295,0.0,0.0,0.0,0.0,0.0,0.0,0.0,0.0,0.0,0.0,0.0,0.0,0.0,0.0,0.0,0.0,0.0,0.0,501.313300197314,329.20157047361675,1712.1425894330257,388.82444491036097,0.0,308.0233522996824,409.0537796551851,0.0,1954.7302742086945,699.1783209323835,0.0,603.9834342163174,516.1394660145352,0.0,670.8722592015796,1338.211668878556,211.6410233679632,0.0
293,1.3855583347321956e-16,0.0029685944451827,-6.750155989720954e-17,-4.263256414560587e-17,-1.2807532812075825e-15,0.0498549243588049,-1.022115725390907e-14,4.26047623103616,0.0,0.0,0.0,0.0,0.0,0.0,0.0,0.0,0.0,0.0,0.0,0.0,0.0,0.0,0.0,0.0,0.0,0.0,278.48199098355263,54.66392796523,1536.7741514809245,364.11131171454224,0.0,227.81635122580477,330.46427450912427,0.0,1831.8917910311995,803.1261948386667,0.0,618.1930329076841,503.7920593451141,0.0,895.9849884247458,1494.0679333029268,261.3845380059848,0.0
294,1.3855583347321956e-16,0.0008045140408162,-6.750155989720954e-17,-4.263256414560587e-17,-1.2807532812075825e-15,0.0212856572971737,-1.022115725390907e-14,3.784756448693478,0.0,0.0,0.0,0.0,0.0,0.0,0.0,0.0,0.0,0.0,0.0,0.0,0.0,0.0,0.0,0.0,0.0,0.0,638.1592433913673,35.66012432800904,3962.204017936779,945.7852418587728,0.0,564.5948129049093,834.896297484587,0.0,4759.011868710627,2152.397775667738,0.0,1629.286029610673,1317.8288534456324,0.0,2446.7697047082397,3988.388813799504,707.2206515322891,0.0
295,1.3855583347321956e-16,-3.1974423109204555e-17,-6.750155989720954e-17,-4.263256414560587e-17,-1.2807532812075825e-15,0.0080125202036465,-1.022115725390907e-14,3.3352657038021096,0.0,0.0,0.0,0.0,0.0,0.0,0.0,0.0,0.0,0.0,0.0,0.0,0.0,0.0,0.0,0.0,0.0,0.0,913.1062057035898,64.1931813775966,5863.060054120004,1409.5834682640088,0.0,824.6643347044934,1219.5679428202266,0.0,7041.577503165747,3207.4380535157293,0.0,2410.8463160008896,1947.097472229276,0.0,3641.150961664641,5917.489621455347,1053.9524325115688,0.0
296,1.3855583347321956e-16,-3.1974423109204555e-17,-6.750155989720954e-17,-4.263256414560587e-17,7.882223534326966e-05,0.0020871086344453,-1.022115725390907e-14,2.7917975662711463,0.0,0.0,0.0,0.0,0.0,0.0,0.0,0.0,0.0,0.0,0.0,0.0,0.0,0.0,0.0,0.0,0.0,0.0,984.4887809694552,108.24964479031117,6815.342032603674,1723.582755475383,0.0,912.6803895453628,1300.815093774438,0.0,8062.34672560229,3706.112542282569,0.0,2676.4456117040163,2162.774806902624,0.0,3997.5373166556874,6584.351250145578,1189.4583261974929,0.0
297,1.3855583347321956e-16,-3.1974423109204555e-17,-6.750155989720954e-17,-4.263256414560587e-17,0.0185919918546329,0.00326998252763,0.0018951357933317,2.170651888338199,0.0,0.0,0.0,0.0,0.0,0.0,0.0,0.0,0.0,0.0,0.0,0.0,0.0,0.0,0.0,0.0,0.0,0.0,948.0608854087928,135.4827297568066,6660.002003184952,1753.2449134821547,0.0,843.5567694495339,1164.626361561932,0.0,7747.908638565945,3559.6921863167063,0.0,2399.141253615434,1955.1975377413085,0.0,3509.914905586622,5918.14039995411,1044.6824228717785,0.0
298,1.3855583347321956e-16,-3.1974423109204555e-17,-6.750155989720954e-17,-4.263256414560587e-17,0.0625324041328891,0.0228015070564794,0.0412169929784968,1.7307150370308555,0.0,0.0,0.0,0.0,0.0,0.0,0.0,0.0,0.0,0.0,0.0,0.0,0.0,0.0,0.0,0.0,0.0,0.0,616.5978050755645,93.3103195266929,4331.570933136558,1148.539413229682,0.0,542.3643492140161,744.2138893588625,0.0,5022.402194073671,2306.291385027665,0.0,1530.1481132726494,1249.7680652550046,0.0,2227.760877154866,3776.936526149917,662.0127730559407,0.0
299,1.3855583347321954e-16,-3.1974423109204555e-17,-6.750155989720954e-17,-4.263256414560587e-17,0.1116402377142844,0.0479645458205989,0.1328753733996011,1.380459173194764,0.0,0.0,0.0,0.0,0.0,0.0,0.0,0.0,18.27951621134202,0.0,0.0,0.0,0.0,0.0,0.0,0.0,0.0,0.0,320.7877396389053,49.15068214545094,2253.445023438566,597.3468364493536,0.0,282.0702174633939,387.0925900657562,0.0,2612.763681702841,1199.5082580825942,0.0,795.8464427194558,650.0306253256155,0.0,1158.6761640497352,1964.5790034857796,344.32248380124184,0.0
300,1.3855583347321956e-16,5.545110378734345e-05,-6.750155989720954e-17,-4.263256414560587e-17,0.1612295206445168,0.0762697479037882,0.2839239177775313,1.1144587220539623,5.551797977595465,0.0,11.939060699392186,0.0,0.0,0.0,0.0,0.0,243.1434878448011,0.0,0.0,0.0,0.0,0.0,0.0,0.0,0.0,0.0,107.9900935547068,15.846108193711329,765.4252386649833,192.31902623295164,0.0,90.79952854021658,124.64386099700764,0.0,880.7181055437712,386.17914678342487,0.0,256.20367612956755,209.3006776079947,0.0,373.02587081376697,644.3861338816299,110.88225832306487,0.0
301,0.0011400478963456,0.0014282860066444,-6.750155989720954e-17,-4.263256414560588e-17,0.2121442376132874,0.1576898039920275,0.4817430050259033,0.9648362098338964,152.44076982863683,4.401595692112088,376.8654770956443,0.0,0.0,2.2411054989142136,1.338214074891221,0.0,864.5643595641018,0.0,0.0,0.6610455068739767,8.400114855642483,0.0,1.1447373411720083,80.2295609932431,2.5958128440661032,0.0,80.13923216946195,0.2969928101633344,681.2617349495333,3.597751054096328,0.0,1.6845292060326962,2.3292122682205343,0.0,677.7488825044444,7.195502108192655,0.0,4.786899756080016,3.894743864259663,0.0,6.947811856168151,211.07737840115848,2.081522016196031,0.0
302,0.007199912332226,0.0034866981926909,-6.750155989720954e-17,-4.263256414560587e-17,0.2735926278598366,0.2710703047980957,0.7520695124425402,0.9146557120799916,742.9500112509631,237.4473858378657,1848.0164805928875,15.70981234508886,0.0,98.1327164882208,81.37081047523547,0.0,2679.669064784412,34.676537005622976,0.0,69.03885981222041,358.37021675377207,0.0,117.1766648849188,1066.5269633734545,147.406565985051,0.0,242.5953521263633,0.1420511176445021,2069.9283153928814,2.1080421302627306,0.0,0.9943578235115148,1.3593017510626062,0.0,2053.811737770241,4.216390044165432,0.0,2.7997509780272702,2.2500932479072326,0.0,4.07433892652093,622.2844501577689,1.217250633418104,0.0
303,0.0140958814485051,0.0056711356146179,-6.750155989720954e-17,-4.263256414560587e-17,0.3546675254680464,0.3905424347172185,1.083667326160631,0.9676819876826328,1203.7333333333331,690.2745098039215,2788.0666666666666,81.91372549019609,0.0,232.75686274509803,257.7294117647059,0.0,3803.0,180.81176470588235,0.0,277.70980392156866,823.1333333333334,0.0,468.5058823529412,2045.847058823529,445.53333333333336,0.0,378.4867766999263,0.0606389760861968,3231.303803274705,0.8489456652067551,0.0,0.4244728326033775,0.5457507847757712,0.0,3204.6009602740214,1.7333307856998628,0.0,1.1269410248378948,0.909584641292952,0.0,1.672691809613666,966.1873527714192,0.4851118086895744,0.0
304,0.0207929283787376,0.0077925604186046,-6.750155989720954e-17,-4.263256414560587e-17,0.4213818500531554,0.518841365800666,1.430717502950421,1.0843882770785462,1198.6582503810212,701.8027897295447,2559.873179177764,145.7215732472313,0.0,306.52218943312226,325.01737180482115,0.0,3487.949776000698,270.63422895867626,0.0,335.9730393441727,860.490688464423,0.0,548.3708820204001,2034.2991308956864,508.4832736946757,0.0,426.58422167968126,0.0,3943.439918916335,0.0,0.0,0.0,0.0,0.0,3885.577391324303,0.0,0.0,0.0,0.0,0.0,0.0,1087.247497204781,0.0,0.0
305,0.0272247457275749,0.009829968398671,-6.750155989720954e-17,-4.263256414560587e-17,0.4820646485182719,0.6503940026312316,1.7966946621146418,1.2186155381491572,1273.0194725004662,752.5704036727981,2609.88586052454,187.0119729042977,0.0,363.0966879959312,379.5630151747055,0.0,3554.039571964397,332.9256256173604,0.0,386.66556001424095,934.4081503487328,0.0,623.5154462592185,2159.026556772061,572.5875879467661,0.0,400.9415374891922,0.0,3894.001693040604,0.0,0.0,0.0,0.0,0.0,3822.665890704416,0.0,0.0,0.0,0.0,0.0,0.0,1021.8912491514792,0.0,0.0
306,0.0338554852624586,0.0118947214770889,-6.750155989720954e-17,-4.263256414560587e-17,0.5445320274215506,0.7839997598001662,2.366418577442727,1.3180359940412545,2329.2841484642945,1516.4919876119477,3471.9847956228086,788.5281113411644,0.0,1240.9810471643073,1330.0939954728926,0.0,4889.477986787528,1276.4028297770974,0.0,1403.5016808856035,2371.939485786916,0.0,2168.0606710403104,4938.021513690044,1886.32170957757,0.0,1.8720989611365944,0.0,2790.7613369630644,0.0,0.0,0.0,0.0,0.0,2542.763907216634,0.0,0.0,0.0,0.0,0.0,0.0,4.771472564083292,0.0,0.0
307,0.0394260313227908,0.012644532,-6.750155989720954e-17,-4.263256414560587e-17,0.5847126314639199,0.8604580221233249,3.292652590213144,1.3450792037501735,1004.87152185096,881.105432742254,2182.9361764599566,414.1276891252308,0.0,1029.5518068109238,1615.098207780003,0.0,4103.674116992642,941.0028826149712,0.0,2324.350252920693,3231.215182154953,0.0,3649.772697077985,7756.45561025414,3120.8590336741954,0.0,0.0,0.0,2494.2066226026222,0.0,0.0,0.0,0.0,0.0,2290.211049690125,0.0,0.0,0.0,0.0,0.0,0.0,0.0,0.0,0.0
308,0.0399170520000001,0.012644532,-6.750155989720954e-17,-4.263256414560588e-17,0.5884355121142857,0.8839797180996689,4.383415080948825,1.3252845471654586,868.3679694596109,598.0846426550378,1769.6930456761795,23.99931951592041,0.0,956.6798623056344,1298.9459853454966,0.0,3250.119324860842,734.8929301698931,0.0,1858.3805700087576,2547.1850832352093,0.0,2695.62255991337,5895.744672821946,2405.2106249725466,0.0,0.0,0.0,2276.666334049098,0.0,0.0,0.0,0.0,0.0,2114.294779579346,0.0,0.0,0.0,0.0,0.0,0.0,0.0,0.0,0.0
309,0.0399170520000001,0.012644532,-6.750155989720954e-17,-4.263256414560587e-17,0.5586512648559703,0.9016999677537616,5.564686331012688,1.2899445697932503,645.7311077451567,433.6098776230742,1301.344714558973,0.0,0.0,708.5634236819504,947.899368957516,0.0,2376.6091609383056,537.5949462988234,0.0,1352.6290299521954,1853.8468518496368,0.0,1947.0457984062937,4272.350992130475,1744.6977876089031,0.0,0.0,0.0,1997.7360552063856,0.0,0.0,0.0,0.0,0.0,1814.6227466316095,0.0,0.0,0.0,0.0,0.0,0.0,0.0,0.0,0.0
310,0.0399170520000001,0.0126154492532583,-6.750155989720954e-17,-4.263256414560586e-17,0.5090632901461775,0.8918145562149233,6.790312653706858,1.1935291562100805,382.186724637508,256.6763088595711,770.2548168150053,0.0,0.0,419.3854972014069,561.0847319373293,0.0,1406.7356478394515,318.19663092770645,0.0,800.6390876127812,1097.2814660628778,0.0,1152.466165503401,2528.8175425450763,1032.7062777990825,0.0,0.0,0.0,1782.86038410201,0.0,0.0,0.0,0.0,0.0,1571.645066703627,0.0,0.0,0.0,0.0,0.0,0.0,0.0,0.0,0.0
311,0.038513293780731,0.0111532333754152,-6.750155989720953e-17,-4.263256414560588e-17,0.452413161946841,0.8037387090897001,7.958412374671078,1.0359530954905949,1839.9158665058585,1276.32432384536,1183.5750552564773,0.0,0.0,1016.977220801942,911.1088268167332,0.0,1820.51814835886,148.4896485626096,0.0,655.8662248899166,1070.0418397444505,0.0,633.7353331032735,1916.9877135637475,833.5585716888978,0.0,0.0,0.0,1734.9652322103811,0.0,0.0,0.0,0.0,0.0,1501.8681266401838,0.0,0.0,0.0,0.0,0.0,0.0,0.0,0.0,0.0
